relevance_score,search_criteria,provider,title,company,location,work_location_type,employment_type,matching_skills,missing_skills,detected_languages,matched_roles,salary_hint,posted_at_relative,link,scraped_at
29,Testingenieur | USA,linkedin,Entry Level Test Engineer,NXP Semiconductors,"Austin, TX",On-site,Full-time,,,English,,,Recent,https://www.linkedin.com/jobs/view/entry-level-test-engineer-at-nxp-semiconductors-4383792747,2026-03-13T10:36:03.941072+00:00
29,Python Developer | USA,linkedin,Software Engineer - Early Career (Backend/Data),Apple,"New York, NY",On-site,Full-time,,,English,,,Recent,https://www.linkedin.com/jobs/view/software-engineer-early-career-backend-data-at-apple-4383252766,2026-03-13T10:36:46.915300+00:00
29,Firmware Engineer | Remote,linkedin,Embedded Engineer,Intellias,Germany,Remote,Full-time,,,English,,,Recent,https://de.linkedin.com/jobs/view/embedded-engineer-at-intellias-4383707882,2026-03-13T10:37:20.348291+00:00
14,Tester | Germany,linkedin,Game QA Tester,welevel,"Munich, Bavaria, Germany",On-site,Internship,,"Lead, Regression Testing, Senior",English,"Lead, Senior",,Recent,https://de.linkedin.com/jobs/view/game-qa-tester-at-welevel-4371993029,2026-03-13T10:34:43.206157+00:00
14,Tester | Austria,linkedin,Senior Software Engineer in Test (Full-Stack/Python),Mindrift,Austria,On-site,Full-time,Python,Senior,English,Senior,,Recent,https://at.linkedin.com/jobs/view/senior-software-engineer-in-test-full-stack-python-at-mindrift-4385318008,2026-03-13T10:34:45.594134+00:00
14,Tester | Austria,linkedin,Quality Assurance Specialist (Software Tester) (m/f/d) - Freelancer,Roche,"Vienna, Vienna, Austria",On-site,Contract,,Freelancer,English,Freelancer,,Recent,https://at.linkedin.com/jobs/view/quality-assurance-specialist-software-tester-m-f-d-freelancer-at-roche-4375047176,2026-03-13T10:34:45.594313+00:00
14,Tester | Austria,linkedin,Senior Software Tester*in (m/w/d),Value Dimensions Management Services GmbH,"Vienna, Vienna, Austria",On-site,Full-time,,Senior,English,Senior,,Recent,https://at.linkedin.com/jobs/view/senior-software-tester-in-m-w-d-at-value-dimensions-management-services-gmbh-4379556072,2026-03-13T10:34:45.594627+00:00
14,Tester | Austria,linkedin,Senior Semiconductors Test Engineer - (ONSITE in Switzerland),Gramian Consulting,Austria,On-site,Full-time,,Senior,English,Senior,,Recent,https://at.linkedin.com/jobs/view/senior-semiconductors-test-engineer-onsite-in-switzerland-at-gramian-consulting-4382187810,2026-03-13T10:34:45.594784+00:00
14,Tester | Switzerland,linkedin,Senior Test Engineer,H55,"Sion, Valais, Switzerland",On-site,Full-time,,Senior,English,Senior,,Recent,https://ch.linkedin.com/jobs/view/senior-test-engineer-at-h55-4375428762,2026-03-13T10:34:47.914400+00:00
14,Tester | Switzerland,linkedin,Testmanager 80-100%,Allgeier IT-Consulting AG,"Bern, Berne, Switzerland",Remote,Full-time,,,English,Test Manager,,Recent,https://ch.linkedin.com/jobs/view/testmanager-80-100%25-at-allgeier-it-consulting-ag-4383000612,2026-03-13T10:34:47.915385+00:00
14,Tester | Remote,linkedin,Senior Software Engineer in Test (Full-Stack/Python),Mindrift,"Berlin, Berlin, Germany",Remote,Full-time,Python,Senior,English,Senior,,Recent,https://de.linkedin.com/jobs/view/senior-software-engineer-in-test-full-stack-python-at-mindrift-4385195928,2026-03-13T10:34:50.265074+00:00
14,Tester | Remote,linkedin,Senior Software Engineer in Test (Full-Stack/Python),Mindrift,"Hamburg, Hamburg, Germany",Remote,Full-time,Python,Senior,English,Senior,,Recent,https://de.linkedin.com/jobs/view/senior-software-engineer-in-test-full-stack-python-at-mindrift-4385195931,2026-03-13T10:34:50.265250+00:00
14,Tester | Remote,linkedin,Senior Software Engineer in Test (Full-Stack/Python),Mindrift,"Frankfurt am Main, Hesse, Germany",Remote,Full-time,Python,Senior,English,Senior,,Recent,https://de.linkedin.com/jobs/view/senior-software-engineer-in-test-full-stack-python-at-mindrift-4385199876,2026-03-13T10:34:50.265566+00:00
14,Tester | Remote,linkedin,Senior Software Engineer in Test (Full-Stack/Python),Mindrift,"Stuttgart, Baden-Württemberg, Germany",Remote,Full-time,Python,Senior,English,Senior,,Recent,https://de.linkedin.com/jobs/view/senior-software-engineer-in-test-full-stack-python-at-mindrift-4385307288,2026-03-13T10:34:50.265886+00:00
14,Tester | Remote,linkedin,Senior Software Engineer in Test (Full-Stack/Python),Mindrift,Germany,Remote,Full-time,Python,Senior,English,Senior,,Recent,https://de.linkedin.com/jobs/view/senior-software-engineer-in-test-full-stack-python-at-mindrift-4385304449,2026-03-13T10:34:50.266062+00:00
14,Tester | Remote,linkedin,Senior Software Engineer in Test (Full-Stack/Python),Mindrift,"Munich, Bavaria, Germany",Remote,Full-time,Python,Senior,English,Senior,,Recent,https://de.linkedin.com/jobs/view/senior-software-engineer-in-test-full-stack-python-at-mindrift-4385196910,2026-03-13T10:34:50.266265+00:00
14,Tester | Slovakia,linkedin,Senior Software Engineer in Test,Filevine,"Bratislava, Bratislava, Slovakia",On-site,Full-time,,Senior,English,Senior,,Recent,https://sk.linkedin.com/jobs/view/senior-software-engineer-in-test-at-filevine-4380694723,2026-03-13T10:34:52.659770+00:00
14,Tester | Czech Republic,linkedin,Senior Industrialization Test Engineer,Eaton,"Santo Domingo, Distrito Nacional, Dominican Republic",On-site,Full-time,,Senior,English,Senior,,Recent,https://do.linkedin.com/jobs/view/senior-industrialization-test-engineer-at-eaton-4356700885,2026-03-13T10:34:54.979041+00:00
14,QA Engineer | Austria,linkedin,Senior Test Automation Engineer (m/f/d),Deutsche Telekom,"Fünfkirchen, Lower Austria, Austria",On-site,Full-time,Test Automation,Senior,English,Senior,,Recent,https://at.linkedin.com/jobs/view/senior-test-automation-engineer-m-f-d-at-deutsche-telekom-4376801923,2026-03-13T10:35:06.821425+00:00
14,QA Engineer | Slovakia,linkedin,Expert Quality Assurance (QA) Engineer,Qualco Group,"Bratislava, Bratislava, Slovakia",On-site,Full-time,,Expert,English,Expert,,Recent,https://sk.linkedin.com/jobs/view/expert-quality-assurance-qa-engineer-at-qualco-group-4381409824,2026-03-13T10:35:13.851807+00:00
14,QA Engineer | Slovakia,linkedin,"Senior QA Engineer, IMF",Bloomreach,Slovakia,On-site,Full-time,,Senior,English,Senior,,Recent,https://sk.linkedin.com/jobs/view/senior-qa-engineer-imf-at-bloomreach-4383319917,2026-03-13T10:35:13.852656+00:00
14,QA Engineer | Slovakia,linkedin,Manual QA Engineer (Middle/Senior) ID48059,AgileEngine,"Bratislava, Bratislava, Slovakia",On-site,Full-time,,Senior,English,Senior,,Recent,https://sk.linkedin.com/jobs/view/manual-qa-engineer-middle-senior-id48059-at-agileengine-4376735337,2026-03-13T10:35:13.852807+00:00
14,QA Engineer | Slovakia,linkedin,Manual QA Engineer (Middle/Senior) ID48059,AgileEngine,"Trenčín, Trenciansky, Slovakia",On-site,Full-time,,Senior,English,Senior,,Recent,https://sk.linkedin.com/jobs/view/manual-qa-engineer-middle-senior-id48059-at-agileengine-4376400820,2026-03-13T10:35:13.852963+00:00
14,QA Engineer | Slovakia,linkedin,Manual QA Engineer (Middle/Senior) ID48059,AgileEngine,"Parovské Háje, Nitra Region, Slovakia",On-site,Full-time,,Senior,English,Senior,,Recent,https://sk.linkedin.com/jobs/view/manual-qa-engineer-middle-senior-id48059-at-agileengine-4379509237,2026-03-13T10:35:13.853124+00:00
14,QA Engineer | Poland,linkedin,Senior QA Engineer,Pismo,"Warsaw, Mazowieckie, Poland",On-site,Full-time,,Senior,English,Senior,,Recent,https://pl.linkedin.com/jobs/view/senior-qa-engineer-at-pismo-4379468216,2026-03-13T10:35:18.613673+00:00
14,QA Engineer | United Kingdom,linkedin,Senior QA Engineer,White Rose Education,"Leeds, England, United Kingdom",On-site,Full-time,,Senior,English,Senior,,Recent,https://uk.linkedin.com/jobs/view/senior-qa-engineer-at-white-rose-education-4383701609,2026-03-13T10:35:23.368684+00:00
14,QA Engineer | United Kingdom,linkedin,Senior QA Engineer,MILE,"London, England, United Kingdom",On-site,Full-time,,Senior,English,Senior,,Recent,https://uk.linkedin.com/jobs/view/senior-qa-engineer-at-mile-4385321758,2026-03-13T10:35:23.369150+00:00
14,QA Engineer | United Kingdom,linkedin,Senior QA Engineer,MILE,"Sheffield, England, United Kingdom",On-site,Full-time,,Senior,English,Senior,,Recent,https://uk.linkedin.com/jobs/view/senior-qa-engineer-at-mile-4385333171,2026-03-13T10:35:23.369483+00:00
14,QA Engineer | United Kingdom,linkedin,Senior QA Engineer,Anaplan,"Manchester, England, United Kingdom",On-site,Full-time,,Senior,English,Senior,,Recent,https://uk.linkedin.com/jobs/view/senior-qa-engineer-at-anaplan-4380285167,2026-03-13T10:35:23.369781+00:00
14,Test Engineer | USA,linkedin,Software Test Engineer | Remote,Crossing Hurdles,United States,Remote,Contract,,Expert,English,Expert,,Recent,https://www.linkedin.com/jobs/view/software-test-engineer-remote-at-crossing-hurdles-4382292962,2026-03-13T10:35:42.547589+00:00
14,Testingenieur | Austria,linkedin,TESTMANAGER:IN (W/M/X),IT-Services der Sozialversicherung GmbH,"Vienna, Vienna, Austria",On-site,Full-time,,,German,Test Manager,,Recent,https://at.linkedin.com/jobs/view/testmanager-in-w-m-x-at-it-services-der-sozialversicherung-gmbh-4384549450,2026-03-13T10:35:49.680394+00:00
14,Testingenieur | Austria,linkedin,Test Manager (m/f/d),Deutsche Telekom,"Fünfkirchen, Lower Austria, Austria",On-site,Full-time,,,English,Test Manager,,Recent,https://at.linkedin.com/jobs/view/test-manager-m-f-d-at-deutsche-telekom-4376822062,2026-03-13T10:35:49.680547+00:00
14,Testingenieur | Switzerland,linkedin,Testmanager:in,Hays,"Bern, Berne, Switzerland",On-site,Full-time,,,English,Test Manager,,Recent,https://ch.linkedin.com/jobs/view/testmanager-in-at-hays-4385328382,2026-03-13T10:35:52.048488+00:00
14,Testingenieur | Poland,linkedin,"Test Manager (He/She) - Warszawa (Mazowieckie), Polska",Astek,"Warsaw, Mazowieckie, Poland",On-site,Full-time,,,English,Test Manager,,Recent,https://pl.linkedin.com/jobs/view/test-manager-he-she-warszawa-mazowieckie-polska-at-astek-4383025875,2026-03-13T10:36:01.436776+00:00
14,Testingenieur | USA,linkedin,Mechanical Test Engineer (Entry-Level),IRPI,"Wilsonville, OR",On-site,Contract,"Can, Go, Python","Senior, Entry-Level, Matlab",English,Senior,,Recent,https://www.linkedin.com/jobs/view/mechanical-test-engineer-entry-level-at-irpi-4383848129,2026-03-13T10:36:03.940902+00:00
14,Testingenieur | United Kingdom,linkedin,Senior Test Engineer,BSI,"Hemel Hempstead, England, United Kingdom",On-site,Full-time,,Senior,English,Senior,,Recent,https://uk.linkedin.com/jobs/view/senior-test-engineer-at-bsi-4366543025,2026-03-13T10:36:06.360807+00:00
14,Test Automation | Germany,linkedin,Senior Quality Assurance Engineer,SGI,"Berlin, Germany",On-site,Full-time,,Senior,English,Senior,,Recent,https://de.linkedin.com/jobs/view/senior-quality-assurance-engineer-at-sgi-4363260868,2026-03-13T10:36:08.739078+00:00
14,Test Automation | Germany,linkedin,Senior Quality Engineer,GLS/NXT,"Berlin, Berlin, Germany",On-site,Full-time,,Senior,English,Senior,,Recent,https://de.linkedin.com/jobs/view/senior-quality-engineer-at-gls-nxt-4381213320,2026-03-13T10:36:08.739423+00:00
14,Test Automation | Austria,linkedin,Senior Software Tester / Test Lead (m/w/d),Evolit GmbH,"Vienna, Vienna, Austria",On-site,Full-time,,"Lead, Senior",English,"Lead, Senior",,Recent,https://at.linkedin.com/jobs/view/senior-software-tester-test-lead-m-w-d-at-evolit-gmbh-4384548446,2026-03-13T10:36:11.134374+00:00
14,Test Automation | Austria,linkedin,Senior Test Automation Engineer,AVILOO Battery Diagnostics,"Laxenburg, Lower Austria, Austria",On-site,Full-time,Test Automation,Senior,English,Senior,,Recent,https://at.linkedin.com/jobs/view/senior-test-automation-engineer-at-aviloo-battery-diagnostics-4378165473,2026-03-13T10:36:11.134838+00:00
14,Test Automation | Switzerland,linkedin,Senior Test Automation Engineer / QA Lead (m/w/d),PEAX AG,"Lucerne, Lucerne, Switzerland",On-site,Full-time,Test Automation,"Lead, Senior",English,"Lead, QA Lead, Senior",,Recent,https://ch.linkedin.com/jobs/view/senior-test-automation-engineer-qa-lead-m-w-d-at-peax-ag-4372369646,2026-03-13T10:36:13.476142+00:00
14,Test Automation | Switzerland,linkedin,Senior Quality Analyst,RBW Consulting,"Lachen, Schwyz, Switzerland",On-site,Full-time,,Senior,English,Senior,,Recent,https://ch.linkedin.com/jobs/view/senior-quality-analyst-at-rbw-consulting-4353430000,2026-03-13T10:36:13.476368+00:00
14,Test Automation | Switzerland,linkedin,Senior Quality Manager,Destinus,"Zurich, Zurich, Switzerland",On-site,Full-time,,Senior,English,Senior,,Recent,https://ch.linkedin.com/jobs/view/senior-quality-manager-at-destinus-4372103195,2026-03-13T10:36:13.477322+00:00
14,Test Automation | Slovakia,linkedin,ČSOB Test Manager (M/Ž),ČSOB Finančná skupina,"Bratislava, Slovakia",On-site,Full-time,,,English,Test Manager,,Recent,https://sk.linkedin.com/jobs/view/%C4%8Dsob-test-manager-m-%C5%BE-at-%C4%8Dsob-finan%C4%8Dn%C3%A1-skupina-4327891724,2026-03-13T10:36:18.209187+00:00
14,Test Automation | Czech Republic,linkedin,QA Lead,Powdevs,Dominican Republic,On-site,Full-time,,Lead,English,"Lead, QA Lead",,Recent,https://do.linkedin.com/jobs/view/qa-lead-at-powdevs-4383781317,2026-03-13T10:36:20.558088+00:00
14,Test Automation | USA,linkedin,QA Lead,The Value Maximizer,"New York, NY",On-site,Full-time,,Lead,English,"Lead, QA Lead",,Recent,https://www.linkedin.com/jobs/view/qa-lead-at-the-value-maximizer-4384372339,2026-03-13T10:36:25.471964+00:00
14,Test Automation | United Kingdom,linkedin,Testing Lead,Deloitte,"Glasgow, Scotland, United Kingdom",On-site,Full-time,,Lead,English,Lead,,Recent,https://uk.linkedin.com/jobs/view/testing-lead-at-deloitte-4383546538,2026-03-13T10:36:27.902751+00:00
14,Test Automation | United Kingdom,linkedin,Senior Quality Assurance Tester,Dlala Studios,"Witham, England, United Kingdom",On-site,Full-time,,Senior,English,Senior,,Recent,https://uk.linkedin.com/jobs/view/senior-quality-assurance-tester-at-dlala-studios-4378767706,2026-03-13T10:36:27.902901+00:00
14,Test Automation | United Kingdom,linkedin,"Senior Automation Tester - Flutter, Agentic AI & API Systems",DeliveryApp,"Manchester, England, United Kingdom",On-site,Full-time,,Senior,English,Senior,,Recent,https://uk.linkedin.com/jobs/view/senior-automation-tester-flutter-agentic-ai-api-systems-at-deliveryapp-4378790054,2026-03-13T10:36:27.903541+00:00
14,Python Developer | Germany,linkedin,Senior Python Developer,Hays,"Munich, Bavaria, Germany",On-site,Full-time,Python,Senior,English,Senior,,Recent,https://de.linkedin.com/jobs/view/senior-python-developer-at-hays-4383711338,2026-03-13T10:36:30.294524+00:00
14,Python Developer | Switzerland,linkedin,Senior Back-End Engineer (Python),ZYTLYN Technologies,"Geneva, Geneva, Switzerland",On-site,Full-time,Python,Senior,English,Senior,,Recent,https://ch.linkedin.com/jobs/view/senior-back-end-engineer-python-at-zytlyn-technologies-4373925817,2026-03-13T10:36:34.966511+00:00
14,Python Developer | Slovakia,linkedin,Senior Python Software Engineer,Bloomreach,Slovakia,On-site,Full-time,Python,Senior,English,Senior,,Recent,https://sk.linkedin.com/jobs/view/senior-python-software-engineer-at-bloomreach-4365530614,2026-03-13T10:36:39.703601+00:00
14,Python Test | Germany,linkedin,Senior QA Engineer (f/m/x),Enpal,"Berlin, Berlin, Germany",On-site,Full-time,,Senior,English,Senior,,Recent,https://de.linkedin.com/jobs/view/senior-qa-engineer-f-m-x-at-enpal-4381842990,2026-03-13T10:36:51.669729+00:00
14,Python Test | Switzerland,linkedin,Team Lead Quality Assurance (m/w/d) 80-100%,selekt,Lucerne Metropolitan Area,Remote,Full-time,,"Team Lead, Lead",English,Lead,,Recent,https://ch.linkedin.com/jobs/view/team-lead-quality-assurance-m-w-d-80-100%25-at-selekt-4385341340,2026-03-13T10:36:56.363100+00:00
14,Python Test | Slovakia,linkedin,Senior Automation QA Engineer / SDET (Python),Binance,"Bratislava, Bratislava, Slovakia",On-site,Full-time,Python,Senior,English,Senior,,Recent,https://sk.linkedin.com/jobs/view/senior-automation-qa-engineer-sdet-python-at-binance-4251138358,2026-03-13T10:37:01.056133+00:00
14,Python Test | Poland,linkedin,Senior Software Engineer in Test (Full-Stack/Python),Mindrift,Poland,On-site,Full-time,Python,Senior,English,Senior,,Recent,https://pl.linkedin.com/jobs/view/senior-software-engineer-in-test-full-stack-python-at-mindrift-4385316019,2026-03-13T10:37:05.840331+00:00
14,Python Test | Poland,linkedin,Senior QA Automation Engineer,Coforge,"Cracow, Małopolskie, Poland",On-site,Full-time,,Senior,English,Senior,,Recent,https://pl.linkedin.com/jobs/view/senior-qa-automation-engineer-at-coforge-4383940408,2026-03-13T10:37:05.840654+00:00
14,Python Test | United Kingdom,linkedin,Senior Software Engineer in Test (Full-Stack/Python),Mindrift,"Glasgow, Scotland, United Kingdom",On-site,Full-time,Python,Senior,English,Senior,,Recent,https://uk.linkedin.com/jobs/view/senior-software-engineer-in-test-full-stack-python-at-mindrift-4385311160,2026-03-13T10:37:10.849515+00:00
14,Python Test | United Kingdom,linkedin,Senior Software Engineer in Test (Full-Stack/Python),Mindrift,"Birmingham, England, United Kingdom",On-site,Full-time,Python,Senior,English,Senior,,Recent,https://uk.linkedin.com/jobs/view/senior-software-engineer-in-test-full-stack-python-at-mindrift-4385301654,2026-03-13T10:37:10.849766+00:00
14,Firmware Engineer | Germany,linkedin,Senior Software Engineer - Nvidia Platform,Autobrains Technologies,"Munich, Bavaria, Germany",On-site,Full-time,,Senior,English,Senior,,Recent,https://de.linkedin.com/jobs/view/senior-software-engineer-nvidia-platform-at-autobrains-technologies-4380448307,2026-03-13T10:37:13.218842+00:00
14,Firmware Engineer | Austria,linkedin,Software Engineer: Tech Lead (f/m/d),CELUM,"Vienna, Vienna, Austria",On-site,Full-time,,"Tech Lead, Lead",English,Lead,,Recent,https://at.linkedin.com/jobs/view/software-engineer-tech-lead-f-m-d-at-celum-4382999356,2026-03-13T10:37:15.567408+00:00
14,Firmware Engineer | Switzerland,linkedin,Senior Software Engineer C++ (m/f/d) - 865145/1,Hays,"Risch-Rotkreuz, Zug, Switzerland",On-site,Full-time,"C, C++",Senior,English,Senior,,Recent,https://ch.linkedin.com/jobs/view/senior-software-engineer-c%2B%2B-m-f-d-865145-1-at-hays-4382105053,2026-03-13T10:37:17.969991+00:00
14,Firmware Engineer | Switzerland,linkedin,"Senior Software Engineer, Capture",Advertima,"Zurich, Zurich, Switzerland",On-site,Full-time,,Senior,English,Senior,,Recent,https://ch.linkedin.com/jobs/view/senior-software-engineer-capture-at-advertima-4381748584,2026-03-13T10:37:17.970153+00:00
14,Firmware Engineer | Switzerland,linkedin,Senior Software Engineer,Ripple,"Geneva, Geneva, Switzerland",On-site,Full-time,,Senior,English,Senior,,Recent,https://ch.linkedin.com/jobs/view/senior-software-engineer-at-ripple-4377610063,2026-03-13T10:37:17.970474+00:00
14,Firmware Engineer | Remote,linkedin,Senior Software Engineer,MLabs,Germany,Remote,Full-time,,Senior,English,Senior,,Recent,https://de.linkedin.com/jobs/view/senior-software-engineer-at-mlabs-4381475840,2026-03-13T10:37:20.348616+00:00
14,Firmware Engineer | Remote,linkedin,Senior Embedded Engineer (m/w/d),QAVION GROUP,Germany,Remote,Full-time,,Senior,English,Senior,,Recent,https://de.linkedin.com/jobs/view/senior-embedded-engineer-m-w-d-at-qavion-group-4364577288,2026-03-13T10:37:20.349264+00:00
14,Firmware Engineer | Remote,linkedin,Principal Software Engineer - EU,MLabs,Germany,Remote,Full-time,,Principal,English,Principal,,Recent,https://de.linkedin.com/jobs/view/principal-software-engineer-eu-at-mlabs-4383721929,2026-03-13T10:37:20.349417+00:00
14,Firmware Engineer | Slovakia,linkedin,Software Engineer (Mid-Senior Level),Innovatrics,"Bratislava, Slovakia",On-site,Full-time,,Senior,English,Senior,,Recent,https://sk.linkedin.com/jobs/view/software-engineer-mid-senior-level-at-innovatrics-4375210171,2026-03-13T10:37:22.701317+00:00
14,Firmware Engineer | United Kingdom,linkedin,Embedded Software Engineer,Purposeology,"City Of London, England, United Kingdom",Hybrid,Internship,"C, C++, Firmware, Rtos","Senior, Linux",English,Senior,,Recent,https://uk.linkedin.com/jobs/view/embedded-software-engineer-at-purposeology-4378658539,2026-03-13T10:37:32.314716+00:00
14,Firmware Engineer | United Kingdom,linkedin,Senior Software Engineer,Bauer Media Outdoor UK,"London, England, United Kingdom",On-site,Full-time,,Senior,English,Senior,,Recent,https://uk.linkedin.com/jobs/view/senior-software-engineer-at-bauer-media-outdoor-uk-4384857883,2026-03-13T10:37:32.315816+00:00
0,Tester | Germany,linkedin,Software Engineer in Test (Berlin),Cresta,"Berlin, Berlin, Germany",On-site,Contract,"Can, Ci/Cd, Go, Playwright, Typescript","Cypress, Manual Testing, Datadog, Grafana",English,,,Recent,https://de.linkedin.com/jobs/view/software-engineer-in-test-berlin-at-cresta-4343158227,2026-03-13T10:34:43.205452+00:00
0,Tester | Germany,linkedin,Junior Software QA Tester,Recare,Germany,Remote,Contract,Can,"Agile, Jira, Manual Testing, Working Student, Junior, Postman",English,,,Recent,https://de.linkedin.com/jobs/view/junior-software-qa-tester-at-recare-4381610592,2026-03-13T10:34:43.205662+00:00
0,Tester | Germany,linkedin,Test Engineer,Netcom Engineering S.p.A. SB,"Ingolstadt, Bavaria, Germany",On-site,Contract,"Can, Python",Canoe,English,,,Recent,https://de.linkedin.com/jobs/view/test-engineer-at-netcom-engineering-s-p-a-sb-4373553619,2026-03-13T10:34:43.205837+00:00
0,Tester | Germany,linkedin,Software Test Engineer (m/w/d),LACROIX,"Cologne, North Rhine-Westphalia, Germany",Remote,Internship,"Pytest, Python","Gitlab, Jira, Confluence, Linux, R, Associate",German,,,Recent,https://de.linkedin.com/jobs/view/software-test-engineer-m-w-d-at-lacroix-4371758144,2026-03-13T10:34:43.205999+00:00
0,Tester | Germany,linkedin,QA Engineer,Assemblio,"Stuttgart, Baden-Württemberg, Germany",On-site,Full-time,"Ci/Cd, Integration Testing","Cypress, Grpc, Devops",English,,,Recent,https://de.linkedin.com/jobs/view/qa-engineer-at-assemblio-4376728345,2026-03-13T10:34:43.206336+00:00
0,Tester | Germany,linkedin,Quality Assurance Tester (m/f/d),MoPla Solutions GmbH,"Augsburg, Bavaria, Germany",Remote,Full-time,,"Agile, Manual Testing, Kanban, Scrum, Postman",English,,,Recent,https://de.linkedin.com/jobs/view/quality-assurance-tester-m-f-d-at-mopla-solutions-gmbh-4375222169,2026-03-13T10:34:43.206495+00:00
0,Tester | Germany,linkedin,Software Tester (m/w/d),The Adecco Group,Greater Kassel Area,On-site,Full-time,,,English,,,Recent,https://de.linkedin.com/jobs/view/software-tester-m-w-d-at-the-adecco-group-4380442398,2026-03-13T10:34:43.206663+00:00
0,Tester | Germany,linkedin,App-Tester  (m/w/d),clickworker,Germany,Remote,Internship,,R,German,,,Recent,https://de.linkedin.com/jobs/view/app-tester-m-w-d-at-clickworker-4375907759,2026-03-13T10:34:43.206818+00:00
0,Tester | Germany,linkedin,TCMS Test Engineer,SEGULA Technologies,"Mannheim, Baden-Württemberg, Germany",On-site,Full-time,,,English,,,Recent,https://de.linkedin.com/jobs/view/tcms-test-engineer-at-segula-technologies-4378948527,2026-03-13T10:34:43.206968+00:00
0,Tester | Austria,linkedin,Software Tester*in,Agrarmarkt Austria,"Vienna, Vienna, Austria",On-site,Full-time,,,English,,,Recent,https://at.linkedin.com/jobs/view/software-tester-in-at-agrarmarkt-austria-4381271914,2026-03-13T10:34:45.593447+00:00
0,Tester | Austria,linkedin,Junior Test Engineer (w/m/d),Pankl Turbosystems GmbH,"Bruck an der Mur, Styria, Austria",On-site,Full-time,,Junior,German,,,Recent,https://at.linkedin.com/jobs/view/junior-test-engineer-w-m-d-at-pankl-turbosystems-gmbh-4380268475,2026-03-13T10:34:45.593639+00:00
0,Tester | Austria,linkedin,Junior Test Engineer (w/m/d),Pankl Aerospace Systems,"Bruck an der Mur, Styria, Austria",On-site,Full-time,,Junior,German,,,Recent,https://at.linkedin.com/jobs/view/junior-test-engineer-w-m-d-at-pankl-aerospace-systems-4383709885,2026-03-13T10:34:45.593808+00:00
0,Tester | Austria,linkedin,Test Engineer,Noir,"Linz, Upper Austria, Austria",On-site,Full-time,,,English,,,Recent,https://at.linkedin.com/jobs/view/test-engineer-at-noir-4381962762,2026-03-13T10:34:45.593974+00:00
0,Tester | Austria,linkedin,Software Test Engineer & Documentation Writer (w/m/d),Delegate Group,"Vienna, Vienna, Austria",On-site,Full-time,,,English,,,Recent,https://at.linkedin.com/jobs/view/software-test-engineer-documentation-writer-w-m-d-at-delegate-group-4379825967,2026-03-13T10:34:45.594473+00:00
0,Tester | Austria,linkedin,Software Tester:in (M/W/D)*,TGW Logistics,"Marchtrenk, Upper Austria, Austria",On-site,Full-time,,,English,,,Recent,https://at.linkedin.com/jobs/view/software-tester-in-m-w-d-at-tgw-logistics-4375257894,2026-03-13T10:34:45.594935+00:00
0,Tester | Switzerland,linkedin,Testing Engineer (m/w/d) 80-100%,Fincons Group,"Bern, Berne, Switzerland",Remote,Full-time,,,English,,,Recent,https://ch.linkedin.com/jobs/view/testing-engineer-m-w-d-80-100%25-at-fincons-group-4383088393,2026-03-13T10:34:47.914586+00:00
0,Tester | Switzerland,linkedin,Software Tester,yiuu.io | Sandro Toneatto Consulting,"Zurich, Zurich, Switzerland",On-site,Full-time,,,English,,,Recent,https://ch.linkedin.com/jobs/view/software-tester-at-yiuu-io-sandro-toneatto-consulting-4364753057,2026-03-13T10:34:47.914748+00:00
0,Tester | Switzerland,linkedin,Software Test Engineer (a),StaffLnk GmbH,"Berne, Switzerland",On-site,Full-time,"Go, Playwright, Selenium","Cypress, Devops, Azure, R, Jira",German,,,Recent,https://ch.linkedin.com/jobs/view/software-test-engineer-a-at-stafflnk-gmbh-4378901898,2026-03-13T10:34:47.914905+00:00
0,Tester | Switzerland,linkedin,Software Test Automation Engineer,AYES - Management & Technology Consulting,Switzerland,On-site,Full-time,Test Automation,,English,,,Recent,https://ch.linkedin.com/jobs/view/software-test-automation-engineer-at-ayes-management-technology-consulting-4383801077,2026-03-13T10:34:47.915057+00:00
0,Tester | Switzerland,linkedin,T24 Test Analyst,SGI,"Zurich, Zurich, Switzerland",On-site,Full-time,,,English,,,Recent,https://ch.linkedin.com/jobs/view/t24-test-analyst-at-sgi-4375670964,2026-03-13T10:34:47.915225+00:00
0,Tester | Switzerland,linkedin,Test Engineer / System-Ingenieur Fahrzeugsoftware (w/m/d),Randstad Switzerland,"Thurgau, Switzerland",On-site,Full-time,,,English,,,Recent,https://ch.linkedin.com/jobs/view/test-engineer-system-ingenieur-fahrzeugsoftware-w-m-d-at-randstad-switzerland-4363909299,2026-03-13T10:34:47.915539+00:00
0,Tester | Switzerland,linkedin,Software Test Engineer (m/w/d),Nexplore AG,"Berne, Switzerland",On-site,Full-time,,,English,,,Recent,https://ch.linkedin.com/jobs/view/software-test-engineer-m-w-d-at-nexplore-ag-4373941982,2026-03-13T10:34:47.915700+00:00
0,Tester | Switzerland,linkedin,Test Engineer,Transgourmet/Prodega Schweiz,"Berne, Switzerland",On-site,Full-time,,,English,,,Recent,https://ch.linkedin.com/jobs/view/test-engineer-at-transgourmet-prodega-schweiz-4373330476,2026-03-13T10:34:47.915858+00:00
0,Tester | Remote,linkedin,Quality Assurance Engineer (m/w/d),ISO-Gruppe,"Bonn, North Rhine-Westphalia, Germany",Remote,Full-time,,,English,,,Recent,https://de.linkedin.com/jobs/view/quality-assurance-engineer-m-w-d-at-iso-gruppe-4358570111,2026-03-13T10:34:50.265412+00:00
0,Tester | Remote,linkedin,Test Engineer (w/m/d) - Deutschlandweit,smapOne AG,Germany,Remote,Full-time,,,English,,,Recent,https://de.linkedin.com/jobs/view/test-engineer-w-m-d-deutschlandweit-at-smapone-ag-4373535881,2026-03-13T10:34:50.266425+00:00
0,Tester | Slovakia,linkedin,Student SW Tester (Part-time position),Surglogs,Slovakia,On-site,Internship,,,English,,,Recent,https://sk.linkedin.com/jobs/view/student-sw-tester-part-time-position-at-surglogs-4380933837,2026-03-13T10:34:52.659232+00:00
0,Tester | Slovakia,linkedin,IT Tester ČSOB (m/ž),ČSOB Finančná skupina,"Bratislava, Slovakia",On-site,Full-time,,,English,,,Recent,https://sk.linkedin.com/jobs/view/it-tester-%C4%8Dsob-m-%C5%BE-at-%C4%8Dsob-finan%C4%8Dn%C3%A1-skupina-4354445255,2026-03-13T10:34:52.659429+00:00
0,Tester | Slovakia,linkedin,Test Engineer,ComAp Group,"Košice, Kosice, Slovakia",On-site,Full-time,,,English,,,Recent,https://sk.linkedin.com/jobs/view/test-engineer-at-comap-group-4377776144,2026-03-13T10:34:52.659608+00:00
0,Tester | Slovakia,linkedin,Manual QA Tester,Descartes Systems Group,"Žilina, Zilina, Slovakia",On-site,Full-time,,,English,,,Recent,https://sk.linkedin.com/jobs/view/manual-qa-tester-at-descartes-systems-group-4382115365,2026-03-13T10:34:52.659923+00:00
0,Tester | Slovakia,linkedin,Test engineer,Magna International,"Kechnec, Kosice, Slovakia",On-site,Internship,,,English,,,Recent,https://sk.linkedin.com/jobs/view/test-engineer-at-magna-international-4219197667,2026-03-13T10:34:52.660084+00:00
0,Tester | Slovakia,linkedin,Test engineer-1,Magna International,"Kechnec, Kosice, Slovakia",On-site,Internship,,,English,,,Recent,https://sk.linkedin.com/jobs/view/test-engineer-1-at-magna-international-4284413507,2026-03-13T10:34:52.660337+00:00
0,Tester | Slovakia,linkedin,Software Test Engineer,Takeda,"Bratislava, Bratislava, Slovakia",On-site,Full-time,,,English,,,Recent,https://sk.linkedin.com/jobs/view/software-test-engineer-at-takeda-4361028383,2026-03-13T10:34:52.660496+00:00
0,Tester | Slovakia,linkedin,Test Engineer,Multitude,"Bratislava, Bratislava, Slovakia",On-site,Full-time,,,English,,,Recent,https://sk.linkedin.com/jobs/view/test-engineer-at-multitude-4379037173,2026-03-13T10:34:52.660656+00:00
0,Tester | Slovakia,linkedin,Agile Test Engineer,ESET,"Bratislava, Bratislava, Slovakia",On-site,Full-time,,Agile,English,,,Recent,https://sk.linkedin.com/jobs/view/agile-test-engineer-at-eset-4375989657,2026-03-13T10:34:52.660806+00:00
0,Tester | Czech Republic,linkedin,QA Tester,Infosyp,"Santo Domingo de Guzmán, Distrito Nacional, Dominican Republic",On-site,Full-time,,,English,,,Recent,https://do.linkedin.com/jobs/view/qa-tester-at-infosyp-4380484222,2026-03-13T10:34:54.978189+00:00
0,Tester | Czech Republic,linkedin,TESTER DESARROLLO SISTEMAS AGILE,Banco Popular Dominicano,"Santo Domingo, Distrito Nacional, Dominican Republic",On-site,Full-time,,Agile,English,,,Recent,https://do.linkedin.com/jobs/view/tester-desarrollo-sistemas-agile-at-banco-popular-dominicano-4374026679,2026-03-13T10:34:54.978405+00:00
0,Tester | Czech Republic,linkedin,Test Engineer,Eaton,"Bajos de Haina, San Cristóbal, Dominican Republic",On-site,Full-time,,,English,,,Recent,https://do.linkedin.com/jobs/view/test-engineer-at-eaton-4353191207,2026-03-13T10:34:54.978574+00:00
0,Tester | Czech Republic,linkedin,Test Engineer,Rockwell Automation,"Santo Domingo, Distrito Nacional, Dominican Republic",On-site,Full-time,,,English,,,Recent,https://do.linkedin.com/jobs/view/test-engineer-at-rockwell-automation-4380581844,2026-03-13T10:34:54.978734+00:00
0,Tester | Czech Republic,linkedin,Software Development Engineer in Test,Origami Risk,"Santo Domingo, Distrito Nacional, Dominican Republic",On-site,Full-time,,,English,,,Recent,https://do.linkedin.com/jobs/view/software-development-engineer-in-test-at-origami-risk-4375488057,2026-03-13T10:34:54.978884+00:00
0,Tester | Czech Republic,linkedin,Técnico Electrónico II,Eaton,"Bajos de Haina, San Cristóbal, Dominican Republic",On-site,Full-time,,,English,,,Recent,https://do.linkedin.com/jobs/view/t%C3%A9cnico-electr%C3%B3nico-ii-at-eaton-4378934782,2026-03-13T10:34:54.979194+00:00
0,Tester | Czech Republic,linkedin,Coordinator.MFG.Maintenance,Eaton,"Santiago de los Caballeros, Santiago, Dominican Republic",On-site,Full-time,,,English,,,Recent,https://do.linkedin.com/jobs/view/coordinator-mfg-maintenance-at-eaton-4375530633,2026-03-13T10:34:54.979374+00:00
0,Tester | Poland,linkedin,QA / Manual Tester,Vendo,"Warsaw, Mazowieckie, Poland",On-site,Full-time,,,English,,,Recent,https://pl.linkedin.com/jobs/view/qa-manual-tester-at-vendo-4371293516,2026-03-13T10:34:57.312188+00:00
0,Tester | Poland,linkedin,Manual Tester,ipracujzdalnie.pl,"Warsaw, Mazowieckie, Poland",On-site,Full-time,,,English,,,Recent,https://pl.linkedin.com/jobs/view/manual-tester-at-ipracujzdalnie-pl-4376817360,2026-03-13T10:34:57.312421+00:00
0,Tester | Poland,linkedin,Manual Tester,ipracujzdalnie.pl,"Lublin, Lubelskie, Poland",On-site,Full-time,,,English,,,Recent,https://pl.linkedin.com/jobs/view/manual-tester-at-ipracujzdalnie-pl-4376828013,2026-03-13T10:34:57.312590+00:00
0,Tester | Poland,linkedin,Manual Tester,ipracujzdalnie.pl,"Rzeszów, Podkarpackie, Poland",On-site,Full-time,,,English,,,Recent,https://pl.linkedin.com/jobs/view/manual-tester-at-ipracujzdalnie-pl-4376807853,2026-03-13T10:34:57.312748+00:00
0,Tester | Poland,linkedin,Manual Tester,ipracujzdalnie.pl,"Białystok, Podlaskie, Poland",On-site,Full-time,,,English,,,Recent,https://pl.linkedin.com/jobs/view/manual-tester-at-ipracujzdalnie-pl-4376823266,2026-03-13T10:34:57.312910+00:00
0,Tester | Poland,linkedin,Tester/ka manualny/a,Base.com,"Warsaw, Mazowieckie, Poland",On-site,Full-time,,,English,,,Recent,https://pl.linkedin.com/jobs/view/tester-ka-manualny-a-at-base-com-4383302255,2026-03-13T10:34:57.313066+00:00
0,Tester | Poland,linkedin,Manual Tester,ipracujzdalnie.pl,"Łódź, Łódzkie, Poland",On-site,Full-time,,,English,,,Recent,https://pl.linkedin.com/jobs/view/manual-tester-at-ipracujzdalnie-pl-4376816514,2026-03-13T10:34:57.313234+00:00
0,Tester | Poland,linkedin,Tester/ka manualny/a,Base.com,"Wrocław, Dolnośląskie, Poland",On-site,Full-time,,,English,,,Recent,https://pl.linkedin.com/jobs/view/tester-ka-manualny-a-at-base-com-4383305215,2026-03-13T10:34:57.313404+00:00
0,Tester | Poland,linkedin,QA Manual Tester (Desktop/Web applications),Inexto SA,"Cracow, Małopolskie, Poland",On-site,Full-time,,,English,,,Recent,https://pl.linkedin.com/jobs/view/qa-manual-tester%C2%A0-desktop-web-applications-at-inexto-sa-4374067677,2026-03-13T10:34:57.313557+00:00
0,Tester | Poland,linkedin,Intermediate Test Engineer - OP02078,Dev.Pro,"Wrocław, Dolnośląskie, Poland",On-site,Full-time,,,English,,,Recent,https://pl.linkedin.com/jobs/view/intermediate-test-engineer-op02078-at-dev-pro-4384854473,2026-03-13T10:34:57.313711+00:00
0,Tester | USA,linkedin,Language QA Tester,Nintendo,"Redmond, WA",On-site,Full-time,,,English,,,Recent,https://www.linkedin.com/jobs/view/language-qa-tester-at-nintendo-4383833979,2026-03-13T10:34:59.751670+00:00
0,Tester | USA,linkedin,Quality Assurance Tester- Junior (Remote),Lensa,"Dallas, TX",Remote,Full-time,,Junior,English,,,Recent,https://www.linkedin.com/jobs/view/quality-assurance-tester-junior-remote-at-lensa-4385161896,2026-03-13T10:34:59.751857+00:00
0,Tester | USA,linkedin,[Entry Level] Software Tester,Lensa,"Plano, TX",On-site,Full-time,,,English,,,Recent,https://www.linkedin.com/jobs/view/entry-level-software-tester-at-lensa-4385313748,2026-03-13T10:34:59.752014+00:00
0,Tester | USA,linkedin,[Entry Level] Software Tester,Lensa,"Bellevue, WA",On-site,Full-time,,,English,,,Recent,https://www.linkedin.com/jobs/view/entry-level-software-tester-at-lensa-4385161851,2026-03-13T10:34:59.752177+00:00
0,Tester | USA,linkedin,QA Manual Tester,Enexus Global Inc.,"Mountain View, CA",On-site,Full-time,,,English,,,Recent,https://www.linkedin.com/jobs/view/qa-manual-tester-at-enexus-global-inc-4380495843,2026-03-13T10:34:59.752351+00:00
0,Tester | USA,linkedin,Quality Assurance Tester- Junior (Remote),Lensa,"Raleigh, NC",Remote,Full-time,,Junior,English,,,Recent,https://www.linkedin.com/jobs/view/quality-assurance-tester-junior-remote-at-lensa-4385170782,2026-03-13T10:34:59.752506+00:00
0,Tester | USA,linkedin,Remote Manual QA Tester,Lensa,"Hartford, CT",Remote,Full-time,,,English,,,Recent,https://www.linkedin.com/jobs/view/remote-manual-qa-tester-at-lensa-4385181032,2026-03-13T10:34:59.752655+00:00
0,Tester | USA,linkedin,Manual tester,BCforward,"Rochester, MN",On-site,Full-time,,,English,,,Recent,https://www.linkedin.com/jobs/view/manual-tester-at-bcforward-4382132487,2026-03-13T10:34:59.752804+00:00
0,Tester | USA,linkedin,[Entry Level] Software Tester / Field Tester,Lensa,"Bellevue, WA",On-site,Full-time,,,English,,,Recent,https://www.linkedin.com/jobs/view/entry-level-software-tester-field-tester-at-lensa-4385181228,2026-03-13T10:34:59.752951+00:00
0,Tester | USA,linkedin,[Entry Level] Software Tester / Field Tester,Lensa,"Plano, TX",On-site,Full-time,,,English,,,Recent,https://www.linkedin.com/jobs/view/entry-level-software-tester-field-tester-at-lensa-4385181140,2026-03-13T10:34:59.753112+00:00
0,Tester | United Kingdom,linkedin,Manual Software Tester,hackajob,United Kingdom,On-site,Full-time,,,English,,,Recent,https://uk.linkedin.com/jobs/view/manual-software-tester-at-hackajob-4384212331,2026-03-13T10:35:02.115183+00:00
0,Tester | United Kingdom,linkedin,QA Tester,Manchester Digital,"Manchester, England, United Kingdom",On-site,Full-time,,,English,,,Recent,https://uk.linkedin.com/jobs/view/qa-tester-at-manchester-digital-4379118203,2026-03-13T10:35:02.115384+00:00
0,Tester | United Kingdom,linkedin,Junior Software Tester,Apply4U | Apply4U | Human-Assisted AI Job & Recruitment Platform,United Kingdom,On-site,Full-time,,Junior,English,,,Recent,https://uk.linkedin.com/jobs/view/junior-software-tester-at-apply4u-apply4u-human-assisted-ai-job-recruitment-platform-4371404856,2026-03-13T10:35:02.115542+00:00
0,Tester | United Kingdom,linkedin,QA Tester,Methods,"London, England, United Kingdom",On-site,Full-time,,,English,,,Recent,https://uk.linkedin.com/jobs/view/qa-tester-at-methods-4374556931,2026-03-13T10:35:02.115694+00:00
0,Tester | United Kingdom,linkedin,QA Engineer / Test Automation Specialist,Bermuda Commercial Bank,United Kingdom,On-site,Full-time,Test Automation,,English,,,Recent,https://uk.linkedin.com/jobs/view/qa-engineer-test-automation-specialist-at-bermuda-commercial-bank-4384187681,2026-03-13T10:35:02.115845+00:00
0,Tester | United Kingdom,linkedin,Quality Engineer : Manual Software Testing (Hybrid),TipTopJob,"Durham, England, United Kingdom",Hybrid,Full-time,,,English,,,Recent,https://uk.linkedin.com/jobs/view/quality-engineer-manual-software-testing-hybrid-at-tiptopjob-4378665703,2026-03-13T10:35:02.115993+00:00
0,Tester | United Kingdom,linkedin,Quality Assurance Tester,Shaw Daniels Solutions,United Kingdom,On-site,Full-time,,,English,,,Recent,https://uk.linkedin.com/jobs/view/quality-assurance-tester-at-shaw-daniels-solutions-4377722598,2026-03-13T10:35:02.116145+00:00
0,Tester | United Kingdom,linkedin,Software Engineer in Test,Christopher Ali,United Kingdom,On-site,Full-time,,,English,,,Recent,https://uk.linkedin.com/jobs/view/software-engineer-in-test-at-christopher-ali-4371511617,2026-03-13T10:35:02.116316+00:00
0,Tester | United Kingdom,linkedin,QA Tester,Institute of Communication,"London, England, United Kingdom",On-site,Full-time,,,English,,,Recent,https://uk.linkedin.com/jobs/view/qa-tester-at-institute-of-communication-4384526318,2026-03-13T10:35:02.116464+00:00
0,Tester | United Kingdom,linkedin,Test Engineer,Wipro,"London Area, United Kingdom",On-site,Full-time,,,English,,,Recent,https://uk.linkedin.com/jobs/view/test-engineer-at-wipro-4364799058,2026-03-13T10:35:02.116611+00:00
0,QA Engineer | Germany,linkedin,QA Engineer,Westernacher Solutions,"Berlin, Germany",On-site,Full-time,,,English,,,Recent,https://de.linkedin.com/jobs/view/qa-engineer-at-westernacher-solutions-4372474254,2026-03-13T10:35:04.452198+00:00
0,QA Engineer | Austria,linkedin,Software Quality Engineer,Ketryx,"Vienna, Vienna, Austria",On-site,Full-time,,,English,,,Recent,https://at.linkedin.com/jobs/view/software-quality-engineer-at-ketryx-4308973953,2026-03-13T10:35:06.819719+00:00
0,QA Engineer | Austria,linkedin,Procurement Quality Assurance Engineer,Mane Contract Services,"Salzburg, Austria",On-site,Contract,,,English,,,Recent,https://at.linkedin.com/jobs/view/procurement-quality-assurance-engineer-at-mane-contract-services-4374880986,2026-03-13T10:35:06.819904+00:00
0,QA Engineer | Austria,linkedin,QA & Verifications Engineer,Jobgether,Austria,On-site,Full-time,,,English,,,Recent,https://at.linkedin.com/jobs/view/qa-verifications-engineer-at-jobgether-4382631351,2026-03-13T10:35:06.820073+00:00
0,QA Engineer | Austria,linkedin,QA Engineer (AI native),nyra health,"Vienna, Austria",On-site,Full-time,,,English,,,Recent,https://at.linkedin.com/jobs/view/qa-engineer-ai-native-at-nyra-health-4380894667,2026-03-13T10:35:06.820267+00:00
0,QA Engineer | Austria,linkedin,QA Engineer - Manual Testing (Mobile & Backend),Tractive,"Linz, Upper Austria, Austria",Remote,Full-time,,Manual Testing,English,,,Recent,https://at.linkedin.com/jobs/view/qa-engineer-manual-testing-mobile-backend-at-tractive-4383036532,2026-03-13T10:35:06.820540+00:00
0,QA Engineer | Austria,linkedin,Sr. QA Automation Engineer,Jobgether,Austria,On-site,Full-time,,,English,,,Recent,https://at.linkedin.com/jobs/view/sr-qa-automation-engineer-at-jobgether-4384186023,2026-03-13T10:35:06.821059+00:00
0,QA Engineer | Austria,linkedin,Software QA Engineer (Embedded Systems),Berkeley Square - Talent Specialists in IT & Engineering,"Vorarlberg, Austria",On-site,Full-time,Embedded Systems,,English,,,Recent,https://at.linkedin.com/jobs/view/software-qa-engineer-embedded-systems-at-berkeley-square-talent-specialists-in-it-engineering-4372602220,2026-03-13T10:35:06.821258+00:00
0,QA Engineer | Austria,linkedin,QA Engineer (m/w/d),RINGANA,"Vienna, Vienna, Austria",On-site,Full-time,,,English,,,Recent,https://at.linkedin.com/jobs/view/qa-engineer-m-w-d-at-ringana-4353952752,2026-03-13T10:35:06.821599+00:00
0,QA Engineer | Switzerland,linkedin,QA Engineer,qiibee,Switzerland,On-site,Full-time,,,English,,,Recent,https://ch.linkedin.com/jobs/view/qa-engineer-at-qiibee-4381273286,2026-03-13T10:35:09.177608+00:00
0,QA Engineer | Switzerland,linkedin,QA Software Engineer,Bucher + Suter,Greater Bern Area,On-site,Full-time,,,English,,,Recent,https://ch.linkedin.com/jobs/view/qa-software-engineer-at-bucher-%2B-suter-4377833517,2026-03-13T10:35:09.177757+00:00
0,QA Engineer | Switzerland,linkedin,Quality Assurance Engineer 100%,"Bodenmiller Recruitment GmbH | Recruitment for critical hires in Life Sciences, IT, and Engineering","Schaffhausen, Switzerland",Remote,Full-time,,,English,,,Recent,https://ch.linkedin.com/jobs/view/quality-assurance-engineer-100%25-at-bodenmiller-recruitment-gmbh-recruitment-for-critical-hires-in-life-sciences-it-and-engineering-4383310226,2026-03-13T10:35:09.177910+00:00
0,QA Engineer | Switzerland,linkedin,QA qualification engineer,agap2 Switzerland,"Basel, Basel, Switzerland",On-site,Full-time,,,English,,,Recent,https://ch.linkedin.com/jobs/view/qa-qualification-engineer-at-agap2-switzerland-4382021336,2026-03-13T10:35:09.178066+00:00
0,QA Engineer | Switzerland,linkedin,Quality Assurance Engineer,Rayner,"St Gallen, Switzerland",On-site,Full-time,,,English,,,Recent,https://ch.linkedin.com/jobs/view/quality-assurance-engineer-at-rayner-4377842716,2026-03-13T10:35:09.178231+00:00
0,QA Engineer | Switzerland,linkedin,QA Engineer,WEDO,"Fribourg, Fribourg, Switzerland",On-site,Full-time,,,English,,,Recent,https://ch.linkedin.com/jobs/view/qa-engineer-at-wedo-4384804112,2026-03-13T10:35:09.178385+00:00
0,QA Engineer | Switzerland,linkedin,Ingénieur tests/Ingénieure tests,CLEEVEN,"Vaud, Switzerland",On-site,Full-time,,,English,,,Recent,https://ch.linkedin.com/jobs/view/ing%C3%A9nieur-tests-ing%C3%A9nieure-tests-at-cleeven-4375822030,2026-03-13T10:35:09.178537+00:00
0,QA Engineer | Remote,linkedin,QA Engineer (Part-Time),Twine,Germany,Remote,Full-time,,,English,,,Recent,https://de.linkedin.com/jobs/view/qa-engineer-part-time-at-twine-4364425081,2026-03-13T10:35:11.493737+00:00
0,QA Engineer | Remote,linkedin,"QA Engineer (freelance contract, full-time)",Lumiform,Germany,Remote,Contract,,,English,,,Recent,https://de.linkedin.com/jobs/view/qa-engineer-freelance-contract-full-time-at-lumiform-4375538991,2026-03-13T10:35:11.493891+00:00
0,QA Engineer | Remote,linkedin,QA Testing Engineer (Remote - Vollzeit),HeroSoftware GmbH - Shopify Apps,Germany,Remote,Full-time,,,English,,,Recent,https://de.linkedin.com/jobs/view/qa-testing-engineer-remote-vollzeit-at-herosoftware-gmbh-shopify-apps-4382015789,2026-03-13T10:35:11.494039+00:00
0,QA Engineer | Remote,linkedin,QA Specialist / QA Engineer - Freelanceship - 100% remote,Accelerated,Germany,Remote,Contract,,,English,,,Recent,https://de.linkedin.com/jobs/view/qa-specialist-qa-engineer-freelanceship-100%25-remote-at-accelerated-4375554271,2026-03-13T10:35:11.494185+00:00
0,QA Engineer | Slovakia,linkedin,QA Engineer,Ruby Labs,Slovakia,On-site,Full-time,,Ruby,English,,,Recent,https://sk.linkedin.com/jobs/view/qa-engineer-at-ruby-labs-4383741652,2026-03-13T10:35:13.852001+00:00
0,QA Engineer | Slovakia,linkedin,QA Engineer,Swiss Re,"Bratislava, Bratislava, Slovakia",On-site,Full-time,,,English,,,Recent,https://sk.linkedin.com/jobs/view/qa-engineer-at-swiss-re-4366871953,2026-03-13T10:35:13.852352+00:00
0,QA Engineer | Slovakia,linkedin,Manual QA Engineer (Middle) ID51808,AgileEngine,"Bratislava, Bratislava, Slovakia",On-site,Full-time,,,English,,,Recent,https://sk.linkedin.com/jobs/view/manual-qa-engineer-middle-id51808-at-agileengine-4377642193,2026-03-13T10:35:13.852503+00:00
0,QA Engineer | Czech Republic,linkedin,Ingeniero de Pruebas QA Manual,Infosyp,"Santo Domingo de Guzmán, Distrito Nacional, Dominican Republic",On-site,Full-time,,,English,,,Recent,https://do.linkedin.com/jobs/view/ingeniero-de-pruebas-qa-manual-at-infosyp-4380483272,2026-03-13T10:35:16.239673+00:00
0,QA Engineer | Czech Republic,linkedin,Software QA Engineer - La Vega,Champro,"La Vega, La Vega, Dominican Republic",On-site,Full-time,,,English,,,Recent,https://do.linkedin.com/jobs/view/software-qa-engineer-la-vega-at-champro-4373865392,2026-03-13T10:35:16.239863+00:00
0,QA Engineer | Czech Republic,linkedin,Ingeniero QA,GBM,Dominican Republic,On-site,Full-time,,,English,,,Recent,https://do.linkedin.com/jobs/view/ingeniero-qa-at-gbm-4375742926,2026-03-13T10:35:16.240025+00:00
0,QA Engineer | Czech Republic,linkedin,Quality Assurance Engineer - Remote Work,BairesDev,"Santo Domingo, Distrito Nacional, Dominican Republic",Remote,Full-time,,,English,,,Recent,https://do.linkedin.com/jobs/view/quality-assurance-engineer-remote-work-at-bairesdev-4383224908,2026-03-13T10:35:16.240183+00:00
0,QA Engineer | Czech Republic,linkedin,QA Engineer (IntrosMatter) - Remote Work,BairesDev,Dominican Republic,Remote,Full-time,,,English,,,Recent,https://do.linkedin.com/jobs/view/qa-engineer-introsmatter-remote-work-at-bairesdev-4383221888,2026-03-13T10:35:16.240393+00:00
0,QA Engineer | Czech Republic,linkedin,Ingeniero Pruebas QA  – Mid Level,Mediatrix,"Santo Domingo, Distrito Nacional, Dominican Republic",On-site,Full-time,,,English,,,Recent,https://do.linkedin.com/jobs/view/ingeniero-pruebas-qa-%E2%80%93-mid-level-at-mediatrix-4384828244,2026-03-13T10:35:16.240553+00:00
0,QA Engineer | Czech Republic,linkedin,Automated Testing Engineer (Remote),KAIZEN Asset Management Services,Dominican Republic,Remote,Full-time,,,English,,,Recent,https://do.linkedin.com/jobs/view/automated-testing-engineer-remote-at-kaizen-asset-management-services-4372251269,2026-03-13T10:35:16.240716+00:00
0,QA Engineer | Czech Republic,linkedin,Ingeniero de QA Automatizador MID,Mediatrix,"Santo Domingo, Distrito Nacional, Dominican Republic",On-site,Full-time,,,English,,,Recent,https://do.linkedin.com/jobs/view/ingeniero-de-qa-automatizador-mid-at-mediatrix-4384314528,2026-03-13T10:35:16.240867+00:00
0,QA Engineer | Czech Republic,linkedin,Ingeniero QA,Infosyp,"Santiago de los Caballeros, Santiago, Dominican Republic",On-site,Full-time,,,English,,,Recent,https://do.linkedin.com/jobs/view/ingeniero-qa-at-infosyp-4372540809,2026-03-13T10:35:16.241019+00:00
0,QA Engineer | Czech Republic,linkedin,QA Automation Engineer,CrecerLab,"Santo Domingo, Distrito Nacional, Dominican Republic",On-site,Full-time,,,English,,,Recent,https://do.linkedin.com/jobs/view/qa-automation-engineer-at-crecerlab-4372777377,2026-03-13T10:35:16.241166+00:00
0,QA Engineer | Poland,linkedin,Quality Assurance Automation Engineer,Coforge,"Krakowski, Małopolskie, Poland",On-site,Full-time,,,English,,,Recent,https://pl.linkedin.com/jobs/view/quality-assurance-automation-engineer-at-coforge-4382408255,2026-03-13T10:35:18.612989+00:00
0,QA Engineer | Poland,linkedin,Junior QA Engineer/ QA Engineer,Amelco Limited,"Warsaw, Mazowieckie, Poland",On-site,Full-time,,Junior,English,,,Recent,https://pl.linkedin.com/jobs/view/junior-qa-engineer-qa-engineer-at-amelco-limited-4372850135,2026-03-13T10:35:18.613183+00:00
0,QA Engineer | Poland,linkedin,Junior Test Specialist/QA Engineer (f/m),Netcompany,"Warsaw, Mazowieckie, Poland",On-site,Full-time,,Junior,English,,,Recent,https://pl.linkedin.com/jobs/view/junior-test-specialist-qa-engineer-f-m-at-netcompany-4364598006,2026-03-13T10:35:18.613366+00:00
0,QA Engineer | Poland,linkedin,(800) QA Automation Engineer,Altoros,"Warsaw, Mazowieckie, Poland",On-site,Full-time,,,English,,,Recent,https://pl.linkedin.com/jobs/view/800-qa-automation-engineer-at-altoros-4384165271,2026-03-13T10:35:18.613520+00:00
0,QA Engineer | Poland,linkedin,"QA Engineer (worldwide remote, work anywhere)",CloudLinux,"Warsaw, Mazowieckie, Poland",Remote,Full-time,,,English,,,Recent,https://pl.linkedin.com/jobs/view/qa-engineer-worldwide-remote-work-anywhere-at-cloudlinux-4375544173,2026-03-13T10:35:18.613825+00:00
0,QA Engineer | Poland,linkedin,QA Engineer/Analyst (Junior/Regular)/ Inetum,Inetum,"Warsaw, Mazowieckie, Poland",On-site,Full-time,,Junior,English,,,Recent,https://pl.linkedin.com/jobs/view/qa-engineer-analyst-junior-regular-inetum-at-inetum-4373817307,2026-03-13T10:35:18.613977+00:00
0,QA Engineer | Poland,linkedin,QA Analyst (Manual & Automation)/ I,Inetum,"Warsaw, Mazowieckie, Poland",On-site,Full-time,,,English,,,Recent,https://pl.linkedin.com/jobs/view/qa-analyst-manual-automation-i-at-inetum-4373813470,2026-03-13T10:35:18.614127+00:00
0,QA Engineer | Poland,linkedin,QA Engineer,Acoustic,"Gdańsk, Pomorskie, Poland",On-site,Full-time,,,English,,,Recent,https://pl.linkedin.com/jobs/view/qa-engineer-at-acoustic-4374101348,2026-03-13T10:35:18.614458+00:00
0,QA Engineer | USA,linkedin,QA Engineer,MrBeast,United States,On-site,Full-time,,,English,,,Recent,https://www.linkedin.com/jobs/view/qa-engineer-at-mrbeast-4367342975,2026-03-13T10:35:20.999673+00:00
0,QA Engineer | USA,linkedin,"Junior QA Engineer – Recent Grads, This One's for You!",Teak,United States,On-site,Full-time,,Junior,English,,,Recent,https://www.linkedin.com/jobs/view/junior-qa-engineer-%E2%80%93-recent-grads-this-one-s-for-you%21-at-teak-4379436451,2026-03-13T10:35:20.999857+00:00
0,QA Engineer | USA,linkedin,"Junior QA Engineer – Recent Grads, This One's for You",Teak,United States,On-site,Full-time,,Junior,English,,,Recent,https://www.linkedin.com/jobs/view/junior-qa-engineer-%E2%80%93-recent-grads-this-one-s-for-you-at-teak-4383435639,2026-03-13T10:35:21.000024+00:00
0,QA Engineer | USA,linkedin,Quality Assurance Engineer,The Bexar Company,"Grand Prairie, TX",On-site,Full-time,,,English,,,Recent,https://www.linkedin.com/jobs/view/quality-assurance-engineer-at-the-bexar-company-4379085580,2026-03-13T10:35:21.000188+00:00
0,QA Engineer | USA,linkedin,Junior QA Engineer (Entry-Level),CloudBerry,United States,On-site,Full-time,,"Entry-Level, Junior",English,,,Recent,https://www.linkedin.com/jobs/view/junior-qa-engineer-entry-level-at-cloudberry-4379916350,2026-03-13T10:35:21.000366+00:00
0,QA Engineer | USA,linkedin,Quality Assurance Engineer,The Bexar Company,"Grand Prairie, TX",On-site,Full-time,,,English,,,Recent,https://www.linkedin.com/jobs/view/quality-assurance-engineer-at-the-bexar-company-4382196421,2026-03-13T10:35:21.000520+00:00
0,QA Engineer | USA,linkedin,Manual QA Engineer,Kira,"New York, NY",On-site,Full-time,,,English,,,Recent,https://www.linkedin.com/jobs/view/manual-qa-engineer-at-kira-4383827042,2026-03-13T10:35:21.000674+00:00
0,QA Engineer | USA,linkedin,QA Engineer II,Acorns,United States,On-site,Full-time,,,English,,,Recent,https://www.linkedin.com/jobs/view/qa-engineer-ii-at-acorns-4362339582,2026-03-13T10:35:21.000824+00:00
0,QA Engineer | USA,linkedin,Quality Assurance Engineer,"MS Shift, Inc.","New York, NY",On-site,Full-time,,,English,,,Recent,https://www.linkedin.com/jobs/view/quality-assurance-engineer-at-ms-shift-inc-4383720565,2026-03-13T10:35:21.000976+00:00
0,QA Engineer | USA,linkedin,Quality Assurance Engineer,Global Connect Technologies,"Santa Clara, CA",On-site,Full-time,,,English,,,Recent,https://www.linkedin.com/jobs/view/quality-assurance-engineer-at-global-connect-technologies-4383739747,2026-03-13T10:35:21.001131+00:00
0,QA Engineer | United Kingdom,linkedin,QA Engineer,DOHE,United Kingdom,On-site,Full-time,,,English,,,Recent,https://uk.linkedin.com/jobs/view/qa-engineer-at-dohe-4378768794,2026-03-13T10:35:23.368997+00:00
0,QA Engineer | United Kingdom,linkedin,QA Engineer,LDMS,"Cardiff, Wales, United Kingdom",On-site,Full-time,,,English,,,Recent,https://uk.linkedin.com/jobs/view/qa-engineer-at-ldms-4373929610,2026-03-13T10:35:23.369326+00:00
0,QA Engineer | United Kingdom,linkedin,Junior QA Engineer,Mercury,"Coleshill, England, United Kingdom",On-site,Full-time,,Junior,English,,,Recent,https://uk.linkedin.com/jobs/view/junior-qa-engineer-at-mercury-4374502415,2026-03-13T10:35:23.369631+00:00
0,QA Engineer | United Kingdom,linkedin,Quality Assurance Engineer,Navantia UK,"Fife, Scotland, United Kingdom",On-site,Full-time,,,English,,,Recent,https://uk.linkedin.com/jobs/view/quality-assurance-engineer-at-navantia-uk-4372239824,2026-03-13T10:35:23.369931+00:00
0,Test Engineer | Austria,linkedin,Software Developer (m/w/x),philoro EDELMETALLE,"Korneuburg, Lower Austria, Austria",On-site,Full-time,,,English,,,Recent,https://at.linkedin.com/jobs/view/software-developer-m-w-x-at-philoro-edelmetalle-4375532912,2026-03-13T10:35:28.097028+00:00
0,Test Engineer | Austria,linkedin,Software Developer (Remote),MindFriend PRO,"Vienna, Vienna, Austria",Remote,Full-time,,,English,,,Recent,https://at.linkedin.com/jobs/view/software-developer-remote-at-mindfriend-pro-4371461003,2026-03-13T10:35:28.097181+00:00
0,Test Engineer | Switzerland,linkedin,Ingénieur de test Junior (H/F),WIT PARTNERS SA,"Vaud, Switzerland",On-site,Full-time,,Junior,English,,,Recent,https://ch.linkedin.com/jobs/view/ing%C3%A9nieur-de-test-junior-h-f-at-wit-partners-sa-4377390272,2026-03-13T10:35:30.466800+00:00
0,Test Engineer | Remote,linkedin,"Manual Quality Assurance Engineer, Web Core Product",Speechify,"Berlin, Germany",Remote,Full-time,,,English,,,Recent,https://de.linkedin.com/jobs/view/manual-quality-assurance-engineer-web-core-product-at-speechify-4373567343,2026-03-13T10:35:32.839954+00:00
0,Test Engineer | Slovakia,linkedin,Supplier Quality Engineer,Yanfeng,"Námestovo, Zilina, Slovakia",On-site,Full-time,,,English,,,Recent,https://sk.linkedin.com/jobs/view/supplier-quality-engineer-at-yanfeng-4382288205,2026-03-13T10:35:35.266955+00:00
0,Test Engineer | Poland,linkedin,Manual Tester,ipracujzdalnie.pl,"Katowice, Śląskie, Poland",On-site,Full-time,,,English,,,Recent,https://pl.linkedin.com/jobs/view/manual-tester-at-ipracujzdalnie-pl-4376811627,2026-03-13T10:35:40.004081+00:00
0,Test Engineer | Poland,linkedin,Manual Tester,ipracujzdalnie.pl,"Wrocław, Dolnośląskie, Poland",On-site,Full-time,,,English,,,Recent,https://pl.linkedin.com/jobs/view/manual-tester-at-ipracujzdalnie-pl-4376806903,2026-03-13T10:35:40.004292+00:00
0,Test Engineer | Poland,linkedin,Manual Tester,ipracujzdalnie.pl,"Poznań, Wielkopolskie, Poland",On-site,Full-time,,,English,,,Recent,https://pl.linkedin.com/jobs/view/manual-tester-at-ipracujzdalnie-pl-4378376979,2026-03-13T10:35:40.004456+00:00
0,Test Engineer | Poland,linkedin,Quality Assurance Engineer,QX Consulting Ltd,Poland,On-site,Full-time,,,English,,,Recent,https://pl.linkedin.com/jobs/view/quality-assurance-engineer-at-qx-consulting-ltd-4385112173,2026-03-13T10:35:40.005254+00:00
0,Test Engineer | Poland,linkedin,Software Test Engineer,Rho,Poland,On-site,Full-time,,,English,,,Recent,https://pl.linkedin.com/jobs/view/software-test-engineer-at-rho-4308483608,2026-03-13T10:35:40.005409+00:00
0,Test Engineer | Poland,linkedin,"Non-Functional Tester - Gdansk, Poland",Astek,"Gdańsk, Pomorskie, Poland",On-site,Full-time,,,English,,,Recent,https://pl.linkedin.com/jobs/view/non-functional-tester-gdansk-poland-at-astek-4347405370,2026-03-13T10:35:40.005564+00:00
0,Test Engineer | USA,linkedin,Software Developer in Test - SDET,McAfee,"San Jose, CA",On-site,Full-time,,,English,,,Recent,https://www.linkedin.com/jobs/view/software-developer-in-test-sdet-at-mcafee-4382068596,2026-03-13T10:35:42.546635+00:00
0,Test Engineer | USA,linkedin,Software Test (QA) Engineer,The Mechanical Licensing Collective,"Nashville, TN",On-site,Full-time,,,English,,,Recent,https://www.linkedin.com/jobs/view/software-test-qa-engineer-at-the-mechanical-licensing-collective-4383316258,2026-03-13T10:35:42.547442+00:00
0,Test Engineer | United Kingdom,linkedin,Quality Assurance Engineer,Coforge,"Telford, England, United Kingdom",On-site,Full-time,,,English,,,Recent,https://uk.linkedin.com/jobs/view/quality-assurance-engineer-at-coforge-4378832906,2026-03-13T10:35:44.958131+00:00
0,Test Engineer | United Kingdom,linkedin,Software Tester,Stratospherec Limited,"Horsham, England, United Kingdom",On-site,Full-time,,,English,,,Recent,https://uk.linkedin.com/jobs/view/software-tester-at-stratospherec-limited-4382083164,2026-03-13T10:35:44.958483+00:00
0,Test Engineer | United Kingdom,linkedin,Software Quality Assurance Engineer,FastDox,"Wilmslow, England, United Kingdom",On-site,Full-time,,,English,,,Recent,https://uk.linkedin.com/jobs/view/software-quality-assurance-engineer-at-fastdox-4381434207,2026-03-13T10:35:44.958784+00:00
0,Test Engineer | United Kingdom,linkedin,Platform Quality Engineer (SDET),StarCompliance,United Kingdom,On-site,Full-time,,,English,,,Recent,https://uk.linkedin.com/jobs/view/platform-quality-engineer-sdet-at-starcompliance-4371441143,2026-03-13T10:35:44.959246+00:00
0,Test Engineer | United Kingdom,linkedin,Quality Assurance Engineer,Galldris Group,"Sizewell, England, United Kingdom",On-site,Full-time,,,English,,,Recent,https://uk.linkedin.com/jobs/view/quality-assurance-engineer-at-galldris-group-4365466205,2026-03-13T10:35:44.959419+00:00
0,Testingenieur | Germany,linkedin,Testingenieur (m/w/d) Luft- und Raumfahrt,ACONEXT,"Laupheim, Baden-Württemberg, Germany",On-site,Full-time,,,German,,,Recent,https://de.linkedin.com/jobs/view/testingenieur-m-w-d-luft-und-raumfahrt-at-aconext-4383952543,2026-03-13T10:35:47.341351+00:00
0,Testingenieur | Germany,linkedin,Testingenieur – Mechanical Engineering / Systemtests (all gender),ALTEN,"Hamburg, Hamburg, Germany",On-site,Full-time,,,English,,,Recent,https://de.linkedin.com/jobs/view/testingenieur-%E2%80%93-mechanical-engineering-systemtests-all-gender-at-alten-4373103421,2026-03-13T10:35:47.341551+00:00
0,Testingenieur | Germany,linkedin,CQV & CSV Engineering Opportunities – Germany,KPC International,"Frankfurt, Hesse, Germany",On-site,Internship,,,English,,,Recent,https://de.linkedin.com/jobs/view/cqv-csv-engineering-opportunities-%E2%80%93-germany-at-kpc-international-4225886744,2026-03-13T10:35:47.341726+00:00
0,Testingenieur | Germany,linkedin,Testingenieur*in Elektromechanik / Hardware Test Engineer,TWK,"Düsseldorf, North Rhine-Westphalia, Germany",On-site,Full-time,,,English,,,Recent,https://de.linkedin.com/jobs/view/testingenieur-in-elektromechanik-hardware-test-engineer-at-twk-4377721114,2026-03-13T10:35:47.341895+00:00
0,Testingenieur | Germany,linkedin,Test Field Engineer - Prüffeldtechniker,EarthStream Global,"Brilon, North Rhine-Westphalia, Germany",On-site,Full-time,,,English,,,Recent,https://de.linkedin.com/jobs/view/test-field-engineer-pr%C3%BCffeldtechniker-at-earthstream-global-4372502017,2026-03-13T10:35:47.342058+00:00
0,Testingenieur | Germany,linkedin,Versuchs-/Testingenieur Fahrerassistenzsysteme / ADAS (m/w/d),prognum Automotive GmbH,"Stuttgart, Baden-Württemberg, Germany",On-site,Full-time,,,English,,,Recent,https://de.linkedin.com/jobs/view/versuchs-testingenieur-fahrerassistenzsysteme-adas-m-w-d-at-prognum-automotive-gmbh-4383376449,2026-03-13T10:35:47.342255+00:00
0,Testingenieur | Germany,linkedin,Junior Entwicklungs- und Testingenieur für aktive Mikrowellengeräte (m/w/d) (ID: 22110),Da Vinci Engineering GmbH,"Backnang, Baden-Württemberg, Germany",On-site,Full-time,,"R, Junior",German,,,Recent,https://de.linkedin.com/jobs/view/junior-entwicklungs-und-testingenieur-f%C3%BCr-aktive-mikrowellenger%C3%A4te-m-w-d-id-22110-at-da-vinci-engineering-gmbh-4368592256,2026-03-13T10:35:47.342592+00:00
0,Testingenieur | Germany,linkedin,Function Owner Fahrerassistenzsysteme / ADAS (m/w/d),prognum Automotive GmbH,"Stuttgart, Baden-Württemberg, Germany",On-site,Full-time,,,English,,,Recent,https://de.linkedin.com/jobs/view/function-owner-fahrerassistenzsysteme-adas-m-w-d-at-prognum-automotive-gmbh-4384595187,2026-03-13T10:35:47.342764+00:00
0,Testingenieur | Germany,linkedin,Unsolicited,Dive CAE,"Berlin, Berlin, Germany",On-site,Full-time,,,English,,,Recent,https://de.linkedin.com/jobs/view/unsolicited-at-dive-cae-4373101666,2026-03-13T10:35:47.342919+00:00
0,Testingenieur | Austria,linkedin,Supplier Test Engineer (all genders),Lam Research,"Villach, Carinthia, Austria",On-site,Full-time,,,English,,,Recent,https://at.linkedin.com/jobs/view/supplier-test-engineer-all-genders-at-lam-research-4377926919,2026-03-13T10:35:49.679520+00:00
0,Testingenieur | Austria,linkedin,Work at PSI Austria,PSI Software – Process Industries & Metals,"Graz, Styria, Austria",On-site,Full-time,,,English,,,Recent,https://at.linkedin.com/jobs/view/work-at-psi-austria-at-psi-software-%E2%80%93-process-industries-metals-4381841539,2026-03-13T10:35:49.680044+00:00
0,Testingenieur | Austria,linkedin,Softwareingenieur:in,Evo.People GmbH,"Wiener Neustadt, Lower Austria, Austria",On-site,Full-time,,,English,,,Recent,https://at.linkedin.com/jobs/view/softwareingenieur-in-at-evo-people-gmbh-4382299058,2026-03-13T10:35:49.680229+00:00
0,Testingenieur | Austria,linkedin,(Junior) Product Developer - Medical Technology (m/w/d),Lohmann & Rauscher Österreich,"Schönau an der Triesting, Lower Austria, Austria",On-site,Full-time,,Junior,German,,,Recent,https://at.linkedin.com/jobs/view/junior-product-developer-medical-technology-m-w-d-at-lohmann-rauscher-%C3%B6sterreich-4366717813,2026-03-13T10:35:49.680867+00:00
0,Testingenieur | Austria,linkedin,Qualification & Test Engineer f/m/d,Besi Austria GmbH,"Radfeld, Tyrol, Austria",On-site,Full-time,,,English,,,Recent,https://at.linkedin.com/jobs/view/qualification-test-engineer-f-m-d-at-besi-austria-gmbh-4383835696,2026-03-13T10:35:49.681025+00:00
0,Testingenieur | Switzerland,linkedin,AI Speech Tester (Italian native speaker - Switzerland regional variant),TSMG Holding,"Lugano, Ticino, Switzerland",On-site,Full-time,,,English,,,Recent,https://ch.linkedin.com/jobs/view/ai-speech-tester-italian-native-speaker-switzerland-regional-variant-at-tsmg-holding-4383384373,2026-03-13T10:35:52.048641+00:00
0,Testingenieur | Switzerland,linkedin,AI Speech Tester (Italian native speaker - Switzerland regional variant),TSMG Holding,"Bellinzona, Ticino, Switzerland",On-site,Full-time,,,English,,,Recent,https://ch.linkedin.com/jobs/view/ai-speech-tester-italian-native-speaker-switzerland-regional-variant-at-tsmg-holding-4383377773,2026-03-13T10:35:52.048795+00:00
0,Testingenieur | Switzerland,linkedin,"Industrialization, Electronics Test Engineer",ANYbotics,"Zurich, Zurich, Switzerland",On-site,Full-time,,,English,,,Recent,https://ch.linkedin.com/jobs/view/industrialization-electronics-test-engineer-at-anybotics-4378614840,2026-03-13T10:35:52.049098+00:00
0,Testingenieur | Switzerland,linkedin,R&D,Medacta Italia,"Rancate, Ticino, Switzerland",On-site,Full-time,,R,English,,,Recent,https://ch.linkedin.com/jobs/view/r-d-at-medacta-italia-4383909004,2026-03-13T10:35:52.049268+00:00
0,Testingenieur | Remote,linkedin,Application Engineer,Vericut (CGTech Deutschland GmbH),Germany,Remote,Full-time,,,English,,,Recent,https://de.linkedin.com/jobs/view/application-engineer-at-vericut-cgtech-deutschland-gmbh-4372820606,2026-03-13T10:35:54.372485+00:00
0,Testingenieur | Remote,linkedin,System- und Testingenieur Funkkommunikationssysteme (all gender) 300,ALTEN Germany,"Stuttgart, Baden-Württemberg, Germany",Remote,Full-time,,,German,,,Recent,https://de.linkedin.com/jobs/view/system-und-testingenieur-funkkommunikationssysteme-all-gender-300-at-alten-germany-4361021637,2026-03-13T10:35:54.372990+00:00
0,Testingenieur | Remote,linkedin,SIM & Device Engineer (IoT),KORE,Germany,Remote,Full-time,,,English,,,Recent,https://de.linkedin.com/jobs/view/sim-device-engineer-iot-at-kore-4269230163,2026-03-13T10:35:54.373155+00:00
0,Testingenieur | Slovakia,linkedin,Automatizačný softvérový inžinier,Hoval Energy Recovery,"Istebné, Zilina, Slovakia",On-site,Full-time,,,English,,,Recent,https://sk.linkedin.com/jobs/view/automatiza%C4%8Dn%C3%BD-softv%C3%A9rov%C3%BD-in%C5%BEinier-at-hoval-energy-recovery-4382510757,2026-03-13T10:35:56.709452+00:00
0,Testingenieur | Slovakia,linkedin,Automatizačný softvérový inžinier,Hoval Romania,"Istebné, Zilina, Slovakia",On-site,Full-time,,,English,,,Recent,https://sk.linkedin.com/jobs/view/automatiza%C4%8Dn%C3%BD-softv%C3%A9rov%C3%BD-in%C5%BEinier-at-hoval-romania-4382490406,2026-03-13T10:35:56.709646+00:00
0,Testingenieur | Slovakia,linkedin,AOSP DEVELOPER - AUTOMOTIVE DOMAIN - CZECHIA BASED PROJECT,Quest Global,Slovakia,On-site,Contract,,,English,,,Recent,https://sk.linkedin.com/jobs/view/aosp-developer-automotive-domain-czechia-based-project-at-quest-global-4362200771,2026-03-13T10:35:56.709976+00:00
0,Testingenieur | Slovakia,linkedin,Automatizačný softvérový inžinier,Hoval Hrvatska,"Istebné, Zilina, Slovakia",On-site,Full-time,,,English,,,Recent,https://sk.linkedin.com/jobs/view/automatiza%C4%8Dn%C3%BD-softv%C3%A9rov%C3%BD-in%C5%BEinier-at-hoval-hrvatska-4383849585,2026-03-13T10:35:56.710133+00:00
0,Testingenieur | Slovakia,linkedin,Testing Engineer - Commisioning,Schaeffler,"Kysucké Nové Mesto, Zilina, Slovakia",On-site,Full-time,,,English,,,Recent,https://sk.linkedin.com/jobs/view/testing-engineer-commisioning-at-schaeffler-4370529030,2026-03-13T10:35:56.710932+00:00
0,Testingenieur | Czech Republic,linkedin,Test Phenom,Ministry of the Interior of the Czech Republic,Dominican Republic,On-site,Full-time,,,English,,,Recent,https://do.linkedin.com/jobs/view/test-phenom-at-ministry-of-the-interior-of-the-czech-republic-4383782700,2026-03-13T10:35:59.065398+00:00
0,Testingenieur | Czech Republic,linkedin,硬件NPI工程师8052,UNISOC,"アト・マジョール州, Hato Mayor, Dominican Republic",On-site,Full-time,,,English,,,Recent,https://do.linkedin.com/jobs/view/%E7%A1%AC%E4%BB%B6npi%E5%B7%A5%E7%A8%8B%E5%B8%888052-at-unisoc-4384162904,2026-03-13T10:35:59.066475+00:00
0,Testingenieur | Poland,linkedin,TECHNOLOG (K/M),Łódzki Klaster ICT,"Białostoczek, Podlaskie, Poland",On-site,Full-time,,,English,,,Recent,https://pl.linkedin.com/jobs/view/technolog-k-m-at-%C5%82%C3%B3dzki-klaster-ict-4372814126,2026-03-13T10:36:01.436420+00:00
0,Testingenieur | Poland,linkedin,Mechanical Designer / Test Engineer (f/m),Airbus Helicopters,"Łódź, Łódzkie, Poland",On-site,Full-time,,,English,,,Recent,https://pl.linkedin.com/jobs/view/mechanical-designer-test-engineer-f-m-at-airbus-helicopters-4378564274,2026-03-13T10:36:01.436609+00:00
0,Testingenieur | Poland,linkedin,Inżynier testów produkcyjnych automotive (k/m),SEGULA Technologies,"Częstochowa, Śląskie, Poland",On-site,Full-time,,,English,,,Recent,https://pl.linkedin.com/jobs/view/in%C5%BCynier-test%C3%B3w-produkcyjnych-automotive-k-m-at-segula-technologies-4357509002,2026-03-13T10:36:01.437097+00:00
0,Testingenieur | Poland,linkedin,QA Test Engineer - ServiceNow - Open for European candidates,All European Careers,Warsaw Metropolitan Area,On-site,Full-time,,,English,,,Recent,https://pl.linkedin.com/jobs/view/qa-test-engineer-servicenow-open-for-european-candidates-at-all-european-careers-4382299984,2026-03-13T10:36:01.437451+00:00
0,Testingenieur | USA,linkedin,QA Engineer (Manual + Automation),The AES Group,"Jacksonville, FL",On-site,Full-time,,,English,,,Recent,https://www.linkedin.com/jobs/view/qa-engineer-manual-%2B-automation-at-the-aes-group-4382260136,2026-03-13T10:36:03.940720+00:00
0,Testingenieur | USA,linkedin,Mechanical Test Engineer,Applus+ Laboratories,"Houston, TX",On-site,Full-time,,,English,,,Recent,https://www.linkedin.com/jobs/view/mechanical-test-engineer-at-applus%2B-laboratories-4125985556,2026-03-13T10:36:03.941255+00:00
0,Testingenieur | USA,linkedin,Mechanical Engineer - Testing and Assembly,"TechSource, Inc","Los Alamos, NM",On-site,Full-time,,Assembly,English,,,Recent,https://www.linkedin.com/jobs/view/mechanical-engineer-testing-and-assembly-at-techsource-inc-4383338319,2026-03-13T10:36:03.941430+00:00
0,Testingenieur | USA,linkedin,Test Engineer I – Early Career (2026 Starts),Blue Origin,"Lancaster, CA",On-site,Full-time,,,English,,,Recent,https://www.linkedin.com/jobs/view/test-engineer-i-%E2%80%93-early-career-2026-starts-at-blue-origin-4353142610,2026-03-13T10:36:03.941908+00:00
0,Testingenieur | USA,linkedin,Test Engineer I – Early Career (2026 Starts),Blue Origin,Greater Seattle Area,On-site,Full-time,,,English,,,Recent,https://www.linkedin.com/jobs/view/test-engineer-i-%E2%80%93-early-career-2026-starts-at-blue-origin-4353112578,2026-03-13T10:36:03.942252+00:00
0,Testingenieur | United Kingdom,linkedin,Mechanical Test Engineer,BSI,"Hemel Hempstead, England, United Kingdom",On-site,Full-time,,,English,,,Recent,https://uk.linkedin.com/jobs/view/mechanical-test-engineer-at-bsi-3841320068,2026-03-13T10:36:06.360124+00:00
0,Testingenieur | United Kingdom,linkedin,Graduate Test Engineer in Food Innovation and Process,targetjobs UK,"Hitchin, England, United Kingdom",On-site,Full-time,,Graduate,English,,,Recent,https://uk.linkedin.com/jobs/view/graduate-test-engineer-in-food-innovation-and-process-at-targetjobs-uk-4374329549,2026-03-13T10:36:06.360327+00:00
0,Testingenieur | United Kingdom,linkedin,Test Engineer,BSI,"Hemel Hempstead, England, United Kingdom",On-site,Full-time,,,English,,,Recent,https://uk.linkedin.com/jobs/view/test-engineer-at-bsi-4367290557,2026-03-13T10:36:06.360489+00:00
0,Testingenieur | United Kingdom,linkedin,Test Engineer - PPE,BSI,"Hemel Hempstead, England, United Kingdom",On-site,Full-time,,,English,,,Recent,https://uk.linkedin.com/jobs/view/test-engineer-ppe-at-bsi-4372575424,2026-03-13T10:36:06.360648+00:00
0,Testingenieur | United Kingdom,linkedin,Test Engineer - Personal Safety Team (PPE) - Future Talent Pipeline,BSI,"Hemel Hempstead, England, United Kingdom",On-site,Full-time,,,English,,,Recent,https://uk.linkedin.com/jobs/view/test-engineer-personal-safety-team-ppe-future-talent-pipeline-at-bsi-4383956793,2026-03-13T10:36:06.360958+00:00
0,Testingenieur | United Kingdom,linkedin,Test Engineer,IC Resources,"Cheltenham, England, United Kingdom",On-site,Full-time,,,English,,,Recent,https://uk.linkedin.com/jobs/view/test-engineer-at-ic-resources-4384859239,2026-03-13T10:36:06.361158+00:00
0,Testingenieur | United Kingdom,linkedin,Junior Test Engineer - Driver and Vehicle Licensing Agency - EO,Manchester Digital,"Manchester, England, United Kingdom",On-site,Full-time,,Junior,English,,,Recent,https://uk.linkedin.com/jobs/view/junior-test-engineer-driver-and-vehicle-licensing-agency-eo-at-manchester-digital-4379194368,2026-03-13T10:36:06.361455+00:00
0,Testingenieur | United Kingdom,linkedin,AVP – Quality Assurance & Testing,i3,"City Of London, England, United Kingdom",On-site,Full-time,,,English,,,Recent,https://uk.linkedin.com/jobs/view/avp-%E2%80%93-quality-assurance-testing-at-i3-4377774473,2026-03-13T10:36:06.361667+00:00
0,Testingenieur | United Kingdom,linkedin,Mobile Automation Test Engineer,Solirius Reply,"Coventry, England, United Kingdom",Remote,Full-time,,,English,,,Recent,https://uk.linkedin.com/jobs/view/mobile-automation-test-engineer-at-solirius-reply-4376807247,2026-03-13T10:36:06.361828+00:00
0,Test Automation | Austria,linkedin,Testing Manager (all genders),Viewpointsystem,"Vienna, Vienna, Austria",On-site,Full-time,,,English,,,Recent,https://at.linkedin.com/jobs/view/testing-manager-all-genders-at-viewpointsystem-4380292301,2026-03-13T10:36:11.134528+00:00
0,Test Automation | Switzerland,linkedin,Testing,Ampegon,"Baden, Aargau, Switzerland",On-site,Full-time,,,English,,,Recent,https://ch.linkedin.com/jobs/view/testing-at-ampegon-4350701131,2026-03-13T10:36:13.476842+00:00
0,Test Automation | Switzerland,linkedin,Sr. QA Automation Engineer,Jobgether,Switzerland,On-site,Full-time,,,English,,,Recent,https://ch.linkedin.com/jobs/view/sr-qa-automation-engineer-at-jobgether-4384182074,2026-03-13T10:36:13.477151+00:00
0,Test Automation | Switzerland,linkedin,Test Analyst,Hays,Geneva Metropolitan Area,On-site,Full-time,,,English,,,Recent,https://ch.linkedin.com/jobs/view/test-analyst-at-hays-4381405973,2026-03-13T10:36:13.477477+00:00
0,Test Automation | Slovakia,linkedin,Software Developer in Test (SDET),Fiserv,"Bratislava, Slovakia",On-site,Full-time,,,English,,,Recent,https://sk.linkedin.com/jobs/view/software-developer-in-test-sdet-at-fiserv-4372899045,2026-03-13T10:36:18.208704+00:00
0,Test Automation | Czech Republic,linkedin,Analista de Calidad,Quala,Dominican Republic,On-site,Full-time,,,English,,,Recent,https://do.linkedin.com/jobs/view/analista-de-calidad-at-quala-4374385837,2026-03-13T10:36:20.557116+00:00
0,Test Automation | Czech Republic,linkedin,Ingeniero/a QA Automatización,Agilesoft,Dominican Republic,On-site,Full-time,,,English,,,Recent,https://do.linkedin.com/jobs/view/ingeniero-a-qa-automatizaci%C3%B3n-at-agilesoft-4373339362,2026-03-13T10:36:20.557940+00:00
0,Test Automation | Czech Republic,linkedin,Remote - Quality Assurance & Process Analyst,"World Business Lenders, LLC","Las Salinas, Barahona Province, Dominican Republic",Remote,Full-time,,,English,,,Recent,https://do.linkedin.com/jobs/view/remote-quality-assurance-process-analyst-at-world-business-lenders-llc-4371603965,2026-03-13T10:36:20.558417+00:00
0,Test Automation | Czech Republic,linkedin,Aprendiz de QA,Babel,"Santo Domingo, Distrito Nacional, Dominican Republic",On-site,Full-time,,,English,,,Recent,https://do.linkedin.com/jobs/view/aprendiz-de-qa-at-babel-4370737100,2026-03-13T10:36:20.558569+00:00
0,Test Automation | Poland,linkedin,Test Automation Engineer,Jit Team,"Warsaw, Mazowieckie, Poland",On-site,Full-time,Test Automation,,English,,,Recent,https://pl.linkedin.com/jobs/view/test-automation-engineer-at-jit-team-4383793250,2026-03-13T10:36:22.929779+00:00
0,Test Automation | Poland,linkedin,Sr Engineer - Software QA,Xperi Inc.,"Warsaw, Mazowieckie, Poland",On-site,Full-time,,,English,,,Recent,https://pl.linkedin.com/jobs/view/sr-engineer-software-qa-at-xperi-inc-4380687880,2026-03-13T10:36:22.930732+00:00
0,Test Automation | USA,linkedin,QA Automation Tester,nLeague,"Hartford, CT",On-site,Full-time,,,English,,,Recent,https://www.linkedin.com/jobs/view/qa-automation-tester-at-nleague-4385113850,2026-03-13T10:36:25.470962+00:00
0,Test Automation | USA,linkedin,Quality Assurance Tester- Junior (Remote),ICF,"Dallas, TX",Remote,Full-time,,Junior,English,,,Recent,https://www.linkedin.com/jobs/view/quality-assurance-tester-junior-remote-at-icf-4380021461,2026-03-13T10:36:25.471661+00:00
0,Test Automation | USA,linkedin,Quality Assurance Analyst II,TheIncLab,"Nashville, TN",On-site,Full-time,,,English,,,Recent,https://www.linkedin.com/jobs/view/quality-assurance-analyst-ii-at-theinclab-4381487956,2026-03-13T10:36:25.472118+00:00
0,Test Automation | USA,linkedin,Manual and Automation Tester,"PlanIT Group, LLC","Washington, DC",On-site,Full-time,,,English,,,Recent,https://www.linkedin.com/jobs/view/manual-and-automation-tester-at-planit-group-llc-4381425440,2026-03-13T10:36:25.472446+00:00
0,Test Automation | United Kingdom,linkedin,Test Automation Engineer,Deloitte,"Glasgow, Scotland, United Kingdom",On-site,Full-time,Test Automation,,English,,,Recent,https://uk.linkedin.com/jobs/view/test-automation-engineer-at-deloitte-4383541540,2026-03-13T10:36:27.902591+00:00
0,Test Automation | United Kingdom,linkedin,QA Test Analyst,SBS,"Yate, England, United Kingdom",On-site,Full-time,,,English,,,Recent,https://uk.linkedin.com/jobs/view/qa-test-analyst-at-sbs-4372797491,2026-03-13T10:36:27.903056+00:00
0,Test Automation | United Kingdom,linkedin,QA Engineer (Automation),esure Group,"Southport, England, United Kingdom",On-site,Full-time,,,English,,,Recent,https://uk.linkedin.com/jobs/view/qa-engineer-automation-at-esure-group-4380272158,2026-03-13T10:36:27.903693+00:00
0,Test Automation | United Kingdom,linkedin,Test Automation Engineer,Qurated,"Manchester Area, United Kingdom",On-site,Full-time,Test Automation,,English,,,Recent,https://uk.linkedin.com/jobs/view/test-automation-engineer-at-qurated-4375992291,2026-03-13T10:36:27.903843+00:00
0,Python Developer | Germany,linkedin,Python Developer,HCLTech,"Cologne, North Rhine-Westphalia, Germany",On-site,Full-time,Python,,English,,,Recent,https://de.linkedin.com/jobs/view/python-developer-at-hcltech-4382284368,2026-03-13T10:36:30.294328+00:00
0,Python Developer | Germany,linkedin,Python Developer | Remote,Crossing Hurdles,Germany,Remote,Full-time,Python,,English,,,Recent,https://de.linkedin.com/jobs/view/python-developer-remote-at-crossing-hurdles-4370016911,2026-03-13T10:36:30.294688+00:00
0,Python Developer | Germany,linkedin,Python Developer | Remote,Crossing Hurdles,Germany,Remote,Full-time,Python,,English,,,Recent,https://de.linkedin.com/jobs/view/python-developer-remote-at-crossing-hurdles-4382848413,2026-03-13T10:36:30.294847+00:00
0,Python Developer | Germany,linkedin,Python Engineer,Contiamo,"Berlin, Berlin, Germany",On-site,Full-time,Python,,English,,,Recent,https://de.linkedin.com/jobs/view/python-engineer-at-contiamo-4379119880,2026-03-13T10:36:30.294995+00:00
0,Python Developer | Germany,linkedin,Python/JS Engineer | Remote,Crossing Hurdles,Germany,Remote,Full-time,Python,,English,,,Recent,https://de.linkedin.com/jobs/view/python-js-engineer-remote-at-crossing-hurdles-4372073574,2026-03-13T10:36:30.295140+00:00
0,Python Developer | Germany,linkedin,Backend Engineer (FastAPI),Almedia,"Berlin, Germany",On-site,Full-time,,Fastapi,English,,,Recent,https://de.linkedin.com/jobs/view/backend-engineer-fastapi-at-almedia-4381487971,2026-03-13T10:36:30.295311+00:00
0,Python Developer | Germany,linkedin,Python Developer,La Fosse,Germany,On-site,Full-time,Python,,English,,,Recent,https://de.linkedin.com/jobs/view/python-developer-at-la-fosse-4376485802,2026-03-13T10:36:30.295465+00:00
0,Python Developer | Germany,linkedin,Python Developer | Remote,Crossing Hurdles,Germany,Remote,Full-time,Python,,English,,,Recent,https://de.linkedin.com/jobs/view/python-developer-remote-at-crossing-hurdles-4384231902,2026-03-13T10:36:30.295616+00:00
0,Python Developer | Germany,linkedin,Fullstack Developer mit Fokus Frontend (w/m/d),Westernacher Solutions,"Berlin, Germany",On-site,Full-time,,,German,,,Recent,https://de.linkedin.com/jobs/view/fullstack-developer-mit-fokus-frontend-w-m-d-at-westernacher-solutions-4379838870,2026-03-13T10:36:30.295763+00:00
0,Python Developer | Austria,linkedin,Python Developer | Remote,Crossing Hurdles,Austria,Remote,Full-time,Python,,English,,,Recent,https://at.linkedin.com/jobs/view/python-developer-remote-at-crossing-hurdles-4382857147,2026-03-13T10:36:32.627912+00:00
0,Python Developer | Austria,linkedin,Python Developer (m/f/d),netcup,"Klagenfurt, Carinthia, Austria",On-site,Full-time,Python,,English,,,Recent,https://at.linkedin.com/jobs/view/python-developer-m-f-d-at-netcup-4377576625,2026-03-13T10:36:32.628093+00:00
0,Python Developer | Austria,linkedin,Backend Developer (m/f/d),AllCloud,Austria,On-site,Full-time,,,English,,,Recent,https://at.linkedin.com/jobs/view/backend-developer-m-f-d-at-allcloud-4366124327,2026-03-13T10:36:32.628279+00:00
0,Python Developer | Austria,linkedin,Freelance Data Science Engineer (Python & SQL),Mindrift,Austria,On-site,Contract,Python,"Data Science, Sql",English,,,Recent,https://at.linkedin.com/jobs/view/freelance-data-science-engineer-python-sql-at-mindrift-4382953635,2026-03-13T10:36:32.628444+00:00
0,Python Developer | Austria,linkedin,Python/TypeScript Engineer | Remote,Crossing Hurdles,Austria,Remote,Full-time,"Python, Typescript",,English,,,Recent,https://at.linkedin.com/jobs/view/python-typescript-engineer-remote-at-crossing-hurdles-4372080400,2026-03-13T10:36:32.628596+00:00
0,Python Developer | Austria,linkedin,Freelance AI Evaluation Engineer (Python/Full-Stack),Mindrift,Austria,On-site,Contract,Python,,English,,,Recent,https://at.linkedin.com/jobs/view/freelance-ai-evaluation-engineer-python-full-stack-at-mindrift-4385326719,2026-03-13T10:36:32.628753+00:00
0,Python Developer | Austria,linkedin,Python Developer (m/w/d),NTS Netzwerk Telekom Service AG,"Vienna, Vienna, Austria",On-site,Full-time,Python,,English,,,Recent,https://at.linkedin.com/jobs/view/python-developer-m-w-d-at-nts-netzwerk-telekom-service-ag-4376207290,2026-03-13T10:36:32.628905+00:00
0,Python Developer | Austria,linkedin,Python Developer (m/w/d),NTS Netzwerk Telekom Service AG,"Graz, Styria, Austria",On-site,Full-time,Python,,English,,,Recent,https://at.linkedin.com/jobs/view/python-developer-m-w-d-at-nts-netzwerk-telekom-service-ag-4375997803,2026-03-13T10:36:32.629058+00:00
0,Python Developer | Austria,linkedin,Automotive Engineer with Python - Freelance AI Trainer,Mindrift,Austria,On-site,Contract,Python,,English,,,Recent,https://at.linkedin.com/jobs/view/automotive-engineer-with-python-freelance-ai-trainer-at-mindrift-4382924676,2026-03-13T10:36:32.629225+00:00
0,Python Developer | Switzerland,linkedin,Backend Python Developer,Coopers Group AG,"Basel, Switzerland",On-site,Full-time,Python,,English,,,Recent,https://ch.linkedin.com/jobs/view/backend-python-developer-at-coopers-group-ag-4374563631,2026-03-13T10:36:34.965842+00:00
0,Python Developer | Switzerland,linkedin,CodeNext - Software Engineer (Python),Sonar,"Geneva, Geneva, Switzerland",On-site,Full-time,Python,,English,,,Recent,https://ch.linkedin.com/jobs/view/codenext-software-engineer-python-at-sonar-4297261847,2026-03-13T10:36:34.966028+00:00
0,Python Developer | Switzerland,linkedin,Python Developer 80% - 100%,PSI Laboratory for Energy Systems Analysis (LEA),"Villigen, Aargau, Switzerland",Remote,Full-time,Python,,English,,,Recent,https://ch.linkedin.com/jobs/view/python-developer-80%25-100%25-at-psi-laboratory-for-energy-systems-analysis-lea-4373026952,2026-03-13T10:36:34.966182+00:00
0,Python Developer | Switzerland,linkedin,Python Developer  (80% remote),Ivy Partners,"Valais, Switzerland",Remote,Full-time,Python,,English,,,Recent,https://ch.linkedin.com/jobs/view/python-developer-80%25-remote-at-ivy-partners-4378373740,2026-03-13T10:36:34.966356+00:00
0,Python Developer | Switzerland,linkedin,Développeur Python/Développeuse Python,Qim info,"Geneva, Switzerland",On-site,Full-time,Python,,English,,,Recent,https://ch.linkedin.com/jobs/view/d%C3%A9veloppeur-python-d%C3%A9veloppeuse-python-at-qim-info-4383551383,2026-03-13T10:36:34.966663+00:00
0,Python Developer | Switzerland,linkedin,Backend Python Developer – 6877,CTC Resourcing Solutions,"Basel, Switzerland",On-site,Full-time,Python,,English,,,Recent,https://ch.linkedin.com/jobs/view/backend-python-developer-%E2%80%93-6877-at-ctc-resourcing-solutions-4379039599,2026-03-13T10:36:34.966818+00:00
0,Python Developer | Switzerland,linkedin,Backend Python Developer (m/f/d),Datalynx AG,"Basel, Basel, Switzerland",On-site,Full-time,Python,,English,,,Recent,https://ch.linkedin.com/jobs/view/backend-python-developer-m-f-d-at-datalynx-ag-4376075872,2026-03-13T10:36:34.966974+00:00
0,Python Developer | Switzerland,linkedin,"Backend Software Engineer, Python",Cradle,"Zurich, Zurich, Switzerland",On-site,Full-time,Python,,English,,,Recent,https://ch.linkedin.com/jobs/view/backend-software-engineer-python-at-cradle-4377592944,2026-03-13T10:36:34.967118+00:00
0,Python Developer | Switzerland,linkedin,Python Software Engineer - Digital Assets,IMC Trading,"Zug, Switzerland",On-site,Full-time,Python,,English,,,Recent,https://ch.linkedin.com/jobs/view/python-software-engineer-digital-assets-at-imc-trading-4308011222,2026-03-13T10:36:34.967325+00:00
0,Python Developer | Remote,linkedin,Freelance Data Science Engineer (Python & SQL),Mindrift,"Berlin, Berlin, Germany",Remote,Contract,Python,"Data Science, Sql",English,,,Recent,https://de.linkedin.com/jobs/view/freelance-data-science-engineer-python-sql-at-mindrift-4382947863,2026-03-13T10:36:37.377839+00:00
0,Python Developer | Remote,linkedin,Python/TypeScript Engineer | Remote,Crossing Hurdles,Germany,Remote,Full-time,"Python, Typescript",,English,,,Recent,https://de.linkedin.com/jobs/view/python-typescript-engineer-remote-at-crossing-hurdles-4372092399,2026-03-13T10:36:37.377984+00:00
0,Python Developer | Remote,linkedin,AI SWE,PUNKU.AI,Germany,Remote,Full-time,,,English,,,Recent,https://de.linkedin.com/jobs/view/ai-swe-at-punku-ai-4381244906,2026-03-13T10:36:37.378125+00:00
0,Python Developer | Remote,linkedin,Python Engineer Remote,Mercor,Germany,Remote,Full-time,Python,,English,,,Recent,https://de.linkedin.com/jobs/view/python-engineer-remote-at-mercor-4384165365,2026-03-13T10:36:37.378284+00:00
0,Python Developer | Remote,linkedin,Junior Backend Developer (Python) (m/w/d) 20h Stellenbeschreibung READ DESCRIPTION before,uNaice GmbH,Germany,Remote,Full-time,Python,Junior,English,,,Recent,https://de.linkedin.com/jobs/view/junior-backend-developer-python-m-w-d-20h-stellenbeschreibung-read-description-before-at-unaice-gmbh-4372489890,2026-03-13T10:36:37.378425+00:00
0,Python Developer | Slovakia,linkedin,Python Software Engineer,ESET,"Bratislava, Bratislava, Slovakia",On-site,Full-time,Python,,English,,,Recent,https://sk.linkedin.com/jobs/view/python-software-engineer-at-eset-4307549217,2026-03-13T10:36:39.702119+00:00
0,Python Developer | Slovakia,linkedin,Backend Software Engineer (Python),Innovatrics,"Bratislava, Bratislava, Slovakia",On-site,Full-time,Python,,English,,,Recent,https://sk.linkedin.com/jobs/view/backend-software-engineer-python-at-innovatrics-4373925805,2026-03-13T10:36:39.702330+00:00
0,Python Developer | Slovakia,linkedin,Python Software Developer,Nokia,"Bratislava, Bratislava, Slovakia",On-site,Full-time,Python,,English,,,Recent,https://sk.linkedin.com/jobs/view/python-software-developer-at-nokia-4289894545,2026-03-13T10:36:39.702496+00:00
0,Python Developer | Slovakia,linkedin,Full-Stack Developer (Python + JS),GoReel,Slovakia,On-site,Full-time,Python,,English,,,Recent,https://sk.linkedin.com/jobs/view/full-stack-developer-python-%2B-js-at-goreel-4378381916,2026-03-13T10:36:39.702655+00:00
0,Python Developer | Slovakia,linkedin,Python Software Engineer,ESET,"Bratislava, Bratislava, Slovakia",On-site,Full-time,Python,,English,,,Recent,https://sk.linkedin.com/jobs/view/python-software-engineer-at-eset-4292497215,2026-03-13T10:36:39.702810+00:00
0,Python Developer | Slovakia,linkedin,Software Engineer - Python,Legend,"Bratislava, Bratislava, Slovakia",On-site,Full-time,Python,,English,,,Recent,https://sk.linkedin.com/jobs/view/software-engineer-python-at-legend-4371203262,2026-03-13T10:36:39.702964+00:00
0,Python Developer | Slovakia,linkedin,Python Developer – meteorologické modelovanie,MicroStep-MIS,"Bratislava, Bratislava, Slovakia",On-site,Full-time,Python,,English,,,Recent,https://sk.linkedin.com/jobs/view/python-developer-%E2%80%93-meteorologick%C3%A9-modelovanie-at-microstep-mis-4383552379,2026-03-13T10:36:39.703115+00:00
0,Python Developer | Slovakia,linkedin,Software Engineer (JavaScript/Python),ESET,"Bratislava, Bratislava, Slovakia",On-site,Full-time,"Javascript, Python",,English,,,Recent,https://sk.linkedin.com/jobs/view/software-engineer-javascript-python-at-eset-4352754566,2026-03-13T10:36:39.703296+00:00
0,Python Developer | Slovakia,linkedin,Python Engineer,Swiss Re,"Bratislava, Bratislava, Slovakia",On-site,Full-time,Python,,English,,,Recent,https://sk.linkedin.com/jobs/view/python-engineer-at-swiss-re-4325749432,2026-03-13T10:36:39.703451+00:00
0,Python Developer | Czech Republic,linkedin,Junior Full Stack Engineer (R&D Team) (BPO Industry),Linuo Group,"Santo Domingo, Distrito Nacional, Dominican Republic",On-site,Full-time,,"R, Junior",English,,,Recent,https://do.linkedin.com/jobs/view/junior-full-stack-engineer-r-d-team-bpo-industry-at-linuo-group-4377697907,2026-03-13T10:36:42.037847+00:00
0,Python Developer | Czech Republic,linkedin,Full Stack Engineer (Remote),KAIZEN Asset Management Services,Dominican Republic,Remote,Full-time,,,English,,,Recent,https://do.linkedin.com/jobs/view/full-stack-engineer-remote-at-kaizen-asset-management-services-4372243612,2026-03-13T10:36:42.038030+00:00
0,Python Developer | Czech Republic,linkedin,Full Stack Developer,Flatiron Software,Dominican Republic,On-site,Full-time,,,English,,,Recent,https://do.linkedin.com/jobs/view/full-stack-developer-at-flatiron-software-4378357690,2026-03-13T10:36:42.038190+00:00
0,Python Developer | Czech Republic,linkedin,Líder Desarrollador Back-End,Banco Popular Dominicano,"Santo Domingo, Distrito Nacional, Dominican Republic",On-site,Full-time,,,English,,,Recent,https://do.linkedin.com/jobs/view/l%C3%ADder-desarrollador-back-end-at-banco-popular-dominicano-4373125330,2026-03-13T10:36:42.038371+00:00
0,Python Developer | Czech Republic,linkedin,AI/ML Engineer,Perform,Dominican Republic,On-site,Full-time,,,English,,,Recent,https://do.linkedin.com/jobs/view/ai-ml-engineer-at-perform-4344260713,2026-03-13T10:36:42.038534+00:00
0,Python Developer | Czech Republic,linkedin,Fullstack C# Developer - Work from home - Talent Connection,Nearsure,"Santo Domingo, Dominican Republic",On-site,Full-time,C,C#,English,,,Recent,https://do.linkedin.com/jobs/view/fullstack-c%23-developer-work-from-home-talent-connection-at-nearsure-4383231767,2026-03-13T10:36:42.038685+00:00
0,Python Developer | Czech Republic,linkedin,Agentic Python Engineer - Remote - Latin America,FullStack,"Santo Domingo Este, Santo Domingo, Dominican Republic",Remote,Full-time,Python,,English,,,Recent,https://do.linkedin.com/jobs/view/agentic-python-engineer-remote-latin-america-at-fullstack-4315354864,2026-03-13T10:36:42.038838+00:00
0,Python Developer | Czech Republic,linkedin,Full Stack Developer (React/Redux),Perform,"Santo Domingo, Distrito Nacional, Dominican Republic",On-site,Full-time,,React,English,,,Recent,https://do.linkedin.com/jobs/view/full-stack-developer-react-redux-at-perform-4382438183,2026-03-13T10:36:42.039146+00:00
0,Python Developer | Czech Republic,linkedin,Full Stack Engineer,Origami Risk,"Santo Domingo, Distrito Nacional, Dominican Republic",On-site,Full-time,,,English,,,Recent,https://do.linkedin.com/jobs/view/full-stack-engineer-at-origami-risk-4376107256,2026-03-13T10:36:42.039422+00:00
0,Python Developer | Czech Republic,linkedin,Agentic Python Engineer - Remote - Latin America,FullStack,Dominican Republic,Remote,Full-time,Python,,English,,,Recent,https://do.linkedin.com/jobs/view/agentic-python-engineer-remote-latin-america-at-fullstack-4315360603,2026-03-13T10:36:42.039582+00:00
0,Python Developer | Poland,linkedin,Python Fullstack Developer,Ework Group,Warsaw Metropolitan Area,On-site,Full-time,Python,,English,,,Recent,https://pl.linkedin.com/jobs/view/python-fullstack-developer-at-ework-group-4381473986,2026-03-13T10:36:44.450373+00:00
0,Python Developer | Poland,linkedin,Python Developer,Remote People,Poland,Remote,Full-time,Python,,English,,,Recent,https://pl.linkedin.com/jobs/view/python-developer-at-remote-people-4383486923,2026-03-13T10:36:44.450560+00:00
0,Python Developer | Poland,linkedin,Software Engineer (4/5) — Developer Platform,Netflix,"Warsaw, Mazowieckie, Poland",On-site,Full-time,,,English,,,Recent,https://pl.linkedin.com/jobs/view/software-engineer-4-5-%E2%80%94-developer-platform-at-netflix-4193468200,2026-03-13T10:36:44.450721+00:00
0,Python Developer | Poland,linkedin,Junior Python Developer - Freelance,Netguru,"Poznań, Wielkopolskie, Poland",On-site,Contract,Python,Junior,English,,,Recent,https://pl.linkedin.com/jobs/view/junior-python-developer-freelance-at-netguru-4378361589,2026-03-13T10:36:44.450893+00:00
0,Python Developer | Poland,linkedin,Python Developer,AppTailors,Poland,On-site,Full-time,Python,,English,,,Recent,https://pl.linkedin.com/jobs/view/python-developer-at-apptailors-4373757825,2026-03-13T10:36:44.451051+00:00
0,Python Developer | Poland,linkedin,FullStack Developer (React + FastAPI),Seargin,Poland,On-site,Full-time,,"React, Fastapi",English,,,Recent,https://pl.linkedin.com/jobs/view/fullstack-developer-react-%2B-fastapi-at-seargin-4382953148,2026-03-13T10:36:44.451220+00:00
0,Python Developer | Poland,linkedin,Python Pytest Developer,HCLTech,Gdansk Metropolitan Area,On-site,Full-time,"Pytest, Python",,English,,,Recent,https://pl.linkedin.com/jobs/view/python-pytest-developer-at-hcltech-4382439342,2026-03-13T10:36:44.451383+00:00
0,Python Developer | Poland,linkedin,Python Developer,Hyland,Poland,On-site,Full-time,Python,,English,,,Recent,https://pl.linkedin.com/jobs/view/python-developer-at-hyland-4380464155,2026-03-13T10:36:44.451541+00:00
0,Python Developer | Poland,linkedin,Python Developer,EY,"Katowice, Śląskie, Poland",On-site,Full-time,Python,,English,,,Recent,https://pl.linkedin.com/jobs/view/python-developer-at-ey-4323275169,2026-03-13T10:36:44.451692+00:00
0,Python Developer | Poland,linkedin,Python Developer,ITDS,Wroclaw Metropolitan Area,On-site,Full-time,Python,,English,,,Recent,https://pl.linkedin.com/jobs/view/python-developer-at-itds-4373949554,2026-03-13T10:36:44.451855+00:00
0,Python Developer | USA,linkedin,Backend Software Engineer II (Python),Bestow,United States,On-site,Full-time,Python,,English,,,Recent,https://www.linkedin.com/jobs/view/backend-software-engineer-ii-python-at-bestow-4305648970,2026-03-13T10:36:46.914927+00:00
0,Python Developer | USA,linkedin,Software Engineer - Python,PayPal,"San Jose, CA",On-site,Full-time,Python,,English,,,Recent,https://www.linkedin.com/jobs/view/software-engineer-python-at-paypal-4377754434,2026-03-13T10:36:46.915120+00:00
0,Python Developer | USA,linkedin,Software Engineer - BE Python,PayPal,"San Jose, CA",On-site,Full-time,Python,,English,,,Recent,https://www.linkedin.com/jobs/view/software-engineer-be-python-at-paypal-4363081581,2026-03-13T10:36:46.915461+00:00
0,Python Developer | USA,linkedin,Python Developer Intern,Precisely,United States,On-site,Internship,Python,Intern,English,,,Recent,https://www.linkedin.com/jobs/view/python-developer-intern-at-precisely-4382115210,2026-03-13T10:36:46.915618+00:00
0,Python Developer | USA,linkedin,Python Developer - Pyspark,Saransh Inc,"New York, NY",On-site,Full-time,Python,,English,,,Recent,https://www.linkedin.com/jobs/view/python-developer-pyspark-at-saransh-inc-4383834023,2026-03-13T10:36:46.915772+00:00
0,Python Developer | USA,linkedin,Backend Engineer Intern,Tinder,"Los Angeles, CA",On-site,Internship,,Intern,English,,,Recent,https://www.linkedin.com/jobs/view/backend-engineer-intern-at-tinder-4324000392,2026-03-13T10:36:46.915928+00:00
0,Python Developer | USA,linkedin,Junior Full Stack Engineer ($250k - $300k salary),Baton Corporation,"New York, NY",On-site,Full-time,,Junior,English,,,Recent,https://www.linkedin.com/jobs/view/junior-full-stack-engineer-%24250k-%24300k-salary-at-baton-corporation-4373590558,2026-03-13T10:36:46.916084+00:00
0,Python Developer | USA,linkedin,Backend Engineer Intern,Tinder,"Palo Alto, CA",On-site,Internship,,Intern,English,,,Recent,https://www.linkedin.com/jobs/view/backend-engineer-intern-at-tinder-4323730907,2026-03-13T10:36:46.916252+00:00
0,Python Developer | USA,linkedin,Python Developer,LTIMindtree,"Tampa, FL",On-site,Full-time,Python,,English,,,Recent,https://www.linkedin.com/jobs/view/python-developer-at-ltimindtree-4367597139,2026-03-13T10:36:46.916405+00:00
0,Python Developer | United Kingdom,linkedin,Python Software Engineer (Contract),McGregor Boyall,"City Of London, England, United Kingdom",On-site,Contract,Python,,English,,,Recent,https://uk.linkedin.com/jobs/view/python-software-engineer-contract-at-mcgregor-boyall-4382447094,2026-03-13T10:36:49.324509+00:00
0,Python Developer | United Kingdom,linkedin,Python Software Engineer,Prima,"London, England, United Kingdom",On-site,Full-time,Python,,English,,,Recent,https://uk.linkedin.com/jobs/view/python-software-engineer-at-prima-4149696449,2026-03-13T10:36:49.324697+00:00
0,Python Developer | United Kingdom,linkedin,"Python Developer - £140,000 + Comps - London",Hunter Bond,"London Area, United Kingdom",On-site,Full-time,Python,,English,,,Recent,https://uk.linkedin.com/jobs/view/python-developer-%C2%A3140-000-%2B-comps-london-at-hunter-bond-4381765708,2026-03-13T10:36:49.324860+00:00
0,Python Developer | United Kingdom,linkedin,Python Developer,numi,"London Area, United Kingdom",On-site,Full-time,Python,,English,,,Recent,https://uk.linkedin.com/jobs/view/python-developer-at-numi-4320569358,2026-03-13T10:36:49.325021+00:00
0,Python Developer | United Kingdom,linkedin,Python Developer,Synechron,"London Area, United Kingdom",On-site,Full-time,Python,,English,,,Recent,https://uk.linkedin.com/jobs/view/python-developer-at-synechron-4382056724,2026-03-13T10:36:49.325172+00:00
0,Python Developer | United Kingdom,linkedin,Back End Developer - Python,Movement8,"London Area, United Kingdom",On-site,Full-time,Python,,English,,,Recent,https://uk.linkedin.com/jobs/view/back-end-developer-python-at-movement8-4382047060,2026-03-13T10:36:49.325347+00:00
0,Python Developer | United Kingdom,linkedin,Python Developer,Ascendion,"London, England, United Kingdom",On-site,Full-time,Python,,English,,,Recent,https://uk.linkedin.com/jobs/view/python-developer-at-ascendion-4382538898,2026-03-13T10:36:49.325500+00:00
0,Python Developer | United Kingdom,linkedin,Python Software Engineer (SWE) - Remote,North Star Staffing,United Kingdom,Remote,Full-time,Python,,English,,,Recent,https://uk.linkedin.com/jobs/view/python-software-engineer-swe-remote-at-north-star-staffing-4383793681,2026-03-13T10:36:49.325644+00:00
0,Python Developer | United Kingdom,linkedin,Python Developer,Spectrum IT Recruitment,"Oxford, England, United Kingdom",On-site,Full-time,Python,,English,,,Recent,https://uk.linkedin.com/jobs/view/python-developer-at-spectrum-it-recruitment-4382409153,2026-03-13T10:36:49.325792+00:00
0,Python Developer | United Kingdom,linkedin,Python Developer,Thyme,"London Area, United Kingdom",On-site,Full-time,Python,,English,,,Recent,https://uk.linkedin.com/jobs/view/python-developer-at-thyme-4356516754,2026-03-13T10:36:49.325942+00:00
0,Python Test | Austria,linkedin,Quality Engineer (m/f/d),SEA.AI,"Linz, Upper Austria, Austria",On-site,Full-time,,,English,,,Recent,https://at.linkedin.com/jobs/view/quality-engineer-m-f-d-at-sea-ai-4373453620,2026-03-13T10:36:54.040482+00:00
0,Python Test | Austria,linkedin,Quality Engineer (m/w/d),Vusion,"Fernitz-Mellach, Styria, Austria",On-site,Full-time,,,English,,,Recent,https://at.linkedin.com/jobs/view/quality-engineer-m-w-d-at-vusion-4380690033,2026-03-13T10:36:54.041126+00:00
0,Python Test | Slovakia,linkedin,SW Test engineer (automation),ESET,"Bratislava, Bratislava, Slovakia",On-site,Full-time,,,English,,,Recent,https://sk.linkedin.com/jobs/view/sw-test-engineer-automation-at-eset-4382568751,2026-03-13T10:37:01.056631+00:00
0,Python Test | Czech Republic,linkedin,Future QA Engineer Opportunities (Gaming Industry),Perform,Dominican Republic,On-site,Full-time,,,English,,,Recent,https://do.linkedin.com/jobs/view/future-qa-engineer-opportunities-gaming-industry-at-perform-4344181481,2026-03-13T10:37:03.402880+00:00
0,Python Test | Czech Republic,linkedin,"Eng I, Software Quality, APM, Temporary",BD Nogales Norte,"Distrito Nacional, Dominican Republic",On-site,Full-time,,,English,,,Recent,https://do.linkedin.com/jobs/view/eng-i-software-quality-apm-temporary-at-bd-nogales-norte-4377555936,2026-03-13T10:37:03.403034+00:00
0,Python Test | Czech Republic,linkedin,Manufacturing Engineer I 2do turno,Medtronic,"San Isidro, Santo Domingo, Dominican Republic",On-site,Full-time,,,English,,,Recent,https://do.linkedin.com/jobs/view/manufacturing-engineer-i-2do-turno-at-medtronic-4380761740,2026-03-13T10:37:03.403188+00:00
0,Python Test | Czech Republic,linkedin,Manufacturing Quality Engineer,Vertiv,Dominican Republic,On-site,Full-time,,,English,,,Recent,https://do.linkedin.com/jobs/view/manufacturing-quality-engineer-at-vertiv-4375447124,2026-03-13T10:37:03.403361+00:00
0,Python Test | Czech Republic,linkedin,Trainee in Application Lab,STMicroelectronics,"Batey 8, Independencia Province, Dominican Republic",On-site,Full-time,,Trainee,English,,,Recent,https://do.linkedin.com/jobs/view/trainee-in-application-lab-at-stmicroelectronics-4377848452,2026-03-13T10:37:03.403515+00:00
0,Python Test | Poland,linkedin,Junior QA Engineer (Automation) – Remote,Indivd,Poland,Remote,Full-time,,Junior,English,,,Recent,https://pl.linkedin.com/jobs/view/junior-qa-engineer-automation-%E2%80%93-remote-at-indivd-4379444416,2026-03-13T10:37:05.840491+00:00
0,Python Test | Poland,linkedin,Junior QA Automation Engineer,Talan,"Warsaw, Mazowieckie, Poland",On-site,Full-time,,Junior,English,,,Recent,https://pl.linkedin.com/jobs/view/junior-qa-automation-engineer-at-talan-4367209775,2026-03-13T10:37:05.840817+00:00
0,Python Test | USA,linkedin,Junior Software Quality Engineer,Helic & Co.,United States,On-site,Full-time,,Junior,English,,,Recent,https://www.linkedin.com/jobs/view/junior-software-quality-engineer-at-helic-co-4384872605,2026-03-13T10:37:08.406077+00:00
0,Python Test | USA,linkedin,QA Tester (Manual + Automation / UiPath),Citizant,"Chantilly, VA",On-site,Full-time,,,English,,,Recent,https://www.linkedin.com/jobs/view/qa-tester-manual-%2B-automation-uipath-at-citizant-4381928993,2026-03-13T10:37:08.406410+00:00
0,Python Test | USA,linkedin,QA Automation Engineer,TriCom Technical Services,"Lenexa, KS",On-site,Full-time,,,English,,,Recent,https://www.linkedin.com/jobs/view/qa-automation-engineer-at-tricom-technical-services-4385135474,2026-03-13T10:37:08.406565+00:00
0,Python Test | USA,linkedin,Quality Assurance Engineer,Sogeti,"Evanston, IL",On-site,Full-time,,,English,,,Recent,https://www.linkedin.com/jobs/view/quality-assurance-engineer-at-sogeti-4383979247,2026-03-13T10:37:08.406716+00:00
0,Python Test | USA,linkedin,Software Test Engineer,Trace3,"Colorado Springs, CO",On-site,Full-time,,,English,,,Recent,https://www.linkedin.com/jobs/view/software-test-engineer-at-trace3-4383248807,2026-03-13T10:37:08.406872+00:00
0,Python Test | USA,linkedin,Junior QA Engineer,Kforce Inc,"Wexford, PA",On-site,Full-time,,Junior,English,,,Recent,https://www.linkedin.com/jobs/view/junior-qa-engineer-at-kforce-inc-4383845468,2026-03-13T10:37:08.407025+00:00
0,Python Test | USA,linkedin,Quality Engineer (Automation + AI Testing),Capgemini,"New York, United States",On-site,Full-time,,,English,,,Recent,https://www.linkedin.com/jobs/view/quality-engineer-automation-%2B-ai-testing-at-capgemini-4382898507,2026-03-13T10:37:08.407177+00:00
0,Python Test | United Kingdom,linkedin,QA Test Engineer,Leo Recruitment Limited,"Poole, England, United Kingdom",On-site,Full-time,,,English,,,Recent,https://uk.linkedin.com/jobs/view/qa-test-engineer-at-leo-recruitment-limited-4383339453,2026-03-13T10:37:10.850736+00:00
0,Firmware Engineer | Germany,linkedin,Software Embedded Engineer,Corsair,"Landshut, Bavaria, Germany",On-site,Full-time,,,English,,,Recent,https://de.linkedin.com/jobs/view/software-embedded-engineer-at-corsair-4351784200,2026-03-13T10:37:13.218491+00:00
0,Firmware Engineer | Germany,linkedin,Embedded Software Ingenieur (w/m/d),XTENDED ENGINEERING GMBH,"Munich, Bavaria, Germany",On-site,Full-time,,,English,,,Recent,https://de.linkedin.com/jobs/view/embedded-software-ingenieur-w-m-d-at-xtended-engineering-gmbh-4384883199,2026-03-13T10:37:13.218680+00:00
0,Firmware Engineer | Germany,linkedin,FREELANCE - Embedded Engineer (m/w/x) - München,requisimus,"Esslingen, Baden-Württemberg, Germany",On-site,Contract,,,English,,,Recent,https://de.linkedin.com/jobs/view/freelance-embedded-engineer-m-w-x-m%C3%BCnchen-at-requisimus-4372465156,2026-03-13T10:37:13.219001+00:00
0,Firmware Engineer | Germany,linkedin,Embedded Software Entwickler (m/w/d),IRS Systementwicklung GmbH,"Wörth an der Donau, Bavaria, Germany",On-site,Full-time,,,German,,,Recent,https://de.linkedin.com/jobs/view/embedded-software-entwickler-m-w-d-at-irs-systementwicklung-gmbh-4364524730,2026-03-13T10:37:13.219162+00:00
0,Firmware Engineer | Germany,linkedin,Embedded Software Engineer (m/f/d) - ADAM Audio GmbH,Focusrite,"Berlin, Berlin, Germany",On-site,Full-time,,,English,,,Recent,https://de.linkedin.com/jobs/view/embedded-software-engineer-m-f-d-adam-audio-gmbh-at-focusrite-4373802816,2026-03-13T10:37:13.219339+00:00
0,Firmware Engineer | Germany,linkedin,Embedded Software Entwickler (m/w/d),IRS Systementwicklung GmbH,"Wörth an der Donau, Bavaria, Germany",On-site,Full-time,,,German,,,Recent,https://de.linkedin.com/jobs/view/embedded-software-entwickler-m-w-d-at-irs-systementwicklung-gmbh-4378914219,2026-03-13T10:37:13.219495+00:00
0,Firmware Engineer | Germany,linkedin,Embedded Software / Firmware Developer (m/w/d),secunet Security Networks AG,"Berlin, Berlin, Germany",On-site,Full-time,Firmware,,English,,,Recent,https://de.linkedin.com/jobs/view/embedded-software-firmware-developer-m-w-d-at-secunet-security-networks-ag-4375269838,2026-03-13T10:37:13.219648+00:00
0,Firmware Engineer | Germany,linkedin,Embedded Software Entwickler Automotive (m/w/d),ACONEXT,"Munich, Bavaria, Germany",On-site,Full-time,,,English,,,Recent,https://de.linkedin.com/jobs/view/embedded-software-entwickler-automotive-m-w-d-at-aconext-4379959159,2026-03-13T10:37:13.219798+00:00
0,Firmware Engineer | Germany,linkedin,Firmware Developer / Entwickler (m/w/d) für Embedded Systems,Lutz Pumpen GmbH,"Wertheim, Baden-Württemberg, Germany",On-site,Full-time,"Embedded Systems, Firmware",R,English,,,Recent,https://de.linkedin.com/jobs/view/firmware-developer-entwickler-m-w-d-f%C3%BCr-embedded-systems-at-lutz-pumpen-gmbh-4379833186,2026-03-13T10:37:13.219947+00:00
0,Firmware Engineer | Austria,linkedin,Embedded Software Developer (f/m/d),Knorr-Bremse Lisieux – Systèmes pour Véhicules Utilitaires,"Mödling, Lower Austria, Austria",On-site,Full-time,,,English,,,Recent,https://at.linkedin.com/jobs/view/embedded-software-developer-f-m-d-at-knorr-bremse-lisieux-%E2%80%93-syst%C3%A8mes-pour-v%C3%A9hicules-utilitaires-4383042743,2026-03-13T10:37:15.566412+00:00
0,Firmware Engineer | Austria,linkedin,"Embedded Engineer, C++",Snap Inc.,"Vienna, Austria",On-site,Full-time,"C, C++",,English,,,Recent,https://at.linkedin.com/jobs/view/embedded-engineer-c%2B%2B-at-snap-inc-4373352430,2026-03-13T10:37:15.566605+00:00
0,Firmware Engineer | Austria,linkedin,"Embedded Software Engineer, Operating System",Snap Inc.,"Vienna, Austria",On-site,Full-time,,,English,,,Recent,https://at.linkedin.com/jobs/view/embedded-software-engineer-operating-system-at-snap-inc-4373350021,2026-03-13T10:37:15.566769+00:00
0,Firmware Engineer | Austria,linkedin,"Embedded Engineer, Camera",Snap Inc.,"Vienna, Austria",On-site,Full-time,,,English,,,Recent,https://at.linkedin.com/jobs/view/embedded-engineer-camera-at-snap-inc-4373339352,2026-03-13T10:37:15.566926+00:00
0,Firmware Engineer | Austria,linkedin,Embedded Software Entwickler/in (m/w/d),MIBA,"Bad Leonfelden, Upper Austria, Austria",On-site,Full-time,,,English,,,Recent,https://at.linkedin.com/jobs/view/embedded-software-entwickler-in-m-w-d-at-miba-4383263121,2026-03-13T10:37:15.567078+00:00
0,Firmware Engineer | Austria,linkedin,Embedded Software Engineer (full-time)  (f/m/d),TriLite Technologies,"Vienna, Vienna, Austria",On-site,Full-time,,,English,,,Recent,https://at.linkedin.com/jobs/view/embedded-software-engineer-full-time-f-m-d-at-trilite-technologies-4364588916,2026-03-13T10:37:15.567245+00:00
0,Firmware Engineer | Austria,linkedin,Embedded Systems Engineer (HW & SW),Cellectric Biosciences,"Vienna, Austria",On-site,Full-time,Embedded Systems,,English,,,Recent,https://at.linkedin.com/jobs/view/embedded-systems-engineer-hw-sw-at-cellectric-biosciences-4375682410,2026-03-13T10:37:15.567563+00:00
0,Firmware Engineer | Austria,linkedin,Software Engineer,Talos Automation,"Styria, Austria",On-site,Full-time,,,English,,,Recent,https://at.linkedin.com/jobs/view/software-engineer-at-talos-automation-4375539342,2026-03-13T10:37:15.567718+00:00
0,Firmware Engineer | Austria,linkedin,Embedded Software Engineer (all genders),Beyond Gravity,"Vienna, Vienna, Austria",On-site,Full-time,,,English,,,Recent,https://at.linkedin.com/jobs/view/embedded-software-engineer-all-genders-at-beyond-gravity-4381414954,2026-03-13T10:37:15.567867+00:00
0,Firmware Engineer | Switzerland,linkedin,Embedded Software Engineer – e-Bike Systems,Specialized Bicycle Components,"Cham, Zug, Switzerland",On-site,Full-time,,,English,,,Recent,https://ch.linkedin.com/jobs/view/embedded-software-engineer-%E2%80%93-e-bike-systems-at-specialized-bicycle-components-4249261377,2026-03-13T10:37:17.969137+00:00
0,Firmware Engineer | Switzerland,linkedin,Embedded Engineer,NielsenIQ,"Kriegstetten, Solothurn, Switzerland",On-site,Full-time,,,English,,,Recent,https://ch.linkedin.com/jobs/view/embedded-engineer-at-nielseniq-4382425033,2026-03-13T10:37:17.969352+00:00
0,Firmware Engineer | Switzerland,linkedin,Embedded Software Engineer (R&D),rheonics,"Winterthur, Zurich, Switzerland",On-site,Full-time,,R,English,,,Recent,https://ch.linkedin.com/jobs/view/embedded-software-engineer-r-d-at-rheonics-4380301118,2026-03-13T10:37:17.969513+00:00
0,Firmware Engineer | Switzerland,linkedin,C++ Software Engineer (80%-100%) – Zug,Code Compass 🧭,"Zug, Switzerland",Remote,Full-time,"C, C++",,English,,,Recent,https://ch.linkedin.com/jobs/view/c%2B%2B-software-engineer-80%25-100%25-%E2%80%93-zug-at-code-compass-%F0%9F%A7%AD-4380297590,2026-03-13T10:37:17.969665+00:00
0,Firmware Engineer | Switzerland,linkedin,Embedded Software Engineer – e Bike Systems (80–100%),Specialized Bicycle Components,"Cham, Zug, Switzerland",Remote,Full-time,,,English,,,Recent,https://ch.linkedin.com/jobs/view/embedded-software-engineer-%E2%80%93-e-bike-systems-80%E2%80%93100%25-at-specialized-bicycle-components-4371434879,2026-03-13T10:37:17.969825+00:00
0,Firmware Engineer | Switzerland,linkedin,Junior Software Engineer,Supertext,"Zurich, Zurich, Switzerland",On-site,Full-time,,Junior,English,,,Recent,https://ch.linkedin.com/jobs/view/junior-software-engineer-at-supertext-4382060652,2026-03-13T10:37:17.970322+00:00
0,Firmware Engineer | Switzerland,linkedin,"Software Engineer, Wireless and IoT",Cisco,"Écublens, Vaud, Switzerland",On-site,Full-time,,,English,,,Recent,https://ch.linkedin.com/jobs/view/software-engineer-wireless-and-iot-at-cisco-4367616184,2026-03-13T10:37:17.970626+00:00
0,Firmware Engineer | Remote,linkedin,Embedded Firmware Engineer (6-months limited contract),Bragi,Germany,Remote,Contract,Firmware,,English,,,Recent,https://de.linkedin.com/jobs/view/embedded-firmware-engineer-6-months-limited-contract-at-bragi-4381733845,2026-03-13T10:37:20.348089+00:00
0,Firmware Engineer | Remote,linkedin,Embedded Software Engineer,XpertDirect,"Munich, Bavaria, Germany",Remote,Full-time,,,English,,,Recent,https://de.linkedin.com/jobs/view/embedded-software-engineer-at-xpertdirect-4378164836,2026-03-13T10:37:20.348456+00:00
0,Firmware Engineer | Remote,linkedin,Software Engineer (m/w/d),IBB Institut für Berufliche Bildung AG,"Berlin, Berlin, Germany",Remote,Full-time,,R,English,,,Recent,https://de.linkedin.com/jobs/view/software-engineer-m-w-d-at-ibb-institut-f%C3%BCr-berufliche-bildung-ag-4384843676,2026-03-13T10:37:20.348769+00:00
0,Firmware Engineer | Remote,linkedin,Embedded Softwareentwickler (m/w/d),ICT Digital Solutions GmbH,Germany,Remote,Full-time,,,English,,,Recent,https://de.linkedin.com/jobs/view/embedded-softwareentwickler-m-w-d-at-ict-digital-solutions-gmbh-4364111996,2026-03-13T10:37:20.348927+00:00
0,Firmware Engineer | Remote,linkedin,Freelance Embedded Software Engineer,Vivid Resourcing,Germany,Remote,Contract,,,English,,,Recent,https://de.linkedin.com/jobs/view/freelance-embedded-software-engineer-at-vivid-resourcing-4383759739,2026-03-13T10:37:20.349095+00:00
0,Firmware Engineer | Remote,linkedin,Software Engineer | Remote,Crossing Hurdles,Germany,Remote,Full-time,,,English,,,Recent,https://de.linkedin.com/jobs/view/software-engineer-remote-at-crossing-hurdles-4382849391,2026-03-13T10:37:20.349563+00:00
0,Firmware Engineer | Slovakia,linkedin,C++/Rust Software Engineer,Innovatrics,"Bratislava, Bratislava, Slovakia",On-site,Full-time,"C, C++, Rust",,English,,,Recent,https://sk.linkedin.com/jobs/view/c%2B%2B-rust-software-engineer-at-innovatrics-4384588618,2026-03-13T10:37:22.700979+00:00
0,Firmware Engineer | Slovakia,linkedin,Software Engineer,Eleveo,Kosice Metropolitan Area,On-site,Full-time,,,English,,,Recent,https://sk.linkedin.com/jobs/view/software-engineer-at-eleveo-4379863032,2026-03-13T10:37:22.701137+00:00
0,Firmware Engineer | Slovakia,linkedin,Software Engineer,Cisco,"Bratislava, Bratislava, Slovakia",On-site,Full-time,,,English,,,Recent,https://sk.linkedin.com/jobs/view/software-engineer-at-cisco-4369673005,2026-03-13T10:37:22.701473+00:00
0,Firmware Engineer | Slovakia,linkedin,Java Software Engineer,ITmatch,"Bratislava, Slovakia",On-site,Full-time,Java,,English,,,Recent,https://sk.linkedin.com/jobs/view/java-software-engineer-at-itmatch-4384142226,2026-03-13T10:37:22.701630+00:00
0,Firmware Engineer | Slovakia,linkedin,Software Engineer,Cisco,"Bratislava, Bratislava, Slovakia",On-site,Full-time,,,English,,,Recent,https://sk.linkedin.com/jobs/view/software-engineer-at-cisco-4369669372,2026-03-13T10:37:22.701804+00:00
0,Firmware Engineer | Slovakia,linkedin,Software Engineer,Cisco,"Bratislava, Bratislava, Slovakia",On-site,Full-time,,,English,,,Recent,https://sk.linkedin.com/jobs/view/software-engineer-at-cisco-4369656700,2026-03-13T10:37:22.701959+00:00
0,Firmware Engineer | Slovakia,linkedin,Node.js Software Engineer (Mid Level),Innovatrics,"Bratislava, Bratislava, Slovakia",On-site,Full-time,,Node.Js,English,,,Recent,https://sk.linkedin.com/jobs/view/node-js-software-engineer-mid-level-at-innovatrics-4383806918,2026-03-13T10:37:22.702283+00:00
0,Firmware Engineer | Czech Republic,linkedin,Software Engineer,Tata Communications,"Santo Domingo, Distrito Nacional, Dominican Republic",On-site,Full-time,,,English,,,Recent,https://do.linkedin.com/jobs/view/software-engineer-at-tata-communications-4383373744,2026-03-13T10:37:25.039853+00:00
0,Firmware Engineer | Czech Republic,linkedin,Remote Software Engineer (AI Code Evaluation),Braintrust,Dominican Republic,Remote,Full-time,,,English,,,Recent,https://do.linkedin.com/jobs/view/remote-software-engineer-ai-code-evaluation-at-braintrust-4343870033,2026-03-13T10:37:25.040391+00:00
0,Firmware Engineer | Czech Republic,linkedin,Mobile Software Engineer - Remote - Latin America,FullStack,"Santo Domingo Oeste, Santo Domingo, Dominican Republic",Remote,Full-time,,,English,,,Recent,https://do.linkedin.com/jobs/view/mobile-software-engineer-remote-latin-america-at-fullstack-4382119204,2026-03-13T10:37:25.040546+00:00
0,Firmware Engineer | Czech Republic,linkedin,Mobile Software Engineer - Remote - Latin America,FullStack,Dominican Republic,Remote,Full-time,,,English,,,Recent,https://do.linkedin.com/jobs/view/mobile-software-engineer-remote-latin-america-at-fullstack-4382115453,2026-03-13T10:37:25.040698+00:00
0,Firmware Engineer | Czech Republic,linkedin,Mobile Software Engineer - Remote - Latin America,FullStack,"San Cristóbal, San Cristóbal, Dominican Republic",Remote,Full-time,,,English,,,Recent,https://do.linkedin.com/jobs/view/mobile-software-engineer-remote-latin-america-at-fullstack-4382121194,2026-03-13T10:37:25.040847+00:00
0,Firmware Engineer | Czech Republic,linkedin,Mobile Software Engineer - Remote - Latin America,FullStack,"Santo Domingo Este, Santo Domingo, Dominican Republic",Remote,Full-time,,,English,,,Recent,https://do.linkedin.com/jobs/view/mobile-software-engineer-remote-latin-america-at-fullstack-4382105916,2026-03-13T10:37:25.041001+00:00
0,Firmware Engineer | Czech Republic,linkedin,Mobile Software Engineer - Remote - Latin America,FullStack,"San Pedro de Macorís, San Pedro de Macorís, Dominican Republic",Remote,Full-time,,,English,,,Recent,https://do.linkedin.com/jobs/view/mobile-software-engineer-remote-latin-america-at-fullstack-4382107718,2026-03-13T10:37:25.041151+00:00
0,Firmware Engineer | Czech Republic,linkedin,Mobile Software Engineer - Remote - Latin America,FullStack,"Santo Domingo, Dominican Republic",Remote,Full-time,,,English,,,Recent,https://do.linkedin.com/jobs/view/mobile-software-engineer-remote-latin-america-at-fullstack-4382123011,2026-03-13T10:37:25.041333+00:00
0,Firmware Engineer | Poland,linkedin,"Embedded Software Engineer, Ring",Ring,Gdansk Metropolitan Area,On-site,Full-time,,,English,,,Recent,https://pl.linkedin.com/jobs/view/embedded-software-engineer-ring-at-ring-4373538910,2026-03-13T10:37:27.420923+00:00
0,Firmware Engineer | Poland,linkedin,"Software Engineer, FinOps",Samba TV,"Warsaw, Mazowieckie, Poland",On-site,Full-time,,,English,,,Recent,https://pl.linkedin.com/jobs/view/software-engineer-finops-at-samba-tv-4312933080,2026-03-13T10:37:27.421086+00:00
0,Firmware Engineer | Poland,linkedin,Junior Software Engineer,Asana,"Warsaw, Mazowieckie, Poland",On-site,Full-time,,"Junior, Asana",English,,,Recent,https://pl.linkedin.com/jobs/view/junior-software-engineer-at-asana-4315919819,2026-03-13T10:37:27.421264+00:00
0,Firmware Engineer | Poland,linkedin,Embedded Software Engineer,Verkada,"Krakowski, Małopolskie, Poland",On-site,Full-time,,,English,,,Recent,https://pl.linkedin.com/jobs/view/embedded-software-engineer-at-verkada-4365303970,2026-03-13T10:37:27.421427+00:00
0,Firmware Engineer | Poland,linkedin,Software Engineer,Netguru,Poland,On-site,Full-time,,,English,,,Recent,https://pl.linkedin.com/jobs/view/software-engineer-at-netguru-4380789885,2026-03-13T10:37:27.421588+00:00
0,Firmware Engineer | Poland,linkedin,Software Engineer,Asana,"Warsaw, Mazowieckie, Poland",On-site,Full-time,,Asana,English,,,Recent,https://pl.linkedin.com/jobs/view/software-engineer-at-asana-4315918840,2026-03-13T10:37:27.421749+00:00
0,Firmware Engineer | Poland,linkedin,Embedded Software Engineer,Seargin,"Katowice, Śląskie, Poland",On-site,Full-time,,,English,,,Recent,https://pl.linkedin.com/jobs/view/embedded-software-engineer-at-seargin-4376575093,2026-03-13T10:37:27.421910+00:00
0,Firmware Engineer | Poland,linkedin,Embedded Software Engineer (Robotics),SQUAD,"Wrocław, Dolnośląskie, Poland",On-site,Full-time,,,English,,,Recent,https://pl.linkedin.com/jobs/view/embedded-software-engineer-robotics-at-squad-4377048000,2026-03-13T10:37:27.422067+00:00
0,Firmware Engineer | Poland,linkedin,"Software Engineer, Backend",Asana,"Warsaw, Mazowieckie, Poland",On-site,Full-time,,Asana,English,,,Recent,https://pl.linkedin.com/jobs/view/software-engineer-backend-at-asana-4315930738,2026-03-13T10:37:27.422242+00:00
0,Firmware Engineer | USA,linkedin,Embedded Software Engineer,Meta,"Burlingame, CA",On-site,Full-time,,,English,,,Recent,https://www.linkedin.com/jobs/view/embedded-software-engineer-at-meta-4301803390,2026-03-13T10:37:29.930323+00:00
0,Firmware Engineer | USA,linkedin,New Grad Software Engineer,Authentic,"New York, NY",On-site,Full-time,,,English,,,Recent,https://www.linkedin.com/jobs/view/new-grad-software-engineer-at-authentic-4377107338,2026-03-13T10:37:29.930502+00:00
0,Firmware Engineer | USA,linkedin,Embedded Software Engineer,Meta,"Sunnyvale, CA",On-site,Full-time,,,English,,,Recent,https://www.linkedin.com/jobs/view/embedded-software-engineer-at-meta-4301499980,2026-03-13T10:37:29.930675+00:00
0,Firmware Engineer | USA,linkedin,Embedded Software Engineer,Meta,"Redmond, WA",On-site,Full-time,,,English,,,Recent,https://www.linkedin.com/jobs/view/embedded-software-engineer-at-meta-4301812138,2026-03-13T10:37:29.930831+00:00
0,Firmware Engineer | USA,linkedin,Software Engineer (New Grads) -  New York,Giga,"New York, NY",On-site,Full-time,,,English,,,Recent,https://www.linkedin.com/jobs/view/software-engineer-new-grads-new-york-at-giga-4374834620,2026-03-13T10:37:29.930982+00:00
0,Firmware Engineer | USA,linkedin,"Software Engineer, Rider",Lyft,"New York, NY",On-site,Full-time,,,English,,,Recent,https://www.linkedin.com/jobs/view/software-engineer-rider-at-lyft-4382127500,2026-03-13T10:37:29.931131+00:00
0,Firmware Engineer | USA,linkedin,Embedded Software Engineer,Meta,"San Diego, CA",On-site,Full-time,,,English,,,Recent,https://www.linkedin.com/jobs/view/embedded-software-engineer-at-meta-4301812137,2026-03-13T10:37:29.931299+00:00
0,Firmware Engineer | USA,linkedin,Embedded Software Engineer,Meta,"Austin, TX",On-site,Full-time,,,English,,,Recent,https://www.linkedin.com/jobs/view/embedded-software-engineer-at-meta-4301819047,2026-03-13T10:37:29.931451+00:00
0,Firmware Engineer | USA,linkedin,Embedded Software Engineer Intern,Nuro,"Mountain View, CA",On-site,Internship,,Intern,English,,,Recent,https://www.linkedin.com/jobs/view/embedded-software-engineer-intern-at-nuro-4360007303,2026-03-13T10:37:29.931602+00:00
0,Firmware Engineer | United Kingdom,linkedin,"Software Engineer, New Grad",Deliveroo,"London, England, United Kingdom",On-site,Full-time,,,English,,,Recent,https://uk.linkedin.com/jobs/view/software-engineer-new-grad-at-deliveroo-4379662791,2026-03-13T10:37:32.314529+00:00
0,Firmware Engineer | United Kingdom,linkedin,Embedded Systems & Software Developer (Graduate Junior),hireful,"Wolverhampton, England, United Kingdom",On-site,Full-time,Embedded Systems,"Junior, Graduate",English,,,Recent,https://uk.linkedin.com/jobs/view/embedded-systems-software-developer-graduate-junior-at-hireful-4377048822,2026-03-13T10:37:32.314877+00:00
0,Firmware Engineer | United Kingdom,linkedin,"Software Engineer, Infrastructure",Meta,"London, England, United Kingdom",On-site,Full-time,,,English,,,Recent,https://uk.linkedin.com/jobs/view/software-engineer-infrastructure-at-meta-4254319485,2026-03-13T10:37:32.315034+00:00
0,Firmware Engineer | United Kingdom,linkedin,Embedded Software and Firmware Engineer,Oxford Quantum Circuits (OQC),"Reading, England, United Kingdom",On-site,Full-time,Firmware,,English,,,Recent,https://uk.linkedin.com/jobs/view/embedded-software-and-firmware-engineer-at-oxford-quantum-circuits-oqc-4382672715,2026-03-13T10:37:32.315191+00:00
0,Firmware Engineer | United Kingdom,linkedin,Software Engineer,Red Bull Racing & Red Bull Technology,"Milton Keynes, England, United Kingdom",On-site,Full-time,,,English,,,Recent,https://uk.linkedin.com/jobs/view/software-engineer-at-red-bull-racing-red-bull-technology-4375990471,2026-03-13T10:37:32.315365+00:00
0,Firmware Engineer | United Kingdom,linkedin,Software Engineer - London,Zopa Bank,"London, England, United Kingdom",On-site,Full-time,,,English,,,Recent,https://uk.linkedin.com/jobs/view/software-engineer-london-at-zopa-bank-4036813631,2026-03-13T10:37:32.315514+00:00
0,Firmware Engineer | United Kingdom,linkedin,Software Engineer,Manchester Digital,"Manchester, England, United Kingdom",On-site,Full-time,,,English,,,Recent,https://uk.linkedin.com/jobs/view/software-engineer-at-manchester-digital-4381002597,2026-03-13T10:37:32.315664+00:00
0,Firmware Engineer | United Kingdom,linkedin,Software Engineer,Markel International,"Leeds, England, United Kingdom",On-site,Internship,,,English,,,Recent,https://uk.linkedin.com/jobs/view/software-engineer-at-markel-international-4371180014,2026-03-13T10:37:32.315963+00:00
