relevance_score,search_criteria,provider,title,company,location,work_location_type,employment_type,matching_skills,missing_skills,detected_languages,matched_roles,salary_hint,posted_at_relative,link,scraped_at
44,Firmware Engineer | Czech Republic,linkedin,Senior Software Engineer,Microsoft,Dominican Republic,On-site,Full-time,,Senior,English,Senior,,Recent,https://do.linkedin.com/jobs/view/senior-software-engineer-at-microsoft-4367912659,2026-02-25T10:52:47.449459+00:00
44,Firmware Engineer | Czech Republic,linkedin,Senior Software Engineer,Microsoft,Dominican Republic,On-site,Full-time,,Senior,English,Senior,,Recent,https://do.linkedin.com/jobs/view/senior-software-engineer-at-microsoft-4375676906,2026-02-25T10:52:47.449594+00:00
29,Test Engineer | Switzerland,linkedin,"Software Engineer (Search), MLPT - ASE",Apple,"Zurich, Zurich, Switzerland",On-site,Full-time,,,English,,,Recent,https://ch.linkedin.com/jobs/view/software-engineer-search-mlpt-ase-at-apple-4365885234,2026-02-25T10:50:52.196870+00:00
29,Test Engineer | Czech Republic,linkedin,Software Engineer,Microsoft,Dominican Republic,On-site,Full-time,,,English,,,Recent,https://do.linkedin.com/jobs/view/software-engineer-at-microsoft-4358545163,2026-02-25T10:50:59.261859+00:00
29,Testingenieur | Germany,linkedin,"Test Engineer (Ingolstadt, Automotive)",Intellias,"Ingolstadt, Bavaria, Germany",On-site,Full-time,,,English,,,Recent,https://de.linkedin.com/jobs/view/test-engineer-ingolstadt-automotive-at-intellias-4369202080,2026-02-25T10:51:09.217612+00:00
29,Testingenieur | Poland,linkedin,Test Engineer (Android experience required),Intellias,"Cracow, Małopolskie, Poland",On-site,Full-time,,,English,,,Recent,https://pl.linkedin.com/jobs/view/test-engineer-android-experience-required-at-intellias-4366353203,2026-02-25T10:51:23.341457+00:00
29,Testingenieur | USA,linkedin,Mechanical Testing Engineer,Google,"Mountain View, CA",On-site,Full-time,,,English,,,Recent,https://www.linkedin.com/jobs/view/mechanical-testing-engineer-at-google-4371550470,2026-02-25T10:51:25.933311+00:00
29,Python Developer | Czech Republic,linkedin,Software Engineering - DevDiv Core AI,Microsoft,Dominican Republic,On-site,Full-time,,,English,,,Recent,https://do.linkedin.com/jobs/view/software-engineering-devdiv-core-ai-at-microsoft-4344495809,2026-02-25T10:52:04.216143+00:00
29,Python Developer | USA,linkedin,Software Engineer - Early Career (Backend/Data),Apple,"Austin, TX",On-site,Full-time,,,English,,,Recent,https://www.linkedin.com/jobs/view/software-engineer-early-career-backend-data-at-apple-4377565789,2026-02-25T10:52:09.176956+00:00
29,Python Test | Czech Republic,linkedin,AI Software Engineer,Microsoft,Dominican Republic,On-site,Full-time,,,English,,,Recent,https://do.linkedin.com/jobs/view/ai-software-engineer-at-microsoft-4358974601,2026-02-25T10:52:25.817054+00:00
29,Firmware Engineer | Czech Republic,linkedin,Software Engineer - ASP.NET Platform,Microsoft,Dominican Republic,On-site,Full-time,,,English,,,Recent,https://do.linkedin.com/jobs/view/software-engineer-asp-net-platform-at-microsoft-4370985648,2026-02-25T10:52:47.448633+00:00
29,Firmware Engineer | Czech Republic,linkedin,Software Engineer II,Microsoft,Dominican Republic,On-site,Full-time,,,English,,,Recent,https://do.linkedin.com/jobs/view/software-engineer-ii-at-microsoft-4374720831,2026-02-25T10:52:47.449325+00:00
29,Firmware Engineer | USA,linkedin,Embedded Software Engineer,Apple,"Cupertino, CA",On-site,Full-time,,,English,,,Recent,https://www.linkedin.com/jobs/view/embedded-software-engineer-at-apple-4365911923,2026-02-25T10:52:52.413875+00:00
29,Firmware Engineer | USA,linkedin,Software Engineer - VE,Apple,"Cupertino, CA",On-site,Full-time,,,English,,,Recent,https://www.linkedin.com/jobs/view/software-engineer-ve-at-apple-4366451379,2026-02-25T10:52:52.414489+00:00
29,Firmware Engineer | United Kingdom,linkedin,"Software Engineer, London",Apple,"London, England, United Kingdom",On-site,Full-time,,,English,,,Recent,https://uk.linkedin.com/jobs/view/software-engineer-london-at-apple-4366866689,2026-02-25T10:52:54.855233+00:00
14,Tester | Germany,linkedin,Test Engineer,avacone Switzerland,"Mannheim, Baden-Württemberg, Germany",On-site,Contract,,"Lead, Safe, Agile, Scrum",English,Lead,,Recent,https://de.linkedin.com/jobs/view/test-engineer-at-avacone-switzerland-4374941490,2026-02-25T10:50:04.604940+00:00
14,Tester | Germany,linkedin,Game QA Tester,welevel,"Munich, Bavaria, Germany",On-site,Internship,,"Senior, Lead, Regression Testing",English,"Lead, Senior",,Recent,https://de.linkedin.com/jobs/view/game-qa-tester-at-welevel-4371993029,2026-02-25T10:50:04.605143+00:00
14,Tester | Germany,linkedin,Senior Tester (w/m/d),inasys,"Sankt Augustin, North Rhine-Westphalia, Germany",On-site,Full-time,,Senior,English,Senior,,Recent,https://de.linkedin.com/jobs/view/senior-tester-w-m-d-at-inasys-4360942637,2026-02-25T10:50:04.605884+00:00
14,Tester | Austria,linkedin,Software Test/QA Engineer  @ 3-S-IT Dienstleistungen GmbH,DEVjobs,"Vienna, Austria",Remote,Full-time,"Ci/Cd, Playwright, Test Automation, Typescript","R, Bdd, Cucumber, Regression Testing, Zephyr, Senior",German,Senior,,Recent,https://at.linkedin.com/jobs/view/software-test-qa-engineer-%40-3-s-it-dienstleistungen-gmbh-at-devjobs-4370636329,2026-02-25T10:50:06.928228+00:00
14,Tester | Switzerland,linkedin,Senior Test Engineer,H55,"Sion, Valais, Switzerland",On-site,Full-time,,Senior,English,Senior,,Recent,https://ch.linkedin.com/jobs/view/senior-test-engineer-at-h55-4375428762,2026-02-25T10:50:09.270587+00:00
14,Tester | Slovakia,linkedin,Senior Quality Assurance Tester,Avenga,"Bratislava, Slovakia",On-site,Full-time,,Senior,English,Senior,,Recent,https://sk.linkedin.com/jobs/view/senior-quality-assurance-tester-at-avenga-4359843321,2026-02-25T10:50:13.989979+00:00
14,Tester | Czech Republic,linkedin,Senior QA Engineer - ServiceNow (Test Automation) - Finance,Truelogic Software,Dominican Republic,On-site,Full-time,Test Automation,Senior,English,Senior,,Recent,https://do.linkedin.com/jobs/view/senior-qa-engineer-servicenow-test-automation-finance-at-truelogic-software-4371242203,2026-02-25T10:50:16.314097+00:00
14,Tester | Czech Republic,linkedin,Senior Industrialization Test Engineer,Eaton,"Santo Domingo, Distrito Nacional, Dominican Republic",On-site,Full-time,,Senior,English,Senior,,Recent,https://do.linkedin.com/jobs/view/senior-industrialization-test-engineer-at-eaton-4356700885,2026-02-25T10:50:16.314238+00:00
14,Tester | United Kingdom,linkedin,Senior Data Manual Tester,Solirius Reply,"London, England, United Kingdom",On-site,Full-time,,Senior,English,Senior,,Recent,https://uk.linkedin.com/jobs/view/senior-data-manual-tester-at-solirius-reply-4368654186,2026-02-25T10:50:23.612948+00:00
14,QA Engineer | Germany,linkedin,Senior Quality Assurance Engineer,SGI,"Berlin, Germany",On-site,Full-time,,Senior,English,Senior,,Recent,https://de.linkedin.com/jobs/view/senior-quality-assurance-engineer-at-sgi-4363260868,2026-02-25T10:50:25.961575+00:00
14,QA Engineer | Austria,linkedin,Senior Test Automation Engineer (m/w/d),Deutsche Telekom,"Fünfkirchen, Lower Austria, Austria",On-site,Full-time,Test Automation,Senior,English,Senior,,Recent,https://at.linkedin.com/jobs/view/senior-test-automation-engineer-m-w-d-at-deutsche-telekom-4376801923,2026-02-25T10:50:28.323023+00:00
14,QA Engineer | Remote,linkedin,Senior Quality Assurance Engineer,HiveMQ,"Berlin, Berlin, Germany",Remote,Full-time,,Senior,English,Senior,,Recent,https://de.linkedin.com/jobs/view/senior-quality-assurance-engineer-at-hivemq-4364406728,2026-02-25T10:50:33.039390+00:00
14,QA Engineer | Remote,linkedin,Senior QA Engineer,vCluster,"Berlin, Berlin, Germany",Remote,Full-time,,Senior,English,Senior,,Recent,https://de.linkedin.com/jobs/view/senior-qa-engineer-at-vcluster-4372189582,2026-02-25T10:50:33.039516+00:00
14,QA Engineer | Slovakia,linkedin,Senior QA Engineer,NATEK,"Bratislava, Slovakia",On-site,Full-time,,Senior,English,Senior,,Recent,https://sk.linkedin.com/jobs/view/senior-qa-engineer-at-natek-4361805031,2026-02-25T10:50:35.372431+00:00
14,QA Engineer | Slovakia,linkedin,Expert Quality Assurance (QA) Engineer,Qualco Group,"Bratislava, Bratislava, Slovakia",On-site,Full-time,,Expert,English,Expert,,Recent,https://sk.linkedin.com/jobs/view/expert-quality-assurance-qa-engineer-at-qualco-group-4368493997,2026-02-25T10:50:35.372578+00:00
14,QA Engineer | Slovakia,linkedin,Senior Quality Assurance Engineer,NATEK,"Bratislava, Slovakia",On-site,Full-time,,Senior,English,Senior,,Recent,https://sk.linkedin.com/jobs/view/senior-quality-assurance-engineer-at-natek-4361075753,2026-02-25T10:50:35.372729+00:00
14,QA Engineer | Slovakia,linkedin,Senior QA Automation Engineer,Deutsche Telekom IT Solutions Slovakia,"Košice-Juh, Kosice, Slovakia",On-site,Full-time,,Senior,English,Senior,,Recent,https://sk.linkedin.com/jobs/view/senior-qa-automation-engineer-at-deutsche-telekom-it-solutions-slovakia-4366155984,2026-02-25T10:50:35.373021+00:00
14,QA Engineer | Slovakia,linkedin,Manual QA Engineer (Middle/Senior) ID48059,AgileEngine,"Trenčín, Trenciansky, Slovakia",On-site,Full-time,,Senior,English,Senior,,Recent,https://sk.linkedin.com/jobs/view/manual-qa-engineer-middle-senior-id48059-at-agileengine-4376400820,2026-02-25T10:50:35.373207+00:00
14,Test Engineer | Austria,linkedin,Senior Python Engineer - Functional Testing Project via Mindrift,Mindrift,Austria,On-site,Contract,Python,Senior,English,Senior,,Recent,https://at.linkedin.com/jobs/view/senior-python-engineer-functional-testing-project-via-mindrift-at-mindrift-4377166098,2026-02-25T10:50:49.832882+00:00
14,Test Engineer | Remote,linkedin,Senior Python Engineer - Functional Testing Project via Mindrift,Mindrift,"Berlin, Berlin, Germany",Remote,Contract,Python,Senior,English,Senior,,Recent,https://de.linkedin.com/jobs/view/senior-python-engineer-functional-testing-project-via-mindrift-at-mindrift-4377142915,2026-02-25T10:50:54.558156+00:00
14,Test Engineer | Remote,linkedin,Senior Python Engineer - Functional Testing Project via Mindrift,Mindrift,"Hamburg, Hamburg, Germany",Remote,Contract,Python,Senior,English,Senior,,Recent,https://de.linkedin.com/jobs/view/senior-python-engineer-functional-testing-project-via-mindrift-at-mindrift-4377163065,2026-02-25T10:50:54.558434+00:00
14,Testingenieur | Germany,linkedin,(Senior-)Testingenieur (m/w/d) - ADAS,Applus+ IDIADA,"Ingolstadt, Bavaria, Germany",On-site,Full-time,,Senior,English,Senior,,Recent,https://de.linkedin.com/jobs/view/senior-testingenieur-m-w-d-adas-at-applus%2B-idiada-4366382153,2026-02-25T10:51:09.217762+00:00
14,Testingenieur | Austria,linkedin,Testmanager:in mit Erfahrung in Testautomatisierung (w/m/d),Flughafen Wien - Vienna Airport,"Schwechat, Lower Austria, Austria",On-site,Full-time,Test Automation,,German,Test Manager,,Recent,https://at.linkedin.com/jobs/view/testmanager-in-mit-erfahrung-in-testautomatisierung-w-m-d-at-flughafen-wien-vienna-airport-4373326709,2026-02-25T10:51:11.576250+00:00
14,Testingenieur | Slovakia,linkedin,Application Engineer ( Junior - Senior),Optotune,"Trnava, Trnava Region, Slovakia",On-site,Full-time,,"Senior, Junior",English,Senior,,Recent,https://sk.linkedin.com/jobs/view/application-engineer-junior-senior-at-optotune-4361781454,2026-02-25T10:51:18.612801+00:00
14,Test Automation | Germany,linkedin,Senior QA & Test Automation Lead (m/f/d),Nagarro,Germany,On-site,Full-time,Test Automation,"Senior, Lead",English,"Lead, Senior",,Recent,https://de.linkedin.com/jobs/view/senior-qa-test-automation-lead-m-f-d-at-nagarro-4367528203,2026-02-25T10:51:30.706426+00:00
14,Test Automation | Germany,linkedin,Senior QA Automation Engineer,1GLOBAL,"Berlin, Berlin, Germany",On-site,Full-time,,Senior,English,Senior,,Recent,https://de.linkedin.com/jobs/view/senior-qa-automation-engineer-at-1global-4370672251,2026-02-25T10:51:30.707014+00:00
14,Test Automation | Austria,linkedin,Senior QA & Test Automation Lead (all genders),Nagarro,Austria,On-site,Full-time,Test Automation,"Senior, Lead",English,"Lead, Senior",,Recent,https://at.linkedin.com/jobs/view/senior-qa-test-automation-lead-all-genders-at-nagarro-4374319944,2026-02-25T10:51:33.051227+00:00
14,Test Automation | Austria,linkedin,Test Manager (m/w/d),Deutsche Telekom,"Fünfkirchen, Lower Austria, Austria",On-site,Full-time,,,English,Test Manager,,Recent,https://at.linkedin.com/jobs/view/test-manager-m-w-d-at-deutsche-telekom-4376822062,2026-02-25T10:51:33.051827+00:00
14,Test Automation | Austria,linkedin,Quality Assurance Specialist (Software Tester) (m/f/d) - Freelancer,Roche,"Vienna, Vienna, Austria",On-site,Contract,,Freelancer,English,Freelancer,,Recent,https://at.linkedin.com/jobs/view/quality-assurance-specialist-software-tester-m-f-d-freelancer-at-roche-4375047176,2026-02-25T10:51:33.052345+00:00
14,Test Automation | Austria,linkedin,Senior Consultant Test Automation Engineer (m/w/d),QESTIT DACH,"Vienna, Austria",On-site,Full-time,Test Automation,"Senior, Consultant",English,"Consultant, Senior",,Recent,https://at.linkedin.com/jobs/view/senior-consultant-test-automation-engineer-m-w-d-at-qestit-dach-4374899052,2026-02-25T10:51:33.052482+00:00
14,Test Automation | Austria,linkedin,Testmanager:in,APC Business Services GmbH,"Linz, Upper Austria, Austria",On-site,Full-time,,,English,Test Manager,,Recent,https://at.linkedin.com/jobs/view/testmanager-in-at-apc-business-services-gmbh-4371827764,2026-02-25T10:51:33.052620+00:00
14,Test Automation | Switzerland,linkedin,Senior Test Automation Engineer / QA Lead (m/w/d),PEAX AG,"Lucerne, Lucerne, Switzerland",On-site,Full-time,Test Automation,"Senior, Lead",English,"Lead, QA Lead, Senior",,Recent,https://ch.linkedin.com/jobs/view/senior-test-automation-engineer-qa-lead-m-w-d-at-peax-ag-4372369646,2026-02-25T10:51:35.432141+00:00
14,Test Automation | Switzerland,linkedin,Test Manager,TechFirm Information Systems,"Geneva, Switzerland",On-site,Full-time,,,English,Test Manager,,Recent,https://ch.linkedin.com/jobs/view/test-manager-at-techfirm-information-systems-4361110838,2026-02-25T10:51:35.432559+00:00
14,Test Automation | Switzerland,linkedin,Senior Test automation Engineer,SGI,"Zurich, Zurich, Switzerland",On-site,Full-time,Test Automation,Senior,English,Senior,,Recent,https://ch.linkedin.com/jobs/view/senior-test-automation-engineer-at-sgi-4369374892,2026-02-25T10:51:35.432835+00:00
14,Test Automation | Switzerland,linkedin,Senior Quality Analyst,RBW Consulting,"Lachen, Schwyz, Switzerland",On-site,Full-time,,Senior,English,Senior,,Recent,https://ch.linkedin.com/jobs/view/senior-quality-analyst-at-rbw-consulting-4353430000,2026-02-25T10:51:35.432970+00:00
14,Test Automation | Slovakia,linkedin,Supply Quality Manager - Senior,Kanadevia Inova,"Bratislava, Bratislava, Slovakia",On-site,Full-time,,Senior,English,Senior,,Recent,https://sk.linkedin.com/jobs/view/supply-quality-manager-senior-at-kanadevia-inova-4371448286,2026-02-25T10:51:40.161102+00:00
14,Test Automation | Poland,linkedin,Senior/Lead QA Automation Engineer,MLabs,Poland,On-site,Full-time,,"Senior, Lead",English,"Lead, Senior",,Recent,https://pl.linkedin.com/jobs/view/senior-lead-qa-automation-engineer-at-mlabs-4372720984,2026-02-25T10:51:44.924094+00:00
14,Test Automation | United Kingdom,linkedin,Lead Test Automation Engineer,Inspiretec,"Cardiff, Wales, United Kingdom",On-site,Full-time,Test Automation,Lead,English,Lead,,Recent,https://uk.linkedin.com/jobs/view/lead-test-automation-engineer-at-inspiretec-4375616141,2026-02-25T10:51:49.990308+00:00
14,Test Automation | United Kingdom,linkedin,Quality Assurance Team Lead,Grant Thornton UK,United Kingdom,On-site,Full-time,,"Team Lead, Lead",English,Lead,,Recent,https://uk.linkedin.com/jobs/view/quality-assurance-team-lead-at-grant-thornton-uk-4375721523,2026-02-25T10:51:49.990610+00:00
14,Test Automation | United Kingdom,linkedin,Senior Test Automation Engineer - £550–£650 per day (Inside IR35),James Chase,"Gatwick, England, United Kingdom",On-site,Full-time,Test Automation,Senior,English,Senior,,Recent,https://uk.linkedin.com/jobs/view/senior-test-automation-engineer-%C2%A3550%E2%80%93%C2%A3650-per-day-inside-ir35-at-james-chase-4375202243,2026-02-25T10:51:49.991030+00:00
14,Python Developer | Switzerland,linkedin,Senior Back-End Engineer (Python),ZYTLYN Technologies,"Geneva, Geneva, Switzerland",On-site,Full-time,Python,Senior,English,Senior,,Recent,https://ch.linkedin.com/jobs/view/senior-back-end-engineer-python-at-zytlyn-technologies-4373925817,2026-02-25T10:51:57.145830+00:00
14,Python Developer | Slovakia,linkedin,Senior Python Engineer,AIApply,Bratislava Metropolitan Area,On-site,Full-time,Python,Senior,English,Senior,,Recent,https://sk.linkedin.com/jobs/view/senior-python-engineer-at-aiapply-4368804402,2026-02-25T10:52:01.861823+00:00
14,Python Developer | Slovakia,linkedin,Python Senior Developer,Deutsche Telekom IT Solutions Slovakia,"Kosice, Slovakia",On-site,Full-time,Python,Senior,English,Senior,,Recent,https://sk.linkedin.com/jobs/view/python-senior-developer-at-deutsche-telekom-it-solutions-slovakia-4365943329,2026-02-25T10:52:01.861960+00:00
14,Python Developer | Czech Republic,linkedin,Senior Full Stack Developer (React / Python) - Software,Truelogic Software,Dominican Republic,On-site,Full-time,Python,"Senior, React",English,Senior,,Recent,https://do.linkedin.com/jobs/view/senior-full-stack-developer-react-python-software-at-truelogic-software-4366161531,2026-02-25T10:52:04.216709+00:00
14,Python Developer | United Kingdom,linkedin,Senior Python Software Engineer - London,Validus Risk Management,"London, England, United Kingdom",On-site,Full-time,Python,Senior,English,Senior,,Recent,https://uk.linkedin.com/jobs/view/senior-python-software-engineer-london-at-validus-risk-management-4370554341,2026-02-25T10:52:11.600421+00:00
14,Python Test | Remote,linkedin,Senior Python Engineer - Functional Testing Project via Mindrift,Mindrift,"Cologne, North Rhine-Westphalia, Germany",Remote,Contract,Python,Senior,English,Senior,,Recent,https://de.linkedin.com/jobs/view/senior-python-engineer-functional-testing-project-via-mindrift-at-mindrift-4377143887,2026-02-25T10:52:21.087269+00:00
14,Python Test | Remote,linkedin,Senior Python Engineer - Functional Testing Project via Mindrift,Mindrift,Germany,Remote,Contract,Python,Senior,English,Senior,,Recent,https://de.linkedin.com/jobs/view/senior-python-engineer-functional-testing-project-via-mindrift-at-mindrift-4377157229,2026-02-25T10:52:21.087409+00:00
14,Python Test | Remote,linkedin,"Senior Python Engineer - AI Testing Project (Freelance, Mindrift)",Mindrift,"Hamburg, Hamburg, Germany",Remote,Contract,Python,Senior,English,Senior,,Recent,https://de.linkedin.com/jobs/view/senior-python-engineer-ai-testing-project-freelance-mindrift-at-mindrift-4376541569,2026-02-25T10:52:21.087549+00:00
14,Python Test | Slovakia,linkedin,Senior QA Automation Engineer (m/w/d),Deutsche Telekom,"Košice-Juh, Kosice, Slovakia",On-site,Full-time,,Senior,English,Senior,,Recent,https://sk.linkedin.com/jobs/view/senior-qa-automation-engineer-m-w-d-at-deutsche-telekom-4368106041,2026-02-25T10:52:23.481287+00:00
14,Python Test | Slovakia,linkedin,Senior Automation QA Engineer / SDET (Python),Binance,"Bratislava, Bratislava, Slovakia",On-site,Full-time,Python,Senior,English,Senior,,Recent,https://sk.linkedin.com/jobs/view/senior-automation-qa-engineer-sdet-python-at-binance-4251138358,2026-02-25T10:52:23.481721+00:00
14,Python Test | United Kingdom,linkedin,Senior QA Automation Engineer,OpenBet,"Chiswick, England, United Kingdom",On-site,Full-time,,Senior,English,Senior,,Recent,https://uk.linkedin.com/jobs/view/senior-qa-automation-engineer-at-openbet-4369936392,2026-02-25T10:52:33.246108+00:00
14,Firmware Engineer | Switzerland,linkedin,Senior Embedded Software Engineer,Coopers Group AG,"Risch-Rotkreuz, Zug, Switzerland",On-site,Full-time,,Senior,English,Senior,,Recent,https://ch.linkedin.com/jobs/view/senior-embedded-software-engineer-at-coopers-group-ag-4374277768,2026-02-25T10:52:40.370877+00:00
14,Firmware Engineer | Switzerland,linkedin,Senior Embedded Wireless Software Engineer (Switzerland),Gramian Consulting,"Geneva, Geneva, Switzerland",On-site,Full-time,,Senior,English,Senior,,Recent,https://ch.linkedin.com/jobs/view/senior-embedded-wireless-software-engineer-switzerland-at-gramian-consulting-4367114772,2026-02-25T10:52:40.371022+00:00
14,Firmware Engineer | Switzerland,linkedin,Senior Embedded Wireless Software Engineer (Switzerland),Gramian Consulting,"Bern, Berne, Switzerland",On-site,Full-time,,Senior,English,Senior,,Recent,https://ch.linkedin.com/jobs/view/senior-embedded-wireless-software-engineer-switzerland-at-gramian-consulting-4367111860,2026-02-25T10:52:40.371297+00:00
14,Firmware Engineer | Switzerland,linkedin,Senior Software Engineer,GlisRisk AG,"Zurich, Zurich, Switzerland",On-site,Full-time,,Senior,English,Senior,,Recent,https://ch.linkedin.com/jobs/view/senior-software-engineer-at-glisrisk-ag-4374508673,2026-02-25T10:52:40.371430+00:00
14,Firmware Engineer | Remote,linkedin,Senior Embedded BMS Engineer (m/f/x) - FREELANCE,requisimus,Germany,Remote,Contract,,Senior,English,Senior,,Recent,https://de.linkedin.com/jobs/view/senior%C2%A0embedded-bms-engineer-m-f-x-freelance-at-requisimus-4367870910,2026-02-25T10:52:42.750954+00:00
14,Firmware Engineer | Remote,linkedin,Senior Embedded Software Engineer,XpertDirect,"Stuttgart, Baden-Württemberg, Germany",Remote,Full-time,,Senior,English,Senior,,Recent,https://de.linkedin.com/jobs/view/senior-embedded-software-engineer-at-xpertdirect-4371968031,2026-02-25T10:52:42.751264+00:00
14,Firmware Engineer | Remote,linkedin,Senior Embedded Engineer (m/w/d),QAVION GROUP,Germany,Remote,Full-time,,Senior,English,Senior,,Recent,https://de.linkedin.com/jobs/view/senior-embedded-engineer-m-w-d-at-qavion-group-4364577288,2026-02-25T10:52:42.751808+00:00
14,Firmware Engineer | Remote,linkedin,Senior Software Engineer,Instaffo,"Karlsruhe, Baden-Württemberg, Germany",Remote,Full-time,,Senior,English,Senior,,Recent,https://de.linkedin.com/jobs/view/senior-software-engineer-at-instaffo-4275195077,2026-02-25T10:52:42.752075+00:00
14,Firmware Engineer | Slovakia,linkedin,Software Engineer (Mid-Senior Level),Innovatrics,"Bratislava, Slovakia",On-site,Full-time,,Senior,English,Senior,,Recent,https://sk.linkedin.com/jobs/view/software-engineer-mid-senior-level-at-innovatrics-4375210171,2026-02-25T10:52:45.102661+00:00
14,Firmware Engineer | Slovakia,linkedin,Senior Software Engineer / Backend,Hotovo,"Košice, Kosice, Slovakia",On-site,Full-time,,Senior,English,Senior,,Recent,https://sk.linkedin.com/jobs/view/senior-software-engineer-backend-at-hotovo-4358093268,2026-02-25T10:52:45.103222+00:00
14,Firmware Engineer | United Kingdom,linkedin,Senior Embedded Software and Firmware Engineer,Micro:bit Educational Foundation,"Oxford, England, United Kingdom",On-site,Full-time,Firmware,Senior,English,Senior,,Recent,https://uk.linkedin.com/jobs/view/senior-embedded-software-and-firmware-engineer-at-micro-bit-educational-foundation-4377150411,2026-02-25T10:52:54.856194+00:00
0,Tester | Germany,linkedin,Software Engineer in Test (Berlin),Cresta,"Berlin, Berlin, Germany",On-site,Contract,"Can, Ci/Cd, Go, Playwright, Typescript","Datadog, Cypress, Manual Testing, Grafana",English,,,Recent,https://de.linkedin.com/jobs/view/software-engineer-in-test-berlin-at-cresta-4343158227,2026-02-25T10:50:04.604764+00:00
0,Tester | Germany,linkedin,Software Test Engineer (m/w/d),LACROIX,"Cologne, North Rhine-Westphalia, Germany",Remote,Internship,"Pytest, Python","R, Jira, Gitlab, Confluence, Linux, Associate",German,,,Recent,https://de.linkedin.com/jobs/view/software-test-engineer-m-w-d-at-lacroix-4371758144,2026-02-25T10:50:04.605290+00:00
0,Tester | Germany,linkedin,Software Test Engineer,Guldberg GmbH,"Munich, Bavaria, Germany",On-site,Full-time,"Jenkins, Selenium","R, Junit, Jira, Git, Testng, Agile",German,,,Recent,https://de.linkedin.com/jobs/view/software-test-engineer-at-guldberg-gmbh-4361871539,2026-02-25T10:50:04.605439+00:00
0,Tester | Germany,linkedin,QA Manager / Software Tester (all genders),JAKALA,"Hamburg, Germany",Remote,Full-time,"Playwright, Selenium","R, Product Owner",German,,,Recent,https://de.linkedin.com/jobs/view/qa-manager-software-tester-all-genders-at-jakala-4337712341,2026-02-25T10:50:04.605576+00:00
0,Tester | Germany,linkedin,QA Engineer,Assemblio,"Stuttgart, Baden-Württemberg, Germany",On-site,Full-time,"Ci/Cd, Integration Testing","Cypress, Grpc, Devops",English,,,Recent,https://de.linkedin.com/jobs/view/qa-engineer-at-assemblio-4376728345,2026-02-25T10:50:04.605745+00:00
0,Tester | Austria,linkedin,Mobile Automation Test Engineer,Esri,"Vienna, Vienna, Austria",Remote,Full-time,,,English,,,Recent,https://at.linkedin.com/jobs/view/mobile-automation-test-engineer-at-esri-4363089501,2026-02-25T10:50:06.928068+00:00
0,Tester | Austria,linkedin,Testingenieur (m/w/d),Deutsche Telekom,"Fünfkirchen, Lower Austria, Austria",On-site,Full-time,,,English,,,Recent,https://at.linkedin.com/jobs/view/testingenieur-m-w-d-at-deutsche-telekom-4367999733,2026-02-25T10:50:06.928374+00:00
0,Tester | Austria,linkedin,Software Tester/Test Engineer (m/w/d),SPAR ICS - Information & Communication Services,"Vienna, Vienna, Austria",On-site,Full-time,,,English,,,Recent,https://at.linkedin.com/jobs/view/software-tester-test-engineer-m-w-d-at-spar-ics-information-communication-services-4373378049,2026-02-25T10:50:06.928520+00:00
0,Tester | Austria,linkedin,Software Tester/Test Engineer (m/w/d),SPAR ICS - Information & Communication Services,"Salzburg, Salzburg, Austria",On-site,Full-time,,,English,,,Recent,https://at.linkedin.com/jobs/view/software-tester-test-engineer-m-w-d-at-spar-ics-information-communication-services-4373379029,2026-02-25T10:50:06.928656+00:00
0,Tester | Austria,linkedin,Test Engineer Systems (m/w/d),Vusion,"Fernitz-Mellach, Styria, Austria",On-site,Full-time,,,English,,,Recent,https://at.linkedin.com/jobs/view/test-engineer-systems-m-w-d-at-vusion-4359273756,2026-02-25T10:50:06.928805+00:00
0,Tester | Austria,linkedin,Software Test Engineer & Documentation Writer (w/m/d),Delegate Group,"Vienna, Vienna, Austria",On-site,Full-time,,,English,,,Recent,https://at.linkedin.com/jobs/view/software-test-engineer-documentation-writer-w-m-d-at-delegate-group-4357368415,2026-02-25T10:50:06.928938+00:00
0,Tester | Austria,linkedin,Test Automation Engineer (m/w/d),Deutsche Telekom,"Fünfkirchen, Lower Austria, Austria",On-site,Full-time,Test Automation,,English,,,Recent,https://at.linkedin.com/jobs/view/test-automation-engineer-m-w-d-at-deutsche-telekom-4367998687,2026-02-25T10:50:06.929072+00:00
0,Tester | Austria,linkedin,Test Engineer,Noir,"Linz, Upper Austria, Austria",On-site,Full-time,,,English,,,Recent,https://at.linkedin.com/jobs/view/test-engineer-at-noir-4375682458,2026-02-25T10:50:06.929211+00:00
0,Tester | Austria,linkedin,Software Tester (f/m/d),COPA-DATA,"Salzburg, Salzburg, Austria",On-site,Full-time,,,English,,,Recent,https://at.linkedin.com/jobs/view/software-tester-f-m-d-at-copa-data-4371792436,2026-02-25T10:50:06.929350+00:00
0,Tester | Switzerland,linkedin,Software Tester,yiuu.io | Sandro Toneatto Consulting,"Zurich, Zurich, Switzerland",On-site,Contract,Selenium,"Regression Testing, Jira",English,,,Recent,https://ch.linkedin.com/jobs/view/software-tester-at-yiuu-io-sandro-toneatto-consulting-4364753057,2026-02-25T10:50:09.270774+00:00
0,Tester | Switzerland,linkedin,Test Automation Engineer,ASTRELYA,"Geneva, Switzerland",On-site,Full-time,Test Automation,,English,,,Recent,https://ch.linkedin.com/jobs/view/test-automation-engineer-at-astrelya-4358299052,2026-02-25T10:50:09.270923+00:00
0,Tester | Switzerland,linkedin,Design for Test Engineer,IC Resources,"Vaud, Switzerland",On-site,Full-time,,,English,,,Recent,https://ch.linkedin.com/jobs/view/design-for-test-engineer-at-ic-resources-4358132685,2026-02-25T10:50:09.271063+00:00
0,Tester | Switzerland,linkedin,Test Automation Engineer,MGI Consultants,"Geneva, Switzerland",On-site,Full-time,Test Automation,,English,,,Recent,https://ch.linkedin.com/jobs/view/test-automation-engineer-at-mgi-consultants-4368014506,2026-02-25T10:50:09.271206+00:00
0,Tester | Switzerland,linkedin,T24 Test Analyst,SGI,"Zurich, Zurich, Switzerland",On-site,Full-time,,,English,,,Recent,https://ch.linkedin.com/jobs/view/t24-test-analyst-at-sgi-4375670964,2026-02-25T10:50:09.271343+00:00
0,Tester | Switzerland,linkedin,Software Test Engineer (m/w/d),Nexplore AG,"Berne, Switzerland",On-site,Full-time,,,English,,,Recent,https://ch.linkedin.com/jobs/view/software-test-engineer-m-w-d-at-nexplore-ag-4373941982,2026-02-25T10:50:09.271476+00:00
0,Tester | Switzerland,linkedin,Test Engineer / System-Ingenieur Fahrzeugsoftware (w/m/d),Randstad Switzerland,"Thurgau, Switzerland",On-site,Full-time,,,English,,,Recent,https://ch.linkedin.com/jobs/view/test-engineer-system-ingenieur-fahrzeugsoftware-w-m-d-at-randstad-switzerland-4363909299,2026-02-25T10:50:09.271613+00:00
0,Tester | Switzerland,linkedin,Test Engineer,Transgourmet/Prodega Schweiz,"Berne, Switzerland",On-site,Full-time,,,English,,,Recent,https://ch.linkedin.com/jobs/view/test-engineer-at-transgourmet-prodega-schweiz-4373330476,2026-02-25T10:50:09.271758+00:00
0,Tester | Switzerland,linkedin,Cyber Security Tester (IEC 62443-4-2 Compliance),Sécheron SA,"Satigny, Geneva, Switzerland",On-site,Full-time,,,English,,,Recent,https://ch.linkedin.com/jobs/view/cyber-security-tester-iec-62443-4-2-compliance-at-s%C3%A9cheron-sa-4371114782,2026-02-25T10:50:09.271905+00:00
0,Tester | Remote,linkedin,App-Tester  (m/w/d),clickworker,Germany,Remote,Full-time,,,English,,,Recent,https://de.linkedin.com/jobs/view/app-tester-m-w-d-at-clickworker-4356281358,2026-02-25T10:50:11.642964+00:00
0,Tester | Remote,linkedin,Quality Assurance Engineer (m/w/d),ISO-Gruppe,"Bonn, North Rhine-Westphalia, Germany",Remote,Full-time,,,English,,,Recent,https://de.linkedin.com/jobs/view/quality-assurance-engineer-m-w-d-at-iso-gruppe-4358570111,2026-02-25T10:50:11.643197+00:00
0,Tester | Remote,linkedin,Software Engineer in Test,Dataiku,"Berlin, Berlin, Germany",Remote,Full-time,,,English,,,Recent,https://de.linkedin.com/jobs/view/software-engineer-in-test-at-dataiku-4085371392,2026-02-25T10:50:11.643409+00:00
0,Tester | Remote,linkedin,Test Engineer (w/m/d) - Deutschlandweit,smapOne AG,Germany,Remote,Full-time,,,English,,,Recent,https://de.linkedin.com/jobs/view/test-engineer-w-m-d-deutschlandweit-at-smapone-ag-4373535881,2026-02-25T10:50:11.643625+00:00
0,Tester | Remote,linkedin,AI Chatbot Tester,Alignerr,Germany,Remote,Full-time,,,English,,,Recent,https://de.linkedin.com/jobs/view/ai-chatbot-tester-at-alignerr-4375638715,2026-02-25T10:50:11.643864+00:00
0,Tester | Remote,linkedin,Test Automation Engineer (m/w/d),SPIRIT-ONSIDE Consulting GmbH,Germany,Remote,Full-time,Test Automation,,English,,,Recent,https://de.linkedin.com/jobs/view/test-automation-engineer-m-w-d-at-spirit-onside-consulting-gmbh-4374812688,2026-02-25T10:50:11.644092+00:00
0,Tester | Remote,linkedin,Web-Penetration-Tester (m/w/d) - 100 % Home-Office möglich,Pentest Factory GmbH,Germany,Remote,Full-time,,,English,,,Recent,https://de.linkedin.com/jobs/view/web-penetration-tester-m-w-d-100-%25-home-office-m%C3%B6glich-at-pentest-factory-gmbh-4373440268,2026-02-25T10:50:11.644293+00:00
0,Tester | Slovakia,linkedin,Manual Tester,Bitcoin Suisse AG,"Bratislava, Bratislava, Slovakia",On-site,Full-time,,,English,,,Recent,https://sk.linkedin.com/jobs/view/manual-tester-at-bitcoin-suisse-ag-4356682492,2026-02-25T10:50:13.989813+00:00
0,Tester | Slovakia,linkedin,Junior Agile Tester,ESET,"Bratislava, Bratislava, Slovakia",On-site,Full-time,,"Agile, Junior",English,,,Recent,https://sk.linkedin.com/jobs/view/junior-agile-tester-at-eset-4374813990,2026-02-25T10:50:13.990121+00:00
0,Tester | Slovakia,linkedin,IT Tester ČSOB (m/ž),ČSOB Finančná skupina,"Bratislava, Slovakia",On-site,Full-time,,,English,,,Recent,https://sk.linkedin.com/jobs/view/it-tester-%C4%8Dsob-m-%C5%BE-at-%C4%8Dsob-finan%C4%8Dn%C3%A1-skupina-4354445255,2026-02-25T10:50:13.990264+00:00
0,Tester | Slovakia,linkedin,Software Test Engineer (all genders),StreamUnlimited - #1 in Embedded Streaming / Voice Assistant Technology,"Bratislava, Bratislava, Slovakia",On-site,Full-time,,,English,,,Recent,https://sk.linkedin.com/jobs/view/software-test-engineer-all-genders-at-streamunlimited-%231-in-embedded-streaming-voice-assistant-technology-4374832623,2026-02-25T10:50:13.990408+00:00
0,Tester | Slovakia,linkedin,Automated/Manual Tester,CGI,"Bratislava 1, Bratislava, Slovakia",On-site,Full-time,,,English,,,Recent,https://sk.linkedin.com/jobs/view/automated-manual-tester-at-cgi-4343365018,2026-02-25T10:50:13.990545+00:00
0,Tester | Slovakia,linkedin,Software Test Engineer,Takeda,"Bratislava, Bratislava, Slovakia",On-site,Full-time,,,English,,,Recent,https://sk.linkedin.com/jobs/view/software-test-engineer-at-takeda-4361028383,2026-02-25T10:50:13.990682+00:00
0,Tester | Slovakia,linkedin,Software Test Engineer,Takeda,"Bratislava, Bratislava, Slovakia",On-site,Full-time,,,English,,,Recent,https://sk.linkedin.com/jobs/view/software-test-engineer-at-takeda-4358080860,2026-02-25T10:50:13.990827+00:00
0,Tester | Slovakia,linkedin,Software Test Engineer,Takeda,"Bratislava, Bratislava, Slovakia",On-site,Full-time,,,English,,,Recent,https://sk.linkedin.com/jobs/view/software-test-engineer-at-takeda-4358040843,2026-02-25T10:50:13.990960+00:00
0,Tester | Slovakia,linkedin,QA Automation Engineer,Deutsche Telekom IT Solutions Slovakia,"Košice, Kosice, Slovakia",On-site,Full-time,,,English,,,Recent,https://sk.linkedin.com/jobs/view/qa-automation-engineer-at-deutsche-telekom-it-solutions-slovakia-4368617661,2026-02-25T10:50:13.991094+00:00
0,Tester | Czech Republic,linkedin,TESTER DESARROLLO SISTEMAS AGILE,Banco Popular Dominicano,"Santo Domingo, Distrito Nacional, Dominican Republic",On-site,Full-time,,Agile,English,,,Recent,https://do.linkedin.com/jobs/view/tester-desarrollo-sistemas-agile-at-banco-popular-dominicano-4374026679,2026-02-25T10:50:16.313635+00:00
0,Tester | Czech Republic,linkedin,ServiceNow Tester,Launchpad Technologies Inc.,Dominican Republic,On-site,Full-time,,,English,,,Recent,https://do.linkedin.com/jobs/view/servicenow-tester-at-launchpad-technologies-inc-4366176293,2026-02-25T10:50:16.313812+00:00
0,Tester | Czech Republic,linkedin,Software Development Engineer in Test,Origami Risk,"Santo Domingo, Distrito Nacional, Dominican Republic",On-site,Full-time,,,English,,,Recent,https://do.linkedin.com/jobs/view/software-development-engineer-in-test-at-origami-risk-4375488057,2026-02-25T10:50:16.313955+00:00
0,Tester | Czech Republic,linkedin,Software Development Engineer in Test - Remote - Latin America,FullStack,Dominican Republic,Remote,Full-time,,,English,,,Recent,https://do.linkedin.com/jobs/view/software-development-engineer-in-test-remote-latin-america-at-fullstack-4329082241,2026-02-25T10:50:16.314372+00:00
0,Tester | Czech Republic,linkedin,Software Development Engineer in Test - Remote - Latin America,FullStack,"Higüey, La Altagracia, Dominican Republic",Remote,Full-time,,,English,,,Recent,https://do.linkedin.com/jobs/view/software-development-engineer-in-test-remote-latin-america-at-fullstack-4329181879,2026-02-25T10:50:16.314507+00:00
0,Tester | Czech Republic,linkedin,Software Development Engineer in Test - Remote - Latin America,FullStack,"Bonao, Monseñor Nouel, Dominican Republic",Remote,Full-time,,,English,,,Recent,https://do.linkedin.com/jobs/view/software-development-engineer-in-test-remote-latin-america-at-fullstack-4328937941,2026-02-25T10:50:16.314651+00:00
0,Tester | Czech Republic,linkedin,Software Development Engineer in Test - Remote - Latin America,FullStack,"Santo Domingo Oeste, Santo Domingo, Dominican Republic",Remote,Full-time,,,English,,,Recent,https://do.linkedin.com/jobs/view/software-development-engineer-in-test-remote-latin-america-at-fullstack-4329151969,2026-02-25T10:50:16.314797+00:00
0,Tester | Czech Republic,linkedin,Software Development Engineer in Test - Remote - Latin America,FullStack,"Santo Domingo, Dominican Republic",Remote,Full-time,,,English,,,Recent,https://do.linkedin.com/jobs/view/software-development-engineer-in-test-remote-latin-america-at-fullstack-4329142128,2026-02-25T10:50:16.314937+00:00
0,Tester | Poland,linkedin,QA / Manual Tester,Vendo,"Warsaw, Mazowieckie, Poland",On-site,Full-time,,,English,,,Recent,https://pl.linkedin.com/jobs/view/qa-manual-tester-at-vendo-4371293516,2026-02-25T10:50:18.683313+00:00
0,Tester | Poland,linkedin,Manual Tester,ipracujzdalnie.pl,"Lublin, Lubelskie, Poland",On-site,Full-time,,,English,,,Recent,https://pl.linkedin.com/jobs/view/manual-tester-at-ipracujzdalnie-pl-4376828013,2026-02-25T10:50:18.683478+00:00
0,Tester | Poland,linkedin,Manual Tester,ipracujzdalnie.pl,"Cracow, Małopolskie, Poland",On-site,Full-time,,,English,,,Recent,https://pl.linkedin.com/jobs/view/manual-tester-at-ipracujzdalnie-pl-4376809585,2026-02-25T10:50:18.683620+00:00
0,Tester | Poland,linkedin,Manual Tester,ipracujzdalnie.pl,"Katowice, Śląskie, Poland",On-site,Full-time,,,English,,,Recent,https://pl.linkedin.com/jobs/view/manual-tester-at-ipracujzdalnie-pl-4376811627,2026-02-25T10:50:18.683778+00:00
0,Tester | Poland,linkedin,Manual Tester,ipracujzdalnie.pl,"Wrocław, Dolnośląskie, Poland",On-site,Full-time,,,English,,,Recent,https://pl.linkedin.com/jobs/view/manual-tester-at-ipracujzdalnie-pl-4376806903,2026-02-25T10:50:18.683920+00:00
0,Tester | Poland,linkedin,Junior Game Tester (FPS Player),8Bit - Games Industry Recruitment,"Warsaw, Mazowieckie, Poland",On-site,Full-time,,Junior,English,,,Recent,https://pl.linkedin.com/jobs/view/junior-game-tester-fps-player-at-8bit-games-industry-recruitment-4366131272,2026-02-25T10:50:18.684057+00:00
0,Tester | Poland,linkedin,Manual Tester,ipracujzdalnie.pl,"Gdańsk, Pomorskie, Poland",On-site,Full-time,,,English,,,Recent,https://pl.linkedin.com/jobs/view/manual-tester-at-ipracujzdalnie-pl-4376817359,2026-02-25T10:50:18.684195+00:00
0,Tester | Poland,linkedin,Manual Tester,ipracujzdalnie.pl,"Rzeszów, Podkarpackie, Poland",On-site,Full-time,,,English,,,Recent,https://pl.linkedin.com/jobs/view/manual-tester-at-ipracujzdalnie-pl-4376807853,2026-02-25T10:50:18.684342+00:00
0,Tester | Poland,linkedin,Manual Tester,ipracujzdalnie.pl,"Łódź, Łódzkie, Poland",On-site,Full-time,,,English,,,Recent,https://pl.linkedin.com/jobs/view/manual-tester-at-ipracujzdalnie-pl-4376816514,2026-02-25T10:50:18.684481+00:00
0,Tester | Poland,linkedin,Manual Tester,ipracujzdalnie.pl,"Warsaw, Mazowieckie, Poland",On-site,Full-time,,,English,,,Recent,https://pl.linkedin.com/jobs/view/manual-tester-at-ipracujzdalnie-pl-4376817360,2026-02-25T10:50:18.684616+00:00
0,Tester | USA,linkedin,[Entry Level] Software Tester,Lensa,"Plano, TX",On-site,Full-time,,,English,,,Recent,https://www.linkedin.com/jobs/view/entry-level-software-tester-at-lensa-4377553017,2026-02-25T10:50:21.261675+00:00
0,Tester | USA,linkedin,Software Tester (Applicant Pro),isolved,United States,On-site,Full-time,,,English,,,Recent,https://www.linkedin.com/jobs/view/software-tester-applicant-pro-at-isolved-4377021286,2026-02-25T10:50:21.261847+00:00
0,Tester | USA,linkedin,Remote Manual QA Tester,Lensa,"Hartford, CT",Remote,Full-time,,,English,,,Recent,https://www.linkedin.com/jobs/view/remote-manual-qa-tester-at-lensa-4377540761,2026-02-25T10:50:21.261988+00:00
0,Tester | USA,linkedin,Software QA Tester,ShipperHQ,"Austin, TX",On-site,Full-time,,,English,,,Recent,https://www.linkedin.com/jobs/view/software-qa-tester-at-shipperhq-4373466667,2026-02-25T10:50:21.262119+00:00
0,Tester | USA,linkedin,Entry-Level Software Tester,Ace IT Careers,"Greenville, SC",On-site,Full-time,,Entry-Level,English,,,Recent,https://www.linkedin.com/jobs/view/entry-level-software-tester-at-ace-it-careers-4368820668,2026-02-25T10:50:21.262248+00:00
0,Tester | USA,linkedin,QA Tester,nLeague,"Little Rock, AR",On-site,Full-time,,,English,,,Recent,https://www.linkedin.com/jobs/view/qa-tester-at-nleague-4367312062,2026-02-25T10:50:21.262385+00:00
0,Tester | USA,linkedin,Entry-Level Software Tester,Ace IT Careers,"Columbia, SC",On-site,Full-time,,Entry-Level,English,,,Recent,https://www.linkedin.com/jobs/view/entry-level-software-tester-at-ace-it-careers-4368824643,2026-02-25T10:50:21.262519+00:00
0,Tester | USA,linkedin,Software Quality Assurance (SQA) Manual Tester,Noblesoft Solutions,"St. Petersburg, FL",On-site,Full-time,,,English,,,Recent,https://www.linkedin.com/jobs/view/software-quality-assurance-sqa-manual-tester-at-noblesoft-solutions-4375795159,2026-02-25T10:50:21.262659+00:00
0,Tester | USA,linkedin,Entry-Level Software Tester,Ace IT Careers,"Normal, IL",On-site,Full-time,,Entry-Level,English,,,Recent,https://www.linkedin.com/jobs/view/entry-level-software-tester-at-ace-it-careers-4368829551,2026-02-25T10:50:21.262807+00:00
0,Tester | USA,linkedin,Entry-Level Software Tester,Ace IT Careers,"Montgomery, AL",On-site,Full-time,,Entry-Level,English,,,Recent,https://www.linkedin.com/jobs/view/entry-level-software-tester-at-ace-it-careers-4368814722,2026-02-25T10:50:21.262936+00:00
0,Tester | United Kingdom,linkedin,Manual Test Engineer,Solirius Reply,"Coventry, England, United Kingdom",On-site,Full-time,,,English,,,Recent,https://uk.linkedin.com/jobs/view/manual-test-engineer-at-solirius-reply-4376802483,2026-02-25T10:50:23.612785+00:00
0,Tester | United Kingdom,linkedin,QA Tester,Methods,"London, England, United Kingdom",On-site,Full-time,,,English,,,Recent,https://uk.linkedin.com/jobs/view/qa-tester-at-methods-4374556931,2026-02-25T10:50:23.613088+00:00
0,Tester | United Kingdom,linkedin,Test Engineer,Hamiltonian Dynamics,"Manchester, England, United Kingdom",On-site,Full-time,,,English,,,Recent,https://uk.linkedin.com/jobs/view/test-engineer-at-hamiltonian-dynamics-4370527081,2026-02-25T10:50:23.613224+00:00
0,Tester | United Kingdom,linkedin,Junior Software Tester,Apply4U | Apply4U | Human-Assisted AI Job & Recruitment Platform,United Kingdom,On-site,Full-time,,Junior,English,,,Recent,https://uk.linkedin.com/jobs/view/junior-software-tester-at-apply4u-apply4u-human-assisted-ai-job-recruitment-platform-4371404856,2026-02-25T10:50:23.613353+00:00
0,Tester | United Kingdom,linkedin,QA Engineer,Cirata,"Belfast, Northern Ireland, United Kingdom",On-site,Full-time,,,English,,,Recent,https://uk.linkedin.com/jobs/view/qa-engineer-at-cirata-4368437847,2026-02-25T10:50:23.613490+00:00
0,Tester | United Kingdom,linkedin,QA Manual Tester,MCS Rental Software,"Maidenhead, England, United Kingdom",On-site,Full-time,,,English,,,Recent,https://uk.linkedin.com/jobs/view/qa-manual-tester-at-mcs-rental-software-4373991550,2026-02-25T10:50:23.613620+00:00
0,Tester | United Kingdom,linkedin,Software QA,Fruition Group,"Leeds, England, United Kingdom",On-site,Full-time,,,English,,,Recent,https://uk.linkedin.com/jobs/view/software-qa-at-fruition-group-4366169550,2026-02-25T10:50:23.613764+00:00
0,Tester | United Kingdom,linkedin,Quality Assurance Tester,Shaw Daniels Solutions,United Kingdom,On-site,Full-time,,,English,,,Recent,https://uk.linkedin.com/jobs/view/quality-assurance-tester-at-shaw-daniels-solutions-4364778397,2026-02-25T10:50:23.613910+00:00
0,Tester | United Kingdom,linkedin,QA Test Engineer,Pogust Goodhead,"London, England, United Kingdom",On-site,Full-time,,,English,,,Recent,https://uk.linkedin.com/jobs/view/qa-test-engineer-at-pogust-goodhead-4376058492,2026-02-25T10:50:23.614042+00:00
0,QA Engineer | Germany,linkedin,QA Engineer,Westernacher Solutions,"Berlin, Germany",On-site,Full-time,,,English,,,Recent,https://de.linkedin.com/jobs/view/qa-engineer-at-westernacher-solutions-4372474254,2026-02-25T10:50:25.961725+00:00
0,QA Engineer | Germany,linkedin,Quality Assurance Engineer (m/w/d),Fujitsu,Germany,On-site,Full-time,,,English,,,Recent,https://de.linkedin.com/jobs/view/quality-assurance-engineer-m-w-d-at-fujitsu-4359447576,2026-02-25T10:50:25.961861+00:00
0,QA Engineer | Germany,linkedin,Quality Assurance Engineer,PSD Group,"Dortmund, North Rhine-Westphalia, Germany",On-site,Full-time,,,English,,,Recent,https://de.linkedin.com/jobs/view/quality-assurance-engineer-at-psd-group-4338425753,2026-02-25T10:50:25.961997+00:00
0,QA Engineer | Austria,linkedin,1046 | Middle+ Manual QA Engineer,Intetics,Austria,On-site,Full-time,,,English,,,Recent,https://at.linkedin.com/jobs/view/1046-middle%2B-manual-qa-engineer-at-intetics-4375130797,2026-02-25T10:50:28.322572+00:00
0,QA Engineer | Austria,linkedin,Software Quality Engineer,Ketryx,"Vienna, Vienna, Austria",On-site,Full-time,,,English,,,Recent,https://at.linkedin.com/jobs/view/software-quality-engineer-at-ketryx-4308973953,2026-02-25T10:50:28.322743+00:00
0,QA Engineer | Austria,linkedin,Procurement Quality Assurance Engineer,Mane Contract Services,"Salzburg, Austria",On-site,Contract,,,English,,,Recent,https://at.linkedin.com/jobs/view/procurement-quality-assurance-engineer-at-mane-contract-services-4374880986,2026-02-25T10:50:28.322887+00:00
0,QA Engineer | Austria,linkedin,QA Engineer (AI native),nyra health,"Vienna, Austria",On-site,Full-time,,,English,,,Recent,https://at.linkedin.com/jobs/view/qa-engineer-ai-native-at-nyra-health-4374512994,2026-02-25T10:50:28.323452+00:00
0,QA Engineer | Austria,linkedin,QA & Verifications Engineer (Remote from Austria),Jobgether,Austria,Remote,Full-time,,,English,,,Recent,https://at.linkedin.com/jobs/view/qa-verifications-engineer-remote-from-austria-at-jobgether-4376143283,2026-02-25T10:50:28.323583+00:00
0,QA Engineer | Austria,linkedin,QA Engineer,Sportradar,"Vienna, Vienna, Austria",On-site,Full-time,,,English,,,Recent,https://at.linkedin.com/jobs/view/qa-engineer-at-sportradar-4368356628,2026-02-25T10:50:28.323861+00:00
0,QA Engineer | Switzerland,linkedin,Quality Assurance Engineer,Crypto Finance Group,"Zurich, Zurich, Switzerland",On-site,Full-time,,,English,,,Recent,https://ch.linkedin.com/jobs/view/quality-assurance-engineer-at-crypto-finance-group-4368652016,2026-02-25T10:50:30.669941+00:00
0,QA Engineer | Switzerland,linkedin,QA qualification engineer,agap2 Switzerland,"Basel, Basel, Switzerland",On-site,Full-time,,,English,,,Recent,https://ch.linkedin.com/jobs/view/qa-qualification-engineer-at-agap2-switzerland-4374874415,2026-02-25T10:50:30.670101+00:00
0,QA Engineer | Switzerland,linkedin,QA Engineer,qiibee,Switzerland,On-site,Full-time,,,English,,,Recent,https://ch.linkedin.com/jobs/view/qa-engineer-at-qiibee-4361047476,2026-02-25T10:50:30.670236+00:00
0,QA Engineer | Switzerland,linkedin,Test Ingenieur,Humanis AG,"Buchs (SG), St Gallen, Switzerland",On-site,Full-time,,,English,,,Recent,https://ch.linkedin.com/jobs/view/test-ingenieur-at-humanis-ag-4376556855,2026-02-25T10:50:30.670365+00:00
0,QA Engineer | Switzerland,linkedin,QA & Verifications Engineer (Remote from Switzerland),Jobgether,Switzerland,Remote,Full-time,,,English,,,Recent,https://ch.linkedin.com/jobs/view/qa-verifications-engineer-remote-from-switzerland-at-jobgether-4375661339,2026-02-25T10:50:30.670494+00:00
0,QA Engineer | Switzerland,linkedin,"Quality Assurance Engineer 100% (Limited from May 1st, 2026 to January 31st, 2027)",STAAR Surgical Switzerland,"Nidau, Berne, Switzerland",Remote,Full-time,,,English,,,Recent,https://ch.linkedin.com/jobs/view/quality-assurance-engineer-100%25-limited-from-may-1st-2026-to-january-31st-2027-at-staar-surgical-switzerland-4366369591,2026-02-25T10:50:30.670914+00:00
0,QA Engineer | Switzerland,linkedin,Design Quality Assurance Engineer,Sonova Group,"Stäfa, Zurich, Switzerland",On-site,Full-time,,,English,,,Recent,https://ch.linkedin.com/jobs/view/design-quality-assurance-engineer-at-sonova-group-4369068003,2026-02-25T10:50:30.671049+00:00
0,QA Engineer | Switzerland,linkedin,Ingénieur tests/Ingénieure tests,CLEEVEN,"Vaud, Switzerland",On-site,Full-time,,,English,,,Recent,https://ch.linkedin.com/jobs/view/ing%C3%A9nieur-tests-ing%C3%A9nieure-tests-at-cleeven-4375822030,2026-02-25T10:50:30.671188+00:00
0,QA Engineer | Remote,linkedin,QA Engineer (Part-Time),Twine,Germany,Remote,Full-time,,,English,,,Recent,https://de.linkedin.com/jobs/view/qa-engineer-part-time-at-twine-4364425081,2026-02-25T10:50:33.038707+00:00
0,QA Engineer | Remote,linkedin,QA & Verifications Engineer,Jobgether,Germany,Remote,Full-time,,,English,,,Recent,https://de.linkedin.com/jobs/view/qa-verifications-engineer-at-jobgether-4375192088,2026-02-25T10:50:33.038989+00:00
0,QA Engineer | Remote,linkedin,QA & Verifications Engineer (Remote from Germany),Jobgether,Germany,Remote,Full-time,,,English,,,Recent,https://de.linkedin.com/jobs/view/qa-verifications-engineer-remote-from-germany-at-jobgether-4376132777,2026-02-25T10:50:33.039261+00:00
0,QA Engineer | Slovakia,linkedin,1046 | Middle+ Manual QA Engineer,Intetics,Slovakia,On-site,Full-time,,,English,,,Recent,https://sk.linkedin.com/jobs/view/1046-middle%2B-manual-qa-engineer-at-intetics-4375133703,2026-02-25T10:50:35.372123+00:00
0,QA Engineer | Slovakia,linkedin,Quality Assurance Engineer,NATEK,"Bratislava, Slovakia",On-site,Full-time,,,English,,,Recent,https://sk.linkedin.com/jobs/view/quality-assurance-engineer-at-natek-4361788231,2026-02-25T10:50:35.372290+00:00
0,QA Engineer | Slovakia,linkedin,QA Engineer,Swiss Re,"Bratislava, Bratislava, Slovakia",On-site,Full-time,,,English,,,Recent,https://sk.linkedin.com/jobs/view/qa-engineer-at-swiss-re-4366871953,2026-02-25T10:50:35.373346+00:00
0,QA Engineer | Slovakia,linkedin,Quality Assurance Engineer (Manual / Automation),Avenga,"Bratislava, Bratislava, Slovakia",On-site,Full-time,,,English,,,Recent,https://sk.linkedin.com/jobs/view/quality-assurance-engineer-manual-automation-at-avenga-4370896963,2026-02-25T10:50:35.373488+00:00
0,QA Engineer | Czech Republic,linkedin,Ingeniero QA,GBM,Dominican Republic,On-site,Full-time,,,English,,,Recent,https://do.linkedin.com/jobs/view/ingeniero-qa-at-gbm-4375742926,2026-02-25T10:50:37.724243+00:00
0,QA Engineer | Czech Republic,linkedin,Quality Assurance Engineer - Remote Work,BairesDev,Dominican Republic,Remote,Full-time,,,English,,,Recent,https://do.linkedin.com/jobs/view/quality-assurance-engineer-remote-work-at-bairesdev-4375758306,2026-02-25T10:50:37.724408+00:00
0,QA Engineer | Czech Republic,linkedin,Software QA Engineer - La Vega,Champro,"La Vega, La Vega, Dominican Republic",On-site,Full-time,,,English,,,Recent,https://do.linkedin.com/jobs/view/software-qa-engineer-la-vega-at-champro-4373865392,2026-02-25T10:50:37.724554+00:00
0,QA Engineer | Czech Republic,linkedin,Quality Assurance Engineer - Remote Work,BairesDev,"Santo Domingo, Distrito Nacional, Dominican Republic",Remote,Full-time,,,English,,,Recent,https://do.linkedin.com/jobs/view/quality-assurance-engineer-remote-work-at-bairesdev-4375773022,2026-02-25T10:50:37.724693+00:00
0,QA Engineer | Czech Republic,linkedin,Ingeniero QA,Infosyp,"Santiago de los Caballeros, Santiago, Dominican Republic",On-site,Full-time,,,English,,,Recent,https://do.linkedin.com/jobs/view/ingeniero-qa-at-infosyp-4377160941,2026-02-25T10:50:37.724840+00:00
0,QA Engineer | Czech Republic,linkedin,Automated Testing Engineer (Remote),KAIZEN Asset Management Services,Dominican Republic,Remote,Full-time,,,English,,,Recent,https://do.linkedin.com/jobs/view/automated-testing-engineer-remote-at-kaizen-asset-management-services-4372251269,2026-02-25T10:50:37.724976+00:00
0,QA Engineer | Czech Republic,linkedin,INGENIERO QA (QIK),Banco Popular Dominicano,"Santo Domingo, Distrito Nacional, Dominican Republic",On-site,Full-time,,,English,,,Recent,https://do.linkedin.com/jobs/view/ingeniero-qa-qik-at-banco-popular-dominicano-4370736329,2026-02-25T10:50:37.725117+00:00
0,QA Engineer | Czech Republic,linkedin,Ingeniero QA,Infosyp,"Santiago de los Caballeros, Santiago, Dominican Republic",On-site,Full-time,,,English,,,Recent,https://do.linkedin.com/jobs/view/ingeniero-qa-at-infosyp-4372540809,2026-02-25T10:50:37.725260+00:00
0,QA Engineer | Czech Republic,linkedin,QA Automation Engineer,CrecerLab,"Santo Domingo, Distrito Nacional, Dominican Republic",On-site,Full-time,,,English,,,Recent,https://do.linkedin.com/jobs/view/qa-automation-engineer-at-crecerlab-4372777377,2026-02-25T10:50:37.725391+00:00
0,QA Engineer | Czech Republic,linkedin,"Sr. Engineer, QA",BD Nogales Norte,"Distrito Nacional, Dominican Republic",On-site,Full-time,,,English,,,Recent,https://do.linkedin.com/jobs/view/sr-engineer-qa-at-bd-nogales-norte-4369007878,2026-02-25T10:50:37.725524+00:00
0,QA Engineer | Poland,linkedin,Manual QA Engineer (Web&Mobile),ITRex Group,Poland,Remote,Full-time,,,English,,,Recent,https://pl.linkedin.com/jobs/view/manual-qa-engineer-web-mobile-at-itrex-group-4375020131,2026-02-25T10:50:40.094351+00:00
0,QA Engineer | Poland,linkedin,Junior QA Engineer/ QA Engineer,Amelco Limited,"Warsaw, Mazowieckie, Poland",On-site,Full-time,,Junior,English,,,Recent,https://pl.linkedin.com/jobs/view/junior-qa-engineer-qa-engineer-at-amelco-limited-4372850135,2026-02-25T10:50:40.094511+00:00
0,QA Engineer | Poland,linkedin,Quality Assurance Engineer,svexa,Poland,On-site,Full-time,,,English,,,Recent,https://pl.linkedin.com/jobs/view/quality-assurance-engineer-at-svexa-4376479863,2026-02-25T10:50:40.094651+00:00
0,QA Engineer | Poland,linkedin,1046 | Middle+ Manual QA Engineer,Intetics,Poland,On-site,Full-time,,,English,,,Recent,https://pl.linkedin.com/jobs/view/1046-middle%2B-manual-qa-engineer-at-intetics-4375141407,2026-02-25T10:50:40.094797+00:00
0,QA Engineer | Poland,linkedin,Junior Test Specialist/QA Engineer (f/m),Netcompany,"Warsaw, Mazowieckie, Poland",On-site,Full-time,,Junior,English,,,Recent,https://pl.linkedin.com/jobs/view/junior-test-specialist-qa-engineer-f-m-at-netcompany-4364598006,2026-02-25T10:50:40.094943+00:00
0,QA Engineer | Poland,linkedin,Middle Product QA Engineer,Omilia,Poland,On-site,Full-time,,,English,,,Recent,https://pl.linkedin.com/jobs/view/middle-product-qa-engineer-at-omilia-4376593230,2026-02-25T10:50:40.095081+00:00
0,QA Engineer | Poland,linkedin,QA Engineer/Analyst (Junior/Regular)/ Inetum,Inetum,"Warsaw, Mazowieckie, Poland",On-site,Full-time,,Junior,English,,,Recent,https://pl.linkedin.com/jobs/view/qa-engineer-analyst-junior-regular-inetum-at-inetum-4373817307,2026-02-25T10:50:40.095215+00:00
0,QA Engineer | Poland,linkedin,QA Engineer,Acoustic,"Gdańsk, Pomorskie, Poland",On-site,Full-time,,,English,,,Recent,https://pl.linkedin.com/jobs/view/qa-engineer-at-acoustic-4374101348,2026-02-25T10:50:40.095353+00:00
0,QA Engineer | Poland,linkedin,"Middle Automation QA Engineer (Playwright, Typescript)",Trinetix,Poland,On-site,Full-time,"Playwright, Typescript",,English,,,Recent,https://pl.linkedin.com/jobs/view/middle-automation-qa-engineer-playwright-typescript-at-trinetix-4377813146,2026-02-25T10:50:40.095494+00:00
0,QA Engineer | Poland,linkedin,QA Engineer,1inch,Cracow Metropolitan Area,On-site,Full-time,,,English,,,Recent,https://pl.linkedin.com/jobs/view/qa-engineer-at-1inch-4372005936,2026-02-25T10:50:40.095630+00:00
0,QA Engineer | USA,linkedin,QA Engineer,MrBeast,United States,On-site,Full-time,,,English,,,Recent,https://www.linkedin.com/jobs/view/qa-engineer-at-mrbeast-4367342975,2026-02-25T10:50:42.648851+00:00
0,QA Engineer | USA,linkedin,QA Engineer,Litify,"New York, NY",On-site,Full-time,,,English,,,Recent,https://www.linkedin.com/jobs/view/qa-engineer-at-litify-4370991670,2026-02-25T10:50:42.649013+00:00
0,QA Engineer | USA,linkedin,Quality Assurance (QA) and Quality Control (QC) Engineer,Cooler Master USA,"Fremont, CA",On-site,Full-time,,,English,,,Recent,https://www.linkedin.com/jobs/view/quality-assurance-qa-and-quality-control-qc-engineer-at-cooler-master-usa-4370953062,2026-02-25T10:50:42.649154+00:00
0,QA Engineer | USA,linkedin,Quality Assurance Engineer,"EHOB, Inc","Indianapolis, IN",On-site,Full-time,,,English,,,Recent,https://www.linkedin.com/jobs/view/quality-assurance-engineer-at-ehob-inc-4361826196,2026-02-25T10:50:42.649300+00:00
0,QA Engineer | USA,linkedin,Junior QA Engineer,Maxwell Bond,"Charlotte, NC",On-site,Full-time,,Junior,English,,,Recent,https://www.linkedin.com/jobs/view/junior-qa-engineer-at-maxwell-bond-4374837905,2026-02-25T10:50:42.649440+00:00
0,QA Engineer | USA,linkedin,Associate QA Engineer,Funnel Leasing,United States,On-site,Full-time,,Associate,English,,,Recent,https://www.linkedin.com/jobs/view/associate-qa-engineer-at-funnel-leasing-4373980884,2026-02-25T10:50:42.649722+00:00
0,QA Engineer | USA,linkedin,Quality Assurance Engineer,"Covert Manufacturing, Inc.","Galion, OH",On-site,Full-time,,,English,,,Recent,https://www.linkedin.com/jobs/view/quality-assurance-engineer-at-covert-manufacturing-inc-4376528001,2026-02-25T10:50:42.649854+00:00
0,QA Engineer | USA,linkedin,Quality Assurance Engineer,Quore,"Franklin, TN",On-site,Full-time,,,English,,,Recent,https://www.linkedin.com/jobs/view/quality-assurance-engineer-at-quore-4371029329,2026-02-25T10:50:42.649988+00:00
0,QA Engineer | USA,linkedin,QA Engineer II,Acorns,United States,On-site,Full-time,,,English,,,Recent,https://www.linkedin.com/jobs/view/qa-engineer-ii-at-acorns-4362339582,2026-02-25T10:50:42.650126+00:00
0,QA Engineer | United Kingdom,linkedin,Quality Assurance Engineer,Leonardo,"Luton, England, United Kingdom",On-site,Full-time,,,English,,,Recent,https://uk.linkedin.com/jobs/view/quality-assurance-engineer-at-leonardo-4316598885,2026-02-25T10:50:45.059001+00:00
0,QA Engineer | United Kingdom,linkedin,Quality Assurance Engineer,Hiscox,"York, England, United Kingdom",On-site,Full-time,,,English,,,Recent,https://uk.linkedin.com/jobs/view/quality-assurance-engineer-at-hiscox-4329670909,2026-02-25T10:50:45.059168+00:00
0,QA Engineer | United Kingdom,linkedin,QA Engineer,LDMS,"Cardiff, Wales, United Kingdom",On-site,Full-time,,,English,,,Recent,https://uk.linkedin.com/jobs/view/qa-engineer-at-ldms-4373929610,2026-02-25T10:50:45.059309+00:00
0,QA Engineer | United Kingdom,linkedin,Quality Assurance Engineer,Navantia UK,"Fife, Scotland, United Kingdom",On-site,Full-time,,,English,,,Recent,https://uk.linkedin.com/jobs/view/quality-assurance-engineer-at-navantia-uk-4372239824,2026-02-25T10:50:45.059746+00:00
0,QA Engineer | United Kingdom,linkedin,Quality Assurance Engineer,Akkodis,"Stevenage, England, United Kingdom",On-site,Full-time,,,English,,,Recent,https://uk.linkedin.com/jobs/view/quality-assurance-engineer-at-akkodis-4362276698,2026-02-25T10:50:45.059885+00:00
0,QA Engineer | United Kingdom,linkedin,Associate QA Engineer,Anaplan,"Manchester, England, United Kingdom",On-site,Full-time,,Associate,English,,,Recent,https://uk.linkedin.com/jobs/view/associate-qa-engineer-at-anaplan-4353099656,2026-02-25T10:50:45.060020+00:00
0,QA Engineer | United Kingdom,linkedin,Junior QA Engineer,Mercury,"Coleshill, England, United Kingdom",On-site,Full-time,,Junior,English,,,Recent,https://uk.linkedin.com/jobs/view/junior-qa-engineer-at-mercury-4374502415,2026-02-25T10:50:45.060151+00:00
0,Test Engineer | Germany,linkedin,Application Software Developer,Ambu A/S,"Augsburg, Bavaria, Germany",On-site,Full-time,,,English,,,Recent,https://de.linkedin.com/jobs/view/application-software-developer-at-ambu-a-s-4302786950,2026-02-25T10:50:47.437566+00:00
0,Test Engineer | Austria,linkedin,AT - QA Developer (m/f/d),Quivo,"Vienna, Austria",On-site,Full-time,,,English,,,Recent,https://at.linkedin.com/jobs/view/at-qa-developer-m-f-d-at-quivo-4370399826,2026-02-25T10:50:49.832745+00:00
0,Test Engineer | Switzerland,linkedin,Responsable de Tests,PrimeIT Switzerland,"Geneva, Switzerland",On-site,Full-time,,,English,,,Recent,https://ch.linkedin.com/jobs/view/responsable-de-tests-at-primeit-switzerland-4371002302,2026-02-25T10:50:52.196592+00:00
0,Test Engineer | Remote,linkedin,"Manual Quality Assurance Engineer, Web Core Product",Speechify,"Berlin, Germany",Remote,Full-time,,,English,,,Recent,https://de.linkedin.com/jobs/view/manual-quality-assurance-engineer-web-core-product-at-speechify-4373567343,2026-02-25T10:50:54.557846+00:00
0,Test Engineer | Slovakia,linkedin,Testing Engineer - Commisioning,Schaeffler,"Kysucké Nové Mesto, Zilina, Slovakia",On-site,Full-time,,,English,,,Recent,https://sk.linkedin.com/jobs/view/testing-engineer-commisioning-at-schaeffler-4370529030,2026-02-25T10:50:56.888449+00:00
0,Test Engineer | Slovakia,linkedin,Trainee Test Engineer – Python IRC287913,GlobalLogic,"Žilina, Zilina, Slovakia",On-site,Full-time,Python,Trainee,English,,,Recent,https://sk.linkedin.com/jobs/view/trainee-test-engineer-%E2%80%93-python-irc287913-at-globallogic-4370733155,2026-02-25T10:50:56.888756+00:00
0,Test Engineer | Slovakia,linkedin,Trainee Test Engineer – Python IRC287913,GlobalLogic,"Košice, Kosice, Slovakia",On-site,Full-time,Python,Trainee,English,,,Recent,https://sk.linkedin.com/jobs/view/trainee-test-engineer-%E2%80%93-python-irc287913-at-globallogic-4370722786,2026-02-25T10:50:56.888924+00:00
0,Test Engineer | Czech Republic,linkedin,"Engineer I, Quality (Temporary)",BD Nogales Norte,"Distrito Nacional, Dominican Republic",On-site,Full-time,,,English,,,Recent,https://do.linkedin.com/jobs/view/engineer-i-quality-temporary-at-bd-nogales-norte-4371671763,2026-02-25T10:50:59.263004+00:00
0,Test Engineer | Czech Republic,linkedin,Estudiante/Recién graduado en Ingenieria de Sistemas,GBM,Dominican Republic,On-site,Full-time,,,English,,,Recent,https://do.linkedin.com/jobs/view/estudiante-reci%C3%A9n-graduado-en-ingenieria-de-sistemas-at-gbm-4375759096,2026-02-25T10:50:59.263142+00:00
0,Test Engineer | Poland,linkedin,Software Engineer In Test - SDET (Poland),Codup,Poland,On-site,Full-time,,,English,,,Recent,https://pl.linkedin.com/jobs/view/software-engineer-in-test-sdet-poland-at-codup-4372770617,2026-02-25T10:51:01.666474+00:00
0,Test Engineer | Poland,linkedin,Software Test Engineer,Rho,Poland,On-site,Full-time,,,English,,,Recent,https://pl.linkedin.com/jobs/view/software-test-engineer-at-rho-4308483608,2026-02-25T10:51:01.667046+00:00
0,Test Engineer | USA,linkedin,Nondestructive Testing Engineer,"Take2 Consulting, LLC",Greater Phoenix Area,On-site,Full-time,,,English,,,Recent,https://www.linkedin.com/jobs/view/nondestructive-testing-engineer-at-take2-consulting-llc-4363100665,2026-02-25T10:51:04.386200+00:00
0,Test Engineer | USA,linkedin,Quality Assurance Engineer,Sanmina,"Pleasant Prairie, WI",On-site,Full-time,,,English,,,Recent,https://www.linkedin.com/jobs/view/quality-assurance-engineer-at-sanmina-4370471483,2026-02-25T10:51:04.386388+00:00
0,Test Engineer | USA,linkedin,Quality Assurance Engineer,Uptime Institute,Greater Boston,On-site,Full-time,,,English,,,Recent,https://www.linkedin.com/jobs/view/quality-assurance-engineer-at-uptime-institute-4361768369,2026-02-25T10:51:04.386677+00:00
0,Test Engineer | USA,linkedin,Quality Assurance Engineer,IRIS Consulting LLC,"Charlotte, NC",On-site,Full-time,,,English,,,Recent,https://www.linkedin.com/jobs/view/quality-assurance-engineer-at-iris-consulting-llc-4370575333,2026-02-25T10:51:04.387235+00:00
0,Test Engineer | United Kingdom,linkedin,Manual Test Engineer,hackajob,"Coventry, England, United Kingdom",On-site,Full-time,,,English,,,Recent,https://uk.linkedin.com/jobs/view/manual-test-engineer-at-hackajob-4376489362,2026-02-25T10:51:06.811368+00:00
0,Testingenieur | Germany,linkedin,Automatisierer Bildverarbeitung (m/w/d),SCHERDEL de Mexico,"Marienberg, Saxony, Germany",On-site,Full-time,,,English,,,Recent,https://de.linkedin.com/jobs/view/automatisierer-bildverarbeitung-m-w-d-at-scherdel-de-mexico-4367893282,2026-02-25T10:51:09.217163+00:00
0,Testingenieur | Germany,linkedin,Testingenieur – Mechanical Engineering / Systemtests (all gender),ALTEN,"Hamburg, Hamburg, Germany",On-site,Full-time,,,English,,,Recent,https://de.linkedin.com/jobs/view/testingenieur-%E2%80%93-mechanical-engineering-systemtests-all-gender-at-alten-4373103421,2026-02-25T10:51:09.217468+00:00
0,Testingenieur | Germany,linkedin,Prototype & Test Engineer (m/f/d),NVision Imaging Technologies,"Ulm, Baden-Württemberg, Germany",On-site,Full-time,,,English,,,Recent,https://de.linkedin.com/jobs/view/prototype-test-engineer-m-f-d-at-nvision-imaging-technologies-4373436102,2026-02-25T10:51:09.217900+00:00
0,Testingenieur | Germany,linkedin,CQV & CSV Engineering Opportunities – Germany,KPC International,"Frankfurt, Hesse, Germany",On-site,Internship,,,English,,,Recent,https://de.linkedin.com/jobs/view/cqv-csv-engineering-opportunities-%E2%80%93-germany-at-kpc-international-4225886744,2026-02-25T10:51:09.218074+00:00
0,Testingenieur | Germany,linkedin,Test Field Engineer - Prüffeldtechniker,EarthStream Global,"Brilon, North Rhine-Westphalia, Germany",On-site,Full-time,,,English,,,Recent,https://de.linkedin.com/jobs/view/test-field-engineer-pr%C3%BCffeldtechniker-at-earthstream-global-4372502017,2026-02-25T10:51:09.218218+00:00
0,Testingenieur | Germany,linkedin,Systemintegration und Testingenieur (all gender),ALTEN Germany,"Donauwörth, Bavaria, Germany",On-site,Full-time,,,German,,,Recent,https://de.linkedin.com/jobs/view/systemintegration-und-testingenieur-all-gender-at-alten-germany-4361816008,2026-02-25T10:51:09.218360+00:00
0,Testingenieur | Germany,linkedin,Testingenieur Schienenfahrzeuge (all gender),ALTEN,"Salzgitter, Lower Saxony, Germany",On-site,Full-time,,,English,,,Recent,https://de.linkedin.com/jobs/view/testingenieur-schienenfahrzeuge-all-gender-at-alten-4372688765,2026-02-25T10:51:09.218501+00:00
0,Testingenieur | Austria,linkedin,Supplier Test Engineer (all genders),Lam Research,"Villach, Carinthia, Austria",On-site,Full-time,,,English,,,Recent,https://at.linkedin.com/jobs/view/supplier-test-engineer-all-genders-at-lam-research-4376713977,2026-02-25T10:51:11.575106+00:00
0,Testingenieur | Austria,linkedin,Test Engineer (f/m/d),Hilti Austria Industrie GmbH,"Lanzenkirchen, Lower Austria, Austria",On-site,Full-time,,,English,,,Recent,https://at.linkedin.com/jobs/view/test-engineer-f-m-d-at-hilti-austria-industrie-gmbh-4363227484,2026-02-25T10:51:11.575986+00:00
0,Testingenieur | Austria,linkedin,Simulation Engineer - Crash Testing,Emmi AI,"Vienna, Vienna, Austria",On-site,Full-time,,,English,,,Recent,https://at.linkedin.com/jobs/view/simulation-engineer-crash-testing-at-emmi-ai-4376814436,2026-02-25T10:51:11.576382+00:00
0,Testingenieur | Switzerland,linkedin,Concepteur de tests automatisés FRA/ALL,MGI Consultants,"Geneva, Switzerland",On-site,Full-time,,,English,,,Recent,https://ch.linkedin.com/jobs/view/concepteur-de-tests-automatis%C3%A9s-fra-all-at-mgi-consultants-4366811376,2026-02-25T10:51:13.904149+00:00
0,Testingenieur | Switzerland,linkedin,Test und Quality Engineer,ti&m,"Zurich, Zurich, Switzerland",On-site,Full-time,,,German,,,Recent,https://ch.linkedin.com/jobs/view/test-und-quality-engineer-at-ti-m-4374300155,2026-02-25T10:51:13.904426+00:00
0,Testingenieur | Switzerland,linkedin,Application Engineer,JobCourier,"Lugano, Ticino, Switzerland",On-site,Full-time,,,English,,,Recent,https://ch.linkedin.com/jobs/view/application-engineer-at-jobcourier-4370367543,2026-02-25T10:51:13.904854+00:00
0,Testingenieur | Switzerland,linkedin,Ingénieur d’assurance qualité/Ingénieure d’assurance qualité,CLEEVEN,"Vaud, Switzerland",On-site,Full-time,,,English,,,Recent,https://ch.linkedin.com/jobs/view/ing%C3%A9nieur-d%E2%80%99assurance-qualit%C3%A9-ing%C3%A9nieure-d%E2%80%99assurance-qualit%C3%A9-at-cleeven-4375806763,2026-02-25T10:51:13.904986+00:00
0,Testingenieur | Remote,linkedin,Application Engineer,Vericut (CGTech Deutschland GmbH),Germany,Remote,Full-time,,,English,,,Recent,https://de.linkedin.com/jobs/view/application-engineer-at-vericut-cgtech-deutschland-gmbh-4372820606,2026-02-25T10:51:16.282989+00:00
0,Testingenieur | Remote,linkedin,System- und Testingenieur Funkkommunikationssysteme (all gender) 300,ALTEN Germany,"Stuttgart, Baden-Württemberg, Germany",Remote,Full-time,,,German,,,Recent,https://de.linkedin.com/jobs/view/system-und-testingenieur-funkkommunikationssysteme-all-gender-300-at-alten-germany-4361021637,2026-02-25T10:51:16.283425+00:00
0,Testingenieur | Remote,linkedin,Testingenieur (m/w/d),Konzept Informationssysteme,"Kiel, Schleswig-Holstein, Germany",Remote,Full-time,,,English,,,Recent,https://de.linkedin.com/jobs/view/testingenieur-m-w-d-at-konzept-informationssysteme-4376819645,2026-02-25T10:51:16.283564+00:00
0,Testingenieur | Remote,linkedin,Software Engineer - Workflow Automation,Instaffo,"Stuttgart, Baden-Württemberg, Germany",Remote,Full-time,,,English,,,Recent,https://de.linkedin.com/jobs/view/software-engineer-workflow-automation-at-instaffo-4316310898,2026-02-25T10:51:16.283709+00:00
0,Testingenieur | Remote,linkedin,SIM & Device Engineer (IoT),KORE,Germany,Remote,Full-time,,,English,,,Recent,https://de.linkedin.com/jobs/view/sim-device-engineer-iot-at-kore-4269230163,2026-02-25T10:51:16.283996+00:00
0,Testingenieur | Slovakia,linkedin,Junior Test Engineer IRC287905,GlobalLogic,"Košice, Kosice, Slovakia",On-site,Full-time,,Junior,English,,,Recent,https://sk.linkedin.com/jobs/view/junior-test-engineer-irc287905-at-globallogic-4370664939,2026-02-25T10:51:18.612370+00:00
0,Testingenieur | Czech Republic,linkedin,Quality Assurance Support Engineer - EPlan,Eaton,"Santo Domingo, Distrito Nacional, Dominican Republic",On-site,Full-time,,,English,,,Recent,https://do.linkedin.com/jobs/view/quality-assurance-support-engineer-eplan-at-eaton-4361782243,2026-02-25T10:51:20.958855+00:00
0,Testingenieur | Czech Republic,linkedin,PLC programátor (m/f/d),TE Connectivity,Dominican Republic,On-site,Full-time,,,English,,,Recent,https://do.linkedin.com/jobs/view/plc-program%C3%A1tor-m-f-d-at-te-connectivity-4369481033,2026-02-25T10:51:20.958994+00:00
0,Testingenieur | Poland,linkedin,TECHNOLOG (K/M),Łódzki Klaster ICT,"Białostoczek, Podlaskie, Poland",On-site,Full-time,,,English,,,Recent,https://pl.linkedin.com/jobs/view/technolog-k-m-at-%C5%82%C3%B3dzki-klaster-ict-4372814126,2026-02-25T10:51:23.341137+00:00
0,Testingenieur | Poland,linkedin,Inżynier testów produkcyjnych automotive (k/m),SEGULA Technologies,"Częstochowa, Śląskie, Poland",On-site,Full-time,,,English,,,Recent,https://pl.linkedin.com/jobs/view/in%C5%BCynier-test%C3%B3w-produkcyjnych-automotive-k-m-at-segula-technologies-4357509002,2026-02-25T10:51:23.341313+00:00
0,Testingenieur | Poland,linkedin,TECHNOLOG/TECHNOLOŻKA,Łódzki Klaster ICT,"Korzeniów, Podkarpackie, Poland",On-site,Full-time,,,English,,,Recent,https://pl.linkedin.com/jobs/view/technolog-technolo%C5%BCka-at-%C5%82%C3%B3dzki-klaster-ict-4374669850,2026-02-25T10:51:23.341600+00:00
0,Testingenieur | Poland,linkedin,Tester Automatyczny (mobile),IT Squad,"Warsaw, Mazowieckie, Poland",Remote,Full-time,,,English,,,Recent,https://pl.linkedin.com/jobs/view/tester-automatyczny-mobile-at-it-squad-4368821095,2026-02-25T10:51:23.342017+00:00
0,Testingenieur | Poland,linkedin,Software & Hardware Test Engineer (Automotive),Spline,"Cracow, Małopolskie, Poland",On-site,Full-time,,,English,,,Recent,https://pl.linkedin.com/jobs/view/software-hardware-test-engineer-automotive-at-spline-4377448048,2026-02-25T10:51:23.342153+00:00
0,Testingenieur | Poland,linkedin,Tester,ithouse.co,"Warsaw, Mazowieckie, Poland",On-site,Full-time,,,English,,,Recent,https://pl.linkedin.com/jobs/view/tester-at-ithouse-co-4366317962,2026-02-25T10:51:23.342288+00:00
0,Testingenieur | Poland,linkedin,"Non-Functional Tester - Gdansk, Poland",Astek,"Gdańsk, Pomorskie, Poland",On-site,Full-time,,,English,,,Recent,https://pl.linkedin.com/jobs/view/non-functional-tester-gdansk-poland-at-astek-4347405370,2026-02-25T10:51:23.342421+00:00
0,Testingenieur | USA,linkedin,Test Engineer I – Early Career (2026 Starts),Blue Origin,"Lancaster, CA",On-site,Full-time,,,English,,,Recent,https://www.linkedin.com/jobs/view/test-engineer-i-%E2%80%93-early-career-2026-starts-at-blue-origin-4353142610,2026-02-25T10:51:25.931621+00:00
0,Testingenieur | USA,linkedin,Test Engineer I – Early Career (2026 Starts),Blue Origin,Greater Seattle Area,On-site,Full-time,,,English,,,Recent,https://www.linkedin.com/jobs/view/test-engineer-i-%E2%80%93-early-career-2026-starts-at-blue-origin-4353112578,2026-02-25T10:51:25.931866+00:00
0,Testingenieur | USA,linkedin,Mechanical Test Engineer,Applus+ Laboratories,"Houston, TX",On-site,Full-time,,,English,,,Recent,https://www.linkedin.com/jobs/view/mechanical-test-engineer-at-applus%2B-laboratories-4125985556,2026-02-25T10:51:25.932053+00:00
0,Testingenieur | USA,linkedin,Test Engineer (Entry-Level or Associate),Boeing,"El Segundo, CA",On-site,Full-time,,"Associate, Entry-Level",English,,,Recent,https://www.linkedin.com/jobs/view/test-engineer-entry-level-or-associate-at-boeing-4374574557,2026-02-25T10:51:25.932236+00:00
0,Testingenieur | USA,linkedin,Chief Test Engineer,"Cape Henry Associates, Acquired by JANUS Research Group","Aurora, CO",On-site,Full-time,,,English,,,Recent,https://www.linkedin.com/jobs/view/chief-test-engineer-at-cape-henry-associates-acquired-by-janus-research-group-4368738745,2026-02-25T10:51:25.932581+00:00
0,Testingenieur | USA,linkedin,Manufacturing Engineer - Powertrain/Test,Ford Motor Company,"Dearborn, MI",On-site,Full-time,,,English,,,Recent,https://www.linkedin.com/jobs/view/manufacturing-engineer-powertrain-test-at-ford-motor-company-4373887575,2026-02-25T10:51:25.932771+00:00
0,Testingenieur | USA,linkedin,Test Engineer I – Early Career (2026 Starts),Blue Origin,"Merritt Island, FL",On-site,Full-time,,,English,,,Recent,https://www.linkedin.com/jobs/view/test-engineer-i-%E2%80%93-early-career-2026-starts-at-blue-origin-4353022784,2026-02-25T10:51:25.933137+00:00
0,Testingenieur | United Kingdom,linkedin,Mechanical Test Engineer,BSI,"Hemel Hempstead, England, United Kingdom",On-site,Full-time,,,English,,,Recent,https://uk.linkedin.com/jobs/view/mechanical-test-engineer-at-bsi-3841320068,2026-02-25T10:51:28.328759+00:00
0,Testingenieur | United Kingdom,linkedin,Prototype / Development / Testing Engineer,Samuel Wilkes (Engineering) Ltd,"Walsall, England, United Kingdom",On-site,Full-time,,,English,,,Recent,https://uk.linkedin.com/jobs/view/prototype-development-testing-engineer-at-samuel-wilkes-engineering-ltd-4377594668,2026-02-25T10:51:28.328922+00:00
0,Testingenieur | United Kingdom,linkedin,"Electronics Assembly, Repair and Test Engineer",UKC Group,"Boreham, England, United Kingdom",On-site,Full-time,,Assembly,English,,,Recent,https://uk.linkedin.com/jobs/view/electronics-assembly-repair-and-test-engineer-at-ukc-group-4369721032,2026-02-25T10:51:28.329069+00:00
0,Testingenieur | United Kingdom,linkedin,Graduate Test Engineer in Food Innovation and Process,targetjobs UK,"Hitchin, England, United Kingdom",On-site,Full-time,,Graduate,English,,,Recent,https://uk.linkedin.com/jobs/view/graduate-test-engineer-in-food-innovation-and-process-at-targetjobs-uk-4374329549,2026-02-25T10:51:28.329212+00:00
0,Testingenieur | United Kingdom,linkedin,Manufacturing Engineer - Engine Assembly & Test,Autocraft Solutions Group,"Wellingborough, England, United Kingdom",On-site,Full-time,,Assembly,English,,,Recent,https://uk.linkedin.com/jobs/view/manufacturing-engineer-engine-assembly-test-at-autocraft-solutions-group-4373335620,2026-02-25T10:51:28.329354+00:00
0,Testingenieur | United Kingdom,linkedin,Test Engineer,Rheinmetall,"Newport, England, United Kingdom",On-site,Full-time,,,English,,,Recent,https://uk.linkedin.com/jobs/view/test-engineer-at-rheinmetall-4364734450,2026-02-25T10:51:28.329632+00:00
0,Testingenieur | United Kingdom,linkedin,Quality Control/Assurance Engineer,MEDASIL SURGICAL LIMITED,"Leeds, England, United Kingdom",On-site,Full-time,,,English,,,Recent,https://uk.linkedin.com/jobs/view/quality-control-assurance-engineer-at-medasil-surgical-limited-4377167256,2026-02-25T10:51:28.329778+00:00
0,Testingenieur | United Kingdom,linkedin,Test Engineer,BSI,"Hemel Hempstead, England, United Kingdom",On-site,Full-time,,,English,,,Recent,https://uk.linkedin.com/jobs/view/test-engineer-at-bsi-4367290557,2026-02-25T10:51:28.329912+00:00
0,Test Automation | Germany,linkedin,Test Join,DENPAFLUX,"Munich, Bavaria, Germany",On-site,Full-time,,,English,,,Recent,https://de.linkedin.com/jobs/view/test-join-at-denpaflux-4371172636,2026-02-25T10:51:30.706752+00:00
0,Test Automation | Germany,linkedin,Junior Test Automation Engineer (m/w/d),nexnet,"Berlin, Berlin, Germany",On-site,Full-time,Test Automation,Junior,English,,,Recent,https://de.linkedin.com/jobs/view/junior-test-automation-engineer-m-w-d-at-nexnet-4371939942,2026-02-25T10:51:30.707427+00:00
0,Test Automation | Switzerland,linkedin,Testing,Ampegon,"Baden, Aargau, Switzerland",On-site,Full-time,,,English,,,Recent,https://ch.linkedin.com/jobs/view/testing-at-ampegon-4350701131,2026-02-25T10:51:35.432690+00:00
0,Test Automation | Switzerland,linkedin,Test Automation Engineer (a),Gi Group,"Risch-Rotkreuz, Zug, Switzerland",On-site,Full-time,Test Automation,,English,,,Recent,https://ch.linkedin.com/jobs/view/test-automation-engineer-a-at-gi-group-4357559811,2026-02-25T10:51:35.433103+00:00
0,Test Automation | Remote,linkedin,Test- und Qualitätsmanager (m/w/d),Spot Solutions GmbH,"Mühltal, Hesse, Germany",Remote,Full-time,,,German,,,Recent,https://de.linkedin.com/jobs/view/test-und-qualit%C3%A4tsmanager-m-w-d-at-spot-solutions-gmbh-4368977484,2026-02-25T10:51:37.806876+00:00
0,Test Automation | Slovakia,linkedin,Software Developer in Test (SDET),Fiserv,"Bratislava, Slovakia",On-site,Full-time,,,English,,,Recent,https://sk.linkedin.com/jobs/view/software-developer-in-test-sdet-at-fiserv-4372899045,2026-02-25T10:51:40.160967+00:00
0,Test Automation | Czech Republic,linkedin,Analista de Calidad,Quala,Dominican Republic,On-site,Full-time,,,English,,,Recent,https://do.linkedin.com/jobs/view/analista-de-calidad-at-quala-4374385837,2026-02-25T10:51:42.501007+00:00
0,Test Automation | Czech Republic,linkedin,Ingeniero/a QA Automatización,Agilesoft,Dominican Republic,On-site,Full-time,,,English,,,Recent,https://do.linkedin.com/jobs/view/ingeniero-a-qa-automatizaci%C3%B3n-at-agilesoft-4373339362,2026-02-25T10:51:42.501307+00:00
0,Test Automation | Czech Republic,linkedin,Remote - Quality Assurance & Process Analyst,"World Business Lenders, LLC","Las Salinas, Barahona Province, Dominican Republic",Remote,Full-time,,,English,,,Recent,https://do.linkedin.com/jobs/view/remote-quality-assurance-process-analyst-at-world-business-lenders-llc-4371603965,2026-02-25T10:51:42.502138+00:00
0,Test Automation | Poland,linkedin,General QA Engineer (Automation),VeliTech,Poland,On-site,Full-time,,,English,,,Recent,https://pl.linkedin.com/jobs/view/general-qa-engineer-automation-at-velitech-4367332086,2026-02-25T10:51:44.923362+00:00
0,Test Automation | Poland,linkedin,QA Automation Engineer,Channel Factory,Poland,On-site,Full-time,,,English,,,Recent,https://pl.linkedin.com/jobs/view/qa-automation-engineer-at-channel-factory-4375667877,2026-02-25T10:51:44.923668+00:00
0,Test Automation | Poland,linkedin,QA Analyst (Manual & Automation)/ I,Inetum,"Warsaw, Mazowieckie, Poland",On-site,Full-time,,,English,,,Recent,https://pl.linkedin.com/jobs/view/qa-analyst-manual-automation-i-at-inetum-4373813470,2026-02-25T10:51:44.923957+00:00
0,Test Automation | Poland,linkedin,Quality Assurance Tester,Wipro,Gdansk Metropolitan Area,On-site,Full-time,,,English,,,Recent,https://pl.linkedin.com/jobs/view/quality-assurance-tester-at-wipro-4371922742,2026-02-25T10:51:44.924228+00:00
0,Test Automation | Poland,linkedin,Sr Manager - Quality Assurance,Xperi Inc.,"Warsaw, Mazowieckie, Poland",On-site,Full-time,,,English,,,Recent,https://pl.linkedin.com/jobs/view/sr-manager-quality-assurance-at-xperi-inc-4375816954,2026-02-25T10:51:44.924363+00:00
0,Test Automation | Poland,linkedin,QA Manual Tester (Desktop/Web applications),Inexto SA,"Cracow, Małopolskie, Poland",On-site,Full-time,,,English,,,Recent,https://pl.linkedin.com/jobs/view/qa-manual-tester%C2%A0-desktop-web-applications-at-inexto-sa-4374067677,2026-02-25T10:51:44.924632+00:00
0,Test Automation | USA,linkedin,Quality Assurance Analyst II,TheIncLab,"Tampa, FL",On-site,Full-time,,,English,,,Recent,https://www.linkedin.com/jobs/view/quality-assurance-analyst-ii-at-theinclab-4376102337,2026-02-25T10:51:47.583175+00:00
0,Test Automation | USA,linkedin,QA Automation Engineer,The Value Maximizer,"New York, NY",On-site,Full-time,,,English,,,Recent,https://www.linkedin.com/jobs/view/qa-automation-engineer-at-the-value-maximizer-4375430699,2026-02-25T10:51:47.583317+00:00
0,Test Automation | USA,linkedin,Test Automation Engineer,Ignite IT,"Suitland, MD",On-site,Full-time,Test Automation,,English,,,Recent,https://www.linkedin.com/jobs/view/test-automation-engineer-at-ignite-it-4377464768,2026-02-25T10:51:47.583449+00:00
0,Test Automation | USA,linkedin,Junior QA Analyst,Hudu,United States,On-site,Full-time,,Junior,English,,,Recent,https://www.linkedin.com/jobs/view/junior-qa-analyst-at-hudu-4375440804,2026-02-25T10:51:47.583584+00:00
0,Test Automation | USA,linkedin,QA Analyst,CuraLinc Healthcare,United States,On-site,Full-time,,,English,,,Recent,https://www.linkedin.com/jobs/view/qa-analyst-at-curalinc-healthcare-4372747949,2026-02-25T10:51:47.583857+00:00
0,Test Automation | USA,linkedin,Quality Assurance Analyst II,TheIncLab,"McLean, VA",On-site,Full-time,,,English,,,Recent,https://www.linkedin.com/jobs/view/quality-assurance-analyst-ii-at-theinclab-4375899461,2026-02-25T10:51:47.583987+00:00
0,Test Automation | USA,linkedin,Quality Assurance (QA) Tester - Appian,Groundswell,"Texas, United States",On-site,Full-time,,,English,,,Recent,https://www.linkedin.com/jobs/view/quality-assurance-qa-tester-appian-at-groundswell-4374539295,2026-02-25T10:51:47.584115+00:00
0,Test Automation | USA,linkedin,Software Tester,QualityLogic,"Oklahoma City, OK",On-site,Full-time,,,English,,,Recent,https://www.linkedin.com/jobs/view/software-tester-at-qualitylogic-4377505229,2026-02-25T10:51:47.584250+00:00
0,Test Automation | United Kingdom,linkedin,QA Test Analyst,SBS,"Yate, England, United Kingdom",On-site,Full-time,,,English,,,Recent,https://uk.linkedin.com/jobs/view/qa-test-analyst-at-sbs-4372797491,2026-02-25T10:51:49.990467+00:00
0,Test Automation | United Kingdom,linkedin,QA Automation Engineer,Channel Factory,"London, England, United Kingdom",On-site,Full-time,,,English,,,Recent,https://uk.linkedin.com/jobs/view/qa-automation-engineer-at-channel-factory-4375674491,2026-02-25T10:51:49.990892+00:00
0,Test Automation | United Kingdom,linkedin,Automation Test Analyst,TopCashback UK,"Horwich, England, United Kingdom",On-site,Full-time,,,English,,,Recent,https://uk.linkedin.com/jobs/view/automation-test-analyst-at-topcashback-uk-4377599731,2026-02-25T10:51:49.991175+00:00
0,Test Automation | United Kingdom,linkedin,Software Tester (Hybrid QA / Automation),TeamFeePay,"Belfast, Northern Ireland, United Kingdom",Hybrid,Full-time,,,English,,,Recent,https://uk.linkedin.com/jobs/view/software-tester-hybrid-qa-automation-at-teamfeepay-4373036979,2026-02-25T10:51:49.991441+00:00
0,Python Developer | Germany,linkedin,Backend Developer,Instaffo,"Düsseldorf, North Rhine-Westphalia, Germany",On-site,Full-time,,,English,,,Recent,https://de.linkedin.com/jobs/view/backend-developer-at-instaffo-4319025739,2026-02-25T10:51:52.396625+00:00
0,Python Developer | Germany,linkedin,Python Developer (f/m/d),HCLTech Germany,"Frankfurt am Main, Hesse, Germany",On-site,Full-time,Python,,English,,,Recent,https://de.linkedin.com/jobs/view/python-developer-f-m-d-at-hcltech-germany-4370678787,2026-02-25T10:51:52.396803+00:00
0,Python Developer | Germany,linkedin,Full Stack Developer,Instaffo,"Essen, North Rhine-Westphalia, Germany",On-site,Full-time,,,English,,,Recent,https://de.linkedin.com/jobs/view/full-stack-developer-at-instaffo-4339395258,2026-02-25T10:51:52.396946+00:00
0,Python Developer | Germany,linkedin,Backend Entwickler/-in,Instaffo,"Ochtrup, North Rhine-Westphalia, Germany",On-site,Full-time,,,English,,,Recent,https://de.linkedin.com/jobs/view/backend-entwickler-in-at-instaffo-4308175191,2026-02-25T10:51:52.397083+00:00
0,Python Developer | Germany,linkedin,Python Developer | Remote,Crossing Hurdles,Germany,Remote,Full-time,Python,,English,,,Recent,https://de.linkedin.com/jobs/view/python-developer-remote-at-crossing-hurdles-4372092399,2026-02-25T10:51:52.397214+00:00
0,Python Developer | Germany,linkedin,Python Developer | Remote,Crossing Hurdles,Germany,Remote,Full-time,Python,,English,,,Recent,https://de.linkedin.com/jobs/view/python-developer-remote-at-crossing-hurdles-4370016911,2026-02-25T10:51:52.397358+00:00
0,Python Developer | Germany,linkedin,Python Developer | Remote,Crossing Hurdles,Germany,Remote,Full-time,Python,,English,,,Recent,https://de.linkedin.com/jobs/view/python-developer-remote-at-crossing-hurdles-4375370194,2026-02-25T10:51:52.397486+00:00
0,Python Developer | Germany,linkedin,Python Developer,Anson McCade,"Berlin, Germany",On-site,Full-time,Python,,English,,,Recent,https://de.linkedin.com/jobs/view/python-developer-at-anson-mccade-4360523170,2026-02-25T10:51:52.397614+00:00
0,Python Developer | Germany,linkedin,Full-time Backend Developer (f/m/d),VAARHAFT,"Hamburg, Hamburg, Germany",On-site,Full-time,,,English,,,Recent,https://de.linkedin.com/jobs/view/full-time-backend-developer-f-m-d-at-vaarhaft-4362276428,2026-02-25T10:51:52.397752+00:00
0,Python Developer | Germany,linkedin,Python Software Developer - Flexibility Applications (f/m/d),Next Kraftwerke,"Cologne, North Rhine-Westphalia, Germany",On-site,Full-time,Python,,English,,,Recent,https://de.linkedin.com/jobs/view/python-software-developer-flexibility-applications-f-m-d-at-next-kraftwerke-4363062337,2026-02-25T10:51:52.397883+00:00
0,Python Developer | Austria,linkedin,Python Developer | Remote,Crossing Hurdles,Austria,Remote,Full-time,Python,,English,,,Recent,https://at.linkedin.com/jobs/view/python-developer-remote-at-crossing-hurdles-4372080400,2026-02-25T10:51:54.796254+00:00
0,Python Developer | Austria,linkedin,Freelance Machine Learning Developer (Python),Mindrift,Austria,On-site,Contract,Python,Machine Learning,English,,,Recent,https://at.linkedin.com/jobs/view/freelance-machine-learning-developer-python-at-mindrift-4377137684,2026-02-25T10:51:54.796418+00:00
0,Python Developer | Austria,linkedin,Freelance Machine Learning Engineer (Python),Mindrift,Austria,On-site,Contract,Python,Machine Learning,English,,,Recent,https://at.linkedin.com/jobs/view/freelance-machine-learning-engineer-python-at-mindrift-4377417106,2026-02-25T10:51:54.796560+00:00
0,Python Developer | Austria,linkedin,Freelance Data Science Engineer (Python & SQL),Mindrift,Austria,On-site,Contract,Python,"Sql, Data Science",English,,,Recent,https://at.linkedin.com/jobs/view/freelance-data-science-engineer-python-sql-at-mindrift-4377140019,2026-02-25T10:51:54.796708+00:00
0,Python Developer | Austria,linkedin,Junior Fullstack-Developer (all genders),Form-on,"Amstetten, Lower Austria, Austria",On-site,Full-time,,Junior,English,,,Recent,https://at.linkedin.com/jobs/view/junior-fullstack-developer-all-genders-at-form-on-4362267599,2026-02-25T10:51:54.796844+00:00
0,Python Developer | Austria,linkedin,Junior Fullstack-Developer (all genders),Form-on,"Amstetten, Lower Austria, Austria",On-site,Full-time,,Junior,English,,,Recent,https://at.linkedin.com/jobs/view/junior-fullstack-developer-all-genders-at-form-on-4370714415,2026-02-25T10:51:54.796983+00:00
0,Python Developer | Austria,linkedin,Backend Developer (m/w/d),Loxone,"Kollerschlag, Upper Austria, Austria",On-site,Full-time,,,English,,,Recent,https://at.linkedin.com/jobs/view/backend-developer-m-w-d-at-loxone-4370700048,2026-02-25T10:51:54.797119+00:00
0,Python Developer | Austria,linkedin,Full Stack Developer @ Prehm Software Solutions e.U.,DEVjobs,"Graz, Styria, Austria",On-site,Full-time,,,English,,,Recent,https://at.linkedin.com/jobs/view/full-stack-developer-%40-prehm-software-solutions-e-u-at-devjobs-4370640115,2026-02-25T10:51:54.797249+00:00
0,Python Developer | Austria,linkedin,Mechanical Engineer with Python - Freelance AI Trainer,Mindrift,Austria,On-site,Contract,Python,,English,,,Recent,https://at.linkedin.com/jobs/view/mechanical-engineer-with-python-freelance-ai-trainer-at-mindrift-4376567603,2026-02-25T10:51:54.797515+00:00
0,Python Developer | Switzerland,linkedin,Python Developer 80% - 100%,PSI Laboratory for Energy Systems Analysis (LEA),"Villigen, Aargau, Switzerland",Remote,Full-time,Python,,English,,,Recent,https://ch.linkedin.com/jobs/view/python-developer-80%25-100%25-at-psi-laboratory-for-energy-systems-analysis-lea-4373026952,2026-02-25T10:51:57.145380+00:00
0,Python Developer | Switzerland,linkedin,Backend Python Developer,Coopers Group AG,"Basel, Switzerland",On-site,Full-time,Python,,English,,,Recent,https://ch.linkedin.com/jobs/view/backend-python-developer-at-coopers-group-ag-4374563631,2026-02-25T10:51:57.145540+00:00
0,Python Developer | Switzerland,linkedin,Python Software Engineer (ON SITE),DonTouch SA,"Chiasso, Ticino, Switzerland",On-site,Full-time,Python,,English,,,Recent,https://ch.linkedin.com/jobs/view/python-software-engineer-on-site-at-dontouch-sa-4366360331,2026-02-25T10:51:57.145681+00:00
0,Python Developer | Switzerland,linkedin,Backend Python Developer (m/f/d),Datalynx AG,"Basel, Basel, Switzerland",On-site,Full-time,Python,,English,,,Recent,https://ch.linkedin.com/jobs/view/backend-python-developer-m-f-d-at-datalynx-ag-4376075872,2026-02-25T10:51:57.145970+00:00
0,Python Developer | Switzerland,linkedin,Freelance Web Developer – Shopify,Twine,Switzerland,On-site,Contract,,,English,,,Recent,https://ch.linkedin.com/jobs/view/freelance-web-developer-%E2%80%93-shopify-at-twine-4361867568,2026-02-25T10:51:57.146105+00:00
0,Python Developer | Switzerland,linkedin,Fullstack Developer (Python),Kraken,"Puidoux, Vaud, Switzerland",On-site,Full-time,Python,,English,,,Recent,https://ch.linkedin.com/jobs/view/fullstack-developer-python-at-kraken-4343959189,2026-02-25T10:51:57.146244+00:00
0,Python Developer | Switzerland,linkedin,Backend Python Developer,SimplyVision GmbH,"Basel, Switzerland",On-site,Full-time,Python,,English,,,Recent,https://ch.linkedin.com/jobs/view/backend-python-developer-at-simplyvision-gmbh-4374562620,2026-02-25T10:51:57.146373+00:00
0,Python Developer | Switzerland,linkedin,Backend Python Developer – 6877,CTC Resourcing Solutions,"Basel, Switzerland",On-site,Full-time,Python,,English,,,Recent,https://ch.linkedin.com/jobs/view/backend-python-developer-%E2%80%93-6877-at-ctc-resourcing-solutions-4377144358,2026-02-25T10:51:57.146507+00:00
0,Python Developer | Switzerland,linkedin,"Backend Software Engineer, Python",Cradle,"Zurich, Zurich, Switzerland",On-site,Full-time,Python,,English,,,Recent,https://ch.linkedin.com/jobs/view/backend-software-engineer-python-at-cradle-4377592944,2026-02-25T10:51:57.146649+00:00
0,Python Developer | Remote,linkedin,Freelance Machine Learning Developer (Python),Mindrift,"Cologne, North Rhine-Westphalia, Germany",Remote,Contract,Python,Machine Learning,English,,,Recent,https://de.linkedin.com/jobs/view/freelance-machine-learning-developer-python-at-mindrift-4377144446,2026-02-25T10:51:59.528603+00:00
0,Python Developer | Remote,linkedin,Freelance Machine Learning Developer (Python),Mindrift,Germany,Remote,Contract,Python,Machine Learning,English,,,Recent,https://de.linkedin.com/jobs/view/freelance-machine-learning-developer-python-at-mindrift-4377137695,2026-02-25T10:51:59.528751+00:00
0,Python Developer | Remote,linkedin,Freelance Data Science Engineer (Python & SQL),Mindrift,"Berlin, Berlin, Germany",Remote,Contract,Python,"Sql, Data Science",English,,,Recent,https://de.linkedin.com/jobs/view/freelance-data-science-engineer-python-sql-at-mindrift-4377133652,2026-02-25T10:51:59.528894+00:00
0,Python Developer | Remote,linkedin,Freelance Machine Learning Developer (Python),Mindrift,"Berlin, Berlin, Germany",Remote,Contract,Python,Machine Learning,English,,,Recent,https://de.linkedin.com/jobs/view/freelance-machine-learning-developer-python-at-mindrift-4377142447,2026-02-25T10:51:59.529030+00:00
0,Python Developer | Remote,linkedin,Freelance Machine Learning Engineer (Python),Mindrift,"Cologne, North Rhine-Westphalia, Germany",Remote,Contract,Python,Machine Learning,English,,,Recent,https://de.linkedin.com/jobs/view/freelance-machine-learning-engineer-python-at-mindrift-4377413069,2026-02-25T10:51:59.529166+00:00
0,Python Developer | Remote,linkedin,Freelance Data Science Engineer (Python & SQL),Mindrift,Germany,Remote,Contract,Python,"Sql, Data Science",English,,,Recent,https://de.linkedin.com/jobs/view/freelance-data-science-engineer-python-sql-at-mindrift-4377130682,2026-02-25T10:51:59.529301+00:00
0,Python Developer | Slovakia,linkedin,Python Software Engineer,ESET,"Bratislava, Bratislava, Slovakia",On-site,Full-time,Python,,English,,,Recent,https://sk.linkedin.com/jobs/view/python-software-engineer-at-eset-4307549217,2026-02-25T10:52:01.861226+00:00
0,Python Developer | Slovakia,linkedin,Python Software Developer,Nokia,"Bratislava, Bratislava, Slovakia",On-site,Full-time,Python,,English,,,Recent,https://sk.linkedin.com/jobs/view/python-software-developer-at-nokia-4289894545,2026-02-25T10:52:01.861393+00:00
0,Python Developer | Slovakia,linkedin,Backend Software Engineer (Python),Innovatrics,"Bratislava, Bratislava, Slovakia",On-site,Full-time,Python,,English,,,Recent,https://sk.linkedin.com/jobs/view/backend-software-engineer-python-at-innovatrics-4373925805,2026-02-25T10:52:01.861533+00:00
0,Python Developer | Slovakia,linkedin,Python Software Engineer,ESET,"Bratislava, Bratislava, Slovakia",On-site,Full-time,Python,,English,,,Recent,https://sk.linkedin.com/jobs/view/python-software-engineer-at-eset-4292497215,2026-02-25T10:52:01.861673+00:00
0,Python Developer | Slovakia,linkedin,Python Engineer,Swiss Re,"Bratislava, Bratislava, Slovakia",On-site,Full-time,Python,,English,,,Recent,https://sk.linkedin.com/jobs/view/python-engineer-at-swiss-re-4325749432,2026-02-25T10:52:01.862095+00:00
0,Python Developer | Slovakia,linkedin,Software Engineer (JavaScript/Python),ESET,"Bratislava, Bratislava, Slovakia",On-site,Full-time,"Javascript, Python",,English,,,Recent,https://sk.linkedin.com/jobs/view/software-engineer-javascript-python-at-eset-4352754566,2026-02-25T10:52:01.862231+00:00
0,Python Developer | Slovakia,linkedin,Junior Java & Python Developer (Student Role),Swiss Re,"Bratislava, Bratislava, Slovakia",On-site,Internship,"Java, Python",Junior,English,,,Recent,https://sk.linkedin.com/jobs/view/junior-java-python-developer-student-role-at-swiss-re-4376057526,2026-02-25T10:52:01.862368+00:00
0,Python Developer | Slovakia,linkedin,Full-Stack Developer - Python & JavaScript (m/f),PwC Slovakia,"Bratislava, Bratislava, Slovakia",On-site,Full-time,"Javascript, Python",,English,,,Recent,https://sk.linkedin.com/jobs/view/full-stack-developer-python-javascript-m-f-at-pwc-slovakia-4323297439,2026-02-25T10:52:01.862501+00:00
0,Python Developer | Czech Republic,linkedin,DESARROLLADOR BACK-END (QIK),Banco Popular Dominicano,"Santo Domingo, Distrito Nacional, Dominican Republic",On-site,Full-time,,,English,,,Recent,https://do.linkedin.com/jobs/view/desarrollador-back-end-qik-at-banco-popular-dominicano-4370741185,2026-02-25T10:52:04.215845+00:00
0,Python Developer | Czech Republic,linkedin,Full Stack Engineer (Remote),KAIZEN Asset Management Services,Dominican Republic,Remote,Full-time,,,English,,,Recent,https://do.linkedin.com/jobs/view/full-stack-engineer-remote-at-kaizen-asset-management-services-4372243612,2026-02-25T10:52:04.216005+00:00
0,Python Developer | Czech Republic,linkedin,Líder Desarrollador Back-End,Banco Popular Dominicano,"Santo Domingo, Distrito Nacional, Dominican Republic",On-site,Full-time,,,English,,,Recent,https://do.linkedin.com/jobs/view/l%C3%ADder-desarrollador-back-end-at-banco-popular-dominicano-4373125330,2026-02-25T10:52:04.216289+00:00
0,Python Developer | Czech Republic,linkedin,AI/ML Engineer,Perform,Dominican Republic,On-site,Full-time,,,English,,,Recent,https://do.linkedin.com/jobs/view/ai-ml-engineer-at-perform-4344260713,2026-02-25T10:52:04.216431+00:00
0,Python Developer | Czech Republic,linkedin,Desarrollador de Software Back End y Front End,Infosyp,"Santiago de los Caballeros, Santiago, Dominican Republic",On-site,Full-time,,,English,,,Recent,https://do.linkedin.com/jobs/view/desarrollador-de-software-back-end-y-front-end-at-infosyp-4373384019,2026-02-25T10:52:04.216565+00:00
0,Python Developer | Czech Republic,linkedin,Agentic Python Engineer - Remote - Latin America,FullStack,"Santo Domingo Este, Santo Domingo, Dominican Republic",Remote,Full-time,Python,,English,,,Recent,https://do.linkedin.com/jobs/view/agentic-python-engineer-remote-latin-america-at-fullstack-4315354864,2026-02-25T10:52:04.216846+00:00
0,Python Developer | Czech Republic,linkedin,Agentic Python Engineer - Remote - Latin America,FullStack,Dominican Republic,Remote,Full-time,Python,,English,,,Recent,https://do.linkedin.com/jobs/view/agentic-python-engineer-remote-latin-america-at-fullstack-4315360603,2026-02-25T10:52:04.216979+00:00
0,Python Developer | Czech Republic,linkedin,Agentic Python Engineer - Remote - Latin America,FullStack,"Santo Domingo, Dominican Republic",Remote,Full-time,Python,,English,,,Recent,https://do.linkedin.com/jobs/view/agentic-python-engineer-remote-latin-america-at-fullstack-4315356731,2026-02-25T10:52:04.217120+00:00
0,Python Developer | Poland,linkedin,Software Engineer (4/5) — Developer Platform,Netflix,"Warsaw, Mazowieckie, Poland",On-site,Full-time,,,English,,,Recent,https://pl.linkedin.com/jobs/view/software-engineer-4-5-%E2%80%94-developer-platform-at-netflix-4193468200,2026-02-25T10:52:06.613764+00:00
0,Python Developer | Poland,linkedin,Python Developer,Maxima Consulting,Poland,On-site,Full-time,Python,,English,,,Recent,https://pl.linkedin.com/jobs/view/python-developer-at-maxima-consulting-4370556465,2026-02-25T10:52:06.613945+00:00
0,Python Developer | Poland,linkedin,Python Developer,AppTailors,Poland,On-site,Full-time,Python,,English,,,Recent,https://pl.linkedin.com/jobs/view/python-developer-at-apptailors-4373757825,2026-02-25T10:52:06.614087+00:00
0,Python Developer | Poland,linkedin,Junior Full Stack Developer,Brightstar Lottery,"Warsaw, Mazowieckie, Poland",On-site,Full-time,,Junior,English,,,Recent,https://pl.linkedin.com/jobs/view/junior-full-stack-developer-at-brightstar-lottery-4370678118,2026-02-25T10:52:06.614226+00:00
0,Python Developer | Poland,linkedin,Python Developer,EY,"Katowice, Śląskie, Poland",On-site,Full-time,Python,,English,,,Recent,https://pl.linkedin.com/jobs/view/python-developer-at-ey-4323275169,2026-02-25T10:52:06.614370+00:00
0,Python Developer | Poland,linkedin,"Data Processing Engineer (Azure, Python, SQL) – Junior Level",DXC Technology,"Warsaw, Mazowieckie, Poland",On-site,Full-time,Python,"Azure, Sql, Junior",English,,,Recent,https://pl.linkedin.com/jobs/view/data-processing-engineer-azure-python-sql-%E2%80%93-junior-level-at-dxc-technology-4370460327,2026-02-25T10:52:06.614519+00:00
0,Python Developer | Poland,linkedin,Backend Python Developer / Programmer,Generation9,"Warsaw, Mazowieckie, Poland",On-site,Full-time,Python,,English,,,Recent,https://pl.linkedin.com/jobs/view/backend-python-developer-programmer-at-generation9-4361862707,2026-02-25T10:52:06.614658+00:00
0,Python Developer | Poland,linkedin,Software Engineer (Python) - AI Platform,Revolut,Poland,On-site,Full-time,Python,,English,,,Recent,https://pl.linkedin.com/jobs/view/software-engineer-python-ai-platform-at-revolut-4250500721,2026-02-25T10:52:06.614805+00:00
0,Python Developer | Poland,linkedin,Python Developer,DataInsight,"Cracow, Małopolskie, Poland",On-site,Full-time,Python,,English,,,Recent,https://pl.linkedin.com/jobs/view/python-developer-at-datainsight-4367053455,2026-02-25T10:52:06.614946+00:00
0,Python Developer | Poland,linkedin,Python Developer,Ideamotive,"Warsaw, Mazowieckie, Poland",On-site,Full-time,Python,,English,,,Recent,https://pl.linkedin.com/jobs/view/python-developer-at-ideamotive-4377451019,2026-02-25T10:52:06.615089+00:00
0,Python Developer | USA,linkedin,Software Engineer - BE Python,PayPal,"San Jose, CA",On-site,Full-time,Python,,English,,,Recent,https://www.linkedin.com/jobs/view/software-engineer-be-python-at-paypal-4363081581,2026-02-25T10:52:09.175802+00:00
0,Python Developer | USA,linkedin,Python Software Engineer,"CPS, Inc.","New York, NY",On-site,Full-time,Python,,English,,,Recent,https://www.linkedin.com/jobs/view/python-software-engineer-at-cps-inc-4330570856,2026-02-25T10:52:09.175970+00:00
0,Python Developer | USA,linkedin,Python Software Engineer,"CPS, Inc.","Chicago, IL",On-site,Full-time,Python,,English,,,Recent,https://www.linkedin.com/jobs/view/python-software-engineer-at-cps-inc-4330410851,2026-02-25T10:52:09.176116+00:00
0,Python Developer | USA,linkedin,Back End Developer,hackajob,"McLean, VA",On-site,Full-time,,,English,,,Recent,https://www.linkedin.com/jobs/view/back-end-developer-at-hackajob-4370504606,2026-02-25T10:52:09.176260+00:00
0,Python Developer | USA,linkedin,Junior Full-Stack Developer,Capgemini,"New York, United States",On-site,Full-time,,Junior,English,,,Recent,https://www.linkedin.com/jobs/view/junior-full-stack-developer-at-capgemini-4370834867,2026-02-25T10:52:09.176397+00:00
0,Python Developer | USA,linkedin,Backend Engineer Intern,Tinder,"Los Angeles, CA",On-site,Internship,,Intern,English,,,Recent,https://www.linkedin.com/jobs/view/backend-engineer-intern-at-tinder-4324000392,2026-02-25T10:52:09.176538+00:00
0,Python Developer | USA,linkedin,Python Web Developer,The BayTech Group,United States,On-site,Full-time,Python,,English,,,Recent,https://www.linkedin.com/jobs/view/python-web-developer-at-the-baytech-group-4363140145,2026-02-25T10:52:09.176672+00:00
0,Python Developer | USA,linkedin,Python Developer,Webologix Ltd/ INC,United States,On-site,Full-time,Python,,English,,,Recent,https://www.linkedin.com/jobs/view/python-developer-at-webologix-ltd-inc-4371028211,2026-02-25T10:52:09.176823+00:00
0,Python Developer | USA,linkedin,Junior Full Stack Engineer ($250k - $300k salary),Baton Corporation,"New York, NY",On-site,Full-time,,Junior,English,,,Recent,https://www.linkedin.com/jobs/view/junior-full-stack-engineer-%24250k-%24300k-salary-at-baton-corporation-4373590558,2026-02-25T10:52:09.177086+00:00
0,Python Developer | United Kingdom,linkedin,Python Developer,hackajob,United Kingdom,On-site,Full-time,Python,,English,,,Recent,https://uk.linkedin.com/jobs/view/python-developer-at-hackajob-4359232540,2026-02-25T10:52:11.599534+00:00
0,Python Developer | United Kingdom,linkedin,Python Developer,Oliver Bernard,"London Area, United Kingdom",On-site,Full-time,Python,,English,,,Recent,https://uk.linkedin.com/jobs/view/python-developer-at-oliver-bernard-4362294390,2026-02-25T10:52:11.599709+00:00
0,Python Developer | United Kingdom,linkedin,Junior Python Software Engineer,Validus Risk Management,"London, England, United Kingdom",On-site,Full-time,Python,Junior,English,,,Recent,https://uk.linkedin.com/jobs/view/junior-python-software-engineer-at-validus-risk-management-4367447441,2026-02-25T10:52:11.599866+00:00
0,Python Developer | United Kingdom,linkedin,Python Developer,Verve Talent Limited,"London Area, United Kingdom",On-site,Full-time,Python,,English,,,Recent,https://uk.linkedin.com/jobs/view/python-developer-at-verve-talent-limited-4370518278,2026-02-25T10:52:11.600006+00:00
0,Python Developer | United Kingdom,linkedin,Python Software Engineer,Prima,"London, England, United Kingdom",On-site,Full-time,Python,,English,,,Recent,https://uk.linkedin.com/jobs/view/python-software-engineer-at-prima-4149696449,2026-02-25T10:52:11.600142+00:00
0,Python Developer | United Kingdom,linkedin,Python Engineer (Generative AI),Morgan Stanley,"Glasgow, Scotland, United Kingdom",On-site,Full-time,"Generative Ai, Python",,English,,,Recent,https://uk.linkedin.com/jobs/view/python-engineer-generative-ai-at-morgan-stanley-4370686628,2026-02-25T10:52:11.600282+00:00
0,Python Developer | United Kingdom,linkedin,Python Developer,FORT,United Kingdom,On-site,Full-time,Python,,English,,,Recent,https://uk.linkedin.com/jobs/view/python-developer-at-fort-4370510093,2026-02-25T10:52:11.600556+00:00
0,Python Developer | United Kingdom,linkedin,AI Python Engineer,Capgemini,"Manchester Area, United Kingdom",On-site,Full-time,Python,,English,,,Recent,https://uk.linkedin.com/jobs/view/ai-python-engineer-at-capgemini-4370660456,2026-02-25T10:52:11.600703+00:00
0,Python Developer | United Kingdom,linkedin,Junior Python Developer,MLabs,"Greater London, England, United Kingdom",On-site,Full-time,Python,Junior,English,,,Recent,https://uk.linkedin.com/jobs/view/junior-python-developer-at-mlabs-4373331871,2026-02-25T10:52:11.600835+00:00
0,Python Test | Austria,linkedin,Quality Engineer (m/f/d),SEA.AI,"Linz, Upper Austria, Austria",On-site,Full-time,,,English,,,Recent,https://at.linkedin.com/jobs/view/quality-engineer-m-f-d-at-sea-ai-4373453620,2026-02-25T10:52:16.316433+00:00
0,Python Test | Switzerland,linkedin,Test Automation Engineer (m/f/d),Hays,"Risch-Rotkreuz, Zug, Switzerland",On-site,Full-time,Test Automation,,English,,,Recent,https://ch.linkedin.com/jobs/view/test-automation-engineer-m-f-d-at-hays-4368662465,2026-02-25T10:52:18.720288+00:00
0,Python Test | Switzerland,linkedin,Ingénieur tests logiciels/Ingénieure tests logiciels,CLEEVEN,"Basel, Switzerland",On-site,Full-time,,,English,,,Recent,https://ch.linkedin.com/jobs/view/ing%C3%A9nieur-tests-logiciels-ing%C3%A9nieure-tests-logiciels-at-cleeven-4361946393,2026-02-25T10:52:18.720421+00:00
0,Python Test | Czech Republic,linkedin,Junior Data Analyst,Midorick Solutions,Dominican Republic,On-site,Full-time,,Junior,English,,,Recent,https://do.linkedin.com/jobs/view/junior-data-analyst-at-midorick-solutions-4374142223,2026-02-25T10:52:25.816077+00:00
0,Python Test | Czech Republic,linkedin,QA Engineer (Manual + Automation) - Remote - Latin America,FullStack,Dominican Republic,Remote,Full-time,,,English,,,Recent,https://do.linkedin.com/jobs/view/qa-engineer-manual-%2B-automation-remote-latin-america-at-fullstack-4374779468,2026-02-25T10:52:25.816212+00:00
0,Python Test | Czech Republic,linkedin,"Eng I, Software Quality, APM, Temporary",BD Nogales Norte,"Distrito Nacional, Dominican Republic",On-site,Full-time,,,English,,,Recent,https://do.linkedin.com/jobs/view/eng-i-software-quality-apm-temporary-at-bd-nogales-norte-4377555936,2026-02-25T10:52:25.816349+00:00
0,Python Test | Czech Republic,linkedin,Future QA Engineer Opportunities (Gaming Industry),Perform,Dominican Republic,On-site,Full-time,,,English,,,Recent,https://do.linkedin.com/jobs/view/future-qa-engineer-opportunities-gaming-industry-at-perform-4344181481,2026-02-25T10:52:25.816630+00:00
0,Python Test | Czech Republic,linkedin,QA Engineer (Manual + Automation) - Remote - Latin America,FullStack,"Santo Domingo, Dominican Republic",Remote,Full-time,,,English,,,Recent,https://do.linkedin.com/jobs/view/qa-engineer-manual-%2B-automation-remote-latin-america-at-fullstack-4374766837,2026-02-25T10:52:25.816778+00:00
0,Python Test | Czech Republic,linkedin,Reporting Specialist,Thryv,Dominican Republic,On-site,Full-time,,,English,,,Recent,https://do.linkedin.com/jobs/view/reporting-specialist-at-thryv-4359001680,2026-02-25T10:52:25.816918+00:00
0,Python Test | Poland,linkedin,Junior QA Automation Engineer,Talan,"Warsaw, Mazowieckie, Poland",On-site,Full-time,,Junior,English,,,Recent,https://pl.linkedin.com/jobs/view/junior-qa-automation-engineer-at-talan-4367209775,2026-02-25T10:52:28.227024+00:00
0,Python Test | Poland,linkedin,Software Test Engineer,Wipro,"Warsaw, Mazowieckie, Poland",On-site,Full-time,,,English,,,Recent,https://pl.linkedin.com/jobs/view/software-test-engineer-at-wipro-4374597173,2026-02-25T10:52:28.227292+00:00
0,Python Test | USA,linkedin,Quality Engineering - Software QA Engineer,ECLARO,"San Antonio, TX",On-site,Full-time,,,English,,,Recent,https://www.linkedin.com/jobs/view/quality-engineering-software-qa-engineer-at-eclaro-4374293344,2026-02-25T10:52:30.771402+00:00
0,Python Test | USA,linkedin,"Quality Assurance Engineer ($80,000-$120,000)",New York Technology Partners,"Chicago, IL",On-site,Full-time,,,English,,,Recent,https://www.linkedin.com/jobs/view/quality-assurance-engineer-%2480-000-%24120-000-at-new-york-technology-partners-4377408127,2026-02-25T10:52:30.771722+00:00
0,Python Test | USA,linkedin,QA Automation Engineer,Saransh Inc,"Alpharetta, GA",On-site,Full-time,,,English,,,Recent,https://www.linkedin.com/jobs/view/qa-automation-engineer-at-saransh-inc-4375182440,2026-02-25T10:52:30.772002+00:00
0,Python Test | USA,linkedin,Junior Software Quality Engineer,Helic & Co.,United States,On-site,Full-time,,Junior,English,,,Recent,https://www.linkedin.com/jobs/view/junior-software-quality-engineer-at-helic-co-4377195919,2026-02-25T10:52:30.772137+00:00
0,Python Test | USA,linkedin,Quality Assurance Engineer/Tester,Scientific Research Corporation,"North Charleston, SC",On-site,Full-time,,,English,,,Recent,https://www.linkedin.com/jobs/view/quality-assurance-engineer-tester-at-scientific-research-corporation-4374623650,2026-02-25T10:52:30.772271+00:00
0,Python Test | USA,linkedin,QA Test Engineer,Lumafield,"San Francisco, CA",On-site,Full-time,,,English,,,Recent,https://www.linkedin.com/jobs/view/qa-test-engineer-at-lumafield-4374308517,2026-02-25T10:52:30.772671+00:00
0,Python Test | United Kingdom,linkedin,Mobile Automation Test Engineer,Solirius Reply,"Coventry, England, United Kingdom",Remote,Full-time,,,English,,,Recent,https://uk.linkedin.com/jobs/view/mobile-automation-test-engineer-at-solirius-reply-4376807247,2026-02-25T10:52:33.245693+00:00
0,Python Test | United Kingdom,linkedin,Quality Assurance Automation Engineer,Addition,"London Area, United Kingdom",On-site,Full-time,,,English,,,Recent,https://uk.linkedin.com/jobs/view/quality-assurance-automation-engineer-at-addition-4369102719,2026-02-25T10:52:33.245975+00:00
0,Python Test | United Kingdom,linkedin,QA Engineer,1inch,"London Area, United Kingdom",On-site,Full-time,,,English,,,Recent,https://uk.linkedin.com/jobs/view/qa-engineer-at-1inch-4374396524,2026-02-25T10:52:33.246369+00:00
0,Firmware Engineer | Germany,linkedin,Embedded Software Developer (gn),Ingenics Digital GmbH,"Munich, Bavaria, Germany",On-site,Full-time,,,English,,,Recent,https://de.linkedin.com/jobs/view/embedded-software-developer%C2%A0-gn-at-ingenics-digital-gmbh-4360584884,2026-02-25T10:52:35.632031+00:00
0,Firmware Engineer | Germany,linkedin,Software Embedded Engineer,Corsair,"Landshut, Bavaria, Germany",On-site,Full-time,,,English,,,Recent,https://de.linkedin.com/jobs/view/software-embedded-engineer-at-corsair-4351784200,2026-02-25T10:52:35.632200+00:00
0,Firmware Engineer | Germany,linkedin,Embedded Software Engineer (m/f/d) - ADAM Audio GmbH,Focusrite,"Berlin, Berlin, Germany",On-site,Full-time,,,English,,,Recent,https://de.linkedin.com/jobs/view/embedded-software-engineer-m-f-d-adam-audio-gmbh-at-focusrite-4373802816,2026-02-25T10:52:35.632342+00:00
0,Firmware Engineer | Germany,linkedin,Embedded Software Entwickler (m/w/d),IRS Systementwicklung GmbH,"Wörth an der Donau, Bavaria, Germany",On-site,Full-time,,,German,,,Recent,https://de.linkedin.com/jobs/view/embedded-software-entwickler-m-w-d-at-irs-systementwicklung-gmbh-4364524730,2026-02-25T10:52:35.632478+00:00
0,Firmware Engineer | Germany,linkedin,Software Engineer - TV,Instaffo,"Berlin, Berlin, Germany",On-site,Full-time,,,English,,,Recent,https://de.linkedin.com/jobs/view/software-engineer-tv-at-instaffo-4298296250,2026-02-25T10:52:35.632624+00:00
0,Firmware Engineer | Germany,linkedin,Embedded software developer (m/f/d),EVOMOTIV,"Stuttgart, Baden-Württemberg, Germany",On-site,Full-time,,,English,,,Recent,https://de.linkedin.com/jobs/view/embedded-software-developer-m-f-d-at-evomotiv-4366440809,2026-02-25T10:52:35.632767+00:00
0,Firmware Engineer | Germany,linkedin,Embedded Software Engineer (m/f/d),Seroton,"Munich, Bavaria, Germany",On-site,Full-time,,,English,,,Recent,https://de.linkedin.com/jobs/view/embedded-software-engineer-m-f-d-at-seroton-4356840898,2026-02-25T10:52:35.632911+00:00
0,Firmware Engineer | Germany,linkedin,FREELANCE - Embedded Engineer (m/w/x) - München,requisimus,"Esslingen, Baden-Württemberg, Germany",On-site,Contract,,,English,,,Recent,https://de.linkedin.com/jobs/view/freelance-embedded-engineer-m-w-x-m%C3%BCnchen-at-requisimus-4372465156,2026-02-25T10:52:35.633048+00:00
0,Firmware Engineer | Germany,linkedin,Embedded Software Engineer (m/w/d),CarByte,"Rülzheim, Rhineland-Palatinate, Germany",On-site,Full-time,,R,English,,,Recent,https://de.linkedin.com/jobs/view/embedded-software-engineer-m-w-d-at-carbyte-4374582151,2026-02-25T10:52:35.633186+00:00
0,Firmware Engineer | Germany,linkedin,"Embedded Software Engineer
Engineering, Software, Manufacture",Sonardyne Inc.,"Hamburg, Hamburg, Germany",On-site,Full-time,,,English,,,Recent,https://de.linkedin.com/jobs/view/embedded-software-engineer%0Aengineering-software-manufacture-at-sonardyne-inc-4369428705,2026-02-25T10:52:35.633322+00:00
0,Firmware Engineer | Austria,linkedin,"Embedded Software Engineer, Operating System",Snap Inc.,"Vienna, Austria",On-site,Full-time,,,English,,,Recent,https://at.linkedin.com/jobs/view/embedded-software-engineer-operating-system-at-snap-inc-4373350021,2026-02-25T10:52:38.002009+00:00
0,Firmware Engineer | Austria,linkedin,"Embedded Engineer, C++",Snap Inc.,"Vienna, Austria",On-site,Full-time,"C, C++",,English,,,Recent,https://at.linkedin.com/jobs/view/embedded-engineer-c%2B%2B-at-snap-inc-4373352430,2026-02-25T10:52:38.002173+00:00
0,Firmware Engineer | Austria,linkedin,"Embedded Engineer, C++",Snap Inc.,"Vienna, Vienna, Austria",On-site,Full-time,"C, C++",,English,,,Recent,https://at.linkedin.com/jobs/view/embedded-engineer-c%2B%2B-at-snap-inc-4343090410,2026-02-25T10:52:38.002315+00:00
0,Firmware Engineer | Austria,linkedin,"Embedded Engineer, Camera",Snap Inc.,"Vienna, Austria",On-site,Full-time,,,English,,,Recent,https://at.linkedin.com/jobs/view/embedded-engineer-camera-at-snap-inc-4373339352,2026-02-25T10:52:38.002452+00:00
0,Firmware Engineer | Austria,linkedin,Embedded Systems Engineer (HW & SW),Cellectric Biosciences,"Vienna, Austria",On-site,Full-time,Embedded Systems,,English,,,Recent,https://at.linkedin.com/jobs/view/embedded-systems-engineer-hw-sw-at-cellectric-biosciences-4375682410,2026-02-25T10:52:38.002584+00:00
0,Firmware Engineer | Austria,linkedin,Embedded Software Engineer (full-time)  (f/m/d),TriLite Technologies,"Vienna, Vienna, Austria",On-site,Full-time,,,English,,,Recent,https://at.linkedin.com/jobs/view/embedded-software-engineer-full-time-f-m-d-at-trilite-technologies-4364588916,2026-02-25T10:52:38.002731+00:00
0,Firmware Engineer | Austria,linkedin,"Embedded Engineer, Operating System",Snap Inc.,"Vienna, Vienna, Austria",On-site,Full-time,,,English,,,Recent,https://at.linkedin.com/jobs/view/embedded-engineer-operating-system-at-snap-inc-4318264468,2026-02-25T10:52:38.002869+00:00
0,Firmware Engineer | Austria,linkedin,"Embedded Engineer, C++",Snap Inc.,"Vienna, Vienna, Austria",On-site,Full-time,"C, C++",,English,,,Recent,https://at.linkedin.com/jobs/view/embedded-engineer-c%2B%2B-at-snap-inc-4370565695,2026-02-25T10:52:38.003006+00:00
0,Firmware Engineer | Austria,linkedin,Embedded Software Entwickler (m/w/d),best4best consulting - Talente Vermittlung,"Bad Leonfelden, Upper Austria, Austria",On-site,Full-time,,,English,,,Recent,https://at.linkedin.com/jobs/view/embedded-software-entwickler-m-w-d-at-best4best-consulting-talente-vermittlung-4374579207,2026-02-25T10:52:38.003141+00:00
0,Firmware Engineer | Austria,linkedin,Software Engineer,Talos Automation,"Styria, Austria",On-site,Full-time,,,English,,,Recent,https://at.linkedin.com/jobs/view/software-engineer-at-talos-automation-4355717597,2026-02-25T10:52:38.003275+00:00
0,Firmware Engineer | Switzerland,linkedin,Embedded Software Engineer – e-Bike Systems,Specialized Bicycle Components,"Cham, Zug, Switzerland",On-site,Full-time,,,English,,,Recent,https://ch.linkedin.com/jobs/view/embedded-software-engineer-%E2%80%93-e-bike-systems-at-specialized-bicycle-components-4249261377,2026-02-25T10:52:40.370282+00:00
0,Firmware Engineer | Switzerland,linkedin,Embedded Engineer,NielsenIQ,"Kriegstetten, Solothurn, Switzerland",On-site,Full-time,,,English,,,Recent,https://ch.linkedin.com/jobs/view/embedded-engineer-at-nielseniq-4369551417,2026-02-25T10:52:40.370454+00:00
0,Firmware Engineer | Switzerland,linkedin,Junior Software Engineer (TE-MPE-CB-2026-16-GRAE),CERN,"Geneva, Geneva, Switzerland",On-site,Full-time,,Junior,English,,,Recent,https://ch.linkedin.com/jobs/view/junior-software-engineer-te-mpe-cb-2026-16-grae-at-cern-4373115848,2026-02-25T10:52:40.370740+00:00
0,Firmware Engineer | Switzerland,linkedin,C++ Software Engineer (80%-100%) – Zug,Code Compass 🧭,"Zug, Switzerland",Remote,Full-time,"C, C++",,English,,,Recent,https://ch.linkedin.com/jobs/view/c%2B%2B-software-engineer-80%25-100%25-%E2%80%93-zug-at-code-compass-%F0%9F%A7%AD-4373485084,2026-02-25T10:52:40.371156+00:00
0,Firmware Engineer | Switzerland,linkedin,Embedded Software Engineer – e Bike Systems (80–100%),Specialized Bicycle Components,"Cham, Zug, Switzerland",Remote,Full-time,,,English,,,Recent,https://ch.linkedin.com/jobs/view/embedded-software-engineer-%E2%80%93-e-bike-systems-80%E2%80%93100%25-at-specialized-bicycle-components-4371434879,2026-02-25T10:52:40.371562+00:00
0,Firmware Engineer | Remote,linkedin,Embedded Softwareentwickler (m/w/d),ICT Digital Solutions GmbH,Germany,Remote,Full-time,,,English,,,Recent,https://de.linkedin.com/jobs/view/embedded-softwareentwickler-m-w-d-at-ict-digital-solutions-gmbh-4364111996,2026-02-25T10:52:42.751122+00:00
0,Firmware Engineer | Remote,linkedin,"Embedded Engineer (PCB design, STM32 firmware)",Terra Quantum AG,"Munich, Bavaria, Germany",Remote,Full-time,Firmware,Stm32,English,,,Recent,https://de.linkedin.com/jobs/view/embedded-engineer-pcb-design-stm32-firmware-at-terra-quantum-ag-4369677937,2026-02-25T10:52:42.751402+00:00
0,Firmware Engineer | Remote,linkedin,Software Engineer (Java Generalist),MLabs,Germany,Remote,Full-time,Java,,English,,,Recent,https://de.linkedin.com/jobs/view/software-engineer-java-generalist-at-mlabs-4370553333,2026-02-25T10:52:42.751538+00:00
0,Firmware Engineer | Remote,linkedin,Software Engineer | Remote,Crossing Hurdles,Germany,Remote,Full-time,,,English,,,Recent,https://de.linkedin.com/jobs/view/software-engineer-remote-at-crossing-hurdles-4375375037,2026-02-25T10:52:42.751670+00:00
0,Firmware Engineer | Remote,linkedin,Embedded Software Entwickler/in (m/w/d),energieleser.,"Stuttgart, Baden-Württemberg, Germany",Remote,Full-time,,,English,,,Recent,https://de.linkedin.com/jobs/view/embedded-software-entwickler-in-m-w-d-at-energieleser-4364165477,2026-02-25T10:52:42.751938+00:00
0,Firmware Engineer | Slovakia,linkedin,Software Engineer,Cisco,"Bratislava, Bratislava, Slovakia",On-site,Full-time,,,English,,,Recent,https://sk.linkedin.com/jobs/view/software-engineer-at-cisco-4369673005,2026-02-25T10:52:45.102353+00:00
0,Firmware Engineer | Slovakia,linkedin,Software Engineer,Cisco,"Bratislava, Bratislava, Slovakia",On-site,Full-time,,,English,,,Recent,https://sk.linkedin.com/jobs/view/software-engineer-at-cisco-4369669372,2026-02-25T10:52:45.102517+00:00
0,Firmware Engineer | Slovakia,linkedin,Software Engineer,Cisco,"Bratislava, Bratislava, Slovakia",On-site,Full-time,,,English,,,Recent,https://sk.linkedin.com/jobs/view/software-engineer-at-cisco-4369656700,2026-02-25T10:52:45.102946+00:00
0,Firmware Engineer | Slovakia,linkedin,Software Engineer,Cisco,"Bratislava, Bratislava, Slovakia",On-site,Full-time,,,English,,,Recent,https://sk.linkedin.com/jobs/view/software-engineer-at-cisco-4369661629,2026-02-25T10:52:45.103364+00:00
0,Firmware Engineer | Slovakia,linkedin,Internship Software Engineer,Nokia,"Bratislava, Bratislava, Slovakia",On-site,Internship,,Internship,English,,,Recent,https://sk.linkedin.com/jobs/view/internship-software-engineer-at-nokia-4309299176,2026-02-25T10:52:45.103635+00:00
0,Firmware Engineer | Czech Republic,linkedin,"Software Engineer, Platform & Integrations (Remote)",InvestorFlow,"Santo Domingo, Distrito Nacional, Dominican Republic",Remote,Full-time,,,English,,,Recent,https://do.linkedin.com/jobs/view/software-engineer-platform-integrations-remote-at-investorflow-4369943526,2026-02-25T10:52:47.448920+00:00
0,Firmware Engineer | Czech Republic,linkedin,Software Engineer III,Stats Perform,"Prague, Prague, Czechia",On-site,Full-time,,,English,,,Recent,https://cz.linkedin.com/jobs/view/software-engineer-iii-at-stats-perform-4374652486,2026-02-25T10:52:47.449054+00:00
0,Firmware Engineer | Czech Republic,linkedin,"Software Engineer, Platform & Integrations",InvestorFlow,"Santiago de los Caballeros, Santiago, Dominican Republic",On-site,Full-time,,,English,,,Recent,https://do.linkedin.com/jobs/view/software-engineer-platform-integrations-at-investorflow-4369950238,2026-02-25T10:52:47.449189+00:00
0,Firmware Engineer | Poland,linkedin,Software Engineer,Epiq,Poland,On-site,Full-time,,,English,,,Recent,https://pl.linkedin.com/jobs/view/software-engineer-at-epiq-4322610712,2026-02-25T10:52:49.846422+00:00
0,Firmware Engineer | Poland,linkedin,Junior Software Engineer,Asana,"Warsaw, Mazowieckie, Poland",On-site,Full-time,,"Asana, Junior",English,,,Recent,https://pl.linkedin.com/jobs/view/junior-software-engineer-at-asana-4315919819,2026-02-25T10:52:49.846563+00:00
0,Firmware Engineer | Poland,linkedin,Embedded Software Engineer (Robotics),SQUAD,"Wrocław, Dolnośląskie, Poland",On-site,Full-time,,,English,,,Recent,https://pl.linkedin.com/jobs/view/embedded-software-engineer-robotics-at-squad-4377048000,2026-02-25T10:52:49.846714+00:00
0,Firmware Engineer | Poland,linkedin,Embedded Software Engineer,Verkada,"Krakowski, Małopolskie, Poland",On-site,Full-time,,,English,,,Recent,https://pl.linkedin.com/jobs/view/embedded-software-engineer-at-verkada-4365303970,2026-02-25T10:52:49.846862+00:00
0,Firmware Engineer | Poland,linkedin,Junior Software Engineer,Nike,Gdansk Metropolitan Area,On-site,Full-time,,Junior,English,,,Recent,https://pl.linkedin.com/jobs/view/junior-software-engineer-at-nike-4364939000,2026-02-25T10:52:49.847002+00:00
0,Firmware Engineer | Poland,linkedin,iOS Software Engineer,MORO TECH,"Wrocław, Dolnośląskie, Poland",On-site,Full-time,,,English,,,Recent,https://pl.linkedin.com/jobs/view/ios-software-engineer-at-moro-tech-4366159496,2026-02-25T10:52:49.847139+00:00
0,Firmware Engineer | Poland,linkedin,Embedded Software Engineer,Seargin,"Katowice, Śląskie, Poland",On-site,Full-time,,,English,,,Recent,https://pl.linkedin.com/jobs/view/embedded-software-engineer-at-seargin-4376575093,2026-02-25T10:52:49.847279+00:00
0,Firmware Engineer | Poland,linkedin,Graduate software engineer,Meetup,Poland,On-site,Full-time,,Graduate,English,,,Recent,https://pl.linkedin.com/jobs/view/graduate-software-engineer-at-meetup-4374374550,2026-02-25T10:52:49.847421+00:00
0,Firmware Engineer | USA,linkedin,New Grad Software Engineer,Authentic,"New York, NY",On-site,Full-time,,,English,,,Recent,https://www.linkedin.com/jobs/view/new-grad-software-engineer-at-authentic-4377107338,2026-02-25T10:52:52.413294+00:00
0,Firmware Engineer | USA,linkedin,Embedded Software Engineer,Meta,"Burlingame, CA",On-site,Full-time,,,English,,,Recent,https://www.linkedin.com/jobs/view/embedded-software-engineer-at-meta-4301803390,2026-02-25T10:52:52.413454+00:00
0,Firmware Engineer | USA,linkedin,Embedded Software Engineer,Meta,"Redmond, WA",On-site,Full-time,,,English,,,Recent,https://www.linkedin.com/jobs/view/embedded-software-engineer-at-meta-4301812138,2026-02-25T10:52:52.413594+00:00
0,Firmware Engineer | USA,linkedin,Embedded Software Engineer,Meta,"Sunnyvale, CA",On-site,Full-time,,,English,,,Recent,https://www.linkedin.com/jobs/view/embedded-software-engineer-at-meta-4301499980,2026-02-25T10:52:52.413742+00:00
0,Firmware Engineer | USA,linkedin,Embedded Software Engineer,Meta,"San Diego, CA",On-site,Full-time,,,English,,,Recent,https://www.linkedin.com/jobs/view/embedded-software-engineer-at-meta-4301812137,2026-02-25T10:52:52.414012+00:00
0,Firmware Engineer | USA,linkedin,Embedded Software Engineer,Meta,"Austin, TX",On-site,Full-time,,,English,,,Recent,https://www.linkedin.com/jobs/view/embedded-software-engineer-at-meta-4301819047,2026-02-25T10:52:52.414147+00:00
0,Firmware Engineer | USA,linkedin,Embedded Software Engineer,FORT Robotics,"Philadelphia, PA",On-site,Full-time,,,English,,,Recent,https://www.linkedin.com/jobs/view/embedded-software-engineer-at-fort-robotics-4374840762,2026-02-25T10:52:52.414352+00:00
0,Firmware Engineer | USA,linkedin,Embedded Software Engineer Intern,Nuro,"Mountain View, CA",On-site,Internship,,Intern,English,,,Recent,https://www.linkedin.com/jobs/view/embedded-software-engineer-intern-at-nuro-4360007303,2026-02-25T10:52:52.414624+00:00
0,Firmware Engineer | United Kingdom,linkedin,Junior Embedded Engineer,Purposeology,"Bristol, England, United Kingdom",On-site,Full-time,,Junior,English,,,Recent,https://uk.linkedin.com/jobs/view/junior-embedded-engineer-at-purposeology-4369983978,2026-02-25T10:52:54.855393+00:00
0,Firmware Engineer | United Kingdom,linkedin,"Software Engineer, Product",Meta,"London, England, United Kingdom",On-site,Full-time,,,English,,,Recent,https://uk.linkedin.com/jobs/view/software-engineer-product-at-meta-4352582789,2026-02-25T10:52:54.855583+00:00
0,Firmware Engineer | United Kingdom,linkedin,"Software Engineer, Product",Meta,United Kingdom,On-site,Full-time,,,English,,,Recent,https://uk.linkedin.com/jobs/view/software-engineer-product-at-meta-4254318562,2026-02-25T10:52:54.855733+00:00
0,Firmware Engineer | United Kingdom,linkedin,Embedded Systems & Software Developer (Graduate Junior),hireful,"Wolverhampton, England, United Kingdom",On-site,Full-time,Embedded Systems,"Graduate, Junior",English,,,Recent,https://uk.linkedin.com/jobs/view/embedded-systems-software-developer-graduate-junior-at-hireful-4377048822,2026-02-25T10:52:54.855872+00:00
0,Firmware Engineer | United Kingdom,linkedin,Junior Software Engineer,Prima,"London, England, United Kingdom",On-site,Full-time,,Junior,English,,,Recent,https://uk.linkedin.com/jobs/view/junior-software-engineer-at-prima-4371454042,2026-02-25T10:52:54.856032+00:00
0,Firmware Engineer | United Kingdom,linkedin,"Software Engineer, Infrastructure",Meta,United Kingdom,On-site,Full-time,,,English,,,Recent,https://uk.linkedin.com/jobs/view/software-engineer-infrastructure-at-meta-4254319485,2026-02-25T10:52:54.856333+00:00
0,Firmware Engineer | United Kingdom,linkedin,"Software Engineer Intern, Embedded",targetjobs UK,"Cambridge, England, United Kingdom",On-site,Internship,,Intern,English,,,Recent,https://uk.linkedin.com/jobs/view/software-engineer-intern-embedded-at-targetjobs-uk-4365826971,2026-02-25T10:52:54.856470+00:00
0,Firmware Engineer | United Kingdom,linkedin,Junior Firmware Engineers,General Dynamics UK Limited,"Hastings, England, United Kingdom",On-site,Full-time,Firmware,Junior,English,,,Recent,https://uk.linkedin.com/jobs/view/junior-firmware-engineers-at-general-dynamics-uk-limited-4377161077,2026-02-25T10:52:54.856613+00:00
