relevance_score,search_criteria,provider,title,company,location,work_location_type,employment_type,matching_skills,missing_skills,detected_languages,matched_roles,salary_hint,posted_at_relative,link,scraped_at
29,Test Engineer | USA,linkedin,"Software Engineer, Search, Infrastructure",Google,"Boulder, CO",On-site,Full-time,,,English,,,Recent,https://www.linkedin.com/jobs/view/software-engineer-search-infrastructure-at-google-4385248231,2026-03-19T10:39:12.911063+00:00
29,Test Engineer | United Kingdom,linkedin,Software Tester,Intellect Group,"Oxfordshire, England, United Kingdom",On-site,Full-time,,,English,,,Recent,https://uk.linkedin.com/jobs/view/software-tester-at-intellect-group-4387440591,2026-03-19T10:39:15.385505+00:00
29,Firmware Engineer | Austria,linkedin,Internship: Embedded Software Developer (m/f/d),NXP Semiconductors,"Gratkorn, Styria, Austria",On-site,Internship,,Internship,English,,,Recent,https://at.linkedin.com/jobs/view/internship-embedded-software-developer-m-f-d-at-nxp-semiconductors-4385349797,2026-03-19T10:40:46.672938+00:00
29,Firmware Engineer | Remote,linkedin,Embedded Engineer,Intellias,Germany,Remote,Full-time,,,English,,,Recent,https://de.linkedin.com/jobs/view/embedded-engineer-at-intellias-4383707882,2026-03-19T10:40:51.495488+00:00
29,Firmware Engineer | USA,linkedin,"Software Engineer II, Early Career",Google,"New York, NY",On-site,Full-time,,,English,,,Recent,https://www.linkedin.com/jobs/view/software-engineer-ii-early-career-at-google-4383973345,2026-03-19T10:41:01.351057+00:00
14,Tester | Germany,linkedin,Game QA Tester,welevel,"Munich, Bavaria, Germany",On-site,Internship,,"Senior, Regression Testing, Lead",English,"Lead, Senior",,Recent,https://de.linkedin.com/jobs/view/game-qa-tester-at-welevel-4371993029,2026-03-19T10:38:13.373988+00:00
14,Tester | Germany,linkedin,Test Engineer (m/w/d),Schotstek GmbH,"Schweinfurt, Bavaria, Germany",On-site,Internship,"C, C++, Python","Devops, Azure, R, Project Manager",German,Test Manager,,Recent,https://de.linkedin.com/jobs/view/test-engineer-m-w-d-at-schotstek-gmbh-4384473724,2026-03-19T10:38:13.374120+00:00
14,Tester | Germany,linkedin,Drive Test Engineer,L&T Technology Services,"Munich, Bavaria, Germany",On-site,Internship,,"R, Lead",English,Lead,,Recent,https://de.linkedin.com/jobs/view/drive-test-engineer-at-l-t-technology-services-4385685378,2026-03-19T10:38:13.374521+00:00
14,Tester | Austria,linkedin,Senior Software Tester*in (m/w/d),Value Dimensions Management Services GmbH,"Vienna, Vienna, Austria",On-site,Full-time,,Senior,English,Senior,,Recent,https://at.linkedin.com/jobs/view/senior-software-tester-in-m-w-d-at-value-dimensions-management-services-gmbh-4379556072,2026-03-19T10:38:15.728333+00:00
14,Tester | Austria,linkedin,Senior Software Engineer in Test (Full-Stack/Python),Mindrift,Austria,On-site,Full-time,Python,Senior,English,Senior,,Recent,https://at.linkedin.com/jobs/view/senior-software-engineer-in-test-full-stack-python-at-mindrift-4385318008,2026-03-19T10:38:15.728601+00:00
14,Tester | Switzerland,linkedin,Senior Test Engineer,H55,"Sion, Valais, Switzerland",On-site,Full-time,,Senior,English,Senior,,Recent,https://ch.linkedin.com/jobs/view/senior-test-engineer-at-h55-4375428762,2026-03-19T10:38:18.144730+00:00
14,Tester | Switzerland,linkedin,IT Business Consultant – Software Tester,Forty2 AG,"Lausanne, Vaud, Switzerland",On-site,Full-time,,Consultant,English,Consultant,,Recent,https://ch.linkedin.com/jobs/view/it-business-consultant-%E2%80%93-software-tester-at-forty2-ag-4377720142,2026-03-19T10:38:18.145730+00:00
14,Tester | Remote,linkedin,Senior Test Engineer,iXceed Solutions,Germany,Remote,Full-time,,Senior,English,Senior,,Recent,https://de.linkedin.com/jobs/view/senior-test-engineer-at-ixceed-solutions-4387434612,2026-03-19T10:38:20.480160+00:00
14,Tester | Remote,linkedin,Senior Software Engineer in Test (Full-Stack/Python),Mindrift,"Hamburg, Hamburg, Germany",Remote,Full-time,Python,Senior,English,Senior,,Recent,https://de.linkedin.com/jobs/view/senior-software-engineer-in-test-full-stack-python-at-mindrift-4385195931,2026-03-19T10:38:20.480445+00:00
14,Tester | Remote,linkedin,Senior Software Engineer in Test (Full-Stack/Python),Mindrift,"Frankfurt am Main, Hesse, Germany",Remote,Full-time,Python,Senior,English,Senior,,Recent,https://de.linkedin.com/jobs/view/senior-software-engineer-in-test-full-stack-python-at-mindrift-4385199876,2026-03-19T10:38:20.480735+00:00
14,Tester | Remote,linkedin,Senior Software Engineer in Test (Full-Stack/Python),Mindrift,"Stuttgart, Baden-Württemberg, Germany",Remote,Full-time,Python,Senior,English,Senior,,Recent,https://de.linkedin.com/jobs/view/senior-software-engineer-in-test-full-stack-python-at-mindrift-4385307288,2026-03-19T10:38:20.480869+00:00
14,Tester | Remote,linkedin,Senior Software Engineer in Test (Full-Stack/Python),Mindrift,"Berlin, Berlin, Germany",Remote,Full-time,Python,Senior,English,Senior,,Recent,https://de.linkedin.com/jobs/view/senior-software-engineer-in-test-full-stack-python-at-mindrift-4385195928,2026-03-19T10:38:20.481010+00:00
14,Tester | Remote,linkedin,Senior Software Engineer in Test (Full-Stack/Python),Mindrift,"Munich, Bavaria, Germany",Remote,Full-time,Python,Senior,English,Senior,,Recent,https://de.linkedin.com/jobs/view/senior-software-engineer-in-test-full-stack-python-at-mindrift-4385196910,2026-03-19T10:38:20.481140+00:00
14,Tester | Slovakia,linkedin,Senior Software Engineer in Test,Filevine,"Bratislava, Bratislava, Slovakia",On-site,Full-time,,Senior,English,Senior,,Recent,https://sk.linkedin.com/jobs/view/senior-software-engineer-in-test-at-filevine-4380694723,2026-03-19T10:38:22.854416+00:00
14,Tester | Czech Republic,linkedin,Senior Industrialization Test Engineer,Eaton,"Santo Domingo, Distrito Nacional, Dominican Republic",On-site,Full-time,,Senior,English,Senior,,Recent,https://do.linkedin.com/jobs/view/senior-industrialization-test-engineer-at-eaton-4356700885,2026-03-19T10:38:25.200073+00:00
14,QA Engineer | Remote,linkedin,Senior QA Engineer (m/w/d),Fairsource,Germany,Remote,Full-time,,Senior,English,Senior,,Recent,https://de.linkedin.com/jobs/view/senior-qa-engineer-m-w-d-at-fairsource-4382782610,2026-03-19T10:38:41.658369+00:00
14,QA Engineer | Slovakia,linkedin,Expert Quality Assurance (QA) Engineer,Qualco Group,"Bratislava, Bratislava, Slovakia",On-site,Full-time,,Expert,English,Expert,,Recent,https://sk.linkedin.com/jobs/view/expert-quality-assurance-qa-engineer-at-qualco-group-4381409824,2026-03-19T10:38:43.997276+00:00
14,QA Engineer | Slovakia,linkedin,Senior QA Automation Engineer,Hotovo,"Košice, Kosice, Slovakia",On-site,Full-time,,Senior,English,Senior,,Recent,https://sk.linkedin.com/jobs/view/senior-qa-automation-engineer-at-hotovo-4384485200,2026-03-19T10:38:43.997559+00:00
14,QA Engineer | Slovakia,linkedin,"Senior QA Engineer, IMF",Bloomreach,Slovakia,On-site,Full-time,,Senior,English,Senior,,Recent,https://sk.linkedin.com/jobs/view/senior-qa-engineer-imf-at-bloomreach-4383319917,2026-03-19T10:38:43.997717+00:00
14,QA Engineer | Slovakia,linkedin,Manual QA Engineer (Middle/Senior) ID48059,AgileEngine,"Bratislava, Bratislava, Slovakia",On-site,Full-time,,Senior,English,Senior,,Recent,https://sk.linkedin.com/jobs/view/manual-qa-engineer-middle-senior-id48059-at-agileengine-4376735337,2026-03-19T10:38:43.998185+00:00
14,QA Engineer | Slovakia,linkedin,Manual QA Engineer (Middle/Senior) ID48059,AgileEngine,"Trenčín, Trenciansky, Slovakia",On-site,Full-time,,Senior,English,Senior,,Recent,https://sk.linkedin.com/jobs/view/manual-qa-engineer-middle-senior-id48059-at-agileengine-4376400820,2026-03-19T10:38:43.998331+00:00
14,QA Engineer | Slovakia,linkedin,Manual QA Engineer (Middle/Senior) ID48059,AgileEngine,"Parovské Háje, Nitra Region, Slovakia",On-site,Full-time,,Senior,English,Senior,,Recent,https://sk.linkedin.com/jobs/view/manual-qa-engineer-middle-senior-id48059-at-agileengine-4379509237,2026-03-19T10:38:43.998475+00:00
14,QA Engineer | Czech Republic,linkedin,Senior QA Automation Engineer (Playwright) - Remote - Latin America,FullStack,"Santo Domingo Oeste, Santo Domingo, Dominican Republic",Remote,Full-time,Playwright,Senior,English,Senior,,Recent,https://do.linkedin.com/jobs/view/senior-qa-automation-engineer-playwright-remote-latin-america-at-fullstack-4387621415,2026-03-19T10:38:46.360529+00:00
14,QA Engineer | Czech Republic,linkedin,Senior QA Automation Engineer (Playwright) - Remote - Latin America,FullStack,"Higüey, La Altagracia, Dominican Republic",Remote,Full-time,Playwright,Senior,English,Senior,,Recent,https://do.linkedin.com/jobs/view/senior-qa-automation-engineer-playwright-remote-latin-america-at-fullstack-4387619468,2026-03-19T10:38:46.360676+00:00
14,QA Engineer | Poland,linkedin,Senior Quality Assurance Engineer,United Solutions,Poland,On-site,Full-time,,Senior,English,Senior,,Recent,https://pl.linkedin.com/jobs/view/senior-quality-assurance-engineer-at-united-solutions-4385064867,2026-03-19T10:38:48.755111+00:00
14,QA Engineer | Poland,linkedin,Senior Manual QA Engineer for Mobile App (Tinder),Zoolatech,"Warsaw, Mazowieckie, Poland",Remote,Full-time,,Senior,English,Senior,,Recent,https://pl.linkedin.com/jobs/view/senior-manual-qa-engineer-for-mobile-app-tinder-at-zoolatech-4384049516,2026-03-19T10:38:48.755381+00:00
14,QA Engineer | USA,linkedin,"Junior QA Engineer – Recent Grads, This One's for You",Teak,United States,Remote,Contract,"Playwright, Python, Test Automation, Typescript","Senior, Junior, Regression Testing, Agile, Jira, Manual Testing",English,Senior,,Recent,https://www.linkedin.com/jobs/view/junior-qa-engineer-%E2%80%93-recent-grads-this-one-s-for-you-at-teak-4383435639,2026-03-19T10:38:51.131564+00:00
14,QA Engineer | United Kingdom,linkedin,🚀 Senior QA Engineer (Playwright Specialist) — Remote (UK) — £60–65k,Venchr,"Manchester Area, United Kingdom",Remote,Full-time,Playwright,Senior,English,Senior,,Recent,https://uk.linkedin.com/jobs/view/%F0%9F%9A%80-senior-qa-engineer-playwright-specialist-%E2%80%94-remote-uk-%E2%80%94-%C2%A360%E2%80%9365k-at-venchr-4385251493,2026-03-19T10:38:53.486268+00:00
14,Testingenieur | Austria,linkedin,Senior Semiconductors Test Engineer - (ONSITE in Switzerland),Gramian Consulting,Austria,On-site,Full-time,,Senior,English,Senior,,Recent,https://at.linkedin.com/jobs/view/senior-semiconductors-test-engineer-onsite-in-switzerland-at-gramian-consulting-4382187810,2026-03-19T10:39:20.242302+00:00
14,Testingenieur | Austria,linkedin,Test Manager (m/f/d),Deutsche Telekom,"Fünfkirchen, Lower Austria, Austria",On-site,Full-time,,,English,Test Manager,,Recent,https://at.linkedin.com/jobs/view/test-manager-m-f-d-at-deutsche-telekom-4376822062,2026-03-19T10:39:20.242571+00:00
14,Testingenieur | United Kingdom,linkedin,Senior Test Engineer,BSI,"Hemel Hempstead, England, United Kingdom",On-site,Full-time,,Senior,English,Senior,,Recent,https://uk.linkedin.com/jobs/view/senior-test-engineer-at-bsi-4366543025,2026-03-19T10:39:37.058013+00:00
14,Test Automation | Germany,linkedin,Senior Quality Assurance Engineer,SGI,"Berlin, Germany",On-site,Full-time,,Senior,English,Senior,,Recent,https://de.linkedin.com/jobs/view/senior-quality-assurance-engineer-at-sgi-4363260868,2026-03-19T10:39:39.468724+00:00
14,Test Automation | Germany,linkedin,Senior Quality Engineer,GLS/NXT,"Berlin, Berlin, Germany",On-site,Full-time,,Senior,English,Senior,,Recent,https://de.linkedin.com/jobs/view/senior-quality-engineer-at-gls-nxt-4381213320,2026-03-19T10:39:39.468973+00:00
14,Test Automation | Austria,linkedin,Senior Test Automation Engineer,AVILOO Battery Diagnostics,"Laxenburg, Lower Austria, Austria",On-site,Full-time,Test Automation,Senior,English,Senior,,Recent,https://at.linkedin.com/jobs/view/senior-test-automation-engineer-at-aviloo-battery-diagnostics-4378165473,2026-03-19T10:39:41.827562+00:00
14,Test Automation | Switzerland,linkedin,Test Lead (M/F),WIT PARTNERS SA,"Vaud, Switzerland",On-site,Full-time,,Lead,English,Lead,,Recent,https://ch.linkedin.com/jobs/view/test-lead-m-f-at-wit-partners-sa-4385437606,2026-03-19T10:39:44.170858+00:00
14,Test Automation | Switzerland,linkedin,Senior Quality Analyst,RBW Consulting,"Lachen, Schwyz, Switzerland",On-site,Full-time,,Senior,English,Senior,,Recent,https://ch.linkedin.com/jobs/view/senior-quality-analyst-at-rbw-consulting-4353430000,2026-03-19T10:39:44.170993+00:00
14,Test Automation | Switzerland,linkedin,Test Lead Software (H/F),fortil,Lausanne Metropolitan Area,On-site,Full-time,,Lead,English,Lead,,Recent,https://ch.linkedin.com/jobs/view/test-lead-software-h-f-at-fortil-4387291941,2026-03-19T10:39:44.171401+00:00
14,Test Automation | Switzerland,linkedin,Test Manager,Galaxi Consulting Group,"Geneva, Switzerland",On-site,Full-time,,,English,Test Manager,,Recent,https://ch.linkedin.com/jobs/view/test-manager-at-galaxi-consulting-group-4387696996,2026-03-19T10:39:44.171674+00:00
14,Test Automation | Remote,linkedin,Senior Software Engineer in Test (Full-Stack/Python),Mindrift,Germany,Remote,Full-time,Python,Senior,English,Senior,,Recent,https://de.linkedin.com/jobs/view/senior-software-engineer-in-test-full-stack-python-at-mindrift-4385304449,2026-03-19T10:39:46.562311+00:00
14,Test Automation | Slovakia,linkedin,ČSOB Test Manager (M/Ž),ČSOB Finančná skupina,"Bratislava, Slovakia",On-site,Full-time,,,English,Test Manager,,Recent,https://sk.linkedin.com/jobs/view/%C4%8Dsob-test-manager-m-%C5%BE-at-%C4%8Dsob-finan%C4%8Dn%C3%A1-skupina-4327891724,2026-03-19T10:39:48.948946+00:00
14,Test Automation | Czech Republic,linkedin,QA Lead,Powdevs,Dominican Republic,On-site,Full-time,,Lead,English,"Lead, QA Lead",,Recent,https://do.linkedin.com/jobs/view/qa-lead-at-powdevs-4383781317,2026-03-19T10:39:51.298016+00:00
14,Test Automation | Poland,linkedin,Senior Full-Stack QA Engineer,MEDvidi,"Warsaw, Mazowieckie, Poland",On-site,Full-time,,Senior,English,Senior,,Recent,https://pl.linkedin.com/jobs/view/senior-full-stack-qa-engineer-at-medvidi-4386894610,2026-03-19T10:39:53.686883+00:00
14,Test Automation | USA,linkedin,QA Automation Lead,The Value Maximizer,"New York, NY",On-site,Full-time,,Lead,English,Lead,,Recent,https://www.linkedin.com/jobs/view/qa-automation-lead-at-the-value-maximizer-4387429120,2026-03-19T10:39:56.230725+00:00
14,Test Automation | United Kingdom,linkedin,Senior Quality Assurance Analyst (Customer Operations),Kroo Bank,"London, England, United Kingdom",On-site,Full-time,,Senior,English,Senior,,Recent,https://uk.linkedin.com/jobs/view/senior-quality-assurance-analyst-customer-operations-at-kroo-bank-4387808621,2026-03-19T10:39:58.650154+00:00
14,Test Automation | United Kingdom,linkedin,Testing Lead,Deloitte,"Glasgow, Scotland, United Kingdom",On-site,Full-time,,Lead,English,Lead,,Recent,https://uk.linkedin.com/jobs/view/testing-lead-at-deloitte-4383546538,2026-03-19T10:39:58.650294+00:00
14,Test Automation | United Kingdom,linkedin,Senior Quality Assurance Tester,Dlala Studios,"Witham, England, United Kingdom",On-site,Full-time,,Senior,English,Senior,,Recent,https://uk.linkedin.com/jobs/view/senior-quality-assurance-tester-at-dlala-studios-4378767706,2026-03-19T10:39:58.650422+00:00
14,Test Automation | United Kingdom,linkedin,Senior QA Engineer,White Rose Education,"Leeds, England, United Kingdom",On-site,Full-time,,Senior,English,Senior,,Recent,https://uk.linkedin.com/jobs/view/senior-qa-engineer-at-white-rose-education-4383701609,2026-03-19T10:39:58.650567+00:00
14,Test Automation | United Kingdom,linkedin,Senior QA Analyst,Rebellion,"Oxford, England, United Kingdom",On-site,Full-time,,Senior,English,Senior,,Recent,https://uk.linkedin.com/jobs/view/senior-qa-analyst-at-rebellion-4383721363,2026-03-19T10:39:58.650851+00:00
14,Test Automation | United Kingdom,linkedin,"Senior Automation Tester - Flutter, Agentic AI & API Systems",DeliveryApp,"Manchester, England, United Kingdom",On-site,Full-time,,Senior,English,Senior,,Recent,https://uk.linkedin.com/jobs/view/senior-automation-tester-flutter-agentic-ai-api-systems-at-deliveryapp-4378790054,2026-03-19T10:39:58.650983+00:00
14,Python Developer | Austria,linkedin,Senior Python Systems Developer - Functional Testing Project,Mindrift,Austria,On-site,Contract,Python,Senior,English,Senior,,Recent,https://at.linkedin.com/jobs/view/senior-python-systems-developer-functional-testing-project-at-mindrift-4386732819,2026-03-19T10:40:03.511285+00:00
14,Python Developer | Switzerland,linkedin,Senior Full-Stack Developer,Umanova SA,"Bern, Berne, Switzerland",On-site,Full-time,,Senior,English,Senior,,Recent,https://ch.linkedin.com/jobs/view/senior-full-stack-developer-at-umanova-sa-4386924196,2026-03-19T10:40:05.884481+00:00
14,Python Developer | Remote,linkedin,Senior Python Systems Developer - Functional Testing Project,Mindrift,"Munich, Bavaria, Germany",Remote,Contract,Python,Senior,English,Senior,,Recent,https://de.linkedin.com/jobs/view/senior-python-systems-developer-functional-testing-project-at-mindrift-4386726913,2026-03-19T10:40:08.353313+00:00
14,Python Developer | Slovakia,linkedin,Senior Python Software Engineer,Bloomreach,Slovakia,On-site,Full-time,Python,Senior,English,Senior,,Recent,https://sk.linkedin.com/jobs/view/senior-python-software-engineer-at-bloomreach-4365530614,2026-03-19T10:40:10.699205+00:00
14,Python Developer | Slovakia,linkedin,Senior Python Engineer,Ciklum,"Bratislava, Bratislava, Slovakia",On-site,Full-time,Python,Senior,English,Senior,,Recent,https://sk.linkedin.com/jobs/view/senior-python-engineer-at-ciklum-4384050550,2026-03-19T10:40:10.699505+00:00
14,Python Developer | United Kingdom,linkedin,Senior Python Developer — $40BN AUM Hedge Fund — Private Credit — London  — Up to £350k TC,Mondrian Alpha,"London Area, United Kingdom",On-site,Full-time,Python,Senior,English,Senior,,Recent,https://uk.linkedin.com/jobs/view/senior-python-developer-%E2%80%94-%2440bn-aum-hedge-fund-%E2%80%94-private-credit-%E2%80%94-london-%E2%80%94-up-to-%C2%A3350k-tc-at-mondrian-alpha-4384033344,2026-03-19T10:40:20.326130+00:00
14,Python Test | Switzerland,linkedin,Senior Test Automation Engineer / QA Lead (m/w/d),PEAX AG,"Lucerne, Lucerne, Switzerland",On-site,Full-time,Test Automation,"Senior, Lead",English,"Lead, QA Lead, Senior",,Recent,https://ch.linkedin.com/jobs/view/senior-test-automation-engineer-qa-lead-m-w-d-at-peax-ag-4385092784,2026-03-19T10:40:27.467535+00:00
14,Python Test | Czech Republic,linkedin,Senior SDET,Perform,Dominican Republic,On-site,Full-time,,Senior,English,Senior,,Recent,https://do.linkedin.com/jobs/view/senior-sdet-at-perform-4344131612,2026-03-19T10:40:34.517470+00:00
14,Python Test | Poland,linkedin,Senior QA Engineer,Coforge,"Cracow, Małopolskie, Poland",On-site,Full-time,,Senior,English,Senior,,Recent,https://pl.linkedin.com/jobs/view/senior-qa-engineer-at-coforge-4383940408,2026-03-19T10:40:36.891254+00:00
14,Python Test | Poland,linkedin,Senior Software Engineer in Test (Full-Stack/Python),Mindrift,Poland,On-site,Full-time,Python,Senior,English,Senior,,Recent,https://pl.linkedin.com/jobs/view/senior-software-engineer-in-test-full-stack-python-at-mindrift-4385316019,2026-03-19T10:40:36.891530+00:00
14,Python Test | USA,linkedin,Senior QA Analyst,Edify Technologies,"Oakbrook Terrace, IL",On-site,Full-time,,Senior,English,Senior,,Recent,https://www.linkedin.com/jobs/view/senior-qa-analyst-at-edify-technologies-4387431511,2026-03-19T10:40:39.417454+00:00
14,Python Test | United Kingdom,linkedin,Senior Software Engineer in Test (Full-Stack/Python),Mindrift,"Glasgow, Scotland, United Kingdom",On-site,Full-time,Python,Senior,English,Senior,,Recent,https://uk.linkedin.com/jobs/view/senior-software-engineer-in-test-full-stack-python-at-mindrift-4385311160,2026-03-19T10:40:41.881214+00:00
14,Python Test | United Kingdom,linkedin,Senior QA Engineer,Anaplan,"Manchester, England, United Kingdom",On-site,Full-time,,Senior,English,Senior,,Recent,https://uk.linkedin.com/jobs/view/senior-qa-engineer-at-anaplan-4380285167,2026-03-19T10:40:41.881346+00:00
14,Firmware Engineer | Germany,linkedin,Senior Software Engineer - Nvidia Platform,Autobrains Technologies,"Munich, Bavaria, Germany",On-site,Full-time,,Senior,English,Senior,,Recent,https://de.linkedin.com/jobs/view/senior-software-engineer-nvidia-platform-at-autobrains-technologies-4380448307,2026-03-19T10:40:44.295472+00:00
14,Firmware Engineer | Germany,linkedin,Senior Software Engineer (m/w/d),Buena,"Berlin, Berlin, Germany",On-site,Full-time,,Senior,English,Senior,,Recent,https://de.linkedin.com/jobs/view/senior-software-engineer-m-w-d-at-buena-4384063060,2026-03-19T10:40:44.295613+00:00
14,Firmware Engineer | Switzerland,linkedin,"Senior Software Engineer, Capture",Advertima,"Zurich, Zurich, Switzerland",On-site,Full-time,,Senior,English,Senior,,Recent,https://ch.linkedin.com/jobs/view/senior-software-engineer-capture-at-advertima-4381748584,2026-03-19T10:40:49.023706+00:00
14,Firmware Engineer | Switzerland,linkedin,Senior Software Engineer,Ripple,"Geneva, Geneva, Switzerland",On-site,Full-time,,Senior,English,Senior,,Recent,https://ch.linkedin.com/jobs/view/senior-software-engineer-at-ripple-4377610063,2026-03-19T10:40:49.023841+00:00
14,Firmware Engineer | Remote,linkedin,Senior Embedded Engineer (m/w/d),QAVION GROUP,Germany,Remote,Full-time,,Senior,English,Senior,,Recent,https://de.linkedin.com/jobs/view/senior-embedded-engineer-m-w-d-at-qavion-group-4384798011,2026-03-19T10:40:51.495769+00:00
14,Firmware Engineer | Remote,linkedin,Senior Software Engineer | $80/hr Remote,Crossing Hurdles,Germany,Remote,Full-time,,Senior,English,Senior,,Recent,https://de.linkedin.com/jobs/view/senior-software-engineer-%2480-hr-remote-at-crossing-hurdles-4385694584,2026-03-19T10:40:51.496154+00:00
14,Firmware Engineer | Slovakia,linkedin,Principal Software Engineer,ITmatch,Slovakia,On-site,Full-time,,Principal,English,Principal,,Recent,https://sk.linkedin.com/jobs/view/principal-software-engineer-at-itmatch-4387699936,2026-03-19T10:40:53.877517+00:00
14,Firmware Engineer | Slovakia,linkedin,Senior Software Engineer,Bloomreach,Slovakia,On-site,Full-time,,Senior,English,Senior,,Recent,https://sk.linkedin.com/jobs/view/senior-software-engineer-at-bloomreach-4289254318,2026-03-19T10:40:53.877663+00:00
14,Firmware Engineer | Czech Republic,linkedin,Senior Software Engineer,CrecerLab,"Santo Domingo, Distrito Nacional, Dominican Republic",On-site,Full-time,,Senior,English,Senior,,Recent,https://do.linkedin.com/jobs/view/senior-software-engineer-at-crecerlab-4386540400,2026-03-19T10:40:56.209693+00:00
14,Firmware Engineer | Czech Republic,linkedin,Senior Software Engineer,Spirit Technologies,"Santiago de los Caballeros, Santiago, Dominican Republic",On-site,Full-time,,Senior,English,Senior,,Recent,https://do.linkedin.com/jobs/view/senior-software-engineer-at-spirit-technologies-4386360120,2026-03-19T10:40:56.209909+00:00
0,Tester | Germany,linkedin,Software Engineer in Test (Berlin),Cresta,"Berlin, Berlin, Germany",On-site,Contract,"Can, Ci/Cd, Go, Playwright, Typescript","Datadog, Grafana, Cypress, Manual Testing",English,,,Recent,https://de.linkedin.com/jobs/view/software-engineer-in-test-berlin-at-cresta-4343158227,2026-03-19T10:38:13.373526+00:00
0,Tester | Germany,linkedin,QA Tester (f/m/d),justDice,"Hamburg, Hamburg, Germany",Remote,Full-time,Test Automation,"Rest Api, Agile, React, Manual Testing",English,,,Recent,https://de.linkedin.com/jobs/view/qa-tester-f-m-d-at-justdice-4384028500,2026-03-19T10:38:13.373714+00:00
0,Tester | Germany,linkedin,QA Engineer,Assemblio,"Stuttgart, Baden-Württemberg, Germany",On-site,Full-time,"Ci/Cd, Integration Testing","Devops, Grpc, Cypress",English,,,Recent,https://de.linkedin.com/jobs/view/qa-engineer-at-assemblio-4376728345,2026-03-19T10:38:13.373855+00:00
0,Tester | Germany,linkedin,Quality Assurance Tester (m/f/d),MoPla Solutions GmbH,"Augsburg, Bavaria, Germany",Remote,Full-time,,"Kanban, Manual Testing, Scrum, Agile, Postman",English,,,Recent,https://de.linkedin.com/jobs/view/quality-assurance-tester-m-f-d-at-mopla-solutions-gmbh-4375222169,2026-03-19T10:38:13.374254+00:00
0,Tester | Germany,linkedin,App-Tester  (m/w/d),clickworker,Germany,Remote,Internship,,R,German,,,Recent,https://de.linkedin.com/jobs/view/app-tester-m-w-d-at-clickworker-4375907759,2026-03-19T10:38:13.374390+00:00
0,Tester | Germany,linkedin,Test Engineer for In-Car-Entertainment (ICE) System,XPENG,"Munich, Bavaria, Germany",On-site,Full-time,,,English,,,Recent,https://de.linkedin.com/jobs/view/test-engineer-for-in-car-entertainment-ice-system-at-xpeng-4380906589,2026-03-19T10:38:13.374662+00:00
0,Tester | Germany,linkedin,Software Tester (all gender),ALTEN Germany,Greater Munich Metropolitan Area,On-site,Full-time,,,English,,,Recent,https://de.linkedin.com/jobs/view/software-tester-all-gender-at-alten-germany-4379881333,2026-03-19T10:38:13.374798+00:00
0,Tester | Austria,linkedin,Software Tester*in,Agrarmarkt Austria,"Vienna, Vienna, Austria",On-site,Full-time,,,English,,,Recent,https://at.linkedin.com/jobs/view/software-tester-in-at-agrarmarkt-austria-4381271914,2026-03-19T10:38:15.727327+00:00
0,Tester | Austria,linkedin,Junior Test Engineer (w/m/d),Pankl Aerospace Systems,"Bruck an der Mur, Styria, Austria",On-site,Full-time,,Junior,German,,,Recent,https://at.linkedin.com/jobs/view/junior-test-engineer-w-m-d-at-pankl-aerospace-systems-4383709885,2026-03-19T10:38:15.727492+00:00
0,Tester | Austria,linkedin,Junior Test Engineer (w/m/d),Pankl Turbosystems GmbH,"Bruck an der Mur, Styria, Austria",On-site,Full-time,,Junior,German,,,Recent,https://at.linkedin.com/jobs/view/junior-test-engineer-w-m-d-at-pankl-turbosystems-gmbh-4380268475,2026-03-19T10:38:15.727646+00:00
0,Tester | Austria,linkedin,Test Engineer,Noir,"Linz, Upper Austria, Austria",On-site,Full-time,,,English,,,Recent,https://at.linkedin.com/jobs/view/test-engineer-at-noir-4385342432,2026-03-19T10:38:15.727783+00:00
0,Tester | Austria,linkedin,Software Test Engineer & Documentation Writer (w/m/d),Delegate Group,"Vienna, Vienna, Austria",On-site,Full-time,,,English,,,Recent,https://at.linkedin.com/jobs/view/software-test-engineer-documentation-writer-w-m-d-at-delegate-group-4379825967,2026-03-19T10:38:15.727925+00:00
0,Tester | Austria,linkedin,Reliability & Parametric Test Engineer (ONSITE in Switzerland),Gramian Consulting,Austria,On-site,Full-time,,,English,,,Recent,https://at.linkedin.com/jobs/view/reliability-parametric-test-engineer-onsite-in-switzerland-at-gramian-consulting-4386064487,2026-03-19T10:38:15.728064+00:00
0,Tester | Austria,linkedin,Software Tester:in (M/W/D)*,TGW Logistics,"Marchtrenk, Upper Austria, Austria",On-site,Full-time,,,English,,,Recent,https://at.linkedin.com/jobs/view/software-tester-in-m-w-d-at-tgw-logistics-4375257894,2026-03-19T10:38:15.728199+00:00
0,Tester | Austria,linkedin,Test Automation Engineer (m/f/d),Deutsche Telekom,"Fünfkirchen, Lower Austria, Austria",On-site,Full-time,"Ci/Cd, Java, Playwright, Selenium, Test Automation","R, Cypress",German,,,Recent,https://at.linkedin.com/jobs/view/test-automation-engineer-m-f-d-at-deutsche-telekom-4386366897,2026-03-19T10:38:15.728466+00:00
0,Tester | Switzerland,linkedin,Test Engineer,MARQUIS TECHNOLOGIES PRIVATE LIMITED,"Bern, Berne, Switzerland",On-site,Full-time,,,English,,,Recent,https://ch.linkedin.com/jobs/view/test-engineer-at-marquis-technologies-private-limited-4386763414,2026-03-19T10:38:18.144889+00:00
0,Tester | Switzerland,linkedin,Test Automation Engineer,Coopers Group AG,"Risch-Rotkreuz, Zug, Switzerland",On-site,Full-time,Test Automation,,English,,,Recent,https://ch.linkedin.com/jobs/view/test-automation-engineer-at-coopers-group-ag-4384481157,2026-03-19T10:38:18.145038+00:00
0,Tester | Switzerland,linkedin,Software Test Engineer (a),StaffLnk GmbH,"Berne, Switzerland",On-site,Full-time,,,English,,,Recent,https://ch.linkedin.com/jobs/view/software-test-engineer-a-at-stafflnk-gmbh-4378901898,2026-03-19T10:38:18.145175+00:00
0,Tester | Switzerland,linkedin,T24 Test Analyst,SGI,"Zurich, Zurich, Switzerland",On-site,Full-time,,,English,,,Recent,https://ch.linkedin.com/jobs/view/t24-test-analyst-at-sgi-4375670964,2026-03-19T10:38:18.145307+00:00
0,Tester | Switzerland,linkedin,Software Test Automation Engineer,AYES - Management & Technology Consulting,Switzerland,On-site,Full-time,Test Automation,,English,,,Recent,https://ch.linkedin.com/jobs/view/software-test-automation-engineer-at-ayes-management-technology-consulting-4383801077,2026-03-19T10:38:18.145445+00:00
0,Tester | Switzerland,linkedin,Software Test Engineer (m/w/d),Nexplore AG,"Berne, Switzerland",On-site,Full-time,,,English,,,Recent,https://ch.linkedin.com/jobs/view/software-test-engineer-m-w-d-at-nexplore-ag-4373941982,2026-03-19T10:38:18.145579+00:00
0,Tester | Switzerland,linkedin,Test und Quality Engineer,ti&m,"Zurich, Zurich, Switzerland",On-site,Full-time,,,German,,,Recent,https://ch.linkedin.com/jobs/view/test-und-quality-engineer-at-ti-m-4374300155,2026-03-19T10:38:18.145872+00:00
0,Tester | Switzerland,linkedin,Test Development Engineer,Coherent Corp.,"Zurich, Zurich, Switzerland",On-site,Full-time,,,English,,,Recent,https://ch.linkedin.com/jobs/view/test-development-engineer-at-coherent-corp-4385255398,2026-03-19T10:38:18.146003+00:00
0,Tester | Remote,linkedin,Quality Assurance Engineer (m/w/d),ISO-Gruppe,"Bonn, North Rhine-Westphalia, Germany",Remote,Full-time,,,English,,,Recent,https://de.linkedin.com/jobs/view/quality-assurance-engineer-m-w-d-at-iso-gruppe-4358570111,2026-03-19T10:38:20.480020+00:00
0,Tester | Remote,linkedin,Test Engineer (w/m/d) - Deutschlandweit,smapOne AG,Germany,Remote,Full-time,,,English,,,Recent,https://de.linkedin.com/jobs/view/test-engineer-w-m-d-deutschlandweit-at-smapone-ag-4373535881,2026-03-19T10:38:20.480295+00:00
0,Tester | Remote,linkedin,Test Case Engineer (m/w/d),citema systems GmbH,Germany,Remote,Full-time,,,English,,,Recent,https://de.linkedin.com/jobs/view/test-case-engineer-m-w-d-at-citema-systems-gmbh-4375507904,2026-03-19T10:38:20.480588+00:00
0,Tester | Slovakia,linkedin,Student SW Tester (Part-time position),Surglogs,Slovakia,On-site,Internship,,,English,,,Recent,https://sk.linkedin.com/jobs/view/student-sw-tester-part-time-position-at-surglogs-4380933837,2026-03-19T10:38:22.854101+00:00
0,Tester | Slovakia,linkedin,IT Tester ČSOB (m/ž),ČSOB Finančná skupina,"Bratislava, Slovakia",On-site,Full-time,,,English,,,Recent,https://sk.linkedin.com/jobs/view/it-tester-%C4%8Dsob-m-%C5%BE-at-%C4%8Dsob-finan%C4%8Dn%C3%A1-skupina-4354445255,2026-03-19T10:38:22.854265+00:00
0,Tester | Slovakia,linkedin,Manual QA Tester,Descartes Systems Group,"Žilina, Zilina, Slovakia",On-site,Full-time,,,English,,,Recent,https://sk.linkedin.com/jobs/view/manual-qa-tester-at-descartes-systems-group-4382115365,2026-03-19T10:38:22.854553+00:00
0,Tester | Slovakia,linkedin,Test engineer,Magna International,"Kechnec, Kosice, Slovakia",On-site,Internship,,,English,,,Recent,https://sk.linkedin.com/jobs/view/test-engineer-at-magna-international-4219197667,2026-03-19T10:38:22.854766+00:00
0,Tester | Slovakia,linkedin,Test engineer-1,Magna International,"Kechnec, Kosice, Slovakia",On-site,Internship,,,English,,,Recent,https://sk.linkedin.com/jobs/view/test-engineer-1-at-magna-international-4284413507,2026-03-19T10:38:22.854912+00:00
0,Tester | Slovakia,linkedin,Test Engineer,Multitude,"Bratislava, Bratislava, Slovakia",On-site,Full-time,,,English,,,Recent,https://sk.linkedin.com/jobs/view/test-engineer-at-multitude-4379037173,2026-03-19T10:38:22.855049+00:00
0,Tester | Slovakia,linkedin,Medior Agile Tester,ESET,"Bratislava, Bratislava, Slovakia",On-site,Full-time,,Agile,English,,,Recent,https://sk.linkedin.com/jobs/view/medior-agile-tester-at-eset-4374813990,2026-03-19T10:38:22.855184+00:00
0,Tester | Slovakia,linkedin,Agile Test Engineer,ESET,"Bratislava, Bratislava, Slovakia",On-site,Full-time,,Agile,English,,,Recent,https://sk.linkedin.com/jobs/view/agile-test-engineer-at-eset-4375989657,2026-03-19T10:38:22.855323+00:00
0,Tester | Slovakia,linkedin,Automated Tester,CGI,"Bratislava 1, Bratislava, Slovakia",On-site,Full-time,,,English,,,Recent,https://sk.linkedin.com/jobs/view/automated-tester-at-cgi-4311705846,2026-03-19T10:38:22.855458+00:00
0,Tester | Czech Republic,linkedin,QA Tester,Infosyp,"Santo Domingo de Guzmán, Distrito Nacional, Dominican Republic",On-site,Full-time,,,English,,,Recent,https://do.linkedin.com/jobs/view/qa-tester-at-infosyp-4380484222,2026-03-19T10:38:25.199478+00:00
0,Tester | Czech Republic,linkedin,Test Engineer,Eaton,"Bajos de Haina, San Cristóbal, Dominican Republic",On-site,Full-time,,,English,,,Recent,https://do.linkedin.com/jobs/view/test-engineer-at-eaton-4353191207,2026-03-19T10:38:25.199652+00:00
0,Tester | Czech Republic,linkedin,Test Engineer,Rockwell Automation,"Santo Domingo, Distrito Nacional, Dominican Republic",On-site,Full-time,,,English,,,Recent,https://do.linkedin.com/jobs/view/test-engineer-at-rockwell-automation-4380581844,2026-03-19T10:38:25.199798+00:00
0,Tester | Czech Republic,linkedin,Software Development Engineer in Test,Origami Risk,"Santo Domingo, Distrito Nacional, Dominican Republic",On-site,Full-time,,,English,,,Recent,https://do.linkedin.com/jobs/view/software-development-engineer-in-test-at-origami-risk-4375488057,2026-03-19T10:38:25.199933+00:00
0,Tester | Czech Republic,linkedin,Técnico Electrónico II,Eaton,"Bajos de Haina, San Cristóbal, Dominican Republic",On-site,Full-time,,,English,,,Recent,https://do.linkedin.com/jobs/view/t%C3%A9cnico-electr%C3%B3nico-ii-at-eaton-4378934782,2026-03-19T10:38:25.200212+00:00
0,Tester | Czech Republic,linkedin,Coordinator.MFG.Maintenance,Eaton,"Santiago de los Caballeros, Santiago, Dominican Republic",On-site,Full-time,,,English,,,Recent,https://do.linkedin.com/jobs/view/coordinator-mfg-maintenance-at-eaton-4375530633,2026-03-19T10:38:25.200353+00:00
0,Tester | Poland,linkedin,Manual Tester,ipracujzdalnie.pl,"Warsaw, Mazowieckie, Poland",On-site,Full-time,,,English,,,Recent,https://pl.linkedin.com/jobs/view/manual-tester-at-ipracujzdalnie-pl-4376817360,2026-03-19T10:38:27.540750+00:00
0,Tester | Poland,linkedin,Manual Tester,ipracujzdalnie.pl,"Lublin, Lubelskie, Poland",On-site,Full-time,,,English,,,Recent,https://pl.linkedin.com/jobs/view/manual-tester-at-ipracujzdalnie-pl-4376828013,2026-03-19T10:38:27.540903+00:00
0,Tester | Poland,linkedin,Manual Tester,ipracujzdalnie.pl,"Wrocław, Dolnośląskie, Poland",On-site,Full-time,,,English,,,Recent,https://pl.linkedin.com/jobs/view/manual-tester-at-ipracujzdalnie-pl-4376806903,2026-03-19T10:38:27.541038+00:00
0,Tester | Poland,linkedin,Manual Tester,ipracujzdalnie.pl,"Poznań, Wielkopolskie, Poland",On-site,Full-time,,,English,,,Recent,https://pl.linkedin.com/jobs/view/manual-tester-at-ipracujzdalnie-pl-4378376979,2026-03-19T10:38:27.541187+00:00
0,Tester | Poland,linkedin,Manual Tester,ipracujzdalnie.pl,"Gdańsk, Pomorskie, Poland",On-site,Full-time,,,English,,,Recent,https://pl.linkedin.com/jobs/view/manual-tester-at-ipracujzdalnie-pl-4376817359,2026-03-19T10:38:27.541322+00:00
0,Tester | Poland,linkedin,Manual Tester,ipracujzdalnie.pl,"Rzeszów, Podkarpackie, Poland",On-site,Full-time,,,English,,,Recent,https://pl.linkedin.com/jobs/view/manual-tester-at-ipracujzdalnie-pl-4376807853,2026-03-19T10:38:27.541465+00:00
0,Tester | Poland,linkedin,Manual Tester,ipracujzdalnie.pl,"Białystok, Podlaskie, Poland",On-site,Full-time,,,English,,,Recent,https://pl.linkedin.com/jobs/view/manual-tester-at-ipracujzdalnie-pl-4376823266,2026-03-19T10:38:27.541601+00:00
0,Tester | Poland,linkedin,Manual Tester,ipracujzdalnie.pl,"Łódź, Łódzkie, Poland",On-site,Full-time,,,English,,,Recent,https://pl.linkedin.com/jobs/view/manual-tester-at-ipracujzdalnie-pl-4376816514,2026-03-19T10:38:27.541748+00:00
0,Tester | Poland,linkedin,QA Manual Tester (Desktop/Web applications),Inexto SA,"Cracow, Małopolskie, Poland",On-site,Full-time,,,English,,,Recent,https://pl.linkedin.com/jobs/view/qa-manual-tester%C2%A0-desktop-web-applications-at-inexto-sa-4374067677,2026-03-19T10:38:27.541893+00:00
0,Tester | Poland,linkedin,Intermediate Test Engineer - OP02078,Dev.Pro,"Wrocław, Dolnośląskie, Poland",On-site,Full-time,,,English,,,Recent,https://pl.linkedin.com/jobs/view/intermediate-test-engineer-op02078-at-dev-pro-4384854473,2026-03-19T10:38:27.542033+00:00
0,Tester | USA,linkedin,[Entry Level] Software Tester,Lensa,"Bellevue, WA",On-site,Full-time,,,English,,,Recent,https://www.linkedin.com/jobs/view/entry-level-software-tester-at-lensa-4387648766,2026-03-19T10:38:29.965970+00:00
0,Tester | USA,linkedin,Quality Assurance Tester- Junior (Remote),Lensa,"Dallas, TX",Remote,Full-time,,Junior,English,,,Recent,https://www.linkedin.com/jobs/view/quality-assurance-tester-junior-remote-at-lensa-4387659249,2026-03-19T10:38:29.966131+00:00
0,Tester | USA,linkedin,[Entry Level] Software Tester,Lensa,"Plano, TX",On-site,Full-time,,,English,,,Recent,https://www.linkedin.com/jobs/view/entry-level-software-tester-at-lensa-4387647728,2026-03-19T10:38:29.966269+00:00
0,Tester | USA,linkedin,Manual QA Analyst,Lensa,United States,On-site,Full-time,,,English,,,Recent,https://www.linkedin.com/jobs/view/manual-qa-analyst-at-lensa-4387645558,2026-03-19T10:38:29.966399+00:00
0,Tester | USA,linkedin,Manual tester,BCforward,"Rochester, MN",On-site,Full-time,,,English,,,Recent,https://www.linkedin.com/jobs/view/manual-tester-at-bcforward-4382132487,2026-03-19T10:38:29.966605+00:00
0,Tester | USA,linkedin,Software Engineer in Test,Prestige Staffing,"New York, NY",On-site,Full-time,,,English,,,Recent,https://www.linkedin.com/jobs/view/software-engineer-in-test-at-prestige-staffing-4384474614,2026-03-19T10:38:29.966847+00:00
0,Tester | USA,linkedin,[Entry Level] Software Tester / Field Tester,Lensa,"Plano, TX",On-site,Full-time,,,English,,,Recent,https://www.linkedin.com/jobs/view/entry-level-software-tester-field-tester-at-lensa-4387650545,2026-03-19T10:38:29.967009+00:00
0,Tester | USA,linkedin,Manual QA Tester (ServiceNow),Agility Partners,"Columbus, OH",On-site,Full-time,,,English,,,Recent,https://www.linkedin.com/jobs/view/manual-qa-tester-servicenow-at-agility-partners-4387454351,2026-03-19T10:38:29.967167+00:00
0,Tester | USA,linkedin,QA Manual Tester,KellyMitchell Group,"Maryland Heights, MO",On-site,Full-time,,,English,,,Recent,https://www.linkedin.com/jobs/view/qa-manual-tester-at-kellymitchell-group-4385101466,2026-03-19T10:38:29.967325+00:00
0,Tester | USA,linkedin,QA Tester,KellyMitchell Group,"Gresham, OR",On-site,Full-time,,,English,,,Recent,https://www.linkedin.com/jobs/view/qa-tester-at-kellymitchell-group-4380367886,2026-03-19T10:38:29.967470+00:00
0,Tester | United Kingdom,linkedin,Manual Software Tester,hackajob,"Manchester, England, United Kingdom",On-site,Full-time,,,English,,,Recent,https://uk.linkedin.com/jobs/view/manual-software-tester-at-hackajob-4384212331,2026-03-19T10:38:32.342869+00:00
0,Tester | United Kingdom,linkedin,Software Engineer in Test,Christopher Ali,United Kingdom,On-site,Full-time,,,English,,,Recent,https://uk.linkedin.com/jobs/view/software-engineer-in-test-at-christopher-ali-4385949588,2026-03-19T10:38:32.343028+00:00
0,Tester | United Kingdom,linkedin,Software Engineer in Test - £550–£650 per day (Inside IR35),James Chase,"Gatwick, England, United Kingdom",On-site,Full-time,,,English,,,Recent,https://uk.linkedin.com/jobs/view/software-engineer-in-test-%C2%A3550%E2%80%93%C2%A3650-per-day-inside-ir35-at-james-chase-4384467107,2026-03-19T10:38:32.343170+00:00
0,Tester | United Kingdom,linkedin,QA Tester,Addition,"Farnborough, England, United Kingdom",On-site,Full-time,,,English,,,Recent,https://uk.linkedin.com/jobs/view/qa-tester-at-addition-4386384583,2026-03-19T10:38:32.343318+00:00
0,Tester | United Kingdom,linkedin,Test Engineer (SFIA4),Zaizi,"London, England, United Kingdom",On-site,Full-time,,,English,,,Recent,https://uk.linkedin.com/jobs/view/test-engineer-sfia4-at-zaizi-4387267850,2026-03-19T10:38:32.343452+00:00
0,Tester | United Kingdom,linkedin,QA Tester,Methods,"London, England, United Kingdom",On-site,Full-time,,,English,,,Recent,https://uk.linkedin.com/jobs/view/qa-tester-at-methods-4374556931,2026-03-19T10:38:32.343585+00:00
0,Tester | United Kingdom,linkedin,QA Test Engineer,Partnerize,"Newcastle Upon Tyne, England, United Kingdom",On-site,Full-time,,,English,,,Recent,https://uk.linkedin.com/jobs/view/qa-test-engineer-at-partnerize-4386764771,2026-03-19T10:38:32.343725+00:00
0,Tester | United Kingdom,linkedin,Quality Engineer : Manual Software Testing (Hybrid),TipTopJob,"Durham, England, United Kingdom",Hybrid,Full-time,,,English,,,Recent,https://uk.linkedin.com/jobs/view/quality-engineer-manual-software-testing-hybrid-at-tiptopjob-4378665703,2026-03-19T10:38:32.343851+00:00
0,Tester | United Kingdom,linkedin,Test Engineer,BSI,"Hemel Hempstead, England, United Kingdom",On-site,Full-time,,,English,,,Recent,https://uk.linkedin.com/jobs/view/test-engineer-at-bsi-4385947198,2026-03-19T10:38:32.343988+00:00
0,Tester | United Kingdom,linkedin,Junior QA / Software Tester,Apply4U | Apply4U | Human-Assisted AI Job & Recruitment Platform,United Kingdom,On-site,Full-time,,Junior,English,,,Recent,https://uk.linkedin.com/jobs/view/junior-qa-software-tester-at-apply4u-apply4u-human-assisted-ai-job-recruitment-platform-4385852492,2026-03-19T10:38:32.344115+00:00
0,QA Engineer | Germany,linkedin,QA Engineer,Sportradar,"Bremen, Bremen, Germany",On-site,Full-time,,,English,,,Recent,https://de.linkedin.com/jobs/view/qa-engineer-at-sportradar-4386371698,2026-03-19T10:38:34.657053+00:00
0,QA Engineer | Germany,linkedin,QA Engineer,Westernacher Solutions,"Berlin, Germany",On-site,Full-time,,,English,,,Recent,https://de.linkedin.com/jobs/view/qa-engineer-at-westernacher-solutions-4372474254,2026-03-19T10:38:34.657214+00:00
0,QA Engineer | Austria,linkedin,Software Quality Engineer,Ketryx,"Vienna, Vienna, Austria",On-site,Full-time,,,English,,,Recent,https://at.linkedin.com/jobs/view/software-quality-engineer-at-ketryx-4308973953,2026-03-19T10:38:36.980884+00:00
0,QA Engineer | Austria,linkedin,QA Engineer (AI native),nyra health,"Vienna, Austria",On-site,Full-time,,,English,,,Recent,https://at.linkedin.com/jobs/view/qa-engineer-ai-native-at-nyra-health-4380894667,2026-03-19T10:38:36.981191+00:00
0,QA Engineer | Austria,linkedin,QA Engineer: Manual Testing (Mobile & Backend),Tractive,"Linz, Upper Austria, Austria",Remote,Full-time,,Manual Testing,English,,,Recent,https://at.linkedin.com/jobs/view/qa-engineer-manual-testing-mobile-backend-at-tractive-4383036532,2026-03-19T10:38:36.981593+00:00
0,QA Engineer | Austria,linkedin,QA Engineer (m/w/d),RINGANA,"Vienna, Vienna, Austria",On-site,Full-time,,,English,,,Recent,https://at.linkedin.com/jobs/view/qa-engineer-m-w-d-at-ringana-4353952752,2026-03-19T10:38:36.981739+00:00
0,QA Engineer | Austria,linkedin,Test Engineer (w/m/d),STARCON | HR Experts,"Salzburg, Austria",On-site,Full-time,,,English,,,Recent,https://at.linkedin.com/jobs/view/test-engineer-w-m-d-at-starcon-hr-experts-4385270017,2026-03-19T10:38:36.981873+00:00
0,QA Engineer | Austria,linkedin,Junior QA Engineer - Zutrittskontrollsysteme,PKE Holding AG,"Vienna, Vienna, Austria",On-site,Full-time,,Junior,English,,,Recent,https://at.linkedin.com/jobs/view/junior-qa-engineer-zutrittskontrollsysteme-at-pke-holding-ag-4387103203,2026-03-19T10:38:36.982011+00:00
0,QA Engineer | Austria,linkedin,Software QA Engineer (Embedded Systems),Berkeley Square - Talent Specialists in IT & Engineering,"Vorarlberg, Austria",On-site,Full-time,Embedded Systems,,English,,,Recent,https://at.linkedin.com/jobs/view/software-qa-engineer-embedded-systems-at-berkeley-square-talent-specialists-in-it-engineering-4372602220,2026-03-19T10:38:36.982146+00:00
0,QA Engineer | Switzerland,linkedin,QA GDP Engineer,GXP CONSULTING Switzerland,Basel Metropolitan Area,On-site,Full-time,,,English,,,Recent,https://ch.linkedin.com/jobs/view/qa-gdp-engineer-at-gxp-consulting-switzerland-4384471873,2026-03-19T10:38:39.328210+00:00
0,QA Engineer | Switzerland,linkedin,Entry-Level Quality Assurance Engineer,Digiwise Digital Marketing Services,"Zurich, Zurich, Switzerland",On-site,Full-time,,Entry-Level,English,,,Recent,https://ch.linkedin.com/jobs/view/entry-level-quality-assurance-engineer-at-digiwise-digital-marketing-services-4387810297,2026-03-19T10:38:39.328356+00:00
0,QA Engineer | Switzerland,linkedin,Quality Assurance Engineer 100%,"Bodenmiller Recruitment GmbH | Recruitment for critical hires in Life Sciences, IT, and Engineering","Schaffhausen, Switzerland",Remote,Full-time,,,English,,,Recent,https://ch.linkedin.com/jobs/view/quality-assurance-engineer-100%25-at-bodenmiller-recruitment-gmbh-recruitment-for-critical-hires-in-life-sciences-it-and-engineering-4383310226,2026-03-19T10:38:39.328626+00:00
0,QA Engineer | Switzerland,linkedin,QA Engineer,qiibee,Switzerland,On-site,Full-time,,,English,,,Recent,https://ch.linkedin.com/jobs/view/qa-engineer-at-qiibee-4381273286,2026-03-19T10:38:39.328768+00:00
0,QA Engineer | Switzerland,linkedin,Quality Assurance Engineer,Rayner,"St Gallen, Switzerland",On-site,Full-time,,,English,,,Recent,https://ch.linkedin.com/jobs/view/quality-assurance-engineer-at-rayner-4377842716,2026-03-19T10:38:39.328895+00:00
0,QA Engineer | Switzerland,linkedin,Testingenieur:in,Coopers Group AG,"Berne, Switzerland",On-site,Full-time,,,English,,,Recent,https://ch.linkedin.com/jobs/view/testingenieur-in-at-coopers-group-ag-4384473558,2026-03-19T10:38:39.329026+00:00
0,QA Engineer | Switzerland,linkedin,Test Automation Engineer,RM Group (Switzerland),"Basel, Basel, Switzerland",On-site,Full-time,Test Automation,,English,,,Recent,https://ch.linkedin.com/jobs/view/test-automation-engineer-at-rm-group-switzerland-4385214050,2026-03-19T10:38:39.329157+00:00
0,QA Engineer | Switzerland,linkedin,QA Engineer,WEDO,"Fribourg, Fribourg, Switzerland",On-site,Full-time,,,English,,,Recent,https://ch.linkedin.com/jobs/view/qa-engineer-at-wedo-4384804112,2026-03-19T10:38:39.329290+00:00
0,QA Engineer | Remote,linkedin,Entry-Level Quality Assurance Engineer,Coren-Rj,Germany,Remote,Full-time,,Entry-Level,English,,,Recent,https://de.linkedin.com/jobs/view/entry-level-quality-assurance-engineer-at-coren-rj-4385454027,2026-03-19T10:38:41.657437+00:00
0,QA Engineer | Remote,linkedin,"QA Engineer (freelance contract, full-time)",Lumiform,Germany,Remote,Contract,,,English,,,Recent,https://de.linkedin.com/jobs/view/qa-engineer-freelance-contract-full-time-at-lumiform-4375538991,2026-03-19T10:38:41.657573+00:00
0,QA Engineer | Remote,linkedin,QA Testing Engineer (Remote -Teilzeit),HeroSoftware GmbH - Shopify Apps,Germany,Remote,Full-time,,,English,,,Recent,https://de.linkedin.com/jobs/view/qa-testing-engineer-remote-teilzeit-at-herosoftware-gmbh-shopify-apps-4382015789,2026-03-19T10:38:41.657716+00:00
0,QA Engineer | Remote,linkedin,QA Specialist / QA Engineer - Freelanceship - 100% remote,Accelerated,Germany,Remote,Contract,,,English,,,Recent,https://de.linkedin.com/jobs/view/qa-specialist-qa-engineer-freelanceship-100%25-remote-at-accelerated-4375554271,2026-03-19T10:38:41.657844+00:00
0,QA Engineer | Remote,linkedin,Quality Assurance Engineer (m/w/d) - remote DE,Instaffo,"Halle, Saxony-Anhalt, Germany",Remote,Full-time,"Ci/Cd, Selenium",R,German,,,Recent,https://de.linkedin.com/jobs/view/quality-assurance-engineer-m-w-d-remote-de-at-instaffo-4365426275,2026-03-19T10:38:41.657977+00:00
0,QA Engineer | Remote,linkedin,QA Testing Engineer/in (Remote - 20h) Werkstudent/in,HeroSoftware GmbH - Shopify Apps,Germany,Remote,Internship,,Working Student,English,,,Recent,https://de.linkedin.com/jobs/view/qa-testing-engineer-in-remote-20h-werkstudent-in-at-herosoftware-gmbh-shopify-apps-4382505253,2026-03-19T10:38:41.658104+00:00
0,QA Engineer | Slovakia,linkedin,Quality Assurance Automation Engineer,Billdu,Bratislava Metropolitan Area,On-site,Full-time,,,English,,,Recent,https://sk.linkedin.com/jobs/view/quality-assurance-automation-engineer-at-billdu-4385255789,2026-03-19T10:38:43.997109+00:00
0,QA Engineer | Slovakia,linkedin,QA Engineer (Hybrid set up),Swiss Re,"Bratislava, Bratislava, Slovakia",Hybrid,Full-time,,,English,,,Recent,https://sk.linkedin.com/jobs/view/qa-engineer-hybrid-set-up-at-swiss-re-4384997742,2026-03-19T10:38:43.997419+00:00
0,QA Engineer | Slovakia,linkedin,QA Engineer,Swiss Re,"Bratislava, Bratislava, Slovakia",On-site,Full-time,,,English,,,Recent,https://sk.linkedin.com/jobs/view/qa-engineer-at-swiss-re-4366871953,2026-03-19T10:38:43.997887+00:00
0,QA Engineer | Slovakia,linkedin,Manual QA Engineer (Middle) ID51808,AgileEngine,"Bratislava, Bratislava, Slovakia",On-site,Full-time,,,English,,,Recent,https://sk.linkedin.com/jobs/view/manual-qa-engineer-middle-id51808-at-agileengine-4377642193,2026-03-19T10:38:43.998021+00:00
0,QA Engineer | Czech Republic,linkedin,Ingeniero de Pruebas QA Manual,Infosyp,"Santo Domingo de Guzmán, Distrito Nacional, Dominican Republic",On-site,Full-time,,,English,,,Recent,https://do.linkedin.com/jobs/view/ingeniero-de-pruebas-qa-manual-at-infosyp-4380483272,2026-03-19T10:38:46.359358+00:00
0,QA Engineer | Czech Republic,linkedin,Quality Assurance Engineer - Trabajo Remoto,BairesDev,"Santo Domingo, Distrito Nacional, Dominican Republic",On-site,Full-time,,,English,,,Recent,https://do.linkedin.com/jobs/view/quality-assurance-engineer-trabajo-remoto-at-bairesdev-4385286652,2026-03-19T10:38:46.359525+00:00
0,QA Engineer | Czech Republic,linkedin,Ingeniero QA,GBM,Dominican Republic,On-site,Full-time,,,English,,,Recent,https://do.linkedin.com/jobs/view/ingeniero-qa-at-gbm-4375742926,2026-03-19T10:38:46.359686+00:00
0,QA Engineer | Czech Republic,linkedin,Future QA Engineer Opportunities (Gaming Industry),Perform,Dominican Republic,On-site,Full-time,,,English,,,Recent,https://do.linkedin.com/jobs/view/future-qa-engineer-opportunities-gaming-industry-at-perform-4344181481,2026-03-19T10:38:46.359975+00:00
0,QA Engineer | Czech Republic,linkedin,芯片SLT测试工程师7853,UNISOC,"アト・マジョール州, Hato Mayor, Dominican Republic",On-site,Full-time,,,English,,,Recent,https://do.linkedin.com/jobs/view/%E8%8A%AF%E7%89%87slt%E6%B5%8B%E8%AF%95%E5%B7%A5%E7%A8%8B%E5%B8%887853-at-unisoc-4384176134,2026-03-19T10:38:46.360244+00:00
0,QA Engineer | Czech Republic,linkedin,Sr. SDET (Gaming Industry),Perform,Dominican Republic,On-site,Full-time,,,English,,,Recent,https://do.linkedin.com/jobs/view/sr-sdet-gaming-industry-at-perform-4362287427,2026-03-19T10:38:46.360393+00:00
0,QA Engineer | Poland,linkedin,QA Engineer (f/m/d),ITRex Group,Poland,On-site,Full-time,,,English,,,Recent,https://pl.linkedin.com/jobs/view/qa-engineer-f-m-d-at-itrex-group-4386900562,2026-03-19T10:38:48.754241+00:00
0,QA Engineer | Poland,linkedin,QA Engineer,VIATechnik,"Katowice, Śląskie, Poland",On-site,Full-time,,,English,,,Recent,https://pl.linkedin.com/jobs/view/qa-engineer-at-viatechnik-4387253762,2026-03-19T10:38:48.754401+00:00
0,QA Engineer | Poland,linkedin,QA Engineer,ALGOTEQUE Innovation Hub,"Warsaw, Mazowieckie, Poland",On-site,Full-time,,,English,,,Recent,https://pl.linkedin.com/jobs/view/qa-engineer-at-algoteque-innovation-hub-4386707563,2026-03-19T10:38:48.754552+00:00
0,QA Engineer | Poland,linkedin,Quality Assurance Automation Engineer,5V Video,Poland,On-site,Full-time,,,English,,,Recent,https://pl.linkedin.com/jobs/view/quality-assurance-automation-engineer-at-5v-video-4385253113,2026-03-19T10:38:48.754705+00:00
0,QA Engineer | Poland,linkedin,Sr Engineer - Software QA,Xperi Inc.,"Warsaw, Mazowieckie, Poland",On-site,Full-time,,,English,,,Recent,https://pl.linkedin.com/jobs/view/sr-engineer-software-qa-at-xperi-inc-4385696609,2026-03-19T10:38:48.754842+00:00
0,QA Engineer | Poland,linkedin,Junior Test Specialist/QA Engineer (f/m),Netcompany,"Warsaw, Mazowieckie, Poland",On-site,Full-time,,Junior,English,,,Recent,https://pl.linkedin.com/jobs/view/junior-test-specialist-qa-engineer-f-m-at-netcompany-4364598006,2026-03-19T10:38:48.754979+00:00
0,QA Engineer | Poland,linkedin,QA Automation Engineer,Avenga,Poland,On-site,Full-time,,,English,,,Recent,https://pl.linkedin.com/jobs/view/qa-automation-engineer-at-avenga-4384046935,2026-03-19T10:38:48.755247+00:00
0,QA Engineer | Poland,linkedin,"QA Engineer (worldwide remote, work anywhere)",CloudLinux,"Warsaw, Mazowieckie, Poland",Remote,Full-time,,,English,,,Recent,https://pl.linkedin.com/jobs/view/qa-engineer-worldwide-remote-work-anywhere-at-cloudlinux-4375544173,2026-03-19T10:38:48.755527+00:00
0,QA Engineer | USA,linkedin,QA Engineer,MrBeast,United States,On-site,Full-time,,,English,,,Recent,https://www.linkedin.com/jobs/view/qa-engineer-at-mrbeast-4367342975,2026-03-19T10:38:51.131217+00:00
0,QA Engineer | USA,linkedin,"Junior QA Engineer – Recent Grads, This One's for You!",Teak,United States,On-site,Full-time,,Junior,English,,,Recent,https://www.linkedin.com/jobs/view/junior-qa-engineer-%E2%80%93-recent-grads-this-one-s-for-you%21-at-teak-4379436451,2026-03-19T10:38:51.131421+00:00
0,QA Engineer | USA,linkedin,Junior Manual QA Engineer,Topstep,United States,On-site,Full-time,,Junior,English,,,Recent,https://www.linkedin.com/jobs/view/junior-manual-qa-engineer-at-topstep-4386555245,2026-03-19T10:38:51.131713+00:00
0,QA Engineer | USA,linkedin,Quality Assurance Engineer,The Bexar Company,"Grand Prairie, TX",On-site,Full-time,,,English,,,Recent,https://www.linkedin.com/jobs/view/quality-assurance-engineer-at-the-bexar-company-4379085580,2026-03-19T10:38:51.131845+00:00
0,QA Engineer | USA,linkedin,Quality Assurance Engineer,Tandem Talent Ltd,"Portland, OR",On-site,Full-time,,,English,,,Recent,https://www.linkedin.com/jobs/view/quality-assurance-engineer-at-tandem-talent-ltd-4384470202,2026-03-19T10:38:51.131984+00:00
0,QA Engineer | USA,linkedin,Junior QA Engineer (Entry-Level),CloudBerry,United States,On-site,Full-time,,"Entry-Level, Junior",English,,,Recent,https://www.linkedin.com/jobs/view/junior-qa-engineer-entry-level-at-cloudberry-4379916350,2026-03-19T10:38:51.132116+00:00
0,QA Engineer | USA,linkedin,Quality Assurance Engineer,BrothersTech,United States,On-site,Full-time,,,English,,,Recent,https://www.linkedin.com/jobs/view/quality-assurance-engineer-at-brotherstech-4384446948,2026-03-19T10:38:51.132244+00:00
0,QA Engineer | USA,linkedin,Quality Assurance Automation Engineer,Synechron,"Alpharetta, GA",On-site,Full-time,,,English,,,Recent,https://www.linkedin.com/jobs/view/quality-assurance-automation-engineer-at-synechron-4384480675,2026-03-19T10:38:51.132378+00:00
0,QA Engineer | United Kingdom,linkedin,Quality Assurance Engineer,Reply,"London Area, United Kingdom",On-site,Full-time,,,English,,,Recent,https://uk.linkedin.com/jobs/view/quality-assurance-engineer-at-reply-4384029416,2026-03-19T10:38:53.485351+00:00
0,QA Engineer | United Kingdom,linkedin,QA Engineer — £40k–£45k — Join a High-Growth Fintech Supporting Superyachts & Artists Worldwide,Venchr,United Kingdom,On-site,Full-time,,,English,,,Recent,https://uk.linkedin.com/jobs/view/qa-engineer-%E2%80%94-%C2%A340k%E2%80%93%C2%A345k-%E2%80%94-join-a-high-growth-fintech-supporting-superyachts-artists-worldwide-at-venchr-4385279555,2026-03-19T10:38:53.485518+00:00
0,QA Engineer | United Kingdom,linkedin,Quality Assurance Automation Engineer,Provn,"Glasgow, Scotland, United Kingdom",On-site,Full-time,,,English,,,Recent,https://uk.linkedin.com/jobs/view/quality-assurance-automation-engineer-at-provn-4386755942,2026-03-19T10:38:53.485846+00:00
0,QA Engineer | United Kingdom,linkedin,QA Automation Tester,Ampstek,"London Area, United Kingdom",On-site,Full-time,,,English,,,Recent,https://uk.linkedin.com/jobs/view/qa-automation-tester-at-ampstek-4385674738,2026-03-19T10:38:53.485993+00:00
0,QA Engineer | United Kingdom,linkedin,Quality Assurance Test Engineer,Atrium (EMEA),"London Area, United Kingdom",On-site,Full-time,,,English,,,Recent,https://uk.linkedin.com/jobs/view/quality-assurance-test-engineer-at-atrium-emea-4386344050,2026-03-19T10:38:53.486126+00:00
0,QA Engineer | United Kingdom,linkedin,QA Test Engineer,Elsevier,"London Area, United Kingdom",On-site,Full-time,,,English,,,Recent,https://uk.linkedin.com/jobs/view/qa-test-engineer-at-elsevier-4384057753,2026-03-19T10:38:53.486656+00:00
0,QA Engineer | United Kingdom,linkedin,QA Engineer,DOHE,United Kingdom,On-site,Full-time,,,English,,,Recent,https://uk.linkedin.com/jobs/view/qa-engineer-at-dohe-4378768794,2026-03-19T10:38:53.486815+00:00
0,Test Engineer | Germany,linkedin,Quality Assurance Engineer,PSD Group,"Dortmund, North Rhine-Westphalia, Germany",On-site,Full-time,,,English,,,Recent,https://de.linkedin.com/jobs/view/quality-assurance-engineer-at-psd-group-4338425753,2026-03-19T10:38:55.932228+00:00
0,Test Engineer | Germany,linkedin,QA Engineer,Almedia,"Berlin, Germany",On-site,Full-time,,,English,,,Recent,https://de.linkedin.com/jobs/view/qa-engineer-at-almedia-4339366784,2026-03-19T10:38:55.932357+00:00
0,Test Engineer | Austria,linkedin,SQA Ingenieur (m/w/d),SEGULA Technologies,"Graz, Styria, Austria",On-site,Full-time,,,English,,,Recent,https://at.linkedin.com/jobs/view/sqa-ingenieur-m-w-d-at-segula-technologies-4385504193,2026-03-19T10:38:58.322776+00:00
0,Test Engineer | Austria,linkedin,Software Developer (m/w/x),philoro EDELMETALLE,"Korneuburg, Lower Austria, Austria",On-site,Full-time,,,English,,,Recent,https://at.linkedin.com/jobs/view/software-developer-m-w-x-at-philoro-edelmetalle-4375532912,2026-03-19T10:38:58.322906+00:00
0,Test Engineer | Switzerland,linkedin,Quality Assurance Engineer*,HARTING Technology Group,"Biel, Berne, Switzerland",On-site,Full-time,,,English,,,Recent,https://ch.linkedin.com/jobs/view/quality-assurance-engineer-at-harting-technology-group-4372554786,2026-03-19T10:39:00.680829+00:00
0,Test Engineer | Remote,linkedin,Software Engineer – LLM Code Quality Evaluator | Remote,Crossing Hurdles,Germany,Remote,Full-time,Llm,,English,,,Recent,https://de.linkedin.com/jobs/view/software-engineer-%E2%80%93-llm-code-quality-evaluator-remote-at-crossing-hurdles-4385932459,2026-03-19T10:39:03.101922+00:00
0,Test Engineer | Remote,linkedin,Applied Scientist,Albatross AI,Germany,Remote,Full-time,,,English,,,Recent,https://de.linkedin.com/jobs/view/applied-scientist-at-albatross-ai-4386747220,2026-03-19T10:39:03.102064+00:00
0,Test Engineer | Remote,linkedin,Software Engineer (Python/C++) – Code Evaluation | Remote,Crossing Hurdles,Germany,Remote,Full-time,"C, C++, Python",,English,,,Recent,https://de.linkedin.com/jobs/view/software-engineer-python-c%2B%2B-%E2%80%93-code-evaluation-remote-at-crossing-hurdles-4385943035,2026-03-19T10:39:03.102327+00:00
0,Test Engineer | Remote,linkedin,LLM Engineer,Helika,"Berlin, Germany",Remote,Full-time,Llm,,English,,,Recent,https://de.linkedin.com/jobs/view/llm-engineer-at-helika-4386380559,2026-03-19T10:39:03.102848+00:00
0,Test Engineer | Czech Republic,linkedin,Software Engineer,Tata Communications,"Santo Domingo, Distrito Nacional, Dominican Republic",On-site,Full-time,,,English,,,Recent,https://do.linkedin.com/jobs/view/software-engineer-at-tata-communications-4383373744,2026-03-19T10:39:07.918474+00:00
0,Test Engineer | Czech Republic,linkedin,Test Phenom,Ministry of the Interior of the Czech Republic,Dominican Republic,On-site,Full-time,,,English,,,Recent,https://do.linkedin.com/jobs/view/test-phenom-at-ministry-of-the-interior-of-the-czech-republic-4383782700,2026-03-19T10:39:07.918769+00:00
0,Test Engineer | Poland,linkedin,QA Tester Automation (100% zdalnie),SEDIVIO,"Warsaw, Mazowieckie, Poland",Remote,Full-time,,,English,,,Recent,https://pl.linkedin.com/jobs/view/qa-tester-automation-100%25-zdalnie-at-sedivio-4385977289,2026-03-19T10:39:10.334845+00:00
0,Test Engineer | Poland,linkedin,Manual Tester,BlueSoft,"Warsaw, Mazowieckie, Poland",On-site,Full-time,,,English,,,Recent,https://pl.linkedin.com/jobs/view/manual-tester-at-bluesoft-4386753216,2026-03-19T10:39:10.334979+00:00
0,Test Engineer | Poland,linkedin,Manual Tester,KUBO,"Wrocław, Dolnośląskie, Poland",On-site,Full-time,,,English,,,Recent,https://pl.linkedin.com/jobs/view/manual-tester-at-kubo-4386729804,2026-03-19T10:39:10.335111+00:00
0,Test Engineer | Poland,linkedin,Manual QA Engineer for Mobile App (Tinder),Zoolatech,"Mazowieckie, Poland",Remote,Full-time,,,English,,,Recent,https://pl.linkedin.com/jobs/view/manual-qa-engineer-for-mobile-app-tinder-at-zoolatech-4384059349,2026-03-19T10:39:10.335376+00:00
0,Test Engineer | Poland,linkedin,Quality Assurance Engineer,STAGE24.PL,"Poznań, Wielkopolskie, Poland",On-site,Full-time,,,English,,,Recent,https://pl.linkedin.com/jobs/view/quality-assurance-engineer-at-stage24-pl-4386837726,2026-03-19T10:39:10.335502+00:00
0,Test Engineer | Poland,linkedin,Software Quality Engineer - Manual Testing,Luxoft,"Cracow, Małopolskie, Poland",On-site,Full-time,,Manual Testing,English,,,Recent,https://pl.linkedin.com/jobs/view/software-quality-engineer-manual-testing-at-luxoft-4385334474,2026-03-19T10:39:10.335642+00:00
0,Test Engineer | USA,linkedin,Software Tester - Quality Assurance (QA),Rose International,"Richmond, VA",On-site,Internship,,,English,,,Recent,https://www.linkedin.com/jobs/view/software-tester-quality-assurance-qa-at-rose-international-4384709547,2026-03-19T10:39:12.910613+00:00
0,Test Engineer | USA,linkedin,Quality Assurance Specialist,Enexus Global Inc.,"Alpharetta, GA",On-site,Full-time,,,English,,,Recent,https://www.linkedin.com/jobs/view/quality-assurance-specialist-at-enexus-global-inc-4385936939,2026-03-19T10:39:12.910924+00:00
0,Test Engineer | USA,linkedin,Entry Level Software Engineer,Emonics LLC,"Houston, TX",On-site,Full-time,,,English,,,Recent,https://www.linkedin.com/jobs/view/entry-level-software-engineer-at-emonics-llc-4385297383,2026-03-19T10:39:12.911205+00:00
0,Test Engineer | USA,linkedin,Entry Level Software Engineer,Emonics LLC,"Philadelphia, PA",On-site,Full-time,,,English,,,Recent,https://www.linkedin.com/jobs/view/entry-level-software-engineer-at-emonics-llc-4385606091,2026-03-19T10:39:12.911339+00:00
0,Test Engineer | USA,linkedin,Entry Level Software Engineer,Emonics LLC,"Houston, TX",On-site,Full-time,,,English,,,Recent,https://www.linkedin.com/jobs/view/entry-level-software-engineer-at-emonics-llc-4385286866,2026-03-19T10:39:12.911475+00:00
0,Test Engineer | USA,linkedin,Software Tester/QA Analyst 4,GlobalPoint,"Richmond, VA",On-site,Full-time,,,English,,,Recent,https://www.linkedin.com/jobs/view/software-tester-qa-analyst-4-at-globalpoint-4386772421,2026-03-19T10:39:12.911604+00:00
0,Test Engineer | USA,linkedin,Exceptional Software Engineer,xAI,"Palo Alto, CA",On-site,Full-time,,,English,,,Recent,https://www.linkedin.com/jobs/view/exceptional-software-engineer-at-xai-4386722077,2026-03-19T10:39:12.911745+00:00
0,Test Engineer | United Kingdom,linkedin,Software Engineer in Test,Evantis Recruitment,"Greater London, England, United Kingdom",On-site,Full-time,,,English,,,Recent,https://uk.linkedin.com/jobs/view/software-engineer-in-test-at-evantis-recruitment-4386928161,2026-03-19T10:39:15.384847+00:00
0,Test Engineer | United Kingdom,linkedin,Quality Assurance Engineer,Coforge,"Telford, England, United Kingdom",On-site,Full-time,,,English,,,Recent,https://uk.linkedin.com/jobs/view/quality-assurance-engineer-at-coforge-4378832906,2026-03-19T10:39:15.384983+00:00
0,Test Engineer | United Kingdom,linkedin,Graduate Software Tester (M/F/D)*,TGW Northern Europe,"Market Harborough, England, United Kingdom",On-site,Full-time,,Graduate,English,,,Recent,https://uk.linkedin.com/jobs/view/graduate-software-tester-m-f-d-at-tgw-northern-europe-4384490696,2026-03-19T10:39:15.385117+00:00
0,Test Engineer | United Kingdom,linkedin,Junior QA Engineer,Xantura Limited,"Greater London, England, United Kingdom",On-site,Full-time,,Junior,English,,,Recent,https://uk.linkedin.com/jobs/view/junior-qa-engineer-at-xantura-limited-4384471417,2026-03-19T10:39:15.385248+00:00
0,Test Engineer | United Kingdom,linkedin,Quality Assurance Tester,Rebel Recruiters,"Nottinghamshire, England, United Kingdom",On-site,Full-time,,,English,,,Recent,https://uk.linkedin.com/jobs/view/quality-assurance-tester-at-rebel-recruiters-4384446805,2026-03-19T10:39:15.385374+00:00
0,Test Engineer | United Kingdom,linkedin,Junior QA Engineer,Xantura Limited,"London, England, United Kingdom",On-site,Full-time,,Junior,English,,,Recent,https://uk.linkedin.com/jobs/view/junior-qa-engineer-at-xantura-limited-4386766306,2026-03-19T10:39:15.385639+00:00
0,Test Engineer | United Kingdom,linkedin,Software Quality Assurance Engineer,Bright Ascension Ltd,"Edinburgh, Scotland, United Kingdom",On-site,Full-time,,,English,,,Recent,https://uk.linkedin.com/jobs/view/software-quality-assurance-engineer-at-bright-ascension-ltd-4386539439,2026-03-19T10:39:15.385771+00:00
0,Testingenieur | Germany,linkedin,Automotive Manufacturing Product Testing Engineer (m/f/d) – Jülich,Quanta Computer Inc. 廣達電腦,"Jülich, North Rhine-Westphalia, Germany",On-site,Full-time,,,English,,,Recent,https://de.linkedin.com/jobs/view/automotive-manufacturing-product-testing-engineer-m-f-d-%E2%80%93-j%C3%BClich-at-quanta-computer-inc-%E5%BB%A3%E9%81%94%E9%9B%BB%E8%85%A6-4385035476,2026-03-19T10:39:17.827881+00:00
0,Testingenieur | Germany,linkedin,Ingenieur in der Qualitätssicherung (m/w/d),Talgo Deutschland GmbH,"Berlin, Berlin, Germany",On-site,Full-time,,,German,,,Recent,https://de.linkedin.com/jobs/view/ingenieur-in-der-qualit%C3%A4tssicherung-m-w-d-at-talgo-deutschland-gmbh-4386864909,2026-03-19T10:39:17.828055+00:00
0,Testingenieur | Germany,linkedin,CQV & CSV Engineering Opportunities – Germany,KPC International,"Frankfurt, Hesse, Germany",On-site,Internship,,,English,,,Recent,https://de.linkedin.com/jobs/view/cqv-csv-engineering-opportunities-%E2%80%93-germany-at-kpc-international-4225886744,2026-03-19T10:39:17.828205+00:00
0,Testingenieur | Germany,linkedin,Testingenieur – Mechanical Engineering / Systemtests (all gender),ALTEN,"Hamburg, Hamburg, Germany",On-site,Full-time,,,English,,,Recent,https://de.linkedin.com/jobs/view/testingenieur-%E2%80%93-mechanical-engineering-systemtests-all-gender-at-alten-4373103421,2026-03-19T10:39:17.828355+00:00
0,Testingenieur | Germany,linkedin,Testingenieur*in Elektromechanik / Hardware Test Engineer,TWK,"Düsseldorf, North Rhine-Westphalia, Germany",On-site,Full-time,,,English,,,Recent,https://de.linkedin.com/jobs/view/testingenieur-in-elektromechanik-hardware-test-engineer-at-twk-4377721114,2026-03-19T10:39:17.828495+00:00
0,Testingenieur | Germany,linkedin,Test Technician: Aerospace & Defense - Germany,Orbital Critical Systems (Grupo CAF),"Taufkirchen, Bavaria, Germany",On-site,Full-time,,,English,,,Recent,https://de.linkedin.com/jobs/view/test-technician-aerospace-defense-germany-at-orbital-critical-systems-grupo-caf-4377239245,2026-03-19T10:39:17.828642+00:00
0,Testingenieur | Germany,linkedin,Automatisierer Bildverarbeitung (m/w/d),SMB Spezialmaschinenbau GmbH & Co. KG,"Marienberg, Saxony, Germany",On-site,Full-time,,,English,,,Recent,https://de.linkedin.com/jobs/view/automatisierer-bildverarbeitung-m-w-d-at-smb-spezialmaschinenbau-gmbh-co-kg-4384797292,2026-03-19T10:39:17.828784+00:00
0,Testingenieur | Germany,linkedin,TCMS Test Engineer,SEGULA Technologies,"Mannheim, Baden-Württemberg, Germany",On-site,Full-time,,,English,,,Recent,https://de.linkedin.com/jobs/view/tcms-test-engineer-at-segula-technologies-4378948527,2026-03-19T10:39:17.828922+00:00
0,Testingenieur | Germany,linkedin,Testingenieur – Mechanical Engineering / Systemtests (all gender),ALTEN Germany,"Hamburg, Hamburg, Germany",On-site,Full-time,,,English,,,Recent,https://de.linkedin.com/jobs/view/testingenieur-%E2%80%93-mechanical-engineering-systemtests-all-gender-at-alten-germany-4373680351,2026-03-19T10:39:17.829058+00:00
0,Testingenieur | Germany,linkedin,Junior Entwicklungs- und Testingenieur für aktive Mikrowellengeräte (m/w/d) (ID: 22110),Da Vinci Engineering GmbH,"Backnang, Baden-Württemberg, Germany",On-site,Full-time,,"R, Junior",German,,,Recent,https://de.linkedin.com/jobs/view/junior-entwicklungs-und-testingenieur-f%C3%BCr-aktive-mikrowellenger%C3%A4te-m-w-d-id-22110-at-da-vinci-engineering-gmbh-4368592256,2026-03-19T10:39:17.829196+00:00
0,Testingenieur | Austria,linkedin,Supplier Test Engineer (all genders),Lam Research,"Villach, Carinthia, Austria",On-site,Full-time,,,English,,,Recent,https://at.linkedin.com/jobs/view/supplier-test-engineer-all-genders-at-lam-research-4377926919,2026-03-19T10:39:20.241733+00:00
0,Testingenieur | Austria,linkedin,Work at PSI Austria,PSI Software – Process Industries & Metals,"Graz, Styria, Austria",On-site,Full-time,,,English,,,Recent,https://at.linkedin.com/jobs/view/work-at-psi-austria-at-psi-software-%E2%80%93-process-industries-metals-4381841539,2026-03-19T10:39:20.242157+00:00
0,Testingenieur | Austria,linkedin,(Junior) Product Developer - Medical Technology (m/w/d),Lohmann & Rauscher Österreich,"Schönau an der Triesting, Lower Austria, Austria",On-site,Full-time,,Junior,German,,,Recent,https://at.linkedin.com/jobs/view/junior-product-developer-medical-technology-m-w-d-at-lohmann-rauscher-%C3%B6sterreich-4366717813,2026-03-19T10:39:20.242720+00:00
0,Testingenieur | Austria,linkedin,(Junior) Product Developer - Medical Technology (m/w/d),Lohmann & Rauscher Österreich,"Schönau an der Triesting, Lower Austria, Austria",On-site,Full-time,,Junior,German,,,Recent,https://at.linkedin.com/jobs/view/junior-product-developer-medical-technology-m-w-d-at-lohmann-rauscher-%C3%B6sterreich-4366724622,2026-03-19T10:39:20.242860+00:00
0,Testingenieur | Switzerland,linkedin,Ingénieur tests/Ingénieure tests,CLEEVEN,"Vaud, Switzerland",On-site,Full-time,,,English,,,Recent,https://ch.linkedin.com/jobs/view/ing%C3%A9nieur-tests-ing%C3%A9nieure-tests-at-cleeven-4375822030,2026-03-19T10:39:22.596875+00:00
0,Testingenieur | Switzerland,linkedin,"Industrialization, Electronics Test Engineer",ANYbotics,"Zurich, Zurich, Switzerland",On-site,Full-time,,,English,,,Recent,https://ch.linkedin.com/jobs/view/industrialization-electronics-test-engineer-at-anybotics-4378614840,2026-03-19T10:39:22.597022+00:00
0,Testingenieur | Switzerland,linkedin,Ingénieur tests/Ingénieure tests,API SA,"Lausanne, Vaud, Switzerland",On-site,Full-time,,,English,,,Recent,https://ch.linkedin.com/jobs/view/ing%C3%A9nieur-tests-ing%C3%A9nieure-tests-at-api-sa-4380948448,2026-03-19T10:39:22.597159+00:00
0,Testingenieur | Switzerland,linkedin,Ingénieur d’assurance qualité/Ingénieure d’assurance qualité,CLEEVEN,"Vaud, Switzerland",On-site,Full-time,,,English,,,Recent,https://ch.linkedin.com/jobs/view/ing%C3%A9nieur-d%E2%80%99assurance-qualit%C3%A9-ing%C3%A9nieure-d%E2%80%99assurance-qualit%C3%A9-at-cleeven-4375806763,2026-03-19T10:39:22.597296+00:00
0,Testingenieur | Switzerland,linkedin,Labor- und Testingenieur,IMI Climate Control,"Füllinsdorf, Basel-Country, Switzerland",Remote,Internship,,"Head Of, R",German,,,Recent,https://ch.linkedin.com/jobs/view/labor-und-testingenieur-at-imi-climate-control-4373343668,2026-03-19T10:39:22.597579+00:00
0,Testingenieur | Switzerland,linkedin,AI Speech Tester (Italian native speaker - Switzerland regional variant),TSMG Holding,"Bellinzona, Ticino, Switzerland",On-site,Full-time,,,English,,,Recent,https://ch.linkedin.com/jobs/view/ai-speech-tester-italian-native-speaker-switzerland-regional-variant-at-tsmg-holding-4383377773,2026-03-19T10:39:22.597727+00:00
0,Testingenieur | Switzerland,linkedin,Responsable de Tests,PrimeIT Switzerland,"Geneva, Switzerland",On-site,Full-time,,,English,,,Recent,https://ch.linkedin.com/jobs/view/responsable-de-tests-at-primeit-switzerland-4371002302,2026-03-19T10:39:22.597995+00:00
0,Testingenieur | Remote,linkedin,Design Engineer,vvd,Germany,Remote,Full-time,,,English,,,Recent,https://de.linkedin.com/jobs/view/design-engineer-at-vvd-4386302599,2026-03-19T10:39:24.946870+00:00
0,Testingenieur | Remote,linkedin,System- und Testingenieur Funkkommunikationssysteme (all gender) 300,ALTEN Germany,"Stuttgart, Baden-Württemberg, Germany",Remote,Full-time,,,German,,,Recent,https://de.linkedin.com/jobs/view/system-und-testingenieur-funkkommunikationssysteme-all-gender-300-at-alten-germany-4361021637,2026-03-19T10:39:24.947427+00:00
0,Testingenieur | Remote,linkedin,Mobile Device Management (iOS oder Android) (m/w/d),ZABEL,Hannover-Braunschweig-Göttingen-Wolfsburg Region,Remote,Full-time,,,English,,,Recent,https://de.linkedin.com/jobs/view/mobile-device-management-ios-oder-android-m-w-d-at-zabel-4386035954,2026-03-19T10:39:24.947564+00:00
0,Testingenieur | Slovakia,linkedin,Automatizačný softvérový inžinier,Hoval Energy Recovery,"Istebné, Zilina, Slovakia",Remote,Internship,,"Intern, R",English,,,Recent,https://sk.linkedin.com/jobs/view/automatiza%C4%8Dn%C3%BD-softv%C3%A9rov%C3%BD-in%C5%BEinier-at-hoval-energy-recovery-4382510757,2026-03-19T10:39:27.298811+00:00
0,Testingenieur | Slovakia,linkedin,Automatizačný softvérový inžinier,Hoval Romania,"Istebné, Zilina, Slovakia",Remote,Internship,,"Intern, R",English,,,Recent,https://sk.linkedin.com/jobs/view/automatiza%C4%8Dn%C3%BD-softv%C3%A9rov%C3%BD-in%C5%BEinier-at-hoval-romania-4382490406,2026-03-19T10:39:27.299121+00:00
0,Testingenieur | Slovakia,linkedin,AOSP DEVELOPER - AUTOMOTIVE DOMAIN - CZECHIA BASED PROJECT,Quest Global,Slovakia,On-site,Contract,,,English,,,Recent,https://sk.linkedin.com/jobs/view/aosp-developer-automotive-domain-czechia-based-project-at-quest-global-4362200771,2026-03-19T10:39:27.299261+00:00
0,Testingenieur | Slovakia,linkedin,Automatizačný softvérový inžinier,Hoval Hrvatska,"Istebné, Zilina, Slovakia",On-site,Full-time,,,English,,,Recent,https://sk.linkedin.com/jobs/view/automatiza%C4%8Dn%C3%BD-softv%C3%A9rov%C3%BD-in%C5%BEinier-at-hoval-hrvatska-4383849585,2026-03-19T10:39:27.299399+00:00
0,Testingenieur | Slovakia,linkedin,Testing Engineer - Commisioning,Schaeffler,"Kysucké Nové Mesto, Zilina, Slovakia",On-site,Full-time,,,English,,,Recent,https://sk.linkedin.com/jobs/view/testing-engineer-commisioning-at-schaeffler-4370529030,2026-03-19T10:39:27.299958+00:00
0,Testingenieur | Czech Republic,linkedin,硬件NPI工程师8052,UNISOC,"アト・マジョール州, Hato Mayor, Dominican Republic",On-site,Full-time,,,English,,,Recent,https://do.linkedin.com/jobs/view/%E7%A1%AC%E4%BB%B6npi%E5%B7%A5%E7%A8%8B%E5%B8%888052-at-unisoc-4384162904,2026-03-19T10:39:29.655474+00:00
0,Testingenieur | Czech Republic,linkedin,安全工程师,"Shenzhen Batian Ecotypic Engineering Co., Ltd.","アト・マジョール州, Hato Mayor, Dominican Republic",On-site,Full-time,,,English,,,Recent,https://do.linkedin.com/jobs/view/%E5%AE%89%E5%85%A8%E5%B7%A5%E7%A8%8B%E5%B8%88-at-shenzhen-batian-ecotypic-engineering-co-ltd-4387147240,2026-03-19T10:39:29.655611+00:00
0,Testingenieur | Czech Republic,linkedin,高低速接口工程师8049,UNISOC,"アト・マジョール州, Hato Mayor, Dominican Republic",On-site,Full-time,,,English,,,Recent,https://do.linkedin.com/jobs/view/%E9%AB%98%E4%BD%8E%E9%80%9F%E6%8E%A5%E5%8F%A3%E5%B7%A5%E7%A8%8B%E5%B8%888049-at-unisoc-4384164940,2026-03-19T10:39:29.655759+00:00
0,Testingenieur | Poland,linkedin,Inżynier testów produkcyjnych automotive (k/m),SEGULA Technologies,"Częstochowa, Śląskie, Poland",On-site,Full-time,,,English,,,Recent,https://pl.linkedin.com/jobs/view/in%C5%BCynier-test%C3%B3w-produkcyjnych-automotive-k-m-at-segula-technologies-4357509002,2026-03-19T10:39:32.051451+00:00
0,Testingenieur | Poland,linkedin,Mechanical Designer / Test Engineer (f/m),Airbus Helicopters,"Łódź, Łódzkie, Poland",On-site,Full-time,,,English,,,Recent,https://pl.linkedin.com/jobs/view/mechanical-designer-test-engineer-f-m-at-airbus-helicopters-4378564274,2026-03-19T10:39:32.051740+00:00
0,Testingenieur | Poland,linkedin,Tester Manulny Ferryt (M/K),Astek,Poland,On-site,Full-time,,,English,,,Recent,https://pl.linkedin.com/jobs/view/tester-manulny-ferryt-m-k-at-astek-4384487803,2026-03-19T10:39:32.052016+00:00
0,Testingenieur | Poland,linkedin,Test Engineer,Wipro,"Gdańsk, Pomorskie, Poland",On-site,Full-time,,,English,,,Recent,https://pl.linkedin.com/jobs/view/test-engineer-at-wipro-4385233958,2026-03-19T10:39:32.052148+00:00
0,Testingenieur | USA,linkedin,Mechanical Test Engineer,Applus+ Laboratories,"Houston, TX",On-site,Full-time,,,English,,,Recent,https://www.linkedin.com/jobs/view/mechanical-test-engineer-at-applus%2B-laboratories-4125985556,2026-03-19T10:39:34.619134+00:00
0,Testingenieur | USA,linkedin,Test Engineer I – Early Career (2026 Starts),Blue Origin,"Lancaster, CA",On-site,Full-time,,,English,,,Recent,https://www.linkedin.com/jobs/view/test-engineer-i-%E2%80%93-early-career-2026-starts-at-blue-origin-4353142610,2026-03-19T10:39:34.619440+00:00
0,Testingenieur | USA,linkedin,Application Engineer,InterImage,"Fort Meade, MD",On-site,Full-time,,,English,,,Recent,https://www.linkedin.com/jobs/view/application-engineer-at-interimage-4386396116,2026-03-19T10:39:34.619582+00:00
0,Testingenieur | USA,linkedin,Mechanical Engineer - Testing and Assembly,"TechSource, Inc","Los Alamos, NM",On-site,Full-time,,Assembly,English,,,Recent,https://www.linkedin.com/jobs/view/mechanical-engineer-testing-and-assembly-at-techsource-inc-4383338319,2026-03-19T10:39:34.619727+00:00
0,Testingenieur | USA,linkedin,Mechanical Test Engineer (Entry-Level),IRPI,"Wilsonville, OR",On-site,Full-time,,Entry-Level,English,,,Recent,https://www.linkedin.com/jobs/view/mechanical-test-engineer-entry-level-at-irpi-4383848129,2026-03-19T10:39:34.619866+00:00
0,Testingenieur | USA,linkedin,General Engineer (EMP Test Engineer),Air Force Civilian Service,"Albuquerque, NM",On-site,Full-time,,,English,,,Recent,https://www.linkedin.com/jobs/view/general-engineer-emp-test-engineer-at-air-force-civilian-service-4385293847,2026-03-19T10:39:34.620000+00:00
0,Testingenieur | USA,linkedin,Test Engineer I – Early Career (2026 Starts),Blue Origin,Greater Seattle Area,On-site,Full-time,,,English,,,Recent,https://www.linkedin.com/jobs/view/test-engineer-i-%E2%80%93-early-career-2026-starts-at-blue-origin-4353112578,2026-03-19T10:39:34.620141+00:00
0,Testingenieur | USA,linkedin,Remote QA/Test Engineer (NO C2C),Solving IT,United States,Remote,Full-time,,,English,,,Recent,https://www.linkedin.com/jobs/view/remote-qa-test-engineer-no-c2c-at-solving-it-4385606780,2026-03-19T10:39:34.620284+00:00
0,Testingenieur | USA,linkedin,QA Engineer Manual & Automation,EITACIES Inc.,"Phoenix, AZ",On-site,Full-time,,,English,,,Recent,https://www.linkedin.com/jobs/view/qa-engineer-manual-automation-at-eitacies-inc-4384477650,2026-03-19T10:39:34.620422+00:00
0,Testingenieur | United Kingdom,linkedin,Test Engineer,HCD Research Ltd,"Burgess Hill, England, United Kingdom",On-site,Full-time,,,English,,,Recent,https://uk.linkedin.com/jobs/view/test-engineer-at-hcd-research-ltd-4385426203,2026-03-19T10:39:37.057034+00:00
0,Testingenieur | United Kingdom,linkedin,Mechanical Test Engineer,BSI,"Hemel Hempstead, England, United Kingdom",On-site,Full-time,,,English,,,Recent,https://uk.linkedin.com/jobs/view/mechanical-test-engineer-at-bsi-3841320068,2026-03-19T10:39:37.057193+00:00
0,Testingenieur | United Kingdom,linkedin,Test Engineer,BSI,"Hemel Hempstead, England, United Kingdom",On-site,Full-time,,,English,,,Recent,https://uk.linkedin.com/jobs/view/test-engineer-at-bsi-4367290557,2026-03-19T10:39:37.057468+00:00
0,Testingenieur | United Kingdom,linkedin,Test Engineer,Smart4 Chemicals,"Wrexham, Wales, United Kingdom",On-site,Full-time,,,English,,,Recent,https://uk.linkedin.com/jobs/view/test-engineer-at-smart4-chemicals-4386886272,2026-03-19T10:39:37.057603+00:00
0,Testingenieur | United Kingdom,linkedin,Test Engineer - PPE,BSI,"Hemel Hempstead, England, United Kingdom",On-site,Full-time,,,English,,,Recent,https://uk.linkedin.com/jobs/view/test-engineer-ppe-at-bsi-4372575424,2026-03-19T10:39:37.057753+00:00
0,Testingenieur | United Kingdom,linkedin,Test Engineer - Personal Safety Team (PPE) - Future Talent Pipeline,BSI,"Hemel Hempstead, England, United Kingdom",On-site,Full-time,,,English,,,Recent,https://uk.linkedin.com/jobs/view/test-engineer-personal-safety-team-ppe-future-talent-pipeline-at-bsi-4383956793,2026-03-19T10:39:37.058145+00:00
0,Test Automation | Austria,linkedin,Testing Manager (all genders),Viewpointsystem,"Vienna, Vienna, Austria",On-site,Full-time,,,English,,,Recent,https://at.linkedin.com/jobs/view/testing-manager-all-genders-at-viewpointsystem-4380292301,2026-03-19T10:39:41.827417+00:00
0,Test Automation | Switzerland,linkedin,Testing,Ampegon,"Baden, Aargau, Switzerland",On-site,Full-time,,,English,,,Recent,https://ch.linkedin.com/jobs/view/testing-at-ampegon-4350701131,2026-03-19T10:39:44.170572+00:00
0,Test Automation | Switzerland,linkedin,Product Quality Engineering - QC,Manpower Switzerland,Basel Metropolitan Area,On-site,Full-time,,,English,,,Recent,https://ch.linkedin.com/jobs/view/product-quality-engineering-qc-at-manpower-switzerland-4383126782,2026-03-19T10:39:44.171270+00:00
0,Test Automation | Remote,linkedin,Test Automation Engineer (m/w/d),SPIRIT-ONSIDE Consulting GmbH,Germany,Remote,Full-time,Test Automation,,English,,,Recent,https://de.linkedin.com/jobs/view/test-automation-engineer-m-w-d-at-spirit-onside-consulting-gmbh-4374812688,2026-03-19T10:39:46.562568+00:00
0,Test Automation | Slovakia,linkedin,Software Developer in Test (SDET),Fiserv,"Bratislava, Slovakia",On-site,Full-time,,,English,,,Recent,https://sk.linkedin.com/jobs/view/software-developer-in-test-sdet-at-fiserv-4372899045,2026-03-19T10:39:48.948665+00:00
0,Test Automation | Czech Republic,linkedin,Analista de Calidad,Quala,Dominican Republic,On-site,Full-time,,,English,,,Recent,https://do.linkedin.com/jobs/view/analista-de-calidad-at-quala-4374385837,2026-03-19T10:39:51.296888+00:00
0,Test Automation | Czech Republic,linkedin,QA Analista Funcional Republica Dominicana,Agilesoft,Dominican Republic,On-site,Full-time,,,English,,,Recent,https://do.linkedin.com/jobs/view/qa-analista-funcional-republica-dominicana-at-agilesoft-4384274923,2026-03-19T10:39:51.297177+00:00
0,Test Automation | Czech Republic,linkedin,Aprendiz de QA,Babel,"Santo Domingo, Distrito Nacional, Dominican Republic",On-site,Full-time,,,English,,,Recent,https://do.linkedin.com/jobs/view/aprendiz-de-qa-at-babel-4370737100,2026-03-19T10:39:51.297587+00:00
0,Test Automation | Czech Republic,linkedin,Full Stack Developer,TP,"Santo Domingo, Distrito Nacional, Dominican Republic",On-site,Full-time,,,English,,,Recent,https://do.linkedin.com/jobs/view/full-stack-developer-at-tp-4386379125,2026-03-19T10:39:51.297742+00:00
0,Test Automation | Czech Republic,linkedin,Quality Assurance Analyst,GBS Dominican Republic,"Santiago, Dominican Republic",On-site,Full-time,,,English,,,Recent,https://do.linkedin.com/jobs/view/quality-assurance-analyst-at-gbs-dominican-republic-4375884151,2026-03-19T10:39:51.297882+00:00
0,Test Automation | Poland,linkedin,Test Automation Engineer,ALGOTEQUE Innovation Hub,"Cracow, Małopolskie, Poland",On-site,Full-time,Test Automation,,English,,,Recent,https://pl.linkedin.com/jobs/view/test-automation-engineer-at-algoteque-innovation-hub-4386367901,2026-03-19T10:39:53.686565+00:00
0,Test Automation | Poland,linkedin,QA Analyst (Manual & Automation)/ I,Inetum,"Warsaw, Mazowieckie, Poland",On-site,Full-time,,,English,,,Recent,https://pl.linkedin.com/jobs/view/qa-analyst-manual-automation-i-at-inetum-4373813470,2026-03-19T10:39:53.687180+00:00
0,Test Automation | Poland,linkedin,Manager - Quality Assurance,Xperi Inc.,"Warsaw, Mazowieckie, Poland",On-site,Full-time,,,English,,,Recent,https://pl.linkedin.com/jobs/view/manager-quality-assurance-at-xperi-inc-4377391461,2026-03-19T10:39:53.687577+00:00
0,Test Automation | USA,linkedin,QA Automation Tester,nLeague,"Hartford, CT",On-site,Full-time,,,English,,,Recent,https://www.linkedin.com/jobs/view/qa-automation-tester-at-nleague-4385113850,2026-03-19T10:39:56.229862+00:00
0,Test Automation | USA,linkedin,Junior Quality Assurance (QA) Analyst,Mployer,"Nashville, TN",On-site,Full-time,,Junior,English,,,Recent,https://www.linkedin.com/jobs/view/junior-quality-assurance-qa-analyst-at-mployer-4385274824,2026-03-19T10:39:56.230583+00:00
0,Test Automation | USA,linkedin,Manual and Automation Tester,"PlanIT Group, LLC","Washington, DC",On-site,Full-time,,,English,,,Recent,https://www.linkedin.com/jobs/view/manual-and-automation-tester-at-planit-group-llc-4381425440,2026-03-19T10:39:56.230993+00:00
0,Test Automation | USA,linkedin,Quality Assurance Tester- Junior (Remote),ICF,"Dallas, TX",Remote,Full-time,,Junior,English,,,Recent,https://www.linkedin.com/jobs/view/quality-assurance-tester-junior-remote-at-icf-4380021461,2026-03-19T10:39:56.231129+00:00
0,Test Automation | United Kingdom,linkedin,Test Automation Engineer,Deloitte,"Glasgow, Scotland, United Kingdom",On-site,Full-time,Test Automation,,English,,,Recent,https://uk.linkedin.com/jobs/view/test-automation-engineer-at-deloitte-4383541540,2026-03-19T10:39:58.649988+00:00
0,Test Automation | United Kingdom,linkedin,QA Engineer (Automation),esure Group,"Southport, England, United Kingdom",On-site,Full-time,,,English,,,Recent,https://uk.linkedin.com/jobs/view/qa-engineer-automation-at-esure-group-4380272158,2026-03-19T10:39:58.650717+00:00
0,Test Automation | United Kingdom,linkedin,Test Automation Engineer,Qurated,"Manchester Area, United Kingdom",On-site,Full-time,Test Automation,,English,,,Recent,https://uk.linkedin.com/jobs/view/test-automation-engineer-at-qurated-4375992291,2026-03-19T10:39:58.651120+00:00
0,Python Developer | Germany,linkedin,Python Developer | Remote,Crossing Hurdles,Germany,Remote,Full-time,Python,,English,,,Recent,https://de.linkedin.com/jobs/view/python-developer-remote-at-crossing-hurdles-4384231902,2026-03-19T10:40:01.124500+00:00
0,Python Developer | Germany,linkedin,Python Developer | Remote,Crossing Hurdles,Germany,Remote,Full-time,Python,,English,,,Recent,https://de.linkedin.com/jobs/view/python-developer-remote-at-crossing-hurdles-4370016911,2026-03-19T10:40:01.124647+00:00
0,Python Developer | Germany,linkedin,Back End Developer,Digital Waffle,"Berlin, Germany",On-site,Full-time,,,English,,,Recent,https://de.linkedin.com/jobs/view/back-end-developer-at-digital-waffle-4385908136,2026-03-19T10:40:01.124782+00:00
0,Python Developer | Germany,linkedin,Backend Developer (m/w/d),Instaffo,"Düsseldorf, North Rhine-Westphalia, Germany",On-site,Full-time,,,English,,,Recent,https://de.linkedin.com/jobs/view/backend-developer-m-w-d-at-instaffo-4319025739,2026-03-19T10:40:01.124917+00:00
0,Python Developer | Germany,linkedin,Python Developer | Remote,Crossing Hurdles,Germany,Remote,Full-time,Python,,English,,,Recent,https://de.linkedin.com/jobs/view/python-developer-remote-at-crossing-hurdles-4382848413,2026-03-19T10:40:01.125051+00:00
0,Python Developer | Germany,linkedin,Python Engineer,Contiamo,"Berlin, Berlin, Germany",On-site,Full-time,Python,,English,,,Recent,https://de.linkedin.com/jobs/view/python-engineer-at-contiamo-4379119880,2026-03-19T10:40:01.125185+00:00
0,Python Developer | Germany,linkedin,Python Engineer,Mercor,"Berlin, Berlin, Germany",On-site,Full-time,Python,,English,,,Recent,https://de.linkedin.com/jobs/view/python-engineer-at-mercor-4387191477,2026-03-19T10:40:01.125321+00:00
0,Python Developer | Germany,linkedin,Full Stack Developer - AI Team,think-cell Software,"Berlin, Berlin, Germany",On-site,Full-time,,,English,,,Recent,https://de.linkedin.com/jobs/view/full-stack-developer-ai-team-at-think-cell-software-4385259438,2026-03-19T10:40:01.125449+00:00
0,Python Developer | Germany,linkedin,Python Developer,La Fosse,Germany,On-site,Full-time,Python,,English,,,Recent,https://de.linkedin.com/jobs/view/python-developer-at-la-fosse-4376485802,2026-03-19T10:40:01.125577+00:00
0,Python Developer | Austria,linkedin,Python Developer | Remote,Crossing Hurdles,Austria,Remote,Full-time,Python,,English,,,Recent,https://at.linkedin.com/jobs/view/python-developer-remote-at-crossing-hurdles-4382857147,2026-03-19T10:40:03.510841+00:00
0,Python Developer | Austria,linkedin,Freelance Data Science Engineer (Python & SQL),Mindrift,Austria,On-site,Contract,Python,"Data Science, Sql",English,,,Recent,https://at.linkedin.com/jobs/view/freelance-data-science-engineer-python-sql-at-mindrift-4387273738,2026-03-19T10:40:03.511000+00:00
0,Python Developer | Austria,linkedin,Python Developer (m/f/d),netcup,"Klagenfurt, Carinthia, Austria",On-site,Full-time,Python,,English,,,Recent,https://at.linkedin.com/jobs/view/python-developer-m-f-d-at-netcup-4377576625,2026-03-19T10:40:03.511140+00:00
0,Python Developer | Austria,linkedin,Python Developer (m/w/d),NTS Netzwerk Telekom Service AG,"Vienna, Vienna, Austria",On-site,Full-time,Python,,English,,,Recent,https://at.linkedin.com/jobs/view/python-developer-m-w-d-at-nts-netzwerk-telekom-service-ag-4376207290,2026-03-19T10:40:03.511570+00:00
0,Python Developer | Austria,linkedin,Python Developer (m/w/d),NTS Netzwerk Telekom Service AG,"Graz, Styria, Austria",On-site,Full-time,Python,,English,,,Recent,https://at.linkedin.com/jobs/view/python-developer-m-w-d-at-nts-netzwerk-telekom-service-ag-4375997803,2026-03-19T10:40:03.511715+00:00
0,Python Developer | Austria,linkedin,Freelance AI Evaluation Engineer (Python/Full-Stack),Mindrift,Austria,On-site,Contract,Python,,English,,,Recent,https://at.linkedin.com/jobs/view/freelance-ai-evaluation-engineer-python-full-stack-at-mindrift-4385326719,2026-03-19T10:40:03.511846+00:00
0,Python Developer | Austria,linkedin,Electrical Engineer with Python - Freelance AI Trainer,Mindrift,Austria,On-site,Contract,Python,,English,,,Recent,https://at.linkedin.com/jobs/view/electrical-engineer-with-python-freelance-ai-trainer-at-mindrift-4386050982,2026-03-19T10:40:03.511975+00:00
0,Python Developer | Austria,linkedin,Automotive Engineer with Python - Freelance AI Trainer,Mindrift,Austria,On-site,Contract,Python,,English,,,Recent,https://at.linkedin.com/jobs/view/automotive-engineer-with-python-freelance-ai-trainer-at-mindrift-4386776776,2026-03-19T10:40:03.512108+00:00
0,Python Developer | Switzerland,linkedin,Python Developer,Avance Consulting,"Zurich, Switzerland",On-site,Full-time,Python,,English,,,Recent,https://ch.linkedin.com/jobs/view/python-developer-at-avance-consulting-4386868864,2026-03-19T10:40:05.883357+00:00
0,Python Developer | Switzerland,linkedin,Backend Python Developer,Coopers Group AG,"Basel, Switzerland",On-site,Full-time,Python,,English,,,Recent,https://ch.linkedin.com/jobs/view/backend-python-developer-at-coopers-group-ag-4374563631,2026-03-19T10:40:05.883521+00:00
0,Python Developer | Switzerland,linkedin,CodeNext - Software Engineer (Python),Sonar,"Geneva, Geneva, Switzerland",On-site,Full-time,Python,,English,,,Recent,https://ch.linkedin.com/jobs/view/codenext-software-engineer-python-at-sonar-4297261847,2026-03-19T10:40:05.883666+00:00
0,Python Developer | Switzerland,linkedin,Développeur Java Back-End (h/f),Redsen,"Geneva, Switzerland",On-site,Full-time,Java,,English,,,Recent,https://ch.linkedin.com/jobs/view/d%C3%A9veloppeur-java-back-end-h-f-at-redsen-4384029483,2026-03-19T10:40:05.883805+00:00
0,Python Developer | Switzerland,linkedin,Développeur Python/Développeuse Python,Qim info,"Geneva, Switzerland",On-site,Full-time,Python,,English,,,Recent,https://ch.linkedin.com/jobs/view/d%C3%A9veloppeur-python-d%C3%A9veloppeuse-python-at-qim-info-4383551383,2026-03-19T10:40:05.883951+00:00
0,Python Developer | Switzerland,linkedin,Python Developer  (80% remote),Ivy Partners,"Valais, Switzerland",Remote,Full-time,Python,,English,,,Recent,https://ch.linkedin.com/jobs/view/python-developer-80%25-remote-at-ivy-partners-4378373740,2026-03-19T10:40:05.884089+00:00
0,Python Developer | Switzerland,linkedin,Full Stack Software Engineer (Frontend-Leaning),Uthereal,"Zurich, Switzerland",On-site,Full-time,,,English,,,Recent,https://ch.linkedin.com/jobs/view/full-stack-software-engineer-frontend-leaning-at-uthereal-4386939369,2026-03-19T10:40:05.884215+00:00
0,Python Developer | Switzerland,linkedin,Full Stack Engineer,wantex,Zürich Metropolitan Area,On-site,Full-time,,,English,,,Recent,https://ch.linkedin.com/jobs/view/full-stack-engineer-at-wantex-4380794610,2026-03-19T10:40:05.884348+00:00
0,Python Developer | Switzerland,linkedin,Backend Python Developer – 6877,CTC Resourcing Solutions,"Basel, Switzerland",On-site,Full-time,Python,,English,,,Recent,https://ch.linkedin.com/jobs/view/backend-python-developer-%E2%80%93-6877-at-ctc-resourcing-solutions-4379039599,2026-03-19T10:40:05.884612+00:00
0,Python Developer | Remote,linkedin,Freelance Data Science Engineer (Python & SQL),Mindrift,"Berlin, Berlin, Germany",Remote,Contract,Python,"Data Science, Sql",English,,,Recent,https://de.linkedin.com/jobs/view/freelance-data-science-engineer-python-sql-at-mindrift-4387277581,2026-03-19T10:40:08.353051+00:00
0,Python Developer | Remote,linkedin,Freelance Data Science Engineer (Python & SQL),Mindrift,Germany,Remote,Contract,Python,"Data Science, Sql",English,,,Recent,https://de.linkedin.com/jobs/view/freelance-data-science-engineer-python-sql-at-mindrift-4387275594,2026-03-19T10:40:08.353182+00:00
0,Python Developer | Slovakia,linkedin,Python Software Developer,Nokia,"Bratislava, Bratislava, Slovakia",On-site,Full-time,Python,,English,,,Recent,https://sk.linkedin.com/jobs/view/python-software-developer-at-nokia-4289894545,2026-03-19T10:40:10.699365+00:00
0,Python Developer | Slovakia,linkedin,Full-Stack Developer (Python + JS),GoReel,Slovakia,On-site,Full-time,Python,,English,,,Recent,https://sk.linkedin.com/jobs/view/full-stack-developer-python-%2B-js-at-goreel-4378381916,2026-03-19T10:40:10.699658+00:00
0,Python Developer | Slovakia,linkedin,Python Software Engineer,ESET,"Bratislava, Bratislava, Slovakia",On-site,Full-time,Python,,English,,,Recent,https://sk.linkedin.com/jobs/view/python-software-engineer-at-eset-4292497215,2026-03-19T10:40:10.699802+00:00
0,Python Developer | Slovakia,linkedin,Software Engineer - Python,Legend,"Bratislava, Bratislava, Slovakia",On-site,Full-time,Python,,English,,,Recent,https://sk.linkedin.com/jobs/view/software-engineer-python-at-legend-4371203262,2026-03-19T10:40:10.699941+00:00
0,Python Developer | Slovakia,linkedin,Python Developer – meteorologické modelovanie,MicroStep-MIS,"Bratislava, Bratislava, Slovakia",On-site,Full-time,Python,,English,,,Recent,https://sk.linkedin.com/jobs/view/python-developer-%E2%80%93-meteorologick%C3%A9-modelovanie-at-microstep-mis-4383552379,2026-03-19T10:40:10.700087+00:00
0,Python Developer | Slovakia,linkedin,Python Software Engineer,ESET,"Bratislava, Bratislava, Slovakia",On-site,Full-time,Python,,English,,,Recent,https://sk.linkedin.com/jobs/view/python-software-engineer-at-eset-4385085021,2026-03-19T10:40:10.700232+00:00
0,Python Developer | Slovakia,linkedin,"Junior AI Engineer – Python, GenAI & Machine Learning (m/f)",PwC Slovakia,"Bratislava, Bratislava, Slovakia",On-site,Full-time,Python,"Machine Learning, Junior",English,,,Recent,https://sk.linkedin.com/jobs/view/junior-ai-engineer-%E2%80%93-python-genai-machine-learning-m-f-at-pwc-slovakia-4328270572,2026-03-19T10:40:10.700364+00:00
0,Python Developer | Slovakia,linkedin,Python Engineer,Swiss Re,"Bratislava, Bratislava, Slovakia",On-site,Full-time,Python,,English,,,Recent,https://sk.linkedin.com/jobs/view/python-engineer-at-swiss-re-4325749432,2026-03-19T10:40:10.700502+00:00
0,Python Developer | Czech Republic,linkedin,Junior Full Stack Engineer (R&D Team) (BPO Industry),Linuo Group,"Santo Domingo, Distrito Nacional, Dominican Republic",On-site,Full-time,,"R, Junior",English,,,Recent,https://do.linkedin.com/jobs/view/junior-full-stack-engineer-r-d-team-bpo-industry-at-linuo-group-4377697907,2026-03-19T10:40:13.030589+00:00
0,Python Developer | Czech Republic,linkedin,Full Stack WordPress Developer (Front End Focused),Powdevs,Dominican Republic,On-site,Full-time,,,English,,,Recent,https://do.linkedin.com/jobs/view/full-stack-wordpress-developer-front-end-focused-at-powdevs-4386504027,2026-03-19T10:40:13.030738+00:00
0,Python Developer | Czech Republic,linkedin,Full Stack Developer,Flatiron Software,Dominican Republic,On-site,Full-time,,,English,,,Recent,https://do.linkedin.com/jobs/view/full-stack-developer-at-flatiron-software-4378357690,2026-03-19T10:40:13.030878+00:00
0,Python Developer | Czech Republic,linkedin,Full Stack Developer (React/Redux),Perform,"Santo Domingo, Distrito Nacional, Dominican Republic",On-site,Full-time,,React,English,,,Recent,https://do.linkedin.com/jobs/view/full-stack-developer-react-redux-at-perform-4385284137,2026-03-19T10:40:13.031022+00:00
0,Python Developer | Czech Republic,linkedin,Full Stack Developer (React/Redux),Perform,Dominican Republic,On-site,Full-time,,React,English,,,Recent,https://do.linkedin.com/jobs/view/full-stack-developer-react-redux-at-perform-4384080780,2026-03-19T10:40:13.031163+00:00
0,Python Developer | Czech Republic,linkedin,Líder Desarrollador Back-End,Banco Popular Dominicano,"Santo Domingo, Distrito Nacional, Dominican Republic",On-site,Full-time,,,English,,,Recent,https://do.linkedin.com/jobs/view/l%C3%ADder-desarrollador-back-end-at-banco-popular-dominicano-4373125330,2026-03-19T10:40:13.031296+00:00
0,Python Developer | Czech Republic,linkedin,AI/ML Engineer,Perform,Dominican Republic,On-site,Full-time,,,English,,,Recent,https://do.linkedin.com/jobs/view/ai-ml-engineer-at-perform-4344260713,2026-03-19T10:40:13.031438+00:00
0,Python Developer | Czech Republic,linkedin,Agentic Python Engineer - Remote - Latin America,FullStack,"Santo Domingo Este, Santo Domingo, Dominican Republic",Remote,Full-time,Python,,English,,,Recent,https://do.linkedin.com/jobs/view/agentic-python-engineer-remote-latin-america-at-fullstack-4315354864,2026-03-19T10:40:13.031572+00:00
0,Python Developer | Czech Republic,linkedin,Agentic Python Engineer - Remote - Latin America,FullStack,Dominican Republic,Remote,Full-time,Python,,English,,,Recent,https://do.linkedin.com/jobs/view/agentic-python-engineer-remote-latin-america-at-fullstack-4315360603,2026-03-19T10:40:13.031714+00:00
0,Python Developer | Poland,linkedin,Software Engineer (Python) - AI Platform,Revolut,Poland,On-site,Full-time,Python,,English,,,Recent,https://pl.linkedin.com/jobs/view/software-engineer-python-ai-platform-at-revolut-4250500721,2026-03-19T10:40:15.405264+00:00
0,Python Developer | Poland,linkedin,Python Developer,iteo,"Katowice, Śląskie, Poland",On-site,Full-time,Python,,English,,,Recent,https://pl.linkedin.com/jobs/view/python-developer-at-iteo-4386386599,2026-03-19T10:40:15.405424+00:00
0,Python Developer | Poland,linkedin,Python Fullstack Developer,Ework Group,Warsaw Metropolitan Area,On-site,Full-time,Python,,English,,,Recent,https://pl.linkedin.com/jobs/view/python-fullstack-developer-at-ework-group-4381473986,2026-03-19T10:40:15.405567+00:00
0,Python Developer | Poland,linkedin,Python Developer,Seargin,Poland,On-site,Full-time,Python,,English,,,Recent,https://pl.linkedin.com/jobs/view/python-developer-at-seargin-4385377452,2026-03-19T10:40:15.405717+00:00
0,Python Developer | Poland,linkedin,Software Engineer (4/5) — Developer Platform,Netflix,"Warsaw, Mazowieckie, Poland",On-site,Full-time,,,English,,,Recent,https://pl.linkedin.com/jobs/view/software-engineer-4-5-%E2%80%94-developer-platform-at-netflix-4193468200,2026-03-19T10:40:15.405855+00:00
0,Python Developer | Poland,linkedin,Python Developer,Talent Complete,Poland,On-site,Full-time,Python,,English,,,Recent,https://pl.linkedin.com/jobs/view/python-developer-at-talent-complete-4386328777,2026-03-19T10:40:15.405998+00:00
0,Python Developer | Poland,linkedin,Python Developer,IT Factory,"Warsaw, Mazowieckie, Poland",On-site,Full-time,Python,,English,,,Recent,https://pl.linkedin.com/jobs/view/python-developer-at-it-factory-4386772668,2026-03-19T10:40:15.406131+00:00
0,Python Developer | Poland,linkedin,Python Developer,ALGOTEQUE Innovation Hub,"Warsaw, Mazowieckie, Poland",On-site,Full-time,Python,,English,,,Recent,https://pl.linkedin.com/jobs/view/python-developer-at-algoteque-innovation-hub-4386719045,2026-03-19T10:40:15.406268+00:00
0,Python Developer | Poland,linkedin,Python Developer,ALGOTEQUE Innovation Hub,"Warsaw, Mazowieckie, Poland",On-site,Full-time,Python,,English,,,Recent,https://pl.linkedin.com/jobs/view/python-developer-at-algoteque-innovation-hub-4386712241,2026-03-19T10:40:15.406404+00:00
0,Python Developer | Poland,linkedin,Junior Python Developer - Freelance,Netguru,"Poznań, Wielkopolskie, Poland",On-site,Contract,Python,Junior,English,,,Recent,https://pl.linkedin.com/jobs/view/junior-python-developer-freelance-at-netguru-4378361589,2026-03-19T10:40:15.406536+00:00
0,Python Developer | USA,linkedin,Python Developer,The Value Maximizer,"Austin, TX",On-site,Full-time,Python,,English,,,Recent,https://www.linkedin.com/jobs/view/python-developer-at-the-value-maximizer-4386541065,2026-03-19T10:40:17.917737+00:00
0,Python Developer | USA,linkedin,Software Engineer - Python,Blackstone Talent Group,"Colorado Springs, CO",On-site,Full-time,Python,,English,,,Recent,https://www.linkedin.com/jobs/view/software-engineer-python-at-blackstone-talent-group-4386538248,2026-03-19T10:40:17.917899+00:00
0,Python Developer | USA,linkedin,Software Engineer - Python,PayPal,"San Jose, CA",On-site,Full-time,Python,,English,,,Recent,https://www.linkedin.com/jobs/view/software-engineer-python-at-paypal-4377754434,2026-03-19T10:40:17.918040+00:00
0,Python Developer | USA,linkedin,Sr Python Software Engineer,NielsenIQ,"Columbus, OH",On-site,Full-time,Python,,English,,,Recent,https://www.linkedin.com/jobs/view/sr-python-software-engineer-at-nielseniq-4386915990,2026-03-19T10:40:17.918189+00:00
0,Python Developer | USA,linkedin,Python Developer,The Value Maximizer,"New Jersey, United States",On-site,Full-time,Python,,English,,,Recent,https://www.linkedin.com/jobs/view/python-developer-at-the-value-maximizer-4386519926,2026-03-19T10:40:17.918317+00:00
0,Python Developer | USA,linkedin,Python Developer,The Value Maximizer,"Florida, United States",On-site,Full-time,Python,,English,,,Recent,https://www.linkedin.com/jobs/view/python-developer-at-the-value-maximizer-4386541066,2026-03-19T10:40:17.918446+00:00
0,Python Developer | USA,linkedin,Full Stack Python Engineer,hackajob,"New York, NY",On-site,Full-time,Python,,English,,,Recent,https://www.linkedin.com/jobs/view/full-stack-python-engineer-at-hackajob-4386373761,2026-03-19T10:40:17.918576+00:00
0,Python Developer | USA,linkedin,Python Developer,M1 Technology LLC,"Chantilly, VA",On-site,Full-time,Python,,English,,,Recent,https://www.linkedin.com/jobs/view/python-developer-at-m1-technology-llc-4386914785,2026-03-19T10:40:17.918727+00:00
0,Python Developer | USA,linkedin,Python Developer,Lorven Technologies Inc.,"Irving, TX",On-site,Full-time,Python,,English,,,Recent,https://www.linkedin.com/jobs/view/python-developer-at-lorven-technologies-inc-4385265367,2026-03-19T10:40:17.918859+00:00
0,Python Developer | USA,linkedin,Python AI Engineer,"DeweyLearn, Inc.",United States,On-site,Full-time,Python,,English,,,Recent,https://www.linkedin.com/jobs/view/python-ai-engineer-at-deweylearn-inc-4384039882,2026-03-19T10:40:17.918985+00:00
0,Python Developer | United Kingdom,linkedin,Software Engineer (Python) - AI Platform,Revolut,United Kingdom,On-site,Full-time,Python,,English,,,Recent,https://uk.linkedin.com/jobs/view/software-engineer-python-ai-platform-at-revolut-4250197984,2026-03-19T10:40:20.326303+00:00
0,Python Developer | United Kingdom,linkedin,Python Developer,Vallum Associates,"Sheffield, England, United Kingdom",On-site,Full-time,Python,,English,,,Recent,https://uk.linkedin.com/jobs/view/python-developer-at-vallum-associates-4386768090,2026-03-19T10:40:20.326443+00:00
0,Python Developer | United Kingdom,linkedin,Python Developer,Thyme,"London Area, United Kingdom",On-site,Full-time,Python,,English,,,Recent,https://uk.linkedin.com/jobs/view/python-developer-at-thyme-4384060173,2026-03-19T10:40:20.326586+00:00
0,Python Developer | United Kingdom,linkedin,"Software Developer (Python) - London - £120,000 + Comps + Flexible Working Environment",Hunter Bond,"London Area, United Kingdom",On-site,Full-time,Python,,English,,,Recent,https://uk.linkedin.com/jobs/view/software-developer-python-london-%C2%A3120-000-%2B-comps-%2B-flexible-working-environment-at-hunter-bond-4383692810,2026-03-19T10:40:20.326733+00:00
0,Python Developer | United Kingdom,linkedin,Python Developer,Wipro,"London Area, United Kingdom",On-site,Full-time,Python,,English,,,Recent,https://uk.linkedin.com/jobs/view/python-developer-at-wipro-4384455997,2026-03-19T10:40:20.326882+00:00
0,Python Developer | United Kingdom,linkedin,Python Developer,TrueNorth®,United Kingdom,On-site,Full-time,Python,,English,,,Recent,https://uk.linkedin.com/jobs/view/python-developer-at-truenorth%C2%AE-4386773756,2026-03-19T10:40:20.327013+00:00
0,Python Developer | United Kingdom,linkedin,Python Developer,Venturi,"London Area, United Kingdom",On-site,Full-time,Python,,English,,,Recent,https://uk.linkedin.com/jobs/view/python-developer-at-venturi-4385239761,2026-03-19T10:40:20.327148+00:00
0,Python Developer | United Kingdom,linkedin,"Python Software Engineer - Remote Working - Up to £120,000 Base (+Bonus, equity etc)",Hunter Bond,"London Area, United Kingdom",Remote,Full-time,Python,,English,,,Recent,https://uk.linkedin.com/jobs/view/python-software-engineer-remote-working-up-to-%C2%A3120-000-base-%2Bbonus-equity-etc-at-hunter-bond-4384712221,2026-03-19T10:40:20.327284+00:00
0,Python Developer | United Kingdom,linkedin,Python Software Engineer,Prima,"London, England, United Kingdom",On-site,Full-time,Python,,English,,,Recent,https://uk.linkedin.com/jobs/view/python-software-engineer-at-prima-4149696449,2026-03-19T10:40:20.327419+00:00
0,Python Test | Austria,linkedin,Quality Engineer (m/f/d),SEA.AI,"Linz, Upper Austria, Austria",On-site,Full-time,,,English,,,Recent,https://at.linkedin.com/jobs/view/quality-engineer-m-f-d-at-sea-ai-4373453620,2026-03-19T10:40:25.135198+00:00
0,Python Test | Austria,linkedin,Quality Engineer (m/w/d),Vusion,"Fernitz-Mellach, Styria, Austria",On-site,Full-time,,,English,,,Recent,https://at.linkedin.com/jobs/view/quality-engineer-m-w-d-at-vusion-4380690033,2026-03-19T10:40:25.135630+00:00
0,Python Test | Switzerland,linkedin,Ingénieur tests logiciels/Ingénieure tests logiciels,CLEEVEN,"Basel, Switzerland",On-site,Full-time,,,English,,,Recent,https://ch.linkedin.com/jobs/view/ing%C3%A9nieur-tests-logiciels-ing%C3%A9nieure-tests-logiciels-at-cleeven-4361946393,2026-03-19T10:40:27.467828+00:00
0,Python Test | Slovakia,linkedin,SW Test engineer (automation),ESET,"Bratislava, Bratislava, Slovakia",On-site,Full-time,,,English,,,Recent,https://sk.linkedin.com/jobs/view/sw-test-engineer-automation-at-eset-4382568751,2026-03-19T10:40:32.184815+00:00
0,Python Test | Czech Republic,linkedin,Trainee in Application Lab,STMicroelectronics,"Batey 8, Independencia Province, Dominican Republic",On-site,Full-time,,Trainee,English,,,Recent,https://do.linkedin.com/jobs/view/trainee-in-application-lab-at-stmicroelectronics-4377848452,2026-03-19T10:40:34.517194+00:00
0,Python Test | Czech Republic,linkedin,"Eng I, Software Quality, APM, Temporary",BD,Dominican Republic,On-site,Full-time,,,English,,,Recent,https://do.linkedin.com/jobs/view/eng-i-software-quality-apm-temporary-at-bd-4377424260,2026-03-19T10:40:34.517755+00:00
0,Python Test | Czech Republic,linkedin,IT Business Analyst,PST.AG,"Santo Domingo, Distrito Nacional, Dominican Republic",On-site,Full-time,,,English,,,Recent,https://do.linkedin.com/jobs/view/it-business-analyst-at-pst-ag-4380003233,2026-03-19T10:40:34.518027+00:00
0,Python Test | Poland,linkedin,Junior QA Automation Engineer,Talan,"Warsaw, Mazowieckie, Poland",On-site,Full-time,,Junior,English,,,Recent,https://pl.linkedin.com/jobs/view/junior-qa-automation-engineer-at-talan-4367209775,2026-03-19T10:40:36.891395+00:00
0,Python Test | Poland,linkedin,Junior QA Engineer (Automation) – Remote,Indivd,Poland,Remote,Full-time,,Junior,English,,,Recent,https://pl.linkedin.com/jobs/view/junior-qa-engineer-automation-%E2%80%93-remote-at-indivd-4379444416,2026-03-19T10:40:36.891671+00:00
0,Python Test | Poland,linkedin,Quality Assurance Automation Engineer,Coforge,"Krakowski, Małopolskie, Poland",On-site,Full-time,,,English,,,Recent,https://pl.linkedin.com/jobs/view/quality-assurance-automation-engineer-at-coforge-4386857065,2026-03-19T10:40:36.892069+00:00
0,Python Test | Poland,linkedin,Software Test Engineer,Rho,Poland,On-site,Full-time,,,English,,,Recent,https://pl.linkedin.com/jobs/view/software-test-engineer-at-rho-4308483608,2026-03-19T10:40:36.892206+00:00
0,Python Test | USA,linkedin,Software Test (QA) Engineer,The Mechanical Licensing Collective,"Nashville, TN",On-site,Full-time,,,English,,,Recent,https://www.linkedin.com/jobs/view/software-test-qa-engineer-at-the-mechanical-licensing-collective-4383316258,2026-03-19T10:40:39.416754+00:00
0,Python Test | USA,linkedin,Software QA Analyst II,SmartLight Analytics,United States,On-site,Full-time,,,English,,,Recent,https://www.linkedin.com/jobs/view/software-qa-analyst-ii-at-smartlight-analytics-4386913931,2026-03-19T10:40:39.416915+00:00
0,Python Test | USA,linkedin,Software Quality Engineer II,Domino's,"Ann Arbor, MI",On-site,Full-time,,,English,,,Recent,https://www.linkedin.com/jobs/view/software-quality-engineer-ii-at-domino-s-4384704914,2026-03-19T10:40:39.417054+00:00
0,Python Test | USA,linkedin,Robotics Software QA Engineer,Ambi Robotics,"Berkeley, CA",On-site,Full-time,,,English,,,Recent,https://www.linkedin.com/jobs/view/robotics-software-qa-engineer-at-ambi-robotics-4387234829,2026-03-19T10:40:39.417188+00:00
0,Python Test | USA,linkedin,Software Quality Assurance Analyst,TechTalent Squared,"Georgia, United States",On-site,Full-time,,,English,,,Recent,https://www.linkedin.com/jobs/view/software-quality-assurance-analyst-at-techtalent-squared-4387116115,2026-03-19T10:40:39.417321+00:00
0,Python Test | USA,linkedin,Software Quality Engineer,BioHorizons,"Birmingham, AL",On-site,Full-time,,,English,,,Recent,https://www.linkedin.com/jobs/view/software-quality-engineer-at-biohorizons-4386516515,2026-03-19T10:40:39.417586+00:00
0,Python Test | USA,linkedin,Quality Assurance Engineer,Go Offer,United States,On-site,Full-time,Go,,English,,,Recent,https://www.linkedin.com/jobs/view/quality-assurance-engineer-at-go-offer-4387131143,2026-03-19T10:40:39.417742+00:00
0,Python Test | USA,linkedin,QA Test Engineer,Lumafield,"San Francisco, CA",On-site,Full-time,,,English,,,Recent,https://www.linkedin.com/jobs/view/qa-test-engineer-at-lumafield-4374308517,2026-03-19T10:40:39.417879+00:00
0,Python Test | USA,linkedin,Junior QA Engineer,Kforce Inc,"Wexford, PA",On-site,Full-time,,Junior,English,,,Recent,https://www.linkedin.com/jobs/view/junior-qa-engineer-at-kforce-inc-4383845468,2026-03-19T10:40:39.418009+00:00
0,Python Test | United Kingdom,linkedin,Software Quality Assurance Engineer,FastDox,"Wilmslow, England, United Kingdom",On-site,Full-time,,,English,,,Recent,https://uk.linkedin.com/jobs/view/software-quality-assurance-engineer-at-fastdox-4381434207,2026-03-19T10:40:41.880682+00:00
0,Python Test | United Kingdom,linkedin,QA Test Engineer,Leo Recruitment Limited,"Poole, England, United Kingdom",On-site,Full-time,,,English,,,Recent,https://uk.linkedin.com/jobs/view/qa-test-engineer-at-leo-recruitment-limited-4383339453,2026-03-19T10:40:41.880943+00:00
0,Firmware Engineer | Germany,linkedin,Software Embedded Engineer,Corsair,"Landshut, Bavaria, Germany",On-site,Full-time,,,English,,,Recent,https://de.linkedin.com/jobs/view/software-embedded-engineer-at-corsair-4351784200,2026-03-19T10:40:44.295305+00:00
0,Firmware Engineer | Germany,linkedin,FREELANCE - Embedded Engineer (m/w/x) - München,requisimus,"Esslingen, Baden-Württemberg, Germany",On-site,Contract,,,English,,,Recent,https://de.linkedin.com/jobs/view/freelance-embedded-engineer-m-w-x-m%C3%BCnchen-at-requisimus-4372465156,2026-03-19T10:40:44.295758+00:00
0,Firmware Engineer | Germany,linkedin,Embedded Software Ingenieur (w/m/d),XTENDED ENGINEERING GMBH,"Munich, Bavaria, Germany",On-site,Full-time,,,English,,,Recent,https://de.linkedin.com/jobs/view/embedded-software-ingenieur-w-m-d-at-xtended-engineering-gmbh-4384883199,2026-03-19T10:40:44.295898+00:00
0,Firmware Engineer | Germany,linkedin,Software Engineer (Java & or Angular),Shiftmove,"Berlin, Berlin, Germany",On-site,Full-time,Java,Angular,English,,,Recent,https://de.linkedin.com/jobs/view/software-engineer-java-or-angular-at-shiftmove-4378326003,2026-03-19T10:40:44.296028+00:00
0,Firmware Engineer | Germany,linkedin,Embedded Software Engineer - Sensor Fusion,STARK,"Berlin, Berlin, Germany",On-site,Full-time,,,English,,,Recent,https://de.linkedin.com/jobs/view/embedded-software-engineer-sensor-fusion-at-stark-4385532838,2026-03-19T10:40:44.296157+00:00
0,Firmware Engineer | Germany,linkedin,Embedded Software / Firmware Developer (m/w/d),secunet Security Networks AG,"Berlin, Berlin, Germany",On-site,Full-time,Firmware,,English,,,Recent,https://de.linkedin.com/jobs/view/embedded-software-firmware-developer-m-w-d-at-secunet-security-networks-ag-4375269838,2026-03-19T10:40:44.296288+00:00
0,Firmware Engineer | Germany,linkedin,Embedded Softwareentwickler (m/w/d),ICT Digital Solutions GmbH,Germany,On-site,Full-time,,,English,,,Recent,https://de.linkedin.com/jobs/view/embedded-softwareentwickler-m-w-d-at-ict-digital-solutions-gmbh-4383656322,2026-03-19T10:40:44.296424+00:00
0,Firmware Engineer | Germany,linkedin,Embedded Software-Entwickler (m/w/d),Bytec Medizintechnik GmbH,"Eschweiler, North Rhine-Westphalia, Germany",On-site,Full-time,,,English,,,Recent,https://de.linkedin.com/jobs/view/embedded-software-entwickler-m-w-d-at-bytec-medizintechnik-gmbh-4383090141,2026-03-19T10:40:44.296554+00:00
0,Firmware Engineer | Austria,linkedin,"Embedded Engineer, C++",Snap Inc.,"Vienna, Austria",On-site,Full-time,"C, C++",,English,,,Recent,https://at.linkedin.com/jobs/view/embedded-engineer-c%2B%2B-at-snap-inc-4373352430,2026-03-19T10:40:46.672208+00:00
0,Firmware Engineer | Austria,linkedin,Embedded Software Engineer (full-time)  (f/m/d),TriLite Technologies,"Vienna, Vienna, Austria",On-site,Full-time,,,English,,,Recent,https://at.linkedin.com/jobs/view/embedded-software-engineer-full-time-f-m-d-at-trilite-technologies-4385036296,2026-03-19T10:40:46.672373+00:00
0,Firmware Engineer | Austria,linkedin,"Embedded Software Engineer, Operating System",Snap Inc.,"Vienna, Austria",On-site,Full-time,,,English,,,Recent,https://at.linkedin.com/jobs/view/embedded-software-engineer-operating-system-at-snap-inc-4373350021,2026-03-19T10:40:46.672520+00:00
0,Firmware Engineer | Austria,linkedin,C++ Embedded Software Engineer (ESP32) (m/f/x),go-e,Greater Graz,On-site,Full-time,"C, C++, Go",Esp32,English,,,Recent,https://at.linkedin.com/jobs/view/c%2B%2B-embedded-software-engineer-esp32-m-f-x-at-go-e-4387415157,2026-03-19T10:40:46.672668+00:00
0,Firmware Engineer | Austria,linkedin,"Embedded Engineer, Camera",Snap Inc.,"Vienna, Austria",On-site,Full-time,,,English,,,Recent,https://at.linkedin.com/jobs/view/embedded-engineer-camera-at-snap-inc-4373339352,2026-03-19T10:40:46.672805+00:00
0,Firmware Engineer | Austria,linkedin,Software Engineer,Talos Automation,"Styria, Austria",On-site,Full-time,,,English,,,Recent,https://at.linkedin.com/jobs/view/software-engineer-at-talos-automation-4375539342,2026-03-19T10:40:46.673077+00:00
0,Firmware Engineer | Austria,linkedin,Embedded Systems Engineer (HW & SW),Cellectric Biosciences,"Vienna, Austria",On-site,Full-time,Embedded Systems,,English,,,Recent,https://at.linkedin.com/jobs/view/embedded-systems-engineer-hw-sw-at-cellectric-biosciences-4375682410,2026-03-19T10:40:46.673208+00:00
0,Firmware Engineer | Austria,linkedin,Embedded Software Engineer (all genders),Beyond Gravity,"Vienna, Vienna, Austria",On-site,Full-time,,,English,,,Recent,https://at.linkedin.com/jobs/view/embedded-software-engineer-all-genders-at-beyond-gravity-4381414954,2026-03-19T10:40:46.673334+00:00
0,Firmware Engineer | Austria,linkedin,Embedded Software Entwickler (w/m/d),Knorr-Bremse AG,"Mödling, Lower Austria, Austria",On-site,Full-time,,,English,,,Recent,https://at.linkedin.com/jobs/view/embedded-software-entwickler-w-m-d-at-knorr-bremse-ag-4383941891,2026-03-19T10:40:46.673465+00:00
0,Firmware Engineer | Switzerland,linkedin,Junior Software Engineer Low Latency Trading,Digital Wave Finance AG,"Zug, Zug, Switzerland",On-site,Full-time,,Junior,English,,,Recent,https://ch.linkedin.com/jobs/view/junior-software-engineer-low-latency-trading-at-digital-wave-finance-ag-4386311276,2026-03-19T10:40:49.022685+00:00
0,Firmware Engineer | Switzerland,linkedin,Embedded Software Engineer – e-Bike Systems,Specialized Bicycle Components,"Cham, Zug, Switzerland",On-site,Full-time,,,English,,,Recent,https://ch.linkedin.com/jobs/view/embedded-software-engineer-%E2%80%93-e-bike-systems-at-specialized-bicycle-components-4249261377,2026-03-19T10:40:49.022845+00:00
0,Firmware Engineer | Switzerland,linkedin,Embedded Engineer,NielsenIQ,"Kriegstetten, Solothurn, Switzerland",On-site,Full-time,,,English,,,Recent,https://ch.linkedin.com/jobs/view/embedded-engineer-at-nielseniq-4382425033,2026-03-19T10:40:49.022996+00:00
0,Firmware Engineer | Switzerland,linkedin,Embedded Software Engineer – e Bike Systems (80–100%),Specialized Bicycle Components,"Cham, Zug, Switzerland",Remote,Full-time,,,English,,,Recent,https://ch.linkedin.com/jobs/view/embedded-software-engineer-%E2%80%93-e-bike-systems-80%E2%80%93100%25-at-specialized-bicycle-components-4371434879,2026-03-19T10:40:49.023135+00:00
0,Firmware Engineer | Switzerland,linkedin,C++ Software Engineer (80%-100%),Code Compass 🧭,"Zurich, Switzerland",Remote,Full-time,"C, C++",,English,,,Recent,https://ch.linkedin.com/jobs/view/c%2B%2B-software-engineer-80%25-100%25-at-code-compass-%F0%9F%A7%AD-4383109841,2026-03-19T10:40:49.023275+00:00
0,Firmware Engineer | Switzerland,linkedin,Software Engineer (m/f/d),MF Group AG,"Chiasso, Ticino, Switzerland",On-site,Full-time,,,English,,,Recent,https://ch.linkedin.com/jobs/view/software-engineer-m-f-d-at-mf-group-ag-4384051588,2026-03-19T10:40:49.023413+00:00
0,Firmware Engineer | Switzerland,linkedin,Embedded Software Developer,Dentsply Sirona,"Zurich, Zurich, Switzerland",On-site,Full-time,,,English,,,Recent,https://ch.linkedin.com/jobs/view/embedded-software-developer-at-dentsply-sirona-4292130219,2026-03-19T10:40:49.023560+00:00
0,Firmware Engineer | Switzerland,linkedin,"Software Engineer, Wireless and IoT",Cisco,"Écublens, Vaud, Switzerland",On-site,Full-time,,,English,,,Recent,https://ch.linkedin.com/jobs/view/software-engineer-wireless-and-iot-at-cisco-4367616184,2026-03-19T10:40:49.023974+00:00
0,Firmware Engineer | Remote,linkedin,Software Engineer - Backend/Funds Transfer *EU/UK remote* (m/f/d),Pliant,"Berlin, Berlin, Germany",Remote,Full-time,,,English,,,Recent,https://de.linkedin.com/jobs/view/software-engineer-backend-funds-transfer-eu-uk-remote-m-f-d-at-pliant-4386731927,2026-03-19T10:40:51.495215+00:00
0,Firmware Engineer | Remote,linkedin,Embedded Firmware Engineer (6-months limited contract),Bragi,Germany,Remote,Contract,Firmware,,English,,,Recent,https://de.linkedin.com/jobs/view/embedded-firmware-engineer-6-months-limited-contract-at-bragi-4381733845,2026-03-19T10:40:51.495353+00:00
0,Firmware Engineer | Remote,linkedin,Embedded Software Engineer,XpertDirect,"Munich, Bavaria, Germany",Remote,Full-time,,,English,,,Recent,https://de.linkedin.com/jobs/view/embedded-software-engineer-at-xpertdirect-4378164836,2026-03-19T10:40:51.495625+00:00
0,Firmware Engineer | Remote,linkedin,Freelance Embedded Software Engineer,Vivid Resourcing,Germany,Remote,Contract,,,English,,,Recent,https://de.linkedin.com/jobs/view/freelance-embedded-software-engineer-at-vivid-resourcing-4383759739,2026-03-19T10:40:51.495899+00:00
0,Firmware Engineer | Remote,linkedin,Software Engineer,Procure Ai,Germany,On-site,Contract,"Ci/Cd, Javascript, Python, Typescript","Node.Js, Devops, Graduate, Graphql, Gcp, Aws, Agile, React, Postgresql",English,,,Recent,https://de.linkedin.com/jobs/view/software-engineer-at-procure-ai-4384791941,2026-03-19T10:40:51.496026+00:00
0,Firmware Engineer | Remote,linkedin,Software Engineer (m/w/d),IBB Institut für Berufliche Bildung AG,"Berlin, Berlin, Germany",Remote,Full-time,,R,English,,,Recent,https://de.linkedin.com/jobs/view/software-engineer-m-w-d-at-ibb-institut-f%C3%BCr-berufliche-bildung-ag-4384843676,2026-03-19T10:40:51.496283+00:00
0,Firmware Engineer | Slovakia,linkedin,Software Engineer,Eleveo,Kosice Metropolitan Area,On-site,Full-time,,,English,,,Recent,https://sk.linkedin.com/jobs/view/software-engineer-at-eleveo-4379863032,2026-03-19T10:40:53.876986+00:00
0,Firmware Engineer | Slovakia,linkedin,Software Engineer,Cisco,"Bratislava, Bratislava, Slovakia",On-site,Full-time,,,English,,,Recent,https://sk.linkedin.com/jobs/view/software-engineer-at-cisco-4369673005,2026-03-19T10:40:53.877124+00:00
0,Firmware Engineer | Slovakia,linkedin,Embedded Engineer,Ciklum,"Bratislava, Slovakia",On-site,Full-time,,,English,,,Recent,https://sk.linkedin.com/jobs/view/embedded-engineer-at-ciklum-4384462402,2026-03-19T10:40:53.877256+00:00
0,Firmware Engineer | Slovakia,linkedin,Software Engineer,Ohpen,"Bratislava, Slovakia",On-site,Full-time,,,English,,,Recent,https://sk.linkedin.com/jobs/view/software-engineer-at-ohpen-4384459298,2026-03-19T10:40:53.877387+00:00
0,Firmware Engineer | Slovakia,linkedin,Java Software Engineer,ITmatch,"Bratislava, Slovakia",On-site,Full-time,Java,,English,,,Recent,https://sk.linkedin.com/jobs/view/java-software-engineer-at-itmatch-4384142226,2026-03-19T10:40:53.877798+00:00
0,Firmware Engineer | Slovakia,linkedin,Software Engineer,Cisco,"Bratislava, Bratislava, Slovakia",On-site,Full-time,,,English,,,Recent,https://sk.linkedin.com/jobs/view/software-engineer-at-cisco-4369661629,2026-03-19T10:40:53.877929+00:00
0,Firmware Engineer | Slovakia,linkedin,Software Engineer,Cisco,"Bratislava, Bratislava, Slovakia",On-site,Full-time,,,English,,,Recent,https://sk.linkedin.com/jobs/view/software-engineer-at-cisco-4387297892,2026-03-19T10:40:53.878060+00:00
0,Firmware Engineer | Czech Republic,linkedin,Mobile Software Engineer - Remote - Latin America,FullStack,"Santo Domingo Oeste, Santo Domingo, Dominican Republic",Remote,Full-time,,,English,,,Recent,https://do.linkedin.com/jobs/view/mobile-software-engineer-remote-latin-america-at-fullstack-4382119204,2026-03-19T10:40:56.210320+00:00
0,Firmware Engineer | Czech Republic,linkedin,Mobile Software Engineer - Remote - Latin America,FullStack,Dominican Republic,Remote,Full-time,,,English,,,Recent,https://do.linkedin.com/jobs/view/mobile-software-engineer-remote-latin-america-at-fullstack-4382115453,2026-03-19T10:40:56.210454+00:00
0,Firmware Engineer | Czech Republic,linkedin,Mobile Software Engineer - Remote - Latin America,FullStack,"Santo Domingo Este, Santo Domingo, Dominican Republic",Remote,Full-time,,,English,,,Recent,https://do.linkedin.com/jobs/view/mobile-software-engineer-remote-latin-america-at-fullstack-4382105916,2026-03-19T10:40:56.210585+00:00
0,Firmware Engineer | Czech Republic,linkedin,Mobile Software Engineer - Remote - Latin America,FullStack,"Santo Domingo, Dominican Republic",Remote,Full-time,,,English,,,Recent,https://do.linkedin.com/jobs/view/mobile-software-engineer-remote-latin-america-at-fullstack-4382123011,2026-03-19T10:40:56.210733+00:00
0,Firmware Engineer | Czech Republic,linkedin,Mobile Software Engineer - Remote - Latin America,FullStack,"San Pedro de Macorís, San Pedro de Macorís, Dominican Republic",Remote,Full-time,,,English,,,Recent,https://do.linkedin.com/jobs/view/mobile-software-engineer-remote-latin-america-at-fullstack-4382107718,2026-03-19T10:40:56.210863+00:00
0,Firmware Engineer | Czech Republic,linkedin,Mobile Software Engineer - Remote - Latin America,FullStack,"Higüey, La Altagracia, Dominican Republic",Remote,Full-time,,,English,,,Recent,https://do.linkedin.com/jobs/view/mobile-software-engineer-remote-latin-america-at-fullstack-4382119216,2026-03-19T10:40:56.210997+00:00
0,Firmware Engineer | Poland,linkedin,"Software Engineer (Java) - Relocation to Poland, Spain, or UAE",Revolut,Poland,On-site,Full-time,Java,,English,,,Recent,https://pl.linkedin.com/jobs/view/software-engineer-java-relocation-to-poland-spain-or-uae-at-revolut-3845490363,2026-03-19T10:40:58.661689+00:00
0,Firmware Engineer | Poland,linkedin,Junior Software Engineer Low Latency Trading,Digital Wave Finance AG,"Warsaw, Mazowieckie, Poland",On-site,Full-time,,Junior,English,,,Recent,https://pl.linkedin.com/jobs/view/junior-software-engineer-low-latency-trading-at-digital-wave-finance-ag-4386310340,2026-03-19T10:40:58.661832+00:00
0,Firmware Engineer | Poland,linkedin,Software Engineer (Android),Revolut,Poland,On-site,Full-time,,,English,,,Recent,https://pl.linkedin.com/jobs/view/software-engineer-android-at-revolut-4190975735,2026-03-19T10:40:58.661971+00:00
0,Firmware Engineer | Poland,linkedin,Junior Software Engineer,Asana,"Warsaw, Mazowieckie, Poland",Remote,Contract,Can,"Junior, Asana, Graduate, Aws",English,,,Recent,https://pl.linkedin.com/jobs/view/junior-software-engineer-at-asana-4315919819,2026-03-19T10:40:58.662109+00:00
0,Firmware Engineer | Poland,linkedin,Software engineer,Meetup,Poland,On-site,Full-time,,,English,,,Recent,https://pl.linkedin.com/jobs/view/software-engineer-at-meetup-4385909757,2026-03-19T10:40:58.662236+00:00
0,Firmware Engineer | Poland,linkedin,Software engineer,Evernote,Poland,On-site,Full-time,,,English,,,Recent,https://pl.linkedin.com/jobs/view/software-engineer-at-evernote-4385926093,2026-03-19T10:40:58.662504+00:00
0,Firmware Engineer | Poland,linkedin,Graduate software engineer,Evernote,"Warsaw, Mazowieckie, Poland",On-site,Full-time,,Graduate,English,,,Recent,https://pl.linkedin.com/jobs/view/graduate-software-engineer-at-evernote-4385919364,2026-03-19T10:40:58.662630+00:00
0,Firmware Engineer | Poland,linkedin,Graduate software engineer,Meetup,"Łódź, Łódzkie, Poland",On-site,Full-time,,Graduate,English,,,Recent,https://pl.linkedin.com/jobs/view/graduate-software-engineer-at-meetup-4385911629,2026-03-19T10:40:58.662772+00:00
0,Firmware Engineer | USA,linkedin,Embedded Software Engineer,Meta,"Burlingame, CA",On-site,Full-time,,,English,,,Recent,https://www.linkedin.com/jobs/view/embedded-software-engineer-at-meta-4301803390,2026-03-19T10:41:01.350091+00:00
0,Firmware Engineer | USA,linkedin,New Grad Software Engineer,Authentic,"New York, NY",On-site,Full-time,,,English,,,Recent,https://www.linkedin.com/jobs/view/new-grad-software-engineer-at-authentic-4377107338,2026-03-19T10:41:01.350247+00:00
0,Firmware Engineer | USA,linkedin,Embedded Software Engineer,Meta,"Redmond, WA",On-site,Full-time,,,English,,,Recent,https://www.linkedin.com/jobs/view/embedded-software-engineer-at-meta-4301812138,2026-03-19T10:41:01.350382+00:00
0,Firmware Engineer | USA,linkedin,Embedded Software Engineer,Meta,"Sunnyvale, CA",On-site,Full-time,,,English,,,Recent,https://www.linkedin.com/jobs/view/embedded-software-engineer-at-meta-4301499980,2026-03-19T10:41:01.350517+00:00
0,Firmware Engineer | USA,linkedin,Software Engineer (New Grads) -  New York,Giga,"New York, NY",On-site,Full-time,,,English,,,Recent,https://www.linkedin.com/jobs/view/software-engineer-new-grads-new-york-at-giga-4374834620,2026-03-19T10:41:01.350661+00:00
0,Firmware Engineer | USA,linkedin,"Software Engineer, Rider",Lyft,"New York, NY",On-site,Full-time,,,English,,,Recent,https://www.linkedin.com/jobs/view/software-engineer-rider-at-lyft-4382127500,2026-03-19T10:41:01.350793+00:00
0,Firmware Engineer | USA,linkedin,Embedded Software Engineer,Meta,"San Diego, CA",On-site,Full-time,,,English,,,Recent,https://www.linkedin.com/jobs/view/embedded-software-engineer-at-meta-4301812137,2026-03-19T10:41:01.350925+00:00
0,Firmware Engineer | USA,linkedin,Embedded Software Engineer,Meta,"Austin, TX",On-site,Full-time,,,English,,,Recent,https://www.linkedin.com/jobs/view/embedded-software-engineer-at-meta-4301819047,2026-03-19T10:41:01.351188+00:00
0,Firmware Engineer | United Kingdom,linkedin,"Software Engineer, New Grad",Deliveroo,"London, England, United Kingdom",On-site,Full-time,,,English,,,Recent,https://uk.linkedin.com/jobs/view/software-engineer-new-grad-at-deliveroo-4379662791,2026-03-19T10:41:03.809095+00:00
0,Firmware Engineer | United Kingdom,linkedin,Embedded Systems & Software Developer (Graduate Junior),hireful,"Wolverhampton, England, United Kingdom",On-site,Full-time,Embedded Systems,"Graduate, Junior",English,,,Recent,https://uk.linkedin.com/jobs/view/embedded-systems-software-developer-graduate-junior-at-hireful-4377048822,2026-03-19T10:41:03.809255+00:00
0,Firmware Engineer | United Kingdom,linkedin,Embedded Software Engineer,Purposeology,"City Of London, England, United Kingdom",On-site,Full-time,,,English,,,Recent,https://uk.linkedin.com/jobs/view/embedded-software-engineer-at-purposeology-4378658539,2026-03-19T10:41:03.809390+00:00
0,Firmware Engineer | United Kingdom,linkedin,Junior Software Engineer,Tripadvisor,"London, England, United Kingdom",On-site,Full-time,,Junior,English,,,Recent,https://uk.linkedin.com/jobs/view/junior-software-engineer-at-tripadvisor-4314044699,2026-03-19T10:41:03.809528+00:00
0,Firmware Engineer | United Kingdom,linkedin,Embedded Software Engineer Intern (12 months),SLB,"Stonehouse, England, United Kingdom",On-site,Internship,,Intern,English,,,Recent,https://uk.linkedin.com/jobs/view/embedded-software-engineer-intern-12-months-at-slb-4383032783,2026-03-19T10:41:03.809675+00:00
0,Firmware Engineer | United Kingdom,linkedin,"Software Engineer, Infrastructure",Meta,United Kingdom,On-site,Full-time,,,English,,,Recent,https://uk.linkedin.com/jobs/view/software-engineer-infrastructure-at-meta-4254319485,2026-03-19T10:41:03.809815+00:00
0,Firmware Engineer | United Kingdom,linkedin,Software Engineer,Red Bull Racing & Red Bull Technology,"Milton Keynes, England, United Kingdom",On-site,Full-time,,,English,,,Recent,https://uk.linkedin.com/jobs/view/software-engineer-at-red-bull-racing-red-bull-technology-4375990471,2026-03-19T10:41:03.809943+00:00
0,Firmware Engineer | United Kingdom,linkedin,Embedded Software Engineer - C++,AGI Group,"Royston, England, United Kingdom",On-site,Full-time,"C, C++",,English,,,Recent,https://uk.linkedin.com/jobs/view/embedded-software-engineer-c%2B%2B-at-agi-group-4385336201,2026-03-19T10:41:03.810078+00:00
0,Firmware Engineer | United Kingdom,linkedin,Java Software Engineer,hackajob,"London, England, United Kingdom",On-site,Full-time,Java,,English,,,Recent,https://uk.linkedin.com/jobs/view/java-software-engineer-at-hackajob-4383956720,2026-03-19T10:41:03.810211+00:00
0,Firmware Engineer | United Kingdom,linkedin,Software Engineer - London,Zopa Bank,"London, England, United Kingdom",On-site,Full-time,,,English,,,Recent,https://uk.linkedin.com/jobs/view/software-engineer-london-at-zopa-bank-4036813631,2026-03-19T10:41:03.810338+00:00
