relevance_score,search_criteria,provider,title,company,location,work_location_type,employment_type,matching_skills,missing_skills,detected_languages,matched_roles,salary_hint,posted_at_relative,link,scraped_at
29,Tester | Germany,linkedin,Software Tester (w/m/d),Burmester Audiosysteme GmbH,"Berlin, Berlin, Germany",Remote,Full-time,"Pytest, Python, Test Automation",R,German,,,Recent,https://de.linkedin.com/jobs/view/software-tester-w-m-d-at-burmester-audiosysteme-gmbh-4414871671,2026-06-08T14:13:31.828169+00:00
29,Tester | Slovakia,linkedin,Test Automation Professional for Digital Buildings,Siemens,"Zilina, Slovakia",On-site,Full-time,Test Automation,,English,,,Recent,https://sk.linkedin.com/jobs/view/test-automation-professional-for-digital-buildings-at-siemens-4424585691,2026-06-08T14:13:41.399461+00:00
29,Tester | Slovakia,linkedin,Test Automation Professional for Digital Buildings,Siemens,"Žilina, Zilina, Slovakia",On-site,Full-time,Test Automation,,English,,,Recent,https://sk.linkedin.com/jobs/view/test-automation-professional-for-digital-buildings-at-siemens-4424576731,2026-06-08T14:13:41.399717+00:00
29,QA Engineer | Switzerland,linkedin,Software Verification Engineer,NVIDIA,"Zurich, Zurich, Switzerland",On-site,Full-time,,,English,,,Recent,https://ch.linkedin.com/jobs/view/software-verification-engineer-at-nvidia-4413189146,2026-06-08T14:13:58.708915+00:00
29,Test Engineer | Austria,linkedin,System Validation Engineer (m/f/d),NXP Semiconductors,"Gratkorn, Styria, Austria",On-site,Full-time,,,English,,,Recent,https://at.linkedin.com/jobs/view/system-validation-engineer-m-f-d-at-nxp-semiconductors-4419152337,2026-06-08T14:14:18.366747+00:00
29,Test Engineer | Austria,linkedin,System Validation Engineer,NXP Semiconductors,"Gratkorn, Styria, Austria",On-site,Full-time,,,English,,,Recent,https://at.linkedin.com/jobs/view/system-validation-engineer-at-nxp-semiconductors-4419144214,2026-06-08T14:14:18.367003+00:00
29,Test Engineer | Switzerland,linkedin,System Test Engineer in Building Technologies 80-100%,Siemens,"Zug, Zug, Switzerland",Remote,Full-time,,,English,,,Recent,https://ch.linkedin.com/jobs/view/system-test-engineer-in-building-technologies-80-100%25-at-siemens-4399664156,2026-06-08T14:14:20.770567+00:00
29,Test Engineer | United Kingdom,linkedin,Test Engineer,Thales,"Glasgow, Scotland, United Kingdom",On-site,Full-time,,,English,,,Recent,https://uk.linkedin.com/jobs/view/test-engineer-at-thales-4411208824,2026-06-08T14:14:35.453885+00:00
29,Testingenieur | Slovakia,linkedin,Tester s nemeckým jazykom (ž/m),Siemens,"Žilina, Zilina, Slovakia",On-site,Full-time,,,English,,,Recent,https://sk.linkedin.com/jobs/view/tester-s-nemeck%C3%BDm-jazykom-%C5%BE-m-at-siemens-4423952200,2026-06-08T14:14:47.927603+00:00
29,Python Test | Germany,linkedin,Python Engineer for Continuous Integration (f/m/x),BMW Group,"Ulm, Baden-Württemberg, Germany",On-site,Full-time,Python,,English,,,Recent,https://de.linkedin.com/jobs/view/python-engineer-for-continuous-integration-f-m-x-at-bmw-group-4416856430,2026-06-08T14:15:44.540267+00:00
29,Python Test | USA,linkedin,"Manufacturing Test Engineer, Manufacturing Test Engineer",Amazon Web Services (AWS),"Florence, KY",On-site,Full-time,,"Aws, Amazon Web Services",English,,,Recent,https://www.linkedin.com/jobs/view/manufacturing-test-engineer-manufacturing-test-engineer-at-amazon-web-services-aws-4411600726,2026-06-08T14:16:00.930520+00:00
29,Firmware Engineer | Slovakia,linkedin,IT specialist – software engineering,Continental,"Púchov, Trenciansky, Slovakia",Remote,Full-time,Java,"R, Graduate, Linux",English,,,Recent,https://sk.linkedin.com/jobs/view/it-specialist-%E2%80%93-software-engineering-at-continental-4414610478,2026-06-08T14:16:15.631546+00:00
29,Firmware Engineer | Slovakia,linkedin,C++ Developer (ž/m),Siemens,"Žilina, Zilina, Slovakia",On-site,Full-time,"C, C++",,English,,,Recent,https://sk.linkedin.com/jobs/view/c%2B%2B-developer-%C5%BE-m-at-siemens-4404730366,2026-06-08T14:16:15.632078+00:00
29,Firmware Engineer | Poland,linkedin,"Embedded Software Engineer II, Ring",Amazon,Gdansk Metropolitan Area,On-site,Full-time,,,English,,,Recent,https://pl.linkedin.com/jobs/view/embedded-software-engineer-ii-ring-at-amazon-4384888307,2026-06-08T14:16:20.368383+00:00
14,Tester | Germany,linkedin,QA Software Tester (m/f/x),Atolls,"Berlin, Germany",Remote,Contract,"Can, Go","Agile, Regression Testing, Jira, Lead",English,Lead,,Recent,https://de.linkedin.com/jobs/view/qa-software-tester-m-f-x-at-atolls-4415334890,2026-06-08T14:13:31.828034+00:00
14,Tester | Austria,linkedin,Junior Game Tester (m/f/d),MERKUR GROUP,"Raaba, Styria, Austria",Remote,Full-time,,"Junior, Agile, Scrum, Staff, Jira",English,Staff,,Recent,https://at.linkedin.com/jobs/view/junior-game-tester-m-f-d-at-merkur-group-4414014817,2026-06-08T14:13:34.291070+00:00
14,Tester | Austria,linkedin,Associate Software Quality Assurance Engineer (P2),International Atomic Energy Agency (IAEA),"Vienna, Austria",On-site,Contract,Can,"Agile, Associate, Senior, Staff",English,"Senior, Staff",,Recent,https://at.linkedin.com/jobs/view/associate-software-quality-assurance-engineer-p2-at-international-atomic-energy-agency-iaea-4423355534,2026-06-08T14:13:34.291206+00:00
14,Tester | Austria,linkedin,QA Test Analyst - Manual Exploratory Testing,Client Server,"Vienna, Vienna, Austria",Remote,Contract,"Ci/Cd, Python, Test Automation","Agile, Linux, Senior, R, Lead, Powershell",English,"Lead, Senior",,Recent,https://at.linkedin.com/jobs/view/qa-test-analyst-manual-exploratory-testing-at-client-server-4422376021,2026-06-08T14:13:34.291669+00:00
14,Tester | Austria,linkedin,Associate Software Quality Assurance Engineer(P2),International Atomic Energy Agency (IAEA),"Innere Stadt, Vienna, Austria",On-site,Contract,Can,"Agile, Associate, Senior, Staff",English,"Senior, Staff",,Recent,https://at.linkedin.com/jobs/view/associate-software-quality-assurance-engineer-p2-at-international-atomic-energy-agency-iaea-4415242102,2026-06-08T14:13:34.292054+00:00
14,Testingenieur | United Kingdom,linkedin,"System Test Engineer, HIL",Wayve,"London, England, United Kingdom",Hybrid,Full-time,"Can, Ci/Cd, Hil, Jenkins, Pytest, Python, System Testing, Test Automation","Gitlab, Aspice, Git, Machine Learning, Gitlab Ci, Jira, Lead, Datadog, Grafana, Azure",English,Lead,,Recent,https://uk.linkedin.com/jobs/view/system-test-engineer-hil-at-wayve-4413362327,2026-06-08T14:14:58.037565+00:00
14,Testingenieur | United Kingdom,linkedin,Senior Test Engineer,Empresaria Group plc,"West Lothian, Scotland, United Kingdom",Hybrid,Contract,,Senior,English,Senior,,Recent,https://uk.linkedin.com/jobs/view/senior-test-engineer-at-empresaria-group-plc-4414483406,2026-06-08T14:14:58.037817+00:00
14,Test Automation | Germany,linkedin,Senior Test Automation Engineer/Software Development Engineer in Test (d/f/m),Leapsome,"Berlin, Germany",Hybrid,Contract,"Can, Ci/Cd, Github Actions, Go, Integration Testing, Playwright, Rag, Test Automation, Typescript","Docker, Manual Testing, Vue.Js, React, Angular, Mongodb, Senior, Nosql, Datadog, Node.Js",English,Senior,,Recent,https://de.linkedin.com/jobs/view/senior-test-automation-engineer-software-development-engineer-in-test-d-f-m-at-leapsome-4319406597,2026-06-08T14:15:00.530386+00:00
14,Test Automation | Austria,linkedin,SENIOR TEST AUTOMATION ENGINEER  (F/M/O),Flightkeys GmbH,"Vienna, Austria",On-site,Full-time,Test Automation,Senior,English,Senior,,Recent,https://at.linkedin.com/jobs/view/senior-test-automation-engineer-f-m-o-at-flightkeys-gmbh-4420103541,2026-06-08T14:15:02.918496+00:00
14,Test Automation | Austria,linkedin,Senior Test Automation Engineer (all genders) [Graz],adesso Austria GmbH,"Graz, Styria, Austria",On-site,Full-time,Test Automation,Senior,English,Senior,,Recent,https://at.linkedin.com/jobs/view/senior-test-automation-engineer-all-genders-graz-at-adesso-austria-gmbh-4370392579,2026-06-08T14:15:02.918628+00:00
14,Test Automation | Austria,linkedin,Software Test Engineer & Guild Lead (w/m/d),Bachmann electronic GmbH,"Innsbruck, Tyrol, Austria",On-site,Full-time,,Lead,English,Lead,,Recent,https://at.linkedin.com/jobs/view/software-test-engineer-guild-lead-w-m-d-at-bachmann-electronic-gmbh-4420905466,2026-06-08T14:15:02.919008+00:00
14,Test Automation | Austria,linkedin,Senior Software Test Engineer (w/m/d),Merkur Versicherung,"Graz, Styria, Austria",On-site,Full-time,,Senior,English,Senior,,Recent,https://at.linkedin.com/jobs/view/senior-software-test-engineer-w-m-d-at-merkur-versicherung-4417315986,2026-06-08T14:15:02.919137+00:00
14,Test Automation | Austria,linkedin,"Test Automation Engineer – Senior Consultant (m,w,d)",QESTIT DACH,"Vienna, Austria",On-site,Full-time,Test Automation,"Senior, Consultant",English,"Consultant, Senior",,Recent,https://at.linkedin.com/jobs/view/test-automation-engineer-%E2%80%93-senior-consultant-m-w-d-at-qestit-dach-4417949138,2026-06-08T14:15:02.919406+00:00
14,Test Automation | Switzerland,linkedin,Senior Software Engineer in Test,ANYbotics,"Zurich, Zurich, Switzerland",On-site,Full-time,,Senior,English,Senior,,Recent,https://ch.linkedin.com/jobs/view/senior-software-engineer-in-test-at-anybotics-4415501872,2026-06-08T14:15:05.366650+00:00
14,Test Automation | Switzerland,linkedin,Senior Test Automation Engineer,Merkle,"Zurich, Zurich, Switzerland",On-site,Full-time,Test Automation,Senior,English,Senior,,Recent,https://ch.linkedin.com/jobs/view/senior-test-automation-engineer-at-merkle-4402358978,2026-06-08T14:15:05.366958+00:00
14,Test Automation | Switzerland,linkedin,Senior QA Automation Engineer,TXT GROUP,"Chiasso, Ticino, Switzerland",On-site,Full-time,,Senior,English,Senior,,Recent,https://ch.linkedin.com/jobs/view/senior-qa-automation-engineer-at-txt-group-4406576069,2026-06-08T14:15:05.367616+00:00
14,Test Automation | Switzerland,linkedin,Senior Automation QA Engineer – Mobile Testing,Specialized Bicycle Components,"Cham, Zug, Switzerland",Remote,Full-time,,Senior,English,Senior,,Recent,https://ch.linkedin.com/jobs/view/senior-automation-qa-engineer-%E2%80%93-mobile-testing-at-specialized-bicycle-components-4419834911,2026-06-08T14:15:05.367741+00:00
14,Test Automation | Switzerland,linkedin,Senior Test Automation Engineer,Fincons Group,"Lugano, Ticino, Switzerland",On-site,Full-time,Test Automation,Senior,English,Senior,,Recent,https://ch.linkedin.com/jobs/view/senior-test-automation-engineer-at-fincons-group-4419860435,2026-06-08T14:15:05.367873+00:00
14,Test Automation | Slovakia,linkedin,Senior Quality Assurance Automation Engineer,NATEK,"Kosice, Slovakia",On-site,Full-time,,Senior,English,Senior,,Recent,https://sk.linkedin.com/jobs/view/senior-quality-assurance-automation-engineer-at-natek-4418750286,2026-06-08T14:15:10.022413+00:00
14,Test Automation | Slovakia,linkedin,Senior Software Test Automation Engineer (Python & AI),Solar Turbines,"Bratislava Old Town, Bratislava, Slovakia",On-site,Full-time,"Python, Test Automation",Senior,English,Senior,,Recent,https://sk.linkedin.com/jobs/view/senior-software-test-automation-engineer-python-ai-at-solar-turbines-4425478731,2026-06-08T14:15:10.022545+00:00
14,Test Automation | Slovakia,linkedin,Senior Software Test Automation Engineer (Python & AI),Solar Turbines,"Košice, Kosice, Slovakia",On-site,Full-time,"Python, Test Automation",Senior,English,Senior,,Recent,https://sk.linkedin.com/jobs/view/senior-software-test-automation-engineer-python-ai-at-solar-turbines-4414914904,2026-06-08T14:15:10.022676+00:00
14,Test Automation | Slovakia,linkedin,Senior Test Developer,Kistler Group,"Bratislava, Slovakia",On-site,Full-time,,Senior,English,Senior,,Recent,https://sk.linkedin.com/jobs/view/senior-test-developer-at-kistler-group-4420290304,2026-06-08T14:15:10.023071+00:00
14,Test Automation | Czech Republic,linkedin,Senior SDET,Perform,Dominican Republic,On-site,Full-time,,Senior,English,Senior,,Recent,https://do.linkedin.com/jobs/view/senior-sdet-at-perform-4344131612,2026-06-08T14:15:12.359468+00:00
14,Test Automation | USA,linkedin,Senior Automation Test Engineer,Motional,"Las Vegas, NV",On-site,Full-time,,Senior,English,Senior,,Recent,https://www.linkedin.com/jobs/view/senior-automation-test-engineer-at-motional-4397062662,2026-06-08T14:15:17.510049+00:00
14,Test Automation | USA,linkedin,Automation Test Lead,PIXIE,"Waukesha, WI",On-site,Full-time,,Lead,English,Lead,,Recent,https://www.linkedin.com/jobs/view/automation-test-lead-at-pixie-4413360839,2026-06-08T14:15:17.510327+00:00
14,Test Automation | United Kingdom,linkedin,Senior Quality Engineer,Opus 2,"Edinburgh, Scotland, United Kingdom",On-site,Full-time,,Senior,English,Senior,,Recent,https://uk.linkedin.com/jobs/view/senior-quality-engineer-at-opus-2-4424736421,2026-06-08T14:15:20.064793+00:00
14,Test Automation | United Kingdom,linkedin,Test Automation Lead,Motorola Solutions,"Glasgow, Scotland, United Kingdom",On-site,Full-time,Test Automation,Lead,English,Lead,,Recent,https://uk.linkedin.com/jobs/view/test-automation-lead-at-motorola-solutions-4415276510,2026-06-08T14:15:20.065313+00:00
14,Test Automation | United Kingdom,linkedin,Senior Automation Test Engineer,Version 1,"Newcastle Upon Tyne, England, United Kingdom",On-site,Full-time,,Senior,English,Senior,,Recent,https://uk.linkedin.com/jobs/view/senior-automation-test-engineer-at-version-1-4373469439,2026-06-08T14:15:20.065443+00:00
14,Python Developer | Slovakia,linkedin,Senior Application Developer (m/f/d) Python,Deutsche Telekom,"Košice, Kosice, Slovakia",On-site,Full-time,Python,Senior,English,Senior,,Recent,https://sk.linkedin.com/jobs/view/senior-application-developer-m-f-d-python-at-deutsche-telekom-4420450681,2026-06-08T14:15:32.111395+00:00
14,Python Developer | Slovakia,linkedin,Lead Software Engineer - Python,Caterpillar Inc.,"Košice, Kosice, Slovakia",On-site,Full-time,Python,Lead,English,Lead,,Recent,https://sk.linkedin.com/jobs/view/lead-software-engineer-python-at-caterpillar-inc-4414609673,2026-06-08T14:15:32.111659+00:00
14,Python Test | United Kingdom,linkedin,Test Automation Consultant,SRMD Ltd.,"Stafford, England, United Kingdom",On-site,Full-time,Test Automation,Consultant,English,Consultant,,Recent,https://uk.linkedin.com/jobs/view/test-automation-consultant-at-srmd-ltd-4424181837,2026-06-08T14:16:03.503614+00:00
14,Python Test | United Kingdom,linkedin,Automation Test Lead,Coforge,"Sheffield, England, United Kingdom",On-site,Full-time,,Lead,English,Lead,,Recent,https://uk.linkedin.com/jobs/view/automation-test-lead-at-coforge-4418579907,2026-06-08T14:16:03.503992+00:00
14,Firmware Engineer | Germany,linkedin,Firmware Engineer (m/w/d) / Senior Firmware Engineer (m/w/d),Eve Systems,"Munich, Bavaria, Germany",On-site,Full-time,Firmware,Senior,English,Senior,,Recent,https://de.linkedin.com/jobs/view/firmware-engineer-m-w-d-senior-firmware-engineer-m-w-d-at-eve-systems-4410138748,2026-06-08T14:16:06.057606+00:00
14,Firmware Engineer | Slovakia,linkedin,Embedded Software Developer,Kistler Group,Bratislava Metropolitan Area,Remote,Full-time,"C, C++, Can, Ci/Cd, Driver Development, Rust","Linux, Lead",English,Lead,,Recent,https://sk.linkedin.com/jobs/view/embedded-software-developer-at-kistler-group-4422966621,2026-06-08T14:16:15.630838+00:00
14,Firmware Engineer | Slovakia,linkedin,C/C++ Software Developer,Nokia,"Bratislava, Bratislava, Slovakia",Remote,Contract,"C, C++, Generative Ai","Junior, Linux, Senior, R, Git",English,Senior,,Recent,https://sk.linkedin.com/jobs/view/c-c%2B%2B-software-developer-at-nokia-4290301367,2026-06-08T14:16:15.631817+00:00
14,Firmware Engineer | Poland,linkedin,Senior Firmware Engineer,Kidde Global Solutions,"Gdańsk, Pomorskie, Poland",On-site,Full-time,Firmware,Senior,English,Senior,,Recent,https://pl.linkedin.com/jobs/view/senior-firmware-engineer-at-kidde-global-solutions-4408414900,2026-06-08T14:16:20.368772+00:00
14,Firmware Engineer | United Kingdom,linkedin,Staff Firmware Engineer,Smith+Nephew,"Kingston Upon Hull, England, United Kingdom",On-site,Full-time,Firmware,Staff,English,Staff,,Recent,https://uk.linkedin.com/jobs/view/staff-firmware-engineer-at-smith%2Bnephew-4381322655,2026-06-08T14:16:25.557423+00:00
0,Tester | Germany,linkedin,QA-Tester,TillerStack,Berlin Metropolitan Area,Remote,Internship,"Playwright, Selenium, Test Automation","Agile, Manual Testing, Scrum, Kanban, Postman",English,,,Recent,https://de.linkedin.com/jobs/view/qa-tester-at-tillerstack-4420433657,2026-06-08T14:13:31.827855+00:00
0,Tester | Germany,linkedin,Manual Application Tester,ExpressVPN,"Übach-Palenberg, North Rhine-Westphalia, Germany",Remote,Contract,Can,"Appium, Linux, Entry-Level",English,,,Recent,https://de.linkedin.com/jobs/view/manual-application-tester-at-expressvpn-4424031539,2026-06-08T14:13:31.828329+00:00
0,Tester | Germany,linkedin,Software Tester (m/w/d),Bizerba,"Balingen, Baden-Württemberg, Germany",Hybrid,Full-time,Test Automation,"R, Linux",German,,,Recent,https://de.linkedin.com/jobs/view/software-tester-m-w-d-at-bizerba-4369545776,2026-06-08T14:13:31.828519+00:00
0,Tester | Germany,linkedin,Software Tester,Haystack,"Munich, Bavaria, Germany",On-site,Contract,,,English,,,Recent,https://de.linkedin.com/jobs/view/software-tester-at-haystack-4418703521,2026-06-08T14:13:31.828656+00:00
0,Tester | Germany,linkedin,Software Tester (all genders),GK Software,"St. Ingbert, Saarland, Germany",Remote,Contract,,R,German,,,Recent,https://de.linkedin.com/jobs/view/software-tester-all-genders-at-gk-software-4375013194,2026-06-08T14:13:31.828792+00:00
0,Tester | Germany,linkedin,QA Analyst (f/m/d),adjoe,"Hamburg, Hamburg, Germany",On-site,Full-time,,,English,,,Recent,https://de.linkedin.com/jobs/view/qa-analyst-f-m-d-at-adjoe-4422423295,2026-06-08T14:13:31.828920+00:00
0,Tester | Germany,linkedin,Systemtester (m/w/d),Rheinmetall,"Bremen, Bremen, Germany",Remote,Internship,,"R, Linux",German,,,Recent,https://de.linkedin.com/jobs/view/systemtester-m-w-d-at-rheinmetall-4413035122,2026-06-08T14:13:31.829045+00:00
0,Tester | Germany,linkedin,Software-Tester / Test-Ingenieur (Ingolstadt),TAMA Systemtechnik GmbH,"Ingolstadt, Bavaria, Germany",On-site,Full-time,,,English,,,Recent,https://de.linkedin.com/jobs/view/software-tester-test-ingenieur-ingolstadt-at-tama-systemtechnik-gmbh-4416877869,2026-06-08T14:13:31.829171+00:00
0,Tester | Austria,linkedin,Tester:in,ACTIVE SOLUTION GmbH,"Vienna, Austria",On-site,Full-time,"Playwright, Selenium, Test Automation","Agile, Scrum, Kanban, Cypress, R",German,,,Recent,https://at.linkedin.com/jobs/view/tester-in-at-active-solution-gmbh-4419853054,2026-06-08T14:13:34.290903+00:00
0,Tester | Austria,linkedin,Software Tester (f/m/d),GE HealthCare,"Vöcklamarkt, Upper Austria, Austria",Remote,Contract,Integration Testing,"Associate, R, Entry-Level",German,,,Recent,https://at.linkedin.com/jobs/view/software-tester-f-m-d-at-ge-healthcare-4416658855,2026-06-08T14:13:34.291403+00:00
0,Tester | Austria,linkedin,Software Test Engineer (f/m/d),COPA-DATA,"Salzburg, Salzburg, Austria",Remote,Contract,Can,"Junior, Performance Testing, Linux",English,,,Recent,https://at.linkedin.com/jobs/view/software-test-engineer-f-m-d-at-copa-data-4406956596,2026-06-08T14:13:34.291542+00:00
0,Tester | Austria,linkedin,Quality Engineer,Trayport,"Vienna, Vienna, Austria",On-site,Full-time,"Bash, C, Can, Python, Test Automation","Docker, Linux, React, Devops, Grafana, Postman, C#, Azure",English,,,Recent,https://at.linkedin.com/jobs/view/quality-engineer-at-trayport-4399977766,2026-06-08T14:13:34.291802+00:00
0,Tester | Austria,linkedin,Software Tester / Systems Integration (w/m/x),NOVOMATIC,"Gumpoldskirchen, Lower Austria, Austria",On-site,Internship,"Firmware, Integration Testing","Intern, Linux, R",German,,,Recent,https://at.linkedin.com/jobs/view/software-tester-systems-integration-w-m-x-at-novomatic-4330849942,2026-06-08T14:13:34.291927+00:00
0,Tester | Austria,linkedin,Software Test Engineer (m/w/d),T-Systems Austria,"Vienna, Vienna, Austria",On-site,Full-time,,,English,,,Recent,https://at.linkedin.com/jobs/view/software-test-engineer-m-w-d-at-t-systems-austria-4384883437,2026-06-08T14:13:34.292177+00:00
0,Tester | Switzerland,linkedin,Manual Tester (UAV Software),Destinus,"Zurich, Zurich, Switzerland",On-site,Full-time,,,English,,,Recent,https://ch.linkedin.com/jobs/view/manual-tester-uav-software-at-destinus-4420432644,2026-06-08T14:13:36.744978+00:00
0,Tester | Switzerland,linkedin,TWAG - Test analyst (H/F),Athenco,"Geneva, Geneva, Switzerland",On-site,Full-time,,,English,,,Recent,https://ch.linkedin.com/jobs/view/twag-test-analyst-h-f-at-athenco-4425047114,2026-06-08T14:13:36.745145+00:00
0,Tester | Switzerland,linkedin,Software Test Engineer,SwissPeak Partners,"Zurich, Switzerland",On-site,Full-time,,,English,,,Recent,https://ch.linkedin.com/jobs/view/software-test-engineer-at-swisspeak-partners-4417067831,2026-06-08T14:13:36.745297+00:00
0,Tester | Switzerland,linkedin,PeopleSoft Tester- Time and Labor,"Bart & Associates, Inc.","Fully, Valais, Switzerland",On-site,Full-time,,,English,,,Recent,https://ch.linkedin.com/jobs/view/peoplesoft-tester-time-and-labor-at-bart-associates-inc-4410843014,2026-06-08T14:13:36.745424+00:00
0,Tester | Switzerland,linkedin,Test Engineer,Transgourmet/Prodega Schweiz,"Berne, Switzerland",On-site,Full-time,,,English,,,Recent,https://ch.linkedin.com/jobs/view/test-engineer-at-transgourmet-prodega-schweiz-4416174543,2026-06-08T14:13:36.745547+00:00
0,Tester | Switzerland,linkedin,System Validation Technician,Specialized Bicycle Components,"Cham, Zug, Switzerland",On-site,Full-time,,,English,,,Recent,https://ch.linkedin.com/jobs/view/system-validation-technician-at-specialized-bicycle-components-4413407950,2026-06-08T14:13:36.745670+00:00
0,Tester | Switzerland,linkedin,Testeur(euse) Logiciel (H/F),WIT PARTNERS SA,"Vaud, Switzerland",On-site,Full-time,,,English,,,Recent,https://ch.linkedin.com/jobs/view/testeur-euse-logiciel-h-f-at-wit-partners-sa-4420743075,2026-06-08T14:13:36.745796+00:00
0,Tester | Switzerland,linkedin,QA Engineer – Mobile Testing,Specialized Bicycle Components,"Cham, Zug, Switzerland",Remote,Full-time,,,English,,,Recent,https://ch.linkedin.com/jobs/view/qa-engineer-%E2%80%93-mobile-testing-at-specialized-bicycle-components-4419855030,2026-06-08T14:13:36.745929+00:00
0,Tester | Switzerland,linkedin,Einstieg Software Testing,Ergon Informatik AG,"Zurich, Zurich, Switzerland",On-site,Full-time,,,English,,,Recent,https://ch.linkedin.com/jobs/view/einstieg-software-testing-at-ergon-informatik-ag-4420722924,2026-06-08T14:13:36.746059+00:00
0,Tester | Switzerland,linkedin,Test Engineer - F/M/X,Amaris Consulting,Greater Bern Area,On-site,Full-time,,,English,,,Recent,https://ch.linkedin.com/jobs/view/test-engineer-f-m-x-at-amaris-consulting-4419902446,2026-06-08T14:13:36.746184+00:00
0,Tester | Slovakia,linkedin,Manual Tester with Overlap into Automation,Billdu,"Bratislava, Bratislava, Slovakia",On-site,Full-time,,,English,,,Recent,https://sk.linkedin.com/jobs/view/manual-tester-with-overlap-into-automation-at-billdu-4417488379,2026-06-08T14:13:41.398862+00:00
0,Tester | Slovakia,linkedin,Manuálny tester/testerka s presahom do automatizácie,Billdu,"Bratislava, Slovakia",On-site,Full-time,,,English,,,Recent,https://sk.linkedin.com/jobs/view/manu%C3%A1lny-tester-testerka-s-presahom-do-automatiz%C3%A1cie-at-billdu-4413528429,2026-06-08T14:13:41.399033+00:00
0,Tester | Slovakia,linkedin,Manual QA Tester,Descartes Systems Group,"Žilina, Zilina, Slovakia",On-site,Full-time,,,English,,,Recent,https://sk.linkedin.com/jobs/view/manual-qa-tester-at-descartes-systems-group-4382115365,2026-06-08T14:13:41.399179+00:00
0,Tester | Slovakia,linkedin,Agile Test Engineer - Medior,ESET,"Bratislava, Bratislava, Slovakia",On-site,Full-time,,Agile,English,,,Recent,https://sk.linkedin.com/jobs/view/agile-test-engineer-medior-at-eset-4374813990,2026-06-08T14:13:41.399332+00:00
0,Tester | Slovakia,linkedin,Integration Tester,Avenga,"Bratislava, Bratislava, Slovakia",On-site,Full-time,,,English,,,Recent,https://sk.linkedin.com/jobs/view/integration-tester-at-avenga-4331424497,2026-06-08T14:13:41.399590+00:00
0,Tester | Slovakia,linkedin,Agile Test Engineer,ESET,"Košice, Kosice, Slovakia",On-site,Full-time,,Agile,English,,,Recent,https://sk.linkedin.com/jobs/view/agile-test-engineer-at-eset-4405175696,2026-06-08T14:13:41.399850+00:00
0,Tester | Slovakia,linkedin,QA Engineer,localhost.company,"Košice, Kosice, Slovakia",On-site,Full-time,,,English,,,Recent,https://sk.linkedin.com/jobs/view/qa-engineer-at-localhost-company-4417973917,2026-06-08T14:13:41.399982+00:00
0,Tester | Slovakia,linkedin,Software Test Engineer,Descartes Systems Group,"Žilina, Zilina, Slovakia",On-site,Full-time,,,English,,,Recent,https://sk.linkedin.com/jobs/view/software-test-engineer-at-descartes-systems-group-4346477958,2026-06-08T14:13:41.400112+00:00
0,Tester | Czech Republic,linkedin,QA Functional Engineer,Applaudo,Dominican Republic,On-site,Full-time,,,English,,,Recent,https://do.linkedin.com/jobs/view/qa-functional-engineer-at-applaudo-4424114368,2026-06-08T14:13:43.745426+00:00
0,Tester | Czech Republic,linkedin,Junior QA Automation Engineer,InvestorFlow,"Santiago de los Caballeros, Santiago, Dominican Republic",On-site,Full-time,,Junior,English,,,Recent,https://do.linkedin.com/jobs/view/junior-qa-automation-engineer-at-investorflow-4423307207,2026-06-08T14:13:43.745593+00:00
0,Tester | Czech Republic,linkedin,Vacante: Software QA Engineer,Tu Empleo RD,"Santo Domingo Este, Santo Domingo, Dominican Republic",On-site,Full-time,,,English,,,Recent,https://do.linkedin.com/jobs/view/vacante-software-qa-engineer-at-tu-empleo-rd-4420233445,2026-06-08T14:13:43.745739+00:00
0,Tester | Czech Republic,linkedin,Junior QA Automation Engineer,InvestorFlow,"Santo Domingo, Distrito Nacional, Dominican Republic",On-site,Full-time,,Junior,English,,,Recent,https://do.linkedin.com/jobs/view/junior-qa-automation-engineer-at-investorflow-4423312077,2026-06-08T14:13:43.745866+00:00
0,Tester | Czech Republic,linkedin,QA Automation Engineer,CrecerLab,"Distrito Nacional, Dominican Republic",On-site,Full-time,,,English,,,Recent,https://do.linkedin.com/jobs/view/qa-automation-engineer-at-crecerlab-4417364413,2026-06-08T14:13:43.745987+00:00
0,Tester | Czech Republic,linkedin,Quality Assurance Engineer - Trabajo Remoto,BairesDev,"Santo Domingo, Distrito Nacional, Dominican Republic",On-site,Full-time,,,English,,,Recent,https://do.linkedin.com/jobs/view/quality-assurance-engineer-trabajo-remoto-at-bairesdev-4423960954,2026-06-08T14:13:43.746115+00:00
0,Tester | Czech Republic,linkedin,Líder Tester Automatizador TI,Banco Popular Dominicano,"Santo Domingo, Dominican Republic",On-site,Full-time,,,English,,,Recent,https://do.linkedin.com/jobs/view/l%C3%ADder-tester-automatizador-ti-at-banco-popular-dominicano-4401626588,2026-06-08T14:13:43.746257+00:00
0,Tester | Czech Republic,linkedin,Quality Automation Engineer,Flash,"Santo Domingo, Distrito Nacional, Dominican Republic",On-site,Full-time,,,English,,,Recent,https://do.linkedin.com/jobs/view/quality-automation-engineer-at-flash-4415552554,2026-06-08T14:13:43.746392+00:00
0,Tester | Czech Republic,linkedin,检测员,MINTH GROUP,"アト・マジョール州, Hato Mayor, Dominican Republic",On-site,Full-time,,,English,,,Recent,https://do.linkedin.com/jobs/view/%E6%A3%80%E6%B5%8B%E5%91%98-at-minth-group-4301045422,2026-06-08T14:13:43.746520+00:00
0,Tester | Poland,linkedin,IoT Device Tester,EPAM Systems,Cracow Metropolitan Area,On-site,Full-time,,,English,,,Recent,https://pl.linkedin.com/jobs/view/iot-device-tester-at-epam-systems-4414343319,2026-06-08T14:13:46.231897+00:00
0,Tester | Poland,linkedin,Tester/ka manualny/a,Base.com,"Gdańsk, Pomorskie, Poland",On-site,Full-time,,,English,,,Recent,https://pl.linkedin.com/jobs/view/tester-ka-manualny-a-at-base-com-4419851654,2026-06-08T14:13:46.232067+00:00
0,Tester | Poland,linkedin,Tester/ka manualny/a,Base.com,"Łódź, Łódzkie, Poland",On-site,Full-time,,,English,,,Recent,https://pl.linkedin.com/jobs/view/tester-ka-manualny-a-at-base-com-4419848832,2026-06-08T14:13:46.232212+00:00
0,Tester | Poland,linkedin,"TESTER MANUALNY / TESTERKA MANUALNA - Lublin (Lubelskie), Polska",Astek,"Lublin, Lubelskie, Poland",On-site,Full-time,,,English,,,Recent,https://pl.linkedin.com/jobs/view/tester-manualny-testerka-manualna-lublin-lubelskie-polska-at-astek-4406495171,2026-06-08T14:13:46.232368+00:00
0,Tester | Poland,linkedin,Manual Web QA Engineer,Luxoft,Gdansk Metropolitan Area,On-site,Full-time,,,English,,,Recent,https://pl.linkedin.com/jobs/view/manual-web-qa-engineer-at-luxoft-4414223401,2026-06-08T14:13:46.232502+00:00
0,Tester | Poland,linkedin,Manual Tester (f/m/x),Sii Poland,"Białystok, Podlaskie, Poland",On-site,Full-time,,,English,,,Recent,https://pl.linkedin.com/jobs/view/manual-tester-f-m-x-at-sii-poland-4418760383,2026-06-08T14:13:46.232630+00:00
0,Tester | Poland,linkedin,Test Engineer,Demant Polska,"Mierzyn, Zachodniopomorskie, Poland",On-site,Full-time,,,English,,,Recent,https://pl.linkedin.com/jobs/view/test-engineer-at-demant-polska-4417862881,2026-06-08T14:13:46.232762+00:00
0,Tester | Poland,linkedin,"Tester oprogramowania - Warszawa (Mazowieckie), Polska  (M/K)",Astek,"Warsaw, Mazowieckie, Poland",On-site,Full-time,,,English,,,Recent,https://pl.linkedin.com/jobs/view/tester-oprogramowania-warszawa-mazowieckie-polska-m-k-at-astek-4308793072,2026-06-08T14:13:46.232888+00:00
0,Tester | Poland,linkedin,Tester Manualy,ALGOTEQUE Innovation Hub,"Warsaw, Mazowieckie, Poland",On-site,Full-time,,,English,,,Recent,https://pl.linkedin.com/jobs/view/tester-manualy-at-algoteque-innovation-hub-4422972777,2026-06-08T14:13:46.233015+00:00
0,Tester | Poland,linkedin,Manual Tester,Ubique Systems,"Cracow, Małopolskie, Poland",On-site,Full-time,,,English,,,Recent,https://pl.linkedin.com/jobs/view/manual-tester-at-ubique-systems-4420705149,2026-06-08T14:13:46.233141+00:00
0,Tester | USA,linkedin,Product Tester,Tactacam,"Billings, MT",On-site,Full-time,,,English,,,Recent,https://www.linkedin.com/jobs/view/product-tester-at-tactacam-4344854298,2026-06-08T14:13:48.827077+00:00
0,Tester | USA,linkedin,Tester (1st shift),Vertiv,"Anderson, SC",On-site,Full-time,,,English,,,Recent,https://www.linkedin.com/jobs/view/tester-1st-shift-at-vertiv-4416949867,2026-06-08T14:13:48.827255+00:00
0,Tester | USA,linkedin,Quality Assurance Tester,Avoya Travel,"San Marcos, CA",On-site,Full-time,,,English,,,Recent,https://www.linkedin.com/jobs/view/quality-assurance-tester-at-avoya-travel-4424328358,2026-06-08T14:13:48.827393+00:00
0,Tester | USA,linkedin,Hardware QA Tester,Cricut,"South Jordan, UT",On-site,Full-time,,,English,,,Recent,https://www.linkedin.com/jobs/view/hardware-qa-tester-at-cricut-4417676048,2026-06-08T14:13:48.827527+00:00
0,Tester | USA,linkedin,Test Specialist,"T-Rex Solutions, LLC","Sierra Vista, AZ",On-site,Full-time,,,English,,,Recent,https://www.linkedin.com/jobs/view/test-specialist-at-t-rex-solutions-llc-4417453240,2026-06-08T14:13:48.827659+00:00
0,Tester | USA,linkedin,Test Engineer,OCLC,"Dublin, OH",On-site,Full-time,,,English,,,Recent,https://www.linkedin.com/jobs/view/test-engineer-at-oclc-4413768182,2026-06-08T14:13:48.827792+00:00
0,Tester | USA,linkedin,QA Engineer,Exacta Systems,"Austin, TX",On-site,Full-time,,,English,,,Recent,https://www.linkedin.com/jobs/view/qa-engineer-at-exacta-systems-4382210948,2026-06-08T14:13:48.827915+00:00
0,Tester | USA,linkedin,Functional Tester,Millennium Software and Staffing Inc,"Harrisburg, PA",On-site,Full-time,,,English,,,Recent,https://www.linkedin.com/jobs/view/functional-tester-at-millennium-software-and-staffing-inc-4424450612,2026-06-08T14:13:48.828037+00:00
0,Tester | USA,linkedin,QA Engineer I,Tactacam,"Billings, MT",On-site,Full-time,,,English,,,Recent,https://www.linkedin.com/jobs/view/qa-engineer-i-at-tactacam-4418414335,2026-06-08T14:13:48.828159+00:00
0,Tester | USA,linkedin,Quality Analyst 2,Garmin,"Yarmouth, ME",On-site,Full-time,,,English,,,Recent,https://www.linkedin.com/jobs/view/quality-analyst-2-at-garmin-4424936495,2026-06-08T14:13:48.828347+00:00
0,Tester | United Kingdom,linkedin,Systems Tester,Pennon Group Plc,"Bournemouth, England, United Kingdom",On-site,Full-time,,,English,,,Recent,https://uk.linkedin.com/jobs/view/systems-tester-at-pennon-group-plc-4419073851,2026-06-08T14:13:51.404774+00:00
0,Tester | United Kingdom,linkedin,QA Test Engineer,LUSH,"Poole, England, United Kingdom",On-site,Full-time,,,English,,,Recent,https://uk.linkedin.com/jobs/view/qa-test-engineer-at-lush-4414204310,2026-06-08T14:13:51.404933+00:00
0,Tester | United Kingdom,linkedin,Test Engineer,Noir,"Bournemouth, England, United Kingdom",On-site,Full-time,,,English,,,Recent,https://uk.linkedin.com/jobs/view/test-engineer-at-noir-4424168834,2026-06-08T14:13:51.405067+00:00
0,Tester | United Kingdom,linkedin,"Software Tester, PAM",bet365,"Stoke-On-Trent, England, United Kingdom",On-site,Full-time,,,English,,,Recent,https://uk.linkedin.com/jobs/view/software-tester-pam-at-bet365-4414551989,2026-06-08T14:13:51.405197+00:00
0,Tester | United Kingdom,linkedin,Technical Test Analyst,University of Southampton,"Southampton, England, United Kingdom",On-site,Full-time,,,English,,,Recent,https://uk.linkedin.com/jobs/view/technical-test-analyst-at-university-of-southampton-4421295324,2026-06-08T14:13:51.405336+00:00
0,Tester | United Kingdom,linkedin,Systems Tester,Source for Business,"Bournemouth, England, United Kingdom",On-site,Full-time,,,English,,,Recent,https://uk.linkedin.com/jobs/view/systems-tester-at-source-for-business-4420463346,2026-06-08T14:13:51.405463+00:00
0,Tester | United Kingdom,linkedin,Test Analyst,University Hospital Southampton NHS FT,"Southampton, England, United Kingdom",On-site,Full-time,,,English,,,Recent,https://uk.linkedin.com/jobs/view/test-analyst-at-university-hospital-southampton-nhs-ft-4421924748,2026-06-08T14:13:51.405589+00:00
0,Tester | United Kingdom,linkedin,Test Analyst,Systal Technology Solutions,"Hamilton, Scotland, United Kingdom",On-site,Full-time,,,English,,,Recent,https://uk.linkedin.com/jobs/view/test-analyst-at-systal-technology-solutions-4422392216,2026-06-08T14:13:51.405717+00:00
0,Tester | United Kingdom,linkedin,Quality Assurance Test Analyst,Tai Tarian,"Briton Ferry, Wales, United Kingdom",On-site,Full-time,,,English,,,Recent,https://uk.linkedin.com/jobs/view/quality-assurance-test-analyst-at-tai-tarian-4413375080,2026-06-08T14:13:51.405842+00:00
0,Tester | United Kingdom,linkedin,Test Analyst,IDGateway® Limited,"Farnborough, England, United Kingdom",On-site,Full-time,,,English,,,Recent,https://uk.linkedin.com/jobs/view/test-analyst-at-idgateway%C2%AE-limited-4394907513,2026-06-08T14:13:51.405962+00:00
0,QA Engineer | Germany,linkedin,Software Quality Engineer,Safety io,"Berlin, Germany",On-site,Full-time,,,English,,,Recent,https://de.linkedin.com/jobs/view/software-quality-engineer-at-safety-io-4378105353,2026-06-08T14:13:53.869322+00:00
0,QA Engineer | Germany,linkedin,Software Quality Engineer (m/w/d),convivo GmbH,"Berlin, Berlin, Germany",On-site,Full-time,,,English,,,Recent,https://de.linkedin.com/jobs/view/software-quality-engineer-m-w-d-at-convivo-gmbh-4420734198,2026-06-08T14:13:53.869500+00:00
0,QA Engineer | Germany,linkedin,Quality Assurance Engineer,Quantum Machines,"Stuttgart, Baden-Württemberg, Germany",On-site,Full-time,,,English,,,Recent,https://de.linkedin.com/jobs/view/quality-assurance-engineer-at-quantum-machines-4418258732,2026-06-08T14:13:53.869639+00:00
0,QA Engineer | Germany,linkedin,QA Engineer (all),mediaire,"Berlin, Berlin, Germany",On-site,Full-time,,,English,,,Recent,https://de.linkedin.com/jobs/view/qa-engineer-all-at-mediaire-4417939996,2026-06-08T14:13:53.869775+00:00
0,QA Engineer | Germany,linkedin,QA Automation Engineer (gn),OPTIMAL SYSTEMS Hannover,"Berlin, Berlin, Germany",On-site,Full-time,,,English,,,Recent,https://de.linkedin.com/jobs/view/qa-automation-engineer-gn-at-optimal-systems-hannover-4417751877,2026-06-08T14:13:53.869914+00:00
0,QA Engineer | Germany,linkedin,Software Test Engineer (m/w/d),"FEV Japan Co., Ltd.",Greater Kiel Area,On-site,Full-time,,,English,,,Recent,https://de.linkedin.com/jobs/view/software-test-engineer-m-w-d-at-fev-japan-co-ltd-4422007242,2026-06-08T14:13:53.870037+00:00
0,QA Engineer | Germany,linkedin,QA Engineer (m/w/d),Yorizon Cloud,Berlin Metropolitan Area,On-site,Full-time,,,English,,,Recent,https://de.linkedin.com/jobs/view/qa-engineer-m-w-d-at-yorizon-cloud-4398292175,2026-06-08T14:13:53.870159+00:00
0,QA Engineer | Germany,linkedin,Manual AI-Assisted QA Engineer,COLIBRIX ONE,"Berlin, Berlin, Germany",On-site,Full-time,,,English,,,Recent,https://de.linkedin.com/jobs/view/manual-ai-assisted-qa-engineer-at-colibrix-one-4422405662,2026-06-08T14:13:53.870295+00:00
0,QA Engineer | Germany,linkedin,Software Test Engineer (m/w/d),OPTIMA packaging group,"Schwäbisch Hall, Baden-Württemberg, Germany",On-site,Full-time,,,English,,,Recent,https://de.linkedin.com/jobs/view/software-test-engineer-m-w-d-at-optima-packaging-group-4414335604,2026-06-08T14:13:53.870423+00:00
0,QA Engineer | Germany,linkedin,Test Engineer,Nova Sky Stories,"Gilching, Bavaria, Germany",On-site,Full-time,,,English,,,Recent,https://de.linkedin.com/jobs/view/test-engineer-at-nova-sky-stories-4366185572,2026-06-08T14:13:53.870551+00:00
0,QA Engineer | Austria,linkedin,Quality Assurance Engineer,AAA Global,"Vienna, Austria",On-site,Full-time,,,English,,,Recent,https://at.linkedin.com/jobs/view/quality-assurance-engineer-at-aaa-global-4416095694,2026-06-08T14:13:56.293937+00:00
0,QA Engineer | Austria,linkedin,QA Engineer,Bybit EU,"Vienna, Austria",On-site,Full-time,,,English,,,Recent,https://at.linkedin.com/jobs/view/qa-engineer-at-bybit-eu-4413552498,2026-06-08T14:13:56.294068+00:00
0,QA Engineer | Austria,linkedin,"Software Quality Engineer, 80-100% (f/m/x)",OMICRON electronics,"Klaus, Vorarlberg, Austria",Remote,Full-time,,,English,,,Recent,https://at.linkedin.com/jobs/view/software-quality-engineer-80-100%25-f-m-x-at-omicron-electronics-4420282746,2026-06-08T14:13:56.294196+00:00
0,QA Engineer | Austria,linkedin,QA Engineer (m/w/d),Yorizon Cloud,"Vienna, Austria",On-site,Full-time,,,English,,,Recent,https://at.linkedin.com/jobs/view/qa-engineer-m-w-d-at-yorizon-cloud-4398273672,2026-06-08T14:13:56.294342+00:00
0,QA Engineer | Austria,linkedin,Software Quality Assurance Engineer (f/m/x),OMICRON electronics,"Fraxern, Vorarlberg, Austria",On-site,Full-time,,,English,,,Recent,https://at.linkedin.com/jobs/view/software-quality-assurance-engineer-f-m-x-at-omicron-electronics-4417045573,2026-06-08T14:13:56.294611+00:00
0,QA Engineer | Austria,linkedin,QA Engineer (m/w/d),Axess,"Anif, Salzburg, Austria",On-site,Full-time,,,English,,,Recent,https://at.linkedin.com/jobs/view/qa-engineer-m-w-d-at-axess-4415749739,2026-06-08T14:13:56.294743+00:00
0,QA Engineer | Austria,linkedin,QA Engineer @ Fluidtime,DEVjobs,"Vienna, Austria",On-site,Full-time,,,English,,,Recent,https://at.linkedin.com/jobs/view/qa-engineer-%40-fluidtime-at-devjobs-4422831231,2026-06-08T14:13:56.294868+00:00
0,QA Engineer | Austria,linkedin,Linux Quality Engineer (f/m/d),Mindbreeze,"Linz, Upper Austria, Austria",On-site,Full-time,,Linux,English,,,Recent,https://at.linkedin.com/jobs/view/linux-quality-engineer-f-m-d-at-mindbreeze-4391542765,2026-06-08T14:13:56.294990+00:00
0,QA Engineer | Switzerland,linkedin,QA Engineer – TOSCA H/F,Consort Group,"Lancy, Geneva, Switzerland",On-site,Full-time,,,English,,,Recent,https://ch.linkedin.com/jobs/view/qa-engineer-%E2%80%93-tosca-h-f-at-consort-group-4425086532,2026-06-08T14:13:58.708652+00:00
0,QA Engineer | Switzerland,linkedin,Playwright Test Automation Engineer,Sword Group,"Zurich, Zurich, Switzerland",On-site,Full-time,"Playwright, Test Automation",,English,,,Recent,https://ch.linkedin.com/jobs/view/playwright-test-automation-engineer-at-sword-group-4420917353,2026-06-08T14:13:58.708784+00:00
0,QA Engineer | Switzerland,linkedin,Quality Engineer,Corintis,"Lausanne, Vaud, Switzerland",On-site,Full-time,,,English,,,Recent,https://ch.linkedin.com/jobs/view/quality-engineer-at-corintis-4364248253,2026-06-08T14:13:58.709042+00:00
0,QA Engineer | Switzerland,linkedin,QA Automation Engineer – Web & E-Commerce Platforms (m/w/d),Rocken®,"Central Switzerland, Switzerland",On-site,Full-time,,,English,,,Recent,https://ch.linkedin.com/jobs/view/qa-automation-engineer-%E2%80%93-web-e-commerce-platforms-m-w-d-at-rocken%C2%AE-4424613148,2026-06-08T14:13:58.709324+00:00
0,QA Engineer | Switzerland,linkedin,Performance Test Engineer (M/W/D),Expleo Group,"Bern, Berne, Switzerland",On-site,Full-time,,,English,,,Recent,https://ch.linkedin.com/jobs/view/performance-test-engineer-m-w-d-at-expleo-group-4420608816,2026-06-08T14:13:58.709461+00:00
0,QA Engineer | Slovakia,linkedin,QA Engineer (Hybrid set up),Swiss Re,"Bratislava, Bratislava, Slovakia",Hybrid,Full-time,,,English,,,Recent,https://sk.linkedin.com/jobs/view/qa-engineer-hybrid-set-up-at-swiss-re-4409358923,2026-06-08T14:14:03.342789+00:00
0,QA Engineer | Slovakia,linkedin,Test Automation Engineer,Ohpen,"Bratislava, Slovakia",On-site,Full-time,Test Automation,,English,,,Recent,https://sk.linkedin.com/jobs/view/test-automation-engineer-at-ohpen-4416888228,2026-06-08T14:14:03.343065+00:00
0,QA Engineer | Slovakia,linkedin,Software Quality Engineer for MinebeaMitsumi development centre Košice (m/f/d),MinebeaMitsumi Europe,"Košice, Kosice, Slovakia",On-site,Full-time,,,English,,,Recent,https://sk.linkedin.com/jobs/view/software-quality-engineer-for-minebeamitsumi-development-centre-ko%C5%A1ice-m-f-d-at-minebeamitsumi-europe-4414528946,2026-06-08T14:14:03.343200+00:00
0,QA Engineer | Slovakia,linkedin,Software Test Engineer - Salesforce,Caterpillar Inc.,"Košice, Kosice, Slovakia",On-site,Full-time,,,English,,,Recent,https://sk.linkedin.com/jobs/view/software-test-engineer-salesforce-at-caterpillar-inc-4414930432,2026-06-08T14:14:03.343353+00:00
0,QA Engineer | Slovakia,linkedin,Software Test Engineer for MinebeaMitsumi development centre Košice (m/f/d),MinebeaMitsumi Europe,"Košice, Kosice, Slovakia",On-site,Full-time,,,English,,,Recent,https://sk.linkedin.com/jobs/view/software-test-engineer-for-minebeamitsumi-development-centre-ko%C5%A1ice-m-f-d-at-minebeamitsumi-europe-4414534793,2026-06-08T14:14:03.343488+00:00
0,QA Engineer | Slovakia,linkedin,Test Automation Engineer,Avenga,"Bratislava, Bratislava, Slovakia",On-site,Full-time,Test Automation,,English,,,Recent,https://sk.linkedin.com/jobs/view/test-automation-engineer-at-avenga-4331424496,2026-06-08T14:14:03.343626+00:00
0,QA Engineer | Czech Republic,linkedin,Software Development Engineer in Test,Origami Risk,"Santo Domingo, Distrito Nacional, Dominican Republic",On-site,Full-time,,,English,,,Recent,https://do.linkedin.com/jobs/view/software-development-engineer-in-test-at-origami-risk-4390621348,2026-06-08T14:14:05.787451+00:00
0,QA Engineer | Czech Republic,linkedin,"Quality Automation Engineer (Santo Domingo, DO)",Parking Network B.V.,"Santo Domingo, Distrito Nacional, Dominican Republic",On-site,Full-time,,,English,,,Recent,https://do.linkedin.com/jobs/view/quality-automation-engineer-santo-domingo-do-at-parking-network-b-v-4419895183,2026-06-08T14:14:05.787711+00:00
0,QA Engineer | Czech Republic,linkedin,Quality Engineer II,Integer Holdings Corporation,"Santo Domingo, Distrito Nacional, Dominican Republic",On-site,Full-time,,,English,,,Recent,https://do.linkedin.com/jobs/view/quality-engineer-ii-at-integer-holdings-corporation-4414640210,2026-06-08T14:14:05.787843+00:00
0,QA Engineer | Poland,linkedin,QA Engineer,Aristocrat,"Warsaw, Mazowieckie, Poland",On-site,Full-time,,,English,,,Recent,https://pl.linkedin.com/jobs/view/qa-engineer-at-aristocrat-4422528678,2026-06-08T14:14:08.250809+00:00
0,QA Engineer | Poland,linkedin,QA Engineer,Develocraft,"Gdańsk, Pomorskie, Poland",On-site,Full-time,,,English,,,Recent,https://pl.linkedin.com/jobs/view/qa-engineer-at-develocraft-4412757974,2026-06-08T14:14:08.250944+00:00
0,QA Engineer | Poland,linkedin,Quality Engineer,Penta Consulting,Gdansk Metropolitan Area,On-site,Full-time,,,English,,,Recent,https://pl.linkedin.com/jobs/view/quality-engineer-at-penta-consulting-4421856798,2026-06-08T14:14:08.251082+00:00
0,QA Engineer | Poland,linkedin,QA Engineer,Luxoft Poland,"Warsaw, Mazowieckie, Poland",On-site,Full-time,,,English,,,Recent,https://pl.linkedin.com/jobs/view/qa-engineer-at-luxoft-poland-4414568356,2026-06-08T14:14:08.251212+00:00
0,QA Engineer | Poland,linkedin,Manual Web QA Engineer,Luxoft,"Wrocław, Dolnośląskie, Poland",On-site,Full-time,,,English,,,Recent,https://pl.linkedin.com/jobs/view/manual-web-qa-engineer-at-luxoft-4414227322,2026-06-08T14:14:08.251356+00:00
0,QA Engineer | Poland,linkedin,QA Engineer (f/m),"DTP, Digital Technology Poland, Member of Friedhelm Loh Group","Cieszyn, Śląskie, Poland",On-site,Full-time,,,English,,,Recent,https://pl.linkedin.com/jobs/view/qa-engineer-f-m-at-dtp-digital-technology-poland-member-of-friedhelm-loh-group-4415282941,2026-06-08T14:14:08.251489+00:00
0,QA Engineer | Poland,linkedin,Quality Assurance Engineer (QA),Tickmill,"Warsaw, Mazowieckie, Poland",On-site,Full-time,,,English,,,Recent,https://pl.linkedin.com/jobs/view/quality-assurance-engineer-qa-at-tickmill-4385011025,2026-06-08T14:14:08.251629+00:00
0,QA Engineer | Poland,linkedin,Quality Engineer,hyperexponential,"Warsaw, Mazowieckie, Poland",On-site,Full-time,,,English,,,Recent,https://pl.linkedin.com/jobs/view/quality-engineer-at-hyperexponential-4413589433,2026-06-08T14:14:08.251751+00:00
0,QA Engineer | Poland,linkedin,SQA Engineer 2,Brightstar Lottery,"Warsaw, Mazowieckie, Poland",On-site,Full-time,,,English,,,Recent,https://pl.linkedin.com/jobs/view/sqa-engineer-2-at-brightstar-lottery-4414477800,2026-06-08T14:14:08.251871+00:00
0,QA Engineer | USA,linkedin,QA Engineer,Boom,"Austin, TX",On-site,Full-time,,,English,,,Recent,https://www.linkedin.com/jobs/view/qa-engineer-at-boom-4413360961,2026-06-08T14:14:10.839562+00:00
0,QA Engineer | USA,linkedin,QA Engineer,401GO,"Sandy, UT",On-site,Full-time,,,English,,,Recent,https://www.linkedin.com/jobs/view/qa-engineer-at-401go-4422191887,2026-06-08T14:14:10.839694+00:00
0,QA Engineer | USA,linkedin,QA Automation Engineer,Integrity,"Omaha, NE",On-site,Full-time,,,English,,,Recent,https://www.linkedin.com/jobs/view/qa-automation-engineer-at-integrity-4414680892,2026-06-08T14:14:10.839821+00:00
0,QA Engineer | USA,linkedin,Quality Engineer,EPAM Systems,"Fort Collins, CO",On-site,Full-time,,,English,,,Recent,https://www.linkedin.com/jobs/view/quality-engineer-at-epam-systems-4409272132,2026-06-08T14:14:10.839949+00:00
0,QA Engineer | USA,linkedin,Test Engineer,Securitas Technology,"Fishers, IN",On-site,Full-time,,,English,,,Recent,https://www.linkedin.com/jobs/view/test-engineer-at-securitas-technology-4399458125,2026-06-08T14:14:10.840076+00:00
0,QA Engineer | USA,linkedin,SQA Engineer,"Arrow International, Inc.","Las Vegas, NV",On-site,Internship,,,English,,,Recent,https://www.linkedin.com/jobs/view/sqa-engineer-at-arrow-international-inc-4404214741,2026-06-08T14:14:10.840202+00:00
0,QA Engineer | USA,linkedin,Quality Assurance Engineer,Aviture,"Omaha, NE",On-site,Full-time,,,English,,,Recent,https://www.linkedin.com/jobs/view/quality-assurance-engineer-at-aviture-4418950090,2026-06-08T14:14:10.840346+00:00
0,QA Engineer | USA,linkedin,QA Engineer,"IDR, Inc.","Austin, TX",On-site,Full-time,,,English,,,Recent,https://www.linkedin.com/jobs/view/qa-engineer-at-idr-inc-4422404433,2026-06-08T14:14:10.840481+00:00
0,QA Engineer | USA,linkedin,Software Quality Engineer,Space Dynamics Laboratory,"North Logan, UT",On-site,Full-time,,,English,,,Recent,https://www.linkedin.com/jobs/view/software-quality-engineer-at-space-dynamics-laboratory-4424452110,2026-06-08T14:14:10.840604+00:00
0,QA Engineer | United Kingdom,linkedin,QA Engineer,Aurum Solutions,"Reading, England, United Kingdom",On-site,Full-time,,,English,,,Recent,https://uk.linkedin.com/jobs/view/qa-engineer-at-aurum-solutions-4410643312,2026-06-08T14:14:13.407272+00:00
0,QA Engineer | United Kingdom,linkedin,QA Engineer II (AI-Powered),Planet DDS,"Glasgow, Scotland, United Kingdom",On-site,Full-time,,,English,,,Recent,https://uk.linkedin.com/jobs/view/qa-engineer-ii-ai-powered-at-planet-dds-4387899796,2026-06-08T14:14:13.407406+00:00
0,QA Engineer | United Kingdom,linkedin,Software QA Engineer,Halliburton,"Abingdon-On-Thames, England, United Kingdom",On-site,Full-time,,,English,,,Recent,https://uk.linkedin.com/jobs/view/software-qa-engineer-at-halliburton-4423907933,2026-06-08T14:14:13.407535+00:00
0,QA Engineer | United Kingdom,linkedin,Quality Assurance Engineer,Nine Twenty Recruitment,Greater Edinburgh Area,On-site,Full-time,,,English,,,Recent,https://uk.linkedin.com/jobs/view/quality-assurance-engineer-at-nine-twenty-recruitment-4415616393,2026-06-08T14:14:13.407666+00:00
0,QA Engineer | United Kingdom,linkedin,Quality Engineer,Centrica,"Windsor, England, United Kingdom",On-site,Full-time,,,English,,,Recent,https://uk.linkedin.com/jobs/view/quality-engineer-at-centrica-4414753707,2026-06-08T14:14:13.407790+00:00
0,QA Engineer | United Kingdom,linkedin,Test Automation Engineer,Motorola Solutions,"Glasgow, Scotland, United Kingdom",On-site,Full-time,Test Automation,,English,,,Recent,https://uk.linkedin.com/jobs/view/test-automation-engineer-at-motorola-solutions-4417300637,2026-06-08T14:14:13.408042+00:00
0,QA Engineer | United Kingdom,linkedin,QA Engineer,Jacobs,"Glasgow, Scotland, United Kingdom",On-site,Full-time,,,English,,,Recent,https://uk.linkedin.com/jobs/view/qa-engineer-at-jacobs-4419913111,2026-06-08T14:14:13.408176+00:00
0,QA Engineer | United Kingdom,linkedin,Software Quality Engineer,OrganOx,"Oxford, England, United Kingdom",On-site,Full-time,,,English,,,Recent,https://uk.linkedin.com/jobs/view/software-quality-engineer-at-organox-4425490164,2026-06-08T14:14:13.408314+00:00
0,Test Engineer | Germany,linkedin,Ground Test Engineer,Helsing,"Munich, Bavaria, Germany",On-site,Full-time,,,English,,,Recent,https://de.linkedin.com/jobs/view/ground-test-engineer-at-helsing-4419278468,2026-06-08T14:14:15.936987+00:00
0,Test Engineer | Germany,linkedin,Testingenieur:in (m/w/d),SOA Experts GmbH,"Kiel, Schleswig-Holstein, Germany",On-site,Full-time,,,English,,,Recent,https://de.linkedin.com/jobs/view/testingenieur-in-m-w-d-at-soa-experts-gmbh-4376738910,2026-06-08T14:14:15.937147+00:00
0,Test Engineer | Germany,linkedin,Test Validation Engineer,Optimus Search,"Erlangen, Bavaria, Germany",On-site,Full-time,,,English,,,Recent,https://de.linkedin.com/jobs/view/test-validation-engineer-at-optimus-search-4417918476,2026-06-08T14:14:15.937296+00:00
0,Test Engineer | Germany,linkedin,Hardware Test Engineer (all gender),ALTEN Germany,"Karlsruhe, Baden-Württemberg, Germany",On-site,Full-time,,,English,,,Recent,https://de.linkedin.com/jobs/view/hardware-test-engineer-all-gender-at-alten-germany-4414091512,2026-06-08T14:14:15.937427+00:00
0,Test Engineer | Germany,linkedin,Test Engineer (m/f/d) - Fernride GmbH,Quantum Systems,"Munich, Bavaria, Germany",On-site,Full-time,,,English,,,Recent,https://de.linkedin.com/jobs/view/test-engineer-m-f-d-fernride-gmbh-at-quantum-systems-4422005510,2026-06-08T14:14:15.937682+00:00
0,Test Engineer | Germany,linkedin,Robotics Test Engineer (m/f/d) - Quality & Safety,Agile Robots SE,"Munich, Bavaria, Germany",On-site,Full-time,,Agile,English,,,Recent,https://de.linkedin.com/jobs/view/robotics-test-engineer-m-f-d-quality-safety-at-agile-robots-se-4413316055,2026-06-08T14:14:15.937807+00:00
0,Test Engineer | Germany,linkedin,Test Engineer — Dexterous Humanoid Hand (Mensch),NEURA Robotics,"Munich, Bavaria, Germany",On-site,Full-time,,,English,,,Recent,https://de.linkedin.com/jobs/view/test-engineer-%E2%80%94-dexterous-humanoid-hand-mensch-at-neura-robotics-4422967280,2026-06-08T14:14:15.937937+00:00
0,Test Engineer | Germany,linkedin,Verification Engineer (100%),Belimo,"Großröhrsdorf, Saxony, Germany",Remote,Full-time,,R,English,,,Recent,https://de.linkedin.com/jobs/view/verification-engineer-100%25-at-belimo-4406533527,2026-06-08T14:14:15.938086+00:00
0,Test Engineer | Germany,linkedin,IoT Test Engineer (all gender),ALTEN Germany,"Kaufering, Bavaria, Germany",On-site,Full-time,,,English,,,Recent,https://de.linkedin.com/jobs/view/iot-test-engineer-all-gender-at-alten-germany-4408814107,2026-06-08T14:14:15.938218+00:00
0,Test Engineer | Austria,linkedin,Test Engineer (all genders),Lam Research,"Villach, Carinthia, Austria",On-site,Full-time,,,English,,,Recent,https://at.linkedin.com/jobs/view/test-engineer-all-genders-at-lam-research-4415913911,2026-06-08T14:14:18.366020+00:00
0,Test Engineer | Austria,linkedin,Test Development Engineer (m/f/d),go-e,"Feldkirchen, Carinthia, Austria",On-site,Full-time,Go,,English,,,Recent,https://at.linkedin.com/jobs/view/test-development-engineer-m-f-d-at-go-e-4418825297,2026-06-08T14:14:18.366189+00:00
0,Test Engineer | Austria,linkedin,Developer:in Test Engineering (M/F/D)*,TGW Logistics,"Wels, Upper Austria, Austria",On-site,Full-time,,,English,,,Recent,https://at.linkedin.com/jobs/view/developer-in-test-engineering-m-f-d-at-tgw-logistics-4413339447,2026-06-08T14:14:18.366348+00:00
0,Test Engineer | Austria,linkedin,Test Development Engineer (m/f/d),go-e,"Feldkirchen in Kärnten, Carinthia, Austria",On-site,Full-time,Go,,English,,,Recent,https://at.linkedin.com/jobs/view/test-development-engineer-m-f-d-at-go-e-4419951636,2026-06-08T14:14:18.366481+00:00
0,Test Engineer | Austria,linkedin,Test Engineer (m/w/d),TE Connectivity,"Waidhofen an der Thaya, Lower Austria, Austria",On-site,Full-time,,,German,,,Recent,https://at.linkedin.com/jobs/view/test-engineer-m-w-d-at-te-connectivity-4405108937,2026-06-08T14:14:18.366618+00:00
0,Test Engineer | Austria,linkedin,Qualification & Test Engineer f/m/d,Besi Austria GmbH,"Radfeld, Tyrol, Austria",On-site,Full-time,,,English,,,Recent,https://at.linkedin.com/jobs/view/qualification-test-engineer-f-m-d-at-besi-austria-gmbh-4419522826,2026-06-08T14:14:18.366876+00:00
0,Test Engineer | Austria,linkedin,Production Test Automation Engineer (m/w/d),Vusion,"Fernitz-Mellach, Styria, Austria",On-site,Full-time,Test Automation,,English,,,Recent,https://at.linkedin.com/jobs/view/production-test-automation-engineer-m-w-d-at-vusion-4404740123,2026-06-08T14:14:18.367140+00:00
0,Test Engineer | Austria,linkedin,Entwickler:in Test Engineering (M/W/D)*,TGW Logistics,"Wels, Upper Austria, Austria",On-site,Full-time,,,English,,,Recent,https://at.linkedin.com/jobs/view/entwickler-in-test-engineering-m-w-d-at-tgw-logistics-4398411522,2026-06-08T14:14:18.367278+00:00
0,Test Engineer | Switzerland,linkedin,Test Engineer (w/m) 100% - Hybrid,Franke Group,"Aarburg, Aargau, Switzerland",Remote,Full-time,,,English,,,Recent,https://ch.linkedin.com/jobs/view/test-engineer-w-m-100%25-hybrid-at-franke-group-4418679442,2026-06-08T14:14:20.770395+00:00
0,Test Engineer | Switzerland,linkedin,Field Test Engineer,iXceed Solutions,"Lausanne, Vaud, Switzerland",On-site,Full-time,,,English,,,Recent,https://ch.linkedin.com/jobs/view/field-test-engineer-at-ixceed-solutions-4425472051,2026-06-08T14:14:20.770706+00:00
0,Test Engineer | Switzerland,linkedin,Test and Verification Engineer 80 - 100%,maxon,"Sachseln, Obwalden, Switzerland",Remote,Full-time,,,English,,,Recent,https://ch.linkedin.com/jobs/view/test-and-verification-engineer-80-100%25-at-maxon-4423901307,2026-06-08T14:14:20.770837+00:00
0,Test Engineer | Switzerland,linkedin,Testentwickler*in (m/w/d),Viega Deutschland,"Chur, Graubünden, Switzerland",On-site,Full-time,,,English,,,Recent,https://ch.linkedin.com/jobs/view/testentwickler-in-m-w-d-at-viega-deutschland-4423906654,2026-06-08T14:14:20.771619+00:00
0,Test Engineer | Slovakia,linkedin,Embedded Test Automation Engineer,Ciklum Czech Republic & Slovakia,"Bratislava, Slovakia",On-site,Full-time,Test Automation,,English,,,Recent,https://sk.linkedin.com/jobs/view/embedded-test-automation-engineer-at-ciklum-czech-republic-slovakia-4416687827,2026-06-08T14:14:25.470252+00:00
0,Test Engineer | Slovakia,linkedin,Test Engineer Electronics,Brose Group,"Horná Štefanovičová, Nitra Region, Slovakia",On-site,Full-time,,,English,,,Recent,https://sk.linkedin.com/jobs/view/test-engineer-electronics-at-brose-group-4419242875,2026-06-08T14:14:25.470573+00:00
0,Test Engineer | Slovakia,linkedin,Testing Engineer - Commisioning,Schaeffler,"Kysucké Nové Mesto, Zilina, Slovakia",On-site,Full-time,,,English,,,Recent,https://sk.linkedin.com/jobs/view/testing-engineer-commisioning-at-schaeffler-4370529030,2026-06-08T14:14:25.471132+00:00
0,Test Engineer | Slovakia,linkedin,Controller-Tester,Vertiv,"Nové Mesto nad Váhom, Trenciansky, Slovakia",On-site,Full-time,,,English,,,Recent,https://sk.linkedin.com/jobs/view/controller-tester-at-vertiv-4372140512,2026-06-08T14:14:25.471417+00:00
0,Test Engineer | Slovakia,linkedin,Reliability Testing Engineer for MinebeaMitsumi development centre Košice (m/f/d),MinebeaMitsumi Europe,"Košice, Kosice, Slovakia",On-site,Full-time,,,English,,,Recent,https://sk.linkedin.com/jobs/view/reliability-testing-engineer-for-minebeamitsumi-development-centre-ko%C5%A1ice-m-f-d-at-minebeamitsumi-europe-4424144090,2026-06-08T14:14:25.471557+00:00
0,Test Engineer | Czech Republic,linkedin,Data Validation Engineer,Lumenalta,Dominican Republic,On-site,Full-time,,,English,,,Recent,https://do.linkedin.com/jobs/view/data-validation-engineer-at-lumenalta-4425483572,2026-06-08T14:14:27.850699+00:00
0,Test Engineer | Poland,linkedin,Test Engineer,Demant Polska,"Mierzyn, Zachodniopomorskie, Poland",On-site,Full-time,,,English,,,Recent,https://pl.linkedin.com/jobs/view/test-engineer-at-demant-polska-4383224400,2026-06-08T14:14:30.325319+00:00
0,Test Engineer | Poland,linkedin,Test Engineer - Energy Storage Systems,Lyten,"Gdańsk, Pomorskie, Poland",On-site,Full-time,,,English,,,Recent,https://pl.linkedin.com/jobs/view/test-engineer-energy-storage-systems-at-lyten-4424239363,2026-06-08T14:14:30.325490+00:00
0,Test Engineer | Poland,linkedin,"System Test Engineer (m/f) - Kraków (Małopolskie), Polska",Astek,"Cracow, Małopolskie, Poland",On-site,Full-time,,,English,,,Recent,https://pl.linkedin.com/jobs/view/system-test-engineer-m-f-krak%C3%B3w-ma%C5%82opolskie-polska-at-astek-4402458105,2026-06-08T14:14:30.325634+00:00
0,Test Engineer | Poland,linkedin,Test Engineer / Inżynier Testu,NES Fircroft,Warsaw Metropolitan Area,On-site,Full-time,,,English,,,Recent,https://pl.linkedin.com/jobs/view/test-engineer-in%C5%BCynier-testu-at-nes-fircroft-4412114229,2026-06-08T14:14:30.325778+00:00
0,Test Engineer | Poland,linkedin,Test Engineer,Securitas Security Services Europe,"Warszawa, Wielkopolskie, Poland",On-site,Full-time,,,English,,,Recent,https://pl.linkedin.com/jobs/view/test-engineer-at-securitas-security-services-europe-4420430586,2026-06-08T14:14:30.325912+00:00
0,Test Engineer | Poland,linkedin,Test Engineer,voestalpine,"Sopot, Pomorskie, Poland",On-site,Full-time,,,English,,,Recent,https://pl.linkedin.com/jobs/view/test-engineer-at-voestalpine-4422914878,2026-06-08T14:14:30.326041+00:00
0,Test Engineer | Poland,linkedin,Inżynier Testu (k/m),Jabil,"Kwidzyń, Pomorskie, Poland",On-site,Full-time,,,English,,,Recent,https://pl.linkedin.com/jobs/view/in%C5%BCynier-testu-k-m-at-jabil-4418272195,2026-06-08T14:14:30.326168+00:00
0,Test Engineer | Poland,linkedin,Test Engineer- Manual 4G/5G - Tieto Tech Consulting (m/f/d),Tieto,"Szczecin, Zachodniopomorskie, Poland",On-site,Full-time,,,English,,,Recent,https://pl.linkedin.com/jobs/view/test-engineer-manual-4g-5g-tieto-tech-consulting-m-f-d-at-tieto-4392107038,2026-06-08T14:14:30.326315+00:00
0,Test Engineer | Poland,linkedin,System Test Engineer (Mid),BorgWarner,"Cracow, Małopolskie, Poland",On-site,Full-time,,,English,,,Recent,https://pl.linkedin.com/jobs/view/system-test-engineer-mid-at-borgwarner-4379675644,2026-06-08T14:14:30.326450+00:00
0,Test Engineer | Poland,linkedin,Test Automation Engineer,Demant Polska,"Mierzyn, Zachodniopomorskie, Poland",On-site,Full-time,Test Automation,,English,,,Recent,https://pl.linkedin.com/jobs/view/test-automation-engineer-at-demant-polska-4385276370,2026-06-08T14:14:30.326586+00:00
0,Test Engineer | USA,linkedin,Test Engineer,AV,"West Valley City, UT",On-site,Full-time,,,English,,,Recent,https://www.linkedin.com/jobs/view/test-engineer-at-av-4414941806,2026-06-08T14:14:32.913850+00:00
0,Test Engineer | USA,linkedin,Test Engineer,SRAM,"Colorado Springs, CO",On-site,Full-time,,,English,,,Recent,https://www.linkedin.com/jobs/view/test-engineer-at-sram-4419511205,2026-06-08T14:14:32.914012+00:00
0,Test Engineer | USA,linkedin,Test Engineer,Watkins Wellness,"Vista, CA",On-site,Full-time,,,English,,,Recent,https://www.linkedin.com/jobs/view/test-engineer-at-watkins-wellness-4404558158,2026-06-08T14:14:32.914141+00:00
0,Test Engineer | USA,linkedin,Test Engineer,Teledyne Technologies Incorporated,"Goleta, CA",On-site,Full-time,,,English,,,Recent,https://www.linkedin.com/jobs/view/test-engineer-at-teledyne-technologies-incorporated-4411509581,2026-06-08T14:14:32.914283+00:00
0,Test Engineer | USA,linkedin,Test Engineer II,Frontgrade Technologies,"York, PA",On-site,Full-time,,,English,,,Recent,https://www.linkedin.com/jobs/view/test-engineer-ii-at-frontgrade-technologies-4420905639,2026-06-08T14:14:32.914413+00:00
0,Test Engineer | USA,linkedin,Systems Test Engineer,Allen Control Systems,"Austin, TX",On-site,Full-time,,,English,,,Recent,https://www.linkedin.com/jobs/view/systems-test-engineer-at-allen-control-systems-4402186495,2026-06-08T14:14:32.914542+00:00
0,Test Engineer | USA,linkedin,"Test Engineer / Lufkin, TX",Lockheed Martin,"Lufkin, TX",On-site,Full-time,,,English,,,Recent,https://www.linkedin.com/jobs/view/test-engineer-lufkin-tx-at-lockheed-martin-4422131020,2026-06-08T14:14:32.914675+00:00
0,Test Engineer | USA,linkedin,Systems Test Engineer,Husqvarna Group,"North Salt Lake, UT",On-site,Full-time,,,English,,,Recent,https://www.linkedin.com/jobs/view/systems-test-engineer-at-husqvarna-group-4417216975,2026-06-08T14:14:32.914802+00:00
0,Test Engineer | USA,linkedin,Test Engineer,Autoliv,"Brigham City, UT",On-site,Full-time,,,English,,,Recent,https://www.linkedin.com/jobs/view/test-engineer-at-autoliv-4423969154,2026-06-08T14:14:32.914931+00:00
0,Test Engineer | USA,linkedin,"Reliability Test Engineer, Energy",Tesla,"Buffalo, NY",On-site,Full-time,,,English,,,Recent,https://www.linkedin.com/jobs/view/reliability-test-engineer-energy-at-tesla-4419128254,2026-06-08T14:14:32.915059+00:00
0,Test Engineer | United Kingdom,linkedin,Junior Test Engineer,Schneider Electric,"Plymouth, England, United Kingdom",On-site,Full-time,,Junior,English,,,Recent,https://uk.linkedin.com/jobs/view/junior-test-engineer-at-schneider-electric-4415068432,2026-06-08T14:14:35.453578+00:00
0,Test Engineer | United Kingdom,linkedin,Test Engineer,Legrand,"Bedford, England, United Kingdom",On-site,Full-time,,,English,,,Recent,https://uk.linkedin.com/jobs/view/test-engineer-at-legrand-4419419859,2026-06-08T14:14:35.453749+00:00
0,Test Engineer | United Kingdom,linkedin,Test Engineer,Futura Design,"Gaydon, England, United Kingdom",On-site,Full-time,,,English,,,Recent,https://uk.linkedin.com/jobs/view/test-engineer-at-futura-design-4421575351,2026-06-08T14:14:35.454009+00:00
0,Test Engineer | United Kingdom,linkedin,Test Engineer,Morgan Ryder,"Newcastle-Under-Lyme, England, United Kingdom",On-site,Full-time,,,English,,,Recent,https://uk.linkedin.com/jobs/view/test-engineer-at-morgan-ryder-4414595667,2026-06-08T14:14:35.454133+00:00
0,Test Engineer | United Kingdom,linkedin,Automation Test Engineer,Turntide Technologies,"Gateshead, England, United Kingdom",On-site,Full-time,,,English,,,Recent,https://uk.linkedin.com/jobs/view/automation-test-engineer-at-turntide-technologies-4419501473,2026-06-08T14:14:35.454329+00:00
0,Test Engineer | United Kingdom,linkedin,Test Engineer,Leonardo,"Edinburgh, Scotland, United Kingdom",On-site,Full-time,,,English,,,Recent,https://uk.linkedin.com/jobs/view/test-engineer-at-leonardo-4294611436,2026-06-08T14:14:35.454463+00:00
0,Test Engineer | United Kingdom,linkedin,"Test and Quality Engineer (Newry, Northern Ireland)",Resonate Testing Ltd,"Newry, Northern Ireland, United Kingdom",On-site,Full-time,,,English,,,Recent,https://uk.linkedin.com/jobs/view/test-and-quality-engineer-newry-northern-ireland-at-resonate-testing-ltd-4362388874,2026-06-08T14:14:35.454712+00:00
0,Test Engineer | United Kingdom,linkedin,Test Engineer,Trant Engineering Ltd,"Southampton, England, United Kingdom",On-site,Full-time,,,English,,,Recent,https://uk.linkedin.com/jobs/view/test-engineer-at-trant-engineering-ltd-4418163326,2026-06-08T14:14:35.454841+00:00
0,Testingenieur | Germany,linkedin,Testingenieur (m/w/d),FERCHAU,"Lübeck, Schleswig-Holstein, Germany",On-site,Full-time,,,English,,,Recent,https://de.linkedin.com/jobs/view/testingenieur-m-w-d-at-ferchau-4374074902,2026-06-08T14:14:37.992109+00:00
0,Testingenieur | Germany,linkedin,Testingenieur (m/w/d),FERCHAU,"Stuttgart, Baden-Württemberg, Germany",On-site,Full-time,,,English,,,Recent,https://de.linkedin.com/jobs/view/testingenieur-m-w-d-at-ferchau-4374091588,2026-06-08T14:14:37.992299+00:00
0,Testingenieur | Germany,linkedin,Mitarbeiter Testing (m/w/d),Schmitz Cargobull AG,"Münster, North Rhine-Westphalia, Germany",On-site,Full-time,,Associate,English,,,Recent,https://de.linkedin.com/jobs/view/mitarbeiter-testing-m-w-d-at-schmitz-cargobull-ag-4401734391,2026-06-08T14:14:37.992435+00:00
0,Testingenieur | Germany,linkedin,Software Test Engineer (w/m/d),TRUMPF,"Freiburg, Baden-Württemberg, Germany",On-site,Full-time,,,English,,,Recent,https://de.linkedin.com/jobs/view/software-test-engineer-w-m-d-at-trumpf-4391624960,2026-06-08T14:14:37.992566+00:00
0,Testingenieur | Germany,linkedin,System Test Engineer R-ESM (m/w/d),Saab,"Nuremberg, Bavaria, Germany",On-site,Full-time,,R,English,,,Recent,https://de.linkedin.com/jobs/view/system-test-engineer-r-esm-m-w-d-at-saab-4389917006,2026-06-08T14:14:37.992944+00:00
0,Testingenieur | Germany,linkedin,Testingenieur (m/w/d),Panasonic Industry Europe,"Ottobrunn, Bavaria, Germany",On-site,Full-time,,,English,,,Recent,https://de.linkedin.com/jobs/view/testingenieur-m-w-d-at-panasonic-industry-europe-4422005695,2026-06-08T14:14:37.993194+00:00
0,Testingenieur | Germany,linkedin,Testingenieur (m/w/d),Panasonic Europe,"Ottobrunn, Bavaria, Germany",On-site,Full-time,,,English,,,Recent,https://de.linkedin.com/jobs/view/testingenieur-m-w-d-at-panasonic-europe-4421205096,2026-06-08T14:14:37.993327+00:00
0,Testingenieur | Austria,linkedin,Testingenieur (w/m/x),BEKO Solutions GmbH,"Kufstein, Tyrol, Austria",On-site,Full-time,,,English,,,Recent,https://at.linkedin.com/jobs/view/testingenieur-w-m-x-at-beko-solutions-gmbh-4409794084,2026-06-08T14:14:40.539237+00:00
0,Testingenieur | Austria,linkedin,System Test Engineer (all genders),Frequentis,"Vienna, Austria",On-site,Full-time,,,English,,,Recent,https://at.linkedin.com/jobs/view/system-test-engineer-all-genders-at-frequentis-4406286811,2026-06-08T14:14:40.539520+00:00
0,Testingenieur | Austria,linkedin,Verification Engineer (m/w/d),Dedalus,"Vienna, Vienna, Austria",On-site,Full-time,,,English,,,Recent,https://at.linkedin.com/jobs/view/verification-engineer-m-w-d-at-dedalus-4377260704,2026-06-08T14:14:40.539771+00:00
0,Testingenieur | Austria,linkedin,System Test Engineer (all genders) - DE,Frequentis,"Vienna, Austria",On-site,Full-time,,,English,,,Recent,https://at.linkedin.com/jobs/view/system-test-engineer-all-genders-de-at-frequentis-4407830835,2026-06-08T14:14:40.539895+00:00
0,Testingenieur | Switzerland,linkedin,Testingenieur Technisches Labor (w/m/d) 100% - Schaerer AG,Groupe SEB,"Solothurn, Solothurn, Switzerland",Remote,Full-time,,,English,,,Recent,https://ch.linkedin.com/jobs/view/testingenieur-technisches-labor-w-m-d-100%25-schaerer-ag-at-groupe-seb-4418175565,2026-06-08T14:14:43.119978+00:00
0,Testingenieur | Slovakia,linkedin,QA Engineer / Test Analyst (German-speaking projects) (m/f),PwC Slovakia,"Bratislava, Bratislava, Slovakia",On-site,Contract,,,English,,,Recent,https://sk.linkedin.com/jobs/view/qa-engineer-test-analyst-german-speaking-projects-m-f-at-pwc-slovakia-4424234846,2026-06-08T14:14:47.927745+00:00
0,Testingenieur | Poland,linkedin,TEST ENGINEER with German,Atos,"Wrocław, Dolnośląskie, Poland",On-site,Full-time,,,English,,,Recent,https://pl.linkedin.com/jobs/view/test-engineer-with-german-at-atos-4352209839,2026-06-08T14:14:52.861859+00:00
0,Testingenieur | Poland,linkedin,Test&Validation Engineer (M/F/D),Valeo,"Czechowice-Dziedzice, Śląskie, Poland",On-site,Full-time,,,English,,,Recent,https://pl.linkedin.com/jobs/view/test-validation-engineer-m-f-d-at-valeo-4362375870,2026-06-08T14:14:52.862884+00:00
0,Testingenieur | Poland,linkedin,Validation Engineer,Pentangle Tech Services | P5 Group,Poland,On-site,Full-time,,,English,,,Recent,https://pl.linkedin.com/jobs/view/validation-engineer-at-pentangle-tech-services-p5-group-4422952777,2026-06-08T14:14:52.863014+00:00
0,Testingenieur | Poland,linkedin,Test Engineer - Manual 4G/5G - Tieto Tech Consulting (m/f/d),Tieto,"Wrocław, Dolnośląskie, Poland",On-site,Full-time,,,English,,,Recent,https://pl.linkedin.com/jobs/view/test-engineer-manual-4g-5g-tieto-tech-consulting-m-f-d-at-tieto-4391895836,2026-06-08T14:14:52.863134+00:00
0,Testingenieur | USA,linkedin,"Test Engineer, Vehicle",Tesla,"Fremont, CA",On-site,Full-time,,,English,,,Recent,https://www.linkedin.com/jobs/view/test-engineer-vehicle-at-tesla-4419127292,2026-06-08T14:14:55.463958+00:00
0,Testingenieur | USA,linkedin,"Test Engineer, Self-Driving",Tesla,"Palo Alto, CA",On-site,Full-time,,,English,,,Recent,https://www.linkedin.com/jobs/view/test-engineer-self-driving-at-tesla-4419561633,2026-06-08T14:14:55.464123+00:00
0,Testingenieur | USA,linkedin,Test Engineer,Toyota Material Handling,"Greene, NY",On-site,Full-time,,,English,,,Recent,https://www.linkedin.com/jobs/view/test-engineer-at-toyota-material-handling-4393954813,2026-06-08T14:14:55.464270+00:00
0,Testingenieur | USA,linkedin,Test Engineer,Overland AI,"Seattle, WA",On-site,Full-time,,,English,,,Recent,https://www.linkedin.com/jobs/view/test-engineer-at-overland-ai-4329858556,2026-06-08T14:14:55.464400+00:00
0,Testingenieur | USA,linkedin,System Test Engineer,Zoox,"Foster City, CA",On-site,Full-time,,,English,,,Recent,https://www.linkedin.com/jobs/view/system-test-engineer-at-zoox-4358400752,2026-06-08T14:14:55.464527+00:00
0,Testingenieur | USA,linkedin,System Test Engineer,Luxoft,"Troy, MI",On-site,Full-time,,,English,,,Recent,https://www.linkedin.com/jobs/view/system-test-engineer-at-luxoft-4417741066,2026-06-08T14:14:55.464650+00:00
0,Testingenieur | USA,linkedin,Regular System Test Engineer,Luxoft,"Troy, MI",On-site,Full-time,,,English,,,Recent,https://www.linkedin.com/jobs/view/regular-system-test-engineer-at-luxoft-4412934195,2026-06-08T14:14:55.464771+00:00
0,Testingenieur | USA,linkedin,Firmware Test Engineer,Lyft,"San Francisco County, CA",On-site,Full-time,Firmware,,English,,,Recent,https://www.linkedin.com/jobs/view/firmware-test-engineer-at-lyft-4417776592,2026-06-08T14:14:55.464897+00:00
0,Testingenieur | USA,linkedin,Software Test Engineer,John Deere,"Torrance, CA",On-site,Full-time,,,English,,,Recent,https://www.linkedin.com/jobs/view/software-test-engineer-at-john-deere-4415003424,2026-06-08T14:14:55.465022+00:00
0,Testingenieur | USA,linkedin,Test Engineer,Aivres,"Milpitas, CA",On-site,Full-time,,,English,,,Recent,https://www.linkedin.com/jobs/view/test-engineer-at-aivres-4414769837,2026-06-08T14:14:55.465142+00:00
0,Testingenieur | United Kingdom,linkedin,Test Automation Engineer,Motorola Solutions,"Edinburgh, Scotland, United Kingdom",On-site,Full-time,Test Automation,,English,,,Recent,https://uk.linkedin.com/jobs/view/test-automation-engineer-at-motorola-solutions-4423555739,2026-06-08T14:14:58.037161+00:00
0,Testingenieur | United Kingdom,linkedin,Validation Engineer,Cirrus Logic,"Edinburgh, Scotland, United Kingdom",On-site,Full-time,,,English,,,Recent,https://uk.linkedin.com/jobs/view/validation-engineer-at-cirrus-logic-4361930320,2026-06-08T14:14:58.037442+00:00
0,Testingenieur | United Kingdom,linkedin,Test and Verification Engineer,Azenta Life Sciences,"Manchester, England, United Kingdom",On-site,Contract,,,English,,,Recent,https://uk.linkedin.com/jobs/view/test-and-verification-engineer-at-azenta-life-sciences-4317830274,2026-06-08T14:14:58.037692+00:00
0,Testingenieur | United Kingdom,linkedin,Graduate Design Test Engineer - Product & Device,NCR Atleos,"Dundee, Scotland, United Kingdom",On-site,Contract,Integration Testing,Graduate,English,,,Recent,https://uk.linkedin.com/jobs/view/graduate-design-test-engineer-product-device-at-ncr-atleos-4414752949,2026-06-08T14:14:58.037987+00:00
0,Test Automation | Germany,linkedin,Software Engineer in Test (Berlin),Cresta,"Berlin, Berlin, Germany",On-site,Contract,"Ai Agents, Can, Ci/Cd, Playwright, Typescript","Manual Testing, Cypress, Datadog, Grafana",English,,,Recent,https://de.linkedin.com/jobs/view/software-engineer-in-test-berlin-at-cresta-4343158227,2026-06-08T14:15:00.530686+00:00
0,Test Automation | Germany,linkedin,Test Automation Engineer (m/w/d) in Hamburg,HOYER Group,"Hamburg, Hamburg, Germany",Remote,Full-time,"C, Ci/Cd, Github Copilot, Javascript, Jenkins, Playwright, Test Automation","Oracle, Associate, R, Github, C#, Sql",German,,,Recent,https://de.linkedin.com/jobs/view/test-automation-engineer-m-w-d-in-hamburg-at-hoyer-group-4421151018,2026-06-08T14:15:00.530818+00:00
0,Test Automation | Germany,linkedin,Automated Software Tester (all genders),Avelios Medical,"Munich, Bavaria, Germany",On-site,Contract,"Playwright, Test Automation, Typescript",,English,,,Recent,https://de.linkedin.com/jobs/view/automated-software-tester-all-genders-at-avelios-medical-4361333022,2026-06-08T14:15:00.530943+00:00
0,Test Automation | Germany,linkedin,DevOps Engineer Test Automation (all genders),Philips,"Böblingen, Baden-Württemberg, Germany",Remote,Full-time,"Ci/Cd, Python, Shell, Test Automation","Linux, Scrum, R, Bdd, Devops",German,,,Recent,https://de.linkedin.com/jobs/view/devops-engineer-test-automation-all-genders-at-philips-4406219247,2026-06-08T14:15:00.531074+00:00
0,Test Automation | Germany,linkedin,Softwareentwickler Testautomation (m/w/x),ZEISS Group,"Jena, Thuringia, Germany",On-site,Full-time,"Ci/Cd, Test Automation","R, Devops",German,,,Recent,https://de.linkedin.com/jobs/view/softwareentwickler-testautomation-m-w-x-at-zeiss-group-4413408233,2026-06-08T14:15:00.531207+00:00
0,Test Automation | Germany,linkedin,Test Automation Engineer (all genders),valantic,"Magdeburg, Saxony-Anhalt, Germany",On-site,Full-time,Test Automation,,English,,,Recent,https://de.linkedin.com/jobs/view/test-automation-engineer-all-genders-at-valantic-4348327053,2026-06-08T14:15:00.531476+00:00
0,Test Automation | Austria,linkedin,Test Automation Engineer C# (m/f/x),ADMIRAL Technologies,"Vienna, Austria",On-site,Full-time,"C, Test Automation",C#,English,,,Recent,https://at.linkedin.com/jobs/view/test-automation-engineer-c%23-m-f-x-at-admiral-technologies-4417180490,2026-06-08T14:15:02.918176+00:00
0,Test Automation | Austria,linkedin,Test Automation Engineer (m/w/d),consourcive,"Vienna, Vienna, Austria",On-site,Full-time,Test Automation,,English,,,Recent,https://at.linkedin.com/jobs/view/test-automation-engineer-m-w-d-at-consourcive-4413950822,2026-06-08T14:15:02.918358+00:00
0,Test Automation | Austria,linkedin,"Software Engineer - Test Automation, 80-100% (f/m/x)",OMICRON electronics,"Fraxern, Vorarlberg, Austria",Remote,Full-time,Test Automation,,English,,,Recent,https://at.linkedin.com/jobs/view/software-engineer-test-automation-80-100%25-f-m-x-at-omicron-electronics-4419408563,2026-06-08T14:15:02.918754+00:00
0,Test Automation | Austria,linkedin,Test Automation Engineer (all genders) [Graz],adesso Austria GmbH,"Graz, Styria, Austria",On-site,Full-time,Test Automation,,English,,,Recent,https://at.linkedin.com/jobs/view/test-automation-engineer-all-genders-graz-at-adesso-austria-gmbh-4370389678,2026-06-08T14:15:02.918883+00:00
0,Test Automation | Austria,linkedin,Test Automation Engineer (all genders),Frequentis,"Vienna, Austria",On-site,Full-time,Test Automation,,English,,,Recent,https://at.linkedin.com/jobs/view/test-automation-engineer-all-genders-at-frequentis-4424212862,2026-06-08T14:15:02.919277+00:00
0,Test Automation | Slovakia,linkedin,Agile Test Engineer,ESET,"Bratislava, Bratislava, Slovakia",On-site,Full-time,,Agile,English,,,Recent,https://sk.linkedin.com/jobs/view/agile-test-engineer-at-eset-4405185637,2026-06-08T14:15:10.022941+00:00
0,Test Automation | Czech Republic,linkedin,Software Development Engineer in Test (SDET),Flash,"Santo Domingo, Distrito Nacional, Dominican Republic",On-site,Full-time,,,English,,,Recent,https://do.linkedin.com/jobs/view/software-development-engineer-in-test-sdet-at-flash-4391531625,2026-06-08T14:15:12.359591+00:00
0,Test Automation | Czech Republic,linkedin,Sr. SDET (Gaming Industry),Perform,Dominican Republic,On-site,Full-time,,,English,,,Recent,https://do.linkedin.com/jobs/view/sr-sdet-gaming-industry-at-perform-4362287427,2026-06-08T14:15:12.359966+00:00
0,Test Automation | Poland,linkedin,Mid Software Development Engineer in Test - (US working hours) (She/ He/ They),Capco,"Warsaw, Mazowieckie, Poland",On-site,Full-time,,,English,,,Recent,https://pl.linkedin.com/jobs/view/mid-software-development-engineer-in-test-us-working-hours-she-he-they-at-capco-4417777677,2026-06-08T14:15:14.937822+00:00
0,Test Automation | Poland,linkedin,Software Engineer in Test,Toyota Connected Europe,"Wrocław, Dolnośląskie, Poland",On-site,Full-time,,,English,,,Recent,https://pl.linkedin.com/jobs/view/software-engineer-in-test-at-toyota-connected-europe-4413049015,2026-06-08T14:15:14.937992+00:00
0,Test Automation | Poland,linkedin,Test Automation Engineer,Euroclear,"Cracow, Małopolskie, Poland",On-site,Full-time,Test Automation,,English,,,Recent,https://pl.linkedin.com/jobs/view/test-automation-engineer-at-euroclear-4401464092,2026-06-08T14:15:14.938138+00:00
0,Test Automation | Poland,linkedin,Quality Assurance Automation Engineer,Younium,"Krakowski, Małopolskie, Poland",On-site,Full-time,,,English,,,Recent,https://pl.linkedin.com/jobs/view/quality-assurance-automation-engineer-at-younium-4419808677,2026-06-08T14:15:14.938286+00:00
0,Test Automation | Poland,linkedin,Test Automation Engineer,ALTEN Polska,Gdansk Metropolitan Area,On-site,Full-time,Test Automation,,English,,,Recent,https://pl.linkedin.com/jobs/view/test-automation-engineer-at-alten-polska-4416623224,2026-06-08T14:15:14.938420+00:00
0,Test Automation | Poland,linkedin,QA Automation Engineer,Kramp,"Konin, Wielkopolskie, Poland",On-site,Full-time,,,English,,,Recent,https://pl.linkedin.com/jobs/view/qa-automation-engineer-at-kramp-4414669062,2026-06-08T14:15:14.938550+00:00
0,Test Automation | Poland,linkedin,Automation Tester,SimCorp,"Warsaw, Mazowieckie, Poland",On-site,Full-time,,,English,,,Recent,https://pl.linkedin.com/jobs/view/automation-tester-at-simcorp-4410999224,2026-06-08T14:15:14.938680+00:00
0,Test Automation | Poland,linkedin,Quality Engineer (AI & Automation),Younium,"Cracow, Małopolskie, Poland",On-site,Full-time,,,English,,,Recent,https://pl.linkedin.com/jobs/view/quality-engineer-ai-automation-at-younium-4414565014,2026-06-08T14:15:14.938806+00:00
0,Test Automation | Poland,linkedin,Test Automation Engineer (C#),Reply,"Katowice, Śląskie, Poland",On-site,Full-time,"C, Test Automation",C#,English,,,Recent,https://pl.linkedin.com/jobs/view/test-automation-engineer-c%23-at-reply-4417648059,2026-06-08T14:15:14.938936+00:00
0,Test Automation | Poland,linkedin,Test Automation Engineer II (Python/Java),OpenX,"Cracow, Małopolskie, Poland",On-site,Full-time,"Java, Python, Test Automation",,English,,,Recent,https://pl.linkedin.com/jobs/view/test-automation-engineer-ii-python-java-at-openx-4402945183,2026-06-08T14:15:14.939063+00:00
0,Test Automation | USA,linkedin,IT Analyst II - Test Automation Developer,State of Utah,"Salt Lake City, UT",On-site,Full-time,Test Automation,,English,,,Recent,https://www.linkedin.com/jobs/view/it-analyst-ii-test-automation-developer-at-state-of-utah-4420789542,2026-06-08T14:15:17.509706+00:00
0,Test Automation | USA,linkedin,"Platform Engineer, Automation",Dorsia,"New York, NY",On-site,Full-time,,,English,,,Recent,https://www.linkedin.com/jobs/view/platform-engineer-automation-at-dorsia-4418546475,2026-06-08T14:15:17.509867+00:00
0,Test Automation | USA,linkedin,Quality Assurance Automation Engineer,STG,Salt Lake City Metropolitan Area,On-site,Full-time,,,English,,,Recent,https://www.linkedin.com/jobs/view/quality-assurance-automation-engineer-at-stg-4384368563,2026-06-08T14:15:17.510179+00:00
0,Test Automation | USA,linkedin,Software Development Engineer in Test II,Sony Interactive Entertainment,"San Diego, CA",On-site,Full-time,,,English,,,Recent,https://www.linkedin.com/jobs/view/software-development-engineer-in-test-ii-at-sony-interactive-entertainment-4421197333,2026-06-08T14:15:17.510460+00:00
0,Test Automation | USA,linkedin,Software Development Engineer in Test II,Brain Corp,"San Diego, CA",On-site,Full-time,,,English,,,Recent,https://www.linkedin.com/jobs/view/software-development-engineer-in-test-ii-at-brain-corp-4406597359,2026-06-08T14:15:17.510587+00:00
0,Test Automation | USA,linkedin,Associate Test Automation Developer,Bath & Body Works,"Columbus, OH",On-site,Full-time,Test Automation,Associate,English,,,Recent,https://www.linkedin.com/jobs/view/associate-test-automation-developer-at-bath-body-works-4419953891,2026-06-08T14:15:17.510713+00:00
0,Test Automation | USA,linkedin,Quality Assurance Engineer,Prophetic,"Portland, OR",On-site,Full-time,,,English,,,Recent,https://www.linkedin.com/jobs/view/quality-assurance-engineer-at-prophetic-4424677558,2026-06-08T14:15:17.510844+00:00
0,Test Automation | USA,linkedin,SDET/QA Engineer,Curology,"San Diego, CA",On-site,Full-time,,,English,,,Recent,https://www.linkedin.com/jobs/view/sdet-qa-engineer-at-curology-4409943831,2026-06-08T14:15:17.510969+00:00
0,Test Automation | United Kingdom,linkedin,Test Automation Engineer,Version 1,"Belfast, Northern Ireland, United Kingdom",On-site,Full-time,Test Automation,,English,,,Recent,https://uk.linkedin.com/jobs/view/test-automation-engineer-at-version-1-4420105837,2026-06-08T14:15:20.064652+00:00
0,Test Automation | United Kingdom,linkedin,Test Engineer,Money and Pensions Service,"Bedford, England, United Kingdom",On-site,Full-time,,,English,,,Recent,https://uk.linkedin.com/jobs/view/test-engineer-at-money-and-pensions-service-4418253935,2026-06-08T14:15:20.064925+00:00
0,Test Automation | United Kingdom,linkedin,Test Automation Specialist,Persistent Systems,"Glasgow, Scotland, United Kingdom",On-site,Full-time,Test Automation,,English,,,Recent,https://uk.linkedin.com/jobs/view/test-automation-specialist-at-persistent-systems-4410160262,2026-06-08T14:15:20.065050+00:00
0,Test Automation | United Kingdom,linkedin,Software Development Engineer in Test,Royal London,"Alderley Edge, England, United Kingdom",On-site,Full-time,,,English,,,Recent,https://uk.linkedin.com/jobs/view/software-development-engineer-in-test-at-royal-london-4419194855,2026-06-08T14:15:20.065580+00:00
0,Python Developer | Germany,linkedin,"Software Engineer, Python",Engelhart,"Berlin, Berlin, Germany",On-site,Full-time,Python,,English,,,Recent,https://de.linkedin.com/jobs/view/software-engineer-python-at-engelhart-4417748171,2026-06-08T14:15:22.605231+00:00
0,Python Developer | Germany,linkedin,Python Engineer (m/w/d),SOA Experts GmbH,"Hamburg, Germany",On-site,Full-time,Python,,English,,,Recent,https://de.linkedin.com/jobs/view/python-engineer-m-w-d-at-soa-experts-gmbh-4415771641,2026-06-08T14:15:22.605410+00:00
0,Python Developer | Germany,linkedin,Software Engineer,Moody's Corporation,"Berlin, Berlin, Germany",On-site,Full-time,,,English,,,Recent,https://de.linkedin.com/jobs/view/software-engineer-at-moody-s-corporation-4409026625,2026-06-08T14:15:22.605544+00:00
0,Python Developer | Germany,linkedin,Back End Developer,Digital Waffle,"Berlin, Germany",On-site,Full-time,,,English,,,Recent,https://de.linkedin.com/jobs/view/back-end-developer-at-digital-waffle-4424558696,2026-06-08T14:15:22.605675+00:00
0,Python Developer | Germany,linkedin,Software Engineer – Data Processing & Backend (m/w/d),EMPIT,"Berlin, Berlin, Germany",On-site,Full-time,,,English,,,Recent,https://de.linkedin.com/jobs/view/software-engineer-%E2%80%93-data-processing-backend-m-w-d-at-empit-4413048504,2026-06-08T14:15:22.605804+00:00
0,Python Developer | Germany,linkedin,Software Engineer,Vyoma,"Munich, Bavaria, Germany",On-site,Full-time,,,English,,,Recent,https://de.linkedin.com/jobs/view/software-engineer-at-vyoma-4416389839,2026-06-08T14:15:22.605940+00:00
0,Python Developer | Germany,linkedin,"Backend Engineer, ClickHouse",Aiven,"Berlin, Berlin, Germany",On-site,Full-time,,,English,,,Recent,https://de.linkedin.com/jobs/view/backend-engineer-clickhouse-at-aiven-4407765351,2026-06-08T14:15:22.606063+00:00
0,Python Developer | Germany,linkedin,Software Engineer - Python control software (f/m/d),eleQtron,"Hamburg, Hamburg, Germany",On-site,Full-time,Python,,English,,,Recent,https://de.linkedin.com/jobs/view/software-engineer-python-control-software-f-m-d-at-eleqtron-4422689402,2026-06-08T14:15:22.606187+00:00
0,Python Developer | Germany,linkedin,Python-Entwickler (m/w/d),Pixida,"Munich, Bavaria, Germany",On-site,Full-time,Python,,English,,,Recent,https://de.linkedin.com/jobs/view/python-entwickler-m-w-d-at-pixida-4412938104,2026-06-08T14:15:22.606337+00:00
0,Python Developer | Germany,linkedin,Software Engineer,Skyhigh Security,"Paderborn, North Rhine-Westphalia, Germany",On-site,Full-time,,,English,,,Recent,https://de.linkedin.com/jobs/view/software-engineer-at-skyhigh-security-4417946391,2026-06-08T14:15:22.606460+00:00
0,Python Developer | Austria,linkedin,"Software Engineer, Python (Asset Pricing & Hedging)",Bitpanda,"Vienna, Austria",On-site,Full-time,Python,,English,,,Recent,https://at.linkedin.com/jobs/view/software-engineer-python-asset-pricing-hedging-at-bitpanda-4415376491,2026-06-08T14:15:25.026315+00:00
0,Python Developer | Austria,linkedin,Python-Entwickler:in,AVILOO Battery Diagnostics,"Wiener Neudorf, Lower Austria, Austria",On-site,Full-time,Python,,English,,,Recent,https://at.linkedin.com/jobs/view/python-entwickler-in-at-aviloo-battery-diagnostics-4422920433,2026-06-08T14:15:25.026477+00:00
0,Python Developer | Austria,linkedin,Software Developer,Piper Maddox,"Vienna, Austria",On-site,Full-time,,,English,,,Recent,https://at.linkedin.com/jobs/view/software-developer-at-piper-maddox-4418599878,2026-06-08T14:15:25.026612+00:00
0,Python Developer | Austria,linkedin,Backend Developer (Phyton/Odoo),Schrankerl,"Vienna, Vienna, Austria",On-site,Full-time,,,English,,,Recent,https://at.linkedin.com/jobs/view/backend-developer-phyton-odoo-at-schrankerl-4417298809,2026-06-08T14:15:25.026743+00:00
0,Python Developer | Austria,linkedin,Backend Developer – APIs & Services (m/f/d),UBIMET Group,"Vienna, Austria",On-site,Full-time,,,English,,,Recent,https://at.linkedin.com/jobs/view/backend-developer-%E2%80%93-apis-services-m-f-d-at-ubimet-group-4420422014,2026-06-08T14:15:25.026868+00:00
0,Python Developer | Austria,linkedin,Software Developer (m/w/d),Kontrol,"Linz, Upper Austria, Austria",On-site,Full-time,,,English,,,Recent,https://at.linkedin.com/jobs/view/software-developer-m-w-d-at-kontrol-4421695784,2026-06-08T14:15:25.027003+00:00
0,Python Developer | Austria,linkedin,Software Developer (m/w/x),philoro EDELMETALLE,"Korneuburg, Lower Austria, Austria",On-site,Full-time,,,English,,,Recent,https://at.linkedin.com/jobs/view/software-developer-m-w-x-at-philoro-edelmetalle-4375532912,2026-06-08T14:15:25.027133+00:00
0,Python Developer | Austria,linkedin,Software Developer - ETL & Integration (m/f/x),woom,"Vienna, Austria",On-site,Full-time,,,English,,,Recent,https://at.linkedin.com/jobs/view/software-developer-etl-integration-m-f-x-at-woom-4416634643,2026-06-08T14:15:25.027268+00:00
0,Python Developer | Austria,linkedin,Python Software Engineer - Scientific Computing (m/f/d),Körber,"Vienna, Vienna, Austria",On-site,Full-time,Python,,English,,,Recent,https://at.linkedin.com/jobs/view/python-software-engineer-scientific-computing-m-f-d-at-k%C3%B6rber-4416633575,2026-06-08T14:15:25.027410+00:00
0,Python Developer | Austria,linkedin,IT Developer & Data Specialist (m/w/d),power solution,"Vienna, Austria",On-site,Full-time,,,English,,,Recent,https://at.linkedin.com/jobs/view/it-developer-data-specialist-m-w-d-at-power-solution-4421132878,2026-06-08T14:15:25.027546+00:00
0,Python Developer | Switzerland,linkedin,Python Software Engineer - Digital Assets,IMC Trading,"Zug, Zug, Switzerland",On-site,Full-time,Python,,English,,,Recent,https://ch.linkedin.com/jobs/view/python-software-engineer-digital-assets-at-imc-trading-4320553182,2026-06-08T14:15:27.468620+00:00
0,Python Developer | Switzerland,linkedin,Backend Engineer,Liom,Zürich Metropolitan Area,On-site,Full-time,,,English,,,Recent,https://ch.linkedin.com/jobs/view/backend-engineer-at-liom-4410610757,2026-06-08T14:15:27.468785+00:00
0,Python Developer | Switzerland,linkedin,Python Software Developer,K&K Talents,"Zurich, Switzerland",On-site,Full-time,Python,,English,,,Recent,https://ch.linkedin.com/jobs/view/python-software-developer-at-k-k-talents-4425465759,2026-06-08T14:15:27.468923+00:00
0,Python Developer | Switzerland,linkedin,"Backend Software Engineer, Python",Cradle,"Zurich, Zurich, Switzerland",On-site,Full-time,Python,,English,,,Recent,https://ch.linkedin.com/jobs/view/backend-software-engineer-python-at-cradle-4377592944,2026-06-08T14:15:27.469049+00:00
0,Python Developer | Switzerland,linkedin,Python Entwickler,RM Group (Switzerland),"Zurich, Zurich, Switzerland",On-site,Full-time,Python,,English,,,Recent,https://ch.linkedin.com/jobs/view/python-entwickler-at-rm-group-switzerland-4415659444,2026-06-08T14:15:27.469178+00:00
0,Python Developer | Switzerland,linkedin,Backend Software Engineer,mygrid AG,"Brugg, Aargau, Switzerland",On-site,Full-time,,,English,,,Recent,https://ch.linkedin.com/jobs/view/backend-software-engineer-at-mygrid-ag-4421584986,2026-06-08T14:15:27.469321+00:00
0,Python Developer | Switzerland,linkedin,Software Engineer,CDDS,"Zurich, Zurich, Switzerland",On-site,Full-time,,,English,,,Recent,https://ch.linkedin.com/jobs/view/software-engineer-at-cdds-4419835055,2026-06-08T14:15:27.469445+00:00
0,Python Developer | Switzerland,linkedin,Python Software Engineer (BE-CSS-IDE-2026-114-LD),CERN,"Geneva, Geneva, Switzerland",On-site,Full-time,Python,,English,,,Recent,https://ch.linkedin.com/jobs/view/python-software-engineer-be-css-ide-2026-114-ld-at-cern-4424066356,2026-06-08T14:15:27.469572+00:00
0,Python Developer | Switzerland,linkedin,Application Engineer Python,Klanik,"Lausanne, Vaud, Switzerland",On-site,Full-time,Python,,English,,,Recent,https://ch.linkedin.com/jobs/view/application-engineer-python-at-klanik-4424511464,2026-06-08T14:15:27.469707+00:00
0,Python Developer | Switzerland,linkedin,Backend Engineer,Sartiq,"Lugano, Ticino, Switzerland",On-site,Full-time,,,English,,,Recent,https://ch.linkedin.com/jobs/view/backend-engineer-at-sartiq-4415237484,2026-06-08T14:15:27.469832+00:00
0,Python Developer | Slovakia,linkedin,Python Software Engineer (m/f/n),ESET,"Bratislava, Bratislava, Slovakia",On-site,Full-time,Python,,English,,,Recent,https://sk.linkedin.com/jobs/view/python-software-engineer-m-f-n-at-eset-4414037159,2026-06-08T14:15:32.110798+00:00
0,Python Developer | Slovakia,linkedin,Python Developer,AIApply,Bratislava Metropolitan Area,On-site,Full-time,Python,,English,,,Recent,https://sk.linkedin.com/jobs/view/python-developer-at-aiapply-4422965114,2026-06-08T14:15:32.110968+00:00
0,Python Developer | Slovakia,linkedin,Python Software Engineer,ESET,"Bratislava, Bratislava, Slovakia",On-site,Full-time,Python,,English,,,Recent,https://sk.linkedin.com/jobs/view/python-software-engineer-at-eset-4292497215,2026-06-08T14:15:32.111108+00:00
0,Python Developer | Slovakia,linkedin,Data Engineer,Caterpillar Inc.,"Košice, Kosice, Slovakia",On-site,Full-time,,,English,,,Recent,https://sk.linkedin.com/jobs/view/data-engineer-at-caterpillar-inc-4420959600,2026-06-08T14:15:32.111258+00:00
0,Python Developer | Slovakia,linkedin,AI Engineer,GymBeam,"Kosice, Slovakia",On-site,Full-time,,,English,,,Recent,https://sk.linkedin.com/jobs/view/ai-engineer-at-gymbeam-4412924917,2026-06-08T14:15:32.111530+00:00
0,Python Developer | Slovakia,linkedin,Full-Stack Developer - Python & JavaScript (m/f),PwC Slovakia,"Bratislava, Bratislava, Slovakia",On-site,Full-time,"Javascript, Python",,English,,,Recent,https://sk.linkedin.com/jobs/view/full-stack-developer-python-javascript-m-f-at-pwc-slovakia-4323297439,2026-06-08T14:15:32.111784+00:00
0,Python Developer | Slovakia,linkedin,GenAI Engineer,Capco,"Košice, Kosice, Slovakia",On-site,Full-time,,,English,,,Recent,https://sk.linkedin.com/jobs/view/genai-engineer-at-capco-4232921932,2026-06-08T14:15:32.111911+00:00
0,Python Developer | Slovakia,linkedin,Python Software Developer,Nokia,"Bratislava, Bratislava, Slovakia",On-site,Full-time,Python,,English,,,Recent,https://sk.linkedin.com/jobs/view/python-software-developer-at-nokia-4289894545,2026-06-08T14:15:32.112039+00:00
0,Python Developer | Czech Republic,linkedin,Full Stack Developer (Python),Perform,Dominican Republic,On-site,Full-time,Python,,English,,,Recent,https://do.linkedin.com/jobs/view/full-stack-developer-python-at-perform-4398298505,2026-06-08T14:15:34.452902+00:00
0,Python Developer | Czech Republic,linkedin,Full Stack Developer (Python),Perform,"Santo Domingo, Distrito Nacional, Dominican Republic",On-site,Full-time,Python,,English,,,Recent,https://do.linkedin.com/jobs/view/full-stack-developer-python-at-perform-4415707267,2026-06-08T14:15:34.453074+00:00
0,Python Developer | Czech Republic,linkedin,Python Engineer - Remote - Latin America,FullStack,"La Vega, La Vega, Dominican Republic",Remote,Full-time,Python,,English,,,Recent,https://do.linkedin.com/jobs/view/python-engineer-remote-latin-america-at-fullstack-4421234924,2026-06-08T14:15:34.453265+00:00
0,Python Developer | Czech Republic,linkedin,Python Engineer - Remote - Latin America,FullStack,"Luperón, Puerto Plata, Dominican Republic",Remote,Full-time,Python,,English,,,Recent,https://do.linkedin.com/jobs/view/python-engineer-remote-latin-america-at-fullstack-4421233927,2026-06-08T14:15:34.453431+00:00
0,Python Developer | Czech Republic,linkedin,Software Engineer - Steller,Fireblocks,Dominican Republic,On-site,Full-time,,,English,,,Recent,https://do.linkedin.com/jobs/view/software-engineer-steller-at-fireblocks-4425192306,2026-06-08T14:15:34.453576+00:00
0,Python Developer | Czech Republic,linkedin,"Full Stack Engineer, Blockchain",Fireblocks,Dominican Republic,On-site,Full-time,,,English,,,Recent,https://do.linkedin.com/jobs/view/full-stack-engineer-blockchain-at-fireblocks-4425188321,2026-06-08T14:15:34.453710+00:00
0,Python Developer | Czech Republic,linkedin,Data Engineer,Origami Risk,"Santo Domingo, Distrito Nacional, Dominican Republic",On-site,Full-time,,,English,,,Recent,https://do.linkedin.com/jobs/view/data-engineer-at-origami-risk-4337608870,2026-06-08T14:15:34.453831+00:00
0,Python Developer | Czech Republic,linkedin,Python Engineer - Remote - Latin America,FullStack,"Higüey, La Altagracia, Dominican Republic",Remote,Full-time,Python,,English,,,Recent,https://do.linkedin.com/jobs/view/python-engineer-remote-latin-america-at-fullstack-4421244541,2026-06-08T14:15:34.453966+00:00
0,Python Developer | Czech Republic,linkedin,Python Engineer - Remote - Latin America,FullStack,"Santiago de los Caballeros, Santiago, Dominican Republic",Remote,Full-time,Python,,English,,,Recent,https://do.linkedin.com/jobs/view/python-engineer-remote-latin-america-at-fullstack-4421248567,2026-06-08T14:15:34.454099+00:00
0,Python Developer | Czech Republic,linkedin,Python Engineer - Remote - Latin America,FullStack,"Urb. San Francisco, Duarte, Dominican Republic",Remote,Full-time,Python,,English,,,Recent,https://do.linkedin.com/jobs/view/python-engineer-remote-latin-america-at-fullstack-4421246547,2026-06-08T14:15:34.454223+00:00
0,Python Developer | Poland,linkedin,Python Developer,ITDS,Wroclaw Metropolitan Area,On-site,Full-time,Python,,English,,,Recent,https://pl.linkedin.com/jobs/view/python-developer-at-itds-4410392044,2026-06-08T14:15:36.929802+00:00
0,Python Developer | Poland,linkedin,Python Developer,mthree,"Cracow, Małopolskie, Poland",On-site,Full-time,Python,,English,,,Recent,https://pl.linkedin.com/jobs/view/python-developer-at-mthree-4410376101,2026-06-08T14:15:36.929963+00:00
0,Python Developer | Poland,linkedin,Python Engineer,McGregor Boyall,"Wrocław, Dolnośląskie, Poland",On-site,Full-time,Python,,English,,,Recent,https://pl.linkedin.com/jobs/view/python-engineer-at-mcgregor-boyall-4423357671,2026-06-08T14:15:36.930103+00:00
0,Python Developer | Poland,linkedin,Python Developer,Opera,Wroclaw Metropolitan Area,On-site,Full-time,Python,,English,,,Recent,https://pl.linkedin.com/jobs/view/python-developer-at-opera-4415013137,2026-06-08T14:15:36.930236+00:00
0,Python Developer | Poland,linkedin,Python Developer,Opera,"Wrocław, Dolnośląskie, Poland",On-site,Full-time,Python,,English,,,Recent,https://pl.linkedin.com/jobs/view/python-developer-at-opera-4415056945,2026-06-08T14:15:36.930373+00:00
0,Python Developer | Poland,linkedin,Software Engineer (Python/TS),Paramount,"Warsaw, Mazowieckie, Poland",On-site,Full-time,Python,,English,,,Recent,https://pl.linkedin.com/jobs/view/software-engineer-python-ts-at-paramount-4364622142,2026-06-08T14:15:36.930501+00:00
0,Python Developer | Poland,linkedin,Python Developer,ALGOTEQUE Innovation Hub,"Warsaw, Mazowieckie, Poland",On-site,Full-time,Python,,English,,,Recent,https://pl.linkedin.com/jobs/view/python-developer-at-algoteque-innovation-hub-4423309882,2026-06-08T14:15:36.930629+00:00
0,Python Developer | Poland,linkedin,Python Software Engineer (Production Data & Model Services),EPAM Systems,"Wrocław, Dolnośląskie, Poland",On-site,Full-time,Python,,English,,,Recent,https://pl.linkedin.com/jobs/view/python-software-engineer-production-data-model-services-at-epam-systems-4412886646,2026-06-08T14:15:36.930752+00:00
0,Python Developer | Poland,linkedin,Python Developer,Vertex Agility,"Cracow, Małopolskie, Poland",On-site,Full-time,Python,,English,,,Recent,https://pl.linkedin.com/jobs/view/python-developer-at-vertex-agility-4416894292,2026-06-08T14:15:36.930885+00:00
0,Python Developer | Poland,linkedin,Python Software Engineer - Frameworks & Data Products,Airbus Helicopters,"Gdańsk, Pomorskie, Poland",On-site,Full-time,Python,,English,,,Recent,https://pl.linkedin.com/jobs/view/python-software-engineer-frameworks-data-products-at-airbus-helicopters-4382557315,2026-06-08T14:15:36.931008+00:00
0,Python Developer | USA,linkedin,Python Backend Engineer,CGI,"Lafayette, LA",On-site,Full-time,Python,,English,,,Recent,https://www.linkedin.com/jobs/view/python-backend-engineer-at-cgi-4417456159,2026-06-08T14:15:39.514905+00:00
0,Python Developer | USA,linkedin,Python Developer,LTIMindtree,"Tampa, FL",On-site,Full-time,Python,,English,,,Recent,https://www.linkedin.com/jobs/view/python-developer-at-ltimindtree-4370711031,2026-06-08T14:15:39.515076+00:00
0,Python Developer | USA,linkedin,Python Developer,Open Systems Technologies,"New York, NY",On-site,Full-time,Python,,English,,,Recent,https://www.linkedin.com/jobs/view/python-developer-at-open-systems-technologies-3952273769,2026-06-08T14:15:39.515219+00:00
0,Python Developer | USA,linkedin,Python Programmer,TRISTAR,"Crane, IN",On-site,Full-time,Python,,English,,,Recent,https://www.linkedin.com/jobs/view/python-programmer-at-tristar-4404851061,2026-06-08T14:15:39.515362+00:00
0,Python Developer | USA,linkedin,Python Developer II,RF-SMART,"Jacksonville, FL",On-site,Full-time,Python,,English,,,Recent,https://www.linkedin.com/jobs/view/python-developer-ii-at-rf-smart-4302990319,2026-06-08T14:15:39.515489+00:00
0,Python Developer | USA,linkedin,Python Developer,Luxoft,"Irvine, CA",On-site,Full-time,Python,,English,,,Recent,https://www.linkedin.com/jobs/view/python-developer-at-luxoft-4409082700,2026-06-08T14:15:39.515615+00:00
0,Python Developer | USA,linkedin,Python Developer,Mastech Digital,"Pittsburgh, PA",On-site,Full-time,Python,,English,,,Recent,https://www.linkedin.com/jobs/view/python-developer-at-mastech-digital-4412925061,2026-06-08T14:15:39.515741+00:00
0,Python Developer | USA,linkedin,Python Developer,Programmers.io,"Mount Laurel, NJ",On-site,Full-time,Python,,English,,,Recent,https://www.linkedin.com/jobs/view/python-developer-at-programmers-io-4413098328,2026-06-08T14:15:39.515865+00:00
0,Python Developer | USA,linkedin,Python Developer,Confidential,"Phoenix, AZ",On-site,Full-time,Python,,English,,,Recent,https://www.linkedin.com/jobs/view/python-developer-at-confidential-4425616725,2026-06-08T14:15:39.515990+00:00
0,Python Developer | USA,linkedin,Python Developer,"Veridian Tech Solutions, Inc.","Chicago, IL",On-site,Full-time,Python,"Sql Server, Powershell, Github, Sql",English,,,Recent,https://www.linkedin.com/jobs/view/python-developer-at-veridian-tech-solutions-inc-4418832747,2026-06-08T14:15:39.516122+00:00
0,Python Developer | United Kingdom,linkedin,Python Developer,Noir,"Newcastle Upon Tyne, England, United Kingdom",On-site,Full-time,Python,,English,,,Recent,https://uk.linkedin.com/jobs/view/python-developer-at-noir-4424185875,2026-06-08T14:15:42.111425+00:00
0,Python Developer | United Kingdom,linkedin,Python Software Engineer,GoFibre,"Edinburgh, Scotland, United Kingdom",On-site,Full-time,Python,,English,,,Recent,https://uk.linkedin.com/jobs/view/python-software-engineer-at-gofibre-4424548261,2026-06-08T14:15:42.111589+00:00
0,Python Developer | United Kingdom,linkedin,Python Developer,Accenture,"Manchester, England, United Kingdom",On-site,Full-time,Python,,English,,,Recent,https://uk.linkedin.com/jobs/view/python-developer-at-accenture-4412757285,2026-06-08T14:15:42.111726+00:00
0,Python Developer | United Kingdom,linkedin,Backend Software Engineer Python - Start-up,Client Server,"Cirencester, England, United Kingdom",On-site,Full-time,Python,,English,,,Recent,https://uk.linkedin.com/jobs/view/backend-software-engineer-python-start-up-at-client-server-4416608261,2026-06-08T14:15:42.111859+00:00
0,Python Developer | United Kingdom,linkedin,Software Engineer,Experis UK,"Newcastle Upon Tyne, England, United Kingdom",On-site,Full-time,,,English,,,Recent,https://uk.linkedin.com/jobs/view/software-engineer-at-experis-uk-4415773612,2026-06-08T14:15:42.111998+00:00
0,Python Developer | United Kingdom,linkedin,Python Developer,Citi,"Belfast, Northern Ireland, United Kingdom",On-site,Full-time,Python,,English,,,Recent,https://uk.linkedin.com/jobs/view/python-developer-at-citi-4397288291,2026-06-08T14:15:42.112128+00:00
0,Python Developer | United Kingdom,linkedin,Python Developer,Barclays,"Knutsford, England, United Kingdom",On-site,Full-time,Python,,English,,,Recent,https://uk.linkedin.com/jobs/view/python-developer-at-barclays-4413649446,2026-06-08T14:15:42.112268+00:00
0,Python Developer | United Kingdom,linkedin,Back End Developer,ZeroLight,"Newcastle Upon Tyne, England, United Kingdom",On-site,Full-time,,,English,,,Recent,https://uk.linkedin.com/jobs/view/back-end-developer-at-zerolight-4415917167,2026-06-08T14:15:42.112393+00:00
0,Python Developer | United Kingdom,linkedin,Python Developers,CGI,"London, England, United Kingdom",On-site,Full-time,Python,,English,,,Recent,https://uk.linkedin.com/jobs/view/python-developers-at-cgi-4415563125,2026-06-08T14:15:42.112522+00:00
0,Python Developer | United Kingdom,linkedin,Backend Engineer (Python),Skin + Me,"London, England, United Kingdom",On-site,Full-time,Python,,English,,,Recent,https://uk.linkedin.com/jobs/view/backend-engineer-python-at-skin-%2B-me-4424773611,2026-06-08T14:15:42.112649+00:00
0,Python Test | Germany,linkedin,Embedded Python Tester (all gender),ALTEN Germany,Greater Munich Metropolitan Area,On-site,Full-time,Python,,English,,,Recent,https://de.linkedin.com/jobs/view/embedded-python-tester-all-gender-at-alten-germany-4354062736,2026-06-08T14:15:44.539535+00:00
0,Python Test | Germany,linkedin,Embedded Python Tester (all gender),ALTEN Germany,"Stuttgart, Baden-Württemberg, Germany",On-site,Full-time,Python,,English,,,Recent,https://de.linkedin.com/jobs/view/embedded-python-tester-all-gender-at-alten-germany-4420728399,2026-06-08T14:15:44.539712+00:00
0,Python Test | Germany,linkedin,Embedded Python Tester (m/w/d),MCA Germany,"Munich, Bavaria, Germany",On-site,Full-time,Python,,English,,,Recent,https://de.linkedin.com/jobs/view/embedded-python-tester-m-w-d-at-mca-germany-4397479176,2026-06-08T14:15:44.539856+00:00
0,Python Test | Germany,linkedin,Automation Engineer (m/f/d),OHB SE,"Bremen, Bremen, Germany",On-site,Full-time,,,English,,,Recent,https://de.linkedin.com/jobs/view/automation-engineer-m-f-d-at-ohb-se-4424172087,2026-06-08T14:15:44.539984+00:00
0,Python Test | Germany,linkedin,Python Software Engineer – Mess- & Prüftechnik (m/w/d),MCA Germany,"Munich, Bavaria, Germany",On-site,Full-time,Python,,English,,,Recent,https://de.linkedin.com/jobs/view/python-software-engineer-%E2%80%93-mess-pr%C3%BCftechnik-m-w-d-at-mca-germany-4397470541,2026-06-08T14:15:44.540110+00:00
0,Python Test | Germany,linkedin,Software Engineer - Satellite Simulation Environment (all genders),Reflex Aerospace,"Berlin, Berlin, Germany",On-site,Full-time,,,English,,,Recent,https://de.linkedin.com/jobs/view/software-engineer-satellite-simulation-environment-all-genders-at-reflex-aerospace-4415271250,2026-06-08T14:15:44.540522+00:00
0,Python Test | Germany,linkedin,Software-Entwickler - Produktionstests (m/w/d),BDT Media Automation GmbH,"Rottweil, Baden-Württemberg, Germany",On-site,Full-time,,,English,,,Recent,https://de.linkedin.com/jobs/view/software-entwickler-produktionstests-m-w-d-at-bdt-media-automation-gmbh-4412764398,2026-06-08T14:15:44.540648+00:00
0,Python Test | Germany,linkedin,Quantum Validation Software Engineer,Quantum Machines,"Stuttgart, Baden-Württemberg, Germany",On-site,Full-time,,,English,,,Recent,https://de.linkedin.com/jobs/view/quantum-validation-software-engineer-at-quantum-machines-4330688115,2026-06-08T14:15:44.540778+00:00
0,Python Test | Austria,linkedin,Python Systems & Visualization Engineer (m/f/d),PIDSO--Propagation Ideas and Solutions,"Vienna, Vienna, Austria",On-site,Full-time,Python,,English,,,Recent,https://at.linkedin.com/jobs/view/python-systems-visualization-engineer-m-f-d-at-pidso-propagation-ideas-and-solutions-4416883350,2026-06-08T14:15:46.848865+00:00
0,Python Test | Austria,linkedin,AI QA Engineer (all genders),TeamViewer,"Linz, Upper Austria, Austria",On-site,Full-time,,,English,,,Recent,https://at.linkedin.com/jobs/view/ai-qa-engineer-all-genders-at-teamviewer-4380325973,2026-06-08T14:15:46.849038+00:00
0,Python Test | Austria,linkedin,Data Engineer (Data Quality & Operations),OMNi-BiOTiC® by Institut AllergoSan,"Graz, Styria, Austria",On-site,Full-time,,,English,,,Recent,https://at.linkedin.com/jobs/view/data-engineer-data-quality-operations-at-omni-biotic%C2%AE-by-institut-allergosan-4419884486,2026-06-08T14:15:46.849589+00:00
0,Python Test | Austria,linkedin,Testautomatisierungsingenieur (m/w/d),Computer Futures,"Salzburg, Salzburg, Austria",On-site,Full-time,,,English,,,Recent,https://at.linkedin.com/jobs/view/testautomatisierungsingenieur-m-w-d-at-computer-futures-4424166559,2026-06-08T14:15:46.849848+00:00
0,Python Test | Switzerland,linkedin,Software Engineer - Validation,Harmattan AI,"Lausanne, Vaud, Switzerland",On-site,Full-time,,,English,,,Recent,https://ch.linkedin.com/jobs/view/software-engineer-validation-at-harmattan-ai-4398385941,2026-06-08T14:15:49.185323+00:00
0,Python Test | Switzerland,linkedin,HW/SW Integration Test Facility Software Engineer,Expleo Group,"Lausanne, Vaud, Switzerland",On-site,Full-time,,,English,,,Recent,https://ch.linkedin.com/jobs/view/hw-sw-integration-test-facility-software-engineer-at-expleo-group-4408562277,2026-06-08T14:15:49.185772+00:00
0,Python Test | Switzerland,linkedin,Software Engineer - Software Reliability (TE-MPE-CB-2026-93-GRAP),CERN,"Geneva, Geneva, Switzerland",On-site,Full-time,,,English,,,Recent,https://ch.linkedin.com/jobs/view/software-engineer-software-reliability-te-mpe-cb-2026-93-grap-at-cern-4419581960,2026-06-08T14:15:49.186029+00:00
0,Python Test | Switzerland,linkedin,Software Engineer (SY-RF-CS-2026-117-LD),CERN,"Geneva, Geneva, Switzerland",On-site,Full-time,,,English,,,Recent,https://ch.linkedin.com/jobs/view/software-engineer-sy-rf-cs-2026-117-ld-at-cern-4419247558,2026-06-08T14:15:49.186307+00:00
0,Python Test | Slovakia,linkedin,Gen AI QA Tester,Hexaware Technologies,"Šarišské Michaľany, Presov, Slovakia",On-site,Full-time,,,English,,,Recent,https://sk.linkedin.com/jobs/view/gen-ai-qa-tester-at-hexaware-technologies-4418869427,2026-06-08T14:15:53.794104+00:00
0,Python Test | Poland,linkedin,Test Python Engineer - Diagnostics & Infotainment Systems,Spline,"Cracow, Małopolskie, Poland",On-site,Full-time,Python,,English,,,Recent,https://pl.linkedin.com/jobs/view/test-python-engineer-diagnostics-infotainment-systems-at-spline-4420418006,2026-06-08T14:15:58.292755+00:00
0,Python Test | Poland,linkedin,Automation Tester with Python - Tieto Tech Consulting (m/f/d),Tieto,"Gdynia, Pomorskie, Poland",On-site,Full-time,Python,,English,,,Recent,https://pl.linkedin.com/jobs/view/automation-tester-with-python-tieto-tech-consulting-m-f-d-at-tieto-4400765125,2026-06-08T14:15:58.292932+00:00
0,Python Test | Poland,linkedin,Python Automation Tester (f/m/x),Sii Poland,"Gdańsk, Pomorskie, Poland",On-site,Full-time,Python,,English,,,Recent,https://pl.linkedin.com/jobs/view/python-automation-tester-f-m-x-at-sii-poland-4410190160,2026-06-08T14:15:58.293072+00:00
0,Python Test | Poland,linkedin,Automation Tester with Python - Tieto Tech Consulting (m/f/d),Tieto,"Gdańsk, Pomorskie, Poland",On-site,Full-time,Python,,English,,,Recent,https://pl.linkedin.com/jobs/view/automation-tester-with-python-tieto-tech-consulting-m-f-d-at-tieto-4400768032,2026-06-08T14:15:58.293217+00:00
0,Python Test | Poland,linkedin,Python Automation Tester (f/m/x),Sii Poland,"Łódź, Łódzkie, Poland",On-site,Full-time,Python,,English,,,Recent,https://pl.linkedin.com/jobs/view/python-automation-tester-f-m-x-at-sii-poland-4410191141,2026-06-08T14:15:58.293367+00:00
0,Python Test | Poland,linkedin,Software Developer in Test (Python),Veeam Software,"Warsaw, Mazowieckie, Poland",On-site,Full-time,Python,,English,,,Recent,https://pl.linkedin.com/jobs/view/software-developer-in-test-python-at-veeam-software-4395485567,2026-06-08T14:15:58.293759+00:00
0,Python Test | Poland,linkedin,Python Developer,Samsung Electronics Polska,"Warsaw, Mazowieckie, Poland",On-site,Full-time,Python,,English,,,Recent,https://pl.linkedin.com/jobs/view/python-developer-at-samsung-electronics-polska-4417045739,2026-06-08T14:15:58.293887+00:00
0,Python Test | Poland,linkedin,Automation Tester with Python - Tieto Tech Consulting (m/f/d),Tieto,"Łódź, Łódzkie, Poland",On-site,Full-time,Python,,English,,,Recent,https://pl.linkedin.com/jobs/view/automation-tester-with-python-tieto-tech-consulting-m-f-d-at-tieto-4400751305,2026-06-08T14:15:58.294012+00:00
0,Python Test | USA,linkedin,Software Engineer,Ultra Maritime,"Columbia City, IN",On-site,Full-time,,,English,,,Recent,https://www.linkedin.com/jobs/view/software-engineer-at-ultra-maritime-4425610533,2026-06-08T14:16:00.929562+00:00
0,Python Test | USA,linkedin,Software Engineer,Ultra Electronics Group,"Columbia City, IN",On-site,Full-time,,,English,,,Recent,https://www.linkedin.com/jobs/view/software-engineer-at-ultra-electronics-group-4421960204,2026-06-08T14:16:00.929724+00:00
0,Python Test | USA,linkedin,Software Design Engineer,Molex,"Conway, AR",On-site,Full-time,,,English,,,Recent,https://www.linkedin.com/jobs/view/software-design-engineer-at-molex-4417682592,2026-06-08T14:16:00.929864+00:00
0,Python Test | USA,linkedin,Automation Engineer,Pentangle Tech Services | P5 Group,"Indianapolis, IN",On-site,Full-time,,,English,,,Recent,https://www.linkedin.com/jobs/view/automation-engineer-at-pentangle-tech-services-p5-group-4416940638,2026-06-08T14:16:00.930125+00:00
0,Python Test | USA,linkedin,Software Engineer,Tesla,"Sparks, NV",On-site,Contract,"Can, Ci/Cd, Github Actions, Go, Jenkins, Python","Docker, Grpc, Linux, Devops, Puppet, Chef, Github, Ansible, Kubernetes",English,,,Recent,https://www.linkedin.com/jobs/view/software-engineer-at-tesla-4419129237,2026-06-08T14:16:00.930266+00:00
0,Python Test | USA,linkedin,Python Developer,Tata Consultancy Services,"Cupertino, CA",On-site,Full-time,Python,,English,,,Recent,https://www.linkedin.com/jobs/view/python-developer-at-tata-consultancy-services-4417546177,2026-06-08T14:16:00.930650+00:00
0,Python Test | USA,linkedin,Software Tester,MANTECH,"San Antonio, TX",On-site,Full-time,,,English,,,Recent,https://www.linkedin.com/jobs/view/software-tester-at-mantech-4406750114,2026-06-08T14:16:00.930778+00:00
0,Python Test | United Kingdom,linkedin,System Test Engineer,Dexory,"Oxfordshire, England, United Kingdom",On-site,Full-time,,,English,,,Recent,https://uk.linkedin.com/jobs/view/system-test-engineer-at-dexory-4393589214,2026-06-08T14:16:03.502880+00:00
0,Python Test | United Kingdom,linkedin,Python Developer in Test,AMD,"Cambridge, England, United Kingdom",On-site,Full-time,Python,,English,,,Recent,https://uk.linkedin.com/jobs/view/python-developer-in-test-at-amd-4413314822,2026-06-08T14:16:03.503053+00:00
0,Python Test | United Kingdom,linkedin,Site Ops & AI Automation Engineer,Next,"Leicester, England, United Kingdom",On-site,Full-time,,,English,,,Recent,https://uk.linkedin.com/jobs/view/site-ops-ai-automation-engineer-at-next-4419164022,2026-06-08T14:16:03.503195+00:00
0,Python Test | United Kingdom,linkedin,Automation Engineer,Vallum Associates,"Sheffield, England, United Kingdom",On-site,Full-time,,,English,,,Recent,https://uk.linkedin.com/jobs/view/automation-engineer-at-vallum-associates-4422370170,2026-06-08T14:16:03.503346+00:00
0,Python Test | United Kingdom,linkedin,Software Engineer,Verso Recruitment Group,"Weymouth, England, United Kingdom",On-site,Full-time,,,English,,,Recent,https://uk.linkedin.com/jobs/view/software-engineer-at-verso-recruitment-group-4420701459,2026-06-08T14:16:03.503481+00:00
0,Python Test | United Kingdom,linkedin,Software Development Engineer in Test,Riverlane,"Cambridge, England, United Kingdom",On-site,Full-time,,,English,,,Recent,https://uk.linkedin.com/jobs/view/software-development-engineer-in-test-at-riverlane-4417097780,2026-06-08T14:16:03.503737+00:00
0,Python Test | United Kingdom,linkedin,Python Developer,Version 1,"Newcastle Upon Tyne, England, United Kingdom",On-site,Full-time,Python,,English,,,Recent,https://uk.linkedin.com/jobs/view/python-developer-at-version-1-4352370999,2026-06-08T14:16:03.504120+00:00
0,Firmware Engineer | Germany,linkedin,Firmware Developer for QEC applications,IQM Quantum Computers,"Munich, Bavaria, Germany",On-site,Full-time,Firmware,,English,,,Recent,https://de.linkedin.com/jobs/view/firmware-developer-for-qec-applications-at-iqm-quantum-computers-4419413948,2026-06-08T14:16:06.056364+00:00
0,Firmware Engineer | Germany,linkedin,Embedded & Firmware Engineer (Mensch),NEURA Robotics,"Metzingen, Baden-Württemberg, Germany",On-site,Full-time,Firmware,,English,,,Recent,https://de.linkedin.com/jobs/view/embedded-firmware-engineer-mensch-at-neura-robotics-4422965275,2026-06-08T14:16:06.056535+00:00
0,Firmware Engineer | Germany,linkedin,Embedded & Firmware Engineer (human),NEURA Robotics,"Metzingen, Baden-Württemberg, Germany",On-site,Full-time,Firmware,,English,,,Recent,https://de.linkedin.com/jobs/view/embedded-firmware-engineer-human-at-neura-robotics-4422956493,2026-06-08T14:16:06.056677+00:00
0,Firmware Engineer | Germany,linkedin,Embedded Firmware Engineer (m/w/d) – Elektronenmikroskopie,ZEISS Group,"Oberkochen, Baden-Württemberg, Germany",On-site,Full-time,Firmware,,English,,,Recent,https://de.linkedin.com/jobs/view/embedded-firmware-engineer-m-w-d-%E2%80%93-elektronenmikroskopie-at-zeiss-group-4413942330,2026-06-08T14:16:06.056813+00:00
0,Firmware Engineer | Germany,linkedin,Embedded Firmware Engineer (m/w/d),Hoffmann Group,"Munich, Bavaria, Germany",Remote,Internship,"C, C++, Can, Firmware, Microcontroller, Python, Spi, Uart","Associate, Linux, R",German,,,Recent,https://de.linkedin.com/jobs/view/embedded-firmware-engineer-m-w-d-at-hoffmann-group-4421698670,2026-06-08T14:16:06.056954+00:00
0,Firmware Engineer | Germany,linkedin,Embedded Soft-& Hardware Engineer(m/w/d)*,Scalian Germany AG,"Berlin, Berlin, Germany",On-site,Full-time,,,English,,,Recent,https://de.linkedin.com/jobs/view/embedded-soft-hardware-engineer-m-w-d-at-scalian-germany-ag-4424596149,2026-06-08T14:16:06.057082+00:00
0,Firmware Engineer | Germany,linkedin,Embedded Firmware Developer (Agri-Tech / Sensor Systems) (m/f/d),stenon,"Potsdam, Brandenburg, Germany",On-site,Full-time,Firmware,,English,,,Recent,https://de.linkedin.com/jobs/view/embedded-firmware-developer-agri-tech-sensor-systems-m-f-d-at-stenon-4418314474,2026-06-08T14:16:06.057203+00:00
0,Firmware Engineer | Germany,linkedin,"Embedded Developer - Ingolstadt Area - Up to €65,000 (d / m / w)",Optimus Search,"Ingolstadt, Bavaria, Germany",On-site,Full-time,,,English,,,Recent,https://de.linkedin.com/jobs/view/embedded-developer-ingolstadt-area-up-to-%E2%82%AC65-000-d-m-w-at-optimus-search-4395804273,2026-06-08T14:16:06.057347+00:00
0,Firmware Engineer | Germany,linkedin,Embedded Soft-& Hardware Engineer(m/w/d)*,Scalian Germany AG,"Hamburg, Hamburg, Germany",On-site,Full-time,,,English,,,Recent,https://de.linkedin.com/jobs/view/embedded-soft-hardware-engineer-m-w-d-at-scalian-germany-ag-4424592580,2026-06-08T14:16:06.057484+00:00
0,Firmware Engineer | Austria,linkedin,"Embedded Engineer, Operating System",Snap Inc.,"Vienna, Austria",On-site,Full-time,,,English,,,Recent,https://at.linkedin.com/jobs/view/embedded-engineer-operating-system-at-snap-inc-4417140351,2026-06-08T14:16:08.515734+00:00
0,Firmware Engineer | Austria,linkedin,Embedded Software Developer  (w/m/d) – Schwerpunkt Firmware-Entwicklung,SWAROVSKI OPTIK,"Innsbruck, Tyrol, Austria",On-site,Full-time,Firmware,,English,,,Recent,https://at.linkedin.com/jobs/view/embedded-software-developer-w-m-d-%E2%80%93-schwerpunkt-firmware-entwicklung-at-swarovski-optik-4419242991,2026-06-08T14:16:08.515902+00:00
0,Firmware Engineer | Austria,linkedin,"Embedded Engineer, Operating System",Snap Inc.,"Vienna, Vienna, Austria",On-site,Full-time,,,English,,,Recent,https://at.linkedin.com/jobs/view/embedded-engineer-operating-system-at-snap-inc-4417082673,2026-06-08T14:16:08.516049+00:00
0,Firmware Engineer | Austria,linkedin,Embedded Systems & FPGA Engineer (all genders),zerothird,"Vienna, Austria",On-site,Full-time,Embedded Systems,Fpga,English,,,Recent,https://at.linkedin.com/jobs/view/embedded-systems-fpga-engineer-all-genders-at-zerothird-4414807367,2026-06-08T14:16:08.516174+00:00
0,Firmware Engineer | Austria,linkedin,Embedded Systems & FPGA Engineer (all genders),zerothird,"Vienna, Vienna, Austria",On-site,Full-time,Embedded Systems,Fpga,English,,,Recent,https://at.linkedin.com/jobs/view/embedded-systems-fpga-engineer-all-genders-at-zerothird-4414092950,2026-06-08T14:16:08.516316+00:00
0,Firmware Engineer | Austria,linkedin,R&D Engineer for Embedded Software (m/f/d),MED-EL,"Innsbruck, Tyrol, Austria",On-site,Full-time,,R,English,,,Recent,https://at.linkedin.com/jobs/view/r-d-engineer-for-embedded-software-m-f-d-at-med-el-4401590406,2026-06-08T14:16:08.516443+00:00
0,Firmware Engineer | Austria,linkedin,Embedded Systems Software Engineer,DL Remote,"Vienna, Vienna, Austria",Remote,Full-time,Embedded Systems,,English,,,Recent,https://at.linkedin.com/jobs/view/embedded-systems-software-engineer-at-dl-remote-4417190106,2026-06-08T14:16:08.516566+00:00
0,Firmware Engineer | Austria,linkedin,Embedded Firmware Developer (C) - Smart Pocket / Mobile Robotics (M/W/D)*,TGW Logistics,"Wels, Upper Austria, Austria",Remote,Full-time,"C, Firmware",,English,,,Recent,https://at.linkedin.com/jobs/view/embedded-firmware-developer-c-smart-pocket-mobile-robotics-m-w-d-at-tgw-logistics-4416829497,2026-06-08T14:16:08.516691+00:00
0,Firmware Engineer | Austria,linkedin,Embedded Software Engineer,ENPULSION,"Vienna, Austria",On-site,Full-time,,,English,,,Recent,https://at.linkedin.com/jobs/view/embedded-software-engineer-at-enpulsion-4416395472,2026-06-08T14:16:08.516815+00:00
0,Firmware Engineer | Austria,linkedin,C/C++/Rust Firmware Software Engineer,DL Remote,"Vienna, Vienna, Austria",Remote,Full-time,"C, C++, Firmware, Rust",,English,,,Recent,https://at.linkedin.com/jobs/view/c-c%2B%2B-rust-firmware-software-engineer-at-dl-remote-4417196013,2026-06-08T14:16:08.516941+00:00
0,Firmware Engineer | Switzerland,linkedin,Firmware / Embedded Software Engineer • 80-100%,Sensirion Connected Solutions,"Stäfa, Zurich, Switzerland",Remote,Full-time,Firmware,,English,,,Recent,https://ch.linkedin.com/jobs/view/firmware-embedded-software-engineer-%E2%80%A2-80-100%25-at-sensirion-connected-solutions-4424194116,2026-06-08T14:16:10.951678+00:00
0,Firmware Engineer | Switzerland,linkedin,Embedded Firmware Engineer,Flybotix,"Renens, Vaud, Switzerland",On-site,Full-time,Firmware,,English,,,Recent,https://ch.linkedin.com/jobs/view/embedded-firmware-engineer-at-flybotix-4424525053,2026-06-08T14:16:10.951850+00:00
0,Firmware Engineer | Switzerland,linkedin,Firmware Applications Engineer,Semtech,"Neuchâtel, Switzerland",On-site,Full-time,Firmware,,English,,,Recent,https://ch.linkedin.com/jobs/view/firmware-applications-engineer-at-semtech-4414919231,2026-06-08T14:16:10.951984+00:00
0,Firmware Engineer | Switzerland,linkedin,FIRMWARE ENGINEER | EMBEDDED ENGINEER | SVIZZERA,Techyon,"Mendrisio, Ticino, Switzerland",On-site,Full-time,Firmware,,English,,,Recent,https://ch.linkedin.com/jobs/view/firmware-engineer-embedded-engineer-svizzera-at-techyon-4402482053,2026-06-08T14:16:10.952113+00:00
0,Firmware Engineer | Switzerland,linkedin,Embedded Engineer,NielsenIQ,"Kriegstetten, Solothurn, Switzerland",On-site,Full-time,,,English,,,Recent,https://ch.linkedin.com/jobs/view/embedded-engineer-at-nielseniq-4404289764,2026-06-08T14:16:10.952261+00:00
0,Firmware Engineer | Switzerland,linkedin,Software Engineer Embedded System 80 - 100 % (w/m/d),Hamilton Bonaduz AG,"Domat/Ems, Graubünden, Switzerland",On-site,Full-time,,,English,,,Recent,https://ch.linkedin.com/jobs/view/software-engineer-embedded-system-80-100-%25-w-m-d-at-hamilton-bonaduz-ag-4396655596,2026-06-08T14:16:10.952390+00:00
0,Firmware Engineer | Switzerland,linkedin,Embedded Software Engineer,myStromer AG,"Köniz, Berne, Switzerland",On-site,Full-time,,,English,,,Recent,https://ch.linkedin.com/jobs/view/embedded-software-engineer-at-mystromer-ag-4424417781,2026-06-08T14:16:10.952520+00:00
0,Firmware Engineer | Switzerland,linkedin,Embedded Software Engineer – e Bike Systems (80–100%),Specialized Bicycle Components,"Cham, Zug, Switzerland",Remote,Internship,"Bash, C, Can, Firmware, Python","Zephyr, Git, Jira",English,,,Recent,https://ch.linkedin.com/jobs/view/embedded-software-engineer-%E2%80%93-e-bike-systems-80%E2%80%93100%25-at-specialized-bicycle-components-4411218478,2026-06-08T14:16:10.952649+00:00
0,Firmware Engineer | Switzerland,linkedin,Embedded Software Engineer (BE-CEM-EDL-2026-102-GRAP),CERN,"Geneva, Geneva, Switzerland",On-site,Contract,"C, Can, Embedded Linux, Firmware, Pytest, Python","Vhdl, Associate, Verilog, Linux, Fpga, Soc, Graduate, Git",English,,,Recent,https://ch.linkedin.com/jobs/view/embedded-software-engineer-be-cem-edl-2026-102-grap-at-cern-4421920029,2026-06-08T14:16:10.952783+00:00
0,Firmware Engineer | Switzerland,linkedin,Embedded Software Engineer,cross-ING AG,"Risch-Rotkreuz, Zug, Switzerland",Remote,Internship,"C, C++, Java, Python",R,German,,,Recent,https://ch.linkedin.com/jobs/view/embedded-software-engineer-at-cross-ing-ag-4424096173,2026-06-08T14:16:10.952909+00:00
0,Firmware Engineer | Slovakia,linkedin,C/C++ Software Developer (all genders),StreamUnlimited - #1 in Embedded Streaming / Voice Assistant Technology,"Bratislava, Bratislava, Slovakia",Remote,Contract,"Bash, C, C++, Can, Python","Linux, React",English,,,Recent,https://sk.linkedin.com/jobs/view/c-c%2B%2B-software-developer-all-genders-at-streamunlimited-%231-in-embedded-streaming-voice-assistant-technology-4421941361,2026-06-08T14:16:15.631007+00:00
0,Firmware Engineer | Slovakia,linkedin,Machine Software Devleoper,Mühlbauer Group,"Nitra Region, Slovakia",On-site,Contract,"C, C++, Can, Embedded Systems, Rtos",Git,English,,,Recent,https://sk.linkedin.com/jobs/view/machine-software-devleoper-at-m%C3%BChlbauer-group-4421114144,2026-06-08T14:16:15.631142+00:00
0,Firmware Engineer | Slovakia,linkedin,Software Engineer,Spinbotics,Kosice Metropolitan Area,On-site,Full-time,"C, C++","R, Linux",English,,,Recent,https://sk.linkedin.com/jobs/view/software-engineer-at-spinbotics-4417214842,2026-06-08T14:16:15.631291+00:00
0,Firmware Engineer | Slovakia,linkedin,Softvérový inžinier,Vaillant Group,"Trenčín, Trenciansky, Slovakia",On-site,Internship,C,"R, Intern",English,,,Recent,https://sk.linkedin.com/jobs/view/softv%C3%A9rov%C3%BD-in%C5%BEinier-at-vaillant-group-4418112868,2026-06-08T14:16:15.631683+00:00
0,Firmware Engineer | Slovakia,linkedin,Automatizačný softvérový inžinier,Hoval,"Istebné, Zilina, Slovakia",On-site,Full-time,,,English,,,Recent,https://sk.linkedin.com/jobs/view/automatiza%C4%8Dn%C3%BD-softv%C3%A9rov%C3%BD-in%C5%BEinier-at-hoval-4382438142,2026-06-08T14:16:15.631943+00:00
0,Firmware Engineer | Czech Republic,linkedin,BMS开发工程师,辽宁宏成电力股份有限公司,"アト・マジョール州, Hato Mayor, Dominican Republic",On-site,Full-time,,,English,,,Recent,https://do.linkedin.com/jobs/view/bms%E5%BC%80%E5%8F%91%E5%B7%A5%E7%A8%8B%E5%B8%88-at-%E8%BE%BD%E5%AE%81%E5%AE%8F%E6%88%90%E7%94%B5%E5%8A%9B%E8%82%A1%E4%BB%BD%E6%9C%89%E9%99%90%E5%85%AC%E5%8F%B8-4421494261,2026-06-08T14:16:17.897824+00:00
0,Firmware Engineer | Czech Republic,linkedin,资深/高级软件工程师（服务器电源）-新业务BU,AOHAI,"アト・マジョール州, Hato Mayor, Dominican Republic",On-site,Full-time,,,English,,,Recent,https://do.linkedin.com/jobs/view/%E8%B5%84%E6%B7%B1-%E9%AB%98%E7%BA%A7%E8%BD%AF%E4%BB%B6%E5%B7%A5%E7%A8%8B%E5%B8%88%EF%BC%88%E6%9C%8D%E5%8A%A1%E5%99%A8%E7%94%B5%E6%BA%90%EF%BC%89-%E6%96%B0%E4%B8%9A%E5%8A%A1bu-at-aohai-4418189424,2026-06-08T14:16:17.898000+00:00
0,Firmware Engineer | Poland,linkedin,Firmware Engineer,Kidde Global Solutions,"Gdańsk, Pomorskie, Poland",On-site,Full-time,Firmware,,English,,,Recent,https://pl.linkedin.com/jobs/view/firmware-engineer-at-kidde-global-solutions-4408420870,2026-06-08T14:16:20.367520+00:00
0,Firmware Engineer | Poland,linkedin,Embedded Firmware Developer (f/m/x),Sii Poland,"Szczecin, Zachodniopomorskie, Poland",On-site,Full-time,Firmware,,English,,,Recent,https://pl.linkedin.com/jobs/view/embedded-firmware-developer-f-m-x-at-sii-poland-4410607370,2026-06-08T14:16:20.367694+00:00
0,Firmware Engineer | Poland,linkedin,Embedded Firmware Developer (f/m/x),Sii Poland,"Bydgoszcz, Kujawsko-pomorskie, Poland",On-site,Full-time,Firmware,,English,,,Recent,https://pl.linkedin.com/jobs/view/embedded-firmware-developer-f-m-x-at-sii-poland-4410606385,2026-06-08T14:16:20.367833+00:00
0,Firmware Engineer | Poland,linkedin,Embedded Software Developer,ASSA ABLOY Group,"Zabierzów, Małopolskie, Poland",On-site,Full-time,,,English,,,Recent,https://pl.linkedin.com/jobs/view/embedded-software-developer-at-assa-abloy-group-4412230903,2026-06-08T14:16:20.367967+00:00
0,Firmware Engineer | Poland,linkedin,Embedded Developer (f/m) (SSC),Phoenix Contact,"Wielkopolskie, Poland",On-site,Full-time,,,English,,,Recent,https://pl.linkedin.com/jobs/view/embedded-developer-f-m-ssc-at-phoenix-contact-4370458374,2026-06-08T14:16:20.368104+00:00
0,Firmware Engineer | Poland,linkedin,Firmware Engineer,Seargin,Katowice Metropolitan Area,On-site,Full-time,Firmware,,English,,,Recent,https://pl.linkedin.com/jobs/view/firmware-engineer-at-seargin-4413464075,2026-06-08T14:16:20.368237+00:00
0,Firmware Engineer | Poland,linkedin,Embedded Software Engineer,ASSA ABLOY Group,"Cracow, Małopolskie, Poland",On-site,Full-time,,,English,,,Recent,https://pl.linkedin.com/jobs/view/embedded-software-engineer-at-assa-abloy-group-3759958711,2026-06-08T14:16:20.368513+00:00
0,Firmware Engineer | Poland,linkedin,Embedded Software Engineer,ALTEN,Katowice Metropolitan Area,On-site,Full-time,,,English,,,Recent,https://pl.linkedin.com/jobs/view/embedded-software-engineer-at-alten-4416496676,2026-06-08T14:16:20.368646+00:00
0,Firmware Engineer | USA,linkedin,Interconnect Firmware Engineer,AMD,"Austin, TX",On-site,Full-time,Firmware,,English,,,Recent,https://www.linkedin.com/jobs/view/interconnect-firmware-engineer-at-amd-4352153302,2026-06-08T14:16:22.968379+00:00
0,Firmware Engineer | USA,linkedin,Firmware Engineer,Lumex Talent,"Austin, Texas Metropolitan Area",On-site,Full-time,Firmware,,English,,,Recent,https://www.linkedin.com/jobs/view/firmware-engineer-at-lumex-talent-4410312954,2026-06-08T14:16:22.968542+00:00
0,Firmware Engineer | USA,linkedin,Firmware Engineer,Kidde Global Solutions,"Bradenton, FL",On-site,Full-time,Firmware,,English,,,Recent,https://www.linkedin.com/jobs/view/firmware-engineer-at-kidde-global-solutions-4420131264,2026-06-08T14:16:22.968676+00:00
0,Firmware Engineer | USA,linkedin,Firmware Engineer,AMD,"Austin, TX",On-site,Full-time,Firmware,,English,,,Recent,https://www.linkedin.com/jobs/view/firmware-engineer-at-amd-4404114286,2026-06-08T14:16:22.968805+00:00
0,Firmware Engineer | USA,linkedin,Firmware Engineer III,Peloton Interactive,"Woodinville, WA",On-site,Full-time,Firmware,,English,,,Recent,https://www.linkedin.com/jobs/view/firmware-engineer-iii-at-peloton-interactive-4412808835,2026-06-08T14:16:22.968931+00:00
0,Firmware Engineer | USA,linkedin,"Firmware Engineer, Robotics and Surgery Engineering",Neuralink,"Austin, TX",On-site,Full-time,Firmware,,English,,,Recent,https://www.linkedin.com/jobs/view/firmware-engineer-robotics-and-surgery-engineering-at-neuralink-4416597306,2026-06-08T14:16:22.969062+00:00
0,Firmware Engineer | USA,linkedin,Embedded Software Engineer,Atomic Semi,"Austin, TX",On-site,Full-time,,,English,,,Recent,https://www.linkedin.com/jobs/view/embedded-software-engineer-at-atomic-semi-4420215998,2026-06-08T14:16:22.969190+00:00
0,Firmware Engineer | USA,linkedin,Firmware Engineer - IoT,Avive Solutions Inc.,"Brisbane, CA",On-site,Full-time,Firmware,,English,,,Recent,https://www.linkedin.com/jobs/view/firmware-engineer-iot-at-avive-solutions-inc-4419320289,2026-06-08T14:16:22.969327+00:00
0,Firmware Engineer | USA,linkedin,Firmware Engineer II,Advanced Energy,"Eden Prairie, MN",On-site,Full-time,Firmware,,English,,,Recent,https://www.linkedin.com/jobs/view/firmware-engineer-ii-at-advanced-energy-4385618109,2026-06-08T14:16:22.969452+00:00
0,Firmware Engineer | USA,linkedin,Embedded Engineer,Bevi,"Boston, MA",On-site,Full-time,,,English,,,Recent,https://www.linkedin.com/jobs/view/embedded-engineer-at-bevi-4415081744,2026-06-08T14:16:22.969573+00:00
0,Firmware Engineer | United Kingdom,linkedin,Firmware Engineer,Rotork,"Bath, England, United Kingdom",On-site,Full-time,Firmware,,English,,,Recent,https://uk.linkedin.com/jobs/view/firmware-engineer-at-rotork-4414748289,2026-06-08T14:16:25.556218+00:00
0,Firmware Engineer | United Kingdom,linkedin,Embedded Software Engineer,IC Resources,"Livingston, Scotland, United Kingdom",On-site,Full-time,,,English,,,Recent,https://uk.linkedin.com/jobs/view/embedded-software-engineer-at-ic-resources-4417325885,2026-06-08T14:16:25.556400+00:00
0,Firmware Engineer | United Kingdom,linkedin,Embedded Software Engineer,Dunbar Brown Group,"Edinburgh, Scotland, United Kingdom",On-site,Full-time,,,English,,,Recent,https://uk.linkedin.com/jobs/view/embedded-software-engineer-at-dunbar-brown-group-4422365132,2026-06-08T14:16:25.556535+00:00
0,Firmware Engineer | United Kingdom,linkedin,Firmware Engineer,Platform Recruitment,"Southampton, England, United Kingdom",On-site,Full-time,Firmware,,English,,,Recent,https://uk.linkedin.com/jobs/view/firmware-engineer-at-platform-recruitment-4421933594,2026-06-08T14:16:25.556663+00:00
0,Firmware Engineer | United Kingdom,linkedin,Embedded Software Engineer,Archangel Autonomy,"Oxford, England, United Kingdom",On-site,Full-time,,,English,,,Recent,https://uk.linkedin.com/jobs/view/embedded-software-engineer-at-archangel-autonomy-4404447883,2026-06-08T14:16:25.556794+00:00
0,Firmware Engineer | United Kingdom,linkedin,Embedded Software Engineer,Archangel Lightworks,"Oxford, England, United Kingdom",On-site,Full-time,,,English,,,Recent,https://uk.linkedin.com/jobs/view/embedded-software-engineer-at-archangel-lightworks-4424085531,2026-06-08T14:16:25.556917+00:00
0,Firmware Engineer | United Kingdom,linkedin,Firmware Engineer,Brompton Bicycle,"Greenford, England, United Kingdom",On-site,Full-time,Firmware,,English,,,Recent,https://uk.linkedin.com/jobs/view/firmware-engineer-at-brompton-bicycle-4400100553,2026-06-08T14:16:25.557037+00:00
0,Firmware Engineer | United Kingdom,linkedin,Firmware Engineer,Ovarro,"Sheffield, England, United Kingdom",On-site,Full-time,Firmware,,English,,,Recent,https://uk.linkedin.com/jobs/view/firmware-engineer-at-ovarro-4420732900,2026-06-08T14:16:25.557162+00:00
0,Firmware Engineer | United Kingdom,linkedin,Firmware Engineer,Fuse Energy,"London, England, United Kingdom",On-site,Full-time,Firmware,,English,,,Recent,https://uk.linkedin.com/jobs/view/firmware-engineer-at-fuse-energy-4424746786,2026-06-08T14:16:25.557296+00:00
