relevance_score,search_criteria,provider,title,company,location,work_location_type,employment_type,matching_skills,missing_skills,detected_languages,matched_roles,salary_hint,posted_at_relative,link,scraped_at
44,Firmware Engineer | Austria,linkedin,Senior Embedded Crypto Software Developer (m/f/d),NXP Semiconductors,"Gratkorn, Styria, Austria",On-site,Full-time,,Senior,English,Senior,,Recent,https://at.linkedin.com/jobs/view/senior-embedded-crypto-software-developer-m-f-d-at-nxp-semiconductors-4431898495,2026-08-27T20:16:03.809143+00:00
44,Firmware Engineer | Austria,linkedin,Principal Embedded Crypto Software Developer (m/f/d),NXP Semiconductors,"Gratkorn, Styria, Austria",On-site,Full-time,,Principal,English,Principal,,Recent,https://at.linkedin.com/jobs/view/principal-embedded-crypto-software-developer-m-f-d-at-nxp-semiconductors-4411407549,2026-08-27T20:16:03.809464+00:00
44,Firmware Engineer | Switzerland,linkedin,Senior Embedded Software and Processing Engineer (m/f/d),Thales,"Zurich, Zurich, Switzerland",On-site,Full-time,,Senior,English,Senior,,Recent,https://ch.linkedin.com/jobs/view/senior-embedded-software-and-processing-engineer-m-f-d-at-thales-4450725792,2026-08-27T20:16:06.194711+00:00
44,Firmware Engineer | Slovakia,linkedin,Senior Software Engineer – Railway Signaling Systems On-Board,Siemens,"Bratislava, Bratislava, Slovakia",On-site,Full-time,,Senior,English,Senior,,Recent,https://sk.linkedin.com/jobs/view/senior-software-engineer-%E2%80%93-railway-signaling-systems-on-board-at-siemens-4456016516,2026-08-27T20:16:10.843711+00:00
44,Firmware Engineer | Slovakia,linkedin,Senior Software Engineer,Siemens,"Bratislava, Bratislava, Slovakia",On-site,Full-time,,Senior,English,Senior,,Recent,https://sk.linkedin.com/jobs/view/senior-software-engineer-at-siemens-4446795747,2026-08-27T20:16:10.844045+00:00
29,Tester | Slovakia,linkedin,Tester s nemeckým jazykom (ž/m),Siemens,"Žilina, Zilina, Slovakia",On-site,Full-time,,,English,,,Recent,https://sk.linkedin.com/jobs/view/tester-s-nemeck%C3%BDm-jazykom-%C5%BE-m-at-siemens-4423952200,2026-08-27T20:13:40.592064+00:00
29,Tester | Slovakia,linkedin,Test Design Professional for product Velocity - ok,Siemens Healthineers,"Košice, Kosice, Slovakia",On-site,Full-time,,,English,,,Recent,https://sk.linkedin.com/jobs/view/test-design-professional-for-product-velocity-ok-at-siemens-healthineers-4455889406,2026-08-27T20:13:40.592258+00:00
29,QA Engineer | USA,linkedin,"Software Quality Assurance Engineer, Fire Tablet Launcher Team",Amazon,"Seattle, WA",On-site,Full-time,,,English,,,Recent,https://www.linkedin.com/jobs/view/software-quality-assurance-engineer-fire-tablet-launcher-team-at-amazon-4455906458,2026-08-27T20:14:09.184954+00:00
29,Test Engineer | Slovakia,linkedin,Test inžinier pre vývoj elektronických systémov (ž/m),Siemens,"Bratislava, Bratislava, Slovakia",On-site,Full-time,,,English,,,Recent,https://sk.linkedin.com/jobs/view/test-in%C5%BEinier-pre-v%C3%BDvoj-elektronick%C3%BDch-syst%C3%A9mov-%C5%BE-m-at-siemens-4445738791,2026-08-27T20:14:23.455197+00:00
29,Firmware Engineer | Slovakia,linkedin,Software Developer for product Zephyr,Siemens Healthineers,"Košice, Kosice, Slovakia",On-site,Full-time,,Zephyr,English,,,Recent,https://sk.linkedin.com/jobs/view/software-developer-for-product-zephyr-at-siemens-healthineers-4446241568,2026-08-27T20:16:10.844715+00:00
29,Firmware Engineer | Poland,linkedin,"Embedded Software Engineer II, Ring, Ring",Amazon,Gdansk Metropolitan Area,On-site,Full-time,,,English,,,Recent,https://pl.linkedin.com/jobs/view/embedded-software-engineer-ii-ring-ring-at-amazon-4455780934,2026-08-27T20:16:15.516035+00:00
29,Firmware Engineer | Poland,linkedin,"Embedded Software Dev Engineer, Ring Devices",Amazon,Gdansk Metropolitan Area,On-site,Full-time,,,English,,,Recent,https://pl.linkedin.com/jobs/view/embedded-software-dev-engineer-ring-devices-at-amazon-4455785779,2026-08-27T20:16:15.516214+00:00
14,Tester | Germany,linkedin,Software Tester (all genders),Expleo Group,"Frankfurt am Main, Hesse, Germany",Remote,Internship,"Javascript, Python","Associate, Agile, R",German,Test Manager,,Recent,https://de.linkedin.com/jobs/view/software-tester-all-genders-at-expleo-group-4457339334,2026-08-27T20:13:31.131473+00:00
14,Tester | Austria,linkedin,Senior Software Tester:in Krankenversicherung,UNIQA Insurance Group,"Vienna, Vienna, Austria",Remote,Full-time,Test Automation,"R, Senior",German,Senior,,Recent,https://at.linkedin.com/jobs/view/senior-software-tester-in-krankenversicherung-at-uniqa-insurance-group-4443758441,2026-08-27T20:13:33.532649+00:00
14,Tester | Austria,linkedin,SOFTWARETESTER:IN (W/M/X),IT-Services der Sozialversicherung GmbH,"Vienna, Vienna, Austria",Remote,Full-time,"Java, Playwright, Selenium, Test Automation, Typescript","Jira, Zephyr, Postman, Restassured, Junit, Confluence, Cucumber, Associate, Architect, Expert",German,"Architect, Expert",,Recent,https://at.linkedin.com/jobs/view/softwaretester-in-w-m-x-at-it-services-der-sozialversicherung-gmbh-4427933384,2026-08-27T20:13:33.532804+00:00
14,Tester | Switzerland,linkedin,Senior Test Specialist,HCLTech,"Zurich, Zurich, Switzerland",On-site,Full-time,,Senior,English,Senior,,Recent,https://ch.linkedin.com/jobs/view/senior-test-specialist-at-hcltech-4450267007,2026-08-27T20:13:35.962493+00:00
14,Tester | Slovakia,linkedin,Senior Software Tester,Carpiness s.r.o.,"Bratislava, Slovakia",On-site,Full-time,,"R, Senior",English,Senior,,Recent,https://sk.linkedin.com/jobs/view/senior-software-tester-at-carpiness-s-r-o-4455885160,2026-08-27T20:13:40.591397+00:00
14,Tester | Czech Republic,linkedin,Senior Software Development Engineer in Test,Episode Six,"Santo Domingo Este, Santo Domingo, Dominican Republic",On-site,Full-time,,Senior,English,Senior,,Recent,https://do.linkedin.com/jobs/view/senior-software-development-engineer-in-test-at-episode-six-4446542170,2026-08-27T20:13:42.949471+00:00
14,Tester | Czech Republic,linkedin,Lead Software Engineer in Test (SDET),Flash,"Santo Domingo, Distrito Nacional, Dominican Republic",On-site,Full-time,,Lead,English,Lead,,Recent,https://do.linkedin.com/jobs/view/lead-software-engineer-in-test-sdet-at-flash-4414922814,2026-08-27T20:13:42.949625+00:00
14,QA Engineer | Germany,linkedin,Senior Software Test Engineer (m/w/d) (Manuel & Automation),Ingentis,"Nuremberg, Bavaria, Germany",On-site,Full-time,,Senior,English,Senior,,Recent,https://de.linkedin.com/jobs/view/senior-software-test-engineer-m-w-d-manuel-automation-at-ingentis-4443695539,2026-08-27T20:13:52.472147+00:00
14,QA Engineer | Austria,linkedin,Senior QA Engineer (m/w/d) & Testautomation - Plattformservices,PKE,"Vienna, Vienna, Austria",On-site,Full-time,,Senior,English,Senior,,Recent,https://at.linkedin.com/jobs/view/senior-qa-engineer-m-w-d-testautomation-plattformservices-at-pke-4434643740,2026-08-27T20:13:54.877680+00:00
14,QA Engineer | Austria,linkedin,Senior Software Test Engineer (w/m/d),Merkur Versicherung,"Graz, Styria, Austria",On-site,Full-time,,Senior,English,Senior,,Recent,https://at.linkedin.com/jobs/view/senior-software-test-engineer-w-m-d-at-merkur-versicherung-4417315986,2026-08-27T20:13:54.877987+00:00
14,QA Engineer | Switzerland,linkedin,QA Engineer – eBanking (Private Banking / Wealth Management) - Consultant,UBP - Union Bancaire Privée,"Geneva, Geneva, Switzerland",On-site,Full-time,,Consultant,English,Consultant,,Recent,https://ch.linkedin.com/jobs/view/qa-engineer-%E2%80%93-ebanking-private-banking-wealth-management-consultant-at-ubp-union-bancaire-priv%C3%A9e-4442101947,2026-08-27T20:13:57.300478+00:00
14,QA Engineer | Slovakia,linkedin,Senior Quality Assurance Engineer,UNIQA Group Services,"Nitra Region, Slovakia",On-site,Full-time,,Senior,English,Senior,,Recent,https://sk.linkedin.com/jobs/view/senior-quality-assurance-engineer-at-uniqa-group-services-4431527332,2026-08-27T20:14:01.913923+00:00
14,QA Engineer | Slovakia,linkedin,Senior Software Test Automation Engineer (Full Stack),Solar Turbines,"Košice, Kosice, Slovakia",On-site,Full-time,Test Automation,Senior,English,Senior,,Recent,https://sk.linkedin.com/jobs/view/senior-software-test-automation-engineer-full-stack-at-solar-turbines-4459872880,2026-08-27T20:14:01.914257+00:00
14,QA Engineer | Poland,linkedin,Senior Software Quality Engineer,Diebold Nixdorf,"Katowice, Śląskie, Poland",On-site,Full-time,,Senior,English,Senior,,Recent,https://pl.linkedin.com/jobs/view/senior-software-quality-engineer-at-diebold-nixdorf-4433113302,2026-08-27T20:14:06.719762+00:00
14,QA Engineer | Poland,linkedin,Senior QA Engineer,ALGOTEQUE Innovation Hub,"Warsaw, Mazowieckie, Poland",On-site,Full-time,,Senior,English,Senior,,Recent,https://pl.linkedin.com/jobs/view/senior-qa-engineer-at-algoteque-innovation-hub-4457318328,2026-08-27T20:14:06.720457+00:00
14,QA Engineer | Poland,linkedin,Senior QA Engineer / 1,Inetum,"Warsaw, Mazowieckie, Poland",On-site,Full-time,,Senior,English,Senior,,Recent,https://pl.linkedin.com/jobs/view/senior-qa-engineer-1-at-inetum-4281805617,2026-08-27T20:14:06.720624+00:00
14,QA Engineer | Poland,linkedin,Senior Apps QA Engineer (Android),Surfshark,"Warsaw, Mazowieckie, Poland",On-site,Full-time,,Senior,English,Senior,,Recent,https://pl.linkedin.com/jobs/view/senior-apps-qa-engineer-android-at-surfshark-4452639431,2026-08-27T20:14:06.720934+00:00
14,QA Engineer | United Kingdom,linkedin,Senior QA Engineer,Arcadis,"Glasgow, Scotland, United Kingdom",On-site,Full-time,,Senior,English,Senior,,Recent,https://uk.linkedin.com/jobs/view/senior-qa-engineer-at-arcadis-4432799090,2026-08-27T20:14:11.607637+00:00
14,Test Engineer | Germany,linkedin,(Senior) Test Automation Engineer (m/w/d),Loopario | vormals Logistikbude,"Dortmund, North Rhine-Westphalia, Germany",On-site,Full-time,Test Automation,Senior,English,Senior,,Recent,https://de.linkedin.com/jobs/view/senior-test-automation-engineer-m-w-d-at-loopario-vormals-logistikbude-4455894376,2026-08-27T20:14:14.001507+00:00
14,Test Engineer | Germany,linkedin,(Senior) Test Engineer (m/w/d),Walbusch-Gruppe,"Solingen, North Rhine-Westphalia, Germany",On-site,Full-time,,Senior,English,Senior,,Recent,https://de.linkedin.com/jobs/view/senior-test-engineer-m-w-d-at-walbusch-gruppe-4392752467,2026-08-27T20:14:14.002548+00:00
14,Test Engineer | Slovakia,linkedin,Senior Test Engineer (m/f/d),Brose Group,"Prievidza, Trenciansky, Slovakia",On-site,Full-time,,Senior,English,Senior,,Recent,https://sk.linkedin.com/jobs/view/senior-test-engineer-m-f-d-at-brose-group-4419248716,2026-08-27T20:14:23.454848+00:00
14,Test Engineer | Poland,linkedin,Senior Test Engineer - QA (UI & API),Diebold Nixdorf,"Katowice, Śląskie, Poland",On-site,Full-time,,Senior,English,Senior,,Recent,https://pl.linkedin.com/jobs/view/senior-test-engineer-qa-ui-api-at-diebold-nixdorf-4395052117,2026-08-27T20:14:28.221672+00:00
14,Test Engineer | Poland,linkedin,Senior Automation Test Engineer,Jeppesen ForeFlight,"Gdańsk, Pomorskie, Poland",On-site,Full-time,,Senior,English,Senior,,Recent,https://pl.linkedin.com/jobs/view/senior-automation-test-engineer-at-jeppesen-foreflight-4446791052,2026-08-27T20:14:28.222682+00:00
14,Test Engineer | USA,linkedin,Automated Test Engineer for Missile Defense System,CFD Research Corporation,"Huntsville, AL",Remote,Contract,"System Testing, Unit Testing","Expert, Scrum, Agile",English,Expert,,Recent,https://www.linkedin.com/jobs/view/automated-test-engineer-for-missile-defense-system-at-cfd-research-corporation-4455386399,2026-08-27T20:14:30.642642+00:00
14,Testingenieur | Poland,linkedin,Quality Assurance Engineer – Senior / Mid / Junior,Kidde Global Solutions,"Gdańsk, Pomorskie, Poland",On-site,Full-time,,"Junior, Senior",English,Senior,,Recent,https://pl.linkedin.com/jobs/view/quality-assurance-engineer-%E2%80%93-senior-mid-junior-at-kidde-global-solutions-4449856648,2026-08-27T20:14:49.610528+00:00
14,Testingenieur | USA,linkedin,Sr Staff Test Engineer,Lockheed Martin,"Huntsville, AL",On-site,Full-time,,Staff,English,Staff,,Recent,https://www.linkedin.com/jobs/view/sr-staff-test-engineer-at-lockheed-martin-4451236992,2026-08-27T20:14:52.012546+00:00
14,Testingenieur | USA,linkedin,Senior Test Engineer,Lockheed Martin,"Huntsville, AL",On-site,Full-time,,Senior,English,Senior,,Recent,https://www.linkedin.com/jobs/view/senior-test-engineer-at-lockheed-martin-4451246060,2026-08-27T20:14:52.012708+00:00
14,Test Automation | Germany,linkedin,Senior QA Test Automation Engineer (all genders),JustPlay,"Munich, Bavaria, Germany",On-site,Full-time,Test Automation,Senior,English,Senior,,Recent,https://de.linkedin.com/jobs/view/senior-qa-test-automation-engineer-all-genders-at-justplay-4431707864,2026-08-27T20:14:56.833642+00:00
14,Test Automation | Germany,linkedin,Senior Test Automation Engineer (m/w/d),Bundesdruckerei-Gruppe,"Berlin, Germany",On-site,Full-time,Test Automation,Senior,English,Senior,,Recent,https://de.linkedin.com/jobs/view/senior-test-automation-engineer-m-w-d-at-bundesdruckerei-gruppe-4454508053,2026-08-27T20:14:56.834300+00:00
14,Test Automation | Germany,linkedin,Senior Quality Assurance Engineer,Trading 212,"Berlin, Berlin, Germany",On-site,Full-time,,Senior,English,Senior,,Recent,https://de.linkedin.com/jobs/view/senior-quality-assurance-engineer-at-trading-212-4457265401,2026-08-27T20:14:56.834465+00:00
14,Test Automation | Germany,linkedin,(Senior-) Testautomatisierungsentwickler (m/w/d),SINC GmbH,"Wiesbaden, Hesse, Germany",On-site,Full-time,,Senior,English,Senior,,Recent,https://de.linkedin.com/jobs/view/senior-testautomatisierungsentwickler-m-w-d-at-sinc-gmbh-4447389243,2026-08-27T20:14:56.834619+00:00
14,Test Automation | Austria,linkedin,Agile Senior Software Testautomation Engineer (m/w/x),ÖBB,"Leopoldstadt, Vienna, Austria",On-site,Full-time,,"Agile, Senior",English,Senior,,Recent,https://at.linkedin.com/jobs/view/agile-senior-software-testautomation-engineer-m-w-x-at-%C3%B6bb-4446756955,2026-08-27T20:14:59.203688+00:00
14,Test Automation | Austria,linkedin,Senior Testautomation Engineer (m/w/d),IVM Technical Consultants Vienna - The Technical Experts,"Vienna, Vienna, Austria",On-site,Full-time,,Senior,English,Senior,,Recent,https://at.linkedin.com/jobs/view/senior-testautomation-engineer-m-w-d-at-ivm-technical-consultants-vienna-the-technical-experts-4455822930,2026-08-27T20:14:59.203858+00:00
14,Test Automation | Austria,linkedin,Senior Test Automation Engineer (m/w/d) – Gefahrenmanagementsysteme,PKE,"Vienna, Vienna, Austria",On-site,Full-time,Test Automation,Senior,English,Senior,,Recent,https://at.linkedin.com/jobs/view/senior-test-automation-engineer-m-w-d-%E2%80%93-gefahrenmanagementsysteme-at-pke-4434656218,2026-08-27T20:14:59.204139+00:00
14,Test Automation | Austria,linkedin,Senior QA Automation Engineer,Jobgether,Austria,On-site,Full-time,,Senior,English,Senior,,Recent,https://at.linkedin.com/jobs/view/senior-qa-automation-engineer-at-jobgether-4456863508,2026-08-27T20:14:59.204993+00:00
14,Test Automation | Austria,linkedin,Senior Test Automation Engineer (all genders) [Wien],adesso Austria GmbH,"Vienna, Austria",On-site,Full-time,Test Automation,Senior,English,Senior,,Recent,https://at.linkedin.com/jobs/view/senior-test-automation-engineer-all-genders-wien-at-adesso-austria-gmbh-4370386899,2026-08-27T20:14:59.205500+00:00
14,Test Automation | Switzerland,linkedin,Senior QA Automation Engineer,Jobgether,Switzerland,On-site,Full-time,,Senior,English,Senior,,Recent,https://ch.linkedin.com/jobs/view/senior-qa-automation-engineer-at-jobgether-4456856540,2026-08-27T20:15:01.688015+00:00
14,Test Automation | Slovakia,linkedin,Senior Software Engineer in Test,SentinelOne,Slovakia,On-site,Full-time,,Senior,English,Senior,,Recent,https://sk.linkedin.com/jobs/view/senior-software-engineer-in-test-at-sentinelone-4457700912,2026-08-27T20:15:06.313134+00:00
14,Test Automation | Slovakia,linkedin,Lead Software Test Engineer,Caterpillar Inc.,"Košice, Kosice, Slovakia",On-site,Full-time,,Lead,English,Lead,,Recent,https://sk.linkedin.com/jobs/view/lead-software-test-engineer-at-caterpillar-inc-4447087941,2026-08-27T20:15:06.314436+00:00
14,Test Automation | Poland,linkedin,Senior QA Automation Engineer,Motorola Solutions,"Cracow, Małopolskie, Poland",On-site,Full-time,,Senior,English,Senior,,Recent,https://pl.linkedin.com/jobs/view/senior-qa-automation-engineer-at-motorola-solutions-4458214346,2026-08-27T20:15:11.075701+00:00
14,Test Automation | USA,linkedin,Senior SDET – Playwright & Selenium Test Automation,Cognizant,"Phoenix, AZ",On-site,Full-time,"Playwright, Selenium, Test Automation",Senior,English,Senior,,Recent,https://www.linkedin.com/jobs/view/senior-sdet-%E2%80%93-playwright-selenium-test-automation-at-cognizant-4444606426,2026-08-27T20:15:13.516985+00:00
14,Test Automation | USA,linkedin,Senior Software Engineer in Test,CNN,"Atlanta, GA",On-site,Full-time,,Senior,English,Senior,,Recent,https://www.linkedin.com/jobs/view/senior-software-engineer-in-test-at-cnn-4424742800,2026-08-27T20:15:13.517705+00:00
14,Test Automation | United Kingdom,linkedin,Senior Automation Test Engineer - eSC or eDV Clearance Required,IBM,"Manchester, England, United Kingdom",On-site,Full-time,,Senior,English,Senior,,Recent,https://uk.linkedin.com/jobs/view/senior-automation-test-engineer-esc-or-edv-clearance-required-at-ibm-4401657691,2026-08-27T20:15:15.906921+00:00
14,Test Automation | United Kingdom,linkedin,Senior Automation Test Engineer - eSC or eDV Clearance Required,IBM,"Cheltenham, England, United Kingdom",Hybrid,Full-time,"Ci/Cd, Continuous Testing, Java, Jenkins, Python, Selenium, Test Automation","Postman, Senior, Devops, Associate, Scrum, Agile",English,Senior,,Recent,https://uk.linkedin.com/jobs/view/senior-automation-test-engineer-esc-or-edv-clearance-required-at-ibm-4401661667,2026-08-27T20:15:15.907118+00:00
14,Test Automation | United Kingdom,linkedin,Senior Test Automation Engineer,Version 1,"Edinburgh, Scotland, United Kingdom",On-site,Full-time,Test Automation,Senior,English,Senior,,Recent,https://uk.linkedin.com/jobs/view/senior-test-automation-engineer-at-version-1-4449859259,2026-08-27T20:15:15.907296+00:00
14,Test Automation | United Kingdom,linkedin,Senior Test Automation Engineer,Version 1,"Belfast, Northern Ireland, United Kingdom",Remote,Contract,"Can, Ci/Cd, Integration Testing, Java, Playwright, Selenium, Test Automation","Senior, Cypress, Scrum, Aws, Agile, Snowflake, Oracle, Manual Testing",English,Senior,,Recent,https://uk.linkedin.com/jobs/view/senior-test-automation-engineer-at-version-1-4449870153,2026-08-27T20:15:15.907799+00:00
14,Test Automation | United Kingdom,linkedin,Test Automation Engineer,Motorola Solutions,"Glasgow, Scotland, United Kingdom",Hybrid,Contract,"Can, Java, Playwright, Test Automation","Jira, Regression Testing, Devops, Git, Cypress, Github, Sql, Agile, Manual Testing",English,Test Manager,,Recent,https://uk.linkedin.com/jobs/view/test-automation-engineer-at-motorola-solutions-4443930025,2026-08-27T20:15:15.908310+00:00
14,Python Developer | Germany,linkedin,Senior Python Entwickler*,Haeger Consulting GmbH,"Bonn, North Rhine-Westphalia, Germany",On-site,Full-time,Python,Senior,English,Senior,,Recent,https://de.linkedin.com/jobs/view/senior-python-entwickler-at-haeger-consulting-gmbh-4457226603,2026-08-27T20:15:18.295181+00:00
14,Python Developer | Germany,linkedin,Senior Software Engineer Python (all genders),adesso SE,"Nuremberg, Bavaria, Germany",On-site,Full-time,Python,Senior,English,Senior,,Recent,https://de.linkedin.com/jobs/view/senior-software-engineer-python-all-genders-at-adesso-se-4137442830,2026-08-27T20:15:18.295345+00:00
14,Python Developer | Germany,linkedin,Senior Python Backend Engineer / Developer (m/w/d),E.ON Deutschland,"Wunstorf, Lower Saxony, Germany",On-site,Full-time,Python,Senior,English,Senior,,Recent,https://de.linkedin.com/jobs/view/senior-python-backend-engineer-developer-m-w-d-at-e-on-deutschland-4431522646,2026-08-27T20:15:18.295506+00:00
14,Python Developer | Germany,linkedin,Senior Software Engineer Python (m/w/x) Aviation & Aerospace Systems,SII Germany,"Hamburg, Hamburg, Germany",On-site,Full-time,Python,Senior,English,Senior,,Recent,https://de.linkedin.com/jobs/view/senior-software-engineer-python-m-w-x-aviation-aerospace-systems-at-sii-germany-4432416026,2026-08-27T20:15:18.295861+00:00
14,Python Developer | Germany,linkedin,Senior Python Backend Engineer (m/w/d),eRecht24,"Berlin, Berlin, Germany",On-site,Full-time,Python,Senior,English,Senior,,Recent,https://de.linkedin.com/jobs/view/senior-python-backend-engineer-m-w-d-at-erecht24-4448412664,2026-08-27T20:15:18.296019+00:00
14,Python Developer | Germany,linkedin,Senior Python Engineer (m/w/d),Rulemapping,"Berlin, Germany",On-site,Full-time,Python,Senior,English,Senior,,Recent,https://de.linkedin.com/jobs/view/senior-python-engineer-m-w-d-at-rulemapping-4455265858,2026-08-27T20:15:18.296203+00:00
14,Python Developer | Austria,linkedin,Back End Developer Python @ Formunauts,DEVjobs,"Vienna, Austria",On-site,Internship,"Ci/Cd, Python","Senior, Cypress, Docker, Aws, Devops, R, Django",English,Senior,,Recent,https://at.linkedin.com/jobs/view/back-end-developer-python-%40-formunauts-at-devjobs-4457463168,2026-08-27T20:15:20.653702+00:00
14,Python Developer | Austria,linkedin,Senior Backend Engineer (Python/Django),Jobgether,Austria,On-site,Full-time,Python,"Django, Senior",English,Senior,,Recent,https://at.linkedin.com/jobs/view/senior-backend-engineer-python-django-at-jobgether-4456868233,2026-08-27T20:15:20.654025+00:00
14,Python Developer | Austria,linkedin,Senior Python Entwickler:in (m/w/d),NovaLabs GmbH,"Graz, Styria, Austria",On-site,Full-time,Python,Senior,English,Senior,,Recent,https://at.linkedin.com/jobs/view/senior-python-entwickler-in-m-w-d-at-novalabs-gmbh-4445091137,2026-08-27T20:15:20.654203+00:00
14,Python Developer | Austria,linkedin,Senior Backend Engineer (f/m/d),Formunauts,"Vienna, Austria",On-site,Full-time,,Senior,English,Senior,,Recent,https://at.linkedin.com/jobs/view/senior-backend-engineer-f-m-d-at-formunauts-4454752815,2026-08-27T20:15:20.654660+00:00
14,Python Developer | Switzerland,linkedin,Senior Backend Engineer (Python/Django),Jobgether,Switzerland,On-site,Full-time,Python,"Django, Senior",English,Senior,,Recent,https://ch.linkedin.com/jobs/view/senior-backend-engineer-python-django-at-jobgether-4456870245,2026-08-27T20:15:23.080507+00:00
14,Python Developer | Switzerland,linkedin,Python Developer (Mid/Senior),Sphynx,"Zug, Zug, Switzerland",On-site,Full-time,Python,Senior,English,Senior,,Recent,https://ch.linkedin.com/jobs/view/python-developer-mid-senior-at-sphynx-4457310172,2026-08-27T20:15:23.080692+00:00
14,Python Developer | Switzerland,linkedin,Senior Backend Developer,Alohi,"Geneva, Geneva, Switzerland",On-site,Full-time,,Senior,English,Senior,,Recent,https://ch.linkedin.com/jobs/view/senior-backend-developer-at-alohi-4447569975,2026-08-27T20:15:23.081355+00:00
14,Python Developer | Switzerland,linkedin,Senior Software-Ingenieur:in 100%,Fincons Group,"Bern, Berne, Switzerland",Remote,Full-time,,Senior,English,Senior,,Recent,https://ch.linkedin.com/jobs/view/senior-software-ingenieur-in-100%25-at-fincons-group-4451837100,2026-08-27T20:15:23.081514+00:00
14,Python Developer | Switzerland,linkedin,Senior Software Engineer,Duferco,"Lugano, Ticino, Switzerland",On-site,Full-time,,Senior,English,Senior,,Recent,https://ch.linkedin.com/jobs/view/senior-software-engineer-at-duferco-4450343201,2026-08-27T20:15:23.081671+00:00
14,Python Developer | Slovakia,linkedin,Senior Python Engineer (EU or LATAM),Windsor.ai,"Bratislava, Bratislava, Slovakia",On-site,Full-time,Python,Senior,English,Senior,,Recent,https://sk.linkedin.com/jobs/view/senior-python-engineer-eu-or-latam-at-windsor-ai-4438676034,2026-08-27T20:15:27.713945+00:00
14,Python Developer | Slovakia,linkedin,"Staff Software Engineer - Python, Java / Spring or Go",Bloomreach,Slovakia,On-site,Full-time,"Go, Java, Python",Staff,English,Staff,,Recent,https://sk.linkedin.com/jobs/view/staff-software-engineer-python-java-spring-or-go-at-bloomreach-4382127445,2026-08-27T20:15:27.715443+00:00
14,Python Developer | Czech Republic,linkedin,Delivery Consulant/Senior Consultant(Data) - EAD (AI&D) - GDC -GZ(106729),Deloitte,"アト・マジョール州, Hato Mayor, Dominican Republic",On-site,Full-time,,"Consultant, Senior",English,"Consultant, Senior",,Recent,https://do.linkedin.com/jobs/view/delivery-consulant-senior-consultant-data-ead-ai-d-gdc-gz-106729-at-deloitte-4449494815,2026-08-27T20:15:30.122691+00:00
14,Python Developer | Czech Republic,linkedin,Senior AI Engineer (Google ADK + Python) - Remote - Latin America,FullStack,"La Vega, La Vega, Dominican Republic",Remote,Full-time,Python,Senior,English,Senior,,Recent,https://do.linkedin.com/jobs/view/senior-ai-engineer-google-adk-%2B-python-remote-latin-america-at-fullstack-4451954490,2026-08-27T20:15:30.123025+00:00
14,Python Developer | Czech Republic,linkedin,Senior AI Engineer (Google ADK + Python) - Remote - Latin America,FullStack,"Santo Domingo Este, Santo Domingo, Dominican Republic",Remote,Full-time,Python,Senior,English,Senior,,Recent,https://do.linkedin.com/jobs/view/senior-ai-engineer-google-adk-%2B-python-remote-latin-america-at-fullstack-4451933881,2026-08-27T20:15:30.123202+00:00
14,Python Developer | Czech Republic,linkedin,Consultant/Senior Consultant(BPC)- FT - GDC - CQ/GZ,Deloitte,"アト・マジョール州, Hato Mayor, Dominican Republic",On-site,Full-time,,"Consultant, Senior",English,"Consultant, Senior",,Recent,https://do.linkedin.com/jobs/view/consultant-senior-consultant-bpc-ft-gdc-cq-gz-at-deloitte-4458589969,2026-08-27T20:15:30.123359+00:00
14,Python Developer | Poland,linkedin,Senior Python Developer (Capital Markets),Endava,"Warsaw, Mazowieckie, Poland",On-site,Full-time,Python,Senior,English,Senior,,Recent,https://pl.linkedin.com/jobs/view/senior-python-developer-capital-markets-at-endava-4435084939,2026-08-27T20:15:32.535255+00:00
14,Python Developer | Poland,linkedin,Senior Python Developer (Capital Markets),Endava,Cracow Metropolitan Area,On-site,Full-time,Python,Senior,English,Senior,,Recent,https://pl.linkedin.com/jobs/view/senior-python-developer-capital-markets-at-endava-4442031110,2026-08-27T20:15:32.535446+00:00
14,Python Developer | Poland,linkedin,Senior Python Developer,Ness Solution,"Warsaw, Mazowieckie, Poland",On-site,Full-time,Python,Senior,English,Senior,,Recent,https://pl.linkedin.com/jobs/view/senior-python-developer-at-ness-solution-4454280583,2026-08-27T20:15:32.535777+00:00
14,Python Developer | Poland,linkedin,Senior Software Engineer (Python),Capgemini,"Wrocław, Dolnośląskie, Poland",On-site,Full-time,Python,Senior,English,Senior,,Recent,https://pl.linkedin.com/jobs/view/senior-software-engineer-python-at-capgemini-4446058071,2026-08-27T20:15:32.535933+00:00
14,Python Developer | Poland,linkedin,Senior Python Developer (API),Software Mind,"Warsaw, Mazowieckie, Poland",On-site,Full-time,Python,Senior,English,Senior,,Recent,https://pl.linkedin.com/jobs/view/senior-python-developer-api-at-software-mind-4427553562,2026-08-27T20:15:32.536293+00:00
14,Python Developer | Poland,linkedin,Senior Python Software Engineer / RDM,Inetum,"Warsaw, Mazowieckie, Poland",On-site,Full-time,Python,Senior,English,Senior,,Recent,https://pl.linkedin.com/jobs/view/senior-python-software-engineer-rdm-at-inetum-4448858485,2026-08-27T20:15:32.536612+00:00
14,Python Developer | Poland,linkedin,Senior IT Developer - Python (M/F/D),DSV - Global Transport and Logistics,"Warsaw, Mazowieckie, Poland",On-site,Full-time,Python,Senior,English,Senior,,Recent,https://pl.linkedin.com/jobs/view/senior-it-developer-python-m-f-d-at-dsv-global-transport-and-logistics-4409941813,2026-08-27T20:15:32.536775+00:00
14,Python Developer | USA,linkedin,Senior Python Developer,Deloitte,"New York, NY",On-site,Full-time,Python,Senior,English,Senior,,Recent,https://www.linkedin.com/jobs/view/senior-python-developer-at-deloitte-4438552087,2026-08-27T20:15:34.958365+00:00
14,Python Developer | USA,linkedin,Senior Python Developer,Deloitte,"Jersey City, NJ",On-site,Full-time,Python,Senior,English,Senior,,Recent,https://www.linkedin.com/jobs/view/senior-python-developer-at-deloitte-4438540519,2026-08-27T20:15:34.958519+00:00
14,Python Developer | United Kingdom,linkedin,Senior Python Backend Software Developer,Xelix,"London, England, United Kingdom",On-site,Full-time,Python,Senior,English,Senior,,Recent,https://uk.linkedin.com/jobs/view/senior-python-backend-software-developer-at-xelix-4459346626,2026-08-27T20:15:37.376900+00:00
14,Python Developer | United Kingdom,linkedin,Senior Python Developer,King,"London, England, United Kingdom",On-site,Full-time,Python,Senior,English,Senior,,Recent,https://uk.linkedin.com/jobs/view/senior-python-developer-at-king-4457345523,2026-08-27T20:15:37.377442+00:00
14,Python Developer | United Kingdom,linkedin,Senior Python Software Engineer,Connected Consulting Limited,"Watford, England, United Kingdom",On-site,Full-time,Python,Senior,English,Senior,,Recent,https://uk.linkedin.com/jobs/view/senior-python-software-engineer-at-connected-consulting-limited-4458238014,2026-08-27T20:15:37.377597+00:00
14,Python Developer | United Kingdom,linkedin,Senior Python Developer,Ascendion,"Bromley, England, United Kingdom",On-site,Full-time,Python,Senior,English,Senior,,Recent,https://uk.linkedin.com/jobs/view/senior-python-developer-at-ascendion-4444944198,2026-08-27T20:15:37.377757+00:00
14,Python Developer | United Kingdom,linkedin,Senior Python Developer- London- Up to £100K,Akkodis,"London, England, United Kingdom",On-site,Full-time,Python,Senior,English,Senior,,Recent,https://uk.linkedin.com/jobs/view/senior-python-developer-london-up-to-%C2%A3100k-at-akkodis-4452814274,2026-08-27T20:15:37.377913+00:00
14,Python Developer | United Kingdom,linkedin,Senior Python Software Engineer,Citadel Securities,"London Area, United Kingdom",On-site,Full-time,Python,Senior,English,Senior,,Recent,https://uk.linkedin.com/jobs/view/senior-python-software-engineer-at-citadel-securities-4378544344,2026-08-27T20:15:37.378258+00:00
14,Python Test | Germany,linkedin,Senior Software Engineer – Python Automation & Optical Testing,HCLTech,"Nuremberg, Bavaria, Germany",On-site,Full-time,Python,Senior,English,Senior,,Recent,https://de.linkedin.com/jobs/view/senior-software-engineer-%E2%80%93-python-automation-optical-testing-at-hcltech-4450323535,2026-08-27T20:15:39.804509+00:00
14,Python Test | Austria,linkedin,"Test Automation Engineer - Senior Consultant (m,w,d)",QESTIT DACH,"Vienna, Vienna, Austria",On-site,Full-time,Test Automation,"Consultant, Senior",English,"Consultant, Senior",,Recent,https://at.linkedin.com/jobs/view/test-automation-engineer-senior-consultant-m-w-d-at-qestit-dach-4454613181,2026-08-27T20:15:42.224120+00:00
14,Python Test | Austria,linkedin,"Test Automation Engineer mit TOSCA – Senior Consultant (m,w,d)",QESTIT DACH,"Vienna, Austria",On-site,Full-time,Test Automation,"Consultant, Senior",German,"Consultant, Senior",,Recent,https://at.linkedin.com/jobs/view/test-automation-engineer-mit-tosca-%E2%80%93-senior-consultant-m-w-d-at-qestit-dach-4454199845,2026-08-27T20:15:42.224282+00:00
14,Python Test | Switzerland,linkedin,Tech Lead – Testing Engineer,RIVR,"Zurich, Zurich, Switzerland",On-site,Full-time,,"Tech Lead, Lead",English,Lead,,Recent,https://ch.linkedin.com/jobs/view/tech-lead-%E2%80%93-testing-engineer-at-rivr-4457548235,2026-08-27T20:15:44.638589+00:00
14,Python Test | Czech Republic,linkedin,Senior Data QA Engineer - Remote Work | REF#301732,BairesDev,"Santo Domingo, Distrito Nacional, Dominican Republic",Remote,Full-time,,Senior,English,Senior,,Recent,https://do.linkedin.com/jobs/view/senior-data-qa-engineer-remote-work-ref%23301732-at-bairesdev-4455975435,2026-08-27T20:15:51.769710+00:00
14,Python Test | Poland,linkedin,🔎 Senior Automation QA Engineer with Python🔎,Luxoft Poland,"Cracow, Małopolskie, Poland",On-site,Full-time,Python,Senior,English,Senior,,Recent,https://pl.linkedin.com/jobs/view/%F0%9F%94%8E-senior-automation-qa-engineer-with-python%F0%9F%94%8E-at-luxoft-poland-4459175447,2026-08-27T20:15:54.178264+00:00
14,Python Test | Poland,linkedin,🔎 Senior Automation QA Engineer with Python🔎,Luxoft Poland,"Wrocław, Dolnośląskie, Poland",On-site,Full-time,Python,Senior,English,Senior,,Recent,https://pl.linkedin.com/jobs/view/%F0%9F%94%8E-senior-automation-qa-engineer-with-python%F0%9F%94%8E-at-luxoft-poland-4459169468,2026-08-27T20:15:54.178554+00:00
14,Python Test | Poland,linkedin,Senior AQA with Python,Luxoft,"Wrocław, Dolnośląskie, Poland",On-site,Full-time,Python,Senior,English,Senior,,Recent,https://pl.linkedin.com/jobs/view/senior-aqa-with-python-at-luxoft-4459694777,2026-08-27T20:15:54.178765+00:00
14,Python Test | Poland,linkedin,Senior AQA with Python,Luxoft,"Cracow, Małopolskie, Poland",On-site,Full-time,Python,Senior,English,Senior,,Recent,https://pl.linkedin.com/jobs/view/senior-aqa-with-python-at-luxoft-4459699786,2026-08-27T20:15:54.179287+00:00
14,Python Test | USA,linkedin,Lead Software Development Engineer in Test (Python),ICE,"Atlanta, GA",On-site,Full-time,Python,Lead,English,Lead,,Recent,https://www.linkedin.com/jobs/view/lead-software-development-engineer-in-test-python-at-ice-4389299975,2026-08-27T20:15:56.628970+00:00
14,Python Test | USA,linkedin,QA Automation Lead - Python,Tata Consultancy Services,"Charlotte, NC",On-site,Full-time,Python,Lead,English,Lead,,Recent,https://www.linkedin.com/jobs/view/qa-automation-lead-python-at-tata-consultancy-services-4445755059,2026-08-27T20:15:56.629156+00:00
14,Python Test | USA,linkedin,"Senior Software Engineer (SDET, Python)",Viasat,"Carlsbad, CA",On-site,Full-time,Python,Senior,English,Senior,,Recent,https://www.linkedin.com/jobs/view/senior-software-engineer-sdet-python-at-viasat-4457505725,2026-08-27T20:15:56.629479+00:00
14,Python Test | USA,linkedin,Senior Software Automation Testing Engineer,Unissant,"Ashburn, VA",On-site,Full-time,,Senior,English,Senior,,Recent,https://www.linkedin.com/jobs/view/senior-software-automation-testing-engineer-at-unissant-4451098561,2026-08-27T20:15:56.629634+00:00
14,Python Test | USA,linkedin,"Senior Test Automation Engineer, onsite in Petaluma, California",Ciena,"Petaluma, CA",On-site,Full-time,Test Automation,Senior,English,Senior,,Recent,https://www.linkedin.com/jobs/view/senior-test-automation-engineer-onsite-in-petaluma-california-at-ciena-4437923485,2026-08-27T20:15:56.629947+00:00
14,Python Test | USA,linkedin,Lead SDET - GenAI & Financial Services,Cognizant,"New York, NY",On-site,Full-time,,Lead,English,Lead,,Recent,https://www.linkedin.com/jobs/view/lead-sdet-genai-financial-services-at-cognizant-4457670479,2026-08-27T20:15:56.630120+00:00
14,Python Test | United Kingdom,linkedin,Senior Test Engineer,UBDS Digital,"London, England, United Kingdom",On-site,Full-time,,Senior,English,Senior,,Recent,https://uk.linkedin.com/jobs/view/senior-test-engineer-at-ubds-digital-4400213920,2026-08-27T20:15:59.030109+00:00
14,Python Test | United Kingdom,linkedin,"Senior Software Engineer (SDET, Python)",Viasat,"London, England, United Kingdom",On-site,Full-time,Python,Senior,English,Senior,,Recent,https://uk.linkedin.com/jobs/view/senior-software-engineer-sdet-python-at-viasat-4458511345,2026-08-27T20:15:59.030305+00:00
14,Python Test | United Kingdom,linkedin,"Senior Software Engineer in Test, Python",Roku,"Cambridge, England, United Kingdom",On-site,Full-time,Python,Senior,English,Senior,,Recent,https://uk.linkedin.com/jobs/view/senior-software-engineer-in-test-python-at-roku-4385517260,2026-08-27T20:15:59.030472+00:00
14,Python Test | United Kingdom,linkedin,Senior Software Test Engineer,Humanoid,"London, England, United Kingdom",On-site,Full-time,,Senior,English,Senior,,Recent,https://uk.linkedin.com/jobs/view/senior-software-test-engineer-at-humanoid-4415009981,2026-08-27T20:15:59.030942+00:00
14,Firmware Engineer | Germany,linkedin,(Senior) Firmwareentwickler (m/w/d) Siemens AG,FERCHAU,"Karlsruhe, Baden-Württemberg, Germany",On-site,Full-time,,Senior,English,Senior,,Recent,https://de.linkedin.com/jobs/view/senior-firmwareentwickler-m-w-d-siemens-ag-at-ferchau-4438578585,2026-08-27T20:16:01.420811+00:00
14,Firmware Engineer | Germany,linkedin,Senior Embedded Firmware Developer (m/w/d),WIKA Group,"Klingenberg am Main, Bavaria, Germany",On-site,Full-time,Firmware,Senior,English,Senior,,Recent,https://de.linkedin.com/jobs/view/senior-embedded-firmware-developer-m-w-d-at-wika-group-4445500827,2026-08-27T20:16:01.421009+00:00
14,Firmware Engineer | Germany,linkedin,"Senior Embedded Developer - Munich Area - Up to €90,000 (d / m / w)",Optimus Search,Greater Munich Metropolitan Area,On-site,Full-time,,Senior,English,Senior,,Recent,https://de.linkedin.com/jobs/view/senior-embedded-developer-munich-area-up-to-%E2%82%AC90-000-d-m-w-at-optimus-search-4416816817,2026-08-27T20:16:01.421549+00:00
14,Firmware Engineer | Germany,linkedin,Senior Software Developer (m/w/d) Embedded Software & Sensorik,Bundesdruckerei-Gruppe,"Berlin, Germany",On-site,Full-time,,Senior,English,Senior,,Recent,https://de.linkedin.com/jobs/view/senior-software-developer-m-w-d-embedded-software-sensorik-at-bundesdruckerei-gruppe-4438228689,2026-08-27T20:16:01.421719+00:00
14,Firmware Engineer | Germany,linkedin,Senior Embedded Software Engineer – Hardwarenahe Entwicklung / Rust & C++ (all gender),ALTEN,"Berlin, Germany",On-site,Full-time,"C, C++, Rust",Senior,English,Senior,,Recent,https://de.linkedin.com/jobs/view/senior-embedded-software-engineer-%E2%80%93-hardwarenahe-entwicklung-rust-c%2B%2B-all-gender-at-alten-4452239535,2026-08-27T20:16:01.421877+00:00
14,Firmware Engineer | Germany,linkedin,(Senior) Embedded Software Engineer,Seroton,"Munich, Bavaria, Germany",On-site,Full-time,,Senior,English,Senior,,Recent,https://de.linkedin.com/jobs/view/senior-embedded-software-engineer-at-seroton-4446734747,2026-08-27T20:16:01.422366+00:00
14,Firmware Engineer | Austria,linkedin,Senior Firmware Entwickler (m/w/d),ACTIVE SOLUTION GmbH,"Vienna, Austria",On-site,Full-time,Firmware,Senior,English,Senior,,Recent,https://at.linkedin.com/jobs/view/senior-firmware-entwickler-m-w-d-at-active-solution-gmbh-4456714546,2026-08-27T20:16:03.808966+00:00
14,Firmware Engineer | Switzerland,linkedin,Senior Embedded Software Engineer,Summit Recruitment AG,Zürich Metropolitan Area,On-site,Full-time,,Senior,English,Senior,,Recent,https://ch.linkedin.com/jobs/view/senior-embedded-software-engineer-at-summit-recruitment-ag-4454738414,2026-08-27T20:16:06.194227+00:00
14,Firmware Engineer | Switzerland,linkedin,Member of Technical Staff - Embedded Systems Engineer,Domera Labs,Zürich Metropolitan Area,On-site,Full-time,Embedded Systems,Staff,English,Staff,,Recent,https://ch.linkedin.com/jobs/view/member-of-technical-staff-embedded-systems-engineer-at-domera-labs-4458193616,2026-08-27T20:16:06.195016+00:00
14,Firmware Engineer | Slovakia,linkedin,Senior C/C++ Software Engineer,Frequentis,"Bratislava, Bratislava, Slovakia",On-site,Full-time,"C, C++",Senior,English,Senior,,Recent,https://sk.linkedin.com/jobs/view/senior-c-c%2B%2B-software-engineer-at-frequentis-4439990845,2026-08-27T20:16:10.843365+00:00
14,Firmware Engineer | Slovakia,linkedin,Senior Embedded Engineer,Ciklum,"Bratislava, Slovakia",On-site,Full-time,,Senior,English,Senior,,Recent,https://sk.linkedin.com/jobs/view/senior-embedded-engineer-at-ciklum-4437769182,2026-08-27T20:16:10.843550+00:00
14,Firmware Engineer | Slovakia,linkedin,R&D: Electronics System Architect (m/ž),ZKW,"Topoľčany, Nitra Region, Slovakia",On-site,Full-time,,"R, Architect, System Architect",English,"Architect, System Architect",,Recent,https://sk.linkedin.com/jobs/view/r-d-electronics-system-architect-m-%C5%BE-at-zkw-4445504341,2026-08-27T20:16:10.843881+00:00
14,Firmware Engineer | Slovakia,linkedin,"Chcete pomáhať riadiť letovú prevádzku? Senior C/C++ software engineer - flexibilný pracovný model s možnosťou práce z domu, priestor na rast",Frequentis,"Bratislava, Slovakia",On-site,Full-time,"C, C++",Senior,English,Senior,,Recent,https://sk.linkedin.com/jobs/view/chcete-pom%C3%A1ha%C5%A5-riadi%C5%A5-letov%C3%BA-prev%C3%A1dzku%3F-senior-c-c%2B%2B-software-engineer-flexibiln%C3%BD-pracovn%C3%BD-model-s-mo%C5%BEnos%C5%A5ou-pr%C3%A1ce-z-domu-priestor-na-rast-at-frequentis-4456500093,2026-08-27T20:16:10.844224+00:00
14,Firmware Engineer | Slovakia,linkedin,Software Team Lead,Mühlbauer Group,"Nitra Region, Slovakia",On-site,Full-time,,"Team Lead, Lead",English,Lead,,Recent,https://sk.linkedin.com/jobs/view/software-team-lead-at-m%C3%BChlbauer-group-4455853061,2026-08-27T20:16:10.844396+00:00
14,Firmware Engineer | Slovakia,linkedin,R&D: Architekt elektronických systémov - Expert,ZKW,"Topoľčany, Nitra Region, Slovakia",On-site,Full-time,,"Architect, R, Expert",English,"Architect, Expert",,Recent,https://sk.linkedin.com/jobs/view/r-d-architekt-elektronick%C3%BDch-syst%C3%A9mov-expert-at-zkw-4446628405,2026-08-27T20:16:10.844555+00:00
14,Firmware Engineer | Czech Republic,linkedin,Lead Firmware Engineer,Eaton,"Santo Domingo, Distrito Nacional, Dominican Republic",On-site,Full-time,Firmware,Lead,English,Lead,,Recent,https://do.linkedin.com/jobs/view/lead-firmware-engineer-at-eaton-4450819024,2026-08-27T20:16:13.108639+00:00
14,Firmware Engineer | Poland,linkedin,Firmware Engineer – Senior / Mid / Junior,Kidde Global Solutions,"Gdańsk, Pomorskie, Poland",On-site,Full-time,Firmware,"Junior, Senior",English,Senior,,Recent,https://pl.linkedin.com/jobs/view/firmware-engineer-%E2%80%93-senior-mid-junior-at-kidde-global-solutions-4449874215,2026-08-27T20:16:15.514821+00:00
14,Firmware Engineer | Poland,linkedin,Senior Embedded Engineer - nRF / Zephyr (M/F/NB),Etteplan,"Gdańsk, Pomorskie, Poland",On-site,Full-time,,"Zephyr, Senior",English,Senior,,Recent,https://pl.linkedin.com/jobs/view/senior-embedded-engineer-nrf-zephyr-m-f-nb-at-etteplan-4458268215,2026-08-27T20:16:15.515388+00:00
14,Firmware Engineer | Poland,linkedin,Senior Embedded Engineer - nRF / Zephyr (M/F/NB),Etteplan,"Wrocław, Dolnośląskie, Poland",On-site,Full-time,,"Zephyr, Senior",English,Senior,,Recent,https://pl.linkedin.com/jobs/view/senior-embedded-engineer-nrf-zephyr-m-f-nb-at-etteplan-4458269189,2026-08-27T20:16:15.515552+00:00
14,Firmware Engineer | USA,linkedin,Senior Firmware Engineer,Thermo Fisher Scientific,"Oakwood Village, OH",On-site,Full-time,Firmware,Senior,English,Senior,,Recent,https://www.linkedin.com/jobs/view/senior-firmware-engineer-at-thermo-fisher-scientific-4441889886,2026-08-27T20:16:17.945397+00:00
14,Firmware Engineer | USA,linkedin,Senior Edge Engineer - Firmware & MCU,SJE Inc.,"Largo, FL",On-site,Full-time,Firmware,Senior,English,Senior,,Recent,https://www.linkedin.com/jobs/view/senior-edge-engineer-firmware-mcu-at-sje-inc-4447352353,2026-08-27T20:16:17.945581+00:00
14,Firmware Engineer | USA,linkedin,Senior Embedded Firmware Engineer,Eaton,"Moon, PA",On-site,Full-time,Firmware,Senior,English,Senior,,Recent,https://www.linkedin.com/jobs/view/senior-embedded-firmware-engineer-at-eaton-4448018768,2026-08-27T20:16:17.945905+00:00
14,Firmware Engineer | USA,linkedin,Senior / Staff Embedded Firmware Engineer,Entrust,"Shakopee, MN",On-site,Full-time,Firmware,"Staff, Senior",English,"Senior, Staff",,Recent,https://www.linkedin.com/jobs/view/senior-staff-embedded-firmware-engineer-at-entrust-4405387655,2026-08-27T20:16:17.946063+00:00
14,Firmware Engineer | USA,linkedin,"Senior Firmware Engineer, Embedded Systems",Anduril Industries,"Costa Mesa, CA",On-site,Full-time,"Embedded Systems, Firmware",Senior,English,Senior,,Recent,https://www.linkedin.com/jobs/view/senior-firmware-engineer-embedded-systems-at-anduril-industries-4405488561,2026-08-27T20:16:17.946411+00:00
14,Firmware Engineer | USA,linkedin,Senior Firmware Engineer,HP IQ,"San Francisco, CA",On-site,Full-time,Firmware,Senior,English,Senior,,Recent,https://www.linkedin.com/jobs/view/senior-firmware-engineer-at-hp-iq-4446926496,2026-08-27T20:16:17.946562+00:00
14,Firmware Engineer | USA,linkedin,"Senior Firmware Engineer, Wireless",Anduril Industries,"Costa Mesa, CA",On-site,Full-time,Firmware,Senior,English,Senior,,Recent,https://www.linkedin.com/jobs/view/senior-firmware-engineer-wireless-at-anduril-industries-4405608020,2026-08-27T20:16:17.946717+00:00
14,Firmware Engineer | USA,linkedin,Senior Embedded Software Engineer,Columbus McKinnon,Greater Milwaukee,On-site,Full-time,,Senior,English,Senior,,Recent,https://www.linkedin.com/jobs/view/senior-embedded-software-engineer-at-columbus-mckinnon-4446640751,2026-08-27T20:16:17.946875+00:00
14,Firmware Engineer | United Kingdom,linkedin,Senior Firmware Engineer,Arctic Research and Development,"Cirencester, England, United Kingdom",On-site,Full-time,Firmware,Senior,English,Senior,,Recent,https://uk.linkedin.com/jobs/view/senior-firmware-engineer-at-arctic-research-and-development-4455687943,2026-08-27T20:16:20.340861+00:00
14,Firmware Engineer | United Kingdom,linkedin,Senior Firmware Engineer,EVera Recruitment,"Cirencester, England, United Kingdom",On-site,Full-time,Firmware,Senior,English,Senior,,Recent,https://uk.linkedin.com/jobs/view/senior-firmware-engineer-at-evera-recruitment-4458196407,2026-08-27T20:16:20.341050+00:00
14,Firmware Engineer | United Kingdom,linkedin,Senior Embedded Software Engineer,Circuit32 Recruitment,"Cheltenham, England, United Kingdom",On-site,Full-time,,Senior,English,Senior,,Recent,https://uk.linkedin.com/jobs/view/senior-embedded-software-engineer-at-circuit32-recruitment-4459813097,2026-08-27T20:16:20.341246+00:00
14,Firmware Engineer | United Kingdom,linkedin,Senior Firmware Engineer,IC Resources,"Bath, England, United Kingdom",On-site,Full-time,Firmware,Senior,English,Senior,,Recent,https://uk.linkedin.com/jobs/view/senior-firmware-engineer-at-ic-resources-4450712858,2026-08-27T20:16:20.341410+00:00
14,Firmware Engineer | United Kingdom,linkedin,Staff Firmware Engineer,Lunar Energy,"London, England, United Kingdom",On-site,Full-time,Firmware,Staff,English,Staff,,Recent,https://uk.linkedin.com/jobs/view/staff-firmware-engineer-at-lunar-energy-4452894561,2026-08-27T20:16:20.341563+00:00
14,Firmware Engineer | United Kingdom,linkedin,Senior Firmware Engineer,Brompton Bicycle,"Greenford, England, United Kingdom",On-site,Full-time,Firmware,Senior,English,Senior,,Recent,https://uk.linkedin.com/jobs/view/senior-firmware-engineer-at-brompton-bicycle-4445028426,2026-08-27T20:16:20.342188+00:00
14,Firmware Engineer | United Kingdom,linkedin,Senior Firmware Engineer,HID,"Tongwynlais, Wales, United Kingdom",On-site,Full-time,Firmware,Senior,English,Senior,,Recent,https://uk.linkedin.com/jobs/view/senior-firmware-engineer-at-hid-4441501739,2026-08-27T20:16:20.342337+00:00
0,Tester | Germany,linkedin,Softwaretester:in (m/w/d),sovero GmbH,"Frankfurt, Hesse, Germany",On-site,Full-time,,,English,,,Recent,https://de.linkedin.com/jobs/view/softwaretester-in-m-w-d-at-sovero-gmbh-4449549475,2026-08-27T20:13:31.130671+00:00
0,Tester | Germany,linkedin,Softwaretester (m/w/d) - Berlin,Nexus AG,"Berlin, Berlin, Germany",On-site,Full-time,,,English,,,Recent,https://de.linkedin.com/jobs/view/softwaretester-m-w-d-berlin-at-nexus-ag-4447354524,2026-08-27T20:13:31.130877+00:00
0,Tester | Germany,linkedin,(Junior) QA Engineer/Software-Tester (m/w/d) – Produktqualität & Testautomatisierung,CHECK24 Vergleichsportal GmbH,"Dortmund, North Rhine-Westphalia, Germany",On-site,Full-time,"Llm, Test Automation","Junior, Dart, R",German,,,Recent,https://de.linkedin.com/jobs/view/junior-qa-engineer-software-tester-m-w-d-%E2%80%93-produktqualit%C3%A4t-testautomatisierung-at-check24-vergleichsportal-gmbh-4433870576,2026-08-27T20:13:31.131048+00:00
0,Tester | Germany,linkedin,Software-Tester (M/W/D) in Nürnberg,D.O.M. Datenverarbeitung GmbH,"Nuremberg, Bavaria, Germany",Remote,Contract,"Ci/Cd, Jenkins, Selenium, Test Automation","Postman, Sql, R, Git",German,,,Recent,https://de.linkedin.com/jobs/view/software-tester-m-w-d-in-n%C3%BCrnberg-at-d-o-m-datenverarbeitung-gmbh-4457372222,2026-08-27T20:13:31.131302+00:00
0,Tester | Germany,linkedin,Softwaretester:in (m/w/d),aconium GmbH,"Berlin, Germany",On-site,Full-time,,,English,,,Recent,https://de.linkedin.com/jobs/view/softwaretester-in-m-w-d-at-aconium-gmbh-4457756656,2026-08-27T20:13:31.131634+00:00
0,Tester | Germany,linkedin,Softwaretester (m/w/d),FERCHAU,"Lübeck, Schleswig-Holstein, Germany",On-site,Full-time,,,English,,,Recent,https://de.linkedin.com/jobs/view/softwaretester-m-w-d-at-ferchau-4438589012,2026-08-27T20:13:31.131800+00:00
0,Tester | Germany,linkedin,Softwaretester:in,aconium GmbH,"Berlin, Germany",On-site,Full-time,,,English,,,Recent,https://de.linkedin.com/jobs/view/softwaretester-in-at-aconium-gmbh-4459167908,2026-08-27T20:13:31.131957+00:00
0,Tester | Germany,linkedin,Softwaretester / Software Testingenieur (m/w/d),FERCHAU,"Munich, Bavaria, Germany",On-site,Full-time,,,English,,,Recent,https://de.linkedin.com/jobs/view/softwaretester-software-testingenieur-m-w-d-at-ferchau-4438564992,2026-08-27T20:13:31.132130+00:00
0,Tester | Germany,linkedin,Fachlicher Softwaretester (m/w/d) Bankanwendungen,CPU Softwarehouse AG,"Karlsruhe, Baden-Württemberg, Germany",On-site,Full-time,,,English,,,Recent,https://de.linkedin.com/jobs/view/fachlicher-softwaretester-m-w-d-bankanwendungen-at-cpu-softwarehouse-ag-4445533628,2026-08-27T20:13:31.132290+00:00
0,Tester | Austria,linkedin,Junior Software Test Engineer (m/w/d),TECCON Consulting GmbH,"Gleisdorf, Styria, Austria",On-site,Full-time,,Junior,English,,,Recent,https://at.linkedin.com/jobs/view/junior-software-test-engineer-m-w-d-at-teccon-consulting-gmbh-4437026598,2026-08-27T20:13:33.531794+00:00
0,Tester | Austria,linkedin,Software Test Engineer (f/m/d),COPA-DATA,"Salzburg, Salzburg, Austria",On-site,Full-time,,,English,,,Recent,https://at.linkedin.com/jobs/view/software-test-engineer-f-m-d-at-copa-data-4406956596,2026-08-27T20:13:33.531983+00:00
0,Tester | Austria,linkedin,Test Engineer,SCIENTIFIC GAMES,"Vienna, Austria",On-site,Full-time,,,English,,,Recent,https://at.linkedin.com/jobs/view/test-engineer-at-scientific-games-4447950790,2026-08-27T20:13:33.532173+00:00
0,Tester | Austria,linkedin,"(Junior) Software Tester
Product Quality Engineer",evon,"Sankt Ruprecht an der Raab, Styria, Austria",On-site,Full-time,,Junior,German,,,Recent,https://at.linkedin.com/jobs/view/junior-software-tester%0Aproduct-quality-engineer-at-evon-4448566895,2026-08-27T20:13:33.532335+00:00
0,Tester | Austria,linkedin,Software Test Engineer (f/m/d),SCIENTIFIC GAMES,"Vienna, Austria",Remote,Contract,Jenkins,"Jira, Linux, Kanban, Docker, Openshift, Scrum, Agile, Gitlab",English,,,Recent,https://at.linkedin.com/jobs/view/software-test-engineer-f-m-d-at-scientific-games-4452395395,2026-08-27T20:13:33.532495+00:00
0,Tester | Austria,linkedin,Software Test Engineer (f/m/x),Anton Paar,"Graz, Styria, Austria",On-site,Internship,"C, Java, Python, Selenium, Test Automation","Junit, Agile, Kanban, Scrum, C#, Testng",English,,,Recent,https://at.linkedin.com/jobs/view/software-test-engineer-f-m-x-at-anton-paar-4447910385,2026-08-27T20:13:33.532956+00:00
0,Tester | Austria,linkedin,Software Tester / Systems Integration (w/m/x),NOVOMATIC,"Gumpoldskirchen, Lower Austria, Austria",On-site,Internship,"Firmware, Integration Testing","Intern, Linux, R",German,,,Recent,https://at.linkedin.com/jobs/view/software-tester-systems-integration-w-m-x-at-novomatic-4330849942,2026-08-27T20:13:33.533127+00:00
0,Tester | Austria,linkedin,Software Test Engineer w/m/d,Besi Austria GmbH,"Radfeld, Tyrol, Austria",On-site,Full-time,,,English,,,Recent,https://at.linkedin.com/jobs/view/software-test-engineer-w-m-d-at-besi-austria-gmbh-4457893918,2026-08-27T20:13:33.533288+00:00
0,Tester | Switzerland,linkedin,Testautomation-Engineer / Testengineer [#594],Paul Wicki Personal AG,"Berne, Switzerland",On-site,Full-time,,,English,,,Recent,https://ch.linkedin.com/jobs/view/testautomation-engineer-testengineer-%23594-at-paul-wicki-personal-ag-4457760584,2026-08-27T20:13:35.960974+00:00
0,Tester | Switzerland,linkedin,Test Analyste confirmé (H/F),SQLI,"Geneva, Geneva, Switzerland",On-site,Full-time,,,English,,,Recent,https://ch.linkedin.com/jobs/view/test-analyste-confirm%C3%A9-h-f-at-sqli-4459159821,2026-08-27T20:13:35.961191+00:00
0,Tester | Switzerland,linkedin,Test Engineer,Centris AG,"Solothurn, Solothurn, Switzerland",On-site,Full-time,,,English,,,Recent,https://ch.linkedin.com/jobs/view/test-engineer-at-centris-ag-4452450278,2026-08-27T20:13:35.961351+00:00
0,Tester | Switzerland,linkedin,QA Engineer – Mobile Testing,Specialized Bicycle Components,"Cham, Zug, Switzerland",Remote,Full-time,,,English,,,Recent,https://ch.linkedin.com/jobs/view/qa-engineer-%E2%80%93-mobile-testing-at-specialized-bicycle-components-4419855030,2026-08-27T20:13:35.961517+00:00
0,Tester | Switzerland,linkedin,Embedded Tester / Test Automation Engineer - Chatbot & Voicebot (w/m/d),PostFinance,"Bern, Berne, Switzerland",On-site,Full-time,Test Automation,,English,,,Recent,https://ch.linkedin.com/jobs/view/embedded-tester-test-automation-engineer-chatbot-voicebot-w-m-d-at-postfinance-4457362872,2026-08-27T20:13:35.961686+00:00
0,Tester | Switzerland,linkedin,Test und Quality Engineer,ti&m,"Zurich, Switzerland",On-site,Full-time,,,German,,,Recent,https://ch.linkedin.com/jobs/view/test-und-quality-engineer-at-ti-m-4452251496,2026-08-27T20:13:35.961842+00:00
0,Tester | Switzerland,linkedin,Test Automation Engineer / Testingenieur (M/W),Expleo Group,"Bern, Berne, Switzerland",On-site,Full-time,Test Automation,,English,,,Recent,https://ch.linkedin.com/jobs/view/test-automation-engineer-testingenieur-m-w-at-expleo-group-4425699516,2026-08-27T20:13:35.962002+00:00
0,Tester | Switzerland,linkedin,Test Automation Engineer,K&K Talents,"Zurich, Switzerland",On-site,Full-time,Test Automation,,English,,,Recent,https://ch.linkedin.com/jobs/view/test-automation-engineer-at-k-k-talents-4459677368,2026-08-27T20:13:35.962183+00:00
0,Tester | Switzerland,linkedin,Testingenieur Sonderbrandsysteme 80 - 100 % (m/w/d),Securiton AG,"Zollikofen, Berne, Switzerland",On-site,Full-time,,,English,,,Recent,https://ch.linkedin.com/jobs/view/testingenieur-sonderbrandsysteme-80-100-%25-m-w-d-at-securiton-ag-4432561573,2026-08-27T20:13:35.962336+00:00
0,Tester | Slovakia,linkedin,Software Test Engineer,Sensoneo,"Bratislava, Slovakia",On-site,Full-time,,,English,,,Recent,https://sk.linkedin.com/jobs/view/software-test-engineer-at-sensoneo-4445877933,2026-08-27T20:13:40.590674+00:00
0,Tester | Slovakia,linkedin,Integration Tester,Avenga,"Bratislava, Bratislava, Slovakia",On-site,Full-time,,,English,,,Recent,https://sk.linkedin.com/jobs/view/integration-tester-at-avenga-4331424497,2026-08-27T20:13:40.590868+00:00
0,Tester | Slovakia,linkedin,SW (Agile) Test Engineer (m/f/n),ESET,"Bratislava, Bratislava, Slovakia",On-site,Full-time,,Agile,English,,,Recent,https://sk.linkedin.com/jobs/view/sw-agile-test-engineer-m-f-n-at-eset-4441547531,2026-08-27T20:13:40.591040+00:00
0,Tester | Slovakia,linkedin,Agile Test Engineer - Medior (m/f/n),ESET,"Bratislava, Bratislava, Slovakia",On-site,Full-time,,Agile,English,,,Recent,https://sk.linkedin.com/jobs/view/agile-test-engineer-medior-m-f-n-at-eset-4445540260,2026-08-27T20:13:40.591236+00:00
0,Tester | Slovakia,linkedin,Software QA Specialist,Descartes Systems Group,"Žilina, Zilina, Slovakia",On-site,Full-time,,,English,,,Recent,https://sk.linkedin.com/jobs/view/software-qa-specialist-at-descartes-systems-group-4382115365,2026-08-27T20:13:40.591555+00:00
0,Tester | Slovakia,linkedin,Software Test Analyst,Descartes Systems Group,"Žilina, Zilina, Slovakia",On-site,Full-time,,,English,,,Recent,https://sk.linkedin.com/jobs/view/software-test-analyst-at-descartes-systems-group-4438273257,2026-08-27T20:13:40.591735+00:00
0,Tester | Slovakia,linkedin,Middle QA Engineer,GoReel,Slovakia,On-site,Full-time,,,English,,,Recent,https://sk.linkedin.com/jobs/view/middle-qa-engineer-at-goreel-4452467343,2026-08-27T20:13:40.591903+00:00
0,Tester | Czech Republic,linkedin,QA Tester Republica Dominicana,Agilesoft,"Santo Domingo, Distrito Nacional, Dominican Republic",On-site,Full-time,,,English,,,Recent,https://do.linkedin.com/jobs/view/qa-tester-republica-dominicana-at-agilesoft-4454992243,2026-08-27T20:13:42.948776+00:00
0,Tester | Czech Republic,linkedin,Test Engineer (Mobile) - Remote Work | REF#301127,BairesDev,"Santo Domingo, Distrito Nacional, Dominican Republic",Remote,Full-time,,,English,,,Recent,https://do.linkedin.com/jobs/view/test-engineer-mobile-remote-work-ref%23301127-at-bairesdev-4455972478,2026-08-27T20:13:42.948964+00:00
0,Tester | Czech Republic,linkedin,Analista Sr. Calidad de Software,Asociación La Nacional de Ahorros y Préstamos,"Santo Domingo, Distrito Nacional, Dominican Republic",On-site,Full-time,,,English,,,Recent,https://do.linkedin.com/jobs/view/analista-sr-calidad-de-software-at-asociaci%C3%B3n-la-nacional-de-ahorros-y-pr%C3%A9stamos-4456243145,2026-08-27T20:13:42.949144+00:00
0,Tester | Czech Republic,linkedin,Test Automation Engineer (API & UI) - Remote work | REF#301548,BairesDev,"Santo Domingo, Distrito Nacional, Dominican Republic",Remote,Full-time,Test Automation,,English,,,Recent,https://do.linkedin.com/jobs/view/test-automation-engineer-api-ui-remote-work-ref%23301548-at-bairesdev-4455987254,2026-08-27T20:13:42.949314+00:00
0,Tester | Czech Republic,linkedin,Software Development Engineer in Test,Origami Risk,"Santo Domingo, Distrito Nacional, Dominican Republic",On-site,Full-time,,,English,,,Recent,https://do.linkedin.com/jobs/view/software-development-engineer-in-test-at-origami-risk-4446340469,2026-08-27T20:13:42.949779+00:00
0,Tester | Czech Republic,linkedin,Quality Automation Engineer,Flash,"Santo Domingo, Distrito Nacional, Dominican Republic",On-site,Full-time,,,English,,,Recent,https://do.linkedin.com/jobs/view/quality-automation-engineer-at-flash-4449448358,2026-08-27T20:13:42.949925+00:00
0,Tester | Czech Republic,linkedin,Data QA Engineer – Enterprise Data | DR,Truelogic,Dominican Republic,On-site,Full-time,,,English,,,Recent,https://do.linkedin.com/jobs/view/data-qa-engineer-%E2%80%93-enterprise-data-dr-at-truelogic-4449980059,2026-08-27T20:13:42.950078+00:00
0,Tester | Czech Republic,linkedin,Laboratory Technician,B. Braun Medical Inc. (US),"Santo Domingo, Distrito Nacional, Dominican Republic",On-site,Full-time,,,English,,,Recent,https://do.linkedin.com/jobs/view/laboratory-technician-at-b-braun-medical-inc-us-4392467896,2026-08-27T20:13:42.950267+00:00
0,Tester | Poland,linkedin,Manual Tester – Web and Mobile Applications (f/m/x),Sii Poland,"Warsaw, Mazowieckie, Poland",Remote,Full-time,,,English,,,Recent,https://pl.linkedin.com/jobs/view/manual-tester-%E2%80%93-web-and-mobile-applications-f-m-x-at-sii-poland-4454625500,2026-08-27T20:13:45.319336+00:00
0,Tester | Poland,linkedin,Junior Manual Tester (f/m/x),Sii Poland,"Warsaw, Mazowieckie, Poland",On-site,Full-time,,Junior,English,,,Recent,https://pl.linkedin.com/jobs/view/junior-manual-tester-f-m-x-at-sii-poland-4456921258,2026-08-27T20:13:45.319529+00:00
0,Tester | Poland,linkedin,Software Tester,Yggdrasil Gaming Ltd,"Cracow, Małopolskie, Poland",On-site,Full-time,,,English,,,Recent,https://pl.linkedin.com/jobs/view/software-tester-at-yggdrasil-gaming-ltd-4446766274,2026-08-27T20:13:45.319694+00:00
0,Tester | Poland,linkedin,Software Tester (M/F/D),DSV - Global Transport and Logistics,"Warsaw, Mazowieckie, Poland",On-site,Full-time,,,English,,,Recent,https://pl.linkedin.com/jobs/view/software-tester-m-f-d-at-dsv-global-transport-and-logistics-4451666221,2026-08-27T20:13:45.319854+00:00
0,Tester | Poland,linkedin,Quality Assurance Specialist,Worldline,"Warsaw, Mazowieckie, Poland",On-site,Full-time,,,English,,,Recent,https://pl.linkedin.com/jobs/view/quality-assurance-specialist-at-worldline-4459695510,2026-08-27T20:13:45.320013+00:00
0,Tester | Poland,linkedin,Tester Automatyzujący / Testerka Automatyzująca,NATEK,"Warsaw, Mazowieckie, Poland",On-site,Full-time,,,English,,,Recent,https://pl.linkedin.com/jobs/view/tester-automatyzuj%C4%85cy-testerka-automatyzuj%C4%85ca-at-natek-4450710719,2026-08-27T20:13:45.320195+00:00
0,Tester | Poland,linkedin,Tester Automatyzujący / Testerka Automatyzująca,Finture,"Warsaw, Mazowieckie, Poland",On-site,Full-time,,,English,,,Recent,https://pl.linkedin.com/jobs/view/tester-automatyzuj%C4%85cy-testerka-automatyzuj%C4%85ca-at-finture-4455752397,2026-08-27T20:13:45.320363+00:00
0,Tester | Poland,linkedin,Software Tester,Yggdrasil Gaming Ltd,"Krakowski, Małopolskie, Poland",On-site,Full-time,,,English,,,Recent,https://pl.linkedin.com/jobs/view/software-tester-at-yggdrasil-gaming-ltd-4444577589,2026-08-27T20:13:45.320574+00:00
0,Tester | Poland,linkedin,Tester Manualny QA,Aristocrat,"Cracow, Małopolskie, Poland",On-site,Full-time,,,English,,,Recent,https://pl.linkedin.com/jobs/view/tester-manualny-qa-at-aristocrat-4452369898,2026-08-27T20:13:45.320732+00:00
0,Tester | Poland,linkedin,Manual Tester – Banking Domain - Tieto Tech Consulting (m/f/d),Tieto,"Gdynia, Pomorskie, Poland",On-site,Full-time,,,English,,,Recent,https://pl.linkedin.com/jobs/view/manual-tester-%E2%80%93-banking-domain-tieto-tech-consulting-m-f-d-at-tieto-4430465638,2026-08-27T20:13:45.320882+00:00
0,Tester | USA,linkedin,QA Tester,Crash Champions,"Westmont, IL",On-site,Full-time,,,English,,,Recent,https://www.linkedin.com/jobs/view/qa-tester-at-crash-champions-4456256827,2026-08-27T20:13:47.704496+00:00
0,Tester | USA,linkedin,Junior Tester,Sparksoft Corporation,"Columbia, MD",On-site,Full-time,,Junior,English,,,Recent,https://www.linkedin.com/jobs/view/junior-tester-at-sparksoft-corporation-4458212239,2026-08-27T20:13:47.704691+00:00
0,Tester | USA,linkedin,Test Engineer,Booz Allen Hamilton,"Annapolis Junction, MD",On-site,Full-time,,,English,,,Recent,https://www.linkedin.com/jobs/view/test-engineer-at-booz-allen-hamilton-4430110956,2026-08-27T20:13:47.704857+00:00
0,Tester | USA,linkedin,Software Test Engineer,HiredBuddy,"Dallas, TX",On-site,Full-time,,,English,,,Recent,https://www.linkedin.com/jobs/view/software-test-engineer-at-hiredbuddy-4457991137,2026-08-27T20:13:47.705028+00:00
0,Tester | USA,linkedin,Test Engineer II,Battelle,"Chantilly, VA",On-site,Full-time,,,English,,,Recent,https://www.linkedin.com/jobs/view/test-engineer-ii-at-battelle-4411681733,2026-08-27T20:13:47.705214+00:00
0,Tester | USA,linkedin,QA Test Technician,Red Cat Holdings,"Salt Lake City, UT",On-site,Full-time,,,English,,,Recent,https://www.linkedin.com/jobs/view/qa-test-technician-at-red-cat-holdings-4427585343,2026-08-27T20:13:47.705373+00:00
0,Tester | USA,linkedin,Test Engineer,Excellus BCBS,"DeWitt, NY",On-site,Full-time,,,English,,,Recent,https://www.linkedin.com/jobs/view/test-engineer-at-excellus-bcbs-4456406619,2026-08-27T20:13:47.705531+00:00
0,Tester | USA,linkedin,Software Quality Assurance Technician,Lincoln Electric,"Houston, TX",On-site,Full-time,,,English,,,Recent,https://www.linkedin.com/jobs/view/software-quality-assurance-technician-at-lincoln-electric-4450248762,2026-08-27T20:13:47.705680+00:00
0,Tester | USA,linkedin,Software Quality Assurance Specialist/Applications Tester,Nightwing,"Sterling, VA",On-site,Full-time,,,English,,,Recent,https://www.linkedin.com/jobs/view/software-quality-assurance-specialist-applications-tester-at-nightwing-4453007664,2026-08-27T20:13:47.705832+00:00
0,Tester | USA,linkedin,"Analyst, IT Quality Assurance","HSA Bank, a division of Santander Bank, N.A.","Milwaukee, WI",On-site,Full-time,,,English,,,Recent,https://www.linkedin.com/jobs/view/analyst-it-quality-assurance-at-hsa-bank-a-division-of-santander-bank-n-a-4457568111,2026-08-27T20:13:47.705988+00:00
0,Tester | United Kingdom,linkedin,Junior/Mid-level Software Tester,Fruition Group,"Leeds, England, United Kingdom",On-site,Full-time,,"Junior, Mid-Level",English,,,Recent,https://uk.linkedin.com/jobs/view/junior-mid-level-software-tester-at-fruition-group-4452467567,2026-08-27T20:13:50.092485+00:00
0,Tester | United Kingdom,linkedin,Software Quality Assurance Tester,Stockford Recruitment,"City Of Bristol, England, United Kingdom",On-site,Full-time,,,English,,,Recent,https://uk.linkedin.com/jobs/view/software-quality-assurance-tester-at-stockford-recruitment-4455876170,2026-08-27T20:13:50.092671+00:00
0,Tester | United Kingdom,linkedin,Junior QA Engineer,Acorn Group,"Liverpool, England, United Kingdom",On-site,Full-time,,Junior,English,,,Recent,https://uk.linkedin.com/jobs/view/junior-qa-engineer-at-acorn-group-4454063285,2026-08-27T20:13:50.092832+00:00
0,Tester | United Kingdom,linkedin,"Software Tester, PAY",bet365,"Stoke-On-Trent, England, United Kingdom",On-site,Full-time,,,English,,,Recent,https://uk.linkedin.com/jobs/view/software-tester-pay-at-bet365-4459304474,2026-08-27T20:13:50.092994+00:00
0,Tester | United Kingdom,linkedin,Software Tester - Visualfiles,Carpenters Group,"Liverpool, England, United Kingdom",On-site,Full-time,,,English,,,Recent,https://uk.linkedin.com/jobs/view/software-tester-visualfiles-at-carpenters-group-4454115243,2026-08-27T20:13:50.093173+00:00
0,Tester | United Kingdom,linkedin,"Software Tester, PAY",bet365,"Manchester, England, United Kingdom",On-site,Full-time,,,English,,,Recent,https://uk.linkedin.com/jobs/view/software-tester-pay-at-bet365-4459192487,2026-08-27T20:13:50.093327+00:00
0,Tester | United Kingdom,linkedin,Software QA Engineer,STATSports,"Newry, Northern Ireland, United Kingdom",On-site,Full-time,,,English,,,Recent,https://uk.linkedin.com/jobs/view/software-qa-engineer-at-statsports-4455757257,2026-08-27T20:13:50.093486+00:00
0,Tester | United Kingdom,linkedin,Junior Test Analyst,CPS Group (UK) Limited,"Greater Bristol Area, United Kingdom",On-site,Full-time,,Junior,English,,,Recent,https://uk.linkedin.com/jobs/view/junior-test-analyst-at-cps-group-uk-limited-4458229690,2026-08-27T20:13:50.093639+00:00
0,Tester | United Kingdom,linkedin,UAT Test Analyst,Acorn Group,"Liverpool, England, United Kingdom",On-site,Full-time,,,English,,,Recent,https://uk.linkedin.com/jobs/view/uat-test-analyst-at-acorn-group-4454072159,2026-08-27T20:13:50.093790+00:00
0,Tester | United Kingdom,linkedin,QA Test Engineer,Leo Recruitment Limited,"Poole, England, United Kingdom",On-site,Full-time,,,English,,,Recent,https://uk.linkedin.com/jobs/view/qa-test-engineer-at-leo-recruitment-limited-4457884916,2026-08-27T20:13:50.093935+00:00
0,QA Engineer | Germany,linkedin,QA Engineer/Softwaretester Automotive-Software (m/w/d),BWSolution GmbH,"Hamburg, Hamburg, Germany",On-site,Full-time,,,English,,,Recent,https://de.linkedin.com/jobs/view/qa-engineer-softwaretester-automotive-software-m-w-d-at-bwsolution-gmbh-4453449038,2026-08-27T20:13:52.470845+00:00
0,QA Engineer | Germany,linkedin,IT-Qualitätssicherung / QA Engineer (m/w/d),WE ARE DEVELOPERS,"Hannover, Lower Saxony, Germany",On-site,Full-time,,,English,,,Recent,https://de.linkedin.com/jobs/view/it-qualit%C3%A4tssicherung-qa-engineer-m-w-d-at-we-are-developers-4447379378,2026-08-27T20:13:52.471008+00:00
0,QA Engineer | Germany,linkedin,Quality Assurance Engineer (m/f/d),Yalwa GmbH,"Wiesbaden, Hesse, Germany",On-site,Full-time,,,English,,,Recent,https://de.linkedin.com/jobs/view/quality-assurance-engineer-m-f-d-at-yalwa-gmbh-4453112992,2026-08-27T20:13:52.471193+00:00
0,QA Engineer | Germany,linkedin,QA - Automation Software Test Engineer (m/w/d) - Warehouse Systeme,flaschenpost SE,"Münster, North Rhine-Westphalia, Germany",On-site,Full-time,,,English,,,Recent,https://de.linkedin.com/jobs/view/qa-automation-software-test-engineer-m-w-d-warehouse-systeme-at-flaschenpost-se-4427537378,2026-08-27T20:13:52.471349+00:00
0,QA Engineer | Germany,linkedin,"Software QA Engineer / Testautomation | Selenium, Katalon, Web-Software | Inhouse (mwd)",Vesterling AG,"Munich, Bavaria, Germany",On-site,Full-time,Selenium,,English,,,Recent,https://de.linkedin.com/jobs/view/software-qa-engineer-testautomation-selenium-katalon-web-software-inhouse-mwd-at-vesterling-ag-4437756410,2026-08-27T20:13:52.471666+00:00
0,QA Engineer | Germany,linkedin,QA Engineer – Salesforce (m/w/d),compeople AG,"Frankfurt am Main, Hesse, Germany",On-site,Full-time,,,English,,,Recent,https://de.linkedin.com/jobs/view/qa-engineer-%E2%80%93-salesforce-m-w-d-at-compeople-ag-4455704475,2026-08-27T20:13:52.471820+00:00
0,QA Engineer | Germany,linkedin,Quality Assurance Engineer (m/w/d),Nexburg,"Aachen, North Rhine-Westphalia, Germany",On-site,Full-time,,,English,,,Recent,https://de.linkedin.com/jobs/view/quality-assurance-engineer-m-w-d-at-nexburg-4445519056,2026-08-27T20:13:52.471976+00:00
0,QA Engineer | Austria,linkedin,QA Engineer & Testautomation (m/w/d) - PAM Parking - SaaS,PKE,"Klagenfurt, Carinthia, Austria",On-site,Full-time,,,English,,,Recent,https://at.linkedin.com/jobs/view/qa-engineer-testautomation-m-w-d-pam-parking-saas-at-pke-4450351790,2026-08-27T20:13:54.877179+00:00
0,QA Engineer | Austria,linkedin,Software Test Engineer (m/w/d),T-Systems Austria,"Vienna, Vienna, Austria",On-site,Full-time,,,English,,,Recent,https://at.linkedin.com/jobs/view/software-test-engineer-m-w-d-at-t-systems-austria-4442754250,2026-08-27T20:13:54.877836+00:00
0,QA Engineer | Austria,linkedin,Test Automation Engineer C# (m/f/x),ADMIRAL Technologies,"Vienna, Austria",On-site,Full-time,"C, Test Automation",C#,English,,,Recent,https://at.linkedin.com/jobs/view/test-automation-engineer-c%23-m-f-x-at-admiral-technologies-4443871193,2026-08-27T20:13:54.878162+00:00
0,QA Engineer | Austria,linkedin,Test Engineer (m/w/x),ÖBB,"Leopoldstadt, Vienna, Austria",On-site,Full-time,,,English,,,Recent,https://at.linkedin.com/jobs/view/test-engineer-m-w-x-at-%C3%B6bb-4453567798,2026-08-27T20:13:54.878490+00:00
0,QA Engineer | Switzerland,linkedin,Backend QA Engineer,Jobgether,Switzerland,On-site,Full-time,,,English,,,Recent,https://ch.linkedin.com/jobs/view/backend-qa-engineer-at-jobgether-4458365703,2026-08-27T20:13:57.301177+00:00
0,QA Engineer | Switzerland,linkedin,Sr. Test Engineer,Jobgether,Switzerland,On-site,Full-time,,,English,,,Recent,https://ch.linkedin.com/jobs/view/sr-test-engineer-at-jobgether-4456087540,2026-08-27T20:13:57.301791+00:00
0,QA Engineer | Switzerland,linkedin,SDET / QA Automation Engineer,DonTouch SA,"Chiasso, Ticino, Switzerland",On-site,Full-time,,,English,,,Recent,https://ch.linkedin.com/jobs/view/sdet-qa-automation-engineer-at-dontouch-sa-4452448275,2026-08-27T20:13:57.301945+00:00
0,QA Engineer | Slovakia,linkedin,Agile Test Engineer (m/f/n),ESET,"Bratislava, Bratislava, Slovakia",On-site,Full-time,,Agile,English,,,Recent,https://sk.linkedin.com/jobs/view/agile-test-engineer-m-f-n-at-eset-4405185637,2026-08-27T20:14:01.913467+00:00
0,QA Engineer | Slovakia,linkedin,Experienced Test Automation Engineer,Accenture na Slovensku,"Bratislava, Bratislava, Slovakia",On-site,Full-time,Test Automation,,English,,,Recent,https://sk.linkedin.com/jobs/view/experienced-test-automation-engineer-at-accenture-na-slovensku-4439873951,2026-08-27T20:14:01.914431+00:00
0,QA Engineer | Slovakia,linkedin,Test Automation Engineer,Avenga,"Bratislava, Bratislava, Slovakia",On-site,Full-time,Test Automation,,English,,,Recent,https://sk.linkedin.com/jobs/view/test-automation-engineer-at-avenga-4331424496,2026-08-27T20:14:01.914590+00:00
0,QA Engineer | Slovakia,linkedin,Tosca Automation Engineer,Accenture na Slovensku,"Bratislava, Bratislava, Slovakia",On-site,Full-time,,,English,,,Recent,https://sk.linkedin.com/jobs/view/tosca-automation-engineer-at-accenture-na-slovensku-4445794318,2026-08-27T20:14:01.914748+00:00
0,QA Engineer | Czech Republic,linkedin,Quality Assurance Engineer - Trabajo Remoto,BairesDev,"Santo Domingo, Distrito Nacional, Dominican Republic",On-site,Full-time,,,English,,,Recent,https://do.linkedin.com/jobs/view/quality-assurance-engineer-trabajo-remoto-at-bairesdev-4457602712,2026-08-27T20:14:04.302204+00:00
0,QA Engineer | Czech Republic,linkedin,Quality Engineer II-2,Integer Holdings Corporation,"Santo Domingo, Distrito Nacional, Dominican Republic",On-site,Full-time,,,English,,,Recent,https://do.linkedin.com/jobs/view/quality-engineer-ii-2-at-integer-holdings-corporation-4414630897,2026-08-27T20:14:04.302893+00:00
0,QA Engineer | Czech Republic,linkedin,Quality Engineer II-1,Integer Holdings Corporation,"Santo Domingo, Distrito Nacional, Dominican Republic",On-site,Full-time,,,English,,,Recent,https://do.linkedin.com/jobs/view/quality-engineer-ii-1-at-integer-holdings-corporation-4414643162,2026-08-27T20:14:04.303062+00:00
0,QA Engineer | Poland,linkedin,QA Engineer,Webfleet,"Warsaw, Mazowieckie, Poland",On-site,Full-time,,,English,,,Recent,https://pl.linkedin.com/jobs/view/qa-engineer-at-webfleet-4452828032,2026-08-27T20:14:06.719579+00:00
0,QA Engineer | Poland,linkedin,Software QA Engineer - Automation,Autodesk,"Cracow, Małopolskie, Poland",On-site,Full-time,,,English,,,Recent,https://pl.linkedin.com/jobs/view/software-qa-engineer-automation-at-autodesk-4416145285,2026-08-27T20:14:06.719939+00:00
0,QA Engineer | Poland,linkedin,QA Engineer (Loyalty Sector),Comarch,"Cracow, Małopolskie, Poland",On-site,Full-time,,,English,,,Recent,https://pl.linkedin.com/jobs/view/qa-engineer-loyalty-sector-at-comarch-4458184941,2026-08-27T20:14:06.720126+00:00
0,QA Engineer | Poland,linkedin,Full-stack QA Engineer (Loyalty),Comarch,"Lublin, Lubelskie, Poland",On-site,Full-time,,,English,,,Recent,https://pl.linkedin.com/jobs/view/full-stack-qa-engineer-loyalty-at-comarch-4459011619,2026-08-27T20:14:06.720297+00:00
0,QA Engineer | Poland,linkedin,Software Test Engineer,Reply,"Katowice, Śląskie, Poland",On-site,Full-time,,,English,,,Recent,https://pl.linkedin.com/jobs/view/software-test-engineer-at-reply-4454754558,2026-08-27T20:14:06.720780+00:00
0,QA Engineer | Poland,linkedin,QA Engineer,NTT DATA Business Solutions,"Wrocław, Dolnośląskie, Poland",On-site,Full-time,,,English,,,Recent,https://pl.linkedin.com/jobs/view/qa-engineer-at-ntt-data-business-solutions-4439797219,2026-08-27T20:14:06.721086+00:00
0,QA Engineer | USA,linkedin,Software Quality Engineer I - III (DOE),Cambia Health Solutions,"Boise, ID",On-site,Full-time,,,English,,,Recent,https://www.linkedin.com/jobs/view/software-quality-engineer-i-iii-doe-at-cambia-health-solutions-4457174635,2026-08-27T20:14:09.184131+00:00
0,QA Engineer | USA,linkedin,Software Quality Engineer I - III (DOE),Cambia Health Solutions,"Portland, OR",On-site,Full-time,,,English,,,Recent,https://www.linkedin.com/jobs/view/software-quality-engineer-i-iii-doe-at-cambia-health-solutions-4457167808,2026-08-27T20:14:09.184319+00:00
0,QA Engineer | USA,linkedin,Quality Assurance Automation Engineer,U-Haul,"Phoenix, AZ",On-site,Full-time,,,English,,,Recent,https://www.linkedin.com/jobs/view/quality-assurance-automation-engineer-at-u-haul-4460100625,2026-08-27T20:14:09.184490+00:00
0,QA Engineer | USA,linkedin,Software Quality Engineer II,Airlines Reporting Corporation (ARC),"Arlington, VA",On-site,Full-time,,,English,,,Recent,https://www.linkedin.com/jobs/view/software-quality-engineer-ii-at-airlines-reporting-corporation-arc-4447983952,2026-08-27T20:14:09.184643+00:00
0,QA Engineer | USA,linkedin,Quality Engineer I,Abbott,"Madison, WI",On-site,Full-time,,,English,,,Recent,https://www.linkedin.com/jobs/view/quality-engineer-i-at-abbott-4447582957,2026-08-27T20:14:09.184799+00:00
0,QA Engineer | USA,linkedin,Software Quality Engineer II,Airlines Reporting Corporation (ARC),"Louisville, KY",On-site,Full-time,,,English,,,Recent,https://www.linkedin.com/jobs/view/software-quality-engineer-ii-at-airlines-reporting-corporation-arc-4447996714,2026-08-27T20:14:09.185132+00:00
0,QA Engineer | USA,linkedin,Quality Engineer,Alarm.com,"Tysons Corner, VA",On-site,Full-time,,,English,,,Recent,https://www.linkedin.com/jobs/view/quality-engineer-at-alarm-com-4428287614,2026-08-27T20:14:09.185296+00:00
0,QA Engineer | USA,linkedin,Quality Assurance Specialist (QA),AutoPayPlus,"Orlando, FL",On-site,Full-time,,,English,,,Recent,https://www.linkedin.com/jobs/view/quality-assurance-specialist-qa-at-autopayplus-4455311021,2026-08-27T20:14:09.185452+00:00
0,QA Engineer | USA,linkedin,Quality Assurance Engineer II,CarGurus,"Boston, MA",On-site,Full-time,,,English,,,Recent,https://www.linkedin.com/jobs/view/quality-assurance-engineer-ii-at-cargurus-4416868283,2026-08-27T20:14:09.185608+00:00
0,QA Engineer | United Kingdom,linkedin,Software Test Engineer (AVP),Citi,"Belfast, Northern Ireland, United Kingdom",On-site,Full-time,,,English,,,Recent,https://uk.linkedin.com/jobs/view/software-test-engineer-avp-at-citi-4446936181,2026-08-27T20:14:11.607450+00:00
0,QA Engineer | United Kingdom,linkedin,UK QA Engineer,Reset Health,"London, England, United Kingdom",On-site,Full-time,,,English,,,Recent,https://uk.linkedin.com/jobs/view/uk-qa-engineer-at-reset-health-4450258479,2026-08-27T20:14:11.607951+00:00
0,QA Engineer | United Kingdom,linkedin,QA Engineer,Waracle,"Glasgow, Scotland, United Kingdom",On-site,Full-time,,,English,,,Recent,https://uk.linkedin.com/jobs/view/qa-engineer-at-waracle-4453082410,2026-08-27T20:14:11.608121+00:00
0,QA Engineer | United Kingdom,linkedin,Test Engineer (Java/.Net),Solirius Reply,"London, England, United Kingdom",On-site,Full-time,Java,,English,,,Recent,https://uk.linkedin.com/jobs/view/test-engineer-java-net-at-solirius-reply-4456335927,2026-08-27T20:14:11.608289+00:00
0,QA Engineer | United Kingdom,linkedin,QA Engineer,Waracle,"Dundee, Scotland, United Kingdom",On-site,Full-time,,,English,,,Recent,https://uk.linkedin.com/jobs/view/qa-engineer-at-waracle-4453078460,2026-08-27T20:14:11.608600+00:00
0,QA Engineer | United Kingdom,linkedin,Software Test Engineer,Searchability®,"Chester, England, United Kingdom",On-site,Full-time,,,English,,,Recent,https://uk.linkedin.com/jobs/view/software-test-engineer-at-searchability%C2%AE-4458180693,2026-08-27T20:14:11.608751+00:00
0,QA Engineer | United Kingdom,linkedin,"QA Automation Engineer, Officer",State Street,"London, England, United Kingdom",On-site,Full-time,,,English,,,Recent,https://uk.linkedin.com/jobs/view/qa-automation-engineer-officer-at-state-street-4444418906,2026-08-27T20:14:11.608911+00:00
0,Test Engineer | Germany,linkedin,Test Engineer Automated Parking (m/f/d),EVOMOTIV,"Ingolstadt, Bavaria, Germany",On-site,Full-time,,,English,,,Recent,https://de.linkedin.com/jobs/view/test-engineer-automated-parking-m-f-d-at-evomotiv-4450021134,2026-08-27T20:14:14.001321+00:00
0,Test Engineer | Germany,linkedin,Test Engineer MDOCore (w/m/d),HENSOLDT,"Ulm, Baden-Württemberg, Germany",On-site,Full-time,,,English,,,Recent,https://de.linkedin.com/jobs/view/test-engineer-mdocore-w-m-d-at-hensoldt-4447213806,2026-08-27T20:14:14.001713+00:00
0,Test Engineer | Germany,linkedin,Test Automation Engineer (m/w/d),IP Dynamics GmbH,"Hamburg, Germany",On-site,Full-time,Test Automation,,English,,,Recent,https://de.linkedin.com/jobs/view/test-automation-engineer-m-w-d-at-ip-dynamics-gmbh-4440015435,2026-08-27T20:14:14.001874+00:00
0,Test Engineer | Germany,linkedin,Testingenieur:in (m/w/d) - Automation & Manual Testing,STRABAG,"Berlin, Berlin, Germany",On-site,Full-time,,Manual Testing,English,,,Recent,https://de.linkedin.com/jobs/view/testingenieur-in-m-w-d-automation-manual-testing-at-strabag-4459350054,2026-08-27T20:14:14.002031+00:00
0,Test Engineer | Germany,linkedin,Test Engineer (m/w/x) für Applikationssoftware,K-tronik GmbH,"Memmingen, Bavaria, Germany",On-site,Full-time,,R,English,,,Recent,https://de.linkedin.com/jobs/view/test-engineer-m-w-x-f%C3%BCr-applikationssoftware-at-k-tronik-gmbh-4456900379,2026-08-27T20:14:14.002220+00:00
0,Test Engineer | Germany,linkedin,Testingenieur*in Elektromechanik / Hardware Test Engineer,TWK,"Düsseldorf, North Rhine-Westphalia, Germany",On-site,Full-time,,,English,,,Recent,https://de.linkedin.com/jobs/view/testingenieur-in-elektromechanik-hardware-test-engineer-at-twk-4445078170,2026-08-27T20:14:14.002697+00:00
0,Test Engineer | Germany,linkedin,Android Test Automation Engineer (m/w/d),EDEKA IT,"Hamburg, Hamburg, Germany",On-site,Full-time,Test Automation,,English,,,Recent,https://de.linkedin.com/jobs/view/android-test-automation-engineer-m-w-d-at-edeka-it-4452253295,2026-08-27T20:14:14.002853+00:00
0,Test Engineer | Austria,linkedin,Testautomatisierungsingenieur (m/w/d),Computer Futures,"Salzburg, Salzburg, Austria",On-site,Full-time,,,English,,,Recent,https://at.linkedin.com/jobs/view/testautomatisierungsingenieur-m-w-d-at-computer-futures-4456184220,2026-08-27T20:14:16.371245+00:00
0,Test Engineer | Switzerland,linkedin,Ingénieur en automatisation de tests,itecor,"Lausanne, Vaud, Switzerland",On-site,Full-time,,,English,,,Recent,https://ch.linkedin.com/jobs/view/ing%C3%A9nieur-en-automatisation-de-tests-at-itecor-4451669382,2026-08-27T20:14:18.797827+00:00
0,Test Engineer | Switzerland,linkedin,Test Automation Engineer (Temenos Core Banking/Private Banking/ Wealth Management),AARK Tech Solutions GmbH,"Zurich, Switzerland",On-site,Full-time,Test Automation,,English,,,Recent,https://ch.linkedin.com/jobs/view/test-automation-engineer-temenos-core-banking-private-banking-wealth-management-at-aark-tech-solutions-gmbh-4457900340,2026-08-27T20:14:18.798474+00:00
0,Test Engineer | Slovakia,linkedin,Test Engineer,Vertiv,"Nové Mesto nad Váhom, Trenciansky, Slovakia",On-site,Full-time,,,English,,,Recent,https://sk.linkedin.com/jobs/view/test-engineer-at-vertiv-4430484432,2026-08-27T20:14:23.454199+00:00
0,Test Engineer | Slovakia,linkedin,Test Automation Engineer,Frequentis,"Bratislava, Bratislava, Slovakia",On-site,Full-time,Test Automation,,English,,,Recent,https://sk.linkedin.com/jobs/view/test-automation-engineer-at-frequentis-4451413103,2026-08-27T20:14:23.454368+00:00
0,Test Engineer | Czech Republic,linkedin,测试验证资深工程师8296,UNISOC,"アト・マジョール州, Hato Mayor, Dominican Republic",On-site,Full-time,,,English,,,Recent,https://do.linkedin.com/jobs/view/%E6%B5%8B%E8%AF%95%E9%AA%8C%E8%AF%81%E8%B5%84%E6%B7%B1%E5%B7%A5%E7%A8%8B%E5%B8%888296-at-unisoc-4456723032,2026-08-27T20:14:25.839121+00:00
0,Test Engineer | Poland,linkedin,Test Automation Engineer – banking sector (f/m/x),Sii Poland,"Szczecin, Zachodniopomorskie, Poland",On-site,Full-time,Test Automation,,English,,,Recent,https://pl.linkedin.com/jobs/view/test-automation-engineer-%E2%80%93-banking-sector-f-m-x-at-sii-poland-4450151239,2026-08-27T20:14:28.221296+00:00
0,Test Engineer | Poland,linkedin,Test Automation Engineer – banking sector (f/m/x),Sii Poland,"Lublin, Lubelskie, Poland",On-site,Full-time,Test Automation,,English,,,Recent,https://pl.linkedin.com/jobs/view/test-automation-engineer-%E2%80%93-banking-sector-f-m-x-at-sii-poland-4450138845,2026-08-27T20:14:28.221500+00:00
0,Test Engineer | Poland,linkedin,"Test Automation Engineer (Java, Payments/Swift) - Tieto Tech Consulting (m/f/d)",Tieto,"Gdańsk, Pomorskie, Poland",On-site,Full-time,"Java, Test Automation",Swift,English,,,Recent,https://pl.linkedin.com/jobs/view/test-automation-engineer-java-payments-swift-tieto-tech-consulting-m-f-d-at-tieto-4430475492,2026-08-27T20:14:28.221837+00:00
0,Test Engineer | Poland,linkedin,DELMIA HUB Test Engineer,Dassault Systèmes,"Cracow, Małopolskie, Poland",On-site,Full-time,,,English,,,Recent,https://pl.linkedin.com/jobs/view/delmia-hub-test-engineer-at-dassault-syst%C3%A8mes-4434461592,2026-08-27T20:14:28.222017+00:00
0,Test Engineer | Poland,linkedin,Test Engineer- Manual 4G/5G - Tieto Tech Consulting (m/f/d),Tieto,"Szczecin, Zachodniopomorskie, Poland",On-site,Full-time,,,English,,,Recent,https://pl.linkedin.com/jobs/view/test-engineer-manual-4g-5g-tieto-tech-consulting-m-f-d-at-tieto-4430474499,2026-08-27T20:14:28.222200+00:00
0,Test Engineer | Poland,linkedin,Test Engineer - Space Networks,Nokia,"Cracow, Małopolskie, Poland",On-site,Full-time,,,English,,,Recent,https://pl.linkedin.com/jobs/view/test-engineer-space-networks-at-nokia-4377762093,2026-08-27T20:14:28.222359+00:00
0,Test Engineer | Poland,linkedin,QA Engineer,GFT Technologies Poland,"Wrocław, Dolnośląskie, Poland",On-site,Full-time,,,English,,,Recent,https://pl.linkedin.com/jobs/view/qa-engineer-at-gft-technologies-poland-4452577257,2026-08-27T20:14:28.222844+00:00
0,Test Engineer | USA,linkedin,Software Engineer in Test II,iHeartMedia,"San Antonio, TX",On-site,Full-time,,,English,,,Recent,https://www.linkedin.com/jobs/view/software-engineer-in-test-ii-at-iheartmedia-4361175894,2026-08-27T20:14:30.642040+00:00
0,Test Engineer | USA,linkedin,Software Test Engineer (Level 2 or 3) AHT,Northrop Grumman,"Dulles, VA",On-site,Full-time,,,English,,,Recent,https://www.linkedin.com/jobs/view/software-test-engineer-level-2-or-3-aht-at-northrop-grumman-4446542593,2026-08-27T20:14:30.642315+00:00
0,Test Engineer | USA,linkedin,Automation Test Engineer,SAIC,"Washington, DC",On-site,Full-time,,,English,,,Recent,https://www.linkedin.com/jobs/view/automation-test-engineer-at-saic-4426477722,2026-08-27T20:14:30.642800+00:00
0,Test Engineer | USA,linkedin,Test Engineer 3,Captivation,"Annapolis Junction, MD",On-site,Full-time,,,English,,,Recent,https://www.linkedin.com/jobs/view/test-engineer-3-at-captivation-4449808948,2026-08-27T20:14:30.642952+00:00
0,Test Engineer | USA,linkedin,Automation Test Engineer II,Berkshire Hathaway GUARD Insurance Companies,Greater Philadelphia,On-site,Full-time,,,English,,,Recent,https://www.linkedin.com/jobs/view/automation-test-engineer-ii-at-berkshire-hathaway-guard-insurance-companies-4444448404,2026-08-27T20:14:30.643140+00:00
0,Test Engineer | USA,linkedin,Automation Test Engineer II,Berkshire Hathaway GUARD Insurance Companies,Atlanta Metropolitan Area,On-site,Full-time,,,English,,,Recent,https://www.linkedin.com/jobs/view/automation-test-engineer-ii-at-berkshire-hathaway-guard-insurance-companies-4444450338,2026-08-27T20:14:30.643300+00:00
0,Test Engineer | USA,linkedin,Quality Engineer III - Hardware Test,SiriusXM,"Farmington, MI",On-site,Full-time,,,English,,,Recent,https://www.linkedin.com/jobs/view/quality-engineer-iii-hardware-test-at-siriusxm-4430269445,2026-08-27T20:14:30.643456+00:00
0,Test Engineer | USA,linkedin,Test Engineer,Hoplite Solutions LLC,"Chevy Chase, MD",On-site,Full-time,,,English,,,Recent,https://www.linkedin.com/jobs/view/test-engineer-at-hoplite-solutions-llc-4455125185,2026-08-27T20:14:30.643606+00:00
0,Test Engineer | United Kingdom,linkedin,Test Engineer,GRUNDFOS,"Cambridge, England, United Kingdom",On-site,Full-time,,,English,,,Recent,https://uk.linkedin.com/jobs/view/test-engineer-at-grundfos-4440969088,2026-08-27T20:14:33.043511+00:00
0,Test Engineer | United Kingdom,linkedin,Test Engineer,Swift,"London, England, United Kingdom",On-site,Full-time,,Swift,English,,,Recent,https://uk.linkedin.com/jobs/view/test-engineer-at-swift-4429733093,2026-08-27T20:14:33.043834+00:00
0,Test Engineer | United Kingdom,linkedin,Test Engineer,Murmuration,"Manchester, England, United Kingdom",On-site,Full-time,,,English,,,Recent,https://uk.linkedin.com/jobs/view/test-engineer-at-murmuration-4457268413,2026-08-27T20:14:33.044160+00:00
0,Test Engineer | United Kingdom,linkedin,Test Engineer,GRUNDFOS,"Tadworth, England, United Kingdom",On-site,Full-time,,,English,,,Recent,https://uk.linkedin.com/jobs/view/test-engineer-at-grundfos-4440948912,2026-08-27T20:14:33.044316+00:00
0,Test Engineer | United Kingdom,linkedin,"QA Automation Engineer, Assistant Vice President",State Street,"London, England, United Kingdom",On-site,Full-time,,,English,,,Recent,https://uk.linkedin.com/jobs/view/qa-automation-engineer-assistant-vice-president-at-state-street-4444437123,2026-08-27T20:14:33.044618+00:00
0,Testingenieur | Germany,linkedin,Testingenieur Software WLAN (w/m/d),FRITZ!,"Berlin, Berlin, Germany",On-site,Full-time,,,English,,,Recent,https://de.linkedin.com/jobs/view/testingenieur-software-wlan-w-m-d-at-fritz%21-4438090199,2026-08-27T20:14:35.408203+00:00
0,Testingenieur | Germany,linkedin,Testingenieur (m/w/d),FERCHAU,"Lübeck, Schleswig-Holstein, Germany",On-site,Full-time,,,English,,,Recent,https://de.linkedin.com/jobs/view/testingenieur-m-w-d-at-ferchau-4438575734,2026-08-27T20:14:35.408721+00:00
0,Testingenieur | Germany,linkedin,Testingenieur Powertrain / E-Powertrain (m/w/d),FERCHAU,"Stuttgart, Baden-Württemberg, Germany",On-site,Full-time,,,English,,,Recent,https://de.linkedin.com/jobs/view/testingenieur-powertrain-e-powertrain-m-w-d-at-ferchau-4438570794,2026-08-27T20:14:35.409532+00:00
0,Testingenieur | Germany,linkedin,Junior Test Engineer (m/w/d) mit Schwerpunkt Server-Hardware,QCG Computer,"Eschweiler, North Rhine-Westphalia, Germany",On-site,Full-time,,Junior,German,,,Recent,https://de.linkedin.com/jobs/view/junior-test-engineer-m-w-d-mit-schwerpunkt-server-hardware-at-qcg-computer-4454638873,2026-08-27T20:14:35.409692+00:00
0,Testingenieur | Austria,linkedin,Test Engineer,ENPULSION,"Vienna, Vienna, Austria",On-site,Full-time,,,English,,,Recent,https://at.linkedin.com/jobs/view/test-engineer-at-enpulsion-4440148776,2026-08-27T20:14:37.774489+00:00
0,Testingenieur | Switzerland,linkedin,Testingenieur Technisches Labor (w/m/d) 100% - Schaerer AG,Schaerer Ltd,"Solothurn, Solothurn, Switzerland",Remote,Full-time,,,English,,,Recent,https://ch.linkedin.com/jobs/view/testingenieur-technisches-labor-w-m-d-100%25-schaerer-ag-at-schaerer-ltd-4418175565,2026-08-27T20:14:40.165874+00:00
0,Testingenieur | Slovakia,linkedin,Testovací inžinier pre HMI a PLC (Alarm & Function Testing) (m/ž),Valicare Slovakia,"Trenčianska Turná, Trenciansky, Slovakia",On-site,Full-time,,,English,,,Recent,https://sk.linkedin.com/jobs/view/testovac%C3%AD-in%C5%BEinier-pre-hmi-a-plc-alarm-function-testing-m-%C5%BE-at-valicare-slovakia-4452729290,2026-08-27T20:14:44.820012+00:00
0,Testingenieur | Poland,linkedin,QA Engineer,GFT Technologies Poland,"Poznań, Wielkopolskie, Poland",On-site,Full-time,,,English,,,Recent,https://pl.linkedin.com/jobs/view/qa-engineer-at-gft-technologies-poland-4452585237,2026-08-27T20:14:49.609553+00:00
0,Testingenieur | Poland,linkedin,QA Engineer,GFT Technologies Poland,"Warsaw, Mazowieckie, Poland",On-site,Full-time,,,English,,,Recent,https://pl.linkedin.com/jobs/view/qa-engineer-at-gft-technologies-poland-4452570307,2026-08-27T20:14:49.609717+00:00
0,Testingenieur | Poland,linkedin,Test Engineer - Manual 4G/5G - Tieto Tech Consulting (m/f/d),Tieto,"Wrocław, Dolnośląskie, Poland",On-site,Full-time,,,English,,,Recent,https://pl.linkedin.com/jobs/view/test-engineer-manual-4g-5g-tieto-tech-consulting-m-f-d-at-tieto-4430457757,2026-08-27T20:14:49.610213+00:00
0,Testingenieur | Poland,linkedin,Java Test Engineer (f/m/x),Sii Poland,"Cracow, Małopolskie, Poland",On-site,Full-time,Java,,English,,,Recent,https://pl.linkedin.com/jobs/view/java-test-engineer-f-m-x-at-sii-poland-4456577889,2026-08-27T20:14:49.610688+00:00
0,Testingenieur | USA,linkedin,Test Engineer,Excellus BCBS,"Rochester, NY",On-site,Full-time,,,English,,,Recent,https://www.linkedin.com/jobs/view/test-engineer-at-excellus-bcbs-4456401689,2026-08-27T20:14:52.013357+00:00
0,Testingenieur | United Kingdom,linkedin,Test Engineer,Leonardo,"Yeovil, England, United Kingdom",On-site,Full-time,,,English,,,Recent,https://uk.linkedin.com/jobs/view/test-engineer-at-leonardo-4456253149,2026-08-27T20:14:54.449771+00:00
0,Testingenieur | United Kingdom,linkedin,Test Engineer,Procentia - Pensions Software Solutions,"Bristol, England, United Kingdom",On-site,Full-time,,,English,,,Recent,https://uk.linkedin.com/jobs/view/test-engineer-at-procentia-pensions-software-solutions-4456707359,2026-08-27T20:14:54.450074+00:00
0,Test Automation | Germany,linkedin,Testautomatisierer (m/w/d),CPU Softwarehouse AG,"Munich, Bavaria, Germany",On-site,Full-time,,,English,,,Recent,https://de.linkedin.com/jobs/view/testautomatisierer-m-w-d-at-cpu-softwarehouse-ag-4453479645,2026-08-27T20:14:56.833483+00:00
0,Test Automation | Germany,linkedin,Testautomatisierer (m/w/d),CPU Softwarehouse AG,"Karlsruhe, Baden-Württemberg, Germany",On-site,Full-time,,,English,,,Recent,https://de.linkedin.com/jobs/view/testautomatisierer-m-w-d-at-cpu-softwarehouse-ag-4457288483,2026-08-27T20:14:56.833801+00:00
0,Test Automation | Germany,linkedin,Quality Engineer - Schwerpunkt Testautomatisierung (all genders),STARFACE GmbH,"Karlsruhe, Baden-Württemberg, Germany",On-site,Full-time,Test Automation,,English,,,Recent,https://de.linkedin.com/jobs/view/quality-engineer-schwerpunkt-testautomatisierung-all-genders-at-starface-gmbh-4402883225,2026-08-27T20:14:56.834137+00:00
0,Test Automation | Austria,linkedin,Test Automation Engineer (m/f/d),Atos,"Vienna, Vienna, Austria",On-site,Full-time,Test Automation,,English,,,Recent,https://at.linkedin.com/jobs/view/test-automation-engineer-m-f-d-at-atos-4425302065,2026-08-27T20:14:59.205297+00:00
0,Test Automation | Switzerland,linkedin,QA Automation Engineer (H/F),CBTW,"Geneva, Switzerland",On-site,Full-time,,,English,,,Recent,https://ch.linkedin.com/jobs/view/qa-automation-engineer-h-f-at-cbtw-4455270964,2026-08-27T20:15:01.687829+00:00
0,Test Automation | Switzerland,linkedin,Test Craftsperson/Automation,Jobgether,Switzerland,On-site,Full-time,,,English,,,Recent,https://ch.linkedin.com/jobs/view/test-craftsperson-automation-at-jobgether-4455626536,2026-08-27T20:15:01.688203+00:00
0,Test Automation | Switzerland,linkedin,Automatisierungsspezialist:in 80-100%,yellowshark® AG,"Bremgarten, Aargau, Switzerland",Remote,Full-time,,,English,,,Recent,https://ch.linkedin.com/jobs/view/automatisierungsspezialist-in-80-100%25-at-yellowshark%C2%AE-ag-4450086436,2026-08-27T20:15:01.689345+00:00
0,Test Automation | Slovakia,linkedin,Agile Test Engineer (m/f/n),ESET,"Košice, Kosice, Slovakia",On-site,Full-time,,Agile,English,,,Recent,https://sk.linkedin.com/jobs/view/agile-test-engineer-m-f-n-at-eset-4405175696,2026-08-27T20:15:06.313623+00:00
0,Test Automation | Czech Republic,linkedin,LÍDER DE PROYECTOS TESTING AGILE,Banco Popular Dominicano,"Santo Domingo, Distrito Nacional, Dominican Republic",On-site,Full-time,,Agile,English,,,Recent,https://do.linkedin.com/jobs/view/l%C3%ADder-de-proyectos-testing-agile-at-banco-popular-dominicano-4447166018,2026-08-27T20:15:08.684549+00:00
0,Test Automation | Poland,linkedin,QA Test Automation Engineer,Cloudica,"Warsaw, Mazowieckie, Poland",On-site,Full-time,Test Automation,,English,,,Recent,https://pl.linkedin.com/jobs/view/qa-test-automation-engineer-at-cloudica-4451462535,2026-08-27T20:15:11.075343+00:00
0,Test Automation | Poland,linkedin,Test Automation with Java (f/m/x),Sii Poland,"Łódź, Łódzkie, Poland",On-site,Full-time,"Java, Test Automation",,English,,,Recent,https://pl.linkedin.com/jobs/view/test-automation-with-java-f-m-x-at-sii-poland-4446249545,2026-08-27T20:15:11.075532+00:00
0,Test Automation | Poland,linkedin,Test Automation Specialist,Ework Group,"Warsaw, Mazowieckie, Poland",On-site,Full-time,Test Automation,,English,,,Recent,https://pl.linkedin.com/jobs/view/test-automation-specialist-at-ework-group-4457308800,2026-08-27T20:15:11.076031+00:00
0,Test Automation | Poland,linkedin,"Test Automation Engineer (Java, Payments/Swift) - Tieto Tech Consulting (m/f/d)",Tieto,"Łódź, Łódzkie, Poland",On-site,Full-time,"Java, Test Automation",Swift,English,,,Recent,https://pl.linkedin.com/jobs/view/test-automation-engineer-java-payments-swift-tieto-tech-consulting-m-f-d-at-tieto-4430479025,2026-08-27T20:15:11.076217+00:00
0,Test Automation | Poland,linkedin,Test Automation Engineer (M/F/D),DSV - Global Transport and Logistics,"Warsaw, Mazowieckie, Poland",On-site,Full-time,Test Automation,,English,,,Recent,https://pl.linkedin.com/jobs/view/test-automation-engineer-m-f-d-at-dsv-global-transport-and-logistics-4439162204,2026-08-27T20:15:11.076388+00:00
0,Test Automation | Poland,linkedin,Test Automation Engineer,Euroclear,"Cracow, Małopolskie, Poland",On-site,Full-time,Test Automation,,English,,,Recent,https://pl.linkedin.com/jobs/view/test-automation-engineer-at-euroclear-4455407895,2026-08-27T20:15:11.076543+00:00
0,Test Automation | Poland,linkedin,Software Development Engineer in Test,Kodify Media Group,"Cracow, Małopolskie, Poland",On-site,Full-time,,,English,,,Recent,https://pl.linkedin.com/jobs/view/software-development-engineer-in-test-at-kodify-media-group-4456708267,2026-08-27T20:15:11.076696+00:00
0,Test Automation | Poland,linkedin,Automation Tester with Java and Kafka (f/m/x),Sii Poland,"Toruń, Kujawsko-pomorskie, Poland",On-site,Full-time,Java,,English,,,Recent,https://pl.linkedin.com/jobs/view/automation-tester-with-java-and-kafka-f-m-x-at-sii-poland-4450142785,2026-08-27T20:15:11.076853+00:00
0,Test Automation | USA,linkedin,QA Automation Engineer (Playwright / TypeScript) - Onsite,Cognizant,"Troy, MI",On-site,Full-time,"Playwright, Typescript",,English,,,Recent,https://www.linkedin.com/jobs/view/qa-automation-engineer-playwright-typescript-onsite-at-cognizant-4458641265,2026-08-27T20:15:13.517214+00:00
0,Test Automation | USA,linkedin,"Sr Software QA Engineer, Test Automation",TransCore,"Round Rock, TX",On-site,Full-time,Test Automation,,English,,,Recent,https://www.linkedin.com/jobs/view/sr-software-qa-engineer-test-automation-at-transcore-4450826674,2026-08-27T20:15:13.517540+00:00
0,Test Automation | USA,linkedin,Engineer Automation Testing,Tata Consultancy Services,"Pittsburgh, PA",On-site,Full-time,,,English,,,Recent,https://www.linkedin.com/jobs/view/engineer-automation-testing-at-tata-consultancy-services-4449324255,2026-08-27T20:15:13.517865+00:00
0,Test Automation | USA,linkedin,Playwright Automation Tester,Tata Consultancy Services,"Cary, NC",On-site,Full-time,Playwright,,English,,,Recent,https://www.linkedin.com/jobs/view/playwright-automation-tester-at-tata-consultancy-services-4444398963,2026-08-27T20:15:13.518211+00:00
0,Test Automation | USA,linkedin,Test Automation Engineer,"BAE Systems, Inc.","Sterling, VA",On-site,Full-time,Test Automation,,English,,,Recent,https://www.linkedin.com/jobs/view/test-automation-engineer-at-bae-systems-inc-4448810407,2026-08-27T20:15:13.518368+00:00
0,Test Automation | USA,linkedin,QA Automation Engineer,Flexjet,"Dallas, TX",On-site,Full-time,,,English,,,Recent,https://www.linkedin.com/jobs/view/qa-automation-engineer-at-flexjet-4459318176,2026-08-27T20:15:13.518522+00:00
0,Test Automation | United Kingdom,linkedin,Software Automation Engineer,Eden Scott,"Glasgow, Scotland, United Kingdom",On-site,Full-time,,,English,,,Recent,https://uk.linkedin.com/jobs/view/software-automation-engineer-at-eden-scott-4456933450,2026-08-27T20:15:15.906720+00:00
0,Test Automation | United Kingdom,linkedin,Automation Engineer (PAM/CPBF),AST SpaceMobile,"Edinburgh, Scotland, United Kingdom",Remote,Full-time,,,English,,,Recent,https://uk.linkedin.com/jobs/view/automation-engineer-pam-cpbf-at-ast-spacemobile-4446560885,2026-08-27T20:15:15.907460+00:00
0,Test Automation | United Kingdom,linkedin,Junior SDET (Software Development Engineer in Test),Cognizant,"London, England, United Kingdom",On-site,Full-time,,Junior,English,,,Recent,https://uk.linkedin.com/jobs/view/junior-sdet-software-development-engineer-in-test-at-cognizant-4404489022,2026-08-27T20:15:15.907624+00:00
0,Test Automation | United Kingdom,linkedin,Automation Tester - C#/Playwright,Cognizant,"London Area, United Kingdom",On-site,Full-time,"C, Ci/Cd, Playwright, Selenium, Test Automation","Nunit, Devops, Sql, Postgresql, C#, Rest Api, Powershell, Azure, Bdd, Git",English,,,Recent,https://uk.linkedin.com/jobs/view/automation-tester-c%23-playwright-at-cognizant-4458185107,2026-08-27T20:15:15.907963+00:00
0,Python Developer | Germany,linkedin,Softwareentwickler Backend / Python (all gender),ALTEN,"Erlangen, Bavaria, Germany",Remote,Contract,Python,"Associate, R",German,,,Recent,https://de.linkedin.com/jobs/view/softwareentwickler-backend-python-all-gender-at-alten-4444886551,2026-08-27T20:15:18.294728+00:00
0,Python Developer | Germany,linkedin,Python Developer (m/w/d) - Django - €50k-€70k,Optimus Search,"Pforzheim, Baden-Württemberg, Germany",Remote,Internship,Python,"R, Django",German,,,Recent,https://de.linkedin.com/jobs/view/python-developer-m-w-d-django-%E2%82%AC50k-%E2%82%AC70k-at-optimus-search-4448084752,2026-08-27T20:15:18.294921+00:00
0,Python Developer | Germany,linkedin,Python Developer,Optimus Search,"Pforzheim, Baden-Württemberg, Germany",On-site,Full-time,Python,,English,,,Recent,https://de.linkedin.com/jobs/view/python-developer-at-optimus-search-4448015991,2026-08-27T20:15:18.295667+00:00
0,Python Developer | Germany,linkedin,PYTHON BACKEND ENTWICKLER (M/W/D)*,Comanos,"Erlangen, Bavaria, Germany",On-site,Full-time,Python,,English,,,Recent,https://de.linkedin.com/jobs/view/python-backend-entwickler-m-w-d-at-comanos-4458160508,2026-08-27T20:15:18.296351+00:00
0,Python Developer | Austria,linkedin,"Software Engineer, Python (Asset Pricing & Hedging)",Bitpanda,"Vienna, Austria",On-site,Full-time,Python,,English,,,Recent,https://at.linkedin.com/jobs/view/software-engineer-python-asset-pricing-hedging-at-bitpanda-4443374034,2026-08-27T20:15:20.653520+00:00
0,Python Developer | Austria,linkedin,Back-End-Entwickler:in,riskine,"Vienna, Austria",On-site,Full-time,,,English,,,Recent,https://at.linkedin.com/jobs/view/back-end-entwickler-in-at-riskine-4445719809,2026-08-27T20:15:20.653870+00:00
0,Python Developer | Austria,linkedin,Softwareentwickler (m/w/x) - Schwerpunkt: ERP-System (Phython),philoro EDELMETALLE,"Korneuburg, Lower Austria, Austria",On-site,Full-time,,,English,,,Recent,https://at.linkedin.com/jobs/view/softwareentwickler-m-w-x-schwerpunkt-erp-system-phython-at-philoro-edelmetalle-4448024224,2026-08-27T20:15:20.654362+00:00
0,Python Developer | Austria,linkedin,Backend Developer (Phyton/Odoo),Schrankerl,"Vienna, Vienna, Austria",Remote,Contract,"Can, Java, Python, Rust, Typescript","Angular, Machine Learning, Data Science, R",English,,,Recent,https://at.linkedin.com/jobs/view/backend-developer-phyton-odoo-at-schrankerl-4457232114,2026-08-27T20:15:20.654514+00:00
0,Python Developer | Austria,linkedin,Software-Engineer (m/w/d),Berger Logistik,"Wörgl, Tyrol, Austria",On-site,Full-time,,,English,,,Recent,https://at.linkedin.com/jobs/view/software-engineer-m-w-d-at-berger-logistik-4448029262,2026-08-27T20:15:20.654810+00:00
0,Python Developer | Austria,linkedin,Odoo Developer (m/w/d),Health Routine,Austria,On-site,Full-time,,,English,,,Recent,https://at.linkedin.com/jobs/view/odoo-developer-m-w-d-at-health-routine-4448741961,2026-08-27T20:15:20.654964+00:00
0,Python Developer | Switzerland,linkedin,Développeur ou développeur 2,Office cantonal des systèmes d'information et du numérique (OCSIN),"Geneva, Switzerland",On-site,Full-time,,,English,,,Recent,https://ch.linkedin.com/jobs/view/d%C3%A9veloppeur-ou-d%C3%A9veloppeur-2-at-office-cantonal-des-syst%C3%A8mes-d-information-et-du-num%C3%A9rique-ocsin-4453689132,2026-08-27T20:15:23.080857+00:00
0,Python Developer | Switzerland,linkedin,"Backend Software Engineer, Python",Cradle,"Zurich, Zurich, Switzerland",On-site,Full-time,Python,,English,,,Recent,https://ch.linkedin.com/jobs/view/backend-software-engineer-python-at-cradle-4443771872,2026-08-27T20:15:23.081017+00:00
0,Python Developer | Switzerland,linkedin,Backend Software Engineer,mygrid AG,"Brugg, Aargau, Switzerland",On-site,Full-time,,,English,,,Recent,https://ch.linkedin.com/jobs/view/backend-software-engineer-at-mygrid-ag-4453468402,2026-08-27T20:15:23.081192+00:00
0,Python Developer | Switzerland,linkedin,"Software Engineer, Backend",Adaptyv,"Lausanne, Vaud, Switzerland",On-site,Full-time,,,English,,,Recent,https://ch.linkedin.com/jobs/view/software-engineer-backend-at-adaptyv-4459369392,2026-08-27T20:15:23.081825+00:00
0,Python Developer | Switzerland,linkedin,Python Software Engineer Digital Assets,IMC Trading,"Zug, Switzerland",On-site,Full-time,Python,,English,,,Recent,https://ch.linkedin.com/jobs/view/python-software-engineer-digital-assets-at-imc-trading-4457313437,2026-08-27T20:15:23.081977+00:00
0,Python Developer | Slovakia,linkedin,Software Engineer - Python (m/f/n),ESET,"Bratislava, Bratislava, Slovakia",On-site,Full-time,Python,,English,,,Recent,https://sk.linkedin.com/jobs/view/software-engineer-python-m-f-n-at-eset-4441074077,2026-08-27T20:15:27.714152+00:00
0,Python Developer | Slovakia,linkedin,Python Software Engineer (m/f/n),ESET,"Bratislava, Bratislava, Slovakia",On-site,Full-time,Python,,English,,,Recent,https://sk.linkedin.com/jobs/view/python-software-engineer-m-f-n-at-eset-4414037159,2026-08-27T20:15:27.714320+00:00
0,Python Developer | Slovakia,linkedin,Software Developer,Frequentis,"Bratislava, Bratislava, Slovakia",On-site,Full-time,,,English,,,Recent,https://sk.linkedin.com/jobs/view/software-developer-at-frequentis-4450333957,2026-08-27T20:15:27.714479+00:00
0,Python Developer | Slovakia,linkedin,Full-Stack Developer (Python and JavaScript/Typescript) (m/f),PwC Slovakia,"Bratislava, Bratislava, Slovakia",On-site,Full-time,"Javascript, Python, Typescript",,English,,,Recent,https://sk.linkedin.com/jobs/view/full-stack-developer-python-and-javascript-typescript-m-f-at-pwc-slovakia-4446424409,2026-08-27T20:15:27.714631+00:00
0,Python Developer | Slovakia,linkedin,Software Engineer,Cisco,"Bratislava, Bratislava, Slovakia",On-site,Full-time,,,English,,,Recent,https://sk.linkedin.com/jobs/view/software-engineer-at-cisco-4454046689,2026-08-27T20:15:27.714784+00:00
0,Python Developer | Slovakia,linkedin,"Software Engineer II - Python, Java / Spring or Go",Bloomreach,Slovakia,On-site,Full-time,"Go, Java, Python",,English,,,Recent,https://sk.linkedin.com/jobs/view/software-engineer-ii-python-java-spring-or-go-at-bloomreach-4382123524,2026-08-27T20:15:27.714940+00:00
0,Python Developer | Slovakia,linkedin,GenAI Engineer,Capco,"Bratislava, Bratislava, Slovakia",On-site,Full-time,,,English,,,Recent,https://sk.linkedin.com/jobs/view/genai-engineer-at-capco-4232925582,2026-08-27T20:15:27.715114+00:00
0,Python Developer | Slovakia,linkedin,GenAI Engineer,Capco,"Košice, Kosice, Slovakia",On-site,Full-time,,,English,,,Recent,https://sk.linkedin.com/jobs/view/genai-engineer-at-capco-4232921932,2026-08-27T20:15:27.715275+00:00
0,Python Developer | Czech Republic,linkedin,Full Stack Developer (Python),Perform,"Santo Domingo, Distrito Nacional, Dominican Republic",On-site,Full-time,Python,,English,,,Recent,https://do.linkedin.com/jobs/view/full-stack-developer-python-at-perform-4415707267,2026-08-27T20:15:30.121989+00:00
0,Python Developer | Czech Republic,linkedin,Fullstack Python + React Engineer - Remote Work,BairesDev,"Santo Domingo, Distrito Nacional, Dominican Republic",Remote,Full-time,Python,React,English,,,Recent,https://do.linkedin.com/jobs/view/fullstack-python-%2B-react-engineer-remote-work-at-bairesdev-4457113202,2026-08-27T20:15:30.122206+00:00
0,Python Developer | Czech Republic,linkedin,Fullstack Python + React Engineer - Remote Work,BairesDev,Dominican Republic,Remote,Full-time,Python,React,English,,,Recent,https://do.linkedin.com/jobs/view/fullstack-python-%2B-react-engineer-remote-work-at-bairesdev-4456892405,2026-08-27T20:15:30.122372+00:00
0,Python Developer | Czech Republic,linkedin,Full Stack Developer,Flatiron Software,Dominican Republic,On-site,Full-time,,,English,,,Recent,https://do.linkedin.com/jobs/view/full-stack-developer-at-flatiron-software-4453105196,2026-08-27T20:15:30.122530+00:00
0,Python Developer | Czech Republic,linkedin,AI/ML Engineer,Perform,"Santo Domingo, Distrito Nacional, Dominican Republic",On-site,Full-time,,,English,,,Recent,https://do.linkedin.com/jobs/view/ai-ml-engineer-at-perform-4415691552,2026-08-27T20:15:30.122863+00:00
0,Python Developer | Czech Republic,linkedin,AI / ML Ops Engineer,Emapta Global,Dominican Republic,On-site,Full-time,,,English,,,Recent,https://do.linkedin.com/jobs/view/ai-ml-ops-engineer-at-emapta-global-4459139001,2026-08-27T20:15:30.123526+00:00
0,Python Developer | Poland,linkedin,Python Developer,ALGOTEQUE Innovation Hub,"Warsaw, Mazowieckie, Poland",On-site,Full-time,Python,,English,,,Recent,https://pl.linkedin.com/jobs/view/python-developer-at-algoteque-innovation-hub-4458581651,2026-08-27T20:15:32.535616+00:00
0,Python Developer | Poland,linkedin,Python Developer,vee,"Gdańsk, Pomorskie, Poland",On-site,Full-time,Python,,English,,,Recent,https://pl.linkedin.com/jobs/view/python-developer-at-vee-4455851934,2026-08-27T20:15:32.536122+00:00
0,Python Developer | Poland,linkedin,Python Developer,EY,"Katowice, Śląskie, Poland",On-site,Full-time,Python,,English,,,Recent,https://pl.linkedin.com/jobs/view/python-developer-at-ey-4452389453,2026-08-27T20:15:32.536453+00:00
0,Python Developer | USA,linkedin,"26-1106:  Python Developer - Herndon, VA","Navitas Business Consulting, Inc.","Herndon, VA",On-site,Full-time,Python,,English,,,Recent,https://www.linkedin.com/jobs/view/26-1106-python-developer-herndon-va-at-navitas-business-consulting-inc-4445043643,2026-08-27T20:15:34.957637+00:00
0,Python Developer | USA,linkedin,"26-1106: Python Developer - Herndon, VA","Navitas Business Consulting, Inc.","Herndon, VA",On-site,Full-time,Python,,English,,,Recent,https://www.linkedin.com/jobs/view/26-1106-python-developer-herndon-va-at-navitas-business-consulting-inc-4447143680,2026-08-27T20:15:34.957867+00:00
0,Python Developer | USA,linkedin,Python Django Developer,Tata Consultancy Services,"Morrisville, NC",On-site,Full-time,Python,Django,English,,,Recent,https://www.linkedin.com/jobs/view/python-django-developer-at-tata-consultancy-services-4451909310,2026-08-27T20:15:34.958031+00:00
0,Python Developer | USA,linkedin,Python Developer,LTM,"Irving, TX",On-site,Full-time,Python,,English,,,Recent,https://www.linkedin.com/jobs/view/python-developer-at-ltm-4438331320,2026-08-27T20:15:34.958210+00:00
0,Python Developer | USA,linkedin,Python Django Developer,Tata Consultancy Services,"San Jose, CA",On-site,Full-time,Python,Django,English,,,Recent,https://www.linkedin.com/jobs/view/python-django-developer-at-tata-consultancy-services-4457648341,2026-08-27T20:15:34.958673+00:00
0,Python Developer | USA,linkedin,Python Developer III,Bank of America,"Jersey City, NJ",On-site,Full-time,Python,,English,,,Recent,https://www.linkedin.com/jobs/view/python-developer-iii-at-bank-of-america-4454812137,2026-08-27T20:15:34.958826+00:00
0,Python Developer | USA,linkedin,Python Developer III,Bank of America,"Houston, TX",On-site,Full-time,Python,,English,,,Recent,https://www.linkedin.com/jobs/view/python-developer-iii-at-bank-of-america-4454559022,2026-08-27T20:15:34.958977+00:00
0,Python Developer | USA,linkedin,Python Developer,Virtusa,"Irving, TX",On-site,Full-time,Python,,English,,,Recent,https://www.linkedin.com/jobs/view/python-developer-at-virtusa-4453161118,2026-08-27T20:15:34.959152+00:00
0,Python Developer | United Kingdom,linkedin,Python Developer Django SQL - FinTech,Client Server,"London, England, United Kingdom",On-site,Full-time,Python,"Sql, Django",English,,,Recent,https://uk.linkedin.com/jobs/view/python-developer-django-sql-fintech-at-client-server-4459150828,2026-08-27T20:15:37.377089+00:00
0,Python Developer | United Kingdom,linkedin,Python Software Developer - Backend,Xelix,"London, England, United Kingdom",On-site,Full-time,Python,,English,,,Recent,https://uk.linkedin.com/jobs/view/python-software-developer-backend-at-xelix-4459354657,2026-08-27T20:15:37.377287+00:00
0,Python Developer | United Kingdom,linkedin,Sr Python Developer – Trading / Risk Platforms,Crisil,"London Area, United Kingdom",On-site,Full-time,Python,,English,,,Recent,https://uk.linkedin.com/jobs/view/sr-python-developer-%E2%80%93-trading-risk-platforms-at-crisil-4458724672,2026-08-27T20:15:37.378072+00:00
0,Python Developer | United Kingdom,linkedin,Software Engineer III - Backend Python,JPMorganChase,"Bournemouth, England, United Kingdom",On-site,Full-time,Python,,English,,,Recent,https://uk.linkedin.com/jobs/view/software-engineer-iii-backend-python-at-jpmorganchase-4444969828,2026-08-27T20:15:37.378411+00:00
0,Python Test | Germany,linkedin,Embedded Python Tester | Embedded Systems | CI | Python (all gender),ALTEN,"Munich, Bavaria, Germany",On-site,Full-time,"Embedded Systems, Python",,English,,,Recent,https://de.linkedin.com/jobs/view/embedded-python-tester-embedded-systems-ci-python-all-gender-at-alten-4455020927,2026-08-27T20:15:39.803047+00:00
0,Python Test | Germany,linkedin,Component Test Engineer – C++ / Python/Pybind,L&T Technology Services,"Böblingen, Baden-Württemberg, Germany",On-site,Full-time,"C, C++, Python",,English,,,Recent,https://de.linkedin.com/jobs/view/component-test-engineer-%E2%80%93-c%2B%2B-python-pybind-at-l-t-technology-services-4454989452,2026-08-27T20:15:39.803270+00:00
0,Python Test | Germany,linkedin,Software Test Engineer C++/Python (m/w/d),SPECTRUM AG,"Kiel, Schleswig-Holstein, Germany",On-site,Full-time,"C, C++, Python",,English,,,Recent,https://de.linkedin.com/jobs/view/software-test-engineer-c%2B%2B-python-m-w-d-at-spectrum-ag-4454603053,2026-08-27T20:15:39.803541+00:00
0,Python Test | Germany,linkedin,Testingenieur Software (all gender),ALTEN,"Backnang, Baden-Württemberg, Germany",On-site,Full-time,,,English,,,Recent,https://de.linkedin.com/jobs/view/testingenieur-software-all-gender-at-alten-4457799142,2026-08-27T20:15:39.803703+00:00
0,Python Test | Germany,linkedin,Test Automation Engineer (m/w/d),APRIORI - business solutions AG,"Memmingen, Bavaria, Germany",On-site,Full-time,Test Automation,,English,,,Recent,https://de.linkedin.com/jobs/view/test-automation-engineer-m-w-d-at-apriori-business-solutions-ag-4450139524,2026-08-27T20:15:39.803864+00:00
0,Python Test | Germany,linkedin,"Test Engineer Communication Systems (Python, Pytest, Linux Networks)",T&S (Technology & Strategy),"Berlin, Germany",On-site,Full-time,"Pytest, Python",Linux,English,,,Recent,https://de.linkedin.com/jobs/view/test-engineer-communication-systems-python-pytest-linux-networks-at-t-s-technology-strategy-4451520307,2026-08-27T20:15:39.804020+00:00
0,Python Test | Germany,linkedin,Software Test Automation Engineer (d/f/m),Leica Microsystems,"Mannheim, Baden-Württemberg, Germany",On-site,Full-time,Test Automation,,English,,,Recent,https://de.linkedin.com/jobs/view/software-test-automation-engineer-d-f-m-at-leica-microsystems-4428288334,2026-08-27T20:15:39.804202+00:00
0,Python Test | Germany,linkedin,Software Test Engineer (m/w/x),K-tronik GmbH,"Nuremberg, Bavaria, Germany",On-site,Full-time,,,English,,,Recent,https://de.linkedin.com/jobs/view/software-test-engineer-m-w-x-at-k-tronik-gmbh-4448424039,2026-08-27T20:15:39.804359+00:00
0,Python Test | Austria,linkedin,QA Engineer (all genders) - Bug Hunter,Viewpointsystem,"Vienna, Vienna, Austria",On-site,Full-time,,,English,,,Recent,https://at.linkedin.com/jobs/view/qa-engineer-all-genders-bug-hunter-at-viewpointsystem-4445511461,2026-08-27T20:15:42.222966+00:00
0,Python Test | Austria,linkedin,Software Testing Engineer (m/w/d) Embedded Systeme,BORA,"Tyrol, Austria",On-site,Full-time,,,English,,,Recent,https://at.linkedin.com/jobs/view/software-testing-engineer-m-w-d-embedded-systeme-at-bora-4449732726,2026-08-27T20:15:42.223153+00:00
0,Python Test | Austria,linkedin,Test Automation Engineer (all genders) [Wien],adesso Austria GmbH,"Vienna, Austria",On-site,Full-time,Test Automation,,English,,,Recent,https://at.linkedin.com/jobs/view/test-automation-engineer-all-genders-wien-at-adesso-austria-gmbh-4370503347,2026-08-27T20:15:42.223790+00:00
0,Python Test | Switzerland,linkedin,Software Test & Validation Engineer,Harmattan AI,"Lausanne, Vaud, Switzerland",On-site,Full-time,,,English,,,Recent,https://ch.linkedin.com/jobs/view/software-test-validation-engineer-at-harmattan-ai-4398385941,2026-08-27T20:15:44.637468+00:00
0,Python Test | Switzerland,linkedin,Software Test/Analyst Engineer,Inpeco,"Novazzano, Ticino, Switzerland",On-site,Full-time,,,English,,,Recent,https://ch.linkedin.com/jobs/view/software-test-analyst-engineer-at-inpeco-4449667998,2026-08-27T20:15:44.637789+00:00
0,Python Test | Switzerland,linkedin,Test Data Manager,Swiss Himmel,"Zurich, Switzerland",On-site,Full-time,,,English,,,Recent,https://ch.linkedin.com/jobs/view/test-data-manager-at-swiss-himmel-4455857761,2026-08-27T20:15:44.638110+00:00
0,Python Test | Switzerland,linkedin,Software-Test Profi (m/w) 100%,jobcourier.ch,"Lucerne, Lucerne, Switzerland",Remote,Full-time,,,English,,,Recent,https://ch.linkedin.com/jobs/view/software-test-profi-m-w-100%25-at-jobcourier-ch-4448263638,2026-08-27T20:15:44.638438+00:00
0,Python Test | Switzerland,linkedin,Test Engineer,Transgourmet/Prodega Schweiz,"Berne, Switzerland",On-site,Full-time,,,English,,,Recent,https://ch.linkedin.com/jobs/view/test-engineer-at-transgourmet-prodega-schweiz-4450065781,2026-08-27T20:15:44.638743+00:00
0,Python Test | Poland,linkedin,Python Automation Tester (f/m/x),Sii Poland,"Łódź, Łódzkie, Poland",On-site,Full-time,Python,,English,,,Recent,https://pl.linkedin.com/jobs/view/python-automation-tester-f-m-x-at-sii-poland-4450144805,2026-08-27T20:15:54.177376+00:00
0,Python Test | Poland,linkedin,Python Automation Tester (f/m/x),Sii Poland,"Warsaw, Mazowieckie, Poland",On-site,Full-time,Python,,English,,,Recent,https://pl.linkedin.com/jobs/view/python-automation-tester-f-m-x-at-sii-poland-4450139764,2026-08-27T20:15:54.177577+00:00
0,Python Test | Poland,linkedin,R&D Python Test Engineer,Hitachi Energy,Cracow Metropolitan Area,On-site,Full-time,Python,R,English,,,Recent,https://pl.linkedin.com/jobs/view/r-d-python-test-engineer-at-hitachi-energy-4427923089,2026-08-27T20:15:54.177744+00:00
0,Python Test | Poland,linkedin,Middle Python Automation Test Engineer IRC297834,GlobalLogic,"Szczecin, Zachodniopomorskie, Poland",On-site,Full-time,Python,,English,,,Recent,https://pl.linkedin.com/jobs/view/middle-python-automation-test-engineer-irc297834-at-globallogic-4434330217,2026-08-27T20:15:54.177904+00:00
0,Python Test | Poland,linkedin,Automation Test Engineer,Hitachi Energy,Cracow Metropolitan Area,On-site,Full-time,,,English,,,Recent,https://pl.linkedin.com/jobs/view/automation-test-engineer-at-hitachi-energy-4427904256,2026-08-27T20:15:54.178927+00:00
0,Python Test | Poland,linkedin,Python Software Engineer - Test Automation Framework (Embedded),Sonova Group,"Warsaw, Mazowieckie, Poland",On-site,Full-time,"Python, Test Automation",,English,,,Recent,https://pl.linkedin.com/jobs/view/python-software-engineer-test-automation-framework-embedded-at-sonova-group-4436777037,2026-08-27T20:15:54.179080+00:00
0,Python Test | USA,linkedin,Software Engineering Technical Leader- SDET,Cisco,"Milpitas, CA",On-site,Full-time,,,English,,,Recent,https://www.linkedin.com/jobs/view/software-engineering-technical-leader-sdet-at-cisco-4449983757,2026-08-27T20:15:56.628782+00:00
0,Python Test | USA,linkedin,Python Software Developer in Test - Assistant Vice President,iCapital,"Salt Lake City, UT",On-site,Full-time,Python,,English,,,Recent,https://www.linkedin.com/jobs/view/python-software-developer-in-test-assistant-vice-president-at-icapital-4387280012,2026-08-27T20:15:56.629316+00:00
0,Python Test | USA,linkedin,"Test Automation Engineer, onsite Petaluma, CA",Ciena,"Petaluma, CA",On-site,Full-time,Test Automation,,English,,,Recent,https://www.linkedin.com/jobs/view/test-automation-engineer-onsite-petaluma-ca-at-ciena-4457493668,2026-08-27T20:15:56.629791+00:00
0,Python Test | United Kingdom,linkedin,Test Engineer,UBDS Digital,"London, England, United Kingdom",On-site,Full-time,,,English,,,Recent,https://uk.linkedin.com/jobs/view/test-engineer-at-ubds-digital-4403806849,2026-08-27T20:15:59.030629+00:00
0,Python Test | United Kingdom,linkedin,Software Engineer III - Python/Test Automation,JPMorganChase,"Glasgow, Scotland, United Kingdom",On-site,Full-time,"Python, Test Automation",,English,,,Recent,https://uk.linkedin.com/jobs/view/software-engineer-iii-python-test-automation-at-jpmorganchase-4449694896,2026-08-27T20:15:59.030787+00:00
0,Python Test | United Kingdom,linkedin,Test Automaton Engineer,Leidos,"Farnborough, England, United Kingdom",On-site,Full-time,,,English,,,Recent,https://uk.linkedin.com/jobs/view/test-automaton-engineer-at-leidos-4454015234,2026-08-27T20:15:59.031114+00:00
0,Python Test | United Kingdom,linkedin,Software Test Engineer,CHEP,"London Area, United Kingdom",On-site,Full-time,,,English,,,Recent,https://uk.linkedin.com/jobs/view/software-test-engineer-at-chep-4452262369,2026-08-27T20:15:59.031280+00:00
0,Python Test | United Kingdom,linkedin,Test Automation Engineer (DV Cleared),TipTopJob,"Cheltenham, England, United Kingdom",On-site,Full-time,Test Automation,,English,,,Recent,https://uk.linkedin.com/jobs/view/test-automation-engineer-dv-cleared-at-tiptopjob-4459820010,2026-08-27T20:15:59.031432+00:00
0,Python Test | United Kingdom,linkedin,Python Developer,Thermoteknix,"Waterbeach, England, United Kingdom",On-site,Full-time,Python,,English,,,Recent,https://uk.linkedin.com/jobs/view/python-developer-at-thermoteknix-4446633947,2026-08-27T20:15:59.031583+00:00
0,Firmware Engineer | Germany,linkedin,Softwareentwickler Embedded Systems (m/w/d),FERCHAU,"Erfurt, Thuringia, Germany",On-site,Full-time,Embedded Systems,,English,,,Recent,https://de.linkedin.com/jobs/view/softwareentwickler-embedded-systems-m-w-d-at-ferchau-4438583329,2026-08-27T20:16:01.421208+00:00
0,Firmware Engineer | Germany,linkedin,Firmware Engineer (f/m/d) for Embedded / Automotive / ASIP RISC‑-V,Renesas Electronics,"Germering, Bavaria, Germany",On-site,Full-time,Firmware,,English,,,Recent,https://de.linkedin.com/jobs/view/firmware-engineer-f-m-d-for-embedded-automotive-asip-risc%E2%80%91-v-at-renesas-electronics-4436354185,2026-08-27T20:16:01.421375+00:00
0,Firmware Engineer | Germany,linkedin,FIRMWARE- / EMBEDDED ENTWICKLER (M/W/D),Schulte-Schlagbaum AG,"Velbert, North Rhine-Westphalia, Germany",On-site,Full-time,Firmware,,English,,,Recent,https://de.linkedin.com/jobs/view/firmware-embedded-entwickler-m-w-d-at-schulte-schlagbaum-ag-4448842503,2026-08-27T20:16:01.422036+00:00
0,Firmware Engineer | Germany,linkedin,Embedded Software Developer (m/w/d),MotionMiners GmbH,"Dortmund, North Rhine-Westphalia, Germany",On-site,Full-time,,,English,,,Recent,https://de.linkedin.com/jobs/view/embedded-software-developer-m-w-d-at-motionminers-gmbh-4452270168,2026-08-27T20:16:01.422213+00:00
0,Firmware Engineer | Austria,linkedin,Embedded Firmware Developer (C) - Smart Pocket / Mobile Robotics (M/W/D)*,TGW Logistics,"Wels, Upper Austria, Austria",Remote,Full-time,"C, Firmware",,English,,,Recent,https://at.linkedin.com/jobs/view/embedded-firmware-developer-c-smart-pocket-mobile-robotics-m-w-d-at-tgw-logistics-4416829497,2026-08-27T20:16:03.808463+00:00
0,Firmware Engineer | Austria,linkedin,Embedded Firmware Developer (C) - Smart Pocket / Mobile Robotics (M/F/D)*,TGW Logistics,"Wels, Upper Austria, Austria",Remote,Full-time,"C, Firmware",,English,,,Recent,https://at.linkedin.com/jobs/view/embedded-firmware-developer-c-smart-pocket-mobile-robotics-m-f-d-at-tgw-logistics-4416891469,2026-08-27T20:16:03.808643+00:00
0,Firmware Engineer | Austria,linkedin,Entwickler Embedded Systems (HW/SW) (m/w/d),Liebherr Aerospace and Transportation,"Korneuburg, Lower Austria, Austria",On-site,Full-time,Embedded Systems,,English,,,Recent,https://at.linkedin.com/jobs/view/entwickler-embedded-systems-hw-sw-m-w-d-at-liebherr-aerospace-and-transportation-4454705793,2026-08-27T20:16:03.808805+00:00
0,Firmware Engineer | Austria,linkedin,Embedded Software Engineer,ENPULSION,"Vienna, Vienna, Austria",On-site,Full-time,,,English,,,Recent,https://at.linkedin.com/jobs/view/embedded-software-engineer-at-enpulsion-4432741715,2026-08-27T20:16:03.809308+00:00
0,Firmware Engineer | Austria,linkedin,Embedded Linux Software Entwickler (m/w/d),Liebherr Group,"Nenzing, Vorarlberg, Austria",On-site,Full-time,Embedded Linux,Linux,English,,,Recent,https://at.linkedin.com/jobs/view/embedded-linux-software-entwickler-m-w-d-at-liebherr-group-4437018975,2026-08-27T20:16:03.809621+00:00
0,Firmware Engineer | Austria,linkedin,Software Engineer (m/w/d) Embedded Linux,BORA,"Tyrol, Austria",On-site,Full-time,Embedded Linux,Linux,English,,,Recent,https://at.linkedin.com/jobs/view/software-engineer-m-w-d-embedded-linux-at-bora-4449745522,2026-08-27T20:16:03.809774+00:00
0,Firmware Engineer | Austria,linkedin,Embedded Linux Engineer (m/f/d),MED-EL,"Innsbruck, Tyrol, Austria",On-site,Full-time,Embedded Linux,Linux,English,,,Recent,https://at.linkedin.com/jobs/view/embedded-linux-engineer-m-f-d-at-med-el-4443302841,2026-08-27T20:16:03.809930+00:00
0,Firmware Engineer | Switzerland,linkedin,Embedded SW Developer,Hyperscale Power,"Zurich, Zurich, Switzerland",On-site,Full-time,,,English,,,Recent,https://ch.linkedin.com/jobs/view/embedded-sw-developer-at-hyperscale-power-4452238577,2026-08-27T20:16:06.193672+00:00
0,Firmware Engineer | Switzerland,linkedin,Embedded Software Engineer (m/w/d) 80-100%,Novasina AG,"Lachen, Schwyz, Switzerland",Remote,Full-time,,,English,,,Recent,https://ch.linkedin.com/jobs/view/embedded-software-engineer-m-w-d-80-100%25-at-novasina-ag-4451220461,2026-08-27T20:16:06.193857+00:00
0,Firmware Engineer | Switzerland,linkedin,Embedded Software Engineer – C/C++,yellowshark® AG,"Lachen, Schwyz, Switzerland",On-site,Full-time,"C, C++",,English,,,Recent,https://ch.linkedin.com/jobs/view/embedded-software-engineer-%E2%80%93-c-c%2B%2B-at-yellowshark%C2%AE-ag-4451218442,2026-08-27T20:16:06.194023+00:00
0,Firmware Engineer | Switzerland,linkedin,Embedded Software Engineer,"Mettler-Toledo International, Inc","Greifensee, Zurich, Switzerland",On-site,Internship,,,English,,,Recent,https://ch.linkedin.com/jobs/view/embedded-software-engineer-at-mettler-toledo-international-inc-4447135200,2026-08-27T20:16:06.194391+00:00
0,Firmware Engineer | Switzerland,linkedin,Embedded Software Engineer - SoM,Harmattan AI,"Zurich, Zurich, Switzerland",On-site,Full-time,,,English,,,Recent,https://ch.linkedin.com/jobs/view/embedded-software-engineer-som-at-harmattan-ai-4458216574,2026-08-27T20:16:06.194549+00:00
0,Firmware Engineer | Switzerland,linkedin,Embedded Software Engineer - SoM,Harmattan AI,"Lausanne, Vaud, Switzerland",On-site,Full-time,,,English,,,Recent,https://ch.linkedin.com/jobs/view/embedded-software-engineer-som-at-harmattan-ai-4457096729,2026-08-27T20:16:06.194866+00:00
0,Firmware Engineer | Switzerland,linkedin,Software Engineer 80 - 100 % (f/m/d),Hamilton Medical,"Bonaduz, Graubünden, Switzerland",On-site,Full-time,,,English,,,Recent,https://ch.linkedin.com/jobs/view/software-engineer-80-100-%25-f-m-d-at-hamilton-medical-4410809903,2026-08-27T20:16:06.195204+00:00
0,Firmware Engineer | Slovakia,linkedin,Production Sofware Engineer for for MinebeaMitsumi development centre Košice (m/f/d),MinebeaMitsumi Europe,"Košice, Kosice, Slovakia",On-site,Full-time,,,English,,,Recent,https://sk.linkedin.com/jobs/view/production-sofware-engineer-for-for-minebeamitsumi-development-centre-ko%C5%A1ice-m-f-d-at-minebeamitsumi-europe-4456456117,2026-08-27T20:16:10.844877+00:00
0,Firmware Engineer | Czech Republic,linkedin,车载camera工程师7996,UNISOC,"アト・マジョール州, Hato Mayor, Dominican Republic",On-site,Full-time,,,English,,,Recent,https://do.linkedin.com/jobs/view/%E8%BD%A6%E8%BD%BDcamera%E5%B7%A5%E7%A8%8B%E5%B8%887996-at-unisoc-4444589232,2026-08-27T20:16:13.108828+00:00
0,Firmware Engineer | Czech Republic,linkedin,高低速接口工程师7998,UNISOC,"アト・マジョール州, Hato Mayor, Dominican Republic",On-site,Full-time,,,English,,,Recent,https://do.linkedin.com/jobs/view/%E9%AB%98%E4%BD%8E%E9%80%9F%E6%8E%A5%E5%8F%A3%E5%B7%A5%E7%A8%8B%E5%B8%887998-at-unisoc-4444590139,2026-08-27T20:16:13.109011+00:00
0,Firmware Engineer | Czech Republic,linkedin,IOT Engineer,ACI INFOTECH,"Santiago, Santiago, Dominican Republic",On-site,Full-time,,,English,,,Recent,https://do.linkedin.com/jobs/view/iot-engineer-at-aci-infotech-4458359552,2026-08-27T20:16:13.109203+00:00
0,Firmware Engineer | Czech Republic,linkedin,Trainee in Application Lab,STMicroelectronics,"Batey 8, Independencia Province, Dominican Republic",On-site,Full-time,,Trainee,English,,,Recent,https://do.linkedin.com/jobs/view/trainee-in-application-lab-at-stmicroelectronics-4377848452,2026-08-27T20:16:13.109366+00:00
0,Firmware Engineer | Czech Republic,linkedin,车载系统性能稳定性工程师7995,UNISOC,"アト・マジョール州, Hato Mayor, Dominican Republic",On-site,Full-time,,,English,,,Recent,https://do.linkedin.com/jobs/view/%E8%BD%A6%E8%BD%BD%E7%B3%BB%E7%BB%9F%E6%80%A7%E8%83%BD%E7%A8%B3%E5%AE%9A%E6%80%A7%E5%B7%A5%E7%A8%8B%E5%B8%887995-at-unisoc-4444594043,2026-08-27T20:16:13.109524+00:00
0,Firmware Engineer | Czech Republic,linkedin,软件系统工程师（性能优化方向）7997,UNISOC,"アト・マジョール州, Hato Mayor, Dominican Republic",On-site,Full-time,,,English,,,Recent,https://do.linkedin.com/jobs/view/%E8%BD%AF%E4%BB%B6%E7%B3%BB%E7%BB%9F%E5%B7%A5%E7%A8%8B%E5%B8%88%EF%BC%88%E6%80%A7%E8%83%BD%E4%BC%98%E5%8C%96%E6%96%B9%E5%90%91%EF%BC%897997-at-unisoc-4444592097,2026-08-27T20:16:13.109688+00:00
0,Firmware Engineer | Poland,linkedin,Firmware Engineer/ C/C++ Developer (Embedded),Alarm.com,"Warsaw, Mazowieckie, Poland",On-site,Full-time,"C, C++, Firmware",,English,,,Recent,https://pl.linkedin.com/jobs/view/firmware-engineer-c-c%2B%2B-developer-embedded-at-alarm-com-4454666901,2026-08-27T20:16:15.515020+00:00
0,Firmware Engineer | Poland,linkedin,Embedded Software Engineer,ASSA ABLOY Group,"Cracow, Małopolskie, Poland",On-site,Full-time,,,English,,,Recent,https://pl.linkedin.com/jobs/view/embedded-software-engineer-at-assa-abloy-group-3759958711,2026-08-27T20:16:15.515217+00:00
0,Firmware Engineer | Poland,linkedin,Embedded Developer (f/m) (SSC),Phoenix Contact,"Wielkopolskie, Poland",On-site,Full-time,,,English,,,Recent,https://pl.linkedin.com/jobs/view/embedded-developer-f-m-ssc-at-phoenix-contact-4370458374,2026-08-27T20:16:15.515717+00:00
0,Firmware Engineer | Poland,linkedin,Embedded C++ Low Level Software Engineer,Accenture Poland,"Wrocław, Dolnośląskie, Poland",On-site,Full-time,"C, C++",,English,,,Recent,https://pl.linkedin.com/jobs/view/embedded-c%2B%2B-low-level-software-engineer-at-accenture-poland-4382435408,2026-08-27T20:16:15.515873+00:00
0,Firmware Engineer | Poland,linkedin,Firmware Linux Engineer (m/f/d),ZF Group,"Warsaw, Mazowieckie, Poland",On-site,Full-time,Firmware,Linux,English,,,Recent,https://pl.linkedin.com/jobs/view/firmware-linux-engineer-m-f-d-at-zf-group-4448785696,2026-08-27T20:16:15.516371+00:00
0,Firmware Engineer | USA,linkedin,Sr Firmware Engineer,Resideo,"Golden Valley, MN",On-site,Full-time,Firmware,,English,,,Recent,https://www.linkedin.com/jobs/view/sr-firmware-engineer-at-resideo-4455945574,2026-08-27T20:16:17.945746+00:00
0,Firmware Engineer | USA,linkedin,Sr. Firmware Engineer,Vertiv,"Lincoln, NE",On-site,Full-time,Firmware,,English,,,Recent,https://www.linkedin.com/jobs/view/sr-firmware-engineer-at-vertiv-4370110601,2026-08-27T20:16:17.946254+00:00
0,Firmware Engineer | United Kingdom,linkedin,Embedded Software Engineer (Firmware),Nusku,"City Of Bristol, England, United Kingdom",On-site,Full-time,Firmware,,English,,,Recent,https://uk.linkedin.com/jobs/view/embedded-software-engineer-firmware-at-nusku-4455705326,2026-08-27T20:16:20.341712+00:00
0,Firmware Engineer | United Kingdom,linkedin,Firmware Engineer,IC Resources,"Gloucestershire, England, United Kingdom",On-site,Full-time,Firmware,,English,,,Recent,https://uk.linkedin.com/jobs/view/firmware-engineer-at-ic-resources-4419499135,2026-08-27T20:16:20.341866+00:00
0,Firmware Engineer | United Kingdom,linkedin,Embedded Firmware Engineer,HID,"Tongwynlais, Wales, United Kingdom",On-site,Full-time,Firmware,,English,,,Recent,https://uk.linkedin.com/jobs/view/embedded-firmware-engineer-at-hid-4405533333,2026-08-27T20:16:20.342018+00:00
