relevance_score,search_criteria,provider,title,company,location,work_location_type,employment_type,matching_skills,missing_skills,detected_languages,matched_roles,salary_hint,posted_at_relative,link,scraped_at
44,Testingenieur | United Kingdom,linkedin,"Quality Assurance Engineer (German Speaking), Alexa Global Quality",Amazon,"London, England, United Kingdom",On-site,Contract,"Can, Selenium","Appium, Lead, Manual Testing",English,"Lead, QA Lead",,Recent,https://uk.linkedin.com/jobs/view/quality-assurance-engineer-german-speaking-alexa-global-quality-at-amazon-4455909404,2026-08-20T10:36:20.995386+00:00
44,Firmware Engineer | Slovakia,linkedin,Senior Software Engineer,Siemens,"Bratislava, Bratislava, Slovakia",Remote,Full-time,"C, C++, Sil","R, Senior, Architect, Lead",English,"Architect, Lead, Senior",,Recent,https://sk.linkedin.com/jobs/view/senior-software-engineer-at-siemens-4446795747,2026-08-20T10:37:37.502062+00:00
29,Tester | Slovakia,linkedin,Test Professional (m/f/d),Siemens Healthineers,"Košice, Kosice, Slovakia",On-site,Full-time,,,English,,,Recent,https://sk.linkedin.com/jobs/view/test-professional-m-f-d-at-siemens-healthineers-4431961974,2026-08-20T10:35:06.859532+00:00
29,Tester | Slovakia,linkedin,Test inžinier pre vývoj elektronických systémov (ž/m),Siemens,"Bratislava, Bratislava, Slovakia",On-site,Full-time,,,English,,,Recent,https://sk.linkedin.com/jobs/view/test-in%C5%BEinier-pre-v%C3%BDvoj-elektronick%C3%BDch-syst%C3%A9mov-%C5%BE-m-at-siemens-4445738791,2026-08-20T10:35:06.860284+00:00
29,Test Engineer | USA,linkedin,"Test Engineer, Amazon Devices Reverse Logistics",Amazon Lab126,"Lexington, KY",On-site,Full-time,,,English,,,Recent,https://www.linkedin.com/jobs/view/test-engineer-amazon-devices-reverse-logistics-at-amazon-lab126-4455914164,2026-08-20T10:35:57.106483+00:00
29,Testingenieur | Germany,linkedin,Test Engineer (w/m/d) Applicators,Siemens Healthineers,"Haan, North Rhine-Westphalia, Germany",On-site,Full-time,,,English,,,Recent,https://de.linkedin.com/jobs/view/test-engineer-w-m-d-applicators-at-siemens-healthineers-4454439406,2026-08-20T10:36:01.905077+00:00
29,Testingenieur | Slovakia,linkedin,Tester s nemeckým jazykom (ž/m),Siemens,"Žilina, Zilina, Slovakia",On-site,Full-time,,,English,,,Recent,https://sk.linkedin.com/jobs/view/tester-s-nemeck%C3%BDm-jazykom-%C5%BE-m-at-siemens-4423952200,2026-08-20T10:36:11.333667+00:00
29,Python Test | Poland,linkedin,Python Engineer — Evaluator Library,Intellias,Poland,On-site,Full-time,Python,,English,,,Recent,https://pl.linkedin.com/jobs/view/python-engineer-%E2%80%94-evaluator-library-at-intellias-4444565640,2026-08-20T10:37:20.611454+00:00
29,Firmware Engineer | Germany,linkedin,"Firmware Engineer, Amazon Robotics",Amazon,"Munich, Bavaria, Germany",On-site,Full-time,Firmware,,English,,,Recent,https://de.linkedin.com/jobs/view/firmware-engineer-amazon-robotics-at-amazon-4455906434,2026-08-20T10:37:27.845884+00:00
29,Firmware Engineer | Austria,linkedin,Embedded Crypto Software Developer (m/f/d),NXP Semiconductors,"Gratkorn, Styria, Austria",On-site,Full-time,,,English,,,Recent,https://at.linkedin.com/jobs/view/embedded-crypto-software-developer-m-f-d-at-nxp-semiconductors-4431883741,2026-08-20T10:37:30.294795+00:00
29,Firmware Engineer | Slovakia,linkedin,Software Developer for product Zephyr,Siemens Healthineers,"Košice, Kosice, Slovakia",On-site,Full-time,,Zephyr,English,,,Recent,https://sk.linkedin.com/jobs/view/software-developer-for-product-zephyr-at-siemens-healthineers-4446241568,2026-08-20T10:37:37.501746+00:00
29,Firmware Engineer | Slovakia,linkedin,C++ Developer (ž/m),Siemens,"Žilina, Zilina, Slovakia",Remote,Full-time,"C, C++","Git, R",English,,,Recent,https://sk.linkedin.com/jobs/view/c%2B%2B-developer-%C5%BE-m-at-siemens-4404730366,2026-08-20T10:37:37.502251+00:00
29,Firmware Engineer | Poland,linkedin,"Embedded Software Engineer II, Ring, Ring",Amazon,Gdansk Metropolitan Area,On-site,Full-time,,,English,,,Recent,https://pl.linkedin.com/jobs/view/embedded-software-engineer-ii-ring-ring-at-amazon-4455780934,2026-08-20T10:37:42.228870+00:00
29,Firmware Engineer | Poland,linkedin,"Embedded Software Dev Engineer, Ring Devices",Amazon,Gdansk Metropolitan Area,On-site,Full-time,,,English,,,Recent,https://pl.linkedin.com/jobs/view/embedded-software-dev-engineer-ring-devices-at-amazon-4455785779,2026-08-20T10:37:42.229400+00:00
29,Firmware Engineer | USA,linkedin,Firmware Engineer II,Nice/SpeakerCraft Audio Solutions,"Kent, WA",On-site,Full-time,Firmware,,English,,,Recent,https://www.linkedin.com/jobs/view/firmware-engineer-ii-at-nice-speakercraft-audio-solutions-4451206392,2026-08-20T10:37:44.668950+00:00
29,Firmware Engineer | United Kingdom,linkedin,"Embedded Software Engineer, Ring",Amazon,"Cambridge, England, United Kingdom",On-site,Full-time,,,English,,,Recent,https://uk.linkedin.com/jobs/view/embedded-software-engineer-ring-at-amazon-4455781898,2026-08-20T10:37:47.050432+00:00
14,Tester | Austria,linkedin,Junior Software Test Engineer (m/w/d),TECCON Consulting GmbH,"Gleisdorf, Styria, Austria",Remote,Full-time,"C, Test Automation","Scrum, Expert, R, Junior, Sql Server, Kanban, Sql, Architect, C#, Agile",German,"Architect, Expert",,Recent,https://at.linkedin.com/jobs/view/junior-software-test-engineer-m-w-d-at-teccon-consulting-gmbh-4437026598,2026-08-20T10:34:59.720450+00:00
14,Tester | Austria,linkedin,Quality Assurance and Product Operations Expert,Red Bull,"Elsbethen, Salzburg, Austria",Remote,Internship,Test Automation,"Jira, Load Testing, Expert",English,Expert,,Recent,https://at.linkedin.com/jobs/view/quality-assurance-and-product-operations-expert-at-red-bull-4447582094,2026-08-20T10:34:59.720851+00:00
14,Tester | Czech Republic,linkedin,Senior Automation Tester in JS,EPAM Systems,Dominican Republic,On-site,Full-time,,Senior,English,Senior,,Recent,https://do.linkedin.com/jobs/view/senior-automation-tester-in-js-at-epam-systems-4450148695,2026-08-20T10:35:09.223067+00:00
14,QA Engineer | Germany,linkedin,QA Engineer (Mid/Senior),Talon.One,"Berlin, Berlin, Germany",On-site,Full-time,,Senior,English,Senior,,Recent,https://de.linkedin.com/jobs/view/qa-engineer-mid-senior-at-talon-one-4456167984,2026-08-20T10:35:18.844946+00:00
14,QA Engineer | Slovakia,linkedin,Senior Quality Assurance Engineer,UNIQA Group Services,"Nitra Region, Slovakia",On-site,Full-time,,Senior,English,Senior,,Recent,https://sk.linkedin.com/jobs/view/senior-quality-assurance-engineer-at-uniqa-group-services-4431527332,2026-08-20T10:35:28.306053+00:00
14,Test Engineer | United Kingdom,linkedin,Test Engineer,Össur,"Livingston, Scotland, United Kingdom",Remote,Contract,Can,"Staff, R",English,Staff,,Recent,https://uk.linkedin.com/jobs/view/test-engineer-at-%C3%B6ssur-4448015226,2026-08-20T10:35:59.496496+00:00
14,Testingenieur | Czech Republic,linkedin,Lead Software Engineer in Test (SDET),Flash,"Santo Domingo, Distrito Nacional, Dominican Republic",On-site,Full-time,,Lead,English,Lead,,Recent,https://do.linkedin.com/jobs/view/lead-software-engineer-in-test-sdet-at-flash-4414922814,2026-08-20T10:36:13.699974+00:00
14,Testingenieur | Poland,linkedin,Quality Assurance Engineer – Senior / Mid / Junior,Kidde Global Solutions,"Gdańsk, Pomorskie, Poland",On-site,Full-time,,"Senior, Junior",English,Senior,,Recent,https://pl.linkedin.com/jobs/view/quality-assurance-engineer-%E2%80%93-senior-mid-junior-at-kidde-global-solutions-4449856648,2026-08-20T10:36:16.141236+00:00
14,Testingenieur | USA,linkedin,Test Engineer,SANMINA-SCI TECHNOLOGY INDIA PRIVATE LIMITED,"Fremont, CA",On-site,Contract,,"Lead, Assembly",English,Lead,,Recent,https://www.linkedin.com/jobs/view/test-engineer-at-sanmina-sci-technology-india-private-limited-4448070431,2026-08-20T10:36:18.597621+00:00
14,Testingenieur | United Kingdom,linkedin,Test Automation Engineer,Motorola Solutions,"Glasgow, Scotland, United Kingdom",Hybrid,Contract,"Can, Java, Playwright, Test Automation","Git, Github, Cypress, Sql, Devops, Jira, Agile, Manual Testing, Regression Testing",English,Test Manager,,Recent,https://uk.linkedin.com/jobs/view/test-automation-engineer-at-motorola-solutions-4443930025,2026-08-20T10:36:20.996311+00:00
14,Test Automation | Germany,linkedin,Senior Test Automation Engineer/Software Development Engineer in Test (d/f/m),Leapsome,"Berlin, Germany",Hybrid,Contract,"Can, Ci/Cd, Github Actions, Go, Integration Testing, Playwright, Rag, Test Automation, Typescript","Aws, Vue.Js, Docker, Angular, Datadog, Nosql, Agile, Mongodb, Github, Senior",English,Senior,,Recent,https://de.linkedin.com/jobs/view/senior-test-automation-engineer-software-development-engineer-in-test-d-f-m-at-leapsome-4319406597,2026-08-20T10:36:23.397125+00:00
14,Test Automation | Germany,linkedin,Test Automation Engineer (w/m/d),HUK-COBURG,"Coburg, Bavaria, Germany",Remote,Contract,"Ci/Cd, Java, Javascript, Python, Robot Framework, Selenium, Test Automation","Scrum, R, Kanban, Appium, Junit",German,Test Manager,,Recent,https://de.linkedin.com/jobs/view/test-automation-engineer-w-m-d-at-huk-coburg-4438497294,2026-08-20T10:36:23.397367+00:00
14,Test Automation | Germany,linkedin,Senior Software Engineer in Test (f/m/d/x),EMIL Group,"Berlin, Berlin, Germany",Remote,Contract,"Ci/Cd, Go, Javascript, Python, Test Automation, Typescript","Microservices, Regression Testing, Aws, React, Golang, Senior, Grpc, Safe, Node.Js",English,Senior,,Recent,https://de.linkedin.com/jobs/view/senior-software-engineer-in-test-f-m-d-x-at-emil-group-4444389488,2026-08-20T10:36:23.397651+00:00
14,Test Automation | Germany,linkedin,Senior QA Automation Engineer (m/w/d),Autohaus Royal GmbH,"Berlin, Berlin, Germany",On-site,Full-time,,Senior,English,Senior,,Recent,https://de.linkedin.com/jobs/view/senior-qa-automation-engineer-m-w-d-at-autohaus-royal-gmbh-4449574577,2026-08-20T10:36:23.398036+00:00
14,Test Automation | Austria,linkedin,Agile Senior Software Testautomation Engineer (m/w/x),ÖBB,"Leopoldstadt, Vienna, Austria",On-site,Full-time,,"Senior, Agile",English,Senior,,Recent,https://at.linkedin.com/jobs/view/agile-senior-software-testautomation-engineer-m-w-x-at-%C3%B6bb-4446756955,2026-08-20T10:36:25.779367+00:00
14,Test Automation | Austria,linkedin,SENIOR TESTAUTOMATION ENGINEER (M/W/D),Ivm Consulting Co,"Vienna, Vienna, Austria",On-site,Full-time,,Senior,English,Senior,,Recent,https://at.linkedin.com/jobs/view/senior-testautomation-engineer-m-w-d-at-ivm-consulting-co-4449483224,2026-08-20T10:36:25.779663+00:00
14,Test Automation | Austria,linkedin,Senior Software Engineer in Test,Vertice,"Linz, Upper Austria, Austria",On-site,Full-time,,Senior,English,Senior,,Recent,https://at.linkedin.com/jobs/view/senior-software-engineer-in-test-at-vertice-4447993485,2026-08-20T10:36:25.779960+00:00
14,Test Automation | Switzerland,linkedin,Senior Test Automation Engineer,Swisslinx,"Basel, Basel, Switzerland",On-site,Full-time,Test Automation,Senior,English,Senior,,Recent,https://ch.linkedin.com/jobs/view/senior-test-automation-engineer-at-swisslinx-4455418831,2026-08-20T10:36:28.153280+00:00
14,Test Automation | Slovakia,linkedin,Senior Software Test Automation Engineer (Full Stack),Solar Turbines,"Košice, Kosice, Slovakia",On-site,Full-time,Test Automation,Senior,English,Senior,,Recent,https://sk.linkedin.com/jobs/view/senior-software-test-automation-engineer-full-stack-at-solar-turbines-4456472350,2026-08-20T10:36:32.826263+00:00
14,Test Automation | Slovakia,linkedin,Lead Software Test Engineer,Caterpillar Inc.,"Košice, Kosice, Slovakia",On-site,Full-time,,Lead,English,Lead,,Recent,https://sk.linkedin.com/jobs/view/lead-software-test-engineer-at-caterpillar-inc-4447087941,2026-08-20T10:36:32.826774+00:00
14,Test Automation | Czech Republic,linkedin,Senior Software Development Engineer in Test,Episode Six,"Santo Domingo Este, Santo Domingo, Dominican Republic",On-site,Full-time,,Senior,English,Senior,,Recent,https://do.linkedin.com/jobs/view/senior-software-development-engineer-in-test-at-episode-six-4446542170,2026-08-20T10:36:35.269001+00:00
14,Test Automation | Poland,linkedin,Senior Test Automation Engineer,AMD,"Gdańsk, Pomorskie, Poland",On-site,Full-time,Test Automation,Senior,English,Senior,,Recent,https://pl.linkedin.com/jobs/view/senior-test-automation-engineer-at-amd-4427348897,2026-08-20T10:36:37.675561+00:00
14,Test Automation | Poland,linkedin,Test Automation Engineer/IT Test Manager (M/F/D),DSV - Global Transport and Logistics,"Warsaw, Mazowieckie, Poland",On-site,Full-time,Test Automation,,English,Test Manager,,Recent,https://pl.linkedin.com/jobs/view/test-automation-engineer-it-test-manager-m-f-d-at-dsv-global-transport-and-logistics-4439162204,2026-08-20T10:36:37.676362+00:00
14,Test Automation | USA,linkedin,Senior Automation Test Engineer,Motional,"Las Vegas, NV",On-site,Full-time,,Senior,English,Senior,,Recent,https://www.linkedin.com/jobs/view/senior-automation-test-engineer-at-motional-4397062662,2026-08-20T10:36:40.121091+00:00
14,Test Automation | USA,linkedin,Senior Test Automation Engineer,CGI,"Salt Lake City, UT",On-site,Full-time,Test Automation,Senior,English,Senior,,Recent,https://www.linkedin.com/jobs/view/senior-test-automation-engineer-at-cgi-4430734501,2026-08-20T10:36:40.121872+00:00
14,Test Automation | United Kingdom,linkedin,Senior QA Engineer,Bellrock Group,"Liverpool, England, United Kingdom",On-site,Full-time,,Senior,English,Senior,,Recent,https://uk.linkedin.com/jobs/view/senior-qa-engineer-at-bellrock-group-4442168127,2026-08-20T10:36:42.543130+00:00
14,Python Developer | Austria,linkedin,Senior Python Developer,DL Remote,"Graz, Styria, Austria",Remote,Full-time,Python,Senior,English,Senior,,Recent,https://at.linkedin.com/jobs/view/senior-python-developer-at-dl-remote-4452729864,2026-08-20T10:36:47.300818+00:00
14,Python Developer | Austria,linkedin,Senior Python Entwickler:in (m/w/d),NovaLabs GmbH,"Graz, Styria, Austria",On-site,Full-time,Python,Senior,English,Senior,,Recent,https://at.linkedin.com/jobs/view/senior-python-entwickler-in-m-w-d-at-novalabs-gmbh-4445091137,2026-08-20T10:36:47.301115+00:00
14,Python Developer | Czech Republic,linkedin,Senior Full Stack Engineer (Backend-Focused),Applaudo,Dominican Republic,On-site,Full-time,,Senior,English,Senior,,Recent,https://do.linkedin.com/jobs/view/senior-full-stack-engineer-backend-focused-at-applaudo-4444988382,2026-08-20T10:36:56.742178+00:00
14,Python Test | Germany,linkedin,Senior Software Engineer – Python Automation & Optical Testing,HCLTech,"Nuremberg, Bavaria, Germany",On-site,Full-time,Python,Senior,English,Senior,,Recent,https://de.linkedin.com/jobs/view/senior-software-engineer-%E2%80%93-python-automation-optical-testing-at-hcltech-4450323535,2026-08-20T10:37:06.409608+00:00
14,Firmware Engineer | Slovakia,linkedin,Senior Embedded Engineer,Ciklum,"Bratislava, Slovakia",On-site,Full-time,,Senior,English,Senior,,Recent,https://sk.linkedin.com/jobs/view/senior-embedded-engineer-at-ciklum-4437769182,2026-08-20T10:37:37.501505+00:00
14,Firmware Engineer | Slovakia,linkedin,R&D: Electronics System Architect (m/ž),ZKW,"Topoľčany, Nitra Region, Slovakia",On-site,Contract,"Can, Embedded Systems","R, Architect, System Architect",English,"Architect, System Architect",,Recent,https://sk.linkedin.com/jobs/view/r-d-electronics-system-architect-m-%C5%BE-at-zkw-4445504341,2026-08-20T10:37:37.501963+00:00
14,Firmware Engineer | Slovakia,linkedin,Senior C/C++ Software Engineer,Frequentis,"Bratislava, Bratislava, Slovakia",Hybrid,Full-time,"C, C++, Github Copilot, Jenkins","Git, Github, R, Senior",English,Senior,,Recent,https://sk.linkedin.com/jobs/view/senior-c-c%2B%2B-software-engineer-at-frequentis-4439990845,2026-08-20T10:37:37.502157+00:00
14,Firmware Engineer | Slovakia,linkedin,Hardware Development Engineer (m/f),IEE Sensing,"Košice, Kosice, Slovakia",On-site,Contract,Python,"Lead, Matlab",English,Lead,,Recent,https://sk.linkedin.com/jobs/view/hardware-development-engineer-m-f-at-iee-sensing-4137893590,2026-08-20T10:37:37.502439+00:00
14,Firmware Engineer | Czech Republic,linkedin,Lead Firmware Engineer,Eaton,"Santo Domingo, Distrito Nacional, Dominican Republic",On-site,Contract,"Arm, Firmware","Github, Agile, Zephyr, Jira, Lead, Confluence",English,Lead,,Recent,https://do.linkedin.com/jobs/view/lead-firmware-engineer-at-eaton-4450819024,2026-08-20T10:37:39.807136+00:00
14,Firmware Engineer | Czech Republic,linkedin,Software Engineer C++ (m/f/d),Bruker,Dominican Republic,Remote,Contract,"Bash, C, C++, Can, Ci/Cd, Go, Python","Git, Expert, Junior, R, Azure, Devops, Senior, Grpc, Architect, Ansible",English,"Architect, Expert, Senior",,Recent,https://do.linkedin.com/jobs/view/software-engineer-c%2B%2B-m-f-d-at-bruker-4369277160,2026-08-20T10:37:39.807467+00:00
14,Firmware Engineer | Poland,linkedin,Firmware Engineer – Senior / Mid / Junior,Kidde Global Solutions,"Gdańsk, Pomorskie, Poland",On-site,Full-time,Firmware,"Senior, Junior",English,Senior,,Recent,https://pl.linkedin.com/jobs/view/firmware-engineer-%E2%80%93-senior-mid-junior-at-kidde-global-solutions-4449874215,2026-08-20T10:37:42.228630+00:00
14,Firmware Engineer | Poland,linkedin,Staff Firmware and Operating System Engineer,OPENCHIP & SOFTWARE TECHNOLOGIES,"Gdańsk, Pomorskie, Poland",On-site,Full-time,Firmware,Staff,English,Staff,,Recent,https://pl.linkedin.com/jobs/view/staff-firmware-and-operating-system-engineer-at-openchip-software-technologies-4325810885,2026-08-20T10:37:42.230375+00:00
0,Tester | Germany,linkedin,Junior Quality Assurance Tester,Swift Games,"Berlin, Germany",Remote,Full-time,"Can, Cursor","Swift, Junior, Devops, Sql, Jira, Gitlab, Agile",English,,,Recent,https://de.linkedin.com/jobs/view/junior-quality-assurance-tester-at-swift-games-4441044199,2026-08-20T10:34:57.183218+00:00
0,Tester | Germany,linkedin,Software Tester (m/w/d),metamorphosis GmbH,"Paderborn, North Rhine-Westphalia, Germany",On-site,Full-time,,R,German,,,Recent,https://de.linkedin.com/jobs/view/software-tester-m-w-d-at-metamorphosis-gmbh-4449098850,2026-08-20T10:34:57.183369+00:00
0,Tester | Germany,linkedin,Test Analyst & Engineer (m/w/d),Telekom MMS,"Berlin, Berlin, Germany",Remote,Full-time,"Playwright, Prompt Engineering, Selenium, Test Automation","R, Cypress, Zephyr, Jira, Agile",German,,,Recent,https://de.linkedin.com/jobs/view/test-analyst-engineer-m-w-d-at-telekom-mms-4448424865,2026-08-20T10:34:57.183478+00:00
0,Tester | Germany,linkedin,Agile Tester (m/w/d),secunet Security Networks AG,"Berlin, Germany",Remote,Full-time,"Bash, Python, Test Automation","Scrum, Groovy, Confluence, R, Agile, Linux, Jira",German,,,Recent,https://de.linkedin.com/jobs/view/agile-tester-m-w-d-at-secunet-security-networks-ag-4446760897,2026-08-20T10:34:57.183577+00:00
0,Tester | Germany,linkedin,Test Analyst & Engineer (m/w/d),Telekom MMS,"Rostock, Mecklenburg-West Pomerania, Germany",Remote,Full-time,"Playwright, Prompt Engineering, Selenium, Test Automation","R, Cypress, Zephyr, Jira, Agile",German,,,Recent,https://de.linkedin.com/jobs/view/test-analyst-engineer-m-w-d-at-telekom-mms-4448437009,2026-08-20T10:34:57.183675+00:00
0,Tester | Germany,linkedin,Software Tester (all genders),GK Software,"St. Ingbert, Saarland, Germany",Remote,Contract,,R,German,,,Recent,https://de.linkedin.com/jobs/view/software-tester-all-genders-at-gk-software-4375013194,2026-08-20T10:34:57.183788+00:00
0,Tester | Germany,linkedin,Softwaretester (m/w/d) - Berlin,Nexus AG,"Berlin, Berlin, Germany",On-site,Full-time,C,"R, Oracle, Sql, Associate, C#",German,,,Recent,https://de.linkedin.com/jobs/view/softwaretester-m-w-d-berlin-at-nexus-ag-4447354524,2026-08-20T10:34:57.183884+00:00
0,Tester | Germany,linkedin,Software Tester,NAXCON GROUP,"Bremen, Germany",On-site,Contract,"Can, Python",,English,,,Recent,https://de.linkedin.com/jobs/view/software-tester-at-naxcon-group-4454283442,2026-08-20T10:34:57.183982+00:00
0,Tester | Germany,linkedin,Tester:in,Investigo,"Nuremberg, Bavaria, Germany",On-site,Full-time,,,English,,,Recent,https://de.linkedin.com/jobs/view/tester-in-at-investigo-4447531635,2026-08-20T10:34:57.184077+00:00
0,Tester | Germany,linkedin,Softwaretester (m/w/d),FERCHAU,"Lübeck, Schleswig-Holstein, Germany",On-site,Full-time,,,English,,,Recent,https://de.linkedin.com/jobs/view/softwaretester-m-w-d-at-ferchau-4438589012,2026-08-20T10:34:57.184172+00:00
0,Tester | Austria,linkedin,"(Junior) Software Tester
Product Quality Engineer",evon,"Sankt Ruprecht an der Raab, Styria, Austria",Remote,Internship,C,"R, Junior, Sql Server, Sql, C#",German,,,Recent,https://at.linkedin.com/jobs/view/junior-software-tester%0Aproduct-quality-engineer-at-evon-4448566895,2026-08-20T10:34:59.719924+00:00
0,Tester | Austria,linkedin,Test Engineer,SCIENTIFIC GAMES,"Vienna, Austria",On-site,Full-time,,,English,,,Recent,https://at.linkedin.com/jobs/view/test-engineer-at-scientific-games-4447950790,2026-08-20T10:34:59.720053+00:00
0,Tester | Austria,linkedin,Testing Manager (all genders) - Bug Hunter,Viewpointsystem,"Vienna, Vienna, Austria",On-site,Internship,"Can, Firmware, I2C, Python, Spi","Arduino, Assembly",English,,,Recent,https://at.linkedin.com/jobs/view/testing-manager-all-genders-bug-hunter-at-viewpointsystem-4445511461,2026-08-20T10:34:59.720158+00:00
0,Tester | Austria,linkedin,SOFTWARETESTER:IN (W/M/X),IT-Services der Sozialversicherung GmbH,"Vienna, Vienna, Austria",On-site,Full-time,,,German,,,Recent,https://at.linkedin.com/jobs/view/softwaretester-in-w-m-x-at-it-services-der-sozialversicherung-gmbh-4427933384,2026-08-20T10:34:59.720256+00:00
0,Tester | Austria,linkedin,Software Test Engineer (f/m/x),Anton Paar,"Graz, Styria, Austria",On-site,Internship,"C, Java, Python, Selenium, Test Automation","Scrum, Agile, Kanban, Junit, Testng, C#",English,,,Recent,https://at.linkedin.com/jobs/view/software-test-engineer-f-m-x-at-anton-paar-4447910385,2026-08-20T10:34:59.720355+00:00
0,Tester | Austria,linkedin,Software Test Engineer (f/m/d),SCIENTIFIC GAMES,"Vienna, Austria",Remote,Contract,Jenkins,"Scrum, Kanban, Docker, Linux, Openshift, Jira, Gitlab, Agile",English,,,Recent,https://at.linkedin.com/jobs/view/software-test-engineer-f-m-d-at-scientific-games-4452395395,2026-08-20T10:34:59.720544+00:00
0,Tester | Austria,linkedin,Test Engineer,CNH,"Sankt Valentin, Lower Austria, Austria",On-site,Internship,"C, C++, Can, Hil, Python",,English,,,Recent,https://at.linkedin.com/jobs/view/test-engineer-at-cnh-4437448387,2026-08-20T10:34:59.720645+00:00
0,Tester | Austria,linkedin,Business QA Analyst [m/f/d],Sportradar,"Vienna, Vienna, Austria",Remote,Contract,"Ci/Cd, Java, Javascript, Playwright, Selenium, Test Automation","Cypress, Agile, Jira, Confluence, Regression Testing",English,,,Recent,https://at.linkedin.com/jobs/view/business-qa-analyst-m-f-d-at-sportradar-4448157081,2026-08-20T10:34:59.720754+00:00
0,Tester | Switzerland,linkedin,PeopleSoft Tester- Time and Labor,"Bart & Associates, Inc.","Fully, Valais, Switzerland",On-site,Full-time,"Ci/Cd, Test Automation","Waterfall, Sql, Agile",English,,,Recent,https://ch.linkedin.com/jobs/view/peoplesoft-tester-time-and-labor-at-bart-associates-inc-4410843014,2026-08-20T10:35:02.129322+00:00
0,Tester | Switzerland,linkedin,Test Engineer,Rapinno Tech Solutions GmbH,"Zurich, Switzerland",Remote,Full-time,,"Agile, Devops, Sql, Zephyr, Azure, Postman, Manual Testing, Regression Testing",English,,,Recent,https://ch.linkedin.com/jobs/view/test-engineer-at-rapinno-tech-solutions-gmbh-4452710451,2026-08-20T10:35:02.129448+00:00
0,Tester | Switzerland,linkedin,System / Network Tester,AYES - Management & Technology Consulting,"Zurich, Switzerland",On-site,Full-time,,,English,,,Recent,https://ch.linkedin.com/jobs/view/system-network-tester-at-ayes-management-technology-consulting-4445475806,2026-08-20T10:35:02.129546+00:00
0,Tester | Switzerland,linkedin,Quality Assurance Engineer,HCLTech,"Bioggio, Ticino, Switzerland",On-site,Full-time,,,English,,,Recent,https://ch.linkedin.com/jobs/view/quality-assurance-engineer-at-hcltech-4449807384,2026-08-20T10:35:02.129647+00:00
0,Tester | Switzerland,linkedin,Test Engineer,Transgourmet/Prodega Schweiz,"Berne, Switzerland",On-site,Full-time,,,English,,,Recent,https://ch.linkedin.com/jobs/view/test-engineer-at-transgourmet-prodega-schweiz-4450065781,2026-08-20T10:35:02.129757+00:00
0,Tester | Switzerland,linkedin,Junior Software Test Engineer (m/f/d) 40-60%,Noir,"Zurich, Zurich, Switzerland",On-site,Full-time,,Junior,English,,,Recent,https://ch.linkedin.com/jobs/view/junior-software-test-engineer-m-f-d-40-60%25-at-noir-4454539749,2026-08-20T10:35:02.129855+00:00
0,Tester | Switzerland,linkedin,Test Engineer,Centris AG,"Solothurn, Switzerland",On-site,Full-time,,,English,,,Recent,https://ch.linkedin.com/jobs/view/test-engineer-at-centris-ag-4455709724,2026-08-20T10:35:02.129955+00:00
0,Tester | Switzerland,linkedin,Software Test/Analyst Engineer,Inpeco,"Novazzano, Ticino, Switzerland",On-site,Full-time,,,English,,,Recent,https://ch.linkedin.com/jobs/view/software-test-analyst-engineer-at-inpeco-4449667998,2026-08-20T10:35:02.130050+00:00
0,Tester | Switzerland,linkedin,Test Engineer,Centris AG,"Solothurn, Solothurn, Switzerland",Remote,Full-time,,R,German,,,Recent,https://ch.linkedin.com/jobs/view/test-engineer-at-centris-ag-4452450278,2026-08-20T10:35:02.130145+00:00
0,Tester | Switzerland,linkedin,QA Engineer – Mobile Testing,Specialized Bicycle Components,"Cham, Zug, Switzerland",Remote,Full-time,,,English,,,Recent,https://ch.linkedin.com/jobs/view/qa-engineer-%E2%80%93-mobile-testing-at-specialized-bicycle-components-4419855030,2026-08-20T10:35:02.130240+00:00
0,Tester | Slovakia,linkedin,Agile Test Engineer - Medior (m/f/n),ESET,"Bratislava, Bratislava, Slovakia",On-site,Full-time,,Agile,English,,,Recent,https://sk.linkedin.com/jobs/view/agile-test-engineer-medior-m-f-n-at-eset-4445540260,2026-08-20T10:35:06.859669+00:00
0,Tester | Slovakia,linkedin,Integration Tester,Avenga,"Bratislava, Bratislava, Slovakia",On-site,Full-time,,,English,,,Recent,https://sk.linkedin.com/jobs/view/integration-tester-at-avenga-4331424497,2026-08-20T10:35:06.859788+00:00
0,Tester | Slovakia,linkedin,Software QA Specialist,Descartes Systems Group,"Žilina, Zilina, Slovakia",On-site,Full-time,,,English,,,Recent,https://sk.linkedin.com/jobs/view/software-qa-specialist-at-descartes-systems-group-4382115365,2026-08-20T10:35:06.859891+00:00
0,Tester | Slovakia,linkedin,Software Test Analyst,Descartes Systems Group,"Žilina, Zilina, Slovakia",On-site,Full-time,,,English,,,Recent,https://sk.linkedin.com/jobs/view/software-test-analyst-at-descartes-systems-group-4438273257,2026-08-20T10:35:06.859992+00:00
0,Tester | Slovakia,linkedin,Software Test Engineer,Sensoneo,"Bratislava, Slovakia",On-site,Full-time,,,English,,,Recent,https://sk.linkedin.com/jobs/view/software-test-engineer-at-sensoneo-4445877933,2026-08-20T10:35:06.860089+00:00
0,Tester | Slovakia,linkedin,Agile Test Engineer (m/f/n),ESET,"Košice, Kosice, Slovakia",On-site,Full-time,,Agile,English,,,Recent,https://sk.linkedin.com/jobs/view/agile-test-engineer-m-f-n-at-eset-4405175696,2026-08-20T10:35:06.860183+00:00
0,Tester | Slovakia,linkedin,Test Engineer,Vertiv,"Nové Mesto nad Váhom, Trenciansky, Slovakia",On-site,Full-time,,,English,,,Recent,https://sk.linkedin.com/jobs/view/test-engineer-at-vertiv-4430484432,2026-08-20T10:35:06.860386+00:00
0,Tester | Slovakia,linkedin,Controller Tester,Vertiv,"Nové Mesto nad Váhom, Trenciansky, Slovakia",On-site,Full-time,,,English,,,Recent,https://sk.linkedin.com/jobs/view/controller-tester-at-vertiv-4368667919,2026-08-20T10:35:06.860483+00:00
0,Tester | Czech Republic,linkedin,QA Tester Republica Dominicana,Agilesoft,"Santo Domingo, Distrito Nacional, Dominican Republic",On-site,Full-time,,,English,,,Recent,https://do.linkedin.com/jobs/view/qa-tester-republica-dominicana-at-agilesoft-4454992243,2026-08-20T10:35:09.222735+00:00
0,Tester | Czech Republic,linkedin,Test Engineer (Mobile) - Remote Work | REF#301127,BairesDev,"Santo Domingo, Distrito Nacional, Dominican Republic",Remote,Full-time,,,English,,,Recent,https://do.linkedin.com/jobs/view/test-engineer-mobile-remote-work-ref%23301127-at-bairesdev-4455972478,2026-08-20T10:35:09.222865+00:00
0,Tester | Czech Republic,linkedin,Test Automation Engineer (API & UI) - Remote work | REF#301548,BairesDev,"Santo Domingo, Distrito Nacional, Dominican Republic",Remote,Full-time,Test Automation,,English,,,Recent,https://do.linkedin.com/jobs/view/test-automation-engineer-api-ui-remote-work-ref%23301548-at-bairesdev-4455987254,2026-08-20T10:35:09.222970+00:00
0,Tester | Czech Republic,linkedin,"Mobile Automation Engineer (OTE $33,000/year USD), @CXT Software",CXT Software,Dominican Republic,Remote,Full-time,,,English,,,Recent,https://do.linkedin.com/jobs/view/mobile-automation-engineer-ote-%2433-000-year-usd-%40cxt-software-at-cxt-software-4452475784,2026-08-20T10:35:09.223165+00:00
0,Tester | Czech Republic,linkedin,Quality Automation Engineer,Flash,"Santo Domingo, Distrito Nacional, Dominican Republic",On-site,Full-time,,,English,,,Recent,https://do.linkedin.com/jobs/view/quality-automation-engineer-at-flash-4449448358,2026-08-20T10:35:09.223263+00:00
0,Tester | Czech Republic,linkedin,Data QA Engineer – Enterprise Data | DR,Truelogic,Dominican Republic,On-site,Full-time,,,English,,,Recent,https://do.linkedin.com/jobs/view/data-qa-engineer-%E2%80%93-enterprise-data-dr-at-truelogic-4449980059,2026-08-20T10:35:09.223358+00:00
0,Tester | Czech Republic,linkedin,Software Development Engineer in Test,Origami Risk,"Santo Domingo, Distrito Nacional, Dominican Republic",On-site,Full-time,,,English,,,Recent,https://do.linkedin.com/jobs/view/software-development-engineer-in-test-at-origami-risk-4446340469,2026-08-20T10:35:09.223466+00:00
0,Tester | Czech Republic,linkedin,Lab Operations Technician,Eaton,"Bajos de Haina, San Cristóbal, Dominican Republic",On-site,Full-time,,,English,,,Recent,https://do.linkedin.com/jobs/view/lab-operations-technician-at-eaton-4444123698,2026-08-20T10:35:09.223567+00:00
0,Tester | Czech Republic,linkedin,Quality Engineering Technician,Convatec,"San Cristóbal, San Cristóbal, Dominican Republic",On-site,Full-time,,,English,,,Recent,https://do.linkedin.com/jobs/view/quality-engineering-technician-at-convatec-4449441376,2026-08-20T10:35:09.223667+00:00
0,Tester | Poland,linkedin,Test Specialist,Icotera,"Szczecin, Zachodniopomorskie, Poland",On-site,Full-time,,,English,,,Recent,https://pl.linkedin.com/jobs/view/test-specialist-at-icotera-4447504836,2026-08-20T10:35:11.615790+00:00
0,Tester | Poland,linkedin,Junior Manual Tester (f/m/x),Sii Poland,"Łódź, Łódzkie, Poland",On-site,Full-time,,Junior,English,,,Recent,https://pl.linkedin.com/jobs/view/junior-manual-tester-f-m-x-at-sii-poland-4446235764,2026-08-20T10:35:11.615919+00:00
0,Tester | Poland,linkedin,Manual Tester (f/m/x),Sii Poland,"Białystok, Podlaskie, Poland",On-site,Full-time,,,English,,,Recent,https://pl.linkedin.com/jobs/view/manual-tester-f-m-x-at-sii-poland-4442834780,2026-08-20T10:35:11.616030+00:00
0,Tester | Poland,linkedin,Automation Tester,NATEK,Poznan Metropolitan Area,On-site,Full-time,,,English,,,Recent,https://pl.linkedin.com/jobs/view/automation-tester-at-natek-4404993649,2026-08-20T10:35:11.616137+00:00
0,Tester | Poland,linkedin,Junior Manual Tester,Jit Team,"Warsaw, Mazowieckie, Poland",On-site,Full-time,,Junior,English,,,Recent,https://pl.linkedin.com/jobs/view/junior-manual-tester-at-jit-team-4446736404,2026-08-20T10:35:11.616230+00:00
0,Tester | Poland,linkedin,Quality Assurance Tester,Ubique Systems,"Krakowski, Małopolskie, Poland",On-site,Full-time,,,English,,,Recent,https://pl.linkedin.com/jobs/view/quality-assurance-tester-at-ubique-systems-4450899030,2026-08-20T10:35:11.616325+00:00
0,Tester | Poland,linkedin,"Tester Manualny / Testerka Manualna  - Warszawa (Mazowieckie), Polska K/M",Astek,"Warsaw, Mazowieckie, Poland",On-site,Full-time,,,English,,,Recent,https://pl.linkedin.com/jobs/view/tester-manualny-testerka-manualna-warszawa-mazowieckie-polska-k-m-at-astek-4452824130,2026-08-20T10:35:11.616426+00:00
0,Tester | Poland,linkedin,Tester Manualny / Testerka Manualna,Finture,"Warsaw, Mazowieckie, Poland",On-site,Full-time,,,English,,,Recent,https://pl.linkedin.com/jobs/view/tester-manualny-testerka-manualna%C2%A0-at-finture-4448890327,2026-08-20T10:35:11.616522+00:00
0,Tester | Poland,linkedin,Test Engineer- Tieto Tech Consulting (m/f/d),Tieto,"Szczecin, Zachodniopomorskie, Poland",On-site,Full-time,,,English,,,Recent,https://pl.linkedin.com/jobs/view/test-engineer-tieto-tech-consulting-m-f-d-at-tieto-4449632501,2026-08-20T10:35:11.616617+00:00
0,Tester | Poland,linkedin,Tester Manualny / Testerka Manualna,Finture,"Warsaw, Mazowieckie, Poland",On-site,Full-time,,,English,,,Recent,https://pl.linkedin.com/jobs/view/tester-manualny-testerka-manualna-at-finture-4454587396,2026-08-20T10:35:11.616722+00:00
0,Tester | USA,linkedin,Tester,Teamware Solutions,"Naperville, IL",On-site,Full-time,,,English,,,Recent,https://www.linkedin.com/jobs/view/tester-at-teamware-solutions-4454061384,2026-08-20T10:35:14.031130+00:00
0,Tester | USA,linkedin,User Acceptance Tester,YoungWilliams,"Ridgeland, MS",On-site,Full-time,,,English,,,Recent,https://www.linkedin.com/jobs/view/user-acceptance-tester-at-youngwilliams-4449116977,2026-08-20T10:35:14.031274+00:00
0,Tester | USA,linkedin,Marine Product Tester,Navico Group,"Tulsa, OK",On-site,Full-time,,,English,,,Recent,https://www.linkedin.com/jobs/view/marine-product-tester-at-navico-group-4427196398,2026-08-20T10:35:14.031375+00:00
0,Tester | USA,linkedin,Manual Tester,Tata Consultancy Services,"Chaska, MN",On-site,Full-time,,,English,,,Recent,https://www.linkedin.com/jobs/view/manual-tester-at-tata-consultancy-services-4444806149,2026-08-20T10:35:14.031473+00:00
0,Tester | USA,linkedin,Quality Assurance Tester,Clayton,"Albuquerque, NM",On-site,Full-time,,,English,,,Recent,https://www.linkedin.com/jobs/view/quality-assurance-tester-at-clayton-4456336956,2026-08-20T10:35:14.031568+00:00
0,Tester | USA,linkedin,Test Technician,Gather AI,Greater Pittsburgh Region,On-site,Full-time,,,English,,,Recent,https://www.linkedin.com/jobs/view/test-technician-at-gather-ai-4431278411,2026-08-20T10:35:14.031661+00:00
0,Tester | USA,linkedin,Quality Assurance Specialist,Buckland,"Laredo, TX",On-site,Full-time,,,English,,,Recent,https://www.linkedin.com/jobs/view/quality-assurance-specialist-at-buckland-4449911476,2026-08-20T10:35:14.031767+00:00
0,Tester | USA,linkedin,Tester / Integrator,TRISTAR,"Bloomington, IN",On-site,Full-time,,,English,,,Recent,https://www.linkedin.com/jobs/view/tester-integrator-at-tristar-4455313979,2026-08-20T10:35:14.031869+00:00
0,Tester | USA,linkedin,Software Test Engineer,Boeing,"Hazelwood, MO",On-site,Full-time,,,English,,,Recent,https://www.linkedin.com/jobs/view/software-test-engineer-at-boeing-4450154526,2026-08-20T10:35:14.031964+00:00
0,Tester | USA,linkedin,Software Engineer Tester,University of Virginia,"Charlottesville, VA",On-site,Full-time,,,English,,,Recent,https://www.linkedin.com/jobs/view/software-engineer-tester-at-university-of-virginia-4455331670,2026-08-20T10:35:14.032057+00:00
0,Tester | United Kingdom,linkedin,Automation Tester - Newcastle,Accenture,"Newcastle Upon Tyne, England, United Kingdom",On-site,Full-time,,,English,,,Recent,https://uk.linkedin.com/jobs/view/automation-tester-newcastle-at-accenture-4442630293,2026-08-20T10:35:16.450539+00:00
0,Tester | United Kingdom,linkedin,Automation Tester - Newcastle,Accenture UK & Ireland,"Newcastle Upon Tyne, England, United Kingdom",On-site,Full-time,,,English,,,Recent,https://uk.linkedin.com/jobs/view/automation-tester-newcastle-at-accenture-uk-ireland-4453257875,2026-08-20T10:35:16.450670+00:00
0,Tester | United Kingdom,linkedin,Test Engineer,Noir,"Bournemouth, England, United Kingdom",On-site,Full-time,,,English,,,Recent,https://uk.linkedin.com/jobs/view/test-engineer-at-noir-4454049806,2026-08-20T10:35:16.450785+00:00
0,Tester | United Kingdom,linkedin,QA - Device Tester,Radius,"Crewe, England, United Kingdom",On-site,Full-time,,,English,,,Recent,https://uk.linkedin.com/jobs/view/qa-device-tester-at-radius-4441648486,2026-08-20T10:35:16.450888+00:00
0,Tester | United Kingdom,linkedin,Software Test Analyst,develop,"Fareham, England, United Kingdom",Remote,Internship,"Ci/Cd, Javascript, Playwright, Python, Test Automation","Postman, Git, Junior, Cypress, Mid-Level, Dart, Manual Testing",English,,,Recent,https://uk.linkedin.com/jobs/view/software-test-analyst-at-develop-4452269910,2026-08-20T10:35:16.450984+00:00
0,Tester | United Kingdom,linkedin,Test Engineer,Version 1,"Newcastle Upon Tyne, England, United Kingdom",On-site,Full-time,,,English,,,Recent,https://uk.linkedin.com/jobs/view/test-engineer-at-version-1-4451236707,2026-08-20T10:35:16.451078+00:00
0,Tester | United Kingdom,linkedin,QA Test Engineer,Leo Recruitment Limited,"Poole, England, United Kingdom",On-site,Full-time,,,English,,,Recent,https://uk.linkedin.com/jobs/view/qa-test-engineer-at-leo-recruitment-limited-4448353646,2026-08-20T10:35:16.451170+00:00
0,Tester | United Kingdom,linkedin,Test Engineer,Version 1,"Edinburgh, Scotland, United Kingdom",On-site,Full-time,,,English,,,Recent,https://uk.linkedin.com/jobs/view/test-engineer-at-version-1-4451239665,2026-08-20T10:35:16.451268+00:00
0,Tester | United Kingdom,linkedin,Test Analyst (Trust Retail),Trust Payments,"Bournemouth, England, United Kingdom",On-site,Full-time,,,English,,,Recent,https://uk.linkedin.com/jobs/view/test-analyst-trust-retail-at-trust-payments-4443294298,2026-08-20T10:35:16.451359+00:00
0,Tester | United Kingdom,linkedin,Test Engineer,Sage,"Newcastle Upon Tyne, England, United Kingdom",On-site,Full-time,,,English,,,Recent,https://uk.linkedin.com/jobs/view/test-engineer-at-sage-4437170352,2026-08-20T10:35:16.451453+00:00
0,QA Engineer | Germany,linkedin,Quality Assurance Engineer,Quantum Machines,"Stuttgart, Baden-Württemberg, Germany",On-site,Full-time,,,English,,,Recent,https://de.linkedin.com/jobs/view/quality-assurance-engineer-at-quantum-machines-4439443736,2026-08-20T10:35:18.844013+00:00
0,QA Engineer | Germany,linkedin,Test Automation Engineer:in (all genders),gematik GmbH,"Berlin, Germany",On-site,Full-time,Test Automation,,English,,,Recent,https://de.linkedin.com/jobs/view/test-automation-engineer-in-all-genders-at-gematik-gmbh-4455410785,2026-08-20T10:35:18.844145+00:00
0,QA Engineer | Germany,linkedin,Test Automation Engineer:in (all genders),gematik GmbH,"Berlin, Berlin, Germany",Remote,Contract,"Java, Jenkins, Test Automation","Git, R, Docker, Bdd",German,,,Recent,https://de.linkedin.com/jobs/view/test-automation-engineer-in-all-genders-at-gematik-gmbh-4453420882,2026-08-20T10:35:18.844247+00:00
0,QA Engineer | Germany,linkedin,QA Engineer,InCycling GmbH,"Erfurt, Thuringia, Germany",On-site,Full-time,,,English,,,Recent,https://de.linkedin.com/jobs/view/qa-engineer-at-incycling-gmbh-4448408838,2026-08-20T10:35:18.844346+00:00
0,QA Engineer | Germany,linkedin,QA Engineer (Settlement & Reporting) (m/f/d),Riverty,"Berlin, Germany",On-site,Full-time,,,English,,,Recent,https://de.linkedin.com/jobs/view/qa-engineer-settlement-reporting-m-f-d-at-riverty-4454044293,2026-08-20T10:35:18.844441+00:00
0,QA Engineer | Germany,linkedin,Quality Engineer,Gallup,"Berlin, Berlin, Germany",On-site,Full-time,,,English,,,Recent,https://de.linkedin.com/jobs/view/quality-engineer-at-gallup-4450806064,2026-08-20T10:35:18.844537+00:00
0,QA Engineer | Germany,linkedin,QA Engineer,GSOBA,Frankfurt Rhine-Main Metropolitan Area,On-site,Full-time,,,English,,,Recent,https://de.linkedin.com/jobs/view/qa-engineer-at-gsoba-4418537148,2026-08-20T10:35:18.844632+00:00
0,QA Engineer | Germany,linkedin,QA Automation Engineer (IDEA Ultimate QA),JetBrains,"Berlin, Berlin, Germany",On-site,Full-time,,,English,,,Recent,https://de.linkedin.com/jobs/view/qa-automation-engineer-idea-ultimate-qa-at-jetbrains-4449857015,2026-08-20T10:35:18.844739+00:00
0,QA Engineer | Germany,linkedin,Software Test Engineer (m/w/d),BITE GmbH,"Neu Ulm, Bavaria, Germany",On-site,Full-time,,,English,,,Recent,https://de.linkedin.com/jobs/view/software-test-engineer-m-w-d-at-bite-gmbh-4447088283,2026-08-20T10:35:18.844836+00:00
0,QA Engineer | Austria,linkedin,QA Engineer & Testautomation (m/w/d) - PAM Parking - SaaS,PKE,"Klagenfurt, Carinthia, Austria",On-site,Full-time,,,English,,,Recent,https://at.linkedin.com/jobs/view/qa-engineer-testautomation-m-w-d-pam-parking-saas-at-pke-4450351790,2026-08-20T10:35:21.256881+00:00
0,QA Engineer | Austria,linkedin,Software Test Engineer (w/m/d),Bachmann electronic GmbH,"Feldkirch, Vorarlberg, Austria",On-site,Full-time,,,English,,,Recent,https://at.linkedin.com/jobs/view/software-test-engineer-w-m-d-at-bachmann-electronic-gmbh-4444429315,2026-08-20T10:35:21.257083+00:00
0,QA Engineer | Austria,linkedin,Software Quality Engineer (m/w/d),MED-EL,"Innsbruck, Tyrol, Austria",On-site,Full-time,,,English,,,Recent,https://at.linkedin.com/jobs/view/software-quality-engineer-m-w-d-at-med-el-4336125828,2026-08-20T10:35:21.257277+00:00
0,QA Engineer | Austria,linkedin,Test & Validation Engineer (m/w/d),S.I.E,"Lustenau, Vorarlberg, Austria",On-site,Full-time,,,English,,,Recent,https://at.linkedin.com/jobs/view/test-validation-engineer-m-w-d-at-s-i-e-4443499778,2026-08-20T10:35:21.257372+00:00
0,QA Engineer | Austria,linkedin,Software Test Engineer & Documentation Writer (w/m/d),Delegate Group,"Vienna, Vienna, Austria",On-site,Full-time,,,English,,,Recent,https://at.linkedin.com/jobs/view/software-test-engineer-documentation-writer-w-m-d-at-delegate-group-4447386784,2026-08-20T10:35:21.257467+00:00
0,QA Engineer | Austria,linkedin,Test Automation Engineer C# (m/f/x),ADMIRAL Technologies,"Vienna, Austria",On-site,Full-time,"C, Test Automation",C#,English,,,Recent,https://at.linkedin.com/jobs/view/test-automation-engineer-c%23-m-f-x-at-admiral-technologies-4443871193,2026-08-20T10:35:21.257560+00:00
0,QA Engineer | Switzerland,linkedin,Application QA Engineer (Mid-Level),Prospera AI,"Fully, Valais, Switzerland",On-site,Full-time,,Mid-Level,English,,,Recent,https://ch.linkedin.com/jobs/view/application-qa-engineer-mid-level-at-prospera-ai-4448206225,2026-08-20T10:35:23.657412+00:00
0,QA Engineer | Switzerland,linkedin,SDET / QA Automation Engineer,DonTouch SA,"Chiasso, Ticino, Switzerland",On-site,Full-time,,,English,,,Recent,https://ch.linkedin.com/jobs/view/sdet-qa-automation-engineer-at-dontouch-sa-4452448275,2026-08-20T10:35:23.657640+00:00
0,QA Engineer | Switzerland,linkedin,Test Automation Engineer,Phenomenix,"Bern, Berne, Switzerland",On-site,Full-time,Test Automation,,English,,,Recent,https://ch.linkedin.com/jobs/view/test-automation-engineer-at-phenomenix-4444252239,2026-08-20T10:35:23.657845+00:00
0,QA Engineer | Switzerland,linkedin,Test und QA Engineer (m/w/d),Rocken®,"Aarau, Aargau, Switzerland",On-site,Full-time,,,German,,,Recent,https://ch.linkedin.com/jobs/view/test-und-qa-engineer-m-w-d-at-rocken%C2%AE-4454796103,2026-08-20T10:35:23.658140+00:00
0,QA Engineer | Slovakia,linkedin,Test Automation Engineer,Frequentis,"Bratislava, Bratislava, Slovakia",On-site,Full-time,Test Automation,,English,,,Recent,https://sk.linkedin.com/jobs/view/test-automation-engineer-at-frequentis-4451413103,2026-08-20T10:35:28.305738+00:00
0,QA Engineer | Slovakia,linkedin,Agile Test Engineer (m/f/n),ESET,"Bratislava, Bratislava, Slovakia",On-site,Full-time,,Agile,English,,,Recent,https://sk.linkedin.com/jobs/view/agile-test-engineer-m-f-n-at-eset-4405185637,2026-08-20T10:35:28.305855+00:00
0,QA Engineer | Slovakia,linkedin,Middle QA Automation Engineer ID81304,AgileEngine,"Bratislava, Bratislava, Slovakia",On-site,Full-time,,,English,,,Recent,https://sk.linkedin.com/jobs/view/middle-qa-automation-engineer-id81304-at-agileengine-4448526380,2026-08-20T10:35:28.305956+00:00
0,QA Engineer | Slovakia,linkedin,Experienced Test Automation Engineer,Accenture na Slovensku,"Bratislava, Bratislava, Slovakia",On-site,Full-time,Test Automation,,English,,,Recent,https://sk.linkedin.com/jobs/view/experienced-test-automation-engineer-at-accenture-na-slovensku-4439873951,2026-08-20T10:35:28.306240+00:00
0,QA Engineer | Slovakia,linkedin,Test Automation Engineer,Avenga,"Bratislava, Bratislava, Slovakia",On-site,Full-time,Test Automation,,English,,,Recent,https://sk.linkedin.com/jobs/view/test-automation-engineer-at-avenga-4331424496,2026-08-20T10:35:28.306339+00:00
0,QA Engineer | Slovakia,linkedin,Middle QA Engineer,GoReel,Slovakia,On-site,Full-time,,,English,,,Recent,https://sk.linkedin.com/jobs/view/middle-qa-engineer-at-goreel-4452467343,2026-08-20T10:35:28.306533+00:00
0,QA Engineer | Czech Republic,linkedin,Quality Assurance Engineer - Trabajo Remoto,BairesDev,"Santo Domingo, Distrito Nacional, Dominican Republic",On-site,Full-time,,,English,,,Recent,https://do.linkedin.com/jobs/view/quality-assurance-engineer-trabajo-remoto-at-bairesdev-4455441235,2026-08-20T10:35:30.686136+00:00
0,QA Engineer | Czech Republic,linkedin,Quality Engineer II,Integer Holdings Corporation,"Santo Domingo, Distrito Nacional, Dominican Republic",On-site,Full-time,,,English,,,Recent,https://do.linkedin.com/jobs/view/quality-engineer-ii-at-integer-holdings-corporation-4414629902,2026-08-20T10:35:30.686326+00:00
0,QA Engineer | Czech Republic,linkedin,Quality Engineer II-2,Integer Holdings Corporation,"Santo Domingo, Distrito Nacional, Dominican Republic",On-site,Full-time,,,English,,,Recent,https://do.linkedin.com/jobs/view/quality-engineer-ii-2-at-integer-holdings-corporation-4414630897,2026-08-20T10:35:30.686419+00:00
0,QA Engineer | Czech Republic,linkedin,Quality Engineer,PCS Wireless,"Praderas del Este, Santo Domingo, Dominican Republic",On-site,Full-time,,,English,,,Recent,https://do.linkedin.com/jobs/view/quality-engineer-at-pcs-wireless-4437323183,2026-08-20T10:35:30.686512+00:00
0,QA Engineer | Poland,linkedin,QA Engineer,Sportradar,"Warsaw, Mazowieckie, Poland",On-site,Full-time,,,English,,,Recent,https://pl.linkedin.com/jobs/view/qa-engineer-at-sportradar-4455259228,2026-08-20T10:35:33.100153+00:00
0,QA Engineer | Poland,linkedin,General QA Engineer (AI),SQUAD,"Wrocław, Dolnośląskie, Poland",On-site,Full-time,,,English,,,Recent,https://pl.linkedin.com/jobs/view/general-qa-engineer-ai-at-squad-4455764363,2026-08-20T10:35:33.100281+00:00
0,QA Engineer | Poland,linkedin,QA Engineer (Mid),Telemedi - assistance & digital health platform,"Warsaw, Mazowieckie, Poland",On-site,Full-time,,,English,,,Recent,https://pl.linkedin.com/jobs/view/qa-engineer-mid-at-telemedi-assistance-digital-health-platform-4453672902,2026-08-20T10:35:33.100388+00:00
0,QA Engineer | Poland,linkedin,General QA Engineer (AI track),SQUAD,"Gdańsk, Pomorskie, Poland",On-site,Full-time,,,English,,,Recent,https://pl.linkedin.com/jobs/view/general-qa-engineer-ai-track-at-squad-4449048901,2026-08-20T10:35:33.100490+00:00
0,QA Engineer | Poland,linkedin,Manual QA Engineer,The Travel Corporation,"Katowice, Śląskie, Poland",On-site,Full-time,,,English,,,Recent,https://pl.linkedin.com/jobs/view/manual-qa-engineer-at-the-travel-corporation-4448264993,2026-08-20T10:35:33.100589+00:00
0,QA Engineer | Poland,linkedin,Quality Assurance Engineer (QA),Tickmill,"Warsaw, Mazowieckie, Poland",On-site,Full-time,,,English,,,Recent,https://pl.linkedin.com/jobs/view/quality-assurance-engineer-qa-at-tickmill-4385011025,2026-08-20T10:35:33.100689+00:00
0,QA Engineer | Poland,linkedin,QA Engineer (Junior),Telemedi - assistance & digital health platform,"Warsaw, Mazowieckie, Poland",On-site,Full-time,,Junior,English,,,Recent,https://pl.linkedin.com/jobs/view/qa-engineer-junior-at-telemedi-assistance-digital-health-platform-4454545181,2026-08-20T10:35:33.100801+00:00
0,QA Engineer | Poland,linkedin,Quality Assurance Engineer,Start.io,"Mazowieckie, Poland",On-site,Full-time,,,English,,,Recent,https://pl.linkedin.com/jobs/view/quality-assurance-engineer-at-start-io-4453458179,2026-08-20T10:35:33.100902+00:00
0,QA Engineer | Poland,linkedin,QA Automation Engineer,NTFY - Nice To Fit You,"Warsaw, Mazowieckie, Poland",On-site,Full-time,,,English,,,Recent,https://pl.linkedin.com/jobs/view/qa-automation-engineer-at-ntfy-nice-to-fit-you-4443367150,2026-08-20T10:35:33.100995+00:00
0,QA Engineer | Poland,linkedin,QA Engineer,GFT Technologies Poland,"Wrocław, Dolnośląskie, Poland",On-site,Full-time,,,English,,,Recent,https://pl.linkedin.com/jobs/view/qa-engineer-at-gft-technologies-poland-4452577257,2026-08-20T10:35:33.101088+00:00
0,QA Engineer | USA,linkedin,Quality & Reliability Engineer,MrBeast,San Angelo Area,On-site,Full-time,,,English,,,Recent,https://www.linkedin.com/jobs/view/quality-reliability-engineer-at-mrbeast-4451495620,2026-08-20T10:35:35.507683+00:00
0,QA Engineer | USA,linkedin,QA Engineer,Exacta Systems,"Austin, TX",On-site,Full-time,,,English,,,Recent,https://www.linkedin.com/jobs/view/qa-engineer-at-exacta-systems-4382210948,2026-08-20T10:35:35.507816+00:00
0,QA Engineer | USA,linkedin,Quality Assurance Engineer,Workday,"Mason, OH",On-site,Full-time,,,English,,,Recent,https://www.linkedin.com/jobs/view/quality-assurance-engineer-at-workday-4451007463,2026-08-20T10:35:35.507919+00:00
0,QA Engineer | USA,linkedin,"Quality Engineer, AI-Native",Libra Solutions,"Las Vegas, NV",On-site,Full-time,,,English,,,Recent,https://www.linkedin.com/jobs/view/quality-engineer-ai-native-at-libra-solutions-4454980763,2026-08-20T10:35:35.508114+00:00
0,QA Engineer | USA,linkedin,Product Quality Engineer,Rently,"Camarillo, CA",On-site,Full-time,,,English,,,Recent,https://www.linkedin.com/jobs/view/product-quality-engineer-at-rently-4453164211,2026-08-20T10:35:35.508210+00:00
0,QA Engineer | USA,linkedin,QA Testing Engineer - Device Connectivity,Getinge,"Streetsboro, OH",On-site,Full-time,,,English,,,Recent,https://www.linkedin.com/jobs/view/qa-testing-engineer-device-connectivity-at-getinge-4432268851,2026-08-20T10:35:35.508306+00:00
0,QA Engineer | USA,linkedin,Quality Assurance Engineer,Point Predictive,"San Diego, CA",On-site,Full-time,,,English,,,Recent,https://www.linkedin.com/jobs/view/quality-assurance-engineer-at-point-predictive-4449676007,2026-08-20T10:35:35.508400+00:00
0,QA Engineer | USA,linkedin,Software Quality Engineer II,Airlines Reporting Corporation (ARC),"Louisville, KY",On-site,Full-time,,,English,,,Recent,https://www.linkedin.com/jobs/view/software-quality-engineer-ii-at-airlines-reporting-corporation-arc-4447996714,2026-08-20T10:35:35.508489+00:00
0,QA Engineer | USA,linkedin,Quality Assurance Quality Control Engineer,Utilen,Greater Minneapolis-St. Paul Area,On-site,Full-time,,,English,,,Recent,https://www.linkedin.com/jobs/view/quality-assurance-quality-control-engineer-at-utilen-4440799852,2026-08-20T10:35:35.508578+00:00
0,QA Engineer | United Kingdom,linkedin,QA Engineer,Waracle,"Dundee, Scotland, United Kingdom",On-site,Full-time,,,English,,,Recent,https://uk.linkedin.com/jobs/view/qa-engineer-at-waracle-4453078460,2026-08-20T10:35:37.905123+00:00
0,QA Engineer | United Kingdom,linkedin,QA Engineer,Waracle,"Glasgow, Scotland, United Kingdom",On-site,Full-time,,,English,,,Recent,https://uk.linkedin.com/jobs/view/qa-engineer-at-waracle-4453082410,2026-08-20T10:35:37.905246+00:00
0,QA Engineer | United Kingdom,linkedin,"Software Engineer, Quality",Unity,"Brighton, England, United Kingdom",On-site,Full-time,,,English,,,Recent,https://uk.linkedin.com/jobs/view/software-engineer-quality-at-unity-4450078972,2026-08-20T10:35:37.905346+00:00
0,QA Engineer | United Kingdom,linkedin,QA Automation Engineer – Newcastle (Hybrid Remote) - £45k,Ada Meher,"Newcastle Upon Tyne, England, United Kingdom",Remote,Full-time,,,English,,,Recent,https://uk.linkedin.com/jobs/view/qa-automation-engineer-%E2%80%93-newcastle-hybrid-remote-%C2%A345k-at-ada-meher-4450814392,2026-08-20T10:35:37.905445+00:00
0,QA Engineer | United Kingdom,linkedin,Software QA Engineer,STATSports,"Newry, Northern Ireland, United Kingdom",On-site,Full-time,,,English,,,Recent,https://uk.linkedin.com/jobs/view/software-qa-engineer-at-statsports-4455757257,2026-08-20T10:35:37.905556+00:00
0,QA Engineer | United Kingdom,linkedin,QA Engineer,Indra Group UK & Ireland,"Bournemouth, England, United Kingdom",On-site,Full-time,,,English,,,Recent,https://uk.linkedin.com/jobs/view/qa-engineer-at-indra-group-uk-ireland-4445200049,2026-08-20T10:35:37.905860+00:00
0,QA Engineer | United Kingdom,linkedin,Quality Engineer,Xplor Technologies,"Newcastle Upon Tyne, England, United Kingdom",On-site,Full-time,,,English,,,Recent,https://uk.linkedin.com/jobs/view/quality-engineer-at-xplor-technologies-4449619162,2026-08-20T10:35:37.905956+00:00
0,QA Engineer | United Kingdom,linkedin,QA Engineer,Reassured,"Basingstoke, England, United Kingdom",Remote,Full-time,"Ci/Cd, Java, Jenkins, Selenium","Agile, Devops, Sql, Gitlab Ci, Jira, Gitlab, Azure, Postman, Mysql",English,,,Recent,https://uk.linkedin.com/jobs/view/qa-engineer-at-reassured-4442818255,2026-08-20T10:35:37.906051+00:00
0,Test Engineer | Germany,linkedin,Test Engineer (m/w/d),citema systems GmbH,"Berlin, Berlin, Germany",On-site,Full-time,,,English,,,Recent,https://de.linkedin.com/jobs/view/test-engineer-m-w-d-at-citema-systems-gmbh-4443350743,2026-08-20T10:35:40.312146+00:00
0,Test Engineer | Germany,linkedin,Test Engineer,APRIORI - business solutions AG,"Berlin, Germany",On-site,Full-time,,,English,,,Recent,https://de.linkedin.com/jobs/view/test-engineer-at-apriori-business-solutions-ag-4441512535,2026-08-20T10:35:40.312271+00:00
0,Test Engineer | Germany,linkedin,Hardware Test Engineer (all gender),ALTEN,"Böblingen, Baden-Württemberg, Germany",On-site,Full-time,,,English,,,Recent,https://de.linkedin.com/jobs/view/hardware-test-engineer-all-gender-at-alten-4448014519,2026-08-20T10:35:40.312370+00:00
0,Test Engineer | Germany,linkedin,Systems Test Engineer (m/w/d),Bertrandt Group,"Hamburg, Hamburg, Germany",On-site,Full-time,,,English,,,Recent,https://de.linkedin.com/jobs/view/systems-test-engineer-m-w-d-at-bertrandt-group-4451692513,2026-08-20T10:35:40.312474+00:00
0,Test Engineer | Germany,linkedin,Robotics Test Engineer (m/f/d) - Quality & Safety,Agile Robots SE,"Munich, Bavaria, Germany",On-site,Full-time,,Agile,English,,,Recent,https://de.linkedin.com/jobs/view/robotics-test-engineer-m-f-d-quality-safety-at-agile-robots-se-4449200244,2026-08-20T10:35:40.312573+00:00
0,Test Engineer | Germany,linkedin,Testengineer (m/w/d) 2 Jahre befristet,WMF Professional Coffee Machines,"Geislingen an der Steige, Baden-Württemberg, Germany",On-site,Contract,,,German,,,Recent,https://de.linkedin.com/jobs/view/testengineer-m-w-d-2-jahre-befristet-at-wmf-professional-coffee-machines-4454307154,2026-08-20T10:35:40.312668+00:00
0,Test Engineer | Germany,linkedin,Verification Engineer (all genders),Philips,"Hamburg, Hamburg, Germany",On-site,Full-time,,,English,,,Recent,https://de.linkedin.com/jobs/view/verification-engineer-all-genders-at-philips-4442678250,2026-08-20T10:35:40.312785+00:00
0,Test Engineer | Germany,linkedin,Test Eng - JMRC Germany Support,General Dynamics Mission Systems,"Hohenfels, Bavaria, Germany",On-site,Full-time,,,English,,,Recent,https://de.linkedin.com/jobs/view/test-eng-jmrc-germany-support-at-general-dynamics-mission-systems-4447103145,2026-08-20T10:35:40.312886+00:00
0,Test Engineer | Germany,linkedin,Integration and Test Engineer,Netcom Engineering S.p.A. SB,"Ingolstadt, Bavaria, Germany",On-site,Full-time,,,English,,,Recent,https://de.linkedin.com/jobs/view/integration-and-test-engineer-at-netcom-engineering-s-p-a-sb-4447528469,2026-08-20T10:35:40.312983+00:00
0,Test Engineer | Germany,linkedin,Test Engineer (all gender) Flight Control System - Flight Management System,ALTEN,"Manching, Bavaria, Germany",On-site,Full-time,,,English,,,Recent,https://de.linkedin.com/jobs/view/test-engineer-all-gender-flight-control-system-flight-management-system-at-alten-4399505564,2026-08-20T10:35:40.313077+00:00
0,Test Engineer | Austria,linkedin,Test Engineer (all genders),Lam Research,"Villach, Carinthia, Austria",On-site,Full-time,,,English,,,Recent,https://at.linkedin.com/jobs/view/test-engineer-all-genders-at-lam-research-4454799986,2026-08-20T10:35:42.710084+00:00
0,Test Engineer | Austria,linkedin,MedTech Test & Verification Engineer (m/w/d),Combyn Health Care GmbH,Greater Graz,On-site,Full-time,,,English,,,Recent,https://at.linkedin.com/jobs/view/medtech-test-verification-engineer-m-w-d-at-combyn-health-care-gmbh-4447335571,2026-08-20T10:35:42.710182+00:00
0,Test Engineer | Austria,linkedin,Test Automation Engineer,Delta Electronics EMEA,"Vienna, Vienna, Austria",On-site,Full-time,Test Automation,,English,,,Recent,https://at.linkedin.com/jobs/view/test-automation-engineer-at-delta-electronics-emea-4442094269,2026-08-20T10:35:42.710316+00:00
0,Test Engineer | Austria,linkedin,Test Engineer,ENPULSION,"Vienna, Vienna, Austria",On-site,Full-time,,,English,,,Recent,https://at.linkedin.com/jobs/view/test-engineer-at-enpulsion-4440148776,2026-08-20T10:35:42.710409+00:00
0,Test Engineer | Austria,linkedin,"System Test Engineer - Measurement Devices, 80-100% (f/m/x)",OMICRON electronics,"Klaus, Vorarlberg, Austria",Remote,Full-time,,,English,,,Recent,https://at.linkedin.com/jobs/view/system-test-engineer-measurement-devices-80-100%25-f-m-x-at-omicron-electronics-4448181782,2026-08-20T10:35:42.710499+00:00
0,Test Engineer | Austria,linkedin,Test Engineer (all genders),Beyond Gravity,"Berndorf, Lower Austria, Austria",On-site,Full-time,,,English,,,Recent,https://at.linkedin.com/jobs/view/test-engineer-all-genders-at-beyond-gravity-4435809297,2026-08-20T10:35:42.710799+00:00
0,Test Engineer | Switzerland,linkedin,"Testing Engineer (Zürich, 100%)",Loki Robotics,"Zurich, Zurich, Switzerland",Remote,Full-time,,,English,,,Recent,https://ch.linkedin.com/jobs/view/testing-engineer-z%C3%BCrich-100%25-at-loki-robotics-4446119836,2026-08-20T10:35:45.098369+00:00
0,Test Engineer | Switzerland,linkedin,Verification & Testing Engineer,ANYbotics,"Zurich, Zurich, Switzerland",On-site,Full-time,,,English,,,Recent,https://ch.linkedin.com/jobs/view/verification-testing-engineer-at-anybotics-4443525412,2026-08-20T10:35:45.098494+00:00
0,Test Engineer | Switzerland,linkedin,System Test Engineer,GXP CONSULTING Switzerland,Lausanne Metropolitan Area,On-site,Full-time,,,English,,,Recent,https://ch.linkedin.com/jobs/view/system-test-engineer-at-gxp-consulting-switzerland-4441804377,2026-08-20T10:35:45.098595+00:00
0,Test Engineer | Switzerland,linkedin,Robotics Test Engineer,ANYbotics,"Zurich, Zurich, Switzerland",On-site,Full-time,,,English,,,Recent,https://ch.linkedin.com/jobs/view/robotics-test-engineer-at-anybotics-4447710272,2026-08-20T10:35:45.098690+00:00
0,Test Engineer | Switzerland,linkedin,System Validation Engineer,Specialized Bicycle Components,"Cham, Zug, Switzerland",On-site,Full-time,,,English,,,Recent,https://ch.linkedin.com/jobs/view/system-validation-engineer-at-specialized-bicycle-components-4413407950,2026-08-20T10:35:45.098798+00:00
0,Test Engineer | Switzerland,linkedin,System Test Engineer - Humanoid (human),NEURA Robotics,"Zurich, Zurich, Switzerland",On-site,Full-time,,,English,,,Recent,https://ch.linkedin.com/jobs/view/system-test-engineer-humanoid-human-at-neura-robotics-4443924573,2026-08-20T10:35:45.098897+00:00
0,Test Engineer | Switzerland,linkedin,System Test Engineer - Humanoid (Mensch),NEURA Robotics,"Zurich, Zurich, Switzerland",On-site,Full-time,,,English,,,Recent,https://ch.linkedin.com/jobs/view/system-test-engineer-humanoid-mensch-at-neura-robotics-4443922654,2026-08-20T10:35:45.098993+00:00
0,Test Engineer | Switzerland,linkedin,Software Test & Validation Engineer,Harmattan AI,"Lausanne, Vaud, Switzerland",On-site,Full-time,,,English,,,Recent,https://ch.linkedin.com/jobs/view/software-test-validation-engineer-at-harmattan-ai-4398385941,2026-08-20T10:35:45.099087+00:00
0,Test Engineer | Switzerland,linkedin,Test Engineer (m/f/d),Variosystems,"Steinach, St Gallen, Switzerland",On-site,Full-time,,,English,,,Recent,https://ch.linkedin.com/jobs/view/test-engineer-m-f-d-at-variosystems-4431272390,2026-08-20T10:35:45.099185+00:00
0,Test Engineer | Switzerland,linkedin,System Test Engineer – Olten,Stadler,"Olten, Solothurn, Switzerland",On-site,Full-time,"C, C++, Python, Test Automation",R,German,,,Recent,https://ch.linkedin.com/jobs/view/system-test-engineer-%E2%80%93-olten-at-stadler-4455419211,2026-08-20T10:35:45.099279+00:00
0,Test Engineer | Slovakia,linkedin,Testovací inžinier pre HMI a PLC (Alarm & Function Testing) (m/ž),Valicare Slovakia,"Trenčianska Turná, Trenciansky, Slovakia",On-site,Full-time,,,English,,,Recent,https://sk.linkedin.com/jobs/view/testovac%C3%AD-in%C5%BEinier-pre-hmi-a-plc-alarm-function-testing-m-%C5%BE-at-valicare-slovakia-4452729290,2026-08-20T10:35:49.761400+00:00
0,Test Engineer | Slovakia,linkedin,Tosca Automation Engineer,Accenture na Slovensku,"Bratislava, Bratislava, Slovakia",On-site,Full-time,,,English,,,Recent,https://sk.linkedin.com/jobs/view/tosca-automation-engineer-at-accenture-na-slovensku-4445794318,2026-08-20T10:35:49.761811+00:00
0,Test Engineer | Poland,linkedin,Test Engineer / Inżynier Testu,NES Fircroft,Warsaw Metropolitan Area,On-site,Full-time,,,English,,,Recent,https://pl.linkedin.com/jobs/view/test-engineer-in%C5%BCynier-testu-at-nes-fircroft-4444963675,2026-08-20T10:35:54.667887+00:00
0,Test Engineer | Poland,linkedin,Test Engineer,BorgWarner,"Błonie, Mazowieckie, Poland",On-site,Full-time,,,English,,,Recent,https://pl.linkedin.com/jobs/view/test-engineer-at-borgwarner-4437021834,2026-08-20T10:35:54.668020+00:00
0,Test Engineer | Poland,linkedin,Test & Validation Engineer,Lyten,"Gdańsk, Pomorskie, Poland",On-site,Full-time,,,English,,,Recent,https://pl.linkedin.com/jobs/view/test-validation-engineer-at-lyten-4428074180,2026-08-20T10:35:54.668133+00:00
0,Test Engineer | Poland,linkedin,Field Test Engineer (m/f/d),ATMOS Space Cargo,Cracow Metropolitan Area,On-site,Full-time,,,English,,,Recent,https://pl.linkedin.com/jobs/view/field-test-engineer-m-f-d-at-atmos-space-cargo-4440476405,2026-08-20T10:35:54.668339+00:00
0,Test Engineer | Poland,linkedin,Test Engineer- Manual 4G/5G - Tieto Tech Consulting (m/f/d),Tieto,"Szczecin, Zachodniopomorskie, Poland",On-site,Full-time,,,English,,,Recent,https://pl.linkedin.com/jobs/view/test-engineer-manual-4g-5g-tieto-tech-consulting-m-f-d-at-tieto-4430474499,2026-08-20T10:35:54.668432+00:00
0,Test Engineer | Poland,linkedin,System Test Engineer,Rockwell Automation,"Katowice, Śląskie, Poland",On-site,Full-time,,,English,,,Recent,https://pl.linkedin.com/jobs/view/system-test-engineer-at-rockwell-automation-4446816811,2026-08-20T10:35:54.668526+00:00
0,Test Engineer | Poland,linkedin,Junior Test Engineer,ABB,"Aleksandrów Łódzki, Łódzkie, Poland",On-site,Full-time,,Junior,English,,,Recent,https://pl.linkedin.com/jobs/view/junior-test-engineer-at-abb-4454026716,2026-08-20T10:35:54.668625+00:00
0,Test Engineer | Poland,linkedin,Manufacturing Test Development Engineer,Aptiv,Gdansk Metropolitan Area,On-site,Full-time,,,English,,,Recent,https://pl.linkedin.com/jobs/view/manufacturing-test-development-engineer-at-aptiv-4454592384,2026-08-20T10:35:54.668730+00:00
0,Test Engineer | Poland,linkedin,Manufacturing Test Engineer,Lyten,"Gdańsk, Pomorskie, Poland",On-site,Full-time,,,English,,,Recent,https://pl.linkedin.com/jobs/view/manufacturing-test-engineer-at-lyten-4414718256,2026-08-20T10:35:54.668835+00:00
0,Test Engineer | USA,linkedin,Test Engineer,AV,"West Valley City, UT",On-site,Full-time,,,English,,,Recent,https://www.linkedin.com/jobs/view/test-engineer-at-av-4455969183,2026-08-20T10:35:57.104501+00:00
0,Test Engineer | USA,linkedin,Test Engineer II,"NEOEx Systems, Inc.","Elyria, OH",On-site,Full-time,,,English,,,Recent,https://www.linkedin.com/jobs/view/test-engineer-ii-at-neoex-systems-inc-4447520809,2026-08-20T10:35:57.104626+00:00
0,Test Engineer | USA,linkedin,Functional Test Engineer - J0049580,Astemo Ltd.,"Harrodsburg, KY",On-site,Full-time,,,English,,,Recent,https://www.linkedin.com/jobs/view/functional-test-engineer-j0049580-at-astemo-ltd-4456340493,2026-08-20T10:35:57.104735+00:00
0,Test Engineer | USA,linkedin,Firmware Test Engineer,Cricut,"South Jordan, UT",On-site,Full-time,Firmware,,English,,,Recent,https://www.linkedin.com/jobs/view/firmware-test-engineer-at-cricut-4441081555,2026-08-20T10:35:57.104840+00:00
0,Test Engineer | USA,linkedin,Test Engineer-Aurora,AUMOVIO,"New Braunfels, TX",On-site,Full-time,,,English,,,Recent,https://www.linkedin.com/jobs/view/test-engineer-aurora-at-aumovio-4455747425,2026-08-20T10:35:57.104939+00:00
0,Test Engineer | USA,linkedin,Test Engineer II,Honeywell Aerospace,"South Bend, IN",On-site,Full-time,,,English,,,Recent,https://www.linkedin.com/jobs/view/test-engineer-ii-at-honeywell-aerospace-4443515972,2026-08-20T10:35:57.106620+00:00
0,Test Engineer | USA,linkedin,Operations Test Engineer,Bedrock Robotics,"Lockhart, TX",On-site,Full-time,,,English,,,Recent,https://www.linkedin.com/jobs/view/operations-test-engineer-at-bedrock-robotics-4446456354,2026-08-20T10:35:57.106730+00:00
0,Test Engineer | USA,linkedin,Systems Verification & Validation Engineer,Cricut,"South Jordan, UT",On-site,Full-time,,,English,,,Recent,https://www.linkedin.com/jobs/view/systems-verification-validation-engineer-at-cricut-4449828006,2026-08-20T10:35:57.106829+00:00
0,Test Engineer | United Kingdom,linkedin,Test Engineer,IC Resources,"Bournemouth, England, United Kingdom",On-site,Full-time,,,English,,,Recent,https://uk.linkedin.com/jobs/view/test-engineer-at-ic-resources-4444472786,2026-08-20T10:35:59.495920+00:00
0,Test Engineer | United Kingdom,linkedin,Test Engineer,Ooni,"Broxburn, Scotland, United Kingdom",On-site,Full-time,,,English,,,Recent,https://uk.linkedin.com/jobs/view/test-engineer-at-ooni-4446196855,2026-08-20T10:35:59.496051+00:00
0,Test Engineer | United Kingdom,linkedin,Hardware System Test Engineer,Graphcore,"Cambridge, England, United Kingdom",On-site,Full-time,,,English,,,Recent,https://uk.linkedin.com/jobs/view/hardware-system-test-engineer-at-graphcore-4444008648,2026-08-20T10:35:59.496153+00:00
0,Test Engineer | United Kingdom,linkedin,Hardware Quality Assurance Engineer,TAIT,"Haverhill, England, United Kingdom",On-site,Full-time,,,English,,,Recent,https://uk.linkedin.com/jobs/view/hardware-quality-assurance-engineer-at-tait-4436464958,2026-08-20T10:35:59.496252+00:00
0,Test Engineer | United Kingdom,linkedin,Test Engineer,Kareera,"Reading, England, United Kingdom",On-site,Full-time,,,English,,,Recent,https://uk.linkedin.com/jobs/view/test-engineer-at-kareera-4452238388,2026-08-20T10:35:59.496343+00:00
0,Test Engineer | United Kingdom,linkedin,"Test Engineer (Glasgow, UK)",AAC Clyde Space,"Glasgow, Scotland, United Kingdom",On-site,Full-time,,,English,,,Recent,https://uk.linkedin.com/jobs/view/test-engineer-glasgow-uk-at-aac-clyde-space-4455407075,2026-08-20T10:35:59.496792+00:00
0,Testingenieur | Germany,linkedin,Test Engineer (f/m/x),ZEISS Group,"Oberkochen, Baden-Württemberg, Germany",On-site,Full-time,,,English,,,Recent,https://de.linkedin.com/jobs/view/test-engineer-f-m-x-at-zeiss-group-4447506267,2026-08-20T10:36:01.904161+00:00
0,Testingenieur | Germany,linkedin,Testingenieur (m/w/d),FERCHAU,"Stuttgart, Baden-Württemberg, Germany",On-site,Full-time,,,English,,,Recent,https://de.linkedin.com/jobs/view/testingenieur-m-w-d-at-ferchau-4438571739,2026-08-20T10:36:01.904390+00:00
0,Testingenieur | Germany,linkedin,Testingenieur (m/w/d),FERCHAU,"Lübeck, Schleswig-Holstein, Germany",On-site,Full-time,,,English,,,Recent,https://de.linkedin.com/jobs/view/testingenieur-m-w-d-at-ferchau-4438575734,2026-08-20T10:36:01.904553+00:00
0,Testingenieur | Germany,linkedin,Test Engineer - Power Electronics (m/w/d),Saab,"Nuremberg, Bavaria, Germany",On-site,Full-time,,,English,,,Recent,https://de.linkedin.com/jobs/view/test-engineer-power-electronics-m-w-d-at-saab-4452445764,2026-08-20T10:36:01.905392+00:00
0,Testingenieur | Germany,linkedin,Systemtester Vernetzte Systeme (m/w/d),Rheinmetall,"Bremen, Bremen, Germany",On-site,Full-time,,,English,,,Recent,https://de.linkedin.com/jobs/view/systemtester-vernetzte-systeme-m-w-d-at-rheinmetall-4432755358,2026-08-20T10:36:01.905588+00:00
0,Testingenieur | Austria,linkedin,Test Engineer (m/w/x),ÖBB,"Leopoldstadt, Vienna, Austria",On-site,Full-time,,,English,,,Recent,https://at.linkedin.com/jobs/view/test-engineer-m-w-x-at-%C3%B6bb-4453567798,2026-08-20T10:36:04.280788+00:00
0,Testingenieur | Austria,linkedin,Testing Engineer (all genders),NEVEON,"Linz, Upper Austria, Austria",On-site,Full-time,,,English,,,Recent,https://at.linkedin.com/jobs/view/testing-engineer-all-genders-at-neveon-4442638766,2026-08-20T10:36:04.281163+00:00
0,Testingenieur | Austria,linkedin,Software Test Engineer w/m/d,Besi Austria GmbH,"Radfeld, Tyrol, Austria",On-site,Full-time,,,English,,,Recent,https://at.linkedin.com/jobs/view/software-test-engineer-w-m-d-at-besi-austria-gmbh-4455136385,2026-08-20T10:36:04.281254+00:00
0,Testingenieur | Switzerland,linkedin,Testingenieur Technisches Labor (w/m/d) 100% - Schaerer AG,Schaerer Ltd,"Solothurn, Solothurn, Switzerland",Remote,Full-time,,,English,,,Recent,https://ch.linkedin.com/jobs/view/testingenieur-technisches-labor-w-m-d-100%25-schaerer-ag-at-schaerer-ltd-4418175565,2026-08-20T10:36:06.650451+00:00
0,Testingenieur | Switzerland,linkedin,Testingenieur*in Hardware (w/m/d),Endress+Hauser Group,"Reinach, Basel-Country, Switzerland",On-site,Full-time,,,English,,,Recent,https://ch.linkedin.com/jobs/view/testingenieur-in-hardware-w-m-d-at-endress%2Bhauser-group-4440975027,2026-08-20T10:36:06.650746+00:00
0,Testingenieur | Switzerland,linkedin,Test und Quality Engineer,ti&m,"Zurich, Switzerland",On-site,Full-time,,,German,,,Recent,https://ch.linkedin.com/jobs/view/test-und-quality-engineer-at-ti-m-4452251496,2026-08-20T10:36:06.650932+00:00
0,Testingenieur | Switzerland,linkedin,System Integration And Test Engineer,u-blox,"Thalwil, Zurich, Switzerland",On-site,Full-time,,,English,,,Recent,https://ch.linkedin.com/jobs/view/system-integration-and-test-engineer-at-u-blox-4454272218,2026-08-20T10:36:06.651026+00:00
0,Testingenieur | Czech Republic,linkedin,广发-测试工程师,NStarts Consultants Co Ltd (Hong Kong Branch),"アト・マジョール州, Hato Mayor, Dominican Republic",On-site,Full-time,,,English,,,Recent,https://do.linkedin.com/jobs/view/%E5%B9%BF%E5%8F%91-%E6%B5%8B%E8%AF%95%E5%B7%A5%E7%A8%8B%E5%B8%88-at-nstarts-consultants-co-ltd-hong-kong-branch-4450918456,2026-08-20T10:36:13.699866+00:00
0,Testingenieur | Poland,linkedin,Test&Validation Engineer (M/F/D),Valeo,"Czechowice-Dziedzice, Śląskie, Poland",On-site,Full-time,,,English,,,Recent,https://pl.linkedin.com/jobs/view/test-validation-engineer-m-f-d-at-valeo-4362375870,2026-08-20T10:36:16.141638+00:00
0,Testingenieur | Poland,linkedin,Validation Test Engineer,Capgemini Engineering,"Katowice, Śląskie, Poland",On-site,Full-time,,,English,,,Recent,https://pl.linkedin.com/jobs/view/validation-test-engineer-at-capgemini-engineering-4447550948,2026-08-20T10:36:16.141861+00:00
0,Testingenieur | Poland,linkedin,QA Engineer z j. niemieckim,ALTEN Polska,Poland,On-site,Full-time,,,English,,,Recent,https://pl.linkedin.com/jobs/view/qa-engineer-z-j-niemieckim-at-alten-polska-4447508633,2026-08-20T10:36:16.141958+00:00
0,Testingenieur | USA,linkedin,Systems Test Engineer,Philips,"Bothell, WA",On-site,Full-time,,,English,,,Recent,https://www.linkedin.com/jobs/view/systems-test-engineer-at-philips-4440786164,2026-08-20T10:36:18.596858+00:00
0,Testingenieur | USA,linkedin,Test Engineer,Sanmina,"Fremont, CA",On-site,Full-time,,,English,,,Recent,https://www.linkedin.com/jobs/view/test-engineer-at-sanmina-4444989475,2026-08-20T10:36:18.596963+00:00
0,Testingenieur | USA,linkedin,Application Test Engineer,SK hynix America,"San Jose, CA",On-site,Full-time,,,English,,,Recent,https://www.linkedin.com/jobs/view/application-test-engineer-at-sk-hynix-america-4448661976,2026-08-20T10:36:18.597058+00:00
0,Testingenieur | USA,linkedin,"Systems Integration Test Engineer, Autonomy",Rivian,"Palo Alto, CA",On-site,Full-time,,,English,,,Recent,https://www.linkedin.com/jobs/view/systems-integration-test-engineer-autonomy-at-rivian-4446014777,2026-08-20T10:36:18.597339+00:00
0,Testingenieur | USA,linkedin,SIT Engineer,Foxconn E BG Group,"Santa Clara, CA",On-site,Full-time,,,English,,,Recent,https://www.linkedin.com/jobs/view/sit-engineer-at-foxconn-e-bg-group-4453492363,2026-08-20T10:36:18.597434+00:00
0,Testingenieur | USA,linkedin,Test Engineer II,Hinge Health,"San Francisco, CA",On-site,Full-time,,,English,,,Recent,https://www.linkedin.com/jobs/view/test-engineer-ii-at-hinge-health-4450402423,2026-08-20T10:36:18.597527+00:00
0,Testingenieur | United Kingdom,linkedin,Test and Validation Engineer,Textron,"Ipswich, England, United Kingdom",On-site,Full-time,Can,Safe,English,,,Recent,https://uk.linkedin.com/jobs/view/test-and-validation-engineer-at-textron-4449570643,2026-08-20T10:36:20.995624+00:00
0,Testingenieur | United Kingdom,linkedin,Embedded system Test Engineer,Qualitrol,"Glasgow, Scotland, United Kingdom",On-site,Full-time,"C, Can, Embedded Systems, Firmware, Hil, Integration Testing, Python, Spi, Test Automation, Uart","Git, Scrum, Linux, Agile, C#",English,,,Recent,https://uk.linkedin.com/jobs/view/embedded-system-test-engineer-at-qualitrol-4440528794,2026-08-20T10:36:20.995735+00:00
0,Testingenieur | United Kingdom,linkedin,Test and Validation Engineer,Textron,Greater Ipswich Area,On-site,Full-time,Can,Safe,English,,,Recent,https://uk.linkedin.com/jobs/view/test-and-validation-engineer-at-textron-4451417490,2026-08-20T10:36:20.995837+00:00
0,Test Automation | Germany,linkedin,Automation & Validation Platform Engineer,Netfonds AG,"Hamburg, Germany",On-site,Full-time,"Claude, Cursor, Java, Javascript, Playwright, Test Automation, Typescript","Cypress, Gcp, Postman",German,,,Recent,https://de.linkedin.com/jobs/view/automation-validation-platform-engineer-at-netfonds-ag-4445485676,2026-08-20T10:36:23.397557+00:00
0,Test Automation | Germany,linkedin,Test Automation Engineer (all gender),ALTEN,"Nuremberg, Bavaria, Germany",On-site,Full-time,Test Automation,,English,,,Recent,https://de.linkedin.com/jobs/view/test-automation-engineer-all-gender-at-alten-4437003906,2026-08-20T10:36:23.397756+00:00
0,Test Automation | Germany,linkedin,Test Automation Engineer (m/f/d),Hogrefe Digital Solutions,"Göttingen, Lower Saxony, Germany",On-site,Full-time,Test Automation,,English,,,Recent,https://de.linkedin.com/jobs/view/test-automation-engineer-m-f-d-at-hogrefe-digital-solutions-4442398268,2026-08-20T10:36:23.397851+00:00
0,Test Automation | Germany,linkedin,Software Engineer in Test (Berlin),Cresta,"Berlin, Berlin, Germany",On-site,Full-time,,,English,,,Recent,https://de.linkedin.com/jobs/view/software-engineer-in-test-berlin-at-cresta-4343158227,2026-08-20T10:36:23.397946+00:00
0,Test Automation | Austria,linkedin,"Software Test Automation Engineer – Frontend, 80-100% (f/m/x)",OMICRON electronics,"Klaus, Vorarlberg, Austria",Remote,Full-time,Test Automation,,English,,,Recent,https://at.linkedin.com/jobs/view/software-test-automation-engineer-%E2%80%93-frontend-80-100%25-f-m-x-at-omicron-electronics-4448601414,2026-08-20T10:36:25.779255+00:00
0,Test Automation | Austria,linkedin,Test Automation Engineer (m/f/d),Atos,"Vienna, Vienna, Austria",On-site,Full-time,Test Automation,,English,,,Recent,https://at.linkedin.com/jobs/view/test-automation-engineer-m-f-d-at-atos-4425302065,2026-08-20T10:36:25.779470+00:00
0,Test Automation | Austria,linkedin,Test Automation Engineer @ CompuGroup Medical (CGM),DEVjobs,Greater Sankt Polten,On-site,Full-time,Test Automation,,English,,,Recent,https://at.linkedin.com/jobs/view/test-automation-engineer-%40-compugroup-medical-cgm-at-devjobs-4455631052,2026-08-20T10:36:25.779772+00:00
0,Test Automation | Switzerland,linkedin,Test Automation Engineer,RM Group (Switzerland),"Basel, Basel, Switzerland",On-site,Full-time,Test Automation,,English,,,Recent,https://ch.linkedin.com/jobs/view/test-automation-engineer-at-rm-group-switzerland-4454982550,2026-08-20T10:36:28.153412+00:00
0,Test Automation | Switzerland,linkedin,Test Engineer,SGI,"Basel, Switzerland",On-site,Full-time,,,English,,,Recent,https://ch.linkedin.com/jobs/view/test-engineer-at-sgi-4453418792,2026-08-20T10:36:28.153812+00:00
0,Test Automation | Switzerland,linkedin,Test Automation Engineer / Testingenieur (M/W),Expleo Group,"Bern, Berne, Switzerland",On-site,Full-time,Test Automation,,English,,,Recent,https://ch.linkedin.com/jobs/view/test-automation-engineer-testingenieur-m-w-at-expleo-group-4425699516,2026-08-20T10:36:28.153910+00:00
0,Test Automation | Switzerland,linkedin,"Temenos Transact T24- Test Automation Engineer - Hybrid, Zurich, Switzerland",MRP-Global,"Zurich, Switzerland",Hybrid,Full-time,Test Automation,,English,,,Recent,https://ch.linkedin.com/jobs/view/temenos-transact-t24-test-automation-engineer-hybrid-zurich-switzerland-at-mrp-global-4452987552,2026-08-20T10:36:28.154006+00:00
0,Test Automation | Switzerland,linkedin,Software Developer in Test (SDET) / Testautomatisierer:in [#587],Paul Wicki Personal AG,"Berne, Switzerland",On-site,Full-time,,,English,,,Recent,https://ch.linkedin.com/jobs/view/software-developer-in-test-sdet-testautomatisierer-in-%23587-at-paul-wicki-personal-ag-4443680704,2026-08-20T10:36:28.154100+00:00
0,Test Automation | Poland,linkedin,Test Automation Engineer,Euroclear,"Cracow, Małopolskie, Poland",On-site,Full-time,Test Automation,,English,,,Recent,https://pl.linkedin.com/jobs/view/test-automation-engineer-at-euroclear-4455407895,2026-08-20T10:36:37.675428+00:00
0,Test Automation | Poland,linkedin,Test Automation Engineer,Deloitte,"Szczecin, Zachodniopomorskie, Poland",On-site,Full-time,Test Automation,,English,,,Recent,https://pl.linkedin.com/jobs/view/test-automation-engineer-at-deloitte-4433705503,2026-08-20T10:36:37.675775+00:00
0,Test Automation | Poland,linkedin,Test Automation Engineer,Deloitte,"Gdańsk, Pomorskie, Poland",On-site,Full-time,Test Automation,,English,,,Recent,https://pl.linkedin.com/jobs/view/test-automation-engineer-at-deloitte-4433191963,2026-08-20T10:36:37.675879+00:00
0,Test Automation | Poland,linkedin,Mid Test Automation Engineer (he/she) - Praca zdalna,Astek,"Warsaw, Mazowieckie, Poland",On-site,Full-time,Test Automation,,English,,,Recent,https://pl.linkedin.com/jobs/view/mid-test-automation-engineer-he-she-praca-zdalna-at-astek-4428250987,2026-08-20T10:36:37.675982+00:00
0,Test Automation | Poland,linkedin,Test Automation Engineer (all genders),Lufthansa Systems,Gdansk Metropolitan Area,On-site,Full-time,Test Automation,,English,,,Recent,https://pl.linkedin.com/jobs/view/test-automation-engineer-all-genders-at-lufthansa-systems-4451222090,2026-08-20T10:36:37.676077+00:00
0,Test Automation | Poland,linkedin,Software Developer In Test,Grand Parade,"Cracow, Małopolskie, Poland",On-site,Full-time,,,English,,,Recent,https://pl.linkedin.com/jobs/view/software-developer-in-test-at-grand-parade-4454244589,2026-08-20T10:36:37.676171+00:00
0,Test Automation | Poland,linkedin,QA Automation Engineer,Kramp,"Konin, Wielkopolskie, Poland",On-site,Full-time,,,English,,,Recent,https://pl.linkedin.com/jobs/view/qa-automation-engineer-at-kramp-4414669062,2026-08-20T10:36:37.676268+00:00
0,Test Automation | USA,linkedin,Quality Assurance Automation Engineer,STG,Salt Lake City Metropolitan Area,On-site,Full-time,,,English,,,Recent,https://www.linkedin.com/jobs/view/quality-assurance-automation-engineer-at-stg-4384368563,2026-08-20T10:36:40.120963+00:00
0,Test Automation | USA,linkedin,Software QA Engineer (SDET),LifeVantage Corporation,"Lehi, UT",On-site,Full-time,,,English,,,Recent,https://www.linkedin.com/jobs/view/software-qa-engineer-sdet-at-lifevantage-corporation-4456380058,2026-08-20T10:36:40.121188+00:00
0,Test Automation | USA,linkedin,RPA / Test Automation Engineer,Vertiv,"Westerville, OH",On-site,Full-time,Test Automation,,English,,,Recent,https://www.linkedin.com/jobs/view/rpa-test-automation-engineer-at-vertiv-4427642573,2026-08-20T10:36:40.121283+00:00
0,Test Automation | USA,linkedin,Software Development Engineer in Test (SDET),Celtic Bank,"Salt Lake City, UT",On-site,Full-time,,,English,,,Recent,https://www.linkedin.com/jobs/view/software-development-engineer-in-test-sdet-at-celtic-bank-4444487874,2026-08-20T10:36:40.121380+00:00
0,Test Automation | USA,linkedin,SDET II,CHAMP,"Cleveland, OH",On-site,Full-time,,,English,,,Recent,https://www.linkedin.com/jobs/view/sdet-ii-at-champ-4455395257,2026-08-20T10:36:40.121475+00:00
0,Test Automation | USA,linkedin,Test Automation Engineer,CapTech,"Columbus, OH",On-site,Full-time,Test Automation,,English,,,Recent,https://www.linkedin.com/jobs/view/test-automation-engineer-at-captech-4456372941,2026-08-20T10:36:40.121571+00:00
0,Test Automation | USA,linkedin,Data Test Engineer,Achieve,"Tempe, AZ",Remote,Contract,"Can, Go, Java, Javascript, Playwright, Python","Microservices, React, Cypress, Spring Boot, Gcp, Restassured, Sql, Datadog, Safe, Jira",English,,,Recent,https://www.linkedin.com/jobs/view/data-test-engineer-at-achieve-4453727859,2026-08-20T10:36:40.121667+00:00
0,Test Automation | USA,linkedin,Sr. Software Engineer in Test,Sony Interactive Entertainment,"San Diego, CA",On-site,Full-time,,,English,,,Recent,https://www.linkedin.com/jobs/view/sr-software-engineer-in-test-at-sony-interactive-entertainment-4429895308,2026-08-20T10:36:40.121774+00:00
0,Test Automation | United Kingdom,linkedin,Test Automation Engineer,Motorola Solutions,"Edinburgh, Scotland, United Kingdom",On-site,Full-time,Test Automation,,English,,,Recent,https://uk.linkedin.com/jobs/view/test-automation-engineer-at-motorola-solutions-4423555739,2026-08-20T10:36:42.542499+00:00
0,Test Automation | United Kingdom,linkedin,Software Automation Engineer,Eden Scott,"Glasgow, Scotland, United Kingdom",On-site,Full-time,,,English,,,Recent,https://uk.linkedin.com/jobs/view/software-automation-engineer-at-eden-scott-4453871611,2026-08-20T10:36:42.542840+00:00
0,Test Automation | United Kingdom,linkedin,Test Automation Engineer,Motorola Solutions,"Glasgow, Scotland, United Kingdom",On-site,Full-time,Test Automation,,English,,,Recent,https://uk.linkedin.com/jobs/view/test-automation-engineer-at-motorola-solutions-4417300637,2026-08-20T10:36:42.542940+00:00
0,Test Automation | United Kingdom,linkedin,Software Development Engineer in Test,Crowdcube,"Cardiff, Wales, United Kingdom",On-site,Full-time,,,English,,,Recent,https://uk.linkedin.com/jobs/view/software-development-engineer-in-test-at-crowdcube-4451440339,2026-08-20T10:36:42.543036+00:00
0,Test Automation | United Kingdom,linkedin,Software Engineer in Test,Symphony,"Belfast, Northern Ireland, United Kingdom",On-site,Full-time,,,English,,,Recent,https://uk.linkedin.com/jobs/view/software-engineer-in-test-at-symphony-4429539001,2026-08-20T10:36:42.543225+00:00
0,Test Automation | United Kingdom,linkedin,Automation Engineer,The Craneware Group,"Edinburgh, Scotland, United Kingdom",On-site,Full-time,,,English,,,Recent,https://uk.linkedin.com/jobs/view/automation-engineer-at-the-craneware-group-4442834167,2026-08-20T10:36:42.543315+00:00
0,Test Automation | United Kingdom,linkedin,Test Engineer,Murmuration,"Manchester, England, United Kingdom",On-site,Full-time,,,English,,,Recent,https://uk.linkedin.com/jobs/view/test-engineer-at-murmuration-4440479020,2026-08-20T10:36:42.543406+00:00
0,Python Developer | Germany,linkedin,Python Engineer (m/w/d),SOA Experts GmbH,"Hamburg, Germany",On-site,Full-time,Python,,English,,,Recent,https://de.linkedin.com/jobs/view/python-engineer-m-w-d-at-soa-experts-gmbh-4415771641,2026-08-20T10:36:44.925992+00:00
0,Python Developer | Germany,linkedin,Python Developer,Piper Maddox,"Düsseldorf, North Rhine-Westphalia, Germany",On-site,Full-time,Python,,English,,,Recent,https://de.linkedin.com/jobs/view/python-developer-at-piper-maddox-4446742179,2026-08-20T10:36:44.926115+00:00
0,Python Developer | Germany,linkedin,Python Software Engineer (m/w/d),Smart Systems Hub,"Dresden, Saxony, Germany",On-site,Full-time,Python,,English,,,Recent,https://de.linkedin.com/jobs/view/python-software-engineer-m-w-d-at-smart-systems-hub-4442846866,2026-08-20T10:36:44.926221+00:00
0,Python Developer | Germany,linkedin,Software Engineer,Moody's Corporation,"Berlin, Berlin, Germany",On-site,Full-time,,,English,,,Recent,https://de.linkedin.com/jobs/view/software-engineer-at-moody-s-corporation-4456462012,2026-08-20T10:36:44.926318+00:00
0,Python Developer | Germany,linkedin,Backend Developer,Qwello,"Munich, Bavaria, Germany",On-site,Full-time,,,English,,,Recent,https://de.linkedin.com/jobs/view/backend-developer-at-qwello-4454970997,2026-08-20T10:36:44.926414+00:00
0,Python Developer | Germany,linkedin,Backend Engineer (Python) - Innovation Team,ETERNO,"Berlin, Berlin, Germany",On-site,Full-time,Python,,English,,,Recent,https://de.linkedin.com/jobs/view/backend-engineer-python-innovation-team-at-eterno-4445441091,2026-08-20T10:36:44.926506+00:00
0,Python Developer | Germany,linkedin,Python-Entwickler (m/w/d),DResearch Digital Media Systems GmbH,"Berlin, Berlin, Germany",On-site,Full-time,Python,,English,,,Recent,https://de.linkedin.com/jobs/view/python-entwickler-m-w-d-at-dresearch-digital-media-systems-gmbh-4448759326,2026-08-20T10:36:44.926597+00:00
0,Python Developer | Germany,linkedin,PYTHON ENGINEER (STREAMING / PERFORMANCE),Staige,"Essen, North Rhine-Westphalia, Germany",On-site,Full-time,Python,,English,,,Recent,https://de.linkedin.com/jobs/view/python-engineer-streaming-performance-at-staige-4451314566,2026-08-20T10:36:44.926689+00:00
0,Python Developer | Germany,linkedin,Backend Software Engineer,ACC Group AG,"Ulm, Baden-Württemberg, Germany",On-site,Full-time,,,English,,,Recent,https://de.linkedin.com/jobs/view/backend-software-engineer-at-acc-group-ag-4449409532,2026-08-20T10:36:44.926796+00:00
0,Python Developer | Germany,linkedin,Software Engineer / Python,Virtusa,"Munich, Bavaria, Germany",On-site,Full-time,Python,,English,,,Recent,https://de.linkedin.com/jobs/view/software-engineer-python-at-virtusa-4449804111,2026-08-20T10:36:44.926895+00:00
0,Python Developer | Austria,linkedin,"Software Engineer, Python (Asset Pricing & Hedging)",Bitpanda,"Vienna, Austria",On-site,Full-time,Python,,English,,,Recent,https://at.linkedin.com/jobs/view/software-engineer-python-asset-pricing-hedging-at-bitpanda-4443374034,2026-08-20T10:36:47.300239+00:00
0,Python Developer | Austria,linkedin,"Software Engineer, Python (Asset Pricing & Hedging)",Bitpanda LA,"Vienna, Vienna, Austria",On-site,Full-time,Python,,English,,,Recent,https://at.linkedin.com/jobs/view/software-engineer-python-asset-pricing-hedging-at-bitpanda-la-4444657984,2026-08-20T10:36:47.300367+00:00
0,Python Developer | Austria,linkedin,Backend Developer (Phyton/Odoo),Schrankerl,"Vienna, Vienna, Austria",On-site,Full-time,,,English,,,Recent,https://at.linkedin.com/jobs/view/backend-developer-phyton-odoo-at-schrankerl-4442807010,2026-08-20T10:36:47.300467+00:00
0,Python Developer | Austria,linkedin,Full Stack Developer:in (m/w/d),DIS AG,"Vienna, Austria",On-site,Full-time,,,English,,,Recent,https://at.linkedin.com/jobs/view/full-stack-developer-in-m-w-d-at-dis-ag-4444407919,2026-08-20T10:36:47.300604+00:00
0,Python Developer | Austria,linkedin,Software-Engineer (m/w/d),Berger Logistik,"Wörgl, Tyrol, Austria",On-site,Full-time,,,English,,,Recent,https://at.linkedin.com/jobs/view/software-engineer-m-w-d-at-berger-logistik-4448029262,2026-08-20T10:36:47.300702+00:00
0,Python Developer | Austria,linkedin,Python Developer – Generative AI / RAG (m/f/d),Qualysoft,"Vienna, Vienna, Austria",On-site,Full-time,"Generative Ai, Python, Rag",,English,,,Recent,https://at.linkedin.com/jobs/view/python-developer-%E2%80%93-generative-ai-rag-m-f-d-at-qualysoft-4443388550,2026-08-20T10:36:47.300914+00:00
0,Python Developer | Austria,linkedin,Softwareentwickler (m/w/x) - Schwerpunkt: ERP-System (Phython),philoro EDELMETALLE,"Korneuburg, Lower Austria, Austria",On-site,Full-time,,,English,,,Recent,https://at.linkedin.com/jobs/view/softwareentwickler-m-w-x-schwerpunkt-erp-system-phython-at-philoro-edelmetalle-4448024224,2026-08-20T10:36:47.301017+00:00
0,Python Developer | Austria,linkedin,Software Developer/Software Entwickler (m/w/x),philoro EDELMETALLE,"Korneuburg, Lower Austria, Austria",On-site,Full-time,,,English,,,Recent,https://at.linkedin.com/jobs/view/software-developer-software-entwickler-m-w-x-at-philoro-edelmetalle-4440112871,2026-08-20T10:36:47.301209+00:00
0,Python Developer | Switzerland,linkedin,Python Software Engineer (Digital Assets),IMC Trading,"Zug, Switzerland",On-site,Full-time,Python,,English,,,Recent,https://ch.linkedin.com/jobs/view/python-software-engineer-digital-assets-at-imc-trading-4443355342,2026-08-20T10:36:49.709827+00:00
0,Python Developer | Switzerland,linkedin,"Backend Software Engineer, Python",Cradle,"Zurich, Zurich, Switzerland",On-site,Full-time,Python,,English,,,Recent,https://ch.linkedin.com/jobs/view/backend-software-engineer-python-at-cradle-4443771872,2026-08-20T10:36:49.709958+00:00
0,Python Developer | Switzerland,linkedin,Python Software Engineer - Digital Assets,IMC Trading,"Zug, Zug, Switzerland",On-site,Full-time,Python,,English,,,Recent,https://ch.linkedin.com/jobs/view/python-software-engineer-digital-assets-at-imc-trading-4320553182,2026-08-20T10:36:49.710060+00:00
0,Python Developer | Switzerland,linkedin,Backend Python Engineer (OSI-SIS-TS-2026-128-GRAP),CERN,"Geneva, Geneva, Switzerland",On-site,Full-time,Python,,English,,,Recent,https://ch.linkedin.com/jobs/view/backend-python-engineer-osi-sis-ts-2026-128-grap-at-cern-4447915261,2026-08-20T10:36:49.710157+00:00
0,Python Developer | Switzerland,linkedin,Softwareentwickler Python (Contract),adesso Schweiz AG,"Berne, Switzerland",On-site,Contract,Python,,English,,,Recent,https://ch.linkedin.com/jobs/view/softwareentwickler-python-contract-at-adesso-schweiz-ag-4451645667,2026-08-20T10:36:49.710257+00:00
0,Python Developer | Switzerland,linkedin,Backend Software Engineer,mygrid AG,"Brugg, Aargau, Switzerland",On-site,Full-time,,,English,,,Recent,https://ch.linkedin.com/jobs/view/backend-software-engineer-at-mygrid-ag-4453468402,2026-08-20T10:36:49.710351+00:00
0,Python Developer | Switzerland,linkedin,Software Engineer Integration,CDDS,"Zurich, Zurich, Switzerland",On-site,Full-time,,,English,,,Recent,https://ch.linkedin.com/jobs/view/software-engineer-integration-at-cdds-4449649550,2026-08-20T10:36:49.710446+00:00
0,Python Developer | Switzerland,linkedin,Backend Engineer,Techify,"Lugano, Ticino, Switzerland",On-site,Full-time,,,English,,,Recent,https://ch.linkedin.com/jobs/view/backend-engineer-at-techify-4443536266,2026-08-20T10:36:49.710537+00:00
0,Python Developer | Switzerland,linkedin,Backend Engineer,Sartiq,"Lugano, Ticino, Switzerland",On-site,Full-time,,,English,,,Recent,https://ch.linkedin.com/jobs/view/backend-engineer-at-sartiq-4441841818,2026-08-20T10:36:49.710630+00:00
0,Python Developer | Switzerland,linkedin,Software Engineer - ThousandEyes,Cisco,"Tartegnin, Vaud, Switzerland",On-site,Full-time,,,English,,,Recent,https://ch.linkedin.com/jobs/view/software-engineer-thousandeyes-at-cisco-4443927881,2026-08-20T10:36:49.710734+00:00
0,Python Developer | Slovakia,linkedin,Python Software Engineer (m/f/n),ESET,"Bratislava, Bratislava, Slovakia",On-site,Full-time,Python,,English,,,Recent,https://sk.linkedin.com/jobs/view/python-software-engineer-m-f-n-at-eset-4414037159,2026-08-20T10:36:54.392222+00:00
0,Python Developer | Slovakia,linkedin,Software Engineer - Python (m/f/n),ESET,"Bratislava, Bratislava, Slovakia",On-site,Full-time,Python,,English,,,Recent,https://sk.linkedin.com/jobs/view/software-engineer-python-m-f-n-at-eset-4441074077,2026-08-20T10:36:54.392354+00:00
0,Python Developer | Slovakia,linkedin,Software Developer,Frequentis,"Bratislava, Bratislava, Slovakia",On-site,Full-time,,,English,,,Recent,https://sk.linkedin.com/jobs/view/software-developer-at-frequentis-4450333957,2026-08-20T10:36:54.392455+00:00
0,Python Developer | Slovakia,linkedin,API Developer,Zurich Insurance,"Bratislava, Bratislava, Slovakia",On-site,Full-time,,,English,,,Recent,https://sk.linkedin.com/jobs/view/api-developer-at-zurich-insurance-4427284619,2026-08-20T10:36:54.392552+00:00
0,Python Developer | Slovakia,linkedin,Python Engineer ID70123,AgileEngine,"Bratislava, Bratislava, Slovakia",On-site,Full-time,Python,,English,,,Recent,https://sk.linkedin.com/jobs/view/python-engineer-id70123-at-agileengine-4449753469,2026-08-20T10:36:54.392646+00:00
0,Python Developer | Slovakia,linkedin,Full-Stack Developer (Python and JavaScript/Typescript) (m/f),PwC Slovakia,"Bratislava, Bratislava, Slovakia",On-site,Full-time,"Javascript, Python, Typescript",,English,,,Recent,https://sk.linkedin.com/jobs/view/full-stack-developer-python-and-javascript-typescript-m-f-at-pwc-slovakia-4446424409,2026-08-20T10:36:54.392755+00:00
0,Python Developer | Slovakia,linkedin,Software Engineer,Cisco,"Bratislava, Bratislava, Slovakia",On-site,Full-time,,,English,,,Recent,https://sk.linkedin.com/jobs/view/software-engineer-at-cisco-4454046689,2026-08-20T10:36:54.392854+00:00
0,Python Developer | Slovakia,linkedin,GenAI Engineer,Capco,"Košice, Kosice, Slovakia",On-site,Full-time,,,English,,,Recent,https://sk.linkedin.com/jobs/view/genai-engineer-at-capco-4232921932,2026-08-20T10:36:54.392949+00:00
0,Python Developer | Slovakia,linkedin,Integration Developer/ka,Slovenská sporiteľňa,"Bratislava, Slovakia",On-site,Full-time,,,English,,,Recent,https://sk.linkedin.com/jobs/view/integration-developer-ka-at-slovensk%C3%A1-sporite%C4%BE%C5%88a-4446585917,2026-08-20T10:36:54.393062+00:00
0,Python Developer | Slovakia,linkedin,Full-stack / Back-end Developer for Data and Interactive Technologies,Metropolitan Institute of Bratislava,"Bratislava, Bratislava, Slovakia",On-site,Full-time,,,English,,,Recent,https://sk.linkedin.com/jobs/view/full-stack-back-end-developer-for-data-and-interactive-technologies-at-metropolitan-institute-of-bratislava-4448426306,2026-08-20T10:36:54.393166+00:00
0,Python Developer | Czech Republic,linkedin,Full Stack Developer (Python),Perform,"Santo Domingo, Distrito Nacional, Dominican Republic",On-site,Full-time,Python,,English,,,Recent,https://do.linkedin.com/jobs/view/full-stack-developer-python-at-perform-4415707267,2026-08-20T10:36:56.741944+00:00
0,Python Developer | Czech Republic,linkedin,Full Stack Developer,Flatiron Software,Dominican Republic,On-site,Full-time,,,English,,,Recent,https://do.linkedin.com/jobs/view/full-stack-developer-at-flatiron-software-4453105196,2026-08-20T10:36:56.742075+00:00
0,Python Developer | Czech Republic,linkedin,Data Engineer,Perform,"Santo Domingo, Distrito Nacional, Dominican Republic",On-site,Full-time,,,English,,,Recent,https://do.linkedin.com/jobs/view/data-engineer-at-perform-4455458290,2026-08-20T10:36:56.742279+00:00
0,Python Developer | Czech Republic,linkedin,Data Engineer,Origami Risk,"Santo Domingo, Distrito Nacional, Dominican Republic",On-site,Full-time,"C, Ci/Cd, Python","Aws, Sql Server, Machine Learning, Spark, Sql, Databricks, C#",English,,,Recent,https://do.linkedin.com/jobs/view/data-engineer-at-origami-risk-4454806454,2026-08-20T10:36:56.742377+00:00
0,Python Developer | Czech Republic,linkedin,算法开发工程师,特变电工国际工程有限公司,"アト・マジョール州, Hato Mayor, Dominican Republic",On-site,Full-time,,,English,,,Recent,https://do.linkedin.com/jobs/view/%E7%AE%97%E6%B3%95%E5%BC%80%E5%8F%91%E5%B7%A5%E7%A8%8B%E5%B8%88-at-%E7%89%B9%E5%8F%98%E7%94%B5%E5%B7%A5%E5%9B%BD%E9%99%85%E5%B7%A5%E7%A8%8B%E6%9C%89%E9%99%90%E5%85%AC%E5%8F%B8-4444315842,2026-08-20T10:36:56.742473+00:00
0,Python Developer | Czech Republic,linkedin,算法开发工程师,"TBEA Xi'an Electric Technology Co., Ltd.","アト・マジョール州, Hato Mayor, Dominican Republic",On-site,Full-time,,,English,,,Recent,https://do.linkedin.com/jobs/view/%E7%AE%97%E6%B3%95%E5%BC%80%E5%8F%91%E5%B7%A5%E7%A8%8B%E5%B8%88-at-tbea-xi-an-electric-technology-co-ltd-4444302828,2026-08-20T10:36:56.742573+00:00
0,Python Developer | Czech Republic,linkedin,Ingeniero de Datos,Stefanini LATAM,Dominican Republic,On-site,Full-time,,,English,,,Recent,https://do.linkedin.com/jobs/view/ingeniero-de-datos-at-stefanini-latam-4448266405,2026-08-20T10:36:56.742674+00:00
0,Python Developer | Czech Republic,linkedin,Kotlin + Python Engineer - Remote Work | REF#301184,BairesDev,"Santo Domingo, Distrito Nacional, Dominican Republic",Remote,Full-time,Python,Kotlin,English,,,Recent,https://do.linkedin.com/jobs/view/kotlin-%2B-python-engineer-remote-work-ref%23301184-at-bairesdev-4455981342,2026-08-20T10:36:56.742883+00:00
0,Python Developer | Poland,linkedin,Python Developer (f/m/x),Sii Poland,"Warsaw, Mazowieckie, Poland",On-site,Full-time,Python,,English,,,Recent,https://pl.linkedin.com/jobs/view/python-developer-f-m-x-at-sii-poland-4443601016,2026-08-20T10:36:59.182069+00:00
0,Python Developer | Poland,linkedin,Regular Software Engineer - Python,Luxoft,Cracow Metropolitan Area,On-site,Full-time,Python,,English,,,Recent,https://pl.linkedin.com/jobs/view/regular-software-engineer-python-at-luxoft-4455744634,2026-08-20T10:36:59.182200+00:00
0,Python Developer | Poland,linkedin,Regular Software Engineer - Python,Luxoft,Wroclaw Metropolitan Area,On-site,Full-time,Python,,English,,,Recent,https://pl.linkedin.com/jobs/view/regular-software-engineer-python-at-luxoft-4455720406,2026-08-20T10:36:59.182305+00:00
0,Python Developer | Poland,linkedin,Python Engineer,EPAM Systems,"Gdańsk, Pomorskie, Poland",On-site,Full-time,Python,,English,,,Recent,https://pl.linkedin.com/jobs/view/python-engineer-at-epam-systems-4452784417,2026-08-20T10:36:59.182402+00:00
0,Python Developer | Poland,linkedin,Python Developer,ALGOTEQUE Innovation Hub,"Warsaw, Mazowieckie, Poland",On-site,Full-time,Python,,English,,,Recent,https://pl.linkedin.com/jobs/view/python-developer-at-algoteque-innovation-hub-4453689654,2026-08-20T10:36:59.182504+00:00
0,Python Developer | Poland,linkedin,"Python Engineer, Data Platform",Balyasny Asset Management L.P.,"Warsaw, Mazowieckie, Poland",On-site,Full-time,Python,,English,,,Recent,https://pl.linkedin.com/jobs/view/python-engineer-data-platform-at-balyasny-asset-management-l-p-4431598689,2026-08-20T10:36:59.182599+00:00
0,Python Developer | Poland,linkedin,Regular Python Software Engineer,Luxoft Poland,"Wrocław, Dolnośląskie, Poland",On-site,Full-time,Python,,English,,,Recent,https://pl.linkedin.com/jobs/view/regular-python-software-engineer-at-luxoft-poland-4454271663,2026-08-20T10:36:59.182696+00:00
0,Python Developer | Poland,linkedin,Python Developer,Response Informatics,"Cracow, Małopolskie, Poland",On-site,Full-time,Python,,English,,,Recent,https://pl.linkedin.com/jobs/view/python-developer-at-response-informatics-4456195817,2026-08-20T10:36:59.182811+00:00
0,Python Developer | Poland,linkedin,Python Developer (W/M),MTU Aero Engines,"Rzeszów, Podkarpackie, Poland",On-site,Full-time,Python,,English,,,Recent,https://pl.linkedin.com/jobs/view/python-developer-w-m-at-mtu-aero-engines-4443933996,2026-08-20T10:36:59.182913+00:00
0,Python Developer | Poland,linkedin,Python Developer,Dabster,"Małopolskie, Poland",On-site,Full-time,Python,,English,,,Recent,https://pl.linkedin.com/jobs/view/python-developer-at-dabster-4455631050,2026-08-20T10:36:59.183020+00:00
0,Python Developer | USA,linkedin,Python Developer,Open Systems Technologies,"New York, NY",On-site,Full-time,Python,,English,,,Recent,https://www.linkedin.com/jobs/view/python-developer-at-open-systems-technologies-3952273769,2026-08-20T10:37:01.596140+00:00
0,Python Developer | USA,linkedin,Python Engineer,Allspring Global Investments,"Milwaukee, WI",On-site,Full-time,Python,,English,,,Recent,https://www.linkedin.com/jobs/view/python-engineer-at-allspring-global-investments-4442163127,2026-08-20T10:37:01.596269+00:00
0,Python Developer | USA,linkedin,Software Development Engineer – Python,Cyient,"Peoria, IL",On-site,Full-time,Python,,English,,,Recent,https://www.linkedin.com/jobs/view/software-development-engineer-%E2%80%93-python-at-cyient-4442886343,2026-08-20T10:37:01.596371+00:00
0,Python Developer | USA,linkedin,Python Developer,Leidos,"Columbus, OH",On-site,Full-time,Python,,English,,,Recent,https://www.linkedin.com/jobs/view/python-developer-at-leidos-4441089217,2026-08-20T10:37:01.596479+00:00
0,Python Developer | USA,linkedin,Python Developer,Leidos,"San Antonio, TX",On-site,Full-time,Python,,English,,,Recent,https://www.linkedin.com/jobs/view/python-developer-at-leidos-4441090127,2026-08-20T10:37:01.596573+00:00
0,Python Developer | USA,linkedin,Python Developer,Matlen Silver,"Jersey City, NJ",On-site,Full-time,Python,,English,,,Recent,https://www.linkedin.com/jobs/view/python-developer-at-matlen-silver-4447543489,2026-08-20T10:37:01.596666+00:00
0,Python Developer | USA,linkedin,Python Developer,Marlabs,"Plano, TX",On-site,Full-time,Python,,English,,,Recent,https://www.linkedin.com/jobs/view/python-developer-at-marlabs-4446757906,2026-08-20T10:37:01.596774+00:00
0,Python Developer | USA,linkedin,Python AWS Developer,CGI,"Lafayette, LA",On-site,Full-time,Python,Aws,English,,,Recent,https://www.linkedin.com/jobs/view/python-aws-developer-at-cgi-4441416495,2026-08-20T10:37:01.596874+00:00
0,Python Developer | USA,linkedin,Python Developer,Proven Recruiting,"San Diego, CA",On-site,Full-time,Python,,English,,,Recent,https://www.linkedin.com/jobs/view/python-developer-at-proven-recruiting-4454813646,2026-08-20T10:37:01.596968+00:00
0,Python Developer | USA,linkedin,Python Developer,CapTech,"Philadelphia, PA",On-site,Full-time,Python,,English,,,Recent,https://www.linkedin.com/jobs/view/python-developer-at-captech-4455788490,2026-08-20T10:37:01.597060+00:00
0,Python Developer | United Kingdom,linkedin,Python Developer,Vallum Associates,"Ipswich, England, United Kingdom",On-site,Full-time,Python,,English,,,Recent,https://uk.linkedin.com/jobs/view/python-developer-at-vallum-associates-4455700740,2026-08-20T10:37:04.024390+00:00
0,Python Developer | United Kingdom,linkedin,Python Developer,Gazelle Global,"Ipswich, England, United Kingdom",On-site,Full-time,Python,,English,,,Recent,https://uk.linkedin.com/jobs/view/python-developer-at-gazelle-global-4452814968,2026-08-20T10:37:04.024519+00:00
0,Python Developer | United Kingdom,linkedin,Software Developer,iO Associates,"Nottingham, England, United Kingdom",On-site,Full-time,,,English,,,Recent,https://uk.linkedin.com/jobs/view/software-developer-at-io-associates-4455267073,2026-08-20T10:37:04.024620+00:00
0,Python Developer | United Kingdom,linkedin,Software Engineer,Experis UK,"Newcastle Upon Tyne, England, United Kingdom",On-site,Full-time,,,English,,,Recent,https://uk.linkedin.com/jobs/view/software-engineer-at-experis-uk-4415773612,2026-08-20T10:37:04.024725+00:00
0,Python Developer | United Kingdom,linkedin,Python Developer,Tata Consultancy Services,"Ipswich, England, United Kingdom",On-site,Full-time,Python,,English,,,Recent,https://uk.linkedin.com/jobs/view/python-developer-at-tata-consultancy-services-4439416761,2026-08-20T10:37:04.024829+00:00
0,Python Developer | United Kingdom,linkedin,Python Developer,Citi,"Belfast, Northern Ireland, United Kingdom",On-site,Full-time,Python,,English,,,Recent,https://uk.linkedin.com/jobs/view/python-developer-at-citi-4445484890,2026-08-20T10:37:04.024926+00:00
0,Python Developer | United Kingdom,linkedin,Python Developers,CGI,"London, England, United Kingdom",On-site,Full-time,Python,,English,,,Recent,https://uk.linkedin.com/jobs/view/python-developers-at-cgi-4431568150,2026-08-20T10:37:04.025022+00:00
0,Python Developer | United Kingdom,linkedin,Software Development Specialist,Vodafone,"Newbury, England, United Kingdom",On-site,Full-time,,,English,,,Recent,https://uk.linkedin.com/jobs/view/software-development-specialist-at-vodafone-4441528436,2026-08-20T10:37:04.025119+00:00
0,Python Developer | United Kingdom,linkedin,Python Software Engineer,Experis UK,"Reading, England, United Kingdom",On-site,Full-time,Python,,English,,,Recent,https://uk.linkedin.com/jobs/view/python-software-engineer-at-experis-uk-4450326957,2026-08-20T10:37:04.025213+00:00
0,Python Developer | United Kingdom,linkedin,Software Engineer,Engelhart,"London, England, United Kingdom",On-site,Full-time,,,English,,,Recent,https://uk.linkedin.com/jobs/view/software-engineer-at-engelhart-4445954337,2026-08-20T10:37:04.025310+00:00
0,Python Test | Germany,linkedin,Embedded Python Tester (all gender),ALTEN Germany,"Stuttgart, Baden-Württemberg, Germany",On-site,Full-time,Python,,English,,,Recent,https://de.linkedin.com/jobs/view/embedded-python-tester-all-gender-at-alten-germany-4420728399,2026-08-20T10:37:06.409080+00:00
0,Python Test | Germany,linkedin,Softwaretester (all gender),ALTEN,"Erlangen, Bavaria, Germany",On-site,Full-time,,,English,,,Recent,https://de.linkedin.com/jobs/view/softwaretester-all-gender-at-alten-4445876651,2026-08-20T10:37:06.409213+00:00
0,Python Test | Germany,linkedin,Software Test Engineer (all gender) | Python | PyTest | Jira/Xray | Linux | DO-178C | System Testing 100,ALTEN Germany,"Berlin, Germany",On-site,Full-time,"Pytest, Python, System Testing","Linux, Jira",English,,,Recent,https://de.linkedin.com/jobs/view/software-test-engineer-all-gender-python-pytest-jira-xray-linux-do-178c-system-testing-100-at-alten-germany-4438068897,2026-08-20T10:37:06.409317+00:00
0,Python Test | Germany,linkedin,Software-Tester,T&S (Technology & Strategy),"Erlangen, Bavaria, Germany",On-site,Full-time,,,English,,,Recent,https://de.linkedin.com/jobs/view/software-tester-at-t-s-technology-strategy-4448895771,2026-08-20T10:37:06.409421+00:00
0,Python Test | Germany,linkedin,"Test Engineer Communication Systems (Python, Pytest, Linux Networks)",T&S (Technology & Strategy),"Berlin, Germany",On-site,Full-time,"Pytest, Python",Linux,English,,,Recent,https://de.linkedin.com/jobs/view/test-engineer-communication-systems-python-pytest-linux-networks-at-t-s-technology-strategy-4451520307,2026-08-20T10:37:06.409721+00:00
0,Python Test | Germany,linkedin,Software Engineer I,Blue Yonder,"Hamburg, Hamburg, Germany",On-site,Full-time,,,English,,,Recent,https://de.linkedin.com/jobs/view/software-engineer-i-at-blue-yonder-4450345852,2026-08-20T10:37:06.409916+00:00
0,Python Test | Germany,linkedin,Softwareentwickler für Testsysteme (all gender),ALTEN,"Munich, Bavaria, Germany",On-site,Full-time,,R,English,,,Recent,https://de.linkedin.com/jobs/view/softwareentwickler-f%C3%BCr-testsysteme-all-gender-at-alten-4427330081,2026-08-20T10:37:06.410011+00:00
0,Python Test | Austria,linkedin,Software Engineer (m/w/d),Flex,"Althofen, Carinthia, Austria",On-site,Full-time,,,English,,,Recent,https://at.linkedin.com/jobs/view/software-engineer-m-w-d-at-flex-4453704815,2026-08-20T10:37:08.767569+00:00
0,Python Test | Austria,linkedin,Test Automation Engineer (all genders) [Graz],adesso Austria GmbH,"Graz, Styria, Austria",On-site,Full-time,Test Automation,,English,,,Recent,https://at.linkedin.com/jobs/view/test-automation-engineer-all-genders-graz-at-adesso-austria-gmbh-4370389678,2026-08-20T10:37:08.767672+00:00
0,Python Test | Austria,linkedin,Testautomatisierungsingenieur (m/w/d),Computer Futures,"Salzburg, Salzburg, Austria",On-site,Full-time,,,English,,,Recent,https://at.linkedin.com/jobs/view/testautomatisierungsingenieur-m-w-d-at-computer-futures-4456184220,2026-08-20T10:37:08.767814+00:00
0,Python Test | Austria,linkedin,AI Developer – Requirements & Service Integration (f/m/x),Anton Paar,"Graz, Styria, Austria",On-site,Full-time,,,English,,,Recent,https://at.linkedin.com/jobs/view/ai-developer-%E2%80%93-requirements-service-integration-f-m-x-at-anton-paar-4440758669,2026-08-20T10:37:08.768386+00:00
0,Python Test | Switzerland,linkedin,ML Ops Engineer,Harmattan AI,"Lausanne, Vaud, Switzerland",On-site,Full-time,,,English,,,Recent,https://ch.linkedin.com/jobs/view/ml-ops-engineer-at-harmattan-ai-4449645611,2026-08-20T10:37:11.155439+00:00
0,Python Test | Switzerland,linkedin,Software Test Engineer (Verification and Validation),Solenix,"Basel, Basel, Switzerland",On-site,Full-time,,,English,,,Recent,https://ch.linkedin.com/jobs/view/software-test-engineer-verification-and-validation-at-solenix-4443870125,2026-08-20T10:37:11.155558+00:00
0,Python Test | Switzerland,linkedin,Data Migration Specialist,Ellis Recruitment Group,"Zurich, Switzerland",On-site,Full-time,,,English,,,Recent,https://ch.linkedin.com/jobs/view/data-migration-specialist-at-ellis-recruitment-group-4452228331,2026-08-20T10:37:11.155934+00:00
0,Python Test | Slovakia,linkedin,Game Mathematician/Developer,3 Oaks Gaming,"Bratislava, Bratislava, Slovakia",On-site,Full-time,,,English,,,Recent,https://sk.linkedin.com/jobs/view/game-mathematician-developer-at-3-oaks-gaming-4450232971,2026-08-20T10:37:15.840069+00:00
0,Python Test | Slovakia,linkedin,QA Automation & Data Analyst (m/f/n),ESET,"Bratislava, Bratislava, Slovakia",On-site,Full-time,,,English,,,Recent,https://sk.linkedin.com/jobs/view/qa-automation-data-analyst-m-f-n-at-eset-4442808030,2026-08-20T10:37:15.840405+00:00
0,Python Test | Slovakia,linkedin,Analytics Engineer,Swiss Re,"Bratislava, Bratislava, Slovakia",On-site,Full-time,,,English,,,Recent,https://sk.linkedin.com/jobs/view/analytics-engineer-at-swiss-re-4439836736,2026-08-20T10:37:15.840896+00:00
0,Python Test | Poland,linkedin,Middle Python Automation Test Engineer IRC297834,GlobalLogic,"Szczecin, Zachodniopomorskie, Poland",On-site,Full-time,Python,,English,,,Recent,https://pl.linkedin.com/jobs/view/middle-python-automation-test-engineer-irc297834-at-globallogic-4434330217,2026-08-20T10:37:20.610626+00:00
0,Python Test | Poland,linkedin,Data Specialist,Ubique Systems,"Warsaw, Mazowieckie, Poland",On-site,Full-time,,,English,,,Recent,https://pl.linkedin.com/jobs/view/data-specialist-at-ubique-systems-4437246658,2026-08-20T10:37:20.610766+00:00
0,Python Test | Poland,linkedin,Python Automation Tester (f/m/x),Sii Poland,"Katowice, Śląskie, Poland",On-site,Full-time,Python,,English,,,Recent,https://pl.linkedin.com/jobs/view/python-automation-tester-f-m-x-at-sii-poland-4440195172,2026-08-20T10:37:20.610871+00:00
0,Python Test | Poland,linkedin,Validation Engineer with Python in AI area (f/m/x),Sii Poland,"Gdańsk, Pomorskie, Poland",On-site,Full-time,Python,,English,,,Recent,https://pl.linkedin.com/jobs/view/validation-engineer-with-python-in-ai-area-f-m-x-at-sii-poland-4443678903,2026-08-20T10:37:20.610978+00:00
0,Python Test | Poland,linkedin,Test Developer,HCLTech,Gdansk Metropolitan Area,On-site,Full-time,,,English,,,Recent,https://pl.linkedin.com/jobs/view/test-developer-at-hcltech-4431832241,2026-08-20T10:37:20.611079+00:00
0,Python Test | Poland,linkedin,QA Automation with Python,Luxoft,Poland,On-site,Full-time,Python,,English,,,Recent,https://pl.linkedin.com/jobs/view/qa-automation-with-python-at-luxoft-4446215315,2026-08-20T10:37:20.611173+00:00
0,Python Test | Poland,linkedin,Test Automation Engineer (Python + Robot Framework) - praca zdalna,smartware sp. z o.o.,"Wrocław, Dolnośląskie, Poland",On-site,Full-time,"Python, Robot Framework, Test Automation",,English,,,Recent,https://pl.linkedin.com/jobs/view/test-automation-engineer-python-%2B-robot-framework-praca-zdalna-at-smartware-sp-z-o-o-4452487988,2026-08-20T10:37:20.611263+00:00
0,Python Test | Poland,linkedin,R&D Python Test Engineer,Hitachi Energy,Cracow Metropolitan Area,On-site,Full-time,Python,R,English,,,Recent,https://pl.linkedin.com/jobs/view/r-d-python-test-engineer-at-hitachi-energy-4427923089,2026-08-20T10:37:20.611552+00:00
0,Python Test | USA,linkedin,Software Design Engineer,Molex,"Conway, AR",On-site,Full-time,,,English,,,Recent,https://www.linkedin.com/jobs/view/software-design-engineer-at-molex-4417682592,2026-08-20T10:37:23.026419+00:00
0,Python Test | USA,linkedin,"Software Engineer, Automation",NRG Energy,"Lehi, UT",On-site,Full-time,,,English,,,Recent,https://www.linkedin.com/jobs/view/software-engineer-automation-at-nrg-energy-4435698592,2026-08-20T10:37:23.026548+00:00
0,Python Test | USA,linkedin,"Software Engineer, Automation",Vivint,"Lehi, UT",On-site,Full-time,,,English,,,Recent,https://www.linkedin.com/jobs/view/software-engineer-automation-at-vivint-4435921001,2026-08-20T10:37:23.026654+00:00
0,Python Test | USA,linkedin,Automation Engineer,MANTECH,"San Antonio, TX",On-site,Full-time,,,English,,,Recent,https://www.linkedin.com/jobs/view/automation-engineer-at-mantech-4429402572,2026-08-20T10:37:23.026792+00:00
0,Python Test | USA,linkedin,Test Automation with Python+GenAI,Saransh Inc,"Phoenix, AZ",On-site,Full-time,"Python, Test Automation",,English,,,Recent,https://www.linkedin.com/jobs/view/test-automation-with-python%2Bgenai-at-saransh-inc-4450719207,2026-08-20T10:37:23.026995+00:00
0,Python Test | USA,linkedin,"Software Engineer II, Automation",NRG Energy,"Lehi, UT",On-site,Full-time,,,English,,,Recent,https://www.linkedin.com/jobs/view/software-engineer-ii-automation-at-nrg-energy-4435901570,2026-08-20T10:37:23.027095+00:00
0,Python Test | USA,linkedin,Software Engineer (Python),AnySignal,"Los Angeles, CA",On-site,Full-time,Python,,English,,,Recent,https://www.linkedin.com/jobs/view/software-engineer-python-at-anysignal-4447082802,2026-08-20T10:37:23.027188+00:00
0,Python Test | USA,linkedin,"Software Engineer, NPI",Fluidstack,"Austin, TX",On-site,Full-time,,,English,,,Recent,https://www.linkedin.com/jobs/view/software-engineer-npi-at-fluidstack-4441370887,2026-08-20T10:37:23.027278+00:00
0,Python Test | USA,linkedin,Automation Python Engineer (regular and HIL) L3,Wipro,"Dearborn, MI",On-site,Full-time,"Hil, Python",,English,,,Recent,https://www.linkedin.com/jobs/view/automation-python-engineer-regular-and-hil-l3-at-wipro-4452743150,2026-08-20T10:37:23.027369+00:00
0,Python Test | United Kingdom,linkedin,Python Developer,Thermoteknix,"Waterbeach, England, United Kingdom",On-site,Full-time,Python,,English,,,Recent,https://uk.linkedin.com/jobs/view/python-developer-at-thermoteknix-4446633947,2026-08-20T10:37:25.447579+00:00
0,Python Test | United Kingdom,linkedin,System Test Engineer,Dexory,"Oxfordshire, England, United Kingdom",On-site,Full-time,,,English,,,Recent,https://uk.linkedin.com/jobs/view/system-test-engineer-at-dexory-4393589214,2026-08-20T10:37:25.448020+00:00
0,Python Test | United Kingdom,linkedin,Software Engineer III - Python/Test Automation,JPMorganChase,"Glasgow, Scotland, United Kingdom",On-site,Full-time,"Python, Test Automation",,English,,,Recent,https://uk.linkedin.com/jobs/view/software-engineer-iii-python-test-automation-at-jpmorganchase-4449694896,2026-08-20T10:37:25.448117+00:00
0,Python Test | United Kingdom,linkedin,"Software Engineer in Test, Python",Roku,"Cambridge, England, United Kingdom",On-site,Full-time,Python,,English,,,Recent,https://uk.linkedin.com/jobs/view/software-engineer-in-test-python-at-roku-4446596204,2026-08-20T10:37:25.448214+00:00
0,Python Test | United Kingdom,linkedin,Software Test Engineer,CHEP,"England, United Kingdom",On-site,Full-time,,,English,,,Recent,https://uk.linkedin.com/jobs/view/software-test-engineer-at-chep-4452828331,2026-08-20T10:37:25.448309+00:00
0,Python Test | United Kingdom,linkedin,Software Test Engineer,CHEP,"London Area, United Kingdom",On-site,Full-time,,,English,,,Recent,https://uk.linkedin.com/jobs/view/software-test-engineer-at-chep-4452262369,2026-08-20T10:37:25.448402+00:00
0,Firmware Engineer | Germany,linkedin,Embedded Software Engineer - Berlin,Better Devices,"Berlin, Germany",On-site,Full-time,,,English,,,Recent,https://de.linkedin.com/jobs/view/embedded-software-engineer-berlin-at-better-devices-4445894904,2026-08-20T10:37:27.845343+00:00
0,Firmware Engineer | Germany,linkedin,Embedded Software Developer (m/w/d),MotionMiners GmbH,"Dortmund, North Rhine-Westphalia, Germany",On-site,Full-time,,,English,,,Recent,https://de.linkedin.com/jobs/view/embedded-software-developer-m-w-d-at-motionminers-gmbh-4452270168,2026-08-20T10:37:27.845468+00:00
0,Firmware Engineer | Germany,linkedin,Embedded Soft-& Hardware Engineer(m/w/d)*,Scalian Germany AG,"Berlin, Berlin, Germany",On-site,Full-time,,,English,,,Recent,https://de.linkedin.com/jobs/view/embedded-soft-hardware-engineer-m-w-d-at-scalian-germany-ag-4451657607,2026-08-20T10:37:27.845568+00:00
0,Firmware Engineer | Germany,linkedin,Embedded Firmware Developer (Agri-Tech / Sensor Systems) (m/f/d),stenon,"Potsdam, Brandenburg, Germany",On-site,Full-time,Firmware,,English,,,Recent,https://de.linkedin.com/jobs/view/embedded-firmware-developer-agri-tech-sensor-systems-m-f-d-at-stenon-4453806871,2026-08-20T10:37:27.845669+00:00
0,Firmware Engineer | Germany,linkedin,Embedded Soft-& Hardware Engineer(m/w/d)*,Scalian Germany AG,"Hamburg, Hamburg, Germany",On-site,Full-time,,,English,,,Recent,https://de.linkedin.com/jobs/view/embedded-soft-hardware-engineer-m-w-d-at-scalian-germany-ag-4451673405,2026-08-20T10:37:27.845783+00:00
0,Firmware Engineer | Germany,linkedin,Firmware Developer (m/w/d),dormakaba,"Bonn, North Rhine-Westphalia, Germany",On-site,Internship,"C, C++, Embedded Linux, Firmware, Jenkins, Rust","Git, Scrum, R, Agile, Linux, Zephyr",German,,,Recent,https://de.linkedin.com/jobs/view/firmware-developer-m-w-d-at-dormakaba-4416301543,2026-08-20T10:37:27.845984+00:00
0,Firmware Engineer | Germany,linkedin,Firmware Engineer PCIe/NVMe Storage Controllers (m/f/d),Swissbit AG,Greater Dresden Area,On-site,Full-time,Firmware,,English,,,Recent,https://de.linkedin.com/jobs/view/firmware-engineer-pcie-nvme-storage-controllers-m-f-d-at-swissbit-ag-4418371018,2026-08-20T10:37:27.846079+00:00
0,Firmware Engineer | Germany,linkedin,Embedded Software Engineer (m/f/d),Alpitronic,"Nuremberg, Bavaria, Germany",On-site,Full-time,,,English,,,Recent,https://de.linkedin.com/jobs/view/embedded-software-engineer-m-f-d-at-alpitronic-4385741400,2026-08-20T10:37:27.846172+00:00
0,Firmware Engineer | Germany,linkedin,Embedded Software Engineer (IoT & Computer Vision) (m/w/d),Vusion,"Ettenheim, Baden-Württemberg, Germany",On-site,Full-time,,Computer Vision,English,,,Recent,https://de.linkedin.com/jobs/view/embedded-software-engineer-iot-computer-vision-m-w-d-at-vusion-4436074468,2026-08-20T10:37:27.846265+00:00
0,Firmware Engineer | Austria,linkedin,Embedded Software Engineer,GATE Space,"Vienna, Vienna, Austria",On-site,Full-time,,,English,,,Recent,https://at.linkedin.com/jobs/view/embedded-software-engineer-at-gate-space-4454451009,2026-08-20T10:37:30.293975+00:00
0,Firmware Engineer | Austria,linkedin,Embedded Firmware Developer (C) - Smart Pocket / Mobile Robotics (M/W/D)*,TGW Logistics,"Wels, Upper Austria, Austria",Remote,Full-time,"C, Firmware",,English,,,Recent,https://at.linkedin.com/jobs/view/embedded-firmware-developer-c-smart-pocket-mobile-robotics-m-w-d-at-tgw-logistics-4416829497,2026-08-20T10:37:30.294096+00:00
0,Firmware Engineer | Austria,linkedin,Embedded Software Engineer,ENPULSION,"Vienna, Vienna, Austria",On-site,Full-time,,,English,,,Recent,https://at.linkedin.com/jobs/view/embedded-software-engineer-at-enpulsion-4432741715,2026-08-20T10:37:30.294198+00:00
0,Firmware Engineer | Austria,linkedin,Embedded Firmware Developer (C) - Smart Pocket / Mobile Robotics (M/F/D)*,TGW Logistics,"Wels, Upper Austria, Austria",Remote,Full-time,"C, Firmware",,English,,,Recent,https://at.linkedin.com/jobs/view/embedded-firmware-developer-c-smart-pocket-mobile-robotics-m-f-d-at-tgw-logistics-4416891469,2026-08-20T10:37:30.294293+00:00
0,Firmware Engineer | Austria,linkedin,Embedded Linux Engineer (m/f/d),MED-EL,"Innsbruck, Tyrol, Austria",On-site,Full-time,Embedded Linux,Linux,English,,,Recent,https://at.linkedin.com/jobs/view/embedded-linux-engineer-m-f-d-at-med-el-4443302841,2026-08-20T10:37:30.294391+00:00
0,Firmware Engineer | Austria,linkedin,Software Engineer (m/w/d) Embedded Linux,BORA,"Tyrol, Austria",On-site,Full-time,Embedded Linux,Linux,English,,,Recent,https://at.linkedin.com/jobs/view/software-engineer-m-w-d-embedded-linux-at-bora-4449745522,2026-08-20T10:37:30.294492+00:00
0,Firmware Engineer | Austria,linkedin,Entwickler Embedded Systems (HW/SW) (m/w/d),Liebherr Aerospace and Transportation,"Korneuburg, Lower Austria, Austria",On-site,Full-time,Embedded Systems,,English,,,Recent,https://at.linkedin.com/jobs/view/entwickler-embedded-systems-hw-sw-m-w-d-at-liebherr-aerospace-and-transportation-4454705793,2026-08-20T10:37:30.294587+00:00
0,Firmware Engineer | Austria,linkedin,Software Engineer (m/w/d) Embedded Connectivity,BORA,"Tyrol, Austria",On-site,Full-time,,,English,,,Recent,https://at.linkedin.com/jobs/view/software-engineer-m-w-d-embedded-connectivity-at-bora-4449752170,2026-08-20T10:37:30.294687+00:00
0,Firmware Engineer | Austria,linkedin,Software Engineer Embedded,Sprecher Automation,"Linz, Upper Austria, Austria",On-site,Full-time,,,English,,,Recent,https://at.linkedin.com/jobs/view/software-engineer-embedded-at-sprecher-automation-4443164959,2026-08-20T10:37:30.294895+00:00
0,Firmware Engineer | Switzerland,linkedin,Embedded Software / Firmware Engineer (m/w/d),Cobble - Van de Wiele Limited,"Wetzikon, Zurich, Switzerland",On-site,Full-time,Firmware,,English,,,Recent,https://ch.linkedin.com/jobs/view/embedded-software-firmware-engineer-m-w-d-at-cobble-van-de-wiele-limited-4442680057,2026-08-20T10:37:32.771595+00:00
0,Firmware Engineer | Switzerland,linkedin,Embedded SW Developer,Hyperscale Power,"Zurich, Zurich, Switzerland",On-site,Full-time,,,English,,,Recent,https://ch.linkedin.com/jobs/view/embedded-sw-developer-at-hyperscale-power-4452238577,2026-08-20T10:37:32.771731+00:00
0,Firmware Engineer | Switzerland,linkedin,Embedded Systems Engineer (Firmware & Electronics),Master in Integrated Building Systems ETH Zürich,Zürich Metropolitan Area,On-site,Full-time,"Embedded Systems, Firmware",,English,,,Recent,https://ch.linkedin.com/jobs/view/embedded-systems-engineer-firmware-electronics-at-master-in-integrated-building-systems-eth-z%C3%BCrich-4452351991,2026-08-20T10:37:32.771832+00:00
0,Firmware Engineer | Switzerland,linkedin,Embedded Software Engineer (m/w/d) 80-100%,Novasina AG,"Lachen, Schwyz, Switzerland",Remote,Full-time,,,English,,,Recent,https://ch.linkedin.com/jobs/view/embedded-software-engineer-m-w-d-80-100%25-at-novasina-ag-4451220461,2026-08-20T10:37:32.771937+00:00
0,Firmware Engineer | Switzerland,linkedin,Embedded Software Engineer – C/C++,yellowshark® AG,"Lachen, Schwyz, Switzerland",On-site,Full-time,"C, C++",,English,,,Recent,https://ch.linkedin.com/jobs/view/embedded-software-engineer-%E2%80%93-c-c%2B%2B-at-yellowshark%C2%AE-ag-4451218442,2026-08-20T10:37:32.772037+00:00
0,Firmware Engineer | Switzerland,linkedin,Embedded Software Development Engineer,Hydromea,"Lausanne, Vaud, Switzerland",On-site,Full-time,,,English,,,Recent,https://ch.linkedin.com/jobs/view/embedded-software-development-engineer-at-hydromea-4448463124,2026-08-20T10:37:32.772141+00:00
0,Firmware Engineer | Switzerland,linkedin,Embedded Software Engineer,"Mettler-Toledo International, Inc","Greifensee, Zurich, Switzerland",On-site,Internship,,,English,,,Recent,https://ch.linkedin.com/jobs/view/embedded-software-engineer-at-mettler-toledo-international-inc-4447135200,2026-08-20T10:37:32.772234+00:00
0,Firmware Engineer | Switzerland,linkedin,Embedded Software Engineer - SoM,Harmattan AI,"Lausanne, Vaud, Switzerland",On-site,Full-time,,,English,,,Recent,https://ch.linkedin.com/jobs/view/embedded-software-engineer-som-at-harmattan-ai-4455947448,2026-08-20T10:37:32.772332+00:00
0,Firmware Engineer | Switzerland,linkedin,Embedded Systems / FPGA Development Engineer,imperix,"Sion, Valais, Switzerland",On-site,Full-time,Embedded Systems,Fpga,English,,,Recent,https://ch.linkedin.com/jobs/view/embedded-systems-fpga-development-engineer-at-imperix-4455584766,2026-08-20T10:37:32.772427+00:00
0,Firmware Engineer | Switzerland,linkedin,Embedded Software Engineer (m/w/d),Rocken®,"Wetzikon, Zurich, Switzerland",On-site,Full-time,,,English,,,Recent,https://ch.linkedin.com/jobs/view/embedded-software-engineer-m-w-d-at-rocken%C2%AE-4455444273,2026-08-20T10:37:32.772521+00:00
0,Firmware Engineer | Slovakia,linkedin,"ROS 2 Robotics Engineer (full time, remote, hybrid)",Invelogy s.r.o.,"Kosice, Slovakia",Remote,Full-time,,R,English,,,Recent,https://sk.linkedin.com/jobs/view/ros-2-robotics-engineer-full-time-remote-hybrid-at-invelogy-s-r-o-4451710820,2026-08-20T10:37:37.501631+00:00
0,Firmware Engineer | Slovakia,linkedin,Production Sofware Engineer for for MinebeaMitsumi development centre Košice (m/f/d),MinebeaMitsumi Europe,"Košice, Kosice, Slovakia",Remote,Contract,C,"Github, C#, R",English,,,Recent,https://sk.linkedin.com/jobs/view/production-sofware-engineer-for-for-minebeamitsumi-development-centre-ko%C5%A1ice-m-f-d-at-minebeamitsumi-europe-4456456117,2026-08-20T10:37:37.501856+00:00
0,Firmware Engineer | Czech Republic,linkedin,高低速接口工程师7998,UNISOC,"アト・マジョール州, Hato Mayor, Dominican Republic",On-site,Full-time,"I2C, Spi, Uart",Linux,English,,,Recent,https://do.linkedin.com/jobs/view/%E9%AB%98%E4%BD%8E%E9%80%9F%E6%8E%A5%E5%8F%A3%E5%B7%A5%E7%A8%8B%E5%B8%887998-at-unisoc-4444590139,2026-08-20T10:37:39.807261+00:00
0,Firmware Engineer | Czech Republic,linkedin,车载camera工程师7996,UNISOC,"アト・マジョール州, Hato Mayor, Dominican Republic",On-site,Full-time,"C, C++",Linux,English,,,Recent,https://do.linkedin.com/jobs/view/%E8%BD%A6%E8%BD%BDcamera%E5%B7%A5%E7%A8%8B%E5%B8%887996-at-unisoc-4444589232,2026-08-20T10:37:39.807367+00:00
0,Firmware Engineer | Czech Republic,linkedin,Software Engineer C# (m/f/d),Bruker,Dominican Republic,On-site,Full-time,C,C#,English,,,Recent,https://do.linkedin.com/jobs/view/software-engineer-c%23-m-f-d-at-bruker-4440525432,2026-08-20T10:37:39.807667+00:00
0,Firmware Engineer | Czech Republic,linkedin,软件系统工程师（性能优化方向）7997,UNISOC,"アト・マジョール州, Hato Mayor, Dominican Republic",On-site,Full-time,,,English,,,Recent,https://do.linkedin.com/jobs/view/%E8%BD%AF%E4%BB%B6%E7%B3%BB%E7%BB%9F%E5%B7%A5%E7%A8%8B%E5%B8%88%EF%BC%88%E6%80%A7%E8%83%BD%E4%BC%98%E5%8C%96%E6%96%B9%E5%90%91%EF%BC%897997-at-unisoc-4444592097,2026-08-20T10:37:39.807777+00:00
0,Firmware Engineer | Czech Republic,linkedin,车载系统性能稳定性工程师7995,UNISOC,"アト・マジョール州, Hato Mayor, Dominican Republic",On-site,Full-time,,,English,,,Recent,https://do.linkedin.com/jobs/view/%E8%BD%A6%E8%BD%BD%E7%B3%BB%E7%BB%9F%E6%80%A7%E8%83%BD%E7%A8%B3%E5%AE%9A%E6%80%A7%E5%B7%A5%E7%A8%8B%E5%B8%887995-at-unisoc-4444594043,2026-08-20T10:37:39.807879+00:00
0,Firmware Engineer | Poland,linkedin,Embedded Software Engineer,Adapt-E,"Zabrze, Śląskie, Poland",On-site,Full-time,,,English,,,Recent,https://pl.linkedin.com/jobs/view/embedded-software-engineer-at-adapt-e-4444244854,2026-08-20T10:37:42.229040+00:00
0,Firmware Engineer | Poland,linkedin,Firmware Engineer - hybrid (m/f/d),Honeywell Technologies,Gdansk Metropolitan Area,Hybrid,Full-time,Firmware,,English,,,Recent,https://pl.linkedin.com/jobs/view/firmware-engineer-hybrid-m-f-d-at-honeywell-technologies-4368383686,2026-08-20T10:37:42.229222+00:00
0,Firmware Engineer | Poland,linkedin,Embedded Developer (f/m) (SSC),Phoenix Contact,"Wielkopolskie, Poland",On-site,Full-time,,,English,,,Recent,https://pl.linkedin.com/jobs/view/embedded-developer-f-m-ssc-at-phoenix-contact-4370458374,2026-08-20T10:37:42.229580+00:00
0,Firmware Engineer | Poland,linkedin,Embedded Software Engineer,ASSA ABLOY Group,"Cracow, Małopolskie, Poland",On-site,Full-time,,,English,,,Recent,https://pl.linkedin.com/jobs/view/embedded-software-engineer-at-assa-abloy-group-3759958711,2026-08-20T10:37:42.229783+00:00
0,Firmware Engineer | Poland,linkedin,Embedded Engineer,Hays,Poland,On-site,Full-time,,,English,,,Recent,https://pl.linkedin.com/jobs/view/embedded-engineer-at-hays-4452597375,2026-08-20T10:37:42.229992+00:00
0,Firmware Engineer | Poland,linkedin,System Firmware Engineer (Device),Luxoft Poland,Poland,On-site,Full-time,Firmware,,English,,,Recent,https://pl.linkedin.com/jobs/view/system-firmware-engineer-device-at-luxoft-poland-4444977745,2026-08-20T10:37:42.230194+00:00
0,Firmware Engineer | USA,linkedin,Hardware Firmware Engineer,HP,"Spring, TX",On-site,Full-time,Firmware,,English,,,Recent,https://www.linkedin.com/jobs/view/hardware-firmware-engineer-at-hp-4456393672,2026-08-20T10:37:44.667852+00:00
0,Firmware Engineer | USA,linkedin,Firmware Engineer II,Nice Group,"Kent, WA",On-site,Full-time,Firmware,,English,,,Recent,https://www.linkedin.com/jobs/view/firmware-engineer-ii-at-nice-group-4453520061,2026-08-20T10:37:44.667998+00:00
0,Firmware Engineer | USA,linkedin,Interconnect Firmware Engineer,AMD,"Austin, TX",On-site,Full-time,Firmware,,English,,,Recent,https://www.linkedin.com/jobs/view/interconnect-firmware-engineer-at-amd-4412432292,2026-08-20T10:37:44.668117+00:00
0,Firmware Engineer | USA,linkedin,Firmware Engineer,Chirp,"Lehi, UT",On-site,Full-time,Firmware,,English,,,Recent,https://www.linkedin.com/jobs/view/firmware-engineer-at-chirp-4455435371,2026-08-20T10:37:44.668229+00:00
0,Firmware Engineer | USA,linkedin,"Firmware Engineer, Robotics and Surgery Engineering",Neuralink,"Austin, TX",On-site,Full-time,Firmware,,English,,,Recent,https://www.linkedin.com/jobs/view/firmware-engineer-robotics-and-surgery-engineering-at-neuralink-4416597306,2026-08-20T10:37:44.668340+00:00
0,Firmware Engineer | USA,linkedin,Firmware Engineer,"King Technology, Inc.","Minnetonka, MN",On-site,Full-time,Firmware,,English,,,Recent,https://www.linkedin.com/jobs/view/firmware-engineer-at-king-technology-inc-4442930588,2026-08-20T10:37:44.668459+00:00
0,Firmware Engineer | USA,linkedin,Firmware Engineer,Neurophos,"Austin, TX",Remote,Internship,"Arm, C, C++, Can, Ci/Cd, Cortex-M, Embedded Systems, Firmware, Github Actions, I2C, Integration Testing, Jenkins, Llm, Python, Rtos","Verilog, Docker, Linux, Risc-V, Gitlab, Gitlab Ci, Assembly, Zephyr, Git, Github",English,,,Recent,https://www.linkedin.com/jobs/view/firmware-engineer-at-neurophos-4442907896,2026-08-20T10:37:44.668582+00:00
0,Firmware Engineer | USA,linkedin,Firmware Engineer II,Advanced Energy,"Eden Prairie, MN",On-site,Full-time,Firmware,,English,,,Recent,https://www.linkedin.com/jobs/view/firmware-engineer-ii-at-advanced-energy-4445725955,2026-08-20T10:37:44.668696+00:00
0,Firmware Engineer | USA,linkedin,Embedded Systems Engineer II,BioLite,"Midvale, UT",On-site,Full-time,Embedded Systems,,English,,,Recent,https://www.linkedin.com/jobs/view/embedded-systems-engineer-ii-at-biolite-4447186563,2026-08-20T10:37:44.668828+00:00
0,Firmware Engineer | United Kingdom,linkedin,Firmware Engineer,Humanoid,"London, England, United Kingdom",On-site,Full-time,Firmware,,English,,,Recent,https://uk.linkedin.com/jobs/view/firmware-engineer-at-humanoid-4454451090,2026-08-20T10:37:47.050018+00:00
0,Firmware Engineer | United Kingdom,linkedin,Embedded Software Engineer,OmniBuds,"Cambridge, England, United Kingdom",On-site,Full-time,,,English,,,Recent,https://uk.linkedin.com/jobs/view/embedded-software-engineer-at-omnibuds-4447332571,2026-08-20T10:37:47.050141+00:00
0,Firmware Engineer | United Kingdom,linkedin,Firmware Engineer,Oshen,"Plymouth, England, United Kingdom",On-site,Full-time,Firmware,,English,,,Recent,https://uk.linkedin.com/jobs/view/firmware-engineer-at-oshen-4453076954,2026-08-20T10:37:47.050239+00:00
0,Firmware Engineer | United Kingdom,linkedin,Firmware Developer,TSC Subsea,"Swansea, Wales, United Kingdom",On-site,Full-time,Firmware,,English,,,Recent,https://uk.linkedin.com/jobs/view/firmware-developer-at-tsc-subsea-4454002430,2026-08-20T10:37:47.050337+00:00
0,Firmware Engineer | United Kingdom,linkedin,Embedded Software Engineer,Archangel Autonomy,"Oxford, England, United Kingdom",On-site,Full-time,,,English,,,Recent,https://uk.linkedin.com/jobs/view/embedded-software-engineer-at-archangel-autonomy-4432979500,2026-08-20T10:37:47.050524+00:00
0,Firmware Engineer | United Kingdom,linkedin,Software/Firmware Engineer - Media Handling,NCR Atleos,"Dundee, Scotland, United Kingdom",On-site,Full-time,Firmware,,English,,,Recent,https://uk.linkedin.com/jobs/view/software-firmware-engineer-media-handling-at-ncr-atleos-4436079644,2026-08-20T10:37:47.050617+00:00
0,Firmware Engineer | United Kingdom,linkedin,Embedded Firmware Engineer,HID,"Tongwynlais, Wales, United Kingdom",On-site,Full-time,Firmware,,English,,,Recent,https://uk.linkedin.com/jobs/view/embedded-firmware-engineer-at-hid-4450309090,2026-08-20T10:37:47.050718+00:00
0,Firmware Engineer | United Kingdom,linkedin,Embedded Software Engineer (Firmware),Nusku,"City Of Bristol, England, United Kingdom",On-site,Full-time,Firmware,,English,,,Recent,https://uk.linkedin.com/jobs/view/embedded-software-engineer-firmware-at-nusku-4455705326,2026-08-20T10:37:47.050818+00:00
0,Firmware Engineer | United Kingdom,linkedin,Embedded Software Engineer,Archangel Lightworks,"Oxford, England, United Kingdom",On-site,Full-time,,,English,,,Recent,https://uk.linkedin.com/jobs/view/embedded-software-engineer-at-archangel-lightworks-4433182780,2026-08-20T10:37:47.050910+00:00
