relevance_score,search_criteria,provider,title,company,location,work_location_type,employment_type,matching_skills,missing_skills,detected_languages,matched_roles,salary_hint,posted_at_relative,link,scraped_at
44,Tester | Poland,linkedin,Senior Manual Test Engineer,Intellias,"Cracow, Małopolskie, Poland",On-site,Full-time,,Senior,English,Senior,,Recent,https://pl.linkedin.com/jobs/view/senior-manual-test-engineer-at-intellias-4432548284,2026-07-23T11:53:27.298052+00:00
29,Firmware Engineer | Switzerland,linkedin,"Software Engineer III, Search Serving Infrastructure",Google,"Zurich, Zurich, Switzerland",On-site,Full-time,,,English,,,Recent,https://ch.linkedin.com/jobs/view/software-engineer-iii-search-serving-infrastructure-at-google-4442205944,2026-07-23T11:55:48.221256+00:00
29,Firmware Engineer | Poland,linkedin,"Embedded Software Engineer II, Ring, Ring",Amazon,Gdansk Metropolitan Area,On-site,Full-time,,,English,,,Recent,https://pl.linkedin.com/jobs/view/embedded-software-engineer-ii-ring-ring-at-amazon-4443040904,2026-07-23T11:55:57.666020+00:00
14,Tester | Austria,linkedin,Test Engineer,SCIENTIFIC GAMES,"Vienna, Austria",Remote,Contract,,"Jira, Linux, Kanban, Agile, Expert, Cucumber, Scrum",English,Expert,,Recent,https://at.linkedin.com/jobs/view/test-engineer-at-scientific-games-4439199848,2026-07-23T11:53:15.539201+00:00
14,Tester | Austria,linkedin,Test Engineer,personico GmbH,Greater Graz,On-site,Internship,,R,German,Test Manager,,Recent,https://at.linkedin.com/jobs/view/test-engineer-at-personico-gmbh-4439796334,2026-07-23T11:53:15.539832+00:00
14,Tester | Austria,linkedin,Game Tester (m/f/d),MERKUR GROUP,"Vienna, Vienna, Austria",Hybrid,Full-time,Test Automation,"Jira, Agile, Senior, Junior, Lead, Staff, Scrum",English,"Lead, Senior, Staff",,Recent,https://at.linkedin.com/jobs/view/game-tester-m-f-d-at-merkur-group-4441487367,2026-07-23T11:53:15.539982+00:00
14,Tester | Austria,linkedin,Staff Test Engineer (f/m/d),Renesas Electronics,"Graz, Styria, Austria",Remote,Full-time,"C, C++, Can, Java","Expert, Lead, Staff, Safe, R",English,"Expert, Lead, Staff",,Recent,https://at.linkedin.com/jobs/view/staff-test-engineer-f-m-d-at-renesas-electronics-4425470302,2026-07-23T11:53:15.540164+00:00
14,Tester | Slovakia,linkedin,Senior QA Engineer (Manual Testing focus),Capture Group,"Bratislava, Slovakia",On-site,Full-time,,"Senior, Manual Testing",English,Senior,,Recent,https://sk.linkedin.com/jobs/view/senior-qa-engineer-manual-testing-focus-at-capture-group-4440068034,2026-07-23T11:53:22.556671+00:00
14,Tester | Czech Republic,linkedin,Senior Software Development Engineer in Test (SDET) - Ecommerce - DR (Remote),Truelogic Software,Dominican Republic,Remote,Full-time,,Senior,English,Senior,,Recent,https://do.linkedin.com/jobs/view/senior-software-development-engineer-in-test-sdet-ecommerce-dr-remote-at-truelogic-software-4432273661,2026-07-23T11:53:24.875133+00:00
14,Tester | Czech Republic,linkedin,"Lead Software Engineer in Test (Hybrid, Santo Domingo, DO)",Parking Network B.V.,"Santo Domingo Este, Santo Domingo, Dominican Republic",Hybrid,Full-time,,Lead,English,Lead,,Recent,https://do.linkedin.com/jobs/view/lead-software-engineer-in-test-hybrid-santo-domingo-do-at-parking-network-b-v-4441214045,2026-07-23T11:53:24.875610+00:00
14,Tester | Czech Republic,linkedin,Lead Software Engineer in Test (SDET),Flash,"Santo Domingo, Distrito Nacional, Dominican Republic",On-site,Full-time,,Lead,English,Lead,,Recent,https://do.linkedin.com/jobs/view/lead-software-engineer-in-test-sdet-at-flash-4414922814,2026-07-23T11:53:24.875925+00:00
14,QA Engineer | Germany,linkedin,Senior QA Engineer (m/w/d) Testautomatisierung & Quality Assurance,MACH,Germany,On-site,Full-time,Test Automation,Senior,English,Senior,,Recent,https://de.linkedin.com/jobs/view/senior-qa-engineer-m-w-d-testautomatisierung-quality-assurance-at-mach-4444283862,2026-07-23T11:53:34.584212+00:00
14,QA Engineer | Austria,linkedin,Senior QA Engineer (All Genders),zooplus,"Vienna, Vienna, Austria",On-site,Full-time,,Senior,English,Senior,,Recent,https://at.linkedin.com/jobs/view/senior-qa-engineer-all-genders-at-zooplus-4433953379,2026-07-23T11:53:36.907398+00:00
14,QA Engineer | Remote,linkedin,Staff QA Engineer (w/m/d),JTL-Software-GmbH,Germany,Remote,Full-time,,Staff,English,Staff,,Recent,https://de.linkedin.com/jobs/view/staff-qa-engineer-w-m-d-at-jtl-software-gmbh-4441067708,2026-07-23T11:53:41.643851+00:00
14,QA Engineer | Slovakia,linkedin,Senior Quality Assurance Engineer,UNIQA Group Services,"Nitra Region, Slovakia",On-site,Full-time,,Senior,English,Senior,,Recent,https://sk.linkedin.com/jobs/view/senior-quality-assurance-engineer-at-uniqa-group-services-4431527332,2026-07-23T11:53:43.967475+00:00
14,QA Engineer | Czech Republic,linkedin,"Senior Engineer, Supplier QA",BMA Group Global,"Santo Domingo Este, Santo Domingo, Dominican Republic",On-site,Full-time,,Senior,English,Senior,,Recent,https://do.linkedin.com/jobs/view/senior-engineer-supplier-qa-at-bma-group-global-4437789919,2026-07-23T11:53:46.299389+00:00
14,QA Engineer | Poland,linkedin,1088 | Senior QA Engineer (Manual + Automation),Intetics,Poland,On-site,Full-time,,Senior,English,Senior,,Recent,https://pl.linkedin.com/jobs/view/1088-senior-qa-engineer-manual-%2B-automation-at-intetics-4444411650,2026-07-23T11:53:48.750311+00:00
14,QA Engineer | USA,linkedin,"Senior Engineer, Software QA",Kulicke & Soffa,"Fort Washington, PA",On-site,Full-time,,Senior,English,Senior,,Recent,https://www.linkedin.com/jobs/view/senior-engineer-software-qa-at-kulicke-soffa-4442639323,2026-07-23T11:53:51.204622+00:00
14,QA Engineer | United Kingdom,linkedin,Senior QA Engineer - Pro Design,Canva,"London, England, United Kingdom",On-site,Full-time,,Senior,English,Senior,,Recent,https://uk.linkedin.com/jobs/view/senior-qa-engineer-pro-design-at-canva-4430381969,2026-07-23T11:53:53.539133+00:00
14,QA Engineer | United Kingdom,linkedin,Senior QA Engineer,Nando's UK & IRE,"London Area, United Kingdom",On-site,Full-time,,Senior,English,Senior,,Recent,https://uk.linkedin.com/jobs/view/senior-qa-engineer-at-nando-s-uk-ire-4440429681,2026-07-23T11:53:53.539288+00:00
14,Testingenieur | Germany,linkedin,Senior Test Engineer (m/f/d),Renesas Electronics,"Dresden, Saxony, Germany",On-site,Full-time,,Senior,English,Senior,,Recent,https://de.linkedin.com/jobs/view/%E2%80%AFsenior-test-engineer-m-f-d-at-renesas-electronics-4426829202,2026-07-23T11:54:17.385991+00:00
14,Testingenieur | Slovakia,linkedin,Senior Test Engineer (m/f/d),Brose Group,"Prievidza, Trenciansky, Slovakia",On-site,Full-time,,Senior,English,Senior,,Recent,https://sk.linkedin.com/jobs/view/senior-test-engineer-m-f-d-at-brose-group-4419248716,2026-07-23T11:54:26.789321+00:00
14,Testingenieur | Poland,linkedin,Space Quality Assurance Engineer (ECSS-Q) - Freidrichshafen,Gramian Consulting,Poland,On-site,Contract,,Contractor,English,Contractor,,Recent,https://pl.linkedin.com/jobs/view/space-quality-assurance-engineer-ecss-q-freidrichshafen-at-gramian-consulting-4439372235,2026-07-23T11:54:31.545057+00:00
14,Testingenieur | Poland,linkedin,Tester / Testerka (Senior),Finture,"Warsaw, Mazowieckie, Poland",On-site,Full-time,,Senior,English,Senior,,Recent,https://pl.linkedin.com/jobs/view/tester-testerka-senior-at-finture-4443924630,2026-07-23T11:54:31.545411+00:00
14,Testingenieur | USA,linkedin,Product Testing Engineer,"American Honda Motor Company, Inc.","Raymond, OH",Remote,Contract,C,"Assembly, Safe, Lead",English,Lead,,Recent,https://www.linkedin.com/jobs/view/product-testing-engineer-at-american-honda-motor-company-inc-4439339952,2026-07-23T11:54:34.105407+00:00
14,Testingenieur | USA,linkedin,Product Testing Engineer,Honda South Carolina Manufacturing,"Raymond, OH",Remote,Contract,C,"Assembly, Safe, Lead",English,Lead,,Recent,https://www.linkedin.com/jobs/view/product-testing-engineer-at-honda-south-carolina-manufacturing-4444223985,2026-07-23T11:54:34.106094+00:00
14,Testingenieur | United Kingdom,linkedin,Design Quality Assurance Engineer - 12m Inside IR35 Contractor,Safran Engineering Services,"Pitstone, England, United Kingdom",On-site,Contract,,Contractor,English,Contractor,,Recent,https://uk.linkedin.com/jobs/view/design-quality-assurance-engineer-12m-inside-ir35-contractor-at-safran-engineering-services-4433843629,2026-07-23T11:54:36.492218+00:00
14,Testingenieur | United Kingdom,linkedin,Customer Quality Assurance Engineer - 12m Inside IR35 Contractor,Safran Engineering Services,"Pitstone, England, United Kingdom",On-site,Contract,,Contractor,English,Contractor,,Recent,https://uk.linkedin.com/jobs/view/customer-quality-assurance-engineer-12m-inside-ir35-contractor-at-safran-engineering-services-4440589948,2026-07-23T11:54:36.492566+00:00
14,Test Automation | Austria,linkedin,Senior Quality Assurance Specialist (m/w/d),DO & CO AG,"Vienna, Vienna, Austria",On-site,Full-time,,Senior,English,Senior,,Recent,https://at.linkedin.com/jobs/view/senior-quality-assurance-specialist-m-w-d-at-do-co-ag-4433074415,2026-07-23T11:54:41.223811+00:00
14,Test Automation | Austria,linkedin,"Test Automation Engineer – Senior Consultant (m,w,d)",QESTIT DACH,"Vienna, Austria",On-site,Full-time,Test Automation,"Senior, Consultant",English,"Consultant, Senior",,Recent,https://at.linkedin.com/jobs/view/test-automation-engineer-%E2%80%93-senior-consultant-m-w-d-at-qestit-dach-4437277338,2026-07-23T11:54:41.225041+00:00
14,Test Automation | Austria,linkedin,Management Consultant - Test Automation (m/w/d),QESTIT DACH,"Vienna, Austria",On-site,Full-time,Test Automation,Consultant,English,Consultant,,Recent,https://at.linkedin.com/jobs/view/management-consultant-test-automation-m-w-d-at-qestit-dach-4437270038,2026-07-23T11:54:41.225217+00:00
14,Test Automation | Switzerland,linkedin,Test Manager / QA Lead,KEYTEO,"Geneva, Switzerland",On-site,Full-time,,Lead,English,"Lead, QA Lead, Test Manager",,Recent,https://ch.linkedin.com/jobs/view/test-manager-qa-lead-at-keyteo-4432762384,2026-07-23T11:54:43.575348+00:00
14,Test Automation | Switzerland,linkedin,Senior Selenium Test Lead - Java,HCLTech,"Zurich, Switzerland",On-site,Full-time,"Java, Selenium","Senior, Lead",English,"Lead, Senior",,Recent,https://ch.linkedin.com/jobs/view/senior-selenium-test-lead-java-at-hcltech-4441020016,2026-07-23T11:54:43.575973+00:00
14,Test Automation | Remote,linkedin,Testmanager:in,CPU Softwarehouse AG,Germany,Remote,Full-time,,,English,Test Manager,,Recent,https://de.linkedin.com/jobs/view/testmanager-in-at-cpu-softwarehouse-ag-4437817311,2026-07-23T11:54:45.975469+00:00
14,Test Automation | Remote,linkedin,Senior Compliance & Quality Assurance Consultant - Permanent opportunity,ProPharma,Germany,Remote,Full-time,,"Senior, Consultant",English,"Consultant, Senior",,Recent,https://de.linkedin.com/jobs/view/senior-compliance-quality-assurance-consultant-permanent-opportunity-at-propharma-4432558332,2026-07-23T11:54:45.975624+00:00
14,Test Automation | Slovakia,linkedin,Senior Level Test Lead,Capgemini Engineering,"Kosice, Slovakia",On-site,Full-time,,"Senior, Lead",English,"Lead, Senior",,Recent,https://sk.linkedin.com/jobs/view/senior-level-test-lead-at-capgemini-engineering-4432278003,2026-07-23T11:54:48.339178+00:00
14,Test Automation | Czech Republic,linkedin,Senior SDET -  GovTech Industry,Truelogic Software,Dominican Republic,On-site,Full-time,,Senior,English,Senior,,Recent,https://do.linkedin.com/jobs/view/senior-sdet-govtech-industry-at-truelogic-software-4438505356,2026-07-23T11:54:50.674820+00:00
14,Test Automation | USA,linkedin,QA Manual Senior,Sofka Technologies,"Bridgeport, CT",On-site,Full-time,,Senior,English,Senior,,Recent,https://www.linkedin.com/jobs/view/qa-manual-senior-at-sofka-technologies-4442636509,2026-07-23T11:54:55.630260+00:00
14,Test Automation | USA,linkedin,Senior Test Automation Engineer / SDET (Remote),Cyclops,"Miami, FL",Remote,Full-time,Test Automation,Senior,English,Senior,,Recent,https://www.linkedin.com/jobs/view/senior-test-automation-engineer-sdet-remote-at-cyclops-4438013587,2026-07-23T11:54:55.630725+00:00
14,Test Automation | United Kingdom,linkedin,Senior Test Manager- Financial Services,KPMG UK,"London Area, United Kingdom",On-site,Full-time,,Senior,English,"Senior, Test Manager",,Recent,https://uk.linkedin.com/jobs/view/senior-test-manager-financial-services-at-kpmg-uk-4407206674,2026-07-23T11:54:58.041842+00:00
14,Test Automation | United Kingdom,linkedin,Test Lead,Coforge,"Leeds, England, United Kingdom",On-site,Full-time,,Lead,English,Lead,,Recent,https://uk.linkedin.com/jobs/view/test-lead-at-coforge-4440214838,2026-07-23T11:54:58.042011+00:00
14,Python Developer | Austria,linkedin,Senior Python Engineer - AI Coding Agent Evaluation (Freelance),Mindrift,Austria,On-site,Contract,Python,Senior,English,Senior,,Recent,https://at.linkedin.com/jobs/view/senior-python-engineer-ai-coding-agent-evaluation-freelance-at-mindrift-4443769204,2026-07-23T11:55:02.786969+00:00
14,Python Developer | Slovakia,linkedin,Senior Python Engineer - AI Coding Agent Evaluation (Freelance),Mindrift,Slovakia,On-site,Contract,Python,Senior,English,Senior,,Recent,https://sk.linkedin.com/jobs/view/senior-python-engineer-ai-coding-agent-evaluation-freelance-at-mindrift-4443774121,2026-07-23T11:55:09.876215+00:00
14,Python Developer | Slovakia,linkedin,Senior Python Data Scraping Engineer (Freelance),Mindrift,Slovakia,On-site,Contract,Python,Senior,English,Senior,,Recent,https://sk.linkedin.com/jobs/view/senior-python-data-scraping-engineer-freelance-at-mindrift-4444297578,2026-07-23T11:55:09.876523+00:00
14,Python Developer | Slovakia,linkedin,Senior Python Software Engineer,EPAM Systems,Slovakia,On-site,Full-time,Python,Senior,English,Senior,,Recent,https://sk.linkedin.com/jobs/view/senior-python-software-engineer-at-epam-systems-4288584951,2026-07-23T11:55:09.876675+00:00
14,Python Developer | Czech Republic,linkedin,Staff Backend For Frontend (Node/Nest.js) Engineer,Kake,Dominican Republic,On-site,Full-time,,Staff,English,Staff,,Recent,https://do.linkedin.com/jobs/view/staff-backend-for-frontend-node-nest-js-engineer-at-kake-4431547352,2026-07-23T11:55:12.227028+00:00
14,Python Developer | Czech Republic,linkedin,Senior Backend Engineer - Remote - Latin America,Kake,Dominican Republic,Remote,Full-time,,Senior,English,Senior,,Recent,https://do.linkedin.com/jobs/view/senior-backend-engineer-remote-latin-america-at-kake-4429879347,2026-07-23T11:55:12.227185+00:00
14,Python Developer | Czech Republic,linkedin,Senior Full-Stack Engineer (.NET/Angular) (.NET/Angular) - GovTech / HR Software - DR (Remote),Truelogic Software,Dominican Republic,Remote,Full-time,,"Angular, Senior",English,Senior,,Recent,https://do.linkedin.com/jobs/view/senior-full-stack-engineer-net-angular-net-angular-govtech-hr-software-dr-remote-at-truelogic-software-4441264044,2026-07-23T11:55:12.227341+00:00
14,Python Developer | Czech Republic,linkedin,Senior Backend Software Engineer (.Net),Kake,Dominican Republic,On-site,Full-time,,Senior,English,Senior,,Recent,https://do.linkedin.com/jobs/view/senior-backend-software-engineer-net-at-kake-4435638287,2026-07-23T11:55:12.227493+00:00
14,Python Developer | Poland,linkedin,Senior Python Developer (Capital Markets),Endava,Cracow Metropolitan Area,On-site,Full-time,Python,Senior,English,Senior,,Recent,https://pl.linkedin.com/jobs/view/senior-python-developer-capital-markets-at-endava-4442031110,2026-07-23T11:55:14.600083+00:00
14,Python Developer | USA,linkedin,Senior Software Engineer (Python/TypeScript/Start up) - Up to $260K + equity,Attis,New York City Metropolitan Area,On-site,Full-time,"Python, Typescript",Senior,English,Senior,,Recent,https://www.linkedin.com/jobs/view/senior-software-engineer-python-typescript-start-up-up-to-%24260k-%2B-equity-at-attis-4442592627,2026-07-23T11:55:17.091660+00:00
14,Python Developer | USA,linkedin,Senior Software Engineer (Python),"Kunai, part of the PwC Network","Houston, TX",On-site,Full-time,Python,Senior,English,Senior,,Recent,https://www.linkedin.com/jobs/view/senior-software-engineer-python-at-kunai-part-of-the-pwc-network-4442733075,2026-07-23T11:55:17.091981+00:00
14,Python Test | Germany,linkedin,Senior QA Engineer*,Haeger Consulting GmbH,"Bonn, North Rhine-Westphalia, Germany",On-site,Full-time,,Senior,English,Senior,,Recent,https://de.linkedin.com/jobs/view/senior-qa-engineer-at-haeger-consulting-gmbh-4440914536,2026-07-23T11:55:21.968722+00:00
14,Python Test | Germany,linkedin,Senior Testing- und Validierungsingenieur (m/w/d),Amoria Bond,"Berlin, Germany",On-site,Full-time,,Senior,German,Senior,,Recent,https://de.linkedin.com/jobs/view/senior-testing-und-validierungsingenieur-m-w-d-at-amoria-bond-4441097725,2026-07-23T11:55:21.969044+00:00
14,Python Test | Remote,linkedin,Python QA Lead - Remote,YO IT Consulting,"Berlin, Germany",Remote,Full-time,Python,Lead,English,"Lead, QA Lead",,Recent,https://de.linkedin.com/jobs/view/python-qa-lead-remote-at-yo-it-consulting-4436018587,2026-07-23T11:55:29.056038+00:00
14,Python Test | Poland,linkedin,Test Manager,Ascendion,Poland,On-site,Full-time,,,English,Test Manager,,Recent,https://pl.linkedin.com/jobs/view/test-manager-at-ascendion-4426343572,2026-07-23T11:55:36.096784+00:00
14,Firmware Engineer | Germany,linkedin,Embedded Software Entwickler / Architekt Avioniksysteme (m/w/d),Diehl Aviation,"Überlingen, Baden-Württemberg, Germany",On-site,Full-time,,Architect,English,Architect,,Recent,https://de.linkedin.com/jobs/view/embedded-software-entwickler-architekt-avioniksysteme-m-w-d-at-diehl-aviation-4442022681,2026-07-23T11:55:43.519734+00:00
14,Firmware Engineer | Austria,linkedin,Senior C/C++ Software Engineer (all genders),zerothird,"Vienna, Vienna, Austria",On-site,Full-time,"C, C++",Senior,English,Senior,,Recent,https://at.linkedin.com/jobs/view/senior-c-c%2B%2B-software-engineer-all-genders-at-zerothird-4431931356,2026-07-23T11:55:45.849705+00:00
14,Firmware Engineer | Austria,linkedin,Senior Embedded Software Engineer,MTA GmbH,"Ennsdorf, Lower Austria, Austria",On-site,Full-time,,Senior,English,Senior,,Recent,https://at.linkedin.com/jobs/view/senior-embedded-software-engineer-at-mta-gmbh-4418754332,2026-07-23T11:55:45.850670+00:00
14,Firmware Engineer | Remote,linkedin,Senior Embedded Engineer (m/w/d),QAVION GROUP,Germany,Remote,Full-time,"Arm, C, C++, Can, I2C, Rtos, Spi, Uart","Qnx, Linux, Senior, Freertos, Zephyr, Stm32, R, Fpga",German,Senior,,Recent,https://de.linkedin.com/jobs/view/senior-embedded-engineer-m-w-d-at-qavion-group-4444279302,2026-07-23T11:55:50.583273+00:00
14,Firmware Engineer | Remote,linkedin,Software Engineer (m/w/d),INH innovative health management,Trier Region,Remote,Internship,Ci/Cd,"Agile, Expert, Consultant, R",German,"Consultant, Expert",,Recent,https://de.linkedin.com/jobs/view/software-engineer-m-w-d-at-inh-innovative-health-management-4439029327,2026-07-23T11:55:50.584183+00:00
14,Firmware Engineer | Remote,linkedin,Senior Software Engineer - Java,Doghouse Recruitment,Germany,Remote,Internship,"Java, Test Automation, Typescript","Junit, Postgresql, Senior, Oracle, Mysql, Mongodb, Grpc",English,Senior,,Recent,https://de.linkedin.com/jobs/view/senior-software-engineer-java-at-doghouse-recruitment-4442674602,2026-07-23T11:55:50.584334+00:00
14,Firmware Engineer | Slovakia,linkedin,Java/Kotlin Software Engineer,Innovatrics,"Bratislava, Bratislava, Slovakia",Remote,Contract,"Can, Ci/Cd, Java","Confluence, Gitlab, Azure, Agile, Junior, Gcp, Senior, Spring Boot, Jira, Junit",English,"Lead, Senior",,Recent,https://sk.linkedin.com/jobs/view/java-kotlin-software-engineer-at-innovatrics-4443330169,2026-07-23T11:55:52.945810+00:00
14,Firmware Engineer | Czech Republic,linkedin,Senior Embedded Linux OS Engineer,Nabu Casa,Dominican Republic,On-site,Full-time,Embedded Linux,"Senior, Linux",English,Senior,,Recent,https://do.linkedin.com/jobs/view/senior-embedded-linux-os-engineer-at-nabu-casa-4437792974,2026-07-23T11:55:55.292060+00:00
14,Firmware Engineer | Czech Republic,linkedin,Senior Software Engineer,"Accolade, Inc.",Dominican Republic,On-site,Full-time,,Senior,English,Senior,,Recent,https://do.linkedin.com/jobs/view/senior-software-engineer-at-accolade-inc-4435448184,2026-07-23T11:55:55.292249+00:00
14,Firmware Engineer | Czech Republic,linkedin,Principal Full-Stack Engineer (.NET/Angular) (AI-First Development) - Software,Truelogic Software,Dominican Republic,On-site,Full-time,,"Angular, Principal",English,Principal,,Recent,https://do.linkedin.com/jobs/view/principal-full-stack-engineer-net-angular-ai-first-development-software-at-truelogic-software-4436780994,2026-07-23T11:55:55.293346+00:00
14,Firmware Engineer | Poland,linkedin,Principal Software Engineer,Narvi Payments,"Warsaw, Mazowieckie, Poland",On-site,Full-time,,Principal,English,Principal,,Recent,https://pl.linkedin.com/jobs/view/principal-software-engineer-at-narvi-payments-4442743007,2026-07-23T11:55:57.665845+00:00
14,Firmware Engineer | Poland,linkedin,Senior Java Software Engineer,Forte Group,Poland,On-site,Full-time,Java,Senior,English,Senior,,Recent,https://pl.linkedin.com/jobs/view/senior-java-software-engineer-at-forte-group-4443378527,2026-07-23T11:55:57.666186+00:00
0,Tester | Germany,linkedin,Software Engineer in Test (Berlin),Cresta,"Berlin, Berlin, Germany",On-site,Contract,"Ai Agents, Can, Ci/Cd, Playwright, Typescript","Datadog, Cypress, Grafana, Manual Testing",English,,,Recent,https://de.linkedin.com/jobs/view/software-engineer-in-test-berlin-at-cresta-4343158227,2026-07-23T11:53:13.199290+00:00
0,Tester | Germany,linkedin,Junior QA Tester (f/m/d),Sunday,"Hamburg, Hamburg, Germany",Hybrid,Contract,,"Jira, Confluence, Junior",English,,,Recent,https://de.linkedin.com/jobs/view/junior-qa-tester-f-m-d-at-sunday-4436736639,2026-07-23T11:53:13.199491+00:00
0,Tester | Germany,linkedin,Test Engineer,Imagry | Autonomous Driving,"Herford, North Rhine-Westphalia, Germany",On-site,Full-time,"C, C++","Git, Docker, Graduate, R",English,,,Recent,https://de.linkedin.com/jobs/view/test-engineer-at-imagry-autonomous-driving-4440435425,2026-07-23T11:53:13.199695+00:00
0,Tester | Germany,linkedin,Junior Quality Assurance Tester,Swift Games,"Berlin, Germany",Remote,Full-time,"Can, Cursor","Jira, Swift, Gitlab, Sql, Agile, Junior, Devops",English,,,Recent,https://de.linkedin.com/jobs/view/junior-quality-assurance-tester-at-swift-games-4441044199,2026-07-23T11:53:13.199864+00:00
0,Tester | Germany,linkedin,Software Test Engineer,AGNTX,"Stuttgart, Baden-Württemberg, Germany",Remote,Contract,"C, C++, Hil, Python, Test Automation","Iso 26262, Linux, Git, Agile",English,,,Recent,https://de.linkedin.com/jobs/view/software-test-engineer-at-agntx-4440161299,2026-07-23T11:53:13.200080+00:00
0,Tester | Germany,linkedin,App-Tester  (m/w/d),clickworker,Germany,Remote,Internship,,R,German,,,Recent,https://de.linkedin.com/jobs/view/app-tester-m-w-d-at-clickworker-4430695030,2026-07-23T11:53:13.200258+00:00
0,Tester | Germany,linkedin,Test Engineer,Amoria Bond,"Upper Palatinate, Bavaria, Germany",On-site,Internship,"C, Javascript","Intern, Sql, R",German,,,Recent,https://de.linkedin.com/jobs/view/test-engineer-at-amoria-bond-4414013819,2026-07-23T11:53:13.200436+00:00
0,Tester | Germany,linkedin,Manual Application Tester,ExpressVPN,"Übach-Palenberg, North Rhine-Westphalia, Germany",Remote,Contract,,"Linux, Appium, Entry-Level",English,,,Recent,https://de.linkedin.com/jobs/view/manual-application-tester-at-expressvpn-4436482503,2026-07-23T11:53:13.200597+00:00
0,Tester | Germany,linkedin,Software Tester (all gender),ALTEN Germany,"Kassel, Hesse, Germany",On-site,Full-time,,,English,,,Recent,https://de.linkedin.com/jobs/view/software-tester-all-gender-at-alten-germany-4382035560,2026-07-23T11:53:13.200758+00:00
0,Tester | Germany,linkedin,Softwaretester | Quality Assurance Tester (m/w/d),INIT Group,"Karlsruhe, Baden-Württemberg, Germany",On-site,Full-time,,,English,,,Recent,https://de.linkedin.com/jobs/view/softwaretester-quality-assurance-tester-m-w-d-at-init-group-4434787415,2026-07-23T11:53:13.200919+00:00
0,Tester | Austria,linkedin,Software Test Engineer (f/m/d),SCIENTIFIC GAMES,"Vienna, Austria",Remote,Contract,Jenkins,"Jira, Gitlab, Linux, Kanban, Agile, Docker, Scrum, Openshift",English,,,Recent,https://at.linkedin.com/jobs/view/software-test-engineer-f-m-d-at-scientific-games-4431490456,2026-07-23T11:53:15.538814+00:00
0,Tester | Austria,linkedin,"(Junior) Software Tester
Product Quality Engineer",evon,"Sankt Ruprecht an der Raab, Styria, Austria",Remote,Internship,C,"Sql, C#, Junior, Sql Server, R",German,,,Recent,https://at.linkedin.com/jobs/view/junior-software-tester%0Aproduct-quality-engineer-at-evon-4437022286,2026-07-23T11:53:15.539024+00:00
0,Tester | Austria,linkedin,"(Junior) Software Tester
Product Quality Engineer",SPIE Austria GmbH,"Sankt Ruprecht an der Raab, Styria, Austria",Remote,Internship,C,"Sql, C#, Junior, Sql Server, R",German,,,Recent,https://at.linkedin.com/jobs/view/junior-software-tester%0Aproduct-quality-engineer-at-spie-austria-gmbh-4439083000,2026-07-23T11:53:15.539362+00:00
0,Tester | Austria,linkedin,Test Engineer - Halbleiteranlagen (all genders),IMS Nanofabrication,"Brunn am Gebirge, Lower Austria, Austria",Remote,Internship,"Python, Test Automation",R,German,,,Recent,https://at.linkedin.com/jobs/view/test-engineer-halbleiteranlagen-all-genders-at-ims-nanofabrication-4442716249,2026-07-23T11:53:15.539526+00:00
0,Tester | Austria,linkedin,Software Tester,FB Consulting & Trade GmbH,"Vienna, Austria",Remote,Contract,"Selenium, Test Automation","Jira, Devops, Azure, Kanban, Agile, Scrum, Appium",English,,,Recent,https://at.linkedin.com/jobs/view/software-tester-at-fb-consulting-trade-gmbh-4440672135,2026-07-23T11:53:15.539681+00:00
0,Tester | Austria,linkedin,Software Test Engineer (f/m/x),Anton Paar,"Graz, Styria, Austria",On-site,Internship,"C, Java, Python, Selenium, Test Automation","Junit, Kanban, Agile, C#, Scrum, Testng",English,,,Recent,https://at.linkedin.com/jobs/view/software-test-engineer-f-m-x-at-anton-paar-4434326687,2026-07-23T11:53:15.540328+00:00
0,Tester | Switzerland,linkedin,Test Engineer (AI),Sixsentix,"Zurich, Switzerland",On-site,Full-time,,,English,,,Recent,https://ch.linkedin.com/jobs/view/test-engineer-ai-at-sixsentix-4417933662,2026-07-23T11:53:17.860772+00:00
0,Tester | Switzerland,linkedin,Test engineer,Qim info,"Geneva, Switzerland",On-site,Full-time,,,English,,,Recent,https://ch.linkedin.com/jobs/view/test-engineer-at-qim-info-4432756480,2026-07-23T11:53:17.860956+00:00
0,Tester | Switzerland,linkedin,Quality Assurance Engineer,Summit Recruitment AG,"Zurich, Switzerland",On-site,Full-time,,,English,,,Recent,https://ch.linkedin.com/jobs/view/quality-assurance-engineer-at-summit-recruitment-ag-4433656760,2026-07-23T11:53:17.861146+00:00
0,Tester | Switzerland,linkedin,Freelance Software Tester,Testlio,Switzerland,On-site,Contract,,,English,,,Recent,https://ch.linkedin.com/jobs/view/freelance-software-tester-at-testlio-4436909657,2026-07-23T11:53:17.861311+00:00
0,Tester | Switzerland,linkedin,QA Engineer Ebanking,Talan,"Genève, Geneva, Switzerland",Remote,Internship,C,"Jira, Sql, Agile, R, Postman",English,,,Recent,https://ch.linkedin.com/jobs/view/qa-engineer-ebanking-at-talan-4440580773,2026-07-23T11:53:17.861470+00:00
0,Tester | Switzerland,linkedin,Software Development Engineer in Test (SDET),risktec | transform to avantgarde,"Zurich, Zurich, Switzerland",On-site,Full-time,,,English,,,Recent,https://ch.linkedin.com/jobs/view/software-development-engineer-in-test-sdet-at-risktec-transform-to-avantgarde-4439045296,2026-07-23T11:53:17.861625+00:00
0,Tester | Switzerland,linkedin,Flight Test Engineer,HYTE®,"Zurich, Switzerland",On-site,Full-time,,,English,,,Recent,https://ch.linkedin.com/jobs/view/flight-test-engineer-at-hyte%C2%AE-4442595931,2026-07-23T11:53:17.861785+00:00
0,Tester | Switzerland,linkedin,Software Test Engineer,Nexplore AG,Greater Bern Area,On-site,Full-time,,,English,,,Recent,https://ch.linkedin.com/jobs/view/software-test-engineer-at-nexplore-ag-4438418267,2026-07-23T11:53:17.861944+00:00
0,Tester | Switzerland,linkedin,Test Engineer,Enova,"Geneva, Switzerland",On-site,Full-time,,,English,,,Recent,https://ch.linkedin.com/jobs/view/test-engineer-at-enova-4438232629,2026-07-23T11:53:17.862125+00:00
0,Tester | Switzerland,linkedin,Responsable tests,MGI Consultants,"Geneva, Switzerland",On-site,Full-time,,,English,,,Recent,https://ch.linkedin.com/jobs/view/responsable-tests-at-mgi-consultants-4426225978,2026-07-23T11:53:17.862281+00:00
0,Tester | Remote,linkedin,Quality Assurance Engineer (m/w/d),ISO-Gruppe,Germany,Remote,Full-time,,,English,,,Recent,https://de.linkedin.com/jobs/view/quality-assurance-engineer-m-w-d-at-iso-gruppe-4423000322,2026-07-23T11:53:20.208360+00:00
0,Tester | Remote,linkedin,Softwaretester (m/w/d),deltra Business Software GmbH & Co. KG,Germany,Remote,Full-time,,,English,,,Recent,https://de.linkedin.com/jobs/view/softwaretester-m-w-d-at-deltra-business-software-gmbh-co-kg-4441438784,2026-07-23T11:53:20.208521+00:00
0,Tester | Remote,linkedin,Test Automation Engineer (all gender),ALTEN Germany,"Nuremberg, Bavaria, Germany",Remote,Full-time,Test Automation,,English,,,Recent,https://de.linkedin.com/jobs/view/test-automation-engineer-all-gender-at-alten-germany-4437003906,2026-07-23T11:53:20.208677+00:00
0,Tester | Remote,linkedin,Test Automation Engineer (all gender),ALTEN,"Nuremberg, Bavaria, Germany",Remote,Full-time,Test Automation,,English,,,Recent,https://de.linkedin.com/jobs/view/test-automation-engineer-all-gender-at-alten-4434831326,2026-07-23T11:53:20.208833+00:00
0,Tester | Remote,linkedin,Software Engineer in Test,Dataiku,Berlin Metropolitan Area,Remote,Full-time,,,English,,,Recent,https://de.linkedin.com/jobs/view/software-engineer-in-test-at-dataiku-4426396942,2026-07-23T11:53:20.208990+00:00
0,Tester | Remote,linkedin,Freelance Localization Tester - European Spanish,KAYAK,"Schwangau, Bavaria, Germany",Remote,Contract,,,English,,,Recent,https://de.linkedin.com/jobs/view/freelance-localization-tester-european-spanish-at-kayak-4440017902,2026-07-23T11:53:20.209168+00:00
0,Tester | Remote,linkedin,UI/UX User Interface Designer / User Interface Tester,ReduceCO2Now,Germany,Remote,Full-time,,,English,,,Recent,https://de.linkedin.com/jobs/view/ui-ux-user-interface-designer-user-interface-tester-at-reduceco2now-4444299207,2026-07-23T11:53:20.209324+00:00
0,Tester | Remote,linkedin,AI Chatbot Tester,Alignerr,Germany,Remote,Full-time,,,English,,,Recent,https://de.linkedin.com/jobs/view/ai-chatbot-tester-at-alignerr-4441400783,2026-07-23T11:53:20.209477+00:00
0,Tester | Remote,linkedin,Agile Tester (m/w/d) - Berlin - TEQS Consulting GmbH,TEQS Consulting GmbH,"Berlin, Berlin, Germany",Remote,Full-time,,Agile,English,,,Recent,https://de.linkedin.com/jobs/view/agile-tester-m-w-d-berlin-teqs-consulting-gmbh-at-teqs-consulting-gmbh-4440411407,2026-07-23T11:53:20.209627+00:00
0,Tester | Slovakia,linkedin,Test Engineer,Digitalents Ukraine,"Bratislava, Bratislava, Slovakia",On-site,Full-time,,,English,,,Recent,https://sk.linkedin.com/jobs/view/test-engineer-at-digitalents-ukraine-4439589923,2026-07-23T11:53:22.556869+00:00
0,Tester | Slovakia,linkedin,Test Engineer,EZMID,Bratislava Metropolitan Area,On-site,Full-time,,,English,,,Recent,https://sk.linkedin.com/jobs/view/test-engineer-at-ezmid-4433787518,2026-07-23T11:53:22.557061+00:00
0,Tester | Slovakia,linkedin,Agile Test Engineer (m/f/n),ESET,"Bratislava, Bratislava, Slovakia",On-site,Full-time,,Agile,English,,,Recent,https://sk.linkedin.com/jobs/view/agile-test-engineer-m-f-n-at-eset-4405185637,2026-07-23T11:53:22.557229+00:00
0,Tester | Slovakia,linkedin,Agile Test Engineer (m/f/n),ESET,"Košice, Kosice, Slovakia",On-site,Full-time,,Agile,English,,,Recent,https://sk.linkedin.com/jobs/view/agile-test-engineer-m-f-n-at-eset-4405175696,2026-07-23T11:53:22.557391+00:00
0,Tester | Slovakia,linkedin,Integration Tester,Avenga,"Bratislava, Bratislava, Slovakia",On-site,Full-time,,,English,,,Recent,https://sk.linkedin.com/jobs/view/integration-tester-at-avenga-4331424497,2026-07-23T11:53:22.557558+00:00
0,Tester | Slovakia,linkedin,Test Engineer,Vertiv,"Nové Mesto nad Váhom, Trenciansky, Slovakia",On-site,Full-time,,,English,,,Recent,https://sk.linkedin.com/jobs/view/test-engineer-at-vertiv-4430484432,2026-07-23T11:53:22.557717+00:00
0,Tester | Slovakia,linkedin,BackEnd Test Automation Engineer,Digitalents Ukraine,"Bratislava, Bratislava, Slovakia",On-site,Full-time,Test Automation,,English,,,Recent,https://sk.linkedin.com/jobs/view/backend-test-automation-engineer-at-digitalents-ukraine-4439701644,2026-07-23T11:53:22.557875+00:00
0,Tester | Slovakia,linkedin,Software QA Specialist,Descartes Systems Group,"Žilina, Zilina, Slovakia",On-site,Full-time,,,English,,,Recent,https://sk.linkedin.com/jobs/view/software-qa-specialist-at-descartes-systems-group-4382115365,2026-07-23T11:53:22.558054+00:00
0,Tester | Slovakia,linkedin,Test Engineer,onsemi,"Piešťany, Trnava Region, Slovakia",On-site,Full-time,,,English,,,Recent,https://sk.linkedin.com/jobs/view/test-engineer-at-onsemi-4433166650,2026-07-23T11:53:22.558222+00:00
0,Tester | Czech Republic,linkedin,QA Application Tester,"Syndeo, LLC","Distrito Nacional, Dominican Republic",On-site,Full-time,,,English,,,Recent,https://do.linkedin.com/jobs/view/qa-application-tester-at-syndeo-llc-4444222668,2026-07-23T11:53:24.874579+00:00
0,Tester | Czech Republic,linkedin,SMT PCBA Test Engineer (Expatriate in USA) - USIF38366,Compal,"アト・マジョール州, Hato Mayor, Dominican Republic",On-site,Full-time,,,English,,,Recent,https://do.linkedin.com/jobs/view/smt-pcba-test-engineer-expatriate-in-usa-usif38366-at-compal-4437375577,2026-07-23T11:53:24.874770+00:00
0,Tester | Czech Republic,linkedin,Software Development Engineer in Test,Origami Risk,"Santo Domingo, Distrito Nacional, Dominican Republic",On-site,Full-time,,,English,,,Recent,https://do.linkedin.com/jobs/view/software-development-engineer-in-test-at-origami-risk-4390621348,2026-07-23T11:53:24.874942+00:00
0,Tester | Czech Republic,linkedin,Quality Automation Engineer,Flash,"Santo Domingo, Distrito Nacional, Dominican Republic",On-site,Full-time,,,English,,,Recent,https://do.linkedin.com/jobs/view/quality-automation-engineer-at-flash-4415552554,2026-07-23T11:53:24.875290+00:00
0,Tester | Czech Republic,linkedin,Tecnico Electronico,Eaton,"Bajos de Haina, San Cristóbal, Dominican Republic",On-site,Full-time,,,English,,,Recent,https://do.linkedin.com/jobs/view/tecnico-electronico-at-eaton-4417943824,2026-07-23T11:53:24.875447+00:00
0,Tester | Czech Republic,linkedin,"Quality Automation Engineer (Santo Domingo, DO)",Parking Network B.V.,"Santo Domingo, Distrito Nacional, Dominican Republic",On-site,Full-time,,,English,,,Recent,https://do.linkedin.com/jobs/view/quality-automation-engineer-santo-domingo-do-at-parking-network-b-v-4442742342,2026-07-23T11:53:24.875770+00:00
0,Tester | Czech Republic,linkedin,Quality Inspector I-1,Integer Holdings Corporation,"Santo Domingo, Distrito Nacional, Dominican Republic",On-site,Full-time,,,English,,,Recent,https://do.linkedin.com/jobs/view/quality-inspector-i-1-at-integer-holdings-corporation-4443587238,2026-07-23T11:53:24.876111+00:00
0,Tester | Poland,linkedin,Video Game QA Tester,Soulbound,Poland,On-site,Full-time,,,English,,,Recent,https://pl.linkedin.com/jobs/view/video-game-qa-tester-at-soulbound-4442408542,2026-07-23T11:53:27.297049+00:00
0,Tester | Poland,linkedin,Junior Manual Tester,Motorola Solutions,"Cracow, Małopolskie, Poland",On-site,Full-time,,Junior,English,,,Recent,https://pl.linkedin.com/jobs/view/junior-manual-tester-at-motorola-solutions-4435122301,2026-07-23T11:53:27.297237+00:00
0,Tester | Poland,linkedin,Junior Tester (QA) at Exerizon | Full Remote | B2B,Exerizon,"Warsaw, Mazowieckie, Poland",Remote,Full-time,,Junior,English,,,Recent,https://pl.linkedin.com/jobs/view/junior-tester-qa-at-exerizon-full-remote-b2b-at-exerizon-4436580332,2026-07-23T11:53:27.297411+00:00
0,Tester | Poland,linkedin,Tester manualny (100% zdalnie),SEDIVIO,"Warsaw, Mazowieckie, Poland",Remote,Full-time,,,English,,,Recent,https://pl.linkedin.com/jobs/view/tester-manualny-100%25-zdalnie-at-sedivio-4438315136,2026-07-23T11:53:27.297567+00:00
0,Tester | Poland,linkedin,Software Test Engineer,Aras Corporation,Poland,On-site,Full-time,,,English,,,Recent,https://pl.linkedin.com/jobs/view/software-test-engineer-at-aras-corporation-4438205140,2026-07-23T11:53:27.297721+00:00
0,Tester | Poland,linkedin,Test Engineer,ThoughtLabs Belgium,Warsaw Metropolitan Area,On-site,Full-time,,,English,,,Recent,https://pl.linkedin.com/jobs/view/test-engineer-at-thoughtlabs-belgium-4438323719,2026-07-23T11:53:27.297876+00:00
0,Tester | Poland,linkedin,LQA Game Tester with Arabic (On-site),Testronic,"Warsaw, Mazowieckie, Poland",On-site,Full-time,,,English,,,Recent,https://pl.linkedin.com/jobs/view/lqa-game-tester-with-arabic-on-site-at-testronic-4443797431,2026-07-23T11:53:27.298220+00:00
0,Tester | Poland,linkedin,Tester/Testerka,IT-Dev sp. z o.o.,"Wrocław, Dolnośląskie, Poland",On-site,Full-time,,,English,,,Recent,https://pl.linkedin.com/jobs/view/tester-testerka-at-it-dev-sp-z-o-o-4432569141,2026-07-23T11:53:27.298372+00:00
0,Tester | Poland,linkedin,Quality Assurance Tester,Wipro,Warsaw Metropolitan Area,On-site,Full-time,,,English,,,Recent,https://pl.linkedin.com/jobs/view/quality-assurance-tester-at-wipro-4433962097,2026-07-23T11:53:27.298533+00:00
0,Tester | USA,linkedin,Game Tester | $20/hr Remote,Crossing Hurdles,United States,Remote,Full-time,,,English,,,Recent,https://www.linkedin.com/jobs/view/game-tester-%2420-hr-remote-at-crossing-hurdles-4443830128,2026-07-23T11:53:29.781184+00:00
0,Tester | USA,linkedin,Video Game Tester (On-Site),Testronic,"Kenner, LA",On-site,Full-time,,,English,,,Recent,https://www.linkedin.com/jobs/view/video-game-tester-on-site-at-testronic-4432371702,2026-07-23T11:53:29.781375+00:00
0,Tester | USA,linkedin,Manual QA Tester,Golden Technology,"Raleigh, NC",On-site,Full-time,,,English,,,Recent,https://www.linkedin.com/jobs/view/manual-qa-tester-at-golden-technology-4443161802,2026-07-23T11:53:29.781535+00:00
0,Tester | USA,linkedin,Frontend Tester,Yearnings Inc,United States,On-site,Full-time,,,English,,,Recent,https://www.linkedin.com/jobs/view/frontend-tester-at-yearnings-inc-4437864437,2026-07-23T11:53:29.781691+00:00
0,Tester | USA,linkedin,Functional QE Analyst / Manual Tester,Qualitest,"Chicago, IL",On-site,Full-time,,,English,,,Recent,https://www.linkedin.com/jobs/view/functional-qe-analyst-manual-tester-at-qualitest-4432319053,2026-07-23T11:53:29.781848+00:00
0,Tester | USA,linkedin,Software Engineer - Test (Entry-Junior),Revel,Los Angeles Metropolitan Area,On-site,Full-time,,Junior,English,,,Recent,https://www.linkedin.com/jobs/view/software-engineer-test-entry-junior-at-revel-4439528525,2026-07-23T11:53:29.782017+00:00
0,Tester | USA,linkedin,TESTER (QA – QUALITY ASSURANCE),Beam Wallet,"Indiana, United States",On-site,Full-time,,,English,,,Recent,https://www.linkedin.com/jobs/view/tester-qa-%E2%80%93-quality-assurance-at-beam-wallet-4443701013,2026-07-23T11:53:29.782179+00:00
0,Tester | USA,linkedin,Quality Assurance Tester,Beacon Healthcare Systems,United States,On-site,Full-time,,,English,,,Recent,https://www.linkedin.com/jobs/view/quality-assurance-tester-at-beacon-healthcare-systems-4437052702,2026-07-23T11:53:29.782339+00:00
0,Tester | USA,linkedin,Software Engineer - Test (Entry-Junior),Revel,"Los Angeles, CA",On-site,Full-time,,Junior,English,,,Recent,https://www.linkedin.com/jobs/view/software-engineer-test-entry-junior-at-revel-4439500631,2026-07-23T11:53:29.782498+00:00
0,Tester | USA,linkedin,Software Engineer - Test (Entry-Junior),Revel,"San Francisco, CA",On-site,Full-time,,Junior,English,,,Recent,https://www.linkedin.com/jobs/view/software-engineer-test-entry-junior-at-revel-4439503680,2026-07-23T11:53:29.782647+00:00
0,Tester | United Kingdom,linkedin,Game Tester,GSA Techsource,"West Midlands, England, United Kingdom",On-site,Full-time,,,English,,,Recent,https://uk.linkedin.com/jobs/view/game-tester-at-gsa-techsource-4432332979,2026-07-23T11:53:32.206749+00:00
0,Tester | United Kingdom,linkedin,Game Tester | $20/hr Remote,Crossing Hurdles,United Kingdom,Remote,Full-time,,,English,,,Recent,https://uk.linkedin.com/jobs/view/game-tester-%2420-hr-remote-at-crossing-hurdles-4443836116,2026-07-23T11:53:32.206935+00:00
0,Tester | United Kingdom,linkedin,Manual Tester,Scrumconnect Consulting,"Swansea, Wales, United Kingdom",On-site,Full-time,,,English,,,Recent,https://uk.linkedin.com/jobs/view/manual-tester-at-scrumconnect-consulting-4432771739,2026-07-23T11:53:32.207133+00:00
0,Tester | United Kingdom,linkedin,Functional Tester,Coforge,"London Area, United Kingdom",On-site,Full-time,,,English,,,Recent,https://uk.linkedin.com/jobs/view/functional-tester-at-coforge-4437552926,2026-07-23T11:53:32.207299+00:00
0,Tester | United Kingdom,linkedin,Software Tester,Mitsubishi Electric – UK,"Hatfield, England, United Kingdom",On-site,Full-time,,,English,,,Recent,https://uk.linkedin.com/jobs/view/software-tester-at-mitsubishi-electric-%E2%80%93-uk-4440537308,2026-07-23T11:53:32.207453+00:00
0,Tester | United Kingdom,linkedin,Test Engineer / QA,CloudMargin,"London Area, United Kingdom",On-site,Full-time,,,English,,,Recent,https://uk.linkedin.com/jobs/view/test-engineer-qa-at-cloudmargin-4444411630,2026-07-23T11:53:32.207619+00:00
0,Tester | United Kingdom,linkedin,Software Test Engineer,Leo Technology,"London Area, United Kingdom",On-site,Full-time,,,English,,,Recent,https://uk.linkedin.com/jobs/view/software-test-engineer-at-leo-technology-4440513909,2026-07-23T11:53:32.207776+00:00
0,Tester | United Kingdom,linkedin,LQA Game Tester with Arabic (On-site),Testronic,"London, England, United Kingdom",On-site,Full-time,,,English,,,Recent,https://uk.linkedin.com/jobs/view/lqa-game-tester-with-arabic-on-site-at-testronic-4437793380,2026-07-23T11:53:32.207935+00:00
0,Tester | United Kingdom,linkedin,Junior Software Tester,Dedalus,"Leeds, England, United Kingdom",On-site,Full-time,,Junior,English,,,Recent,https://uk.linkedin.com/jobs/view/junior-software-tester-at-dedalus-4434130697,2026-07-23T11:53:32.208117+00:00
0,Tester | United Kingdom,linkedin,Quality Assurance Tester,Pulse Group,"London Area, United Kingdom",On-site,Full-time,,,English,,,Recent,https://uk.linkedin.com/jobs/view/quality-assurance-tester-at-pulse-group-4437259326,2026-07-23T11:53:32.208269+00:00
0,QA Engineer | Germany,linkedin,QA Engineer,Nortal,Germany,On-site,Full-time,,,English,,,Recent,https://de.linkedin.com/jobs/view/qa-engineer-at-nortal-4442632847,2026-07-23T11:53:34.582839+00:00
0,QA Engineer | Germany,linkedin,QA Engineer (m/f/d),EPM Scientific,"North Rhine-Westphalia, Germany",On-site,Full-time,,,English,,,Recent,https://de.linkedin.com/jobs/view/qa-engineer-m-f-d-at-epm-scientific-4429874314,2026-07-23T11:53:34.583057+00:00
0,QA Engineer | Germany,linkedin,Quality Assurance Engineer,Noir,"Rosenheim, Bavaria, Germany",On-site,Full-time,,,English,,,Recent,https://de.linkedin.com/jobs/view/quality-assurance-engineer-at-noir-4443399861,2026-07-23T11:53:34.583226+00:00
0,QA Engineer | Germany,linkedin,QA Engineer (m/f/d),"Halian | Managed Services, Recruitment Agency & Contract Staffing","Berlin, Berlin, Germany",On-site,Contract,,,English,,,Recent,https://de.linkedin.com/jobs/view/qa-engineer-m-f-d-at-halian-managed-services-recruitment-agency-contract-staffing-4440220385,2026-07-23T11:53:34.583386+00:00
0,QA Engineer | Germany,linkedin,Quality Assurance Engineer (m/w/d),STAR Specialists,"Dresden, Saxony, Germany",On-site,Full-time,,,English,,,Recent,https://de.linkedin.com/jobs/view/quality-assurance-engineer-m-w-d-at-star-specialists-4440114671,2026-07-23T11:53:34.583551+00:00
0,QA Engineer | Germany,linkedin,Quality Assurance Engineer (m/w/d),STAR Specialists,Greater Munich Metropolitan Area,On-site,Full-time,,,English,,,Recent,https://de.linkedin.com/jobs/view/quality-assurance-engineer-m-w-d-at-star-specialists-4440126231,2026-07-23T11:53:34.583711+00:00
0,QA Engineer | Germany,linkedin,Test Automation Engineer,Haystack,"Mannheim, Baden-Württemberg, Germany",On-site,Full-time,Test Automation,,English,,,Recent,https://de.linkedin.com/jobs/view/test-automation-engineer-at-haystack-4442614153,2026-07-23T11:53:34.583869+00:00
0,QA Engineer | Germany,linkedin,Mechanical QA/QC Engineer,Weltec Engineering,"Dresden, Saxony, Germany",On-site,Full-time,,,English,,,Recent,https://de.linkedin.com/jobs/view/mechanical-qa-qc-engineer-at-weltec-engineering-4444411885,2026-07-23T11:53:34.584378+00:00
0,QA Engineer | Austria,linkedin,QA Engineer (m/w/d),Axess,"Anif, Salzburg, Austria",On-site,Full-time,,,English,,,Recent,https://at.linkedin.com/jobs/view/qa-engineer-m-w-d-at-axess-4439980548,2026-07-23T11:53:36.906090+00:00
0,QA Engineer | Austria,linkedin,Test Engineer (all genders),Lam Research,"Villach, Carinthia, Austria",On-site,Full-time,,,English,,,Recent,https://at.linkedin.com/jobs/view/test-engineer-all-genders-at-lam-research-4439988881,2026-07-23T11:53:36.906743+00:00
0,QA Engineer | Austria,linkedin,Test Engineer (all genders),Lam Research,"Villach, Carinthia, Austria",On-site,Full-time,,,English,,,Recent,https://at.linkedin.com/jobs/view/test-engineer-all-genders-at-lam-research-4428714676,2026-07-23T11:53:36.906899+00:00
0,QA Engineer | Austria,linkedin,Testing Engineer (all genders),NEVEON,"Linz, Upper Austria, Austria",On-site,Full-time,,,English,,,Recent,https://at.linkedin.com/jobs/view/testing-engineer-all-genders-at-neveon-4442638766,2026-07-23T11:53:36.907080+00:00
0,QA Engineer | Austria,linkedin,Test Engineer (all genders),Lam Research,"Villach, Carinthia, Austria",On-site,Full-time,,,English,,,Recent,https://at.linkedin.com/jobs/view/test-engineer-all-genders-at-lam-research-4419148898,2026-07-23T11:53:36.907242+00:00
0,QA Engineer | Austria,linkedin,Test Engineer,ENPULSION,"Vienna, Vienna, Austria",On-site,Full-time,,,English,,,Recent,https://at.linkedin.com/jobs/view/test-engineer-at-enpulsion-4440148776,2026-07-23T11:53:36.907548+00:00
0,QA Engineer | Switzerland,linkedin,Ingénieur tests/Ingénieure tests,API SA,"Lausanne, Vaud, Switzerland",On-site,Full-time,,,English,,,Recent,https://ch.linkedin.com/jobs/view/ing%C3%A9nieur-tests-ing%C3%A9nieure-tests-at-api-sa-4443364648,2026-07-23T11:53:39.244801+00:00
0,QA Engineer | Switzerland,linkedin,Verification & Testing Engineer,ANYbotics,"Zurich, Zurich, Switzerland",On-site,Full-time,,,English,,,Recent,https://ch.linkedin.com/jobs/view/verification-testing-engineer-at-anybotics-4443525412,2026-07-23T11:53:39.245159+00:00
0,QA Engineer | Switzerland,linkedin,QA Automation Engineer(Fully Remote),Zytech Digital Solutions,"Fully, Valais, Switzerland",Remote,Full-time,,,English,,,Recent,https://ch.linkedin.com/jobs/view/qa-automation-engineer-fully-remote-at-zytech-digital-solutions-4437098681,2026-07-23T11:53:39.245314+00:00
0,QA Engineer | Switzerland,linkedin,"QA Automation Engineer (SDET, Playwright & API)",Jobgether,Switzerland,On-site,Full-time,Playwright,,English,,,Recent,https://ch.linkedin.com/jobs/view/qa-automation-engineer-sdet-playwright-api-at-jobgether-4441132609,2026-07-23T11:53:39.245468+00:00
0,QA Engineer | Switzerland,linkedin,Test Engineer for unit testing HS/SW,Flexsis,"Risch, Zug, Switzerland",On-site,Full-time,Unit Testing,,English,,,Recent,https://ch.linkedin.com/jobs/view/test-engineer-for-unit-testing-hs-sw-at-flexsis-4441524105,2026-07-23T11:53:39.245624+00:00
0,QA Engineer | Switzerland,linkedin,QA qualification engineer,agap2 Switzerland,"Basel, Basel, Switzerland",On-site,Full-time,,,English,,,Recent,https://ch.linkedin.com/jobs/view/qa-qualification-engineer-at-agap2-switzerland-4440417466,2026-07-23T11:53:39.245782+00:00
0,QA Engineer | Remote,linkedin,QA Engineer,"Miaplaza, Inc.","Berlin, Berlin, Germany",Remote,Full-time,,,English,,,Recent,https://de.linkedin.com/jobs/view/qa-engineer-at-miaplaza-inc-4443988980,2026-07-23T11:53:41.643214+00:00
0,QA Engineer | Remote,linkedin,"Backend QA Engineer, Berlin",Air Apps,Berlin Metropolitan Area,Remote,Full-time,,,English,,,Recent,https://de.linkedin.com/jobs/view/backend-qa-engineer-berlin-at-air-apps-4443383779,2026-07-23T11:53:41.643372+00:00
0,QA Engineer | Remote,linkedin,Space Quality Assurance Engineer (ECSS-Q) - Freidrichshafen,Gramian Consulting,Germany,Remote,Full-time,,,English,,,Recent,https://de.linkedin.com/jobs/view/space-quality-assurance-engineer-ecss-q-freidrichshafen-at-gramian-consulting-4439368406,2026-07-23T11:53:41.643529+00:00
0,QA Engineer | Remote,linkedin,"QA Automation Engineer (SDET, Playwright & API)",Jobgether,Germany,Remote,Full-time,Playwright,,English,,,Recent,https://de.linkedin.com/jobs/view/qa-automation-engineer-sdet-playwright-api-at-jobgether-4441142189,2026-07-23T11:53:41.643695+00:00
0,QA Engineer | Remote,linkedin,Quality Assurance Engineer (f/m/d) German speaker,Adaptavist,Germany,Remote,Full-time,,,English,,,Recent,https://de.linkedin.com/jobs/view/quality-assurance-engineer-f-m-d-german-speaker-at-adaptavist-4441050282,2026-07-23T11:53:41.644193+00:00
0,QA Engineer | Remote,linkedin,Backend QA Engineer,Air Apps,"Munich, Bavaria, Germany",Remote,Full-time,,,English,,,Recent,https://de.linkedin.com/jobs/view/backend-qa-engineer-at-air-apps-4443380759,2026-07-23T11:53:41.644349+00:00
0,QA Engineer | Slovakia,linkedin,QA Engineer - Manual,OAK'S LAB,Slovakia,On-site,Full-time,,,English,,,Recent,https://sk.linkedin.com/jobs/view/qa-engineer-manual-at-oak-s-lab-4438567122,2026-07-23T11:53:43.965972+00:00
0,QA Engineer | Slovakia,linkedin,Quality Assurance Engineer,Swiss Re,"Bratislava, Bratislava, Slovakia",On-site,Full-time,,,English,,,Recent,https://sk.linkedin.com/jobs/view/quality-assurance-engineer-at-swiss-re-4442045150,2026-07-23T11:53:43.966182+00:00
0,QA Engineer | Slovakia,linkedin,QA Engineer (43097),CoolPeople Technology,"Bratislava, Bratislava, Slovakia",On-site,Full-time,,,English,,,Recent,https://sk.linkedin.com/jobs/view/qa-engineer-43097-at-coolpeople-technology-4437815093,2026-07-23T11:53:43.967162+00:00
0,QA Engineer | Slovakia,linkedin,Test and software engineer,ZF Group,"Horná Streda, Trenciansky, Slovakia",On-site,Full-time,,,English,,,Recent,https://sk.linkedin.com/jobs/view/test-and-software-engineer-at-zf-group-4440458579,2026-07-23T11:53:43.967318+00:00
0,QA Engineer | Czech Republic,linkedin,Quality Assurance Engineer - Trabajo Remoto,BairesDev,"Santo Domingo, Distrito Nacional, Dominican Republic",On-site,Full-time,,,English,,,Recent,https://do.linkedin.com/jobs/view/quality-assurance-engineer-trabajo-remoto-at-bairesdev-4442224546,2026-07-23T11:53:46.299015+00:00
0,QA Engineer | Czech Republic,linkedin,Quality Assurance Engineer/Manager(Expatriate in USA) - USIF38320,Compal,"アト・マジョール州, Hato Mayor, Dominican Republic",On-site,Full-time,,,English,,,Recent,https://do.linkedin.com/jobs/view/quality-assurance-engineer-manager-expatriate-in-usa-usif38320-at-compal-4437384156,2026-07-23T11:53:46.299214+00:00
0,QA Engineer | Czech Republic,linkedin,INGENIERO QA QIK,Banco Popular Dominicano,"Santo Domingo, Distrito Nacional, Dominican Republic",On-site,Full-time,,,English,,,Recent,https://do.linkedin.com/jobs/view/ingeniero-qa-qik-at-banco-popular-dominicano-4433287700,2026-07-23T11:53:46.299556+00:00
0,QA Engineer | Czech Republic,linkedin,AI QA Engineer (Agentic Testing),Applaudo,Dominican Republic,On-site,Full-time,,,English,,,Recent,https://do.linkedin.com/jobs/view/ai-qa-engineer-agentic-testing-at-applaudo-4440855596,2026-07-23T11:53:46.300079+00:00
0,QA Engineer | Czech Republic,linkedin,QA Mobile Automation Engineer,Applaudo,Dominican Republic,Remote,Full-time,,,English,,,Recent,https://do.linkedin.com/jobs/view/qa-mobile-automation-engineer-at-applaudo-4440064887,2026-07-23T11:53:46.300238+00:00
0,QA Engineer | Czech Republic,linkedin,QA Mobile Automation Engineer,Applaudo,"Santiago, Dominican Republic",Remote,Full-time,,,English,,,Recent,https://do.linkedin.com/jobs/view/qa-mobile-automation-engineer-at-applaudo-4440074564,2026-07-23T11:53:46.300468+00:00
0,QA Engineer | Czech Republic,linkedin,校招-GNSS测试工程师,GEESPACE,"アト・マジョール州, Hato Mayor, Dominican Republic",On-site,Full-time,,,English,,,Recent,https://do.linkedin.com/jobs/view/%E6%A0%A1%E6%8B%9B-gnss%E6%B5%8B%E8%AF%95%E5%B7%A5%E7%A8%8B%E5%B8%88-at-geespace-4438413597,2026-07-23T11:53:46.300633+00:00
0,QA Engineer | Poland,linkedin,Quality Assurance Engineer,Start.io,"Mazowieckie, Poland",On-site,Full-time,,,English,,,Recent,https://pl.linkedin.com/jobs/view/quality-assurance-engineer-at-start-io-4440132789,2026-07-23T11:53:48.749149+00:00
0,QA Engineer | Poland,linkedin,QA Engineer -  K/M,Astek,"Warsaw, Mazowieckie, Poland",On-site,Full-time,,,English,,,Recent,https://pl.linkedin.com/jobs/view/qa-engineer-k-m-at-astek-4440154673,2026-07-23T11:53:48.749339+00:00
0,QA Engineer | Poland,linkedin,Full-Stack QA Engineer,CXM,Poland,On-site,Full-time,,,English,,,Recent,https://pl.linkedin.com/jobs/view/full-stack-qa-engineer-at-cxm-4443364489,2026-07-23T11:53:48.749501+00:00
0,QA Engineer | Poland,linkedin,Quality Assurance Automation Engineer,LanceSoft Europe,Poland,On-site,Full-time,,,English,,,Recent,https://pl.linkedin.com/jobs/view/quality-assurance-automation-engineer-at-lancesoft-europe-4442616646,2026-07-23T11:53:48.749658+00:00
0,QA Engineer | Poland,linkedin,QA Automation Engineer,Cleeng,"Poznań, Wielkopolskie, Poland",On-site,Full-time,,,English,,,Recent,https://pl.linkedin.com/jobs/view/qa-automation-engineer-at-cleeng-4439716978,2026-07-23T11:53:48.749815+00:00
0,QA Engineer | Poland,linkedin,QA Engineer (m/f/d),Tradevest,"Warsaw, Mazowieckie, Poland",On-site,Full-time,,,English,,,Recent,https://pl.linkedin.com/jobs/view/qa-engineer-m-f-d-at-tradevest-4440443417,2026-07-23T11:53:48.749972+00:00
0,QA Engineer | Poland,linkedin,Quality Assurance Automation Engineer,LanceSoft Europe,Poland,On-site,Full-time,,,English,,,Recent,https://pl.linkedin.com/jobs/view/quality-assurance-automation-engineer-at-lancesoft-europe-4442606847,2026-07-23T11:53:48.750151+00:00
0,QA Engineer | Poland,linkedin,Manual QA Engineer,Insly,"Wrocław, Dolnośląskie, Poland",On-site,Full-time,Can,"Jira, Manual Testing",English,,,Recent,https://pl.linkedin.com/jobs/view/manual-qa-engineer-at-insly-4436372241,2026-07-23T11:53:48.750462+00:00
0,QA Engineer | Poland,linkedin,QA Engineer,Smile,Poland,On-site,Full-time,,,English,,,Recent,https://pl.linkedin.com/jobs/view/qa-engineer-at-smile-4429845874,2026-07-23T11:53:48.750617+00:00
0,QA Engineer | USA,linkedin,Quality Assurance Engineer,Enexus Global Inc.,"Raleigh, NC",On-site,Full-time,,,English,,,Recent,https://www.linkedin.com/jobs/view/quality-assurance-engineer-at-enexus-global-inc-4442215929,2026-07-23T11:53:51.204282+00:00
0,QA Engineer | USA,linkedin,Manual QA Engineer,Betr,United States,On-site,Full-time,,,English,,,Recent,https://www.linkedin.com/jobs/view/manual-qa-engineer-at-betr-4440826927,2026-07-23T11:53:51.204464+00:00
0,QA Engineer | USA,linkedin,QA/ QMS Engineer,Varun Group of Companies,"Lakes of the Four Seasons, IN",On-site,Full-time,,,English,,,Recent,https://www.linkedin.com/jobs/view/qa-qms-engineer-at-varun-group-of-companies-4440441798,2026-07-23T11:53:51.204786+00:00
0,QA Engineer | USA,linkedin,Manual QA,Matlen Silver,"Colorado, United States",On-site,Full-time,,,English,,,Recent,https://www.linkedin.com/jobs/view/manual-qa-at-matlen-silver-4440156477,2026-07-23T11:53:51.204938+00:00
0,QA Engineer | USA,linkedin,QA Engineer,Litify,"New York, NY",On-site,Full-time,,,English,,,Recent,https://www.linkedin.com/jobs/view/qa-engineer-at-litify-4439349630,2026-07-23T11:53:51.205115+00:00
0,QA Engineer | USA,linkedin,QA Engineer,Haystack,"San Diego, CA",On-site,Full-time,,,English,,,Recent,https://www.linkedin.com/jobs/view/qa-engineer-at-haystack-4440425563,2026-07-23T11:53:51.205275+00:00
0,QA Engineer | USA,linkedin,Software QA Engineer I,isolved,United States,On-site,Full-time,,,English,,,Recent,https://www.linkedin.com/jobs/view/software-qa-engineer-i-at-isolved-4443992028,2026-07-23T11:53:51.205430+00:00
0,QA Engineer | USA,linkedin,QA Engineer | $34/hr Remote,Crossing Hurdles,United States,Remote,Full-time,,,English,,,Recent,https://www.linkedin.com/jobs/view/qa-engineer-%2434-hr-remote-at-crossing-hurdles-4439990197,2026-07-23T11:53:51.205579+00:00
0,QA Engineer | USA,linkedin,QA Engineer I,EBizCharge,"Irvine, CA",On-site,Full-time,,,English,,,Recent,https://www.linkedin.com/jobs/view/qa-engineer-i-at-ebizcharge-4442687314,2026-07-23T11:53:51.205733+00:00
0,QA Engineer | United Kingdom,linkedin,Quality Assurance Engineer,Practicus,"Oxfordshire, England, United Kingdom",On-site,Full-time,,,English,,,Recent,https://uk.linkedin.com/jobs/view/quality-assurance-engineer-at-practicus-4440136023,2026-07-23T11:53:53.537814+00:00
0,QA Engineer | United Kingdom,linkedin,Quality Assurance Tester,Innova Solutions,"Bradford, England, United Kingdom",On-site,Full-time,,,English,,,Recent,https://uk.linkedin.com/jobs/view/quality-assurance-tester-at-innova-solutions-4440168693,2026-07-23T11:53:53.538013+00:00
0,QA Engineer | United Kingdom,linkedin,QA Engineer,Trust In SODA,"Great Work, England, United Kingdom",On-site,Full-time,,,English,,,Recent,https://uk.linkedin.com/jobs/view/qa-engineer-at-trust-in-soda-4442758210,2026-07-23T11:53:53.538187+00:00
0,QA Engineer | United Kingdom,linkedin,"Test Engineer (QA QC, Agile)",Speranza International,"Test Valley, England, United Kingdom",On-site,Internship,,Agile,English,,,Recent,https://uk.linkedin.com/jobs/view/test-engineer-qa-qc-agile-at-speranza-international-4443324699,2026-07-23T11:53:53.538341+00:00
0,QA Engineer | United Kingdom,linkedin,Quality Assurance Automation Engineer,Oliver Bernard,"London Area, United Kingdom",On-site,Full-time,,,English,,,Recent,https://uk.linkedin.com/jobs/view/quality-assurance-automation-engineer-at-oliver-bernard-4440159281,2026-07-23T11:53:53.538497+00:00
0,QA Engineer | United Kingdom,linkedin,QA Engineer,Spait Infotech,United Kingdom,On-site,Full-time,,,English,,,Recent,https://uk.linkedin.com/jobs/view/qa-engineer-at-spait-infotech-4442603877,2026-07-23T11:53:53.538648+00:00
0,QA Engineer | United Kingdom,linkedin,Test Engineer/QA,Zunzun Solutions,"England, United Kingdom",On-site,Full-time,,,English,,,Recent,https://uk.linkedin.com/jobs/view/test-engineer-qa-at-zunzun-solutions-4442118929,2026-07-23T11:53:53.538800+00:00
0,QA Engineer | United Kingdom,linkedin,Automation Test Engineer,Venn Group,"Manchester Area, United Kingdom",On-site,Full-time,,,English,,,Recent,https://uk.linkedin.com/jobs/view/automation-test-engineer-at-venn-group-4439250340,2026-07-23T11:53:53.538954+00:00
0,Test Engineer | Germany,linkedin,Quality Assurance Engineer,PSD Group,"Dortmund, North Rhine-Westphalia, Germany",On-site,Full-time,,,English,,,Recent,https://de.linkedin.com/jobs/view/quality-assurance-engineer-at-psd-group-4436737475,2026-07-23T11:53:55.953828+00:00
0,Test Engineer | Germany,linkedin,Supplier Quality Engineer,NES Fircroft,"Erlangen, Bavaria, Germany",On-site,Full-time,,,English,,,Recent,https://de.linkedin.com/jobs/view/supplier-quality-engineer-at-nes-fircroft-4442755179,2026-07-23T11:53:55.953989+00:00
0,Test Engineer | Germany,linkedin,Software Tester / Testautomatisierer (m/w/d) in Frankfurt (Main),Deloitte,"Frankfurt, Hesse, Germany",On-site,Full-time,,,English,,,Recent,https://de.linkedin.com/jobs/view/software-tester-testautomatisierer-m-w-d-in-frankfurt-main-at-deloitte-4248340673,2026-07-23T11:53:55.954491+00:00
0,Test Engineer | Germany,linkedin,Software Engineer,Walaris,"Nuremberg, Bavaria, Germany",On-site,Full-time,,,English,,,Recent,https://de.linkedin.com/jobs/view/software-engineer-at-walaris-4441002040,2026-07-23T11:53:55.954648+00:00
0,Test Engineer | Germany,linkedin,Frontend Software Quality Assurance (QA) Engineer (m/w/d),DWPT Deutsche Wertpapiertreuhand GmbH,Greater Nuremberg Metropolitan Area,On-site,Full-time,,,English,,,Recent,https://de.linkedin.com/jobs/view/frontend-software-quality-assurance-qa-engineer-m-w-d-at-dwpt-deutsche-wertpapiertreuhand-gmbh-4442574909,2026-07-23T11:53:55.954797+00:00
0,Test Engineer | Germany,linkedin,Automation Test Engineer (w/m/d),Coforge,"Frankfurt, Hesse, Germany",On-site,Full-time,,,English,,,Recent,https://de.linkedin.com/jobs/view/automation-test-engineer-w-m-d-at-coforge-4435459726,2026-07-23T11:53:55.954952+00:00
0,Test Engineer | Austria,linkedin,"WebApp-Development (Linz, AT)",Develite GmbH & Co. KG,"Linz, Upper Austria, Austria",On-site,Full-time,,,English,,,Recent,https://at.linkedin.com/jobs/view/webapp-development-linz-at-at-develite-gmbh-co-kg-4443306896,2026-07-23T11:53:58.284906+00:00
0,Test Engineer | Austria,linkedin,Software Engineer,Jobgether,Austria,On-site,Full-time,,,English,,,Recent,https://at.linkedin.com/jobs/view/software-engineer-at-jobgether-4442031217,2026-07-23T11:53:58.285752+00:00
0,Test Engineer | Switzerland,linkedin,Software Engineer,TalSource,Switzerland,On-site,Full-time,,,English,,,Recent,https://ch.linkedin.com/jobs/view/software-engineer-at-talsource-4442747825,2026-07-23T11:54:00.639694+00:00
0,Test Engineer | Remote,linkedin,Software Engineer,Jobgether,Germany,Remote,Full-time,,,English,,,Recent,https://de.linkedin.com/jobs/view/software-engineer-at-jobgether-4442020758,2026-07-23T11:54:02.997219+00:00
0,Test Engineer | Remote,linkedin,Software Quality Assurance Engineer *(m/w/d),TECCON Consulting and Engineering GmbH,"Dresden, Saxony, Germany",Remote,Full-time,,,English,,,Recent,https://de.linkedin.com/jobs/view/software-quality-assurance-engineer-m-w-d-at-teccon-consulting-and-engineering-gmbh-4442799062,2026-07-23T11:54:02.997522+00:00
0,Test Engineer | Remote,linkedin,Software Engineer - (Connect Platform),Jobgether,Germany,Remote,Full-time,,,English,,,Recent,https://de.linkedin.com/jobs/view/software-engineer-connect-platform-at-jobgether-4442298869,2026-07-23T11:54:02.997673+00:00
0,Test Engineer | Slovakia,linkedin,Quality Engineer,Confidential Jobs,"Trnava Region, Slovakia",On-site,Full-time,,,English,,,Recent,https://sk.linkedin.com/jobs/view/quality-engineer-at-confidential-jobs-4443336589,2026-07-23T11:54:05.338792+00:00
0,Test Engineer | Slovakia,linkedin,Junior Java SW Engineer,localhost.company,"Košice, Kosice, Slovakia",On-site,Full-time,Java,Junior,English,,,Recent,https://sk.linkedin.com/jobs/view/junior-java-sw-engineer-at-localhost-company-4440134970,2026-07-23T11:54:05.338947+00:00
0,Test Engineer | Czech Republic,linkedin,Desarrollador(a) QA,DEVOCHO,"Santiago de los Caballeros, Santiago, Dominican Republic",On-site,Full-time,,,English,,,Recent,https://do.linkedin.com/jobs/view/desarrollador-a-qa-at-devocho-4443339212,2026-07-23T11:54:07.714951+00:00
0,Test Engineer | Czech Republic,linkedin,Junior Developer,Entrepreneur Cooperative,Dominican Republic,On-site,Full-time,,Junior,English,,,Recent,https://do.linkedin.com/jobs/view/junior-developer-at-entrepreneur-cooperative-4437875038,2026-07-23T11:54:07.715321+00:00
0,Test Engineer | Czech Republic,linkedin,Ingeniero React - Trabajo Remoto,BairesDev,"Santo Domingo, Dominican Republic",On-site,Full-time,,React,English,,,Recent,https://do.linkedin.com/jobs/view/ingeniero-react-trabajo-remoto-at-bairesdev-4442099804,2026-07-23T11:54:07.715636+00:00
0,Test Engineer | Czech Republic,linkedin,Ingeniero de Datos (Junior) - Trabajo Remoto,BairesDev,"Santo Domingo, Dominican Republic",On-site,Full-time,,Junior,English,,,Recent,https://do.linkedin.com/jobs/view/ingeniero-de-datos-junior-trabajo-remoto-at-bairesdev-4442202231,2026-07-23T11:54:07.716296+00:00
0,Test Engineer | Czech Republic,linkedin,Quality Engineer - I (Operations),B. Braun Medical Inc. (US),"Santo Domingo, Distrito Nacional, Dominican Republic",On-site,Full-time,,,English,,,Recent,https://do.linkedin.com/jobs/view/quality-engineer-i-operations-at-b-braun-medical-inc-us-4412971855,2026-07-23T11:54:07.716452+00:00
0,Test Engineer | Poland,linkedin,Software Test Engineer,Ubique Systems,"Cracow, Małopolskie, Poland",On-site,Full-time,,,English,,,Recent,https://pl.linkedin.com/jobs/view/software-test-engineer-at-ubique-systems-4440450368,2026-07-23T11:54:10.100756+00:00
0,Test Engineer | Poland,linkedin,Software Engineer in Test,Infoplus Technologies UK Limited,Warsaw Metropolitan Area,On-site,Full-time,,,English,,,Recent,https://pl.linkedin.com/jobs/view/software-engineer-in-test-at-infoplus-technologies-uk-limited-4440520870,2026-07-23T11:54:10.101109+00:00
0,Test Engineer | Poland,linkedin,Software Engineer in Test,MPower Plus,"Cracow, Małopolskie, Poland",On-site,Full-time,,,English,,,Recent,https://pl.linkedin.com/jobs/view/software-engineer-in-test-at-mpower-plus-4437806442,2026-07-23T11:54:10.101264+00:00
0,Test Engineer | Poland,linkedin,SDET / Test Automation Engineer,Codex Software,"Warsaw, Mazowieckie, Poland",On-site,Full-time,Test Automation,,English,,,Recent,https://pl.linkedin.com/jobs/view/sdet-test-automation-engineer-at-codex-software-4441092905,2026-07-23T11:54:10.101734+00:00
0,Test Engineer | USA,linkedin,Junior Fronted Developer,moreliquid,"San Francisco, CA",On-site,Full-time,,Junior,English,,,Recent,https://www.linkedin.com/jobs/view/junior-fronted-developer-at-moreliquid-4442401843,2026-07-23T11:54:12.612228+00:00
0,Test Engineer | USA,linkedin,Software Quality Assurance Tester,SynapOne,"Glen Allen, VA",On-site,Full-time,,,English,,,Recent,https://www.linkedin.com/jobs/view/software-quality-assurance-tester-at-synapone-4443536623,2026-07-23T11:54:12.612385+00:00
0,Test Engineer | USA,linkedin,QA engineer,Urbane Systems,"New York, United States",On-site,Full-time,,,English,,,Recent,https://www.linkedin.com/jobs/view/qa-engineer-at-urbane-systems-4443543208,2026-07-23T11:54:12.612542+00:00
0,Test Engineer | USA,linkedin,Tester Quality Assurance Engineering,Jobgether,United States,On-site,Full-time,,,English,,,Recent,https://www.linkedin.com/jobs/view/tester-quality-assurance-engineering-at-jobgether-4442286684,2026-07-23T11:54:12.612693+00:00
0,Test Engineer | USA,linkedin,Software Quality Engineer,Cumulus,"Boston, MA",On-site,Full-time,,,English,,,Recent,https://www.linkedin.com/jobs/view/software-quality-engineer-at-cumulus-4442053936,2026-07-23T11:54:12.612840+00:00
0,Test Engineer | USA,linkedin,Manual Tester,Asvatthah,"Indiana, United States",On-site,Full-time,,,English,,,Recent,https://www.linkedin.com/jobs/view/manual-tester-at-asvatthah-4434026740,2026-07-23T11:54:12.612994+00:00
0,Test Engineer | USA,linkedin,Aero Mechanical Engineer - Analysis and Testing,Knightwerx,"Scottsdale, AZ",On-site,Full-time,,,English,,,Recent,https://www.linkedin.com/jobs/view/aero-mechanical-engineer-analysis-and-testing-at-knightwerx-4442076664,2026-07-23T11:54:12.613176+00:00
0,Test Engineer | USA,linkedin,Quality Assurance Engineer,"ISCHEBECK USA, INC.","Summerdale, AL",On-site,Full-time,,,English,,,Recent,https://www.linkedin.com/jobs/view/quality-assurance-engineer-at-ischebeck-usa-inc-4442737117,2026-07-23T11:54:12.613502+00:00
0,Test Engineer | United Kingdom,linkedin,Quality Engineer (SDET),StarCompliance,United Kingdom,On-site,Full-time,,,English,,,Recent,https://uk.linkedin.com/jobs/view/quality-engineer-sdet-at-starcompliance-4444422196,2026-07-23T11:54:14.996300+00:00
0,Test Engineer | United Kingdom,linkedin,Platform Quality Engineer (SDET),StarCompliance,United Kingdom,On-site,Full-time,,,English,,,Recent,https://uk.linkedin.com/jobs/view/platform-quality-engineer-sdet-at-starcompliance-4444421286,2026-07-23T11:54:14.996623+00:00
0,Test Engineer | United Kingdom,linkedin,Quality Assurance Engineer,act digital,"London Area, United Kingdom",On-site,Full-time,,,English,,,Recent,https://uk.linkedin.com/jobs/view/quality-assurance-engineer-at-act-digital-4433247591,2026-07-23T11:54:14.997574+00:00
0,Testingenieur | Germany,linkedin,CQV & CSV Engineering Opportunities – Germany,KPC International,"Frankfurt, Hesse, Germany",On-site,Internship,,,English,,,Recent,https://de.linkedin.com/jobs/view/cqv-csv-engineering-opportunities-%E2%80%93-germany-at-kpc-international-4225886744,2026-07-23T11:54:17.386197+00:00
0,Testingenieur | Germany,linkedin,Testingenieur (m/w/d),SANMINA-SCI TECHNOLOGY INDIA PRIVATE LIMITED,"Gunzenhausen, Bavaria, Germany",On-site,Full-time,,,English,,,Recent,https://de.linkedin.com/jobs/view/testingenieur-m-w-d-at-sanmina-sci-technology-india-private-limited-4441099046,2026-07-23T11:54:17.386368+00:00
0,Testingenieur | Germany,linkedin,Software-Testautomatisierer/in (m/w/d),SimplyTest,"Nuremberg, Bavaria, Germany",On-site,Full-time,,,English,,,Recent,https://de.linkedin.com/jobs/view/software-testautomatisierer-in-m-w-d-at-simplytest-4440166153,2026-07-23T11:54:17.386525+00:00
0,Testingenieur | Germany,linkedin,Test and Quality Engineer,JDA Systems,"Emden, Lower Saxony, Germany",On-site,Full-time,,,English,,,Recent,https://de.linkedin.com/jobs/view/test-and-quality-engineer-at-jda-systems-4438619970,2026-07-23T11:54:17.386832+00:00
0,Testingenieur | Germany,linkedin,Testingenieur / Verification Engineer (m/w/d) Medizintechnik,Exco GmbH,"Frankenthal, Rhineland-Palatinate, Germany",On-site,Full-time,,,English,,,Recent,https://de.linkedin.com/jobs/view/testingenieur-verification-engineer-m-w-d-medizintechnik-at-exco-gmbh-4431033389,2026-07-23T11:54:17.386981+00:00
0,Testingenieur | Germany,linkedin,Testautomatisierer (m/w/d),CPU Softwarehouse AG,"Munich, Bavaria, Germany",On-site,Full-time,,,English,,,Recent,https://de.linkedin.com/jobs/view/testautomatisierer-m-w-d-at-cpu-softwarehouse-ag-4440170820,2026-07-23T11:54:17.387161+00:00
0,Testingenieur | Germany,linkedin,Testingenieur Analog-Testing (all gender),ALTEN Germany,"Stuttgart, Baden-Württemberg, Germany",On-site,Full-time,,,English,,,Recent,https://de.linkedin.com/jobs/view/testingenieur-analog-testing-all-gender-at-alten-germany-4441037920,2026-07-23T11:54:17.387321+00:00
0,Testingenieur | Austria,linkedin,MedTech Test & Verification Engineer (m/w/d),Combyn Health Care GmbH,Greater Graz,On-site,Full-time,,,English,,,Recent,https://at.linkedin.com/jobs/view/medtech-test-verification-engineer-m-w-d-at-combyn-health-care-gmbh-4434197486,2026-07-23T11:54:19.721194+00:00
0,Testingenieur | Switzerland,linkedin,Product Test Engineer (m/w/d) - 886949/1,Hays,"Hinwil, Zurich, Switzerland",On-site,Full-time,,,English,,,Recent,https://ch.linkedin.com/jobs/view/product-test-engineer-m-w-d-886949-1-at-hays-4443777402,2026-07-23T11:54:22.073099+00:00
0,Testingenieur | Switzerland,linkedin,Test-Ingenieur:in 60 - 100%,Fincons Group,"Bern, Berne, Switzerland",Remote,Full-time,,,English,,,Recent,https://ch.linkedin.com/jobs/view/test-ingenieur-in-60-100%25-at-fincons-group-4436337267,2026-07-23T11:54:22.073268+00:00
0,Testingenieur | Switzerland,linkedin,Junior Product Test Engineer (m/w/d) - 886932/1,Hays,"Hinwil, Zurich, Switzerland",On-site,Full-time,,Junior,English,,,Recent,https://ch.linkedin.com/jobs/view/junior-product-test-engineer-m-w-d-886932-1-at-hays-4443778356,2026-07-23T11:54:22.073435+00:00
0,Testingenieur | Switzerland,linkedin,Ingénieur tests/Ingénieure tests,CLEEVEN,"Vaud, Switzerland",On-site,Full-time,,,English,,,Recent,https://ch.linkedin.com/jobs/view/ing%C3%A9nieur-tests-ing%C3%A9nieure-tests-at-cleeven-4440573682,2026-07-23T11:54:22.073598+00:00
0,Testingenieur | Switzerland,linkedin,Testingenieur*in / Testtechniker*in (m/w/d),Wagner Spraytech Scandinavia A/S,"Altstätten, St Gallen, Switzerland",On-site,Full-time,,,English,,,Recent,https://ch.linkedin.com/jobs/view/testingenieur-in-testtechniker-in-m-w-d-at-wagner-spraytech-scandinavia-a-s-4436626387,2026-07-23T11:54:22.073764+00:00
0,Testingenieur | Switzerland,linkedin,Metallic Test & Surface Treatment Engineer,AYES - Management & Technology Consulting,Lucerne Metropolitan Area,On-site,Full-time,,,English,,,Recent,https://ch.linkedin.com/jobs/view/metallic-test-surface-treatment-engineer-at-ayes-management-technology-consulting-4434482710,2026-07-23T11:54:22.074109+00:00
0,Testingenieur | Switzerland,linkedin,PLC Software Engineer (w/m/d),Acutronic Group,"Bubikon, Zurich, Switzerland",On-site,Full-time,,,English,,,Recent,https://ch.linkedin.com/jobs/view/plc-software-engineer-w-m-d-at-acutronic-group-4432762837,2026-07-23T11:54:22.074272+00:00
0,Testingenieur | Switzerland,linkedin,Internship Application Engineering,Optotune,"Dietikon / Im Berg, Zurich, Switzerland",On-site,Internship,,Internship,English,,,Recent,https://ch.linkedin.com/jobs/view/internship-application-engineering-at-optotune-4439615304,2026-07-23T11:54:22.074424+00:00
0,Testingenieur | Remote,linkedin,Teamcenter Developers,Snowrelic Inc,Germany,Remote,Full-time,,,English,,,Recent,https://de.linkedin.com/jobs/view/teamcenter-developers-at-snowrelic-inc-4437847752,2026-07-23T11:54:24.418310+00:00
0,Testingenieur | Remote,linkedin,Quality Assurance Engineer (m/w/d) - remote DE,PROLOGA GmbH,Germany,Remote,Full-time,,,English,,,Recent,https://de.linkedin.com/jobs/view/quality-assurance-engineer-m-w-d-remote-de-at-prologa-gmbh-4433134187,2026-07-23T11:54:24.418629+00:00
0,Testingenieur | Remote,linkedin,Test Engineer (m/w/d) - Görlitz - TEQS Consulting GmbH,TEQS Consulting GmbH,"Görlitz, Saxony, Germany",Remote,Full-time,,,English,,,Recent,https://de.linkedin.com/jobs/view/test-engineer-m-w-d-g%C3%B6rlitz-teqs-consulting-gmbh-at-teqs-consulting-gmbh-4440403634,2026-07-23T11:54:24.418945+00:00
0,Testingenieur | Remote,linkedin,Bachelorand:in/Masterand:in (m/w/d),ososoft GmbH,"Würzburg, Bavaria, Germany",Remote,Full-time,,,English,,,Recent,https://de.linkedin.com/jobs/view/bachelorand-in-masterand-in-m-w-d-at-ososoft-gmbh-4441045141,2026-07-23T11:54:24.419135+00:00
0,Testingenieur | Slovakia,linkedin,"Vytvořili milovaný Samorost a Machinarium, teď překvapili ještě větší originalitou. Videohrou z papíru",Mitteo,"Michal na Ostrove, Trnava Region, Slovakia",On-site,Full-time,,,English,,,Recent,https://sk.linkedin.com/jobs/view/vytvo%C5%99ili-milovan%C3%BD-samorost-a-machinarium-te%C4%8F-p%C5%99ekvapili-je%C5%A1t%C4%9B-v%C4%9Bt%C5%A1%C3%AD-originalitou-videohrou-z-pap%C3%ADru-at-mitteo-4441080054,2026-07-23T11:54:26.788632+00:00
0,Testingenieur | Czech Republic,linkedin,分析测试工程师,Yanyi New Materials,"アト・マジョール州, Hato Mayor, Dominican Republic",On-site,Full-time,,,English,,,Recent,https://do.linkedin.com/jobs/view/%E5%88%86%E6%9E%90%E6%B5%8B%E8%AF%95%E5%B7%A5%E7%A8%8B%E5%B8%88-at-yanyi-new-materials-4440159674,2026-07-23T11:54:29.129666+00:00
0,Testingenieur | Czech Republic,linkedin,Líder de Proyectos Desarrollo de Sistemas,Banco Popular Dominicano,"Santo Domingo, Distrito Nacional, Dominican Republic",On-site,Full-time,,,English,,,Recent,https://do.linkedin.com/jobs/view/l%C3%ADder-de-proyectos-desarrollo-de-sistemas-at-banco-popular-dominicano-4440154568,2026-07-23T11:54:29.130162+00:00
0,Testingenieur | Czech Republic,linkedin,软件开发工程师（SST团队）,"DCT Co., Ltd.","アト・マジョール州, Hato Mayor, Dominican Republic",On-site,Full-time,,,English,,,Recent,https://do.linkedin.com/jobs/view/%E8%BD%AF%E4%BB%B6%E5%BC%80%E5%8F%91%E5%B7%A5%E7%A8%8B%E5%B8%88%EF%BC%88sst%E5%9B%A2%E9%98%9F%EF%BC%89-at-dct-co-ltd-4433279369,2026-07-23T11:54:29.130484+00:00
0,Testingenieur | Poland,linkedin,Automotive Test Engineer,UBIQUITY SERVICE,"Warsaw, Mazowieckie, Poland",On-site,Full-time,,,English,,,Recent,https://pl.linkedin.com/jobs/view/automotive-test-engineer-at-ubiquity-service-4437350105,2026-07-23T11:54:31.545738+00:00
0,Testingenieur | Poland,linkedin,Test Engineer,Knowit,"Łódź, Łódzkie, Poland",On-site,Full-time,C,"Azure, Sql, Devops, R",English,,,Recent,https://pl.linkedin.com/jobs/view/test-engineer-at-knowit-4440225056,2026-07-23T11:54:31.545902+00:00
0,Testingenieur | Poland,linkedin,Test Engineer,Knowit,"Bydgoszcz, Kujawsko-pomorskie, Poland",On-site,Full-time,C,"Azure, Sql, Devops, R",English,,,Recent,https://pl.linkedin.com/jobs/view/test-engineer-at-knowit-4440210650,2026-07-23T11:54:31.546090+00:00
0,Testingenieur | Poland,linkedin,Test Engineer,Knowit,"Warsaw, Mazowieckie, Poland",On-site,Full-time,C,"Azure, Sql, Devops, R",English,,,Recent,https://pl.linkedin.com/jobs/view/test-engineer-at-knowit-4440210648,2026-07-23T11:54:31.546407+00:00
0,Testingenieur | USA,linkedin,"New Graduate Engineer, Launch & Test (Starship)",SpaceX,"Texas, United States",On-site,Contract,"C, Can",Graduate,English,,,Recent,https://www.linkedin.com/jobs/view/new-graduate-engineer-launch-test-starship-at-spacex-4426506912,2026-07-23T11:54:34.105590+00:00
0,Testingenieur | USA,linkedin,FANUC Robot Programmer - Travel,Gabletek Robotics and Controls Solutions,"Troy, MI",On-site,Contract,,Assembly,English,,,Recent,https://www.linkedin.com/jobs/view/fanuc-robot-programmer-travel-at-gabletek-robotics-and-controls-solutions-4441004095,2026-07-23T11:54:34.105755+00:00
0,Testingenieur | USA,linkedin,Mobile Device Test Engineer,Umanist NA,"Chicago, IL",Remote,Full-time,,,English,,,Recent,https://www.linkedin.com/jobs/view/mobile-device-test-engineer-at-umanist-na-4443149980,2026-07-23T11:54:34.105910+00:00
0,Testingenieur | USA,linkedin,"Flutter Developers (1,300 - 1,800 USD)","FITECH, JSC","Indiana, United States",Remote,Contract,"Chatgpt, Cursor","Rest Api, Dart, Spring Boot, Microservices",English,,,Recent,https://www.linkedin.com/jobs/view/flutter-developers-1-300-1-800-usd-at-fitech-jsc-4440449123,2026-07-23T11:54:34.106253+00:00
0,Testingenieur | USA,linkedin,Test Engineer,New York Power Authority,"White Plains, NY",On-site,Full-time,,,English,,,Recent,https://www.linkedin.com/jobs/view/test-engineer-at-new-york-power-authority-4443005449,2026-07-23T11:54:34.106404+00:00
0,Testingenieur | USA,linkedin,AI/ML Researchers,Tesorai,"Location, WV",On-site,Full-time,,,English,,,Recent,https://www.linkedin.com/jobs/view/ai-ml-researchers-at-tesorai-4439578160,2026-07-23T11:54:34.106713+00:00
0,Testingenieur | USA,linkedin,Test Engineer,Infosys,"St Paul, MN",On-site,Full-time,,,English,,,Recent,https://www.linkedin.com/jobs/view/test-engineer-at-infosys-4440402161,2026-07-23T11:54:34.106867+00:00
0,Testingenieur | United Kingdom,linkedin,Mechanical Assembly and Test Engineer,Discover Engineering,Greater Blackburn with Darwen Area,On-site,Full-time,,Assembly,English,,,Recent,https://uk.linkedin.com/jobs/view/mechanical-assembly-and-test-engineer-at-discover-engineering-4438096745,2026-07-23T11:54:36.492402+00:00
0,Testingenieur | United Kingdom,linkedin,Graduate Engineer,Coforge,"Telford, England, United Kingdom",On-site,Full-time,,Graduate,English,,,Recent,https://uk.linkedin.com/jobs/view/graduate-engineer-at-coforge-4439430227,2026-07-23T11:54:36.492727+00:00
0,Testingenieur | United Kingdom,linkedin,Industrialisation Test Engineer,Octagon Group,"Dartford, England, United Kingdom",On-site,Full-time,,,English,,,Recent,https://uk.linkedin.com/jobs/view/industrialisation-test-engineer-at-octagon-group-4434857137,2026-07-23T11:54:36.492887+00:00
0,Testingenieur | United Kingdom,linkedin,Mechanical Test Engineer,Langham Recruitment,"Halifax, England, United Kingdom",On-site,Full-time,,,English,,,Recent,https://uk.linkedin.com/jobs/view/mechanical-test-engineer-at-langham-recruitment-4434849097,2026-07-23T11:54:36.493066+00:00
0,Testingenieur | United Kingdom,linkedin,New Product Introduction Engineer,CPS Group (UK) Limited,"Gloucestershire, England, United Kingdom",On-site,Full-time,,,English,,,Recent,https://uk.linkedin.com/jobs/view/new-product-introduction-engineer-at-cps-group-uk-limited-4433832479,2026-07-23T11:54:36.493223+00:00
0,Testingenieur | United Kingdom,linkedin,Electronic Test Engineer,Spectrum IT Recruitment,"Fareham, England, United Kingdom",On-site,Full-time,,,English,,,Recent,https://uk.linkedin.com/jobs/view/electronic-test-engineer-at-spectrum-it-recruitment-4437053340,2026-07-23T11:54:36.493383+00:00
0,Testingenieur | United Kingdom,linkedin,Space Propulsion Mechanical Analysis & Test Engineer,LMO,"Reading, England, United Kingdom",On-site,Full-time,,,English,,,Recent,https://uk.linkedin.com/jobs/view/space-propulsion-mechanical-analysis-test-engineer-at-lmo-4439080975,2026-07-23T11:54:36.493543+00:00
0,Testingenieur | United Kingdom,linkedin,Test Engineer - Mechanical/Physical testing,A-SAFE UK,"Elland, England, United Kingdom",On-site,Full-time,,Safe,English,,,Recent,https://uk.linkedin.com/jobs/view/test-engineer-mechanical-physical-testing-at-a-safe-uk-4433807700,2026-07-23T11:54:36.493705+00:00
0,Test Automation | Germany,linkedin,Quality Assurance / QA Software Testing (m/w/d),vintrica,"Augsburg, Bavaria, Germany",On-site,Full-time,,,English,,,Recent,https://de.linkedin.com/jobs/view/quality-assurance-qa-software-testing-m-w-d-at-vintrica-4433742507,2026-07-23T11:54:38.876856+00:00
0,Test Automation | Germany,linkedin,Test Automation Engineer (m/w/d),IP Dynamics GmbH,"Hamburg, Germany",On-site,Full-time,Test Automation,,English,,,Recent,https://de.linkedin.com/jobs/view/test-automation-engineer-m-w-d-at-ip-dynamics-gmbh-4440015435,2026-07-23T11:54:38.877023+00:00
0,Test Automation | Austria,linkedin,Test Automation Engineer (m/w/d),Deutsche Telekom,"Vienna, Vienna, Austria",On-site,Full-time,Test Automation,,English,,,Recent,https://at.linkedin.com/jobs/view/test-automation-engineer-m-w-d-at-deutsche-telekom-4442750345,2026-07-23T11:54:41.225375+00:00
0,Test Automation | Switzerland,linkedin,Test Automation Engineer,Phenomenix,"Bern, Berne, Switzerland",On-site,Full-time,Test Automation,,English,,,Recent,https://ch.linkedin.com/jobs/view/test-automation-engineer-at-phenomenix-4444252239,2026-07-23T11:54:43.575511+00:00
0,Test Automation | Switzerland,linkedin,Testing,Ampegon,"Baden, Aargau, Switzerland",On-site,Full-time,,,English,,,Recent,https://ch.linkedin.com/jobs/view/testing-at-ampegon-4429852150,2026-07-23T11:54:43.576151+00:00
0,Test Automation | Remote,linkedin,QA Specialist,Haystack,"Rhineland-Palatinate, Germany",Remote,Full-time,,,English,,,Recent,https://de.linkedin.com/jobs/view/qa-specialist-at-haystack-4440433268,2026-07-23T11:54:45.974972+00:00
0,Test Automation | Slovakia,linkedin,Supplier Quality Assurance Leader,Lear Corporation,"Plavecký Štvrtok, Bratislava, Slovakia",On-site,Full-time,,,English,,,Recent,https://sk.linkedin.com/jobs/view/supplier-quality-assurance-leader-at-lear-corporation-4434657541,2026-07-23T11:54:48.339978+00:00
0,Test Automation | Slovakia,linkedin,Test Automation Engineer,Avenga,"Bratislava, Bratislava, Slovakia",On-site,Full-time,Test Automation,,English,,,Recent,https://sk.linkedin.com/jobs/view/test-automation-engineer-at-avenga-4331424496,2026-07-23T11:54:48.340167+00:00
0,Test Automation | Slovakia,linkedin,Junior Integration Manager,GoReel,"Bratislava, Bratislava, Slovakia",On-site,Full-time,,Junior,English,,,Recent,https://sk.linkedin.com/jobs/view/junior-integration-manager-at-goreel-4435815812,2026-07-23T11:54:48.340324+00:00
0,Test Automation | Czech Republic,linkedin,Quality Analyst,One Park Financial,"Santo Domingo, Distrito Nacional, Dominican Republic",On-site,Full-time,,,English,,,Recent,https://do.linkedin.com/jobs/view/quality-analyst-at-one-park-financial-4442741173,2026-07-23T11:54:50.673794+00:00
0,Test Automation | Czech Republic,linkedin,Quality Analyst (SANTIAGO),One Park Financial,"Santiago de los Caballeros, Santiago, Dominican Republic",On-site,Full-time,,,English,,,Recent,https://do.linkedin.com/jobs/view/quality-analyst-santiago-at-one-park-financial-4442730576,2026-07-23T11:54:50.673987+00:00
0,Test Automation | Czech Republic,linkedin,Quality Analyst,Nestlé,"San Cristóbal, San Cristóbal, Dominican Republic",On-site,Full-time,,,English,,,Recent,https://do.linkedin.com/jobs/view/quality-analyst-at-nestl%C3%A9-4441281511,2026-07-23T11:54:50.674343+00:00
0,Test Automation | Czech Republic,linkedin,Corporativo - Analista QA - Temporal,Centro Cuesta Nacional,"Santo Domingo de Guzmán, Distrito Nacional, Dominican Republic",On-site,Full-time,,"Jira, Confluence, Postman",English,,,Recent,https://do.linkedin.com/jobs/view/corporativo-analista-qa-temporal-at-centro-cuesta-nacional-4436180424,2026-07-23T11:54:50.674656+00:00
0,Test Automation | Czech Republic,linkedin,QA Analyst (Software),Newtech S.R.L,"Distrito Nacional, Dominican Republic",On-site,Full-time,,R,English,,,Recent,https://do.linkedin.com/jobs/view/qa-analyst-software-at-newtech-s-r-l-4443931471,2026-07-23T11:54:50.675330+00:00
0,Test Automation | Poland,linkedin,QA Manager,CoverGo | Insurtech,"Warsaw, Mazowieckie, Poland",On-site,Full-time,,,English,,,Recent,https://pl.linkedin.com/jobs/view/qa-manager-at-covergo-insurtech-4441981329,2026-07-23T11:54:53.087482+00:00
0,Test Automation | Poland,linkedin,QA Manager,CoverGo | Insurtech,"Gdańsk, Pomorskie, Poland",On-site,Full-time,,,English,,,Recent,https://pl.linkedin.com/jobs/view/qa-manager-at-covergo-insurtech-4441969668,2026-07-23T11:54:53.087645+00:00
0,Test Automation | Poland,linkedin,QA Manager,CoverGo | Insurtech,"Cracow, Małopolskie, Poland",On-site,Full-time,,,English,,,Recent,https://pl.linkedin.com/jobs/view/qa-manager-at-covergo-insurtech-4441968687,2026-07-23T11:54:53.087807+00:00
0,Test Automation | Poland,linkedin,QA Manager,CoverGo | Insurtech,"Poznań, Wielkopolskie, Poland",On-site,Full-time,,,English,,,Recent,https://pl.linkedin.com/jobs/view/qa-manager-at-covergo-insurtech-4441963969,2026-07-23T11:54:53.087967+00:00
0,Test Automation | Poland,linkedin,QA Manager,CoverGo | Insurtech,"Wrocław, Dolnośląskie, Poland",On-site,Full-time,,,English,,,Recent,https://pl.linkedin.com/jobs/view/qa-manager-at-covergo-insurtech-4441966867,2026-07-23T11:54:53.088159+00:00
0,Test Automation | Poland,linkedin,Automation QA Engineer (SDET),LoopMe,"Cracow, Małopolskie, Poland",On-site,Full-time,,,English,,,Recent,https://pl.linkedin.com/jobs/view/automation-qa-engineer-sdet-at-loopme-4423932805,2026-07-23T11:54:53.088483+00:00
0,Test Automation | Poland,linkedin,QA Automation Engineer (general),MWDN,"Warsaw, Mazowieckie, Poland",On-site,Full-time,,,English,,,Recent,https://pl.linkedin.com/jobs/view/qa-automation-engineer-general-at-mwdn-4442279929,2026-07-23T11:54:53.088642+00:00
0,Test Automation | USA,linkedin,QA Automation Engineer,e123,"Laguna Hills, CA",On-site,Full-time,,,English,,,Recent,https://www.linkedin.com/jobs/view/qa-automation-engineer-at-e123-4438737412,2026-07-23T11:54:55.630414+00:00
0,Test Automation | USA,linkedin,Quality Assurance Analyst,Jobgether,United States,On-site,Full-time,,,English,,,Recent,https://www.linkedin.com/jobs/view/quality-assurance-analyst-at-jobgether-4443820543,2026-07-23T11:54:55.630880+00:00
0,Test Automation | USA,linkedin,Test Automation Engineer,Bright Vision Technologies,"Tempe, AZ",On-site,Full-time,Test Automation,,English,,,Recent,https://www.linkedin.com/jobs/view/test-automation-engineer-at-bright-vision-technologies-4443073631,2026-07-23T11:54:55.631054+00:00
0,Test Automation | USA,linkedin,QA Automation Engineer,Jobgether,United States,On-site,Full-time,,,English,,,Recent,https://www.linkedin.com/jobs/view/qa-automation-engineer-at-jobgether-4442035575,2026-07-23T11:54:55.631208+00:00
0,Test Automation | USA,linkedin,Quality Assurance Specialist,Jobgether,United States,On-site,Full-time,,,English,,,Recent,https://www.linkedin.com/jobs/view/quality-assurance-specialist-at-jobgether-4442053920,2026-07-23T11:54:55.631356+00:00
0,Test Automation | United Kingdom,linkedin,"Manager, QA Test",BDO,United Kingdom,On-site,Full-time,,,English,,,Recent,https://uk.linkedin.com/jobs/view/manager-qa-test-at-bdo-4433306707,2026-07-23T11:54:58.040709+00:00
0,Test Automation | United Kingdom,linkedin,QA Engineer (Automation and Manual),UMA,"Halifax, England, United Kingdom",On-site,Full-time,,,English,,,Recent,https://uk.linkedin.com/jobs/view/qa-engineer-automation-and-manual-at-uma-4438617281,2026-07-23T11:54:58.041692+00:00
0,Test Automation | United Kingdom,linkedin,QA Analyst (US working hours),hackajob,United Kingdom,On-site,Full-time,,,English,,,Recent,https://uk.linkedin.com/jobs/view/qa-analyst-us-working-hours-at-hackajob-4379154974,2026-07-23T11:54:58.042178+00:00
0,Python Developer | Germany,linkedin,Python Backend Software Engineer,LanceSoft Europe,"Herzogenaurach, Bavaria, Germany",On-site,Full-time,Python,,English,,,Recent,https://de.linkedin.com/jobs/view/python-backend-software-engineer-at-lancesoft-europe-4442606629,2026-07-23T11:55:00.440477+00:00
0,Python Developer | Germany,linkedin,Python Developer - Fully Remote | Upto $50/hr,Mercor,"Berlin, Berlin, Germany",Remote,Full-time,Python,,English,,,Recent,https://de.linkedin.com/jobs/view/python-developer-fully-remote-upto-%2450-hr-at-mercor-4431457554,2026-07-23T11:55:00.440663+00:00
0,Python Developer | Germany,linkedin,Python Developer - Fully Remote | Upto $50/hr,Mercor,Germany,Remote,Full-time,Python,,English,,,Recent,https://de.linkedin.com/jobs/view/python-developer-fully-remote-upto-%2450-hr-at-mercor-4432094263,2026-07-23T11:55:00.440822+00:00
0,Python Developer | Germany,linkedin,"Embedded Software Engineer - Python & Embedded C - €85,000",Findr,"Ravensburg, Baden-Württemberg, Germany",On-site,Full-time,"C, Python",,English,,,Recent,https://de.linkedin.com/jobs/view/embedded-software-engineer-python-embedded-c-%E2%82%AC85-000-at-findr-4442743101,2026-07-23T11:55:00.440980+00:00
0,Python Developer | Germany,linkedin,Junior Software Developer (m/w/d) - Full-Stack Entwicklung (Vollzeit),evemo,"Blankenheim, North Rhine-Westphalia, Germany",On-site,Full-time,,Junior,English,,,Recent,https://de.linkedin.com/jobs/view/junior-software-developer-m-w-d-full-stack-entwicklung-vollzeit-at-evemo-4440120863,2026-07-23T11:55:00.441169+00:00
0,Python Developer | Germany,linkedin,Python Developer - Remote,YO IT Consulting,"Berlin, Germany",Remote,Full-time,Python,,English,,,Recent,https://de.linkedin.com/jobs/view/python-developer-remote-at-yo-it-consulting-4435018501,2026-07-23T11:55:00.441322+00:00
0,Python Developer | Germany,linkedin,Python Developer - Remote,YO IT Consulting,"Munich, Bavaria, Germany",Remote,Full-time,Python,,English,,,Recent,https://de.linkedin.com/jobs/view/python-developer-remote-at-yo-it-consulting-4439480978,2026-07-23T11:55:00.441468+00:00
0,Python Developer | Germany,linkedin,Python-Entwickler/Odoo-Entwickler (m/w/d),manaTec GmbH,"Dresden, Saxony, Germany",On-site,Full-time,Python,,English,,,Recent,https://de.linkedin.com/jobs/view/python-entwickler-odoo-entwickler-m-w-d-at-manatec-gmbh-4443352301,2026-07-23T11:55:00.441622+00:00
0,Python Developer | Germany,linkedin,Freelance Full-Stack Web App Developer,Mindrift,Germany,On-site,Contract,,,English,,,Recent,https://de.linkedin.com/jobs/view/freelance-full-stack-web-app-developer-at-mindrift-4443318461,2026-07-23T11:55:00.441771+00:00
0,Python Developer | Germany,linkedin,Backend Developer,MVP Studio,"Essen, North Rhine-Westphalia, Germany",On-site,Full-time,,,English,,,Recent,https://de.linkedin.com/jobs/view/backend-developer-at-mvp-studio-4432982030,2026-07-23T11:55:00.441918+00:00
0,Python Developer | Austria,linkedin,Junior Python Engineer (f/m/d),Adverity,"Vienna, Vienna, Austria",On-site,Full-time,Python,Junior,English,,,Recent,https://at.linkedin.com/jobs/view/junior-python-engineer-f-m-d-at-adverity-4437811509,2026-07-23T11:55:02.785655+00:00
0,Python Developer | Austria,linkedin,Home Assistant Python Developer for Hardware,Nabu Casa,Austria,On-site,Full-time,Python,,English,,,Recent,https://at.linkedin.com/jobs/view/home-assistant-python-developer-for-hardware-at-nabu-casa-4437807280,2026-07-23T11:55:02.785840+00:00
0,Python Developer | Austria,linkedin,Freelance Full-Stack Web App Developer,Mindrift,Austria,On-site,Contract,,,English,,,Recent,https://at.linkedin.com/jobs/view/freelance-full-stack-web-app-developer-at-mindrift-4443308922,2026-07-23T11:55:02.786024+00:00
0,Python Developer | Austria,linkedin,Backend Developer (Phyton/Odoo),Schrankerl,"Vienna, Vienna, Austria",On-site,Full-time,,,English,,,Recent,https://at.linkedin.com/jobs/view/backend-developer-phyton-odoo-at-schrankerl-4430678694,2026-07-23T11:55:02.786244+00:00
0,Python Developer | Austria,linkedin,Python Engineer - Freelance AI Trainer,Mindrift,Austria,On-site,Contract,Python,,English,,,Recent,https://at.linkedin.com/jobs/view/python-engineer-freelance-ai-trainer-at-mindrift-4443781618,2026-07-23T11:55:02.786408+00:00
0,Python Developer | Austria,linkedin,Python Developer (42939),CoolPeople Technology,"Vienna, Vienna, Austria",On-site,Full-time,Python,,English,,,Recent,https://at.linkedin.com/jobs/view/python-developer-42939-at-coolpeople-technology-4425600828,2026-07-23T11:55:02.786564+00:00
0,Python Developer | Austria,linkedin,Web-Developer (m/w/d),RegionalMedien Oberösterreich,"Mondsee, Upper Austria, Austria",On-site,Full-time,,,English,,,Recent,https://at.linkedin.com/jobs/view/web-developer-m-w-d-at-regionalmedien-ober%C3%B6sterreich-4443397936,2026-07-23T11:55:02.786805+00:00
0,Python Developer | Austria,linkedin,Freelance Data Scraping Engineer (Python),Mindrift,Austria,On-site,Contract,Python,,English,,,Recent,https://at.linkedin.com/jobs/view/freelance-data-scraping-engineer-python-at-mindrift-4444287653,2026-07-23T11:55:02.787150+00:00
0,Python Developer | Switzerland,linkedin,Python Developer - Remote,YO IT Consulting,Switzerland,Remote,Full-time,Python,,English,,,Recent,https://ch.linkedin.com/jobs/view/python-developer-remote-at-yo-it-consulting-4439121456,2026-07-23T11:55:05.147807+00:00
0,Python Developer | Switzerland,linkedin,Python Software Engineer (Digital Assets),IMC Trading,"Zug, Switzerland",On-site,Full-time,Python,,English,,,Recent,https://ch.linkedin.com/jobs/view/python-software-engineer-digital-assets-at-imc-trading-4443355342,2026-07-23T11:55:05.148016+00:00
0,Python Developer | Switzerland,linkedin,SQL Developer,ITech Consult AG,"Zurich, Switzerland",On-site,Full-time,,Sql,English,,,Recent,https://ch.linkedin.com/jobs/view/sql-developer-at-itech-consult-ag-4442047151,2026-07-23T11:55:05.148187+00:00
0,Python Developer | Switzerland,linkedin,Python Developer,SGI,"Basel, Switzerland",On-site,Full-time,Python,,English,,,Recent,https://ch.linkedin.com/jobs/view/python-developer-at-sgi-4435663540,2026-07-23T11:55:05.148354+00:00
0,Python Developer | Switzerland,linkedin,Full-stack Engineer,Jobgether,Switzerland,On-site,Full-time,,,English,,,Recent,https://ch.linkedin.com/jobs/view/full-stack-engineer-at-jobgether-4442061732,2026-07-23T11:55:05.148506+00:00
0,Python Developer | Switzerland,linkedin,Python Software Engineer,AYES - Management & Technology Consulting,"Chur, Graubünden, Switzerland",On-site,Full-time,Python,,English,,,Recent,https://ch.linkedin.com/jobs/view/python-software-engineer-at-ayes-management-technology-consulting-4438600576,2026-07-23T11:55:05.148661+00:00
0,Python Developer | Switzerland,linkedin,Full Stack Software Engineer,EPFL,Lausanne Metropolitan Area,On-site,Full-time,,,English,,,Recent,https://ch.linkedin.com/jobs/view/full-stack-software-engineer-at-epfl-4442642040,2026-07-23T11:55:05.148829+00:00
0,Python Developer | Switzerland,linkedin,Backend Software Engineer,mygrid AG,"Brugg, Aargau, Switzerland",On-site,Full-time,,,English,,,Recent,https://ch.linkedin.com/jobs/view/backend-software-engineer-at-mygrid-ag-4440171447,2026-07-23T11:55:05.148982+00:00
0,Python Developer | Switzerland,linkedin,Python Software Engineer - Digital Assets,IMC Trading,"Zug, Zug, Switzerland",On-site,Full-time,Python,,English,,,Recent,https://ch.linkedin.com/jobs/view/python-software-engineer-digital-assets-at-imc-trading-4320553182,2026-07-23T11:55:05.149227+00:00
0,Python Developer | Switzerland,linkedin,Python & C++ Game Developer,Mogi I/O : OTT/Podcast/Short Video Apps for you,Switzerland,On-site,Full-time,"C, C++, Python",,English,,,Recent,https://ch.linkedin.com/jobs/view/python-c%2B%2B-game-developer-at-mogi-i-o-ott-podcast-short-video-apps-for-you-4443769492,2026-07-23T11:55:05.149393+00:00
0,Python Developer | Remote,linkedin,Full Stack Developer,MVP Studio,"Essen, North Rhine-Westphalia, Germany",Remote,Full-time,,,English,,,Recent,https://de.linkedin.com/jobs/view/full-stack-developer-at-mvp-studio-4432962682,2026-07-23T11:55:07.516112+00:00
0,Python Developer | Remote,linkedin,Full-Stack Engineer with Applied LLM Focus (f/m/x) - Berlin/Brandenburg,Tomorrow University of Applied Sciences,Germany,Remote,Full-time,Llm,,English,,,Recent,https://de.linkedin.com/jobs/view/full-stack-engineer-with-applied-llm-focus-f-m-x-berlin-brandenburg-at-tomorrow-university-of-applied-sciences-4440449880,2026-07-23T11:55:07.516267+00:00
0,Python Developer | Remote,linkedin,Python Developer GenAI & Agentic AI (m/f/d),Nagarro,Germany,Remote,Full-time,Python,,English,,,Recent,https://de.linkedin.com/jobs/view/python-developer-genai-agentic-ai-m-f-d-at-nagarro-4432690289,2026-07-23T11:55:07.516430+00:00
0,Python Developer | Remote,linkedin,Python Developer,Insight International (UK) Ltd,Germany,Remote,Internship,Python,,English,,,Recent,https://de.linkedin.com/jobs/view/python-developer-at-insight-international-uk-ltd-4443152921,2026-07-23T11:55:07.516584+00:00
0,Python Developer | Slovakia,linkedin,Python Software Engineer (m/f/n),ESET,"Bratislava, Bratislava, Slovakia",On-site,Full-time,Python,,English,,,Recent,https://sk.linkedin.com/jobs/view/python-software-engineer-m-f-n-at-eset-4292497215,2026-07-23T11:55:09.875337+00:00
0,Python Developer | Slovakia,linkedin,Python Engineer - Freelance AI Trainer,Mindrift,Slovakia,On-site,Contract,Python,,English,,,Recent,https://sk.linkedin.com/jobs/view/python-engineer-freelance-ai-trainer-at-mindrift-4443790332,2026-07-23T11:55:09.875524+00:00
0,Python Developer | Slovakia,linkedin,Python Software Engineer (m/f/n),ESET,"Bratislava, Bratislava, Slovakia",On-site,Full-time,Python,,English,,,Recent,https://sk.linkedin.com/jobs/view/python-software-engineer-m-f-n-at-eset-4414037159,2026-07-23T11:55:09.875688+00:00
0,Python Developer | Slovakia,linkedin,Junior Full‑Stack Developer (AI‑Native Mindset),AT&T,"Bratislava, Bratislava, Slovakia",On-site,Full-time,,Junior,English,,,Recent,https://sk.linkedin.com/jobs/view/junior-full%E2%80%91stack-developer-ai%E2%80%91native-mindset-at-at-t-4443821266,2026-07-23T11:55:09.875849+00:00
0,Python Developer | Slovakia,linkedin,Fullstack Developer (all genders),Exxeta Slovakia,Bratislava Metropolitan Area,On-site,Full-time,,,English,,,Recent,https://sk.linkedin.com/jobs/view/fullstack-developer-all-genders-at-exxeta-slovakia-4440151932,2026-07-23T11:55:09.876047+00:00
0,Python Developer | Slovakia,linkedin,Full Stack Developer,Freshfields,"Bratislava, Slovakia",On-site,Full-time,,,English,,,Recent,https://sk.linkedin.com/jobs/view/full-stack-developer-at-freshfields-4442718913,2026-07-23T11:55:09.876370+00:00
0,Python Developer | Slovakia,linkedin,Développeur FULL STACK (H/F),Business & Services Solutions,"Zohor, Bratislava, Slovakia",On-site,Full-time,,,English,,,Recent,https://sk.linkedin.com/jobs/view/d%C3%A9veloppeur-full-stack-h-f-at-business-services-solutions-4439055675,2026-07-23T11:55:09.876828+00:00
0,Python Developer | Czech Republic,linkedin,Home Assistant Python Developer for Hardware,Nabu Casa,Dominican Republic,On-site,Full-time,Python,,English,,,Recent,https://do.linkedin.com/jobs/view/home-assistant-python-developer-for-hardware-at-nabu-casa-4437795767,2026-07-23T11:55:12.226013+00:00
0,Python Developer | Czech Republic,linkedin,Desarrollador Back-End (QIK),Banco Popular Dominicano,"Santo Domingo, Distrito Nacional, Dominican Republic",On-site,Full-time,,,English,,,Recent,https://do.linkedin.com/jobs/view/desarrollador-back-end-qik-at-banco-popular-dominicano-4441074541,2026-07-23T11:55:12.226207+00:00
0,Python Developer | Czech Republic,linkedin,Full Stack Developer (Python),Perform,"Santo Domingo, Distrito Nacional, Dominican Republic",On-site,Full-time,Python,,English,,,Recent,https://do.linkedin.com/jobs/view/full-stack-developer-python-at-perform-4415707267,2026-07-23T11:55:12.226372+00:00
0,Python Developer | Czech Republic,linkedin,Ingeniero Desarrollador FullStack,Infosyp,"Santo Domingo de Guzmán, Distrito Nacional, Dominican Republic",On-site,Full-time,,,English,,,Recent,https://do.linkedin.com/jobs/view/ingeniero-desarrollador-fullstack-at-infosyp-4441336507,2026-07-23T11:55:12.226524+00:00
0,Python Developer | Czech Republic,linkedin,Backend Developer - F/M/X,Amaris Consulting,Dominican Republic,On-site,Full-time,,,English,,,Recent,https://do.linkedin.com/jobs/view/backend-developer-f-m-x-at-amaris-consulting-4440525825,2026-07-23T11:55:12.226695+00:00
0,Python Developer | Czech Republic,linkedin,Full-Stack Elixir + React Engineer - Remote Work,BairesDev,"Santo Domingo, Dominican Republic",Remote,Full-time,,React,English,,,Recent,https://do.linkedin.com/jobs/view/full-stack-elixir-%2B-react-engineer-remote-work-at-bairesdev-4442201947,2026-07-23T11:55:12.226857+00:00
0,Python Developer | Poland,linkedin,Python Developer,AppTailors,Poland,On-site,Full-time,Python,,English,,,Recent,https://pl.linkedin.com/jobs/view/python-developer-at-apptailors-4440486909,2026-07-23T11:55:14.598540+00:00
0,Python Developer | Poland,linkedin,Python Engineer,Seargin,Poland,On-site,Full-time,Python,,English,,,Recent,https://pl.linkedin.com/jobs/view/python-engineer-at-seargin-4443526322,2026-07-23T11:55:14.598722+00:00
0,Python Developer | Poland,linkedin,Python Developer,Grafton Recruitment,"Warsaw, Mazowieckie, Poland",On-site,Full-time,Python,,English,,,Recent,https://pl.linkedin.com/jobs/view/python-developer-at-grafton-recruitment-4442028508,2026-07-23T11:55:14.598885+00:00
0,Python Developer | Poland,linkedin,Python developer with Gen AI/Agent (Python/GCP),Deloitte,"Warsaw, Mazowieckie, Poland",On-site,Full-time,Python,Gcp,English,,,Recent,https://pl.linkedin.com/jobs/view/python-developer-with-gen-ai-agent-python-gcp-at-deloitte-4416898747,2026-07-23T11:55:14.599073+00:00
0,Python Developer | Poland,linkedin,Python Developer,Ampstek,"Cracow, Małopolskie, Poland",On-site,Full-time,Python,,English,,,Recent,https://pl.linkedin.com/jobs/view/python-developer-at-ampstek-4442065191,2026-07-23T11:55:14.599250+00:00
0,Python Developer | Poland,linkedin,Python developer with Gen AI/Agent (Python/GCP),Deloitte,"Łódź, Łódzkie, Poland",On-site,Full-time,Python,Gcp,English,,,Recent,https://pl.linkedin.com/jobs/view/python-developer-with-gen-ai-agent-python-gcp-at-deloitte-4417204538,2026-07-23T11:55:14.599416+00:00
0,Python Developer | Poland,linkedin,(Junior) Python Developer,Infinite Services,"Warsaw, Mazowieckie, Poland",On-site,Full-time,Python,Junior,English,,,Recent,https://pl.linkedin.com/jobs/view/junior-python-developer-at-infinite-services-4435842530,2026-07-23T11:55:14.599585+00:00
0,Python Developer | Poland,linkedin,Python developer with Gen AI/Agent (Python/GCP),Deloitte,"Gdańsk, Pomorskie, Poland",On-site,Full-time,Python,Gcp,English,,,Recent,https://pl.linkedin.com/jobs/view/python-developer-with-gen-ai-agent-python-gcp-at-deloitte-4416893740,2026-07-23T11:55:14.599740+00:00
0,Python Developer | Poland,linkedin,Python Developer,Whitefly sp. z o. o.,"Warsaw, Mazowieckie, Poland",On-site,Full-time,Python,,English,,,Recent,https://pl.linkedin.com/jobs/view/python-developer-at-whitefly-sp-z-o-o-4433449090,2026-07-23T11:55:14.599902+00:00
0,Python Developer | USA,linkedin,Software Engineer (AI | Python | $250k + Equity),Paradigm Talent,San Francisco Bay Area,On-site,Full-time,Python,,English,,,Recent,https://www.linkedin.com/jobs/view/software-engineer-ai-python-%24250k-%2B-equity-at-paradigm-talent-4443323868,2026-07-23T11:55:17.090987+00:00
0,Python Developer | USA,linkedin,Python Developer (Intern),TechXSherpa,"Multnomah County, OR",On-site,Internship,Python,Intern,English,,,Recent,https://www.linkedin.com/jobs/view/python-developer-intern-at-techxsherpa-4436979187,2026-07-23T11:55:17.091196+00:00
0,Python Developer | USA,linkedin,Full Stack Application Developer,Sherwin-Williams,"Cleveland, OH",On-site,Full-time,,,English,,,Recent,https://www.linkedin.com/jobs/view/full-stack-application-developer-at-sherwin-williams-4434619958,2026-07-23T11:55:17.091359+00:00
0,Python Developer | USA,linkedin,BACK-END PYTHON DEVELOPER,treeNovum,"Cool, CA",On-site,Full-time,Python,,English,,,Recent,https://www.linkedin.com/jobs/view/back-end-python-developer-at-treenovum-4433809090,2026-07-23T11:55:17.091512+00:00
0,Python Developer | USA,linkedin,Python Developer,NeerInfo Solutions,"Texas, United States",On-site,Full-time,Python,,English,,,Recent,https://www.linkedin.com/jobs/view/python-developer-at-neerinfo-solutions-4442730986,2026-07-23T11:55:17.091819+00:00
0,Python Developer | USA,linkedin,"Software Engineer L5, Python Platform",Netflix,United States,On-site,Full-time,Python,,English,,,Recent,https://www.linkedin.com/jobs/view/software-engineer-l5-python-platform-at-netflix-4411198995,2026-07-23T11:55:17.092160+00:00
0,Python Developer | USA,linkedin,Python Full Stack Developer,Infosys,"Boston, MA",On-site,Full-time,Python,,English,,,Recent,https://www.linkedin.com/jobs/view/python-full-stack-developer-at-infosys-4440471870,2026-07-23T11:55:17.092317+00:00
0,Python Developer | USA,linkedin,Python Developer - Fully Remote | Upto $50/hr,Mercor,"New York, NY",Remote,Full-time,Python,,English,,,Recent,https://www.linkedin.com/jobs/view/python-developer-fully-remote-upto-%2450-hr-at-mercor-4431937135,2026-07-23T11:55:17.092471+00:00
0,Python Developer | United Kingdom,linkedin,Python Developer,hackajob,"London, England, United Kingdom",On-site,Full-time,Python,,English,,,Recent,https://uk.linkedin.com/jobs/view/python-developer-at-hackajob-4442276907,2026-07-23T11:55:19.564920+00:00
0,Python Developer | United Kingdom,linkedin,Python Developer - Fully Remote | Upto $50/hr,Mercor,"London, England, United Kingdom",Remote,Full-time,Python,,English,,,Recent,https://uk.linkedin.com/jobs/view/python-developer-fully-remote-upto-%2450-hr-at-mercor-4431933173,2026-07-23T11:55:19.565126+00:00
0,Python Developer | United Kingdom,linkedin,Backend Engineer (Python / FastAPI) | Remote,Crossing Hurdles,United Kingdom,Remote,Full-time,Python,Fastapi,English,,,Recent,https://uk.linkedin.com/jobs/view/backend-engineer-python-fastapi-remote-at-crossing-hurdles-4442297270,2026-07-23T11:55:19.565285+00:00
0,Python Developer | United Kingdom,linkedin,Software Developer - Python,Jackson Hogg,"Newcastle Upon Tyne, England, United Kingdom",On-site,Full-time,Python,,English,,,Recent,https://uk.linkedin.com/jobs/view/software-developer-python-at-jackson-hogg-4442026753,2026-07-23T11:55:19.565453+00:00
0,Python Developer | United Kingdom,linkedin,Python Developer,Damco Solutions,"Northampton, England, United Kingdom",On-site,Full-time,Python,,English,,,Recent,https://uk.linkedin.com/jobs/view/python-developer-at-damco-solutions-4440438360,2026-07-23T11:55:19.565614+00:00
0,Python Developer | United Kingdom,linkedin,Python Developer,McGregor Boyall,"London, England, United Kingdom",On-site,Full-time,Python,,English,,,Recent,https://uk.linkedin.com/jobs/view/python-developer-at-mcgregor-boyall-4442614485,2026-07-23T11:55:19.565772+00:00
0,Python Developer | United Kingdom,linkedin,Python Developer - Fully Remote | Upto $50/hr,Mercor,United Kingdom,Remote,Full-time,Python,,English,,,Recent,https://uk.linkedin.com/jobs/view/python-developer-fully-remote-upto-%2450-hr-at-mercor-4432098227,2026-07-23T11:55:19.565926+00:00
0,Python Developer | United Kingdom,linkedin,Python Engineer,LinkedTrade,"London, England, United Kingdom",On-site,Full-time,Python,,English,,,Recent,https://uk.linkedin.com/jobs/view/python-engineer-at-linkedtrade-4438825855,2026-07-23T11:55:19.566100+00:00
0,Python Developer | United Kingdom,linkedin,Python Developer,Impellam Group,"London Area, United Kingdom",On-site,Full-time,Python,,English,,,Recent,https://uk.linkedin.com/jobs/view/python-developer-at-impellam-group-4442734443,2026-07-23T11:55:19.566257+00:00
0,Python Developer | United Kingdom,linkedin,Full Stack Developer (Python / AI & ML / Database),Open Code Mission,"Ireland, England, United Kingdom",On-site,Full-time,Python,,English,,,Recent,https://uk.linkedin.com/jobs/view/full-stack-developer-python-ai-ml-database-at-open-code-mission-4442584447,2026-07-23T11:55:19.566411+00:00
0,Python Test | Germany,linkedin,Quality Engineer,RepRisk,"Berlin, Germany",On-site,Full-time,,,English,,,Recent,https://de.linkedin.com/jobs/view/quality-engineer-at-reprisk-4433669308,2026-07-23T11:55:21.968092+00:00
0,Python Test | Germany,linkedin,Test Engineer for In-Car-Entertainment (ICE) System,XPENG,"Munich, Bavaria, Germany",On-site,Full-time,,,English,,,Recent,https://de.linkedin.com/jobs/view/test-engineer-for-in-car-entertainment-ice-system-at-xpeng-4440016640,2026-07-23T11:55:21.968569+00:00
0,Python Test | Germany,linkedin,Software Testing Analyst,Alignerr,Germany,On-site,Full-time,,,English,,,Recent,https://de.linkedin.com/jobs/view/software-testing-analyst-at-alignerr-4444247462,2026-07-23T11:55:21.968870+00:00
0,Python Test | Austria,linkedin,Software Test Engineer & Documentation Writer (w/m/d),Delegate Group,"Vienna, Vienna, Austria",On-site,Full-time,,,English,,,Recent,https://at.linkedin.com/jobs/view/software-test-engineer-documentation-writer-w-m-d-at-delegate-group-4433935682,2026-07-23T11:55:24.299900+00:00
0,Python Test | Austria,linkedin,Software Test Engineer,CNH,"Sankt Valentin, Lower Austria, Austria",On-site,Full-time,,,English,,,Recent,https://at.linkedin.com/jobs/view/software-test-engineer-at-cnh-4437443661,2026-07-23T11:55:24.300240+00:00
0,Python Test | Switzerland,linkedin,Manufacturing Engineer,Distalmotion,"Epalinges, Vaud, Switzerland",On-site,Full-time,,,English,,,Recent,https://ch.linkedin.com/jobs/view/manufacturing-engineer-at-distalmotion-4438638076,2026-07-23T11:55:26.641253+00:00
0,Python Test | Remote,linkedin,Computational Biologist - Fully Remote | Upto $100/hr,Mercor,"Berlin, Berlin, Germany",Remote,Full-time,,,English,,,Recent,https://de.linkedin.com/jobs/view/computational-biologist-fully-remote-upto-%24100-hr-at-mercor-4431456613,2026-07-23T11:55:29.055865+00:00
0,Python Test | Remote,linkedin,Python Engineer - Freelance AI Trainer,Mindrift,"Hamburg, Hamburg, Germany",Remote,Contract,Python,,English,,,Recent,https://de.linkedin.com/jobs/view/python-engineer-freelance-ai-trainer-at-mindrift-4443798049,2026-07-23T11:55:29.056196+00:00
0,Python Test | Remote,linkedin,Python Engineer - Freelance AI Trainer,Mindrift,"Berlin, Berlin, Germany",Remote,Contract,Python,,English,,,Recent,https://de.linkedin.com/jobs/view/python-engineer-freelance-ai-trainer-at-mindrift-4443784431,2026-07-23T11:55:29.056353+00:00
0,Python Test | Remote,linkedin,Python Engineer - Freelance AI Trainer,Mindrift,"Frankfurt am Main, Hesse, Germany",Remote,Contract,Python,,English,,,Recent,https://de.linkedin.com/jobs/view/python-engineer-freelance-ai-trainer-at-mindrift-4443798053,2026-07-23T11:55:29.056659+00:00
0,Python Test | Slovakia,linkedin,Experienced Test Automation Engineer,Accenture na Slovensku,"Bratislava, Bratislava, Slovakia",On-site,Full-time,Test Automation,,English,,,Recent,https://sk.linkedin.com/jobs/view/experienced-test-automation-engineer-at-accenture-na-slovensku-4439873951,2026-07-23T11:55:31.371317+00:00
0,Python Test | Czech Republic,linkedin,Trainee in Application Lab,STMicroelectronics,"Batey 8, Independencia Province, Dominican Republic",On-site,Full-time,,Trainee,English,,,Recent,https://do.linkedin.com/jobs/view/trainee-in-application-lab-at-stmicroelectronics-4377848452,2026-07-23T11:55:33.719464+00:00
0,Python Test | Czech Republic,linkedin,"Eng I, Software Quality, APM, Temporary",BD,Dominican Republic,On-site,Full-time,,,English,,,Recent,https://do.linkedin.com/jobs/view/eng-i-software-quality-apm-temporary-at-bd-4441627193,2026-07-23T11:55:33.720117+00:00
0,Python Test | Czech Republic,linkedin,Data Engineer,Perform,"Santo Domingo, Distrito Nacional, Dominican Republic",On-site,Full-time,,,English,,,Recent,https://do.linkedin.com/jobs/view/data-engineer-at-perform-4415690682,2026-07-23T11:55:33.720272+00:00
0,Python Test | Poland,linkedin,QA Automation Engineer,Persistent Systems,"Krakowski, Małopolskie, Poland",On-site,Full-time,,,English,,,Recent,https://pl.linkedin.com/jobs/view/qa-automation-engineer-at-persistent-systems-4438495273,2026-07-23T11:55:36.096274+00:00
0,Python Test | Poland,linkedin,Quality Assurance Automation Engineer,Persistent Systems,"Cracow, Małopolskie, Poland",On-site,Full-time,,,English,,,Recent,https://pl.linkedin.com/jobs/view/quality-assurance-automation-engineer-at-persistent-systems-4434857320,2026-07-23T11:55:36.096618+00:00
0,Python Test | USA,linkedin,Quality Assurance Engineer,Concentra,"Addison, TX",On-site,Full-time,,,English,,,Recent,https://www.linkedin.com/jobs/view/quality-assurance-engineer-at-concentra-4437084647,2026-07-23T11:55:38.621765+00:00
0,Python Test | USA,linkedin,Quality Engineer/SDET,SkyBridge Resources,United States,On-site,Full-time,,,English,,,Recent,https://www.linkedin.com/jobs/view/quality-engineer-sdet-at-skybridge-resources-4444207545,2026-07-23T11:55:38.621934+00:00
0,Python Test | USA,linkedin,Manual QA,Unify Technologies,"Cupertino, CA",On-site,Full-time,,,English,,,Recent,https://www.linkedin.com/jobs/view/manual-qa-at-unify-technologies-4443172791,2026-07-23T11:55:38.622116+00:00
0,Python Test | USA,linkedin,Software Tester,Radiance Technologies,"Beavercreek, OH",On-site,Full-time,,,English,,,Recent,https://www.linkedin.com/jobs/view/software-tester-at-radiance-technologies-4444222283,2026-07-23T11:55:38.622272+00:00
0,Python Test | USA,linkedin,QA Automation Engineer,eBay,"Connecticut, United States",On-site,Full-time,,,English,,,Recent,https://www.linkedin.com/jobs/view/qa-automation-engineer-at-ebay-4441080448,2026-07-23T11:55:38.622432+00:00
0,Python Test | USA,linkedin,QA Automation Engineer,Lavance LLC,"Texas, United States",On-site,Full-time,,,English,,,Recent,https://www.linkedin.com/jobs/view/qa-automation-engineer-at-lavance-llc-4444412839,2026-07-23T11:55:38.622596+00:00
0,Python Test | USA,linkedin,QA Engineer,"Connexity, Inc.","Los Angeles, CA",On-site,Full-time,,,English,,,Recent,https://www.linkedin.com/jobs/view/qa-engineer-at-connexity-inc-4437471296,2026-07-23T11:55:38.622752+00:00
0,Python Test | USA,linkedin,Manual QA Tester (Contract 3+ months),Standard Bots,"Glen Cove, NY",On-site,Contract,,,English,,,Recent,https://www.linkedin.com/jobs/view/manual-qa-tester-contract-3%2B-months-at-standard-bots-4443542924,2026-07-23T11:55:38.622905+00:00
0,Python Test | USA,linkedin,Test Automation Engineer,Witbe,"Denver, CO",On-site,Full-time,Test Automation,,English,,,Recent,https://www.linkedin.com/jobs/view/test-automation-engineer-at-witbe-4432558726,2026-07-23T11:55:38.623081+00:00
0,Python Test | United Kingdom,linkedin,Software Test Analyst,develop,"Fareham, England, United Kingdom",On-site,Full-time,,,English,,,Recent,https://uk.linkedin.com/jobs/view/software-test-analyst-at-develop-4437676180,2026-07-23T11:55:41.143262+00:00
0,Python Test | United Kingdom,linkedin,Software Quality Engineer,Helic & Co,United Kingdom,On-site,Full-time,,,English,,,Recent,https://uk.linkedin.com/jobs/view/software-quality-engineer-at-helic-co-4444422080,2026-07-23T11:55:41.143955+00:00
0,Python Test | United Kingdom,linkedin,Test Specialist,HCLTech,"Greater Bristol Area, United Kingdom",On-site,Full-time,,,English,,,Recent,https://uk.linkedin.com/jobs/view/test-specialist-at-hcltech-4443131131,2026-07-23T11:55:41.144612+00:00
0,Python Test | United Kingdom,linkedin,Quality Assurance Engineer | $60/hr Remote,Crossing Hurdles,United Kingdom,Remote,Full-time,,,English,,,Recent,https://uk.linkedin.com/jobs/view/quality-assurance-engineer-%2460-hr-remote-at-crossing-hurdles-4432227355,2026-07-23T11:55:41.144764+00:00
0,Firmware Engineer | Germany,linkedin,Embedded Software Engineer,European Knowledge Centre Ltd.,"Sevenig (Our), Rhineland-Palatinate, Germany",On-site,Full-time,,,English,,,Recent,https://de.linkedin.com/jobs/view/embedded-software-engineer-at-european-knowledge-centre-ltd-4439625518,2026-07-23T11:55:43.518270+00:00
0,Firmware Engineer | Germany,linkedin,"Software Engineer, Backend (Java) - All Genders",Leap Ahead,"Berlin, Berlin, Germany",On-site,Full-time,Java,,English,,,Recent,https://de.linkedin.com/jobs/view/software-engineer-backend-java-all-genders-at-leap-ahead-4443369665,2026-07-23T11:55:43.518449+00:00
0,Firmware Engineer | Germany,linkedin,Embedded Firmware Developer (Agri-Tech / Sensor Systems) (m/f/d),stenon,"Potsdam, Brandenburg, Germany",On-site,Full-time,Firmware,,English,,,Recent,https://de.linkedin.com/jobs/view/embedded-firmware-developer-agri-tech-sensor-systems-m-f-d-at-stenon-4442227197,2026-07-23T11:55:43.518606+00:00
0,Firmware Engineer | Germany,linkedin,Embedded-Softwareentwickler (m/w/d),KERN & SOHN GmbH,"Balingen, Baden-Württemberg, Germany",On-site,Full-time,,,English,,,Recent,https://de.linkedin.com/jobs/view/embedded-softwareentwickler-m-w-d-at-kern-sohn-gmbh-4434579336,2026-07-23T11:55:43.518762+00:00
0,Firmware Engineer | Germany,linkedin,"Software Engineer, Backend (Go) - All Genders",Leap Ahead,"Berlin, Berlin, Germany",On-site,Full-time,Go,,English,,,Recent,https://de.linkedin.com/jobs/view/software-engineer-backend-go-all-genders-at-leap-ahead-4443373623,2026-07-23T11:55:43.519092+00:00
0,Firmware Engineer | Germany,linkedin,Embedded Software Engineer,Persystems,"Regensburg, Bavaria, Germany",On-site,Full-time,,,English,,,Recent,https://de.linkedin.com/jobs/view/embedded-software-engineer-at-persystems-4441951974,2026-07-23T11:55:43.519259+00:00
0,Firmware Engineer | Germany,linkedin,Software Engineer (all genders),botario,Greater Munich Metropolitan Area,On-site,Full-time,,,English,,,Recent,https://de.linkedin.com/jobs/view/software-engineer-all-genders-at-botario-4441754570,2026-07-23T11:55:43.519583+00:00
0,Firmware Engineer | Austria,linkedin,Embedded Software Engineer,SGI,"Vienna, Austria",On-site,Full-time,,,English,,,Recent,https://at.linkedin.com/jobs/view/embedded-software-engineer-at-sgi-4431079445,2026-07-23T11:55:45.849196+00:00
0,Firmware Engineer | Austria,linkedin,Software Engineer,coop.unlimited,"Graz, Styria, Austria",On-site,Full-time,,,English,,,Recent,https://at.linkedin.com/jobs/view/software-engineer-at-coop-unlimited-4443344867,2026-07-23T11:55:45.849387+00:00
0,Firmware Engineer | Austria,linkedin,Software Engineer (m/f/d),SEA.AI,"Vienna, Austria",On-site,Full-time,,,English,,,Recent,https://at.linkedin.com/jobs/view/software-engineer-m-f-d-at-sea-ai-4432771232,2026-07-23T11:55:45.850042+00:00
0,Firmware Engineer | Austria,linkedin,Software Engineer,IONO Robotics,"Linz, Upper Austria, Austria",On-site,Full-time,,,English,,,Recent,https://at.linkedin.com/jobs/view/software-engineer-at-iono-robotics-4442575340,2026-07-23T11:55:45.850204+00:00
0,Firmware Engineer | Austria,linkedin,Embedded Software Developer (m/w/d),Fronius Österreich,"Thalheim bei Wels, Upper Austria, Austria",On-site,Full-time,,,English,,,Recent,https://at.linkedin.com/jobs/view/embedded-software-developer-m-w-d-at-fronius-%C3%B6sterreich-4435813794,2026-07-23T11:55:45.850353+00:00
0,Firmware Engineer | Austria,linkedin,Embedded Software Engineer,ENPULSION,"Vienna, Vienna, Austria",On-site,Full-time,,,English,,,Recent,https://at.linkedin.com/jobs/view/embedded-software-engineer-at-enpulsion-4432741715,2026-07-23T11:55:45.850515+00:00
0,Firmware Engineer | Switzerland,linkedin,Embedded Software Engineer – e-Bike Systems,Specialized Bicycle Components,"Cham, Zug, Switzerland",On-site,Full-time,,,English,,,Recent,https://ch.linkedin.com/jobs/view/embedded-software-engineer-%E2%80%93-e-bike-systems-at-specialized-bicycle-components-4249261377,2026-07-23T11:55:48.220384+00:00
0,Firmware Engineer | Switzerland,linkedin,Embedded Software Engineer,Humanis AG,"Zurich, Switzerland",On-site,Full-time,,,English,,,Recent,https://ch.linkedin.com/jobs/view/embedded-software-engineer-at-humanis-ag-4435189629,2026-07-23T11:55:48.220579+00:00
0,Firmware Engineer | Switzerland,linkedin,Embedded Software Engineer (80%-100%) - Zurich,Code Compass 🧭,Zürich Metropolitan Area,Remote,Full-time,,,English,,,Recent,https://ch.linkedin.com/jobs/view/embedded-software-engineer-80%25-100%25-zurich-at-code-compass-%F0%9F%A7%AD-4439216489,2026-07-23T11:55:48.220744+00:00
0,Firmware Engineer | Switzerland,linkedin,Embedded Software Engineer (f/m/d),ENWAY a Bucher Company,"Niederweningen, Zurich, Switzerland",On-site,Full-time,,,English,,,Recent,https://ch.linkedin.com/jobs/view/embedded-software-engineer-f-m-d-at-enway-a-bucher-company-4439234555,2026-07-23T11:55:48.221095+00:00
0,Firmware Engineer | Switzerland,linkedin,Software Engineer - (Connect Platform),Jobgether,Switzerland,On-site,Full-time,,,English,,,Recent,https://ch.linkedin.com/jobs/view/software-engineer-connect-platform-at-jobgether-4442612292,2026-07-23T11:55:48.221413+00:00
0,Firmware Engineer | Switzerland,linkedin,Embedded Software / Firmware Engineer (m/w/d),Cobble - Van de Wiele Limited,"Wetzikon, Zurich, Switzerland",Remote,Full-time,"C, C++, Ci/Cd, Firmware","Jira, Confluence, Github, Agile, Zephyr",English,,,Recent,https://ch.linkedin.com/jobs/view/embedded-software-firmware-engineer-m-w-d-at-cobble-van-de-wiele-limited-4442680057,2026-07-23T11:55:48.221569+00:00
0,Firmware Engineer | Switzerland,linkedin,C++ Software Engineer,Citadel Securities,"Zurich, Switzerland",On-site,Full-time,"C, C++",,English,,,Recent,https://ch.linkedin.com/jobs/view/c%2B%2B-software-engineer-at-citadel-securities-4440480718,2026-07-23T11:55:48.221721+00:00
0,Firmware Engineer | Remote,linkedin,Embedded Firmware Engineer (m/f/d),ASAP Staffing Ltd,Germany,Hybrid,Contract,"Arm, C, C++, Can, Ci/Cd, Cortex-M, Embedded Linux, Embedded Systems, Firmware, Python, Rtos, Spi, Uart","Linux, Git, Freertos, Zephyr, Stm32",English,,,Recent,https://de.linkedin.com/jobs/view/embedded-firmware-engineer-m-f-d-at-asap-staffing-ltd-4443154835,2026-07-23T11:55:50.583110+00:00
0,Firmware Engineer | Remote,linkedin,Junior Software Engineer,Haystack,"Bavaria, Germany",On-site,Contract,Javascript,Junior,English,,,Recent,https://de.linkedin.com/jobs/view/junior-software-engineer-at-haystack-4442636545,2026-07-23T11:55:50.583427+00:00
0,Firmware Engineer | Remote,linkedin,Embedded Softwareentwickler (m/w/d),ICT Digital Solutions GmbH,Germany,Remote,Internship,"Arm, C, C++, Cortex-M, Rtos","Esp32, Git, Stm32, R",German,,,Recent,https://de.linkedin.com/jobs/view/embedded-softwareentwickler-m-w-d-at-ict-digital-solutions-gmbh-4434828022,2026-07-23T11:55:50.583720+00:00
0,Firmware Engineer | Remote,linkedin,Software Engineer - Infrastructure,Jobgether,Germany,Remote,Contract,"Ci/Cd, Github Actions, Go, Java, Javascript, Jenkins, Python","Gcp, Azure, Aws, Github, Terraform, Ansible, Kubernetes, Google Cloud, Groovy",English,,,Recent,https://de.linkedin.com/jobs/view/software-engineer-infrastructure-at-jobgether-4442068511,2026-07-23T11:55:50.583866+00:00
0,Firmware Engineer | Slovakia,linkedin,Java Software Engineer,Ohpen,"Bratislava, Slovakia",On-site,Full-time,Java,,English,,,Recent,https://sk.linkedin.com/jobs/view/java-software-engineer-at-ohpen-4440145270,2026-07-23T11:55:52.946028+00:00
0,Firmware Engineer | Slovakia,linkedin,Software Engineer (m/f/d),Deutsche Telekom IT Solutions Slovakia,"Košice, Kosice, Slovakia",On-site,Full-time,,,English,,,Recent,https://sk.linkedin.com/jobs/view/software-engineer-m-f-d-at-deutsche-telekom-it-solutions-slovakia-4437961832,2026-07-23T11:55:52.946232+00:00
0,Firmware Engineer | Slovakia,linkedin,Software Engineer - Mobile,Cisco,"Bratislava, Bratislava, Slovakia",Remote,Full-time,,,English,,,Recent,https://sk.linkedin.com/jobs/view/software-engineer-mobile-at-cisco-4432862842,2026-07-23T11:55:52.946403+00:00
0,Firmware Engineer | Slovakia,linkedin,Software Engineer,Iron Mountain,Slovakia,On-site,Full-time,,,English,,,Recent,https://sk.linkedin.com/jobs/view/software-engineer-at-iron-mountain-4435685683,2026-07-23T11:55:52.946560+00:00
0,Firmware Engineer | Slovakia,linkedin,Junior Software Engineer,Synpulse,"Bratislava, Bratislava, Slovakia",On-site,Full-time,,Junior,English,,,Recent,https://sk.linkedin.com/jobs/view/junior-software-engineer-at-synpulse-4416235193,2026-07-23T11:55:52.946714+00:00
0,Firmware Engineer | Slovakia,linkedin,Java Software Engineer,Digitalents Ukraine,"Bratislava, Bratislava, Slovakia",On-site,Full-time,Java,,English,,,Recent,https://sk.linkedin.com/jobs/view/java-software-engineer-at-digitalents-ukraine-4439704553,2026-07-23T11:55:52.946868+00:00
0,Firmware Engineer | Slovakia,linkedin,C/C++ Software Engineer,Frequentis,"Bratislava, Bratislava, Slovakia",On-site,Full-time,"C, C++",,English,,,Recent,https://sk.linkedin.com/jobs/view/c-c%2B%2B-software-engineer-at-frequentis-4440208020,2026-07-23T11:55:52.947043+00:00
0,Firmware Engineer | Slovakia,linkedin,Software Engineer,Cisco,"Bratislava, Bratislava, Slovakia",On-site,Full-time,,,English,,,Recent,https://sk.linkedin.com/jobs/view/software-engineer-at-cisco-4405460007,2026-07-23T11:55:52.947210+00:00
0,Firmware Engineer | Slovakia,linkedin,Junior Software Engineer,Caterpillar Inc.,"Košice, Kosice, Slovakia",On-site,Full-time,,Junior,English,,,Recent,https://sk.linkedin.com/jobs/view/junior-software-engineer-at-caterpillar-inc-4443918761,2026-07-23T11:55:52.947365+00:00
0,Firmware Engineer | Czech Republic,linkedin,"Title
            
                
                    HW Engineer - Pilsen",conga-connect - a congatec aReady solution,Dominican Republic,On-site,Full-time,,,English,,,Recent,https://do.linkedin.com/jobs/view/title%0A-%0A-%0A-hw-engineer-pilsen-at-conga-connect-a-congatec-aready-solution-4441226480,2026-07-23T11:55:55.292718+00:00
0,Firmware Engineer | Poland,linkedin,Embedded Software Engineer,Adapt-E,"Zabrze, Śląskie, Poland",On-site,Full-time,,,English,,,Recent,https://pl.linkedin.com/jobs/view/embedded-software-engineer-at-adapt-e-4444244854,2026-07-23T11:55:57.664817+00:00
0,Firmware Engineer | Poland,linkedin,Software Engineer (4/5) — Developer Platform,Netflix,"Warsaw, Mazowieckie, Poland",On-site,Full-time,,,English,,,Recent,https://pl.linkedin.com/jobs/view/software-engineer-4-5-%E2%80%94-developer-platform-at-netflix-4433110560,2026-07-23T11:55:57.665034+00:00
0,Firmware Engineer | Poland,linkedin,Embedded Software Engineer (C/C++),Spline,"Tychy, Śląskie, Poland",On-site,Full-time,"C, C++",,English,,,Recent,https://pl.linkedin.com/jobs/view/embedded-software-engineer-c-c%2B%2B-at-spline-4443357704,2026-07-23T11:55:57.665213+00:00
0,Firmware Engineer | Poland,linkedin,Java Software Engineer / 1,Inetum,"Poznań, Wielkopolskie, Poland",On-site,Full-time,Java,,English,,,Recent,https://pl.linkedin.com/jobs/view/java-software-engineer-1-at-inetum-4442700643,2026-07-23T11:55:57.665376+00:00
0,Firmware Engineer | Poland,linkedin,Java Software Engineer,Ascendion,Poland,On-site,Full-time,Java,,English,,,Recent,https://pl.linkedin.com/jobs/view/java-software-engineer-at-ascendion-4443324159,2026-07-23T11:55:57.665539+00:00
0,Firmware Engineer | Poland,linkedin,Software Engineer (Java),ARQ,"Cracow, Małopolskie, Poland",On-site,Full-time,Java,,English,,,Recent,https://pl.linkedin.com/jobs/view/software-engineer-java-at-arq-4442728240,2026-07-23T11:55:57.665692+00:00
0,Firmware Engineer | Poland,linkedin,Java Software Engineer,Tenth Revolution Group,"Dolnośląskie, Poland",On-site,Full-time,Java,,English,,,Recent,https://pl.linkedin.com/jobs/view/java-software-engineer-at-tenth-revolution-group-4440131882,2026-07-23T11:55:57.666339+00:00
0,Firmware Engineer | USA,linkedin,"Software Engineer, Early Career",Notion,"San Francisco, CA",On-site,Full-time,,,English,,,Recent,https://www.linkedin.com/jobs/view/software-engineer-early-career-at-notion-4437461678,2026-07-23T11:56:00.164837+00:00
0,Firmware Engineer | USA,linkedin,"Software Engineer, Early Career (AI)",Notion,"San Francisco, CA",On-site,Full-time,,,English,,,Recent,https://www.linkedin.com/jobs/view/software-engineer-early-career-ai-at-notion-4437472369,2026-07-23T11:56:00.165044+00:00
0,Firmware Engineer | USA,linkedin,Embedded Software Engineer (Entry-Junior),Revel,"Los Angeles, CA",On-site,Full-time,,Junior,English,,,Recent,https://www.linkedin.com/jobs/view/embedded-software-engineer-entry-junior-at-revel-4440063725,2026-07-23T11:56:00.165209+00:00
0,Firmware Engineer | USA,linkedin,Software Engineer I,Sony Interactive Entertainment,"San Mateo, CA",On-site,Full-time,,,English,,,Recent,https://www.linkedin.com/jobs/view/software-engineer-i-at-sony-interactive-entertainment-4438791117,2026-07-23T11:56:00.165368+00:00
0,Firmware Engineer | USA,linkedin,Software Engineer — E-commerce,Gallup,"San Francisco, CA",On-site,Full-time,,,English,,,Recent,https://www.linkedin.com/jobs/view/software-engineer-%E2%80%94-e-commerce-at-gallup-4440410231,2026-07-23T11:56:00.165524+00:00
0,Firmware Engineer | USA,linkedin,Junior Embedded Software Development Engineer,"Sonos, Inc.","Boston, MA",On-site,Full-time,,Junior,English,,,Recent,https://www.linkedin.com/jobs/view/junior-embedded-software-development-engineer-at-sonos-inc-4426648526,2026-07-23T11:56:00.165688+00:00
0,Firmware Engineer | USA,linkedin,"Software Engineer, Notifications",Discord,San Francisco Bay Area,On-site,Full-time,,,English,,,Recent,https://www.linkedin.com/jobs/view/software-engineer-notifications-at-discord-4443175307,2026-07-23T11:56:00.165842+00:00
0,Firmware Engineer | USA,linkedin,Software Engineer,Column,"San Francisco, CA",On-site,Full-time,,,English,,,Recent,https://www.linkedin.com/jobs/view/software-engineer-at-column-4443073776,2026-07-23T11:56:00.165994+00:00
0,Firmware Engineer | USA,linkedin,Embedded Firmware Engineer,Georgia Pacific,"Neenah, WI",On-site,Full-time,Firmware,,English,,,Recent,https://www.linkedin.com/jobs/view/embedded-firmware-engineer-at-georgia-pacific-4443461383,2026-07-23T11:56:00.166184+00:00
0,Firmware Engineer | USA,linkedin,"Embedded Software Engineer (C, C++, RTOS)",Josh Pros,"Plano, TX",On-site,Full-time,"C, C++, Rtos",,English,,,Recent,https://www.linkedin.com/jobs/view/embedded-software-engineer-c-c%2B%2B-rtos-at-josh-pros-4444225563,2026-07-23T11:56:00.166341+00:00
0,Firmware Engineer | United Kingdom,linkedin,"Software Engineer, New Grad",Deliveroo,"London, England, United Kingdom",On-site,Full-time,,,English,,,Recent,https://uk.linkedin.com/jobs/view/software-engineer-new-grad-at-deliveroo-4379662791,2026-07-23T11:56:02.529676+00:00
0,Firmware Engineer | United Kingdom,linkedin,Embedded Software Engineer,EVONA,"London, England, United Kingdom",On-site,Full-time,,,English,,,Recent,https://uk.linkedin.com/jobs/view/embedded-software-engineer-at-evona-4443122840,2026-07-23T11:56:02.529860+00:00
0,Firmware Engineer | United Kingdom,linkedin,Embedded Software Engineer,Filtronic,"Sedgefield, England, United Kingdom",On-site,Full-time,,,English,,,Recent,https://uk.linkedin.com/jobs/view/embedded-software-engineer-at-filtronic-4441446421,2026-07-23T11:56:02.530045+00:00
0,Firmware Engineer | United Kingdom,linkedin,Embedded Engineer,Manchester Digital,"Manchester, England, United Kingdom",On-site,Full-time,,,English,,,Recent,https://uk.linkedin.com/jobs/view/embedded-engineer-at-manchester-digital-4437996891,2026-07-23T11:56:02.530205+00:00
0,Firmware Engineer | United Kingdom,linkedin,Associate Software Engineer,Matillion,"Manchester, England, United Kingdom",On-site,Full-time,,Associate,English,,,Recent,https://uk.linkedin.com/jobs/view/associate-software-engineer-at-matillion-4443393414,2026-07-23T11:56:02.530360+00:00
0,Firmware Engineer | United Kingdom,linkedin,Software Engineer,Aston Martin Lagonda Ltd,"Gaydon, England, United Kingdom",On-site,Full-time,,,English,,,Recent,https://uk.linkedin.com/jobs/view/software-engineer-at-aston-martin-lagonda-ltd-4440331637,2026-07-23T11:56:02.530516+00:00
0,Firmware Engineer | United Kingdom,linkedin,Embedded Software Engineer,Glensound,"Maidstone, England, United Kingdom",On-site,Full-time,,,English,,,Recent,https://uk.linkedin.com/jobs/view/embedded-software-engineer-at-glensound-4437784492,2026-07-23T11:56:02.530665+00:00
0,Firmware Engineer | United Kingdom,linkedin,Junior Software Engineer,Tripadvisor,"Oxford, England, United Kingdom",On-site,Full-time,,Junior,English,,,Recent,https://uk.linkedin.com/jobs/view/junior-software-engineer-at-tripadvisor-4427708294,2026-07-23T11:56:02.530813+00:00
0,Firmware Engineer | United Kingdom,linkedin,Embedded Software Engineer,Accelero,"Newcastle Upon Tyne, England, United Kingdom",On-site,Full-time,,,English,,,Recent,https://uk.linkedin.com/jobs/view/embedded-software-engineer-at-accelero-4438713841,2026-07-23T11:56:02.530963+00:00
0,Firmware Engineer | United Kingdom,linkedin,Java/Kotlin Software Engineer - London,Zopa Bank,"London, England, United Kingdom",On-site,Full-time,Java,Kotlin,English,,,Recent,https://uk.linkedin.com/jobs/view/java-kotlin-software-engineer-london-at-zopa-bank-4036813631,2026-07-23T11:56:02.531131+00:00
