relevance_score,search_criteria,provider,title,company,location,work_location_type,employment_type,matching_skills,missing_skills,detected_languages,matched_roles,salary_hint,posted_at_relative,link,scraped_at
44,Tester | Germany,linkedin,Middle Test Engineer,Intellias,"Wolfsburg, Lower Saxony, Germany",On-site,Contract,,Lead,English,"Lead, Test Manager",,Recent,https://de.linkedin.com/jobs/view/middle-test-engineer-at-intellias-4375673922,2026-03-11T10:36:53.882678+00:00
29,QA Engineer | USA,linkedin,QA Engineer,Apple,"Cupertino, CA",On-site,Full-time,,,English,,,Recent,https://www.linkedin.com/jobs/view/qa-engineer-at-apple-4380070246,2026-03-11T10:37:32.353121+00:00
29,Test Automation | Germany,linkedin,Test Automation Specialist,Intellias,"Ingolstadt, Bavaria, Germany",On-site,Full-time,Test Automation,,English,,,Recent,https://de.linkedin.com/jobs/view/test-automation-specialist-at-intellias-4371073208,2026-03-11T10:38:20.799569+00:00
29,Test Automation | USA,linkedin,Software QA Automation Engineer,Apple,"Cupertino, CA",On-site,Full-time,,,English,,,Recent,https://www.linkedin.com/jobs/view/software-qa-automation-engineer-at-apple-4377658214,2026-03-11T10:38:37.795558+00:00
29,Python Developer | Switzerland,linkedin,Python Developer,Intelstack,"Zurich, Switzerland",On-site,Full-time,Python,,English,,,Recent,https://ch.linkedin.com/jobs/view/python-developer-at-intelstack-4382630971,2026-03-11T10:38:47.565317+00:00
29,Firmware Engineer | Switzerland,linkedin,Embedded Software Developer 80-100%,Siemens,"Zug, Zug, Switzerland",Remote,Full-time,,,English,,,Recent,https://ch.linkedin.com/jobs/view/embedded-software-developer-80-100%25-at-siemens-4379458674,2026-03-11T10:39:31.620693+00:00
29,Firmware Engineer | Remote,linkedin,Embedded Engineer,Intellias,Germany,Remote,Full-time,,,English,,,Recent,https://de.linkedin.com/jobs/view/embedded-engineer-at-intellias-4383707882,2026-03-11T10:39:34.081297+00:00
14,Tester | Germany,linkedin,Software Tester,Silicon Logic UK Ltd.,"Warstein, North Rhine-Westphalia, Germany",On-site,Contract,,"Oracle, Expert, Sql",English,Expert,,Recent,https://de.linkedin.com/jobs/view/software-tester-at-silicon-logic-uk-ltd-4380451206,2026-03-11T10:36:53.881835+00:00
14,Tester | Germany,linkedin,Game QA Tester,welevel,"Munich, Bavaria, Germany",On-site,Internship,,"Regression Testing, Lead, Senior",English,"Lead, Senior",,Recent,https://de.linkedin.com/jobs/view/game-qa-tester-at-welevel-4371993029,2026-03-11T10:36:53.882042+00:00
14,Tester | Austria,linkedin,Software Tester/Test Engineer (m/w/d),SPAR ICS - Information & Communication Services,"Vienna, Vienna, Austria",Remote,Internship,"Ci/Cd, Playwright, Test Automation","Devops, R, Senior, Junior, Scrum",German,Senior,,Recent,https://at.linkedin.com/jobs/view/software-tester-test-engineer-m-w-d-at-spar-ics-information-communication-services-4373378049,2026-03-11T10:36:56.248551+00:00
14,Tester | Austria,linkedin,Software Tester/Test Engineer (m/w/d),SPAR ICS - Information & Communication Services,"Salzburg, Salzburg, Austria",Remote,Internship,"Ci/Cd, Playwright, Test Automation","Devops, R, Senior, Junior, Scrum",German,Senior,,Recent,https://at.linkedin.com/jobs/view/software-tester-test-engineer-m-w-d-at-spar-ics-information-communication-services-4373379029,2026-03-11T10:36:56.248715+00:00
14,Tester | Austria,linkedin,Quality Assurance Specialist (Software Tester) (m/f/d) - Freelancer,Roche,"Vienna, Vienna, Austria",Remote,Contract,Can,"Freelancer, Agile",English,Freelancer,,Recent,https://at.linkedin.com/jobs/view/quality-assurance-specialist-software-tester-m-f-d-freelancer-at-roche-4375047176,2026-03-11T10:36:56.249048+00:00
14,Tester | Austria,linkedin,Senior Software Tester*in (m/w/d),Value Dimensions Management Services GmbH,"Vienna, Vienna, Austria",On-site,Full-time,"Selenium, Test Automation","Associate, R, Senior, Php, Sql",German,Senior,,Recent,https://at.linkedin.com/jobs/view/senior-software-tester-in-m-w-d-at-value-dimensions-management-services-gmbh-4379556072,2026-03-11T10:36:56.249363+00:00
14,Tester | Austria,linkedin,Senior Software Engineer in Test (Full-Stack/Python),Mindrift,Austria,On-site,Contract,"Ci/Cd, Github Actions, Pytest, Python, Test Automation","Expert, Github, Docker, Senior, React",English,"Expert, Senior",,Recent,https://at.linkedin.com/jobs/view/senior-software-engineer-in-test-full-stack-python-at-mindrift-4382386894,2026-03-11T10:36:56.249516+00:00
14,Tester | Switzerland,linkedin,Senior Test Engineer,H55,"Sion, Valais, Switzerland",Hybrid,Contract,"Can, System Testing","Head Of, Safe, Senior, Assembly",English,Senior,,Recent,https://ch.linkedin.com/jobs/view/senior-test-engineer-at-h55-4375428762,2026-03-11T10:36:58.693518+00:00
14,Tester | Switzerland,linkedin,IT Business Consultant – Software Tester,Forty2 AG,"Lausanne, Vaud, Switzerland",On-site,Full-time,,Consultant,English,Consultant,,Recent,https://ch.linkedin.com/jobs/view/it-business-consultant-%E2%80%93-software-tester-at-forty2-ag-4377720142,2026-03-11T10:36:58.694338+00:00
14,Tester | Remote,linkedin,Senior Software Engineer in Test (Full-Stack/Python),Mindrift,"Cologne, North Rhine-Westphalia, Germany",On-site,Contract,"Ci/Cd, Github Actions, Pytest, Python, Test Automation","Expert, Github, Docker, Senior, React",English,"Expert, Senior",,Recent,https://de.linkedin.com/jobs/view/senior-software-engineer-in-test-full-stack-python-at-mindrift-4382390175,2026-03-11T10:37:01.101047+00:00
14,Tester | Remote,linkedin,Senior Software Engineer in Test (Full-Stack/Python),Mindrift,"Berlin, Berlin, Germany",Remote,Full-time,Python,Senior,English,Senior,,Recent,https://de.linkedin.com/jobs/view/senior-software-engineer-in-test-full-stack-python-at-mindrift-4382394017,2026-03-11T10:37:01.101369+00:00
14,Tester | Remote,linkedin,Senior Software Engineer in Test (Full-Stack/Python),Mindrift,"Hamburg, Hamburg, Germany",Remote,Full-time,Python,Senior,English,Senior,,Recent,https://de.linkedin.com/jobs/view/senior-software-engineer-in-test-full-stack-python-at-mindrift-4382390173,2026-03-11T10:37:01.101524+00:00
14,Tester | Remote,linkedin,Senior Software Engineer in Test (Full-Stack/Python),Mindrift,Germany,On-site,Contract,"Ci/Cd, Github Actions, Pytest, Python, Test Automation","Expert, Github, Docker, Senior, React",English,"Expert, Senior",,Recent,https://de.linkedin.com/jobs/view/senior-software-engineer-in-test-full-stack-python-at-mindrift-4382390174,2026-03-11T10:37:01.101686+00:00
14,Tester | Slovakia,linkedin,Senior Software Engineer in Test,Filevine,"Bratislava, Bratislava, Slovakia",On-site,Full-time,,Senior,English,Senior,,Recent,https://sk.linkedin.com/jobs/view/senior-software-engineer-in-test-at-filevine-4380694723,2026-03-11T10:37:03.463092+00:00
14,Tester | Czech Republic,linkedin,Test Engineer,Eaton,"Bajos de Haina, San Cristóbal, Dominican Republic",Remote,Contract,"C, C++","Oracle, Principal, R, Assembly, Lead",English,"Lead, Principal",,Recent,https://do.linkedin.com/jobs/view/test-engineer-at-eaton-4353191207,2026-03-11T10:37:05.807666+00:00
14,Tester | Czech Republic,linkedin,Test Engineer,Rockwell Automation,"Santo Domingo, Distrito Nacional, Dominican Republic",Remote,Contract,"C, C++, Can","Lead, Agile, Engineering Manager, C#",English,Lead,,Recent,https://do.linkedin.com/jobs/view/test-engineer-at-rockwell-automation-4380581844,2026-03-11T10:37:05.807825+00:00
14,Tester | Czech Republic,linkedin,Senior QA Engineer - ServiceNow (Test Automation) - Finance,Truelogic Software,Dominican Republic,On-site,Full-time,Test Automation,Senior,English,Senior,,Recent,https://do.linkedin.com/jobs/view/senior-qa-engineer-servicenow-test-automation-finance-at-truelogic-software-4371242203,2026-03-11T10:37:05.808211+00:00
14,Tester | Czech Republic,linkedin,Senior Industrialization Test Engineer,Eaton,"Santo Domingo, Distrito Nacional, Dominican Republic",On-site,Full-time,,Senior,English,Senior,,Recent,https://do.linkedin.com/jobs/view/senior-industrialization-test-engineer-at-eaton-4356700885,2026-03-11T10:37:05.808377+00:00
14,QA Engineer | Germany,linkedin,Senior QA Engineer (f/m/x),Enpal,"Berlin, Berlin, Germany",On-site,Full-time,,Senior,English,Senior,,Recent,https://de.linkedin.com/jobs/view/senior-qa-engineer-f-m-x-at-enpal-4381842990,2026-03-11T10:37:15.377204+00:00
14,QA Engineer | Austria,linkedin,Senior Test Automation Engineer (m/w/d),Deutsche Telekom,"Fünfkirchen, Lower Austria, Austria",On-site,Full-time,Test Automation,Senior,English,Senior,,Recent,https://at.linkedin.com/jobs/view/senior-test-automation-engineer-m-w-d-at-deutsche-telekom-4376801923,2026-03-11T10:37:17.798565+00:00
14,QA Engineer | Slovakia,linkedin,Expert Quality Assurance (QA) Engineer,Qualco Group,"Bratislava, Bratislava, Slovakia",On-site,Full-time,,Expert,English,Expert,,Recent,https://sk.linkedin.com/jobs/view/expert-quality-assurance-qa-engineer-at-qualco-group-4381409824,2026-03-11T10:37:25.121523+00:00
14,QA Engineer | Slovakia,linkedin,Senior QA Automation Engineer (E2E Test Automation Engineer),Deutsche Telekom IT Solutions Slovakia,"Košice-Juh, Kosice, Slovakia",On-site,Full-time,Test Automation,Senior,English,Senior,,Recent,https://sk.linkedin.com/jobs/view/senior-qa-automation-engineer-e2e-test-automation-engineer-at-deutsche-telekom-it-solutions-slovakia-4378638366,2026-03-11T10:37:25.121845+00:00
14,QA Engineer | Slovakia,linkedin,Manual QA Engineer (Middle/Senior) ID48059,AgileEngine,"Bratislava, Bratislava, Slovakia",On-site,Full-time,,Senior,English,Senior,,Recent,https://sk.linkedin.com/jobs/view/manual-qa-engineer-middle-senior-id48059-at-agileengine-4376735337,2026-03-11T10:37:25.122496+00:00
14,QA Engineer | Slovakia,linkedin,Manual QA Engineer (Middle/Senior) ID48059,AgileEngine,"Trenčín, Trenciansky, Slovakia",On-site,Full-time,,Senior,English,Senior,,Recent,https://sk.linkedin.com/jobs/view/manual-qa-engineer-middle-senior-id48059-at-agileengine-4376400820,2026-03-11T10:37:25.122651+00:00
14,QA Engineer | United Kingdom,linkedin,Senior QA Engineer,White Rose Education,"Leeds, England, United Kingdom",On-site,Full-time,,Senior,English,Senior,,Recent,https://uk.linkedin.com/jobs/view/senior-qa-engineer-at-white-rose-education-4383701609,2026-03-11T10:37:34.772285+00:00
14,Test Engineer | United Kingdom,linkedin,"QA Engineer (Manual) | Wokingham/Hybrid | £55,000 - £65,000",Opus Recruitment Solutions,"Wokingham, England, United Kingdom",Hybrid,Full-time,Integration Testing,"Performance Testing, Manual Testing, Staff, Jira, Sql, Linux",English,Staff,,Recent,https://uk.linkedin.com/jobs/view/qa-engineer-manual-wokingham-hybrid-%C2%A355-000-%C2%A365-000-at-opus-recruitment-solutions-4379198001,2026-03-11T10:37:56.425466+00:00
14,Testingenieur | Austria,linkedin,Senior Semiconductors Test Engineer - (ONSITE in Switzerland),Gramian Consulting,Austria,On-site,Full-time,,Senior,English,Senior,,Recent,https://at.linkedin.com/jobs/view/senior-semiconductors-test-engineer-onsite-in-switzerland-at-gramian-consulting-4382187810,2026-03-11T10:38:01.281773+00:00
14,Testingenieur | Austria,linkedin,Testmanager:in mit Erfahrung in Testautomatisierung (w/m/d),Flughafen Wien - Vienna Airport,"Schwechat, Lower Austria, Austria",On-site,Full-time,Test Automation,,German,Test Manager,,Recent,https://at.linkedin.com/jobs/view/testmanager-in-mit-erfahrung-in-testautomatisierung-w-m-d-at-flughafen-wien-vienna-airport-4373326709,2026-03-11T10:38:01.282590+00:00
14,Testingenieur | Poland,linkedin,Test Engineer 2,Hyland,Poland,On-site,Contract,Test Automation,"Manual Testing, Agile, Lead, Linux, Regression Testing",English,Lead,,Recent,https://pl.linkedin.com/jobs/view/test-engineer-2-at-hyland-4379447932,2026-03-11T10:38:13.257065+00:00
14,Testingenieur | USA,linkedin,Quality Assurance - Lead (Healthcare),Techstra Solutions,"Pittsburgh, PA",On-site,Full-time,,Lead,English,Lead,,Recent,https://www.linkedin.com/jobs/view/quality-assurance-lead-healthcare-at-techstra-solutions-4378546399,2026-03-11T10:38:15.833179+00:00
14,Testingenieur | USA,linkedin,"Entry Level - Software Engineer - Hybrid - Norcross, GA","USAN, Inc.","Norcross, GA",Hybrid,Full-time,"C, C++, Java, Javascript","Senior, Sql, C#, Linux",English,Senior,,Recent,https://www.linkedin.com/jobs/view/entry-level-software-engineer-hybrid-norcross-ga-at-usan-inc-4378604604,2026-03-11T10:38:15.833329+00:00
14,Testingenieur | United Kingdom,linkedin,Test Engineer,BSI,"Hemel Hempstead, England, United Kingdom",On-site,Contract,Can,"Expert, Senior",English,"Expert, Senior",,Recent,https://uk.linkedin.com/jobs/view/test-engineer-at-bsi-4367290557,2026-03-11T10:38:18.307437+00:00
14,Testingenieur | United Kingdom,linkedin,Test Engineer - PPE,BSI,"Hemel Hempstead, England, United Kingdom",On-site,Contract,Can,"Expert, Senior",English,"Expert, Senior",,Recent,https://uk.linkedin.com/jobs/view/test-engineer-ppe-at-bsi-4372575424,2026-03-11T10:38:18.307596+00:00
14,Testingenieur | United Kingdom,linkedin,Senior Test Engineer,BSI,"Hemel Hempstead, England, United Kingdom",On-site,Full-time,,Senior,English,Senior,,Recent,https://uk.linkedin.com/jobs/view/senior-test-engineer-at-bsi-4372583237,2026-03-11T10:38:18.308598+00:00
14,Test Automation | Germany,linkedin,Senior QA Automation Engineer,1GLOBAL,"Berlin, Berlin, Germany",Remote,Internship,"Go, Javascript, Playwright, Selenium, Typescript","Cypress, R, Senior",English,Senior,,Recent,https://de.linkedin.com/jobs/view/senior-qa-automation-engineer-at-1global-4370672251,2026-03-11T10:38:20.799413+00:00
14,Test Automation | Germany,linkedin,Senior Quality Assurance Engineer,SGI,"Berlin, Germany",On-site,Full-time,,Senior,English,Senior,,Recent,https://de.linkedin.com/jobs/view/senior-quality-assurance-engineer-at-sgi-4363260868,2026-03-11T10:38:20.799730+00:00
14,Test Automation | Germany,linkedin,Senior Quality Engineer,GLS/NXT,"Berlin, Berlin, Germany",On-site,Full-time,,Senior,English,Senior,,Recent,https://de.linkedin.com/jobs/view/senior-quality-engineer-at-gls-nxt-4381213320,2026-03-11T10:38:20.800058+00:00
14,Test Automation | Austria,linkedin,Test Manager (m/w/d),Deutsche Telekom,"Fünfkirchen, Lower Austria, Austria",On-site,Full-time,,,English,Test Manager,,Recent,https://at.linkedin.com/jobs/view/test-manager-m-w-d-at-deutsche-telekom-4376822062,2026-03-11T10:38:23.252850+00:00
14,Test Automation | Austria,linkedin,Senior Test Automation Engineer,AVILOO Battery Diagnostics,"Laxenburg, Lower Austria, Austria",On-site,Full-time,Test Automation,Senior,English,Senior,,Recent,https://at.linkedin.com/jobs/view/senior-test-automation-engineer-at-aviloo-battery-diagnostics-4378165473,2026-03-11T10:38:23.253666+00:00
14,Test Automation | Switzerland,linkedin,Senior Test Automation Engineer / QA Lead (m/w/d),PEAX AG,"Lucerne, Lucerne, Switzerland",On-site,Full-time,Test Automation,"Lead, Senior",English,"Lead, QA Lead, Senior",,Recent,https://ch.linkedin.com/jobs/view/senior-test-automation-engineer-qa-lead-m-w-d-at-peax-ag-4372369646,2026-03-11T10:38:25.626980+00:00
14,Test Automation | Switzerland,linkedin,Senior Quality Analyst,RBW Consulting,"Lachen, Schwyz, Switzerland",On-site,Full-time,,Senior,English,Senior,,Recent,https://ch.linkedin.com/jobs/view/senior-quality-analyst-at-rbw-consulting-4353430000,2026-03-11T10:38:25.627624+00:00
14,Test Automation | Switzerland,linkedin,Senior Quality Manager,Destinus,"Zurich, Zurich, Switzerland",On-site,Full-time,,Senior,English,Senior,,Recent,https://ch.linkedin.com/jobs/view/senior-quality-manager-at-destinus-4372103195,2026-03-11T10:38:25.628107+00:00
14,Test Automation | USA,linkedin,Quality Assurance Tester- Junior (Remote),ICF,"Raleigh, NC",Remote,Contract,Can,"Associate, Product Owner, Agile, Senior, Junior",English,Senior,,Recent,https://www.linkedin.com/jobs/view/quality-assurance-tester-junior-remote-at-icf-4380013715,2026-03-11T10:38:37.794948+00:00
14,Test Automation | United Kingdom,linkedin,Senior Quality Assurance Tester,Dlala Studios,"Witham, England, United Kingdom",On-site,Full-time,,Senior,English,Senior,,Recent,https://uk.linkedin.com/jobs/view/senior-quality-assurance-tester-at-dlala-studios-4378767706,2026-03-11T10:38:40.263728+00:00
14,Test Automation | United Kingdom,linkedin,"Senior Automation Tester - Flutter, Agentic AI & API Systems",DeliveryApp,"Manchester, England, United Kingdom",On-site,Full-time,,Senior,English,Senior,,Recent,https://uk.linkedin.com/jobs/view/senior-automation-tester-flutter-agentic-ai-api-systems-at-deliveryapp-4378790054,2026-03-11T10:38:40.264240+00:00
14,Test Automation | United Kingdom,linkedin,Senior QA Analyst,Rebellion,"Oxford, England, United Kingdom",On-site,Full-time,,Senior,English,Senior,,Recent,https://uk.linkedin.com/jobs/view/senior-qa-analyst-at-rebellion-4383721363,2026-03-11T10:38:40.264401+00:00
14,Python Developer | Germany,linkedin,Senior Python Engineer,Contiamo,"Berlin, Berlin, Germany",On-site,Full-time,Python,Senior,English,Senior,,Recent,https://de.linkedin.com/jobs/view/senior-python-engineer-at-contiamo-4377727532,2026-03-11T10:38:42.756808+00:00
14,Python Developer | Austria,linkedin,Senior Python Developer - Code Migration Specialist,Mindrift,Austria,On-site,Full-time,Python,Senior,English,Senior,,Recent,https://at.linkedin.com/jobs/view/senior-python-developer-code-migration-specialist-at-mindrift-4383323344,2026-03-11T10:38:45.168888+00:00
14,Python Developer | Switzerland,linkedin,Senior Back-End Engineer (Python),ZYTLYN Technologies,"Geneva, Geneva, Switzerland",On-site,Full-time,Python,Senior,English,Senior,,Recent,https://ch.linkedin.com/jobs/view/senior-back-end-engineer-python-at-zytlyn-technologies-4373925817,2026-03-11T10:38:47.565957+00:00
14,Python Developer | Slovakia,linkedin,Software Engineer - Python,Legend,"Bratislava, Bratislava, Slovakia",On-site,Internship,"Can, Pytest, Python, Unit Testing","Microservices, Aws, Pandas, Git, Senior, Php, Engineering Manager",English,Senior,,Recent,https://sk.linkedin.com/jobs/view/software-engineer-python-at-legend-4371203262,2026-03-11T10:38:52.371569+00:00
14,Python Developer | USA,linkedin,"Senior Python Engineer, Truework",Tessera Data,"San Francisco, CA",On-site,Full-time,Python,Senior,English,Senior,,Recent,https://www.linkedin.com/jobs/view/senior-python-engineer-truework-at-tessera-data-4380193968,2026-03-11T10:38:59.697579+00:00
14,Python Test | Czech Republic,linkedin,Senior Quality Engineer,BD Nogales Norte,"Santo Domingo, Distrito Nacional, Dominican Republic",On-site,Full-time,,Senior,English,Senior,,Recent,https://do.linkedin.com/jobs/view/senior-quality-engineer-at-bd-nogales-norte-4378364739,2026-03-11T10:39:16.713931+00:00
14,Python Test | Poland,linkedin,Junior QA Automation Engineer,Talan,"Warsaw, Mazowieckie, Poland",Hybrid,Contract,"Can, Ci/Cd, Generative Ai, Java, Jenkins, Test Automation","Oracle, Junior, Unix, Junit, Lead, Aws, Manual Testing, Linux, Scrum, Microservices",English,Lead,,Recent,https://pl.linkedin.com/jobs/view/junior-qa-automation-engineer-at-talan-4367209775,2026-03-11T10:39:19.154631+00:00
14,Python Test | USA,linkedin,Junior Software Quality Engineer,Helic & Co.,United States,Remote,Internship,"Ci/Cd, Integration Testing, Java, Jenkins, Python, Selenium","Testng, Postman, Entry-Level, Agile, Senior, Junior, Jira, Junit, Scrum",English,Senior,,Recent,https://www.linkedin.com/jobs/view/junior-software-quality-engineer-at-helic-co-4383825560,2026-03-11T10:39:21.822404+00:00
14,Python Test | United Kingdom,linkedin,Senior QA Engineer,Swap,United Kingdom,On-site,Full-time,,Senior,English,Senior,,Recent,https://uk.linkedin.com/jobs/view/senior-qa-engineer-at-swap-4383727084,2026-03-11T10:39:24.323078+00:00
14,Firmware Engineer | Germany,linkedin,Senior Software Engineer,Zeta Global,"Berlin, Germany",On-site,Full-time,,Senior,English,Senior,,Recent,https://de.linkedin.com/jobs/view/senior-software-engineer-at-zeta-global-4377397408,2026-03-11T10:39:26.760265+00:00
14,Firmware Engineer | Germany,linkedin,Senior Software Engineer - Nvidia Platform,Autobrains Technologies,"Munich, Bavaria, Germany",On-site,Full-time,,Senior,English,Senior,,Recent,https://de.linkedin.com/jobs/view/senior-software-engineer-nvidia-platform-at-autobrains-technologies-4380448307,2026-03-11T10:39:26.760421+00:00
14,Firmware Engineer | Austria,linkedin,Software Engineer: Tech Lead (f/m/d),CELUM,"Vienna, Vienna, Austria",On-site,Full-time,,"Lead, Tech Lead",English,Lead,,Recent,https://at.linkedin.com/jobs/view/software-engineer-tech-lead-f-m-d-at-celum-4382999356,2026-03-11T10:39:29.181865+00:00
14,Firmware Engineer | Switzerland,linkedin,Senior Software Engineer,Nexthink,"Lausanne, Vaud, Switzerland",On-site,Full-time,,Senior,English,Senior,,Recent,https://ch.linkedin.com/jobs/view/senior-software-engineer-at-nexthink-4383323245,2026-03-11T10:39:31.621029+00:00
14,Firmware Engineer | Switzerland,linkedin,Senior Software Engineer,Ripple,"Geneva, Geneva, Switzerland",On-site,Full-time,,Senior,English,Senior,,Recent,https://ch.linkedin.com/jobs/view/senior-software-engineer-at-ripple-4377610063,2026-03-11T10:39:31.621330+00:00
14,Firmware Engineer | Remote,linkedin,Principal Software Engineer - EU,MLabs,Germany,Remote,Full-time,,Principal,English,Principal,,Recent,https://de.linkedin.com/jobs/view/principal-software-engineer-eu-at-mlabs-4383721929,2026-03-11T10:39:34.081942+00:00
14,Firmware Engineer | Remote,linkedin,Senior Embedded Engineer (m/w/d),QAVION GROUP,Germany,Remote,Full-time,,Senior,English,Senior,,Recent,https://de.linkedin.com/jobs/view/senior-embedded-engineer-m-w-d-at-qavion-group-4364577288,2026-03-11T10:39:34.082096+00:00
14,Firmware Engineer | Slovakia,linkedin,Software Engineer (Mid-Senior Level),Innovatrics,"Bratislava, Slovakia",On-site,Full-time,,Senior,English,Senior,,Recent,https://sk.linkedin.com/jobs/view/software-engineer-mid-senior-level-at-innovatrics-4375210171,2026-03-11T10:39:36.477991+00:00
14,Firmware Engineer | Czech Republic,linkedin,Senior Software Engineer - (React) - E-Commerce,Truelogic Software,Dominican Republic,On-site,Full-time,,"Senior, React",English,Senior,,Recent,https://do.linkedin.com/jobs/view/senior-software-engineer-react-e-commerce-at-truelogic-software-4382159366,2026-03-11T10:39:38.927286+00:00
14,Firmware Engineer | Poland,linkedin,Graduate software engineer,Meetup,Poland,Remote,Contract,"Can, Ci/Cd, Go, Python, Rust","Microservices, Kubernetes, Grpc, Docker, Graduate, Lead",English,Lead,,Recent,https://pl.linkedin.com/jobs/view/graduate-software-engineer-at-meetup-4381380211,2026-03-11T10:39:41.367825+00:00
14,Firmware Engineer | USA,linkedin,Embedded Software Engineer,Meta,"Burlingame, CA",On-site,Internship,"C, C++, Firmware, I2C, Rtos, Spi","Lead, Machine Learning, Architect, Computer Vision",English,"Architect, Lead",,Recent,https://www.linkedin.com/jobs/view/embedded-software-engineer-at-meta-4301803390,2026-03-11T10:39:44.021593+00:00
14,Firmware Engineer | USA,linkedin,New Grad Software Engineer,Authentic,"New York, NY",On-site,Contract,"Can, Python","Expert, Aws, Postgresql, Gcp, Fastapi, Internship, React",English,Expert,,Recent,https://www.linkedin.com/jobs/view/new-grad-software-engineer-at-authentic-4377107338,2026-03-11T10:39:44.021888+00:00
14,Firmware Engineer | USA,linkedin,Embedded Software Engineer,Meta,"Redmond, WA",On-site,Internship,"C, C++, Firmware, I2C, Rtos, Spi","Lead, Machine Learning, Architect, Computer Vision",English,"Architect, Lead",,Recent,https://www.linkedin.com/jobs/view/embedded-software-engineer-at-meta-4301812138,2026-03-11T10:39:44.022068+00:00
14,Firmware Engineer | USA,linkedin,Embedded Software Engineer,Meta,"Sunnyvale, CA",On-site,Internship,"C, C++, Firmware, I2C, Rtos, Spi","Lead, Machine Learning, Architect, Computer Vision",English,"Architect, Lead",,Recent,https://www.linkedin.com/jobs/view/embedded-software-engineer-at-meta-4301499980,2026-03-11T10:39:44.022226+00:00
14,Firmware Engineer | USA,linkedin,Software Engineer (New Grads) -  New York,Giga,"New York, NY",On-site,Contract,"Ai Agents, Can, Go","Senior, Internship",English,Senior,,Recent,https://www.linkedin.com/jobs/view/software-engineer-new-grads-new-york-at-giga-4374834620,2026-03-11T10:39:44.022376+00:00
14,Firmware Engineer | United Kingdom,linkedin,Senior Embedded Firmware Engineer,Camlin Energy,"Lisburn, Northern Ireland, United Kingdom",On-site,Full-time,Firmware,Senior,English,Senior,,Recent,https://uk.linkedin.com/jobs/view/senior-embedded-firmware-engineer-at-camlin-energy-4381147080,2026-03-11T10:39:46.522245+00:00
0,Tester | Germany,linkedin,Software Engineer in Test (Berlin),Cresta,"Berlin, Berlin, Germany",On-site,Contract,"Can, Ci/Cd, Go, Playwright, Typescript","Cypress, Manual Testing, Grafana, Datadog",English,,,Recent,https://de.linkedin.com/jobs/view/software-engineer-in-test-berlin-at-cresta-4343158227,2026-03-11T10:36:53.881302+00:00
0,Tester | Germany,linkedin,Junior Software QA Tester,Recare,Germany,Remote,Contract,Can,"Postman, Manual Testing, Agile, Junior, Jira, Working Student",English,,,Recent,https://de.linkedin.com/jobs/view/junior-software-qa-tester-at-recare-4381610592,2026-03-11T10:36:53.881501+00:00
0,Tester | Germany,linkedin,Software Test Engineer (m/w/d),LACROIX,"Cologne, North Rhine-Westphalia, Germany",Remote,Internship,"Pytest, Python","Associate, Confluence, R, Jira, Gitlab, Linux",German,,,Recent,https://de.linkedin.com/jobs/view/software-test-engineer-m-w-d-at-lacroix-4371758144,2026-03-11T10:36:53.881673+00:00
0,Tester | Germany,linkedin,QA Engineer,Assemblio,"Stuttgart, Baden-Württemberg, Germany",On-site,Full-time,"Ci/Cd, Integration Testing","Devops, Cypress, Grpc",English,,,Recent,https://de.linkedin.com/jobs/view/qa-engineer-at-assemblio-4376728345,2026-03-11T10:36:53.882201+00:00
0,Tester | Germany,linkedin,Software Test Engineer (d/f/m),Coherent Corp.,"Göttingen, Lower Saxony, Germany",On-site,Full-time,,,English,,,Recent,https://de.linkedin.com/jobs/view/software-test-engineer-d-f-m-at-coherent-corp-4330216392,2026-03-11T10:36:53.882359+00:00
0,Tester | Germany,linkedin,Quality Assurance Tester (m/f/d),MoPla Solutions GmbH,"Augsburg, Bavaria, Germany",Remote,Full-time,,"Postman, Manual Testing, Agile, Kanban, Scrum",English,,,Recent,https://de.linkedin.com/jobs/view/quality-assurance-tester-m-f-d-at-mopla-solutions-gmbh-4375222169,2026-03-11T10:36:53.882522+00:00
0,Tester | Germany,linkedin,App-Tester  (m/w/d),clickworker,Germany,On-site,Full-time,,,English,,,Recent,https://de.linkedin.com/jobs/view/app-tester-m-w-d-at-clickworker-4375907759,2026-03-11T10:36:53.882826+00:00
0,Tester | Austria,linkedin,Software Tester*in,Agrarmarkt Austria,"Vienna, Vienna, Austria",On-site,Full-time,,,English,,,Recent,https://at.linkedin.com/jobs/view/software-tester-in-at-agrarmarkt-austria-4381271914,2026-03-11T10:36:56.248047+00:00
0,Tester | Austria,linkedin,Junior Test Engineer (w/m/d),Pankl Turbosystems GmbH,"Bruck an der Mur, Styria, Austria",On-site,Full-time,,Junior,German,,,Recent,https://at.linkedin.com/jobs/view/junior-test-engineer-w-m-d-at-pankl-turbosystems-gmbh-4380268475,2026-03-11T10:36:56.248233+00:00
0,Tester | Austria,linkedin,Test Engineer,Noir,"Linz, Upper Austria, Austria",On-site,Full-time,,,English,,,Recent,https://at.linkedin.com/jobs/view/test-engineer-at-noir-4381962762,2026-03-11T10:36:56.248395+00:00
0,Tester | Austria,linkedin,Junior Test Engineer (m/w/d),XAL,"Graz, Styria, Austria",On-site,Full-time,,"R, Junior, Associate",German,,,Recent,https://at.linkedin.com/jobs/view/junior-test-engineer-m-w-d-at-xal-4381299543,2026-03-11T10:36:56.248868+00:00
0,Tester | Austria,linkedin,Software Test Engineer & Documentation Writer (w/m/d),Delegate Group,"Vienna, Vienna, Austria",On-site,Full-time,"Ci/Cd, Continuous Testing, Playwright, Selenium, Test Automation","Azure, Microservices, Oracle, Devops, Associate, R, Docker, Kanban, Sql Server, Sql",German,,,Recent,https://at.linkedin.com/jobs/view/software-test-engineer-documentation-writer-w-m-d-at-delegate-group-4379825967,2026-03-11T10:36:56.249207+00:00
0,Tester | Switzerland,linkedin,Software Tester,yiuu.io | Sandro Toneatto Consulting,"Zurich, Zurich, Switzerland",On-site,Full-time,,,English,,,Recent,https://ch.linkedin.com/jobs/view/software-tester-at-yiuu-io-sandro-toneatto-consulting-4364753057,2026-03-11T10:36:58.693691+00:00
0,Tester | Switzerland,linkedin,Software Test Engineer (a),StaffLnk GmbH,"Berne, Switzerland",On-site,Full-time,,,English,,,Recent,https://ch.linkedin.com/jobs/view/software-test-engineer-a-at-stafflnk-gmbh-4378901898,2026-03-11T10:36:58.693847+00:00
0,Tester | Switzerland,linkedin,T24 Test Analyst,SGI,"Zurich, Zurich, Switzerland",On-site,Full-time,,,English,,,Recent,https://ch.linkedin.com/jobs/view/t24-test-analyst-at-sgi-4375670964,2026-03-11T10:36:58.694024+00:00
0,Tester | Switzerland,linkedin,Software Test Automation Engineer,AYES - Management & Technology Consulting,Switzerland,On-site,Full-time,Test Automation,,English,,,Recent,https://ch.linkedin.com/jobs/view/software-test-automation-engineer-at-ayes-management-technology-consulting-4383801077,2026-03-11T10:36:58.694182+00:00
0,Tester | Switzerland,linkedin,Test Engineer / System-Ingenieur Fahrzeugsoftware (w/m/d),Randstad Switzerland,"Thurgau, Switzerland",On-site,Full-time,,,English,,,Recent,https://ch.linkedin.com/jobs/view/test-engineer-system-ingenieur-fahrzeugsoftware-w-m-d-at-randstad-switzerland-4363909299,2026-03-11T10:36:58.694497+00:00
0,Tester | Switzerland,linkedin,Software Test Engineer (m/w/d),Nexplore AG,"Berne, Switzerland",On-site,Full-time,,,English,,,Recent,https://ch.linkedin.com/jobs/view/software-test-engineer-m-w-d-at-nexplore-ag-4373941982,2026-03-11T10:36:58.694653+00:00
0,Tester | Switzerland,linkedin,Test Engineer,Transgourmet/Prodega Schweiz,"Berne, Switzerland",On-site,Full-time,,,English,,,Recent,https://ch.linkedin.com/jobs/view/test-engineer-at-transgourmet-prodega-schweiz-4373330476,2026-03-11T10:36:58.694802+00:00
0,Tester | Switzerland,linkedin,Test und Quality Engineer,ti&m,"Zurich, Zurich, Switzerland",On-site,Full-time,,,German,,,Recent,https://ch.linkedin.com/jobs/view/test-und-quality-engineer-at-ti-m-4374300155,2026-03-11T10:36:58.694970+00:00
0,Tester | Remote,linkedin,Quality Assurance Engineer (m/w/d),ISO-Gruppe,"Bonn, North Rhine-Westphalia, Germany",Remote,Full-time,,,English,,,Recent,https://de.linkedin.com/jobs/view/quality-assurance-engineer-m-w-d-at-iso-gruppe-4358570111,2026-03-11T10:37:01.100688+00:00
0,Tester | Remote,linkedin,Test Engineer (w/m/d) - Deutschlandweit,smapOne AG,Germany,Remote,Full-time,,,English,,,Recent,https://de.linkedin.com/jobs/view/test-engineer-w-m-d-deutschlandweit-at-smapone-ag-4373535881,2026-03-11T10:37:01.100845+00:00
0,Tester | Remote,linkedin,Test Case Engineer (m/w/d),citema systems GmbH,Germany,Remote,Full-time,,,English,,,Recent,https://de.linkedin.com/jobs/view/test-case-engineer-m-w-d-at-citema-systems-gmbh-4375507904,2026-03-11T10:37:01.101212+00:00
0,Tester | Remote,linkedin,Linguistic Tester | German,Acclaro,Germany,Remote,Full-time,,,English,,,Recent,https://de.linkedin.com/jobs/view/linguistic-tester-german-at-acclaro-4382935413,2026-03-11T10:37:01.101838+00:00
0,Tester | Slovakia,linkedin,Student SW Tester (Part-time position),Surglogs,Slovakia,On-site,Internship,,,English,,,Recent,https://sk.linkedin.com/jobs/view/student-sw-tester-part-time-position-at-surglogs-4380933837,2026-03-11T10:37:03.462409+00:00
0,Tester | Slovakia,linkedin,Test Engineer,ComAp Group,"Košice, Kosice, Slovakia",On-site,Full-time,,,English,,,Recent,https://sk.linkedin.com/jobs/view/test-engineer-at-comap-group-4377776144,2026-03-11T10:37:03.462582+00:00
0,Tester | Slovakia,linkedin,Junior Agile Tester,ESET,"Bratislava, Bratislava, Slovakia",On-site,Full-time,,"Agile, Junior",English,,,Recent,https://sk.linkedin.com/jobs/view/junior-agile-tester-at-eset-4374813990,2026-03-11T10:37:03.462752+00:00
0,Tester | Slovakia,linkedin,IT Tester,GRAINTECH,"Bratislava, Slovakia",On-site,Full-time,,,English,,,Recent,https://sk.linkedin.com/jobs/view/it-tester-at-graintech-4378906482,2026-03-11T10:37:03.462929+00:00
0,Tester | Slovakia,linkedin,Manual QA Tester,Descartes Systems Group,"Žilina, Zilina, Slovakia",On-site,Full-time,,,English,,,Recent,https://sk.linkedin.com/jobs/view/manual-qa-tester-at-descartes-systems-group-4382115365,2026-03-11T10:37:03.463247+00:00
0,Tester | Slovakia,linkedin,Software Test Engineer (all genders),StreamUnlimited - #1 in Embedded Streaming / Voice Assistant Technology,"Bratislava, Bratislava, Slovakia",On-site,Full-time,,,English,,,Recent,https://sk.linkedin.com/jobs/view/software-test-engineer-all-genders-at-streamunlimited-%231-in-embedded-streaming-voice-assistant-technology-4374832623,2026-03-11T10:37:03.463410+00:00
0,Tester | Slovakia,linkedin,Test engineer,Magna International,"Kechnec, Kosice, Slovakia",On-site,Internship,,,English,,,Recent,https://sk.linkedin.com/jobs/view/test-engineer-at-magna-international-4219197667,2026-03-11T10:37:03.463566+00:00
0,Tester | Slovakia,linkedin,Test engineer-1,Magna International,"Kechnec, Kosice, Slovakia",On-site,Internship,,,English,,,Recent,https://sk.linkedin.com/jobs/view/test-engineer-1-at-magna-international-4284413507,2026-03-11T10:37:03.463727+00:00
0,Tester | Slovakia,linkedin,Software Test Engineer,Takeda,"Bratislava, Bratislava, Slovakia",On-site,Full-time,,,English,,,Recent,https://sk.linkedin.com/jobs/view/software-test-engineer-at-takeda-4361028383,2026-03-11T10:37:03.463881+00:00
0,Tester | Czech Republic,linkedin,QA Tester,Infosyp,"Santo Domingo de Guzmán, Distrito Nacional, Dominican Republic",On-site,Full-time,,,English,,,Recent,https://do.linkedin.com/jobs/view/qa-tester-at-infosyp-4380484222,2026-03-11T10:37:05.806986+00:00
0,Tester | Czech Republic,linkedin,Test Automation QA Engineer,Ethics Code,Dominican Republic,On-site,Full-time,Test Automation,,English,,,Recent,https://do.linkedin.com/jobs/view/test-automation-qa-engineer-at-ethics-code-4381989660,2026-03-11T10:37:05.807176+00:00
0,Tester | Czech Republic,linkedin,TESTER DESARROLLO SISTEMAS AGILE,Banco Popular Dominicano,"Santo Domingo, Distrito Nacional, Dominican Republic",On-site,Full-time,,Agile,English,,,Recent,https://do.linkedin.com/jobs/view/tester-desarrollo-sistemas-agile-at-banco-popular-dominicano-4374026679,2026-03-11T10:37:05.807345+00:00
0,Tester | Czech Republic,linkedin,QA Tester,Infosyp,"Santiago de los Caballeros, Santiago, Dominican Republic",On-site,Full-time,,,English,,,Recent,https://do.linkedin.com/jobs/view/qa-tester-at-infosyp-4383755656,2026-03-11T10:37:05.807509+00:00
0,Tester | Czech Republic,linkedin,Software Development Engineer in Test,Origami Risk,"Santo Domingo, Distrito Nacional, Dominican Republic",On-site,Full-time,,,English,,,Recent,https://do.linkedin.com/jobs/view/software-development-engineer-in-test-at-origami-risk-4375488057,2026-03-11T10:37:05.808046+00:00
0,Tester | Czech Republic,linkedin,Coordinator.MFG.Maintenance,Eaton,"Santiago de los Caballeros, Santiago, Dominican Republic",On-site,Full-time,,,English,,,Recent,https://do.linkedin.com/jobs/view/coordinator-mfg-maintenance-at-eaton-4375530633,2026-03-11T10:37:05.808531+00:00
0,Tester | Poland,linkedin,QA / Manual Tester,Vendo,"Warsaw, Mazowieckie, Poland",On-site,Full-time,,,English,,,Recent,https://pl.linkedin.com/jobs/view/qa-manual-tester-at-vendo-4371293516,2026-03-11T10:37:08.162439+00:00
0,Tester | Poland,linkedin,Manual Tester,ipracujzdalnie.pl,"Warsaw, Mazowieckie, Poland",On-site,Full-time,,,English,,,Recent,https://pl.linkedin.com/jobs/view/manual-tester-at-ipracujzdalnie-pl-4376817360,2026-03-11T10:37:08.162618+00:00
0,Tester | Poland,linkedin,Manual Tester,ipracujzdalnie.pl,"Cracow, Małopolskie, Poland",On-site,Full-time,,,English,,,Recent,https://pl.linkedin.com/jobs/view/manual-tester-at-ipracujzdalnie-pl-4376809585,2026-03-11T10:37:08.162773+00:00
0,Tester | Poland,linkedin,Manual Tester,ipracujzdalnie.pl,"Lublin, Lubelskie, Poland",On-site,Full-time,,,English,,,Recent,https://pl.linkedin.com/jobs/view/manual-tester-at-ipracujzdalnie-pl-4376828013,2026-03-11T10:37:08.162959+00:00
0,Tester | Poland,linkedin,Manual Tester,ipracujzdalnie.pl,"Wrocław, Dolnośląskie, Poland",Remote,Contract,Can,"Manual Testing, Agile, Sql, Scrum",English,,,Recent,https://pl.linkedin.com/jobs/view/manual-tester-at-ipracujzdalnie-pl-4376806903,2026-03-11T10:37:08.163118+00:00
0,Tester | Poland,linkedin,Manual Tester,ipracujzdalnie.pl,"Poznań, Wielkopolskie, Poland",On-site,Full-time,,,English,,,Recent,https://pl.linkedin.com/jobs/view/manual-tester-at-ipracujzdalnie-pl-4378376979,2026-03-11T10:37:08.163282+00:00
0,Tester | Poland,linkedin,Junior Game Tester (FPS Player),8Bit - Games Industry Recruitment,"Warsaw, Mazowieckie, Poland",On-site,Full-time,,Junior,English,,,Recent,https://pl.linkedin.com/jobs/view/junior-game-tester-fps-player-at-8bit-games-industry-recruitment-4377829596,2026-03-11T10:37:08.163440+00:00
0,Tester | Poland,linkedin,Manual Tester,ipracujzdalnie.pl,"Katowice, Śląskie, Poland",On-site,Full-time,,,English,,,Recent,https://pl.linkedin.com/jobs/view/manual-tester-at-ipracujzdalnie-pl-4376811627,2026-03-11T10:37:08.163592+00:00
0,Tester | Poland,linkedin,Manual Tester,ipracujzdalnie.pl,"Gdańsk, Pomorskie, Poland",On-site,Full-time,,,English,,,Recent,https://pl.linkedin.com/jobs/view/manual-tester-at-ipracujzdalnie-pl-4376817359,2026-03-11T10:37:08.163758+00:00
0,Tester | Poland,linkedin,Manual Tester,ipracujzdalnie.pl,"Rzeszów, Podkarpackie, Poland",On-site,Full-time,,,English,,,Recent,https://pl.linkedin.com/jobs/view/manual-tester-at-ipracujzdalnie-pl-4376807853,2026-03-11T10:37:08.163928+00:00
0,Tester | USA,linkedin,Language QA Tester,Nintendo,"Redmond, WA",On-site,Full-time,,,English,,,Recent,https://www.linkedin.com/jobs/view/language-qa-tester-at-nintendo-4383833979,2026-03-11T10:37:10.632800+00:00
0,Tester | USA,linkedin,[Entry Level] Software Tester,Lensa,"Plano, TX",On-site,Full-time,,,English,,,Recent,https://www.linkedin.com/jobs/view/entry-level-software-tester-at-lensa-4383877541,2026-03-11T10:37:10.632998+00:00
0,Tester | USA,linkedin,[Entry Level] Software Tester,Lensa,"Bellevue, WA",On-site,Full-time,,,English,,,Recent,https://www.linkedin.com/jobs/view/entry-level-software-tester-at-lensa-4383879550,2026-03-11T10:37:10.633163+00:00
0,Tester | USA,linkedin,QA Manual Tester,Enexus Global Inc.,"Mountain View, CA",On-site,Full-time,,,English,,,Recent,https://www.linkedin.com/jobs/view/qa-manual-tester-at-enexus-global-inc-4380495843,2026-03-11T10:37:10.633325+00:00
0,Tester | USA,linkedin,Manual Tester,"Delphi-US, LLC - Peacemakers in the Talent War","Augusta, ME",On-site,Full-time,,,English,,,Recent,https://www.linkedin.com/jobs/view/manual-tester-at-delphi-us-llc-peacemakers-in-the-talent-war-4381599550,2026-03-11T10:37:10.633478+00:00
0,Tester | USA,linkedin,[Entry Level] Software Tester,Lensa,"Englewood Cliffs, NJ",On-site,Full-time,,,English,,,Recent,https://www.linkedin.com/jobs/view/entry-level-software-tester-at-lensa-4383876683,2026-03-11T10:37:10.633636+00:00
0,Tester | USA,linkedin,Remote Manual QA Tester,Lensa,"Hartford, CT",Remote,Full-time,"Can, Github Copilot, Playwright, Selenium","Azure, Devops, Postman, Cypress, Manual Testing, Github, Gcp, Jira, Agile, Google Cloud",English,,,Recent,https://www.linkedin.com/jobs/view/remote-manual-qa-tester-at-lensa-4383875715,2026-03-11T10:37:10.633795+00:00
0,Tester | USA,linkedin,100% Remote Business Analyst / QA Tester,Summit Human Capital,United States,Remote,Full-time,,,English,,,Recent,https://www.linkedin.com/jobs/view/100%25-remote-business-analyst-qa-tester-at-summit-human-capital-4378187651,2026-03-11T10:37:10.633969+00:00
0,Tester | USA,linkedin,Manual tester,BCforward,"Rochester, MN",On-site,Full-time,,,English,,,Recent,https://www.linkedin.com/jobs/view/manual-tester-at-bcforward-4382132487,2026-03-11T10:37:10.634138+00:00
0,Tester | USA,linkedin,Software Test (QA) Engineer,The Mechanical Licensing Collective,"Nashville, TN",On-site,Full-time,,,English,,,Recent,https://www.linkedin.com/jobs/view/software-test-qa-engineer-at-the-mechanical-licensing-collective-4383316258,2026-03-11T10:37:10.634288+00:00
0,Tester | United Kingdom,linkedin,QA Tester,Methods,"London, England, United Kingdom",On-site,Full-time,,,English,,,Recent,https://uk.linkedin.com/jobs/view/qa-tester-at-methods-4374556931,2026-03-11T10:37:13.014195+00:00
0,Tester | United Kingdom,linkedin,Junior Software Tester,Apply4U | Apply4U | Human-Assisted AI Job & Recruitment Platform,United Kingdom,On-site,Full-time,,Junior,English,,,Recent,https://uk.linkedin.com/jobs/view/junior-software-tester-at-apply4u-apply4u-human-assisted-ai-job-recruitment-platform-4371404856,2026-03-11T10:37:13.014366+00:00
0,Tester | United Kingdom,linkedin,Test Engineer,Hamiltonian Dynamics,"Manchester, England, United Kingdom",On-site,Full-time,,,English,,,Recent,https://uk.linkedin.com/jobs/view/test-engineer-at-hamiltonian-dynamics-4370527081,2026-03-11T10:37:13.014525+00:00
0,Tester | United Kingdom,linkedin,Test Engineer,Amber Labs,"Manchester Area, United Kingdom",On-site,Full-time,,,English,,,Recent,https://uk.linkedin.com/jobs/view/test-engineer-at-amber-labs-4379921893,2026-03-11T10:37:13.014685+00:00
0,Tester | United Kingdom,linkedin,Quality Engineer : Manual Software Testing (Hybrid),TipTopJob,"Durham, England, United Kingdom",Hybrid,Full-time,Claude,"Postman, Manual Testing, Git, Agile, Safe, Regression Testing",English,,,Recent,https://uk.linkedin.com/jobs/view/quality-engineer-manual-software-testing-hybrid-at-tiptopjob-4378665703,2026-03-11T10:37:13.014838+00:00
0,Tester | United Kingdom,linkedin,Quality Assurance Tester,Impactive IT,"Wakefield, England, United Kingdom",On-site,Full-time,,,English,,,Recent,https://uk.linkedin.com/jobs/view/quality-assurance-tester-at-impactive-it-4382950856,2026-03-11T10:37:13.015013+00:00
0,Tester | United Kingdom,linkedin,QA Manual Tester,MCS Rental Software,"Maidenhead, England, United Kingdom",On-site,Full-time,,,English,,,Recent,https://uk.linkedin.com/jobs/view/qa-manual-tester-at-mcs-rental-software-4382920727,2026-03-11T10:37:13.015166+00:00
0,Tester | United Kingdom,linkedin,Software Engineer in Test,Christopher Ali,United Kingdom,On-site,Full-time,,,English,,,Recent,https://uk.linkedin.com/jobs/view/software-engineer-in-test-at-christopher-ali-4371511617,2026-03-11T10:37:13.015316+00:00
0,Tester | United Kingdom,linkedin,QA Manual Test Engineer,Expleo Group,"Birmingham, England, United Kingdom",On-site,Full-time,,,English,,,Recent,https://uk.linkedin.com/jobs/view/qa-manual-test-engineer-at-expleo-group-4383328507,2026-03-11T10:37:13.015477+00:00
0,Tester | United Kingdom,linkedin,Software Test Engineer,"Halian | Managed Services, Recruitment Agency & Contract Staffing","Bracknell, England, United Kingdom",On-site,Contract,,,English,,,Recent,https://uk.linkedin.com/jobs/view/software-test-engineer-at-halian-managed-services-recruitment-agency-contract-staffing-4378886736,2026-03-11T10:37:13.015633+00:00
0,QA Engineer | Germany,linkedin,Electrical QA/QC Engineer,Talent Hired,"Frankfurt, Hesse, Germany",On-site,Full-time,,,English,,,Recent,https://de.linkedin.com/jobs/view/electrical-qa-qc-engineer-at-talent-hired-4380342848,2026-03-11T10:37:15.377018+00:00
0,QA Engineer | Germany,linkedin,QA Engineer,Westernacher Solutions,"Berlin, Germany",On-site,Full-time,,,English,,,Recent,https://de.linkedin.com/jobs/view/qa-engineer-at-westernacher-solutions-4372474254,2026-03-11T10:37:15.377517+00:00
0,QA Engineer | Austria,linkedin,Software Quality Engineer,Ketryx,"Vienna, Vienna, Austria",On-site,Full-time,,,English,,,Recent,https://at.linkedin.com/jobs/view/software-quality-engineer-at-ketryx-4308973953,2026-03-11T10:37:17.797722+00:00
0,QA Engineer | Austria,linkedin,Procurement Quality Assurance Engineer,Mane Contract Services,"Salzburg, Austria",On-site,Contract,,,English,,,Recent,https://at.linkedin.com/jobs/view/procurement-quality-assurance-engineer-at-mane-contract-services-4374880986,2026-03-11T10:37:17.797896+00:00
0,QA Engineer | Austria,linkedin,QA & Verifications Engineer,Jobgether,Austria,On-site,Full-time,,,English,,,Recent,https://at.linkedin.com/jobs/view/qa-verifications-engineer-at-jobgether-4382631351,2026-03-11T10:37:17.798089+00:00
0,QA Engineer | Austria,linkedin,QA Engineer (AI native),nyra health,"Vienna, Austria",On-site,Full-time,,,English,,,Recent,https://at.linkedin.com/jobs/view/qa-engineer-ai-native-at-nyra-health-4380894667,2026-03-11T10:37:17.798242+00:00
0,QA Engineer | Austria,linkedin,Software QA Engineer (Embedded Systems),Berkeley Square - Talent Specialists in IT & Engineering,"Vorarlberg, Austria",On-site,Full-time,"C, Embedded Systems, Hil, Python","Devops, Git, Agile, Linux",English,,,Recent,https://at.linkedin.com/jobs/view/software-qa-engineer-embedded-systems-at-berkeley-square-talent-specialists-in-it-engineering-4372602220,2026-03-11T10:37:17.798724+00:00
0,QA Engineer | Austria,linkedin,QA Engineer (m/w/d),RINGANA,"Vienna, Vienna, Austria",On-site,Full-time,,,English,,,Recent,https://at.linkedin.com/jobs/view/qa-engineer-m-w-d-at-ringana-4353952752,2026-03-11T10:37:17.798873+00:00
0,QA Engineer | Austria,linkedin,Quality Assurance Engineer (all genders),TeamViewer,"Linz, Upper Austria, Austria",On-site,Contract,"C, Ci/Cd, Java, Javascript, Jenkins, Python","R, Jira, C#, Scrum",English,,,Recent,https://at.linkedin.com/jobs/view/quality-assurance-engineer-all-genders-at-teamviewer-4380586162,2026-03-11T10:37:17.799042+00:00
0,QA Engineer | Austria,linkedin,Supplier Test Engineer (all genders),Lam Research,"Villach, Carinthia, Austria",On-site,Full-time,,,English,,,Recent,https://at.linkedin.com/jobs/view/supplier-test-engineer-all-genders-at-lam-research-4377926919,2026-03-11T10:37:17.799196+00:00
0,QA Engineer | Switzerland,linkedin,Entry-Level Quality Assurance Engineer,Graphic Space,"Zurich, Zurich, Switzerland",On-site,Full-time,,Entry-Level,English,,,Recent,https://ch.linkedin.com/jobs/view/entry-level-quality-assurance-engineer-at-graphic-space-4382558850,2026-03-11T10:37:20.183577+00:00
0,QA Engineer | Switzerland,linkedin,Quality Assurance Engineer 100%,"Bodenmiller Recruitment GmbH | Recruitment for critical hires in Life Sciences, IT, and Engineering","Schaffhausen, Switzerland",Remote,Full-time,,,English,,,Recent,https://ch.linkedin.com/jobs/view/quality-assurance-engineer-100%25-at-bodenmiller-recruitment-gmbh-recruitment-for-critical-hires-in-life-sciences-it-and-engineering-4383310226,2026-03-11T10:37:20.183767+00:00
0,QA Engineer | Switzerland,linkedin,QA Software Engineer,Bucher + Suter,Greater Bern Area,On-site,Full-time,,,English,,,Recent,https://ch.linkedin.com/jobs/view/qa-software-engineer-at-bucher-%2B-suter-4377833517,2026-03-11T10:37:20.183944+00:00
0,QA Engineer | Switzerland,linkedin,QA Engineer,qiibee,Switzerland,On-site,Full-time,,,English,,,Recent,https://ch.linkedin.com/jobs/view/qa-engineer-at-qiibee-4381273286,2026-03-11T10:37:20.184102+00:00
0,QA Engineer | Switzerland,linkedin,Quality Assurance Engineer,Rayner,"St Gallen, Switzerland",On-site,Full-time,,,English,,,Recent,https://ch.linkedin.com/jobs/view/quality-assurance-engineer-at-rayner-4377842716,2026-03-11T10:37:20.184254+00:00
0,QA Engineer | Switzerland,linkedin,QA qualification engineer,agap2 Switzerland,"Basel, Basel, Switzerland",On-site,Full-time,,,English,,,Recent,https://ch.linkedin.com/jobs/view/qa-qualification-engineer-at-agap2-switzerland-4382021336,2026-03-11T10:37:20.184410+00:00
0,QA Engineer | Switzerland,linkedin,Ingénieur tests/Ingénieure tests,CLEEVEN,"Vaud, Switzerland",On-site,Full-time,,,English,,,Recent,https://ch.linkedin.com/jobs/view/ing%C3%A9nieur-tests-ing%C3%A9nieure-tests-at-cleeven-4375822030,2026-03-11T10:37:20.184563+00:00
0,QA Engineer | Remote,linkedin,QA Testing Engineer (Remote - Vollzeit),HeroSoftware GmbH - Shopify Apps,Germany,Remote,Full-time,,,English,,,Recent,https://de.linkedin.com/jobs/view/qa-testing-engineer-remote-vollzeit-at-herosoftware-gmbh-shopify-apps-4382015789,2026-03-11T10:37:22.679683+00:00
0,QA Engineer | Remote,linkedin,QA Engineer (Part-Time),Twine,Germany,Remote,Full-time,,,English,,,Recent,https://de.linkedin.com/jobs/view/qa-engineer-part-time-at-twine-4364425081,2026-03-11T10:37:22.679856+00:00
0,QA Engineer | Remote,linkedin,"QA Engineer (freelance contract, full-time)",Lumiform,Germany,Remote,Contract,,,English,,,Recent,https://de.linkedin.com/jobs/view/qa-engineer-freelance-contract-full-time-at-lumiform-4375538991,2026-03-11T10:37:22.680036+00:00
0,QA Engineer | Remote,linkedin,QA Specialist / QA Engineer - Freelanceship - 100% remote,Accelerated,Germany,Remote,Contract,,,English,,,Recent,https://de.linkedin.com/jobs/view/qa-specialist-qa-engineer-freelanceship-100%25-remote-at-accelerated-4375554271,2026-03-11T10:37:22.680194+00:00
0,QA Engineer | Remote,linkedin,QA & Verifications Engineer,Jobgether,Germany,Remote,Full-time,,,English,,,Recent,https://de.linkedin.com/jobs/view/qa-verifications-engineer-at-jobgether-4382619738,2026-03-11T10:37:22.680500+00:00
0,QA Engineer | Remote,linkedin,QA Testing Engineer/in (Remote - 20h) Werkstudent/in,HeroSoftware GmbH - Shopify Apps,Germany,Remote,Internship,,Working Student,English,,,Recent,https://de.linkedin.com/jobs/view/qa-testing-engineer-in-remote-20h-werkstudent-in-at-herosoftware-gmbh-shopify-apps-4382505253,2026-03-11T10:37:22.680651+00:00
0,QA Engineer | Slovakia,linkedin,QA Engineer,Ruby Labs,Slovakia,On-site,Full-time,,Ruby,English,,,Recent,https://sk.linkedin.com/jobs/view/qa-engineer-at-ruby-labs-4383741652,2026-03-11T10:37:25.121687+00:00
0,QA Engineer | Slovakia,linkedin,Quality Assurance Engineer,NATEK,"Bratislava, Slovakia",On-site,Full-time,,,English,,,Recent,https://sk.linkedin.com/jobs/view/quality-assurance-engineer-at-natek-4361788231,2026-03-11T10:37:25.122031+00:00
0,QA Engineer | Slovakia,linkedin,QA Engineer,Swiss Re,"Bratislava, Bratislava, Slovakia",On-site,Full-time,,,English,,,Recent,https://sk.linkedin.com/jobs/view/qa-engineer-at-swiss-re-4366871953,2026-03-11T10:37:25.122189+00:00
0,QA Engineer | Slovakia,linkedin,Manual QA Engineer (Middle) ID51808,AgileEngine,"Bratislava, Bratislava, Slovakia",On-site,Full-time,,,English,,,Recent,https://sk.linkedin.com/jobs/view/manual-qa-engineer-middle-id51808-at-agileengine-4377642193,2026-03-11T10:37:25.122343+00:00
0,QA Engineer | Slovakia,linkedin,QA Engineer,Fiserv,"Bratislava, Bratislava, Slovakia",On-site,Full-time,,,English,,,Recent,https://sk.linkedin.com/jobs/view/qa-engineer-at-fiserv-4382464776,2026-03-11T10:37:25.122809+00:00
0,QA Engineer | Czech Republic,linkedin,Ingeniero de Pruebas QA Manual,Infosyp,"Santo Domingo de Guzmán, Distrito Nacional, Dominican Republic",On-site,Full-time,,,English,,,Recent,https://do.linkedin.com/jobs/view/ingeniero-de-pruebas-qa-manual-at-infosyp-4380483272,2026-03-11T10:37:27.460056+00:00
0,QA Engineer | Czech Republic,linkedin,Software QA Engineer - La Vega,Champro,"La Vega, La Vega, Dominican Republic",On-site,Full-time,,,English,,,Recent,https://do.linkedin.com/jobs/view/software-qa-engineer-la-vega-at-champro-4373865392,2026-03-11T10:37:27.460395+00:00
0,QA Engineer | Czech Republic,linkedin,Ingeniero QA,GBM,Dominican Republic,On-site,Full-time,,,English,,,Recent,https://do.linkedin.com/jobs/view/ingeniero-qa-at-gbm-4375742926,2026-03-11T10:37:27.460551+00:00
0,QA Engineer | Czech Republic,linkedin,Automated Testing Engineer (Remote),KAIZEN Asset Management Services,Dominican Republic,Remote,Full-time,,,English,,,Recent,https://do.linkedin.com/jobs/view/automated-testing-engineer-remote-at-kaizen-asset-management-services-4372251269,2026-03-11T10:37:27.460709+00:00
0,QA Engineer | Czech Republic,linkedin,Ingeniero QA,Infosyp,"Santiago de los Caballeros, Santiago, Dominican Republic",On-site,Full-time,,,English,,,Recent,https://do.linkedin.com/jobs/view/ingeniero-qa-at-infosyp-4372540809,2026-03-11T10:37:27.460866+00:00
0,QA Engineer | Czech Republic,linkedin,QA Automation Engineer,CrecerLab,"Santo Domingo, Distrito Nacional, Dominican Republic",On-site,Full-time,,,English,,,Recent,https://do.linkedin.com/jobs/view/qa-automation-engineer-at-crecerlab-4372777377,2026-03-11T10:37:27.461036+00:00
0,QA Engineer | Czech Republic,linkedin,Future QA Engineer Opportunities (Gaming Industry),Perform,Dominican Republic,On-site,Full-time,,,English,,,Recent,https://do.linkedin.com/jobs/view/future-qa-engineer-opportunities-gaming-industry-at-perform-4344181481,2026-03-11T10:37:27.461495+00:00
0,QA Engineer | Poland,linkedin,Junior QA Engineer/ QA Engineer,Amelco Limited,"Warsaw, Mazowieckie, Poland",On-site,Full-time,,Junior,English,,,Recent,https://pl.linkedin.com/jobs/view/junior-qa-engineer-qa-engineer-at-amelco-limited-4372850135,2026-03-11T10:37:29.895269+00:00
0,QA Engineer | Poland,linkedin,Junior Test Specialist/QA Engineer (f/m),Netcompany,"Warsaw, Mazowieckie, Poland",On-site,Full-time,,Junior,English,,,Recent,https://pl.linkedin.com/jobs/view/junior-test-specialist-qa-engineer-f-m-at-netcompany-4364598006,2026-03-11T10:37:29.895448+00:00
0,QA Engineer | Poland,linkedin,(800) QA Automation Engineer,Altoros,"Warsaw, Mazowieckie, Poland",On-site,Full-time,,,English,,,Recent,https://pl.linkedin.com/jobs/view/800-qa-automation-engineer-at-altoros-4384165271,2026-03-11T10:37:29.895611+00:00
0,QA Engineer | Poland,linkedin,QA Engineer,ALGOTEQUE Innovation Hub,"Warsaw, Mazowieckie, Poland",On-site,Full-time,,,English,,,Recent,https://pl.linkedin.com/jobs/view/qa-engineer-at-algoteque-innovation-hub-4380137514,2026-03-11T10:37:29.895769+00:00
0,QA Engineer | Poland,linkedin,QA Engineer,Ruby Labs,Poland,On-site,Full-time,,Ruby,English,,,Recent,https://pl.linkedin.com/jobs/view/qa-engineer-at-ruby-labs-4383750276,2026-03-11T10:37:29.895936+00:00
0,QA Engineer | Poland,linkedin,Middle Quality Assurance Automation Engineer (with Manual),Forte Group,Poland,On-site,Full-time,,,English,,,Recent,https://pl.linkedin.com/jobs/view/middle-quality-assurance-automation-engineer-with-manual-at-forte-group-4380341242,2026-03-11T10:37:29.896091+00:00
0,QA Engineer | Poland,linkedin,"QA Engineer (worldwide remote, work anywhere)",CloudLinux,"Warsaw, Mazowieckie, Poland",Remote,Full-time,,,English,,,Recent,https://pl.linkedin.com/jobs/view/qa-engineer-worldwide-remote-work-anywhere-at-cloudlinux-4375544173,2026-03-11T10:37:29.896251+00:00
0,QA Engineer | Poland,linkedin,QA Engineer/Analyst (Junior/Regular)/ Inetum,Inetum,"Warsaw, Mazowieckie, Poland",Remote,Contract,"C, Ci/Cd, Jenkins, Playwright, Python, Selenium, Test Automation","Junior, Sql, Intellij, Git, Scrum, Microservices, Confluence, Elk Stack, Agile, Nunit",English,,,Recent,https://pl.linkedin.com/jobs/view/qa-engineer-analyst-junior-regular-inetum-at-inetum-4373817307,2026-03-11T10:37:29.896401+00:00
0,QA Engineer | Poland,linkedin,Quality Assurance Automation Engineer,UniSysTech Consulting,Poland,On-site,Full-time,,,English,,,Recent,https://pl.linkedin.com/jobs/view/quality-assurance-automation-engineer-at-unisystech-consulting-4378828932,2026-03-11T10:37:29.896552+00:00
0,QA Engineer | Poland,linkedin,QA Analyst (Manual & Automation)/ I,Inetum,"Warsaw, Mazowieckie, Poland",On-site,Full-time,,,English,,,Recent,https://pl.linkedin.com/jobs/view/qa-analyst-manual-automation-i-at-inetum-4373813470,2026-03-11T10:37:29.896704+00:00
0,QA Engineer | USA,linkedin,QA Engineer,MrBeast,United States,On-site,Full-time,,,English,,,Recent,https://www.linkedin.com/jobs/view/qa-engineer-at-mrbeast-4367342975,2026-03-11T10:37:32.352137+00:00
0,QA Engineer | USA,linkedin,"Junior QA Engineer – Recent Grads, This One's for You!",Teak,United States,On-site,Full-time,,Junior,English,,,Recent,https://www.linkedin.com/jobs/view/junior-qa-engineer-%E2%80%93-recent-grads-this-one-s-for-you%21-at-teak-4379436451,2026-03-11T10:37:32.352310+00:00
0,QA Engineer | USA,linkedin,"Junior QA Engineer – Recent Grads, This One's for You",Teak,United States,On-site,Full-time,,Junior,English,,,Recent,https://www.linkedin.com/jobs/view/junior-qa-engineer-%E2%80%93-recent-grads-this-one-s-for-you-at-teak-4383435639,2026-03-11T10:37:32.352479+00:00
0,QA Engineer | USA,linkedin,Manual QA Engineer,Kira,"New York, NY",On-site,Full-time,,,English,,,Recent,https://www.linkedin.com/jobs/view/manual-qa-engineer-at-kira-4383827042,2026-03-11T10:37:32.352641+00:00
0,QA Engineer | USA,linkedin,QA Engineer,NRG Energy,"Utah, United States",On-site,Full-time,,,English,,,Recent,https://www.linkedin.com/jobs/view/qa-engineer-at-nrg-energy-4378127511,2026-03-11T10:37:32.352795+00:00
0,QA Engineer | USA,linkedin,Quality Assurance Engineer,The Bexar Company,"Grand Prairie, TX",On-site,Full-time,,,English,,,Recent,https://www.linkedin.com/jobs/view/quality-assurance-engineer-at-the-bexar-company-4382196421,2026-03-11T10:37:32.352965+00:00
0,QA Engineer | USA,linkedin,QA Engineer II,Acorns,United States,On-site,Full-time,,,English,,,Recent,https://www.linkedin.com/jobs/view/qa-engineer-ii-at-acorns-4362339582,2026-03-11T10:37:32.353271+00:00
0,QA Engineer | USA,linkedin,Junior QA Engineer (Entry-Level),CloudBerry,United States,On-site,Full-time,,"Entry-Level, Junior",English,,,Recent,https://www.linkedin.com/jobs/view/junior-qa-engineer-entry-level-at-cloudberry-4379916350,2026-03-11T10:37:32.353572+00:00
0,QA Engineer | United Kingdom,linkedin,Quality Assurance Engineer,Coforge,"Telford, England, United Kingdom",On-site,Full-time,,,English,,,Recent,https://uk.linkedin.com/jobs/view/quality-assurance-engineer-at-coforge-4378832906,2026-03-11T10:37:34.771895+00:00
0,QA Engineer | United Kingdom,linkedin,Manual QA Engineer,Swap,"London, England, United Kingdom",On-site,Full-time,,,English,,,Recent,https://uk.linkedin.com/jobs/view/manual-qa-engineer-at-swap-4383711719,2026-03-11T10:37:34.772121+00:00
0,QA Engineer | United Kingdom,linkedin,QA Engineer,DOHE,United Kingdom,On-site,Full-time,,,English,,,Recent,https://uk.linkedin.com/jobs/view/qa-engineer-at-dohe-4378768794,2026-03-11T10:37:34.772440+00:00
0,QA Engineer | United Kingdom,linkedin,QA Engineer,LDMS,"Cardiff, Wales, United Kingdom",On-site,Full-time,,,English,,,Recent,https://uk.linkedin.com/jobs/view/qa-engineer-at-ldms-4373929610,2026-03-11T10:37:34.772595+00:00
0,QA Engineer | United Kingdom,linkedin,Quality Assurance Engineer,Macstaff,"Plymouth, England, United Kingdom",On-site,Full-time,,,English,,,Recent,https://uk.linkedin.com/jobs/view/quality-assurance-engineer-at-macstaff-4377707988,2026-03-11T10:37:34.772747+00:00
0,QA Engineer | United Kingdom,linkedin,Junior QA Engineer,Mercury,"Coleshill, England, United Kingdom",On-site,Full-time,,Junior,English,,,Recent,https://uk.linkedin.com/jobs/view/junior-qa-engineer-at-mercury-4374502415,2026-03-11T10:37:34.772897+00:00
0,QA Engineer | United Kingdom,linkedin,Quality Assurance Engineer,Navantia UK,"Fife, Scotland, United Kingdom",On-site,Full-time,,,English,,,Recent,https://uk.linkedin.com/jobs/view/quality-assurance-engineer-at-navantia-uk-4372239824,2026-03-11T10:37:34.773077+00:00
0,QA Engineer | United Kingdom,linkedin,QA Engineer - Payments,Crisil,"London Area, United Kingdom",On-site,Full-time,,,English,,,Recent,https://uk.linkedin.com/jobs/view/qa-engineer-payments-at-crisil-4380190841,2026-03-11T10:37:34.773233+00:00
0,QA Engineer | United Kingdom,linkedin,QA Engineer — £45k–£60k — Join the Fintech Powering Superyachts & Artists Worldwide,Venchr,United Kingdom,On-site,Full-time,,,English,,,Recent,https://uk.linkedin.com/jobs/view/qa-engineer-%E2%80%94-%C2%A345k%E2%80%93%C2%A360k-%E2%80%94-join-the-fintech-powering-superyachts-artists-worldwide-at-venchr-4382874321,2026-03-11T10:37:34.773385+00:00
0,Test Engineer | Germany,linkedin,Quality Assurance Engineer,PSD Group,"Dortmund, North Rhine-Westphalia, Germany",On-site,Full-time,,,English,,,Recent,https://de.linkedin.com/jobs/view/quality-assurance-engineer-at-psd-group-4338425753,2026-03-11T10:37:37.241601+00:00
0,Test Engineer | Switzerland,linkedin,Ingénieur de test Junior (H/F),WIT PARTNERS SA,"Vaud, Switzerland",On-site,Full-time,,"Jira, R, Junior",English,,,Recent,https://ch.linkedin.com/jobs/view/ing%C3%A9nieur-de-test-junior-h-f-at-wit-partners-sa-4377390272,2026-03-11T10:37:41.670059+00:00
0,Test Engineer | Remote,linkedin,"Manual Quality Assurance Engineer, Web Core Product",Speechify,"Berlin, Germany",Remote,Full-time,,,English,,,Recent,https://de.linkedin.com/jobs/view/manual-quality-assurance-engineer-web-core-product-at-speechify-4373567343,2026-03-11T10:37:44.034708+00:00
0,Test Engineer | Czech Republic,linkedin,Software Engineer,Tata Communications,"Santo Domingo, Distrito Nacional, Dominican Republic",On-site,Full-time,,,English,,,Recent,https://do.linkedin.com/jobs/view/software-engineer-at-tata-communications-4383373744,2026-03-11T10:37:48.784819+00:00
0,Test Engineer | Czech Republic,linkedin,Test Phenom,Ministry of the Interior of the Czech Republic,Dominican Republic,On-site,Full-time,,,English,,,Recent,https://do.linkedin.com/jobs/view/test-phenom-at-ministry-of-the-interior-of-the-czech-republic-4383782700,2026-03-11T10:37:48.784990+00:00
0,Test Engineer | Poland,linkedin,Software Engineer In Test - SDET (Poland),Codup,Poland,On-site,Full-time,,,English,,,Recent,https://pl.linkedin.com/jobs/view/software-engineer-in-test-sdet-poland-at-codup-4372770617,2026-03-11T10:37:51.299219+00:00
0,Test Engineer | Poland,linkedin,Flight Software Test Automation Engineer,ICEYE,"Warsaw, Mazowieckie, Poland",On-site,Full-time,Test Automation,,English,,,Recent,https://pl.linkedin.com/jobs/view/flight-software-test-automation-engineer-at-iceye-4380316646,2026-03-11T10:37:51.299717+00:00
0,Test Engineer | Poland,linkedin,Software Test Engineer,Rho,Poland,On-site,Full-time,,,English,,,Recent,https://pl.linkedin.com/jobs/view/software-test-engineer-at-rho-4308483608,2026-03-11T10:37:51.300049+00:00
0,Test Engineer | Poland,linkedin,Tester/ka manualny/a,Base.com,"Warsaw, Mazowieckie, Poland",On-site,Full-time,,,English,,,Recent,https://pl.linkedin.com/jobs/view/tester-ka-manualny-a-at-base-com-4383302255,2026-03-11T10:37:51.300658+00:00
0,Test Engineer | USA,linkedin,Test Engineer,Tata Technologies,"Columbus, IN",On-site,Full-time,,,English,,,Recent,https://www.linkedin.com/jobs/view/test-engineer-at-tata-technologies-4379928544,2026-03-11T10:37:53.947186+00:00
0,Test Engineer | USA,linkedin,Software Quality Assurance Engineer,Adaptigent,Atlanta Metropolitan Area,On-site,Full-time,,,English,,,Recent,https://www.linkedin.com/jobs/view/software-quality-assurance-engineer-at-adaptigent-4378824973,2026-03-11T10:37:53.947495+00:00
0,Test Engineer | USA,linkedin,Test Engineer,Digital Prospectors,Greater Boston,On-site,Full-time,,,English,,,Recent,https://www.linkedin.com/jobs/view/test-engineer-at-digital-prospectors-4379961782,2026-03-11T10:37:53.948130+00:00
0,Test Engineer | USA,linkedin,Software Tester,Jobgether,United States,On-site,Full-time,,,English,,,Recent,https://www.linkedin.com/jobs/view/software-tester-at-jobgether-4383343181,2026-03-11T10:37:53.948281+00:00
0,Testingenieur | Germany,linkedin,TCMS Test Engineer,SEGULA Technologies,"Mannheim, Baden-Württemberg, Germany",On-site,Full-time,,,English,,,Recent,https://de.linkedin.com/jobs/view/tcms-test-engineer-at-segula-technologies-4378948527,2026-03-11T10:37:58.876648+00:00
0,Testingenieur | Germany,linkedin,Ingenieur Qualitätssicherung (m/w/d),Eisenwerk Bassum GmbH - Excellence for Nuclear,"Bassum, Lower Saxony, Germany",On-site,Full-time,,,English,,,Recent,https://de.linkedin.com/jobs/view/ingenieur-qualit%C3%A4tssicherung-m-w-d-at-eisenwerk-bassum-gmbh-excellence-for-nuclear-4382577177,2026-03-11T10:37:58.876813+00:00
0,Testingenieur | Germany,linkedin,CQV & CSV Engineering Opportunities – Germany,KPC International,"Frankfurt, Hesse, Germany",On-site,Internship,,,English,,,Recent,https://de.linkedin.com/jobs/view/cqv-csv-engineering-opportunities-%E2%80%93-germany-at-kpc-international-4225886744,2026-03-11T10:37:58.876996+00:00
0,Testingenieur | Germany,linkedin,Testingenieur – Mechanical Engineering / Systemtests (all gender),ALTEN,"Hamburg, Hamburg, Germany",On-site,Full-time,,,English,,,Recent,https://de.linkedin.com/jobs/view/testingenieur-%E2%80%93-mechanical-engineering-systemtests-all-gender-at-alten-4373103421,2026-03-11T10:37:58.877165+00:00
0,Testingenieur | Germany,linkedin,Junior Entwicklungs- und Testingenieur für aktive Mikrowellengeräte (m/w/d) (ID: 22110),Da Vinci Engineering GmbH,"Backnang, Baden-Württemberg, Germany",On-site,Full-time,,"R, Junior",German,,,Recent,https://de.linkedin.com/jobs/view/junior-entwicklungs-und-testingenieur-f%C3%BCr-aktive-mikrowellenger%C3%A4te-m-w-d-id-22110-at-da-vinci-engineering-gmbh-4368592256,2026-03-11T10:37:58.877330+00:00
0,Testingenieur | Germany,linkedin,Testingenieur*in Elektromechanik / Hardware Test Engineer,TWK,"Düsseldorf, North Rhine-Westphalia, Germany",On-site,Full-time,,,English,,,Recent,https://de.linkedin.com/jobs/view/testingenieur-in-elektromechanik-hardware-test-engineer-at-twk-4377721114,2026-03-11T10:37:58.877492+00:00
0,Testingenieur | Germany,linkedin,Test Field Engineer - Prüffeldtechniker,EarthStream Global,"Brilon, North Rhine-Westphalia, Germany",On-site,Full-time,,,English,,,Recent,https://de.linkedin.com/jobs/view/test-field-engineer-pr%C3%BCffeldtechniker-at-earthstream-global-4372502017,2026-03-11T10:37:58.877651+00:00
0,Testingenieur | Germany,linkedin,Testautomatisierer (m/w/d) Embedded Systems,Windhoff Group,"Gütersloh, North Rhine-Westphalia, Germany",On-site,Full-time,Embedded Systems,,English,,,Recent,https://de.linkedin.com/jobs/view/testautomatisierer-m-w-d-embedded-systems-at-windhoff-group-4382534796,2026-03-11T10:37:58.877811+00:00
0,Testingenieur | Germany,linkedin,Testingenieur:in* Medizintechnik,Valentum Engineering GmbH,Greater Heilbronn Region,On-site,Full-time,,,English,,,Recent,https://de.linkedin.com/jobs/view/testingenieur-in-medizintechnik-at-valentum-engineering-gmbh-4382299638,2026-03-11T10:37:58.877983+00:00
0,Testingenieur | Austria,linkedin,Work at PSI Austria,PSI Software – Process Industries & Metals,"Graz, Styria, Austria",On-site,Full-time,,,English,,,Recent,https://at.linkedin.com/jobs/view/work-at-psi-austria-at-psi-software-%E2%80%93-process-industries-metals-4381841539,2026-03-11T10:38:01.281602+00:00
0,Testingenieur | Austria,linkedin,Qualification & Test Engineer f/m/d,Besi Austria GmbH,"Radfeld, Tyrol, Austria",On-site,Full-time,,,English,,,Recent,https://at.linkedin.com/jobs/view/qualification-test-engineer-f-m-d-at-besi-austria-gmbh-4383835696,2026-03-11T10:38:01.282118+00:00
0,Testingenieur | Austria,linkedin,Junior Testingenieurin / Testingenieur (m/w/d),Miba Cooling Austria (former DAU GmbH & Co KG),"Kirchbach, Carinthia, Austria",On-site,Full-time,,Junior,English,,,Recent,https://at.linkedin.com/jobs/view/junior-testingenieurin-testingenieur-m-w-d-at-miba-cooling-austria-former-dau-gmbh-co-kg-4363373717,2026-03-11T10:38:01.282278+00:00
0,Testingenieur | Austria,linkedin,(Junior) Product Developer - Medical Technology (m/w/d),Lohmann & Rauscher Österreich,"Schönau an der Triesting, Lower Austria, Austria",On-site,Full-time,,Junior,German,,,Recent,https://at.linkedin.com/jobs/view/junior-product-developer-medical-technology-m-w-d-at-lohmann-rauscher-%C3%B6sterreich-4366717813,2026-03-11T10:38:01.282894+00:00
0,Testingenieur | Switzerland,linkedin,AI Speech Tester (Italian native speaker - Switzerland regional variant),TSMG Holding,"Bellinzona, Ticino, Switzerland",On-site,Full-time,,,English,,,Recent,https://ch.linkedin.com/jobs/view/ai-speech-tester-italian-native-speaker-switzerland-regional-variant-at-tsmg-holding-4383377773,2026-03-11T10:38:03.675355+00:00
0,Testingenieur | Switzerland,linkedin,AI Speech Tester (Italian native speaker - Switzerland regional variant),TSMG Holding,"Lugano, Ticino, Switzerland",On-site,Full-time,,,English,,,Recent,https://ch.linkedin.com/jobs/view/ai-speech-tester-italian-native-speaker-switzerland-regional-variant-at-tsmg-holding-4383384373,2026-03-11T10:38:03.675682+00:00
0,Testingenieur | Switzerland,linkedin,"Industrialization, Electronics Test Engineer",ANYbotics,"Zurich, Zurich, Switzerland",On-site,Full-time,,,English,,,Recent,https://ch.linkedin.com/jobs/view/industrialization-electronics-test-engineer-at-anybotics-4378614840,2026-03-11T10:38:03.675833+00:00
0,Testingenieur | Switzerland,linkedin,Ingénieur d’assurance qualité/Ingénieure d’assurance qualité,CLEEVEN,"Vaud, Switzerland",On-site,Full-time,,,English,,,Recent,https://ch.linkedin.com/jobs/view/ing%C3%A9nieur-d%E2%80%99assurance-qualit%C3%A9-ing%C3%A9nieure-d%E2%80%99assurance-qualit%C3%A9-at-cleeven-4375806763,2026-03-11T10:38:03.676542+00:00
0,Testingenieur | Remote,linkedin,Application Engineer,Vericut (CGTech Deutschland GmbH),Germany,Remote,Full-time,,,English,,,Recent,https://de.linkedin.com/jobs/view/application-engineer-at-vericut-cgtech-deutschland-gmbh-4372820606,2026-03-11T10:38:06.112748+00:00
0,Testingenieur | Remote,linkedin,System- und Testingenieur Funkkommunikationssysteme (all gender) 300,ALTEN Germany,"Stuttgart, Baden-Württemberg, Germany",Remote,Full-time,,,German,,,Recent,https://de.linkedin.com/jobs/view/system-und-testingenieur-funkkommunikationssysteme-all-gender-300-at-alten-germany-4361021637,2026-03-11T10:38:06.113106+00:00
0,Testingenieur | Slovakia,linkedin,Automatizačný softvérový inžinier,Hoval Energy Recovery,"Istebné, Zilina, Slovakia",On-site,Full-time,,,English,,,Recent,https://sk.linkedin.com/jobs/view/automatiza%C4%8Dn%C3%BD-softv%C3%A9rov%C3%BD-in%C5%BEinier-at-hoval-energy-recovery-4382510757,2026-03-11T10:38:08.476702+00:00
0,Testingenieur | Slovakia,linkedin,Automatizačný softvérový inžinier,Hoval Romania,"Istebné, Zilina, Slovakia",On-site,Full-time,,,English,,,Recent,https://sk.linkedin.com/jobs/view/automatiza%C4%8Dn%C3%BD-softv%C3%A9rov%C3%BD-in%C5%BEinier-at-hoval-romania-4382490406,2026-03-11T10:38:08.476890+00:00
0,Testingenieur | Slovakia,linkedin,Automatizačný softvérový inžinier,Hoval Hrvatska,"Istebné, Zilina, Slovakia",On-site,Full-time,,,English,,,Recent,https://sk.linkedin.com/jobs/view/automatiza%C4%8Dn%C3%BD-softv%C3%A9rov%C3%BD-in%C5%BEinier-at-hoval-hrvatska-4383849585,2026-03-11T10:38:08.477080+00:00
0,Testingenieur | Slovakia,linkedin,AOSP DEVELOPER - AUTOMOTIVE DOMAIN - CZECHIA BASED PROJECT,Quest Global,Slovakia,On-site,Contract,,,English,,,Recent,https://sk.linkedin.com/jobs/view/aosp-developer-automotive-domain-czechia-based-project-at-quest-global-4362200771,2026-03-11T10:38:08.477406+00:00
0,Testingenieur | Slovakia,linkedin,Agile Test Engineer,ESET,"Bratislava, Bratislava, Slovakia",On-site,Full-time,,Agile,English,,,Recent,https://sk.linkedin.com/jobs/view/agile-test-engineer-at-eset-4375989657,2026-03-11T10:38:08.478050+00:00
0,Testingenieur | Czech Republic,linkedin,Desarrollador Pruebas Automatizadas,Infosyp,"Santo Domingo de Guzmán, Distrito Nacional, Dominican Republic",On-site,Full-time,,,English,,,Recent,https://do.linkedin.com/jobs/view/desarrollador-pruebas-automatizadas-at-infosyp-4380466966,2026-03-11T10:38:10.828102+00:00
0,Testingenieur | Poland,linkedin,Junior Test Engineer,Reply,Katowice Metropolitan Area,On-site,Full-time,,Junior,English,,,Recent,https://pl.linkedin.com/jobs/view/junior-test-engineer-at-reply-4377715846,2026-03-11T10:38:13.256228+00:00
0,Testingenieur | Poland,linkedin,TECHNOLOG (K/M),Łódzki Klaster ICT,"Białostoczek, Podlaskie, Poland",On-site,Full-time,,,English,,,Recent,https://pl.linkedin.com/jobs/view/technolog-k-m-at-%C5%82%C3%B3dzki-klaster-ict-4372814126,2026-03-11T10:38:13.256407+00:00
0,Testingenieur | Poland,linkedin,Mechanical Designer / Test Engineer (f/m),Airbus Helicopters,"Łódź, Łódzkie, Poland",On-site,Full-time,,,English,,,Recent,https://pl.linkedin.com/jobs/view/mechanical-designer-test-engineer-f-m-at-airbus-helicopters-4378564274,2026-03-11T10:38:13.256731+00:00
0,Testingenieur | Poland,linkedin,Test Engineer 2,Hyland,Poland,On-site,Full-time,,,English,,,Recent,https://pl.linkedin.com/jobs/view/test-engineer-2-at-hyland-4379458624,2026-03-11T10:38:13.256891+00:00
0,Testingenieur | Poland,linkedin,Inżynier testów produkcyjnych automotive (k/m),SEGULA Technologies,"Częstochowa, Śląskie, Poland",On-site,Full-time,,,English,,,Recent,https://pl.linkedin.com/jobs/view/in%C5%BCynier-test%C3%B3w-produkcyjnych-automotive-k-m-at-segula-technologies-4357509002,2026-03-11T10:38:13.257219+00:00
0,Testingenieur | Poland,linkedin,Test Engineer 3,Hyland,Poland,On-site,Full-time,,,English,,,Recent,https://pl.linkedin.com/jobs/view/test-engineer-3-at-hyland-4379468336,2026-03-11T10:38:13.257682+00:00
0,Testingenieur | USA,linkedin,Mechanical Test Engineer (Entry-Level),IRPI,"Wilsonville, OR",On-site,Full-time,,Entry-Level,English,,,Recent,https://www.linkedin.com/jobs/view/mechanical-test-engineer-entry-level-at-irpi-4383848129,2026-03-11T10:38:15.832160+00:00
0,Testingenieur | USA,linkedin,Mechanical Test Engineer,Applus+ Laboratories,"Houston, TX",On-site,Full-time,,,English,,,Recent,https://www.linkedin.com/jobs/view/mechanical-test-engineer-at-applus%2B-laboratories-4125985556,2026-03-11T10:38:15.832348+00:00
0,Testingenieur | USA,linkedin,"TEST ENGINEER - $67,000+ /DOE",Tech Ord - A Division of AMTEC Corporation,"Clear Lake, SD",On-site,Full-time,,,English,,,Recent,https://www.linkedin.com/jobs/view/test-engineer-%2467-000%2B-doe-at-tech-ord-a-division-of-amtec-corporation-4383477947,2026-03-11T10:38:15.832521+00:00
0,Testingenieur | USA,linkedin,Manufacturing Engineer - Powertrain/Test,Ford Motor Company,"Dearborn, MI",On-site,Full-time,,,English,,,Recent,https://www.linkedin.com/jobs/view/manufacturing-engineer-powertrain-test-at-ford-motor-company-4373887575,2026-03-11T10:38:15.832681+00:00
0,Testingenieur | USA,linkedin,Mechanical Test Engineer,Amca,"Los Angeles, CA",On-site,Full-time,,,English,,,Recent,https://www.linkedin.com/jobs/view/mechanical-test-engineer-at-amca-4382049519,2026-03-11T10:38:15.832843+00:00
0,Testingenieur | USA,linkedin,Autosar Engineer,Tata Technologies,United States,On-site,Full-time,,Autosar,English,,,Recent,https://www.linkedin.com/jobs/view/autosar-engineer-at-tata-technologies-4380369393,2026-03-11T10:38:15.833016+00:00
0,Testingenieur | USA,linkedin,Manual QA Engineer,Raya,"Los Angeles, CA",On-site,Full-time,,,English,,,Recent,https://www.linkedin.com/jobs/view/manual-qa-engineer-at-raya-4379784717,2026-03-11T10:38:15.833672+00:00
0,Testingenieur | United Kingdom,linkedin,Mechanical Test Engineer,BSI,"Hemel Hempstead, England, United Kingdom",On-site,Contract,,,English,,,Recent,https://uk.linkedin.com/jobs/view/mechanical-test-engineer-at-bsi-3841320068,2026-03-11T10:38:18.307094+00:00
0,Testingenieur | United Kingdom,linkedin,Graduate Test Engineer in Food Innovation and Process,targetjobs UK,"Hitchin, England, United Kingdom",On-site,Contract,,"R, Jira, Graduate",English,,,Recent,https://uk.linkedin.com/jobs/view/graduate-test-engineer-in-food-innovation-and-process-at-targetjobs-uk-4374329549,2026-03-11T10:38:18.307273+00:00
0,Testingenieur | United Kingdom,linkedin,Test and Qualification Engineer,Tiger Resourcing Group,"Brighton, England, United Kingdom",On-site,Internship,"Embedded Systems, Python","Linux, R",English,,,Recent,https://uk.linkedin.com/jobs/view/test-and-qualification-engineer-at-tiger-resourcing-group-4379895041,2026-03-11T10:38:18.308084+00:00
0,Testingenieur | United Kingdom,linkedin,Mobile Automation Test Engineer,Solirius Reply,"Coventry, England, United Kingdom",Remote,Contract,"C, Ci/Cd, Playwright","Azure, Devops, Performance Testing, Agile, Jira, Databricks, Bdd, Sql, C#, Appium",English,,,Recent,https://uk.linkedin.com/jobs/view/mobile-automation-test-engineer-at-solirius-reply-4376807247,2026-03-11T10:38:18.308272+00:00
0,Testingenieur | United Kingdom,linkedin,Test Engineer,Instituto de Continuidad de Negocio,"Portsmouth, England, United Kingdom",On-site,Full-time,,,English,,,Recent,https://uk.linkedin.com/jobs/view/test-engineer-at-instituto-de-continuidad-de-negocio-4372195121,2026-03-11T10:38:18.308440+00:00
0,Test Automation | Austria,linkedin,Testing Manager (all genders),Viewpointsystem,"Vienna, Vienna, Austria",On-site,Full-time,,,English,,,Recent,https://at.linkedin.com/jobs/view/testing-manager-all-genders-at-viewpointsystem-4380292301,2026-03-11T10:38:23.253190+00:00
0,Test Automation | Switzerland,linkedin,Testing,Ampegon,"Baden, Aargau, Switzerland",On-site,Full-time,,,English,,,Recent,https://ch.linkedin.com/jobs/view/testing-at-ampegon-4350701131,2026-03-11T10:38:25.627474+00:00
0,Test Automation | Switzerland,linkedin,Test Analyst:in,Coopers Group AG,"Berne, Switzerland",On-site,Full-time,,,English,,,Recent,https://ch.linkedin.com/jobs/view/test-analyst-in-at-coopers-group-ag-4373114996,2026-03-11T10:38:25.627778+00:00
0,Test Automation | Switzerland,linkedin,Head of Software Testing,Stier & Partner GmbH,"Rothenburg, Lucerne, Switzerland",On-site,Full-time,,Head Of,English,,,Recent,https://ch.linkedin.com/jobs/view/head-of-software-testing-at-stier-partner-gmbh-4383760789,2026-03-11T10:38:25.627948+00:00
0,Test Automation | Remote,linkedin,Quality Assurance Specialist,MAK Technologies LLC,Germany,Remote,Full-time,,,English,,,Recent,https://de.linkedin.com/jobs/view/quality-assurance-specialist-at-mak-technologies-llc-4376766590,2026-03-11T10:38:28.005969+00:00
0,Test Automation | Remote,linkedin,Test Automation Engineer (m/w/d),SPIRIT-ONSIDE Consulting GmbH,Germany,Remote,Full-time,Test Automation,,English,,,Recent,https://de.linkedin.com/jobs/view/test-automation-engineer-m-w-d-at-spirit-onside-consulting-gmbh-4374812688,2026-03-11T10:38:28.006121+00:00
0,Test Automation | Slovakia,linkedin,Software Developer in Test (SDET),Fiserv,"Bratislava, Slovakia",On-site,Full-time,,,English,,,Recent,https://sk.linkedin.com/jobs/view/software-developer-in-test-sdet-at-fiserv-4372899045,2026-03-11T10:38:30.392885+00:00
0,Test Automation | Czech Republic,linkedin,Analista de Calidad,Quala,Dominican Republic,On-site,Full-time,,,English,,,Recent,https://do.linkedin.com/jobs/view/analista-de-calidad-at-quala-4374385837,2026-03-11T10:38:32.749423+00:00
0,Test Automation | Czech Republic,linkedin,Ingeniero/a QA Automatización,Agilesoft,Dominican Republic,On-site,Full-time,,,English,,,Recent,https://do.linkedin.com/jobs/view/ingeniero-a-qa-automatizaci%C3%B3n-at-agilesoft-4373339362,2026-03-11T10:38:32.750885+00:00
0,Test Automation | Czech Republic,linkedin,QA Funcional Intermedio (Analista de Calidad de Software) Híbrido,OrionTek,"Santo Domingo de Guzmán, Distrito Nacional, Dominican Republic",On-site,Full-time,,,English,,,Recent,https://do.linkedin.com/jobs/view/qa-funcional-intermedio-analista-de-calidad-de-software-h%C3%ADbrido-at-oriontek-4371188284,2026-03-11T10:38:32.751384+00:00
0,Test Automation | Poland,linkedin,Tester/ka manualny/a,Base.com,"Wrocław, Dolnośląskie, Poland",On-site,Full-time,,,English,,,Recent,https://pl.linkedin.com/jobs/view/tester-ka-manualny-a-at-base-com-4383305215,2026-03-11T10:38:35.185037+00:00
0,Test Automation | Poland,linkedin,Sr Engineer - Software QA,Xperi Inc.,"Warsaw, Mazowieckie, Poland",On-site,Full-time,,,English,,,Recent,https://pl.linkedin.com/jobs/view/sr-engineer-software-qa-at-xperi-inc-4380687880,2026-03-11T10:38:35.185346+00:00
0,Test Automation | Poland,linkedin,Tester/ka manualny/a,Base.com,"Łódź, Łódzkie, Poland",On-site,Full-time,,,English,,,Recent,https://pl.linkedin.com/jobs/view/tester-ka-manualny-a-at-base-com-4382992532,2026-03-11T10:38:35.185496+00:00
0,Test Automation | Poland,linkedin,QA Manual Tester (Desktop/Web applications),Inexto SA,"Cracow, Małopolskie, Poland",On-site,Full-time,,,English,,,Recent,https://pl.linkedin.com/jobs/view/qa-manual-tester%C2%A0-desktop-web-applications-at-inexto-sa-4374067677,2026-03-11T10:38:35.185652+00:00
0,Test Automation | USA,linkedin,Junior Test Automation Engineer,Largeton Group,"Charlotte, NC",On-site,Full-time,Test Automation,Junior,English,,,Recent,https://www.linkedin.com/jobs/view/junior-test-automation-engineer-at-largeton-group-4380529339,2026-03-11T10:38:37.794293+00:00
0,Test Automation | USA,linkedin,Quality Assurance Analyst II,TheIncLab,"Nashville, TN",On-site,Full-time,,,English,,,Recent,https://www.linkedin.com/jobs/view/quality-assurance-analyst-ii-at-theinclab-4381487956,2026-03-11T10:38:37.794620+00:00
0,Test Automation | USA,linkedin,Quality Assurance Analyst,LifeMD,"Lancaster, PA",On-site,Full-time,,,English,,,Recent,https://www.linkedin.com/jobs/view/quality-assurance-analyst-at-lifemd-4377892960,2026-03-11T10:38:37.795410+00:00
0,Test Automation | United Kingdom,linkedin,QA Test Analyst,SBS,"Yate, England, United Kingdom",On-site,Full-time,,,English,,,Recent,https://uk.linkedin.com/jobs/view/qa-test-analyst-at-sbs-4372797491,2026-03-11T10:38:40.263917+00:00
0,Test Automation | United Kingdom,linkedin,QA Engineer (Automation),esure Group,"Southport, England, United Kingdom",On-site,Full-time,,,English,,,Recent,https://uk.linkedin.com/jobs/view/qa-engineer-automation-at-esure-group-4380272158,2026-03-11T10:38:40.264557+00:00
0,Test Automation | United Kingdom,linkedin,Test Automation Engineer,Qurated,"Manchester Area, United Kingdom",On-site,Full-time,Test Automation,,English,,,Recent,https://uk.linkedin.com/jobs/view/test-automation-engineer-at-qurated-4375992291,2026-03-11T10:38:40.264713+00:00
0,Test Automation | United Kingdom,linkedin,Automation Test Analyst,TopCashback UK,"Horwich, England, United Kingdom",On-site,Full-time,,,English,,,Recent,https://uk.linkedin.com/jobs/view/automation-test-analyst-at-topcashback-uk-4377599731,2026-03-11T10:38:40.265031+00:00
0,Python Developer | Germany,linkedin,Software Engineer,Global Fintech Talent,"Frankfurt, Hesse, Germany",On-site,Full-time,,,English,,,Recent,https://de.linkedin.com/jobs/view/software-engineer-at-global-fintech-talent-4377390204,2026-03-11T10:38:42.756632+00:00
0,Python Developer | Germany,linkedin,Python Developer | Remote,Crossing Hurdles,Germany,Remote,Full-time,Python,,English,,,Recent,https://de.linkedin.com/jobs/view/python-developer-remote-at-crossing-hurdles-4370016911,2026-03-11T10:38:42.757014+00:00
0,Python Developer | Germany,linkedin,Back End Developer,WorkGenius Group,"Hamburg, Germany",On-site,Full-time,,,English,,,Recent,https://de.linkedin.com/jobs/view/back-end-developer-at-workgenius-group-4378179203,2026-03-11T10:38:42.757177+00:00
0,Python Developer | Germany,linkedin,Python Engineer,Contiamo,"Berlin, Berlin, Germany",On-site,Full-time,Python,,English,,,Recent,https://de.linkedin.com/jobs/view/python-engineer-at-contiamo-4379119880,2026-03-11T10:38:42.757333+00:00
0,Python Developer | Germany,linkedin,Python Developer - Remote,Mercor,Germany,Remote,Full-time,Python,,English,,,Recent,https://de.linkedin.com/jobs/view/python-developer-remote-at-mercor-4382629848,2026-03-11T10:38:42.757485+00:00
0,Python Developer | Germany,linkedin,Python Developer (f/m/d),HCLTech Germany,"Frankfurt am Main, Hesse, Germany",On-site,Full-time,Python,,English,,,Recent,https://de.linkedin.com/jobs/view/python-developer-f-m-d-at-hcltech-germany-4370678787,2026-03-11T10:38:42.757638+00:00
0,Python Developer | Germany,linkedin,Freelance Data Science Engineer (Python & SQL),Mindrift,"Berlin, Berlin, Germany",On-site,Contract,Python,"Data Science, Sql",English,,,Recent,https://de.linkedin.com/jobs/view/freelance-data-science-engineer-python-sql-at-mindrift-4382947863,2026-03-11T10:38:42.757792+00:00
0,Python Developer | Germany,linkedin,Python Developer,RJC Group,"North Rhine-Westphalia, Germany",On-site,Full-time,Python,,English,,,Recent,https://de.linkedin.com/jobs/view/python-developer-at-rjc-group-4371298121,2026-03-11T10:38:42.757964+00:00
0,Python Developer | Germany,linkedin,Python/JS Engineer | Remote,Crossing Hurdles,Germany,Remote,Full-time,Python,,English,,,Recent,https://de.linkedin.com/jobs/view/python-js-engineer-remote-at-crossing-hurdles-4372073574,2026-03-11T10:38:42.758116+00:00
0,Python Developer | Austria,linkedin,Python Developer | Remote,Crossing Hurdles,Austria,Remote,Full-time,Python,,English,,,Recent,https://at.linkedin.com/jobs/view/python-developer-remote-at-crossing-hurdles-4382857147,2026-03-11T10:38:45.167440+00:00
0,Python Developer | Austria,linkedin,Python Developer (m/f/d),netcup,"Klagenfurt, Carinthia, Austria",Remote,Contract,"Can, Javascript, Python, Typescript","Azure, Oracle, Aws, Postgresql, Git, Machine Learning, Graphql, Django, Mysql, Angular",English,,,Recent,https://at.linkedin.com/jobs/view/python-developer-m-f-d-at-netcup-4377576625,2026-03-11T10:38:45.167620+00:00
0,Python Developer | Austria,linkedin,Freelance Data Science Engineer (Python & SQL),Mindrift,Austria,On-site,Contract,Python,"Data Science, Sql",English,,,Recent,https://at.linkedin.com/jobs/view/freelance-data-science-engineer-python-sql-at-mindrift-4382953635,2026-03-11T10:38:45.167787+00:00
0,Python Developer | Austria,linkedin,Python/TypeScript Engineer | Remote,Crossing Hurdles,Austria,Remote,Full-time,"Python, Typescript",,English,,,Recent,https://at.linkedin.com/jobs/view/python-typescript-engineer-remote-at-crossing-hurdles-4372080400,2026-03-11T10:38:45.167961+00:00
0,Python Developer | Austria,linkedin,Automotive Engineer with Python - Freelance AI Trainer,Mindrift,Austria,On-site,Contract,Python,,English,,,Recent,https://at.linkedin.com/jobs/view/automotive-engineer-with-python-freelance-ai-trainer-at-mindrift-4382924676,2026-03-11T10:38:45.168283+00:00
0,Python Developer | Austria,linkedin,Python Developer (m/w/d),NTS Netzwerk Telekom Service AG,"Graz, Styria, Austria",On-site,Full-time,Python,,English,,,Recent,https://at.linkedin.com/jobs/view/python-developer-m-w-d-at-nts-netzwerk-telekom-service-ag-4375997803,2026-03-11T10:38:45.168437+00:00
0,Python Developer | Austria,linkedin,Python Developer (m/w/d),NTS Netzwerk Telekom Service AG,"Vienna, Vienna, Austria",On-site,Full-time,Python,,English,,,Recent,https://at.linkedin.com/jobs/view/python-developer-m-w-d-at-nts-netzwerk-telekom-service-ag-4376207290,2026-03-11T10:38:45.168590+00:00
0,Python Developer | Austria,linkedin,Electrical Engineer with Python - Freelance AI Trainer,Mindrift,Austria,On-site,Contract,Python,,English,,,Recent,https://at.linkedin.com/jobs/view/electrical-engineer-with-python-freelance-ai-trainer-at-mindrift-4382666687,2026-03-11T10:38:45.168738+00:00
0,Python Developer | Switzerland,linkedin,Backend Python Developer,Coopers Group AG,"Basel, Switzerland",On-site,Full-time,Python,,English,,,Recent,https://ch.linkedin.com/jobs/view/backend-python-developer-at-coopers-group-ag-4374563631,2026-03-11T10:38:47.565140+00:00
0,Python Developer | Switzerland,linkedin,Python Developer,TMC,"Geneva, Switzerland",On-site,Full-time,Python,,English,,,Recent,https://ch.linkedin.com/jobs/view/python-developer-at-tmc-4382032831,2026-03-11T10:38:47.565478+00:00
0,Python Developer | Switzerland,linkedin,Python Developer 80% - 100%,PSI Laboratory for Energy Systems Analysis (LEA),"Villigen, Aargau, Switzerland",Remote,Full-time,Python,,English,,,Recent,https://ch.linkedin.com/jobs/view/python-developer-80%25-100%25-at-psi-laboratory-for-energy-systems-analysis-lea-4373026952,2026-03-11T10:38:47.565630+00:00
0,Python Developer | Switzerland,linkedin,Python Developer  (80% remote),Ivy Partners,"Valais, Switzerland",Remote,Full-time,Python,,English,,,Recent,https://ch.linkedin.com/jobs/view/python-developer-80%25-remote-at-ivy-partners-4378373740,2026-03-11T10:38:47.565784+00:00
0,Python Developer | Switzerland,linkedin,Backend Python Developer – 6877,CTC Resourcing Solutions,"Basel, Switzerland",Hybrid,Contract,"Can, Ci/Cd, Llm, Python","Kubernetes, Agile, Gitlab, Rest Api",English,,,Recent,https://ch.linkedin.com/jobs/view/backend-python-developer-%E2%80%93-6877-at-ctc-resourcing-solutions-4379039599,2026-03-11T10:38:47.566116+00:00
0,Python Developer | Switzerland,linkedin,Backend Python Developer (m/f/d),Datalynx AG,"Basel, Basel, Switzerland",On-site,Full-time,Python,,English,,,Recent,https://ch.linkedin.com/jobs/view/backend-python-developer-m-f-d-at-datalynx-ag-4376075872,2026-03-11T10:38:47.566278+00:00
0,Python Developer | Switzerland,linkedin,Backend Python Developer,JobCourier,"Basel, Basel, Switzerland",On-site,Full-time,Python,,English,,,Recent,https://ch.linkedin.com/jobs/view/backend-python-developer-at-jobcourier-4377627822,2026-03-11T10:38:47.566434+00:00
0,Python Developer | Switzerland,linkedin,"Backend Software Engineer, Python",Cradle,"Zurich, Zurich, Switzerland",On-site,Full-time,Python,,English,,,Recent,https://ch.linkedin.com/jobs/view/backend-software-engineer-python-at-cradle-4377592944,2026-03-11T10:38:47.566586+00:00
0,Python Developer | Remote,linkedin,Python Developer,La Fosse,Germany,Remote,Full-time,Python,,English,,,Recent,https://de.linkedin.com/jobs/view/python-developer-at-la-fosse-4376485802,2026-03-11T10:38:50.033893+00:00
0,Python Developer | Remote,linkedin,Freelance Data Science Engineer (Python & SQL),Mindrift,Germany,Remote,Contract,Python,"Data Science, Sql",English,,,Recent,https://de.linkedin.com/jobs/view/freelance-data-science-engineer-python-sql-at-mindrift-4382966048,2026-03-11T10:38:50.034068+00:00
0,Python Developer | Remote,linkedin,Python Developer | Remote,Crossing Hurdles,Germany,Remote,Full-time,Python,,English,,,Recent,https://de.linkedin.com/jobs/view/python-developer-remote-at-crossing-hurdles-4382848413,2026-03-11T10:38:50.034218+00:00
0,Python Developer | Remote,linkedin,AI SWE,PUNKU.AI,Germany,Remote,Full-time,,,English,,,Recent,https://de.linkedin.com/jobs/view/ai-swe-at-punku-ai-4381244906,2026-03-11T10:38:50.034366+00:00
0,Python Developer | Remote,linkedin,Freelance Data Science Engineer (Python & SQL),Mindrift,"Hamburg, Hamburg, Germany",Remote,Contract,Python,"Data Science, Sql",English,,,Recent,https://de.linkedin.com/jobs/view/freelance-data-science-engineer-python-sql-at-mindrift-4382954678,2026-03-11T10:38:50.034517+00:00
0,Python Developer | Remote,linkedin,Freelance Data Science Engineer (Python & SQL),Mindrift,"Cologne, North Rhine-Westphalia, Germany",Remote,Contract,Python,"Data Science, Sql",English,,,Recent,https://de.linkedin.com/jobs/view/freelance-data-science-engineer-python-sql-at-mindrift-4382945870,2026-03-11T10:38:50.034669+00:00
0,Python Developer | Slovakia,linkedin,Python Software Engineer,ESET,"Bratislava, Bratislava, Slovakia",On-site,Full-time,"Can, Ci/Cd, Jenkins, Python","Confluence, Git, Kubernetes, Safe, Docker, Jira, Fastapi, Sql",English,,,Recent,https://sk.linkedin.com/jobs/view/python-software-engineer-at-eset-4307549217,2026-03-11T10:38:52.370671+00:00
0,Python Developer | Slovakia,linkedin,Backend Software Engineer (Python),Innovatrics,"Bratislava, Bratislava, Slovakia",On-site,Full-time,Python,,English,,,Recent,https://sk.linkedin.com/jobs/view/backend-software-engineer-python-at-innovatrics-4373925805,2026-03-11T10:38:52.370852+00:00
0,Python Developer | Slovakia,linkedin,Python Software Developer,Nokia,"Bratislava, Bratislava, Slovakia",On-site,Full-time,Python,,English,,,Recent,https://sk.linkedin.com/jobs/view/python-software-developer-at-nokia-4289894545,2026-03-11T10:38:52.371089+00:00
0,Python Developer | Slovakia,linkedin,Full-Stack Developer (Python + JS),GoReel,Slovakia,On-site,Full-time,Python,,English,,,Recent,https://sk.linkedin.com/jobs/view/full-stack-developer-python-%2B-js-at-goreel-4378381916,2026-03-11T10:38:52.371255+00:00
0,Python Developer | Slovakia,linkedin,Python Software Engineer,ESET,"Bratislava, Bratislava, Slovakia",On-site,Full-time,Python,,English,,,Recent,https://sk.linkedin.com/jobs/view/python-software-engineer-at-eset-4292497215,2026-03-11T10:38:52.371412+00:00
0,Python Developer | Slovakia,linkedin,Software Engineer (JavaScript/Python),ESET,"Bratislava, Bratislava, Slovakia",On-site,Full-time,"Javascript, Python",,English,,,Recent,https://sk.linkedin.com/jobs/view/software-engineer-javascript-python-at-eset-4352754566,2026-03-11T10:38:52.371722+00:00
0,Python Developer | Slovakia,linkedin,Python Engineer,Swiss Re,"Bratislava, Bratislava, Slovakia",On-site,Full-time,Python,,English,,,Recent,https://sk.linkedin.com/jobs/view/python-engineer-at-swiss-re-4325749432,2026-03-11T10:38:52.371873+00:00
0,Python Developer | Slovakia,linkedin,Full-Stack Developer - Python & JavaScript (m/f),PwC Slovakia,"Bratislava, Bratislava, Slovakia",On-site,Full-time,"Javascript, Python",,English,,,Recent,https://sk.linkedin.com/jobs/view/full-stack-developer-python-javascript-m-f-at-pwc-slovakia-4323297439,2026-03-11T10:38:52.372039+00:00
0,Python Developer | Slovakia,linkedin,Python Software Engineer - Automated Systems and Solutions,ESET,"Bratislava, Bratislava, Slovakia",On-site,Full-time,Python,,English,,,Recent,https://sk.linkedin.com/jobs/view/python-software-engineer-automated-systems-and-solutions-at-eset-4352371834,2026-03-11T10:38:52.372190+00:00
0,Python Developer | Czech Republic,linkedin,Junior Full Stack Engineer (R&D Team) (BPO Industry),Linuo Group,"Santo Domingo, Distrito Nacional, Dominican Republic",On-site,Full-time,,"R, Junior",English,,,Recent,https://do.linkedin.com/jobs/view/junior-full-stack-engineer-r-d-team-bpo-industry-at-linuo-group-4377697907,2026-03-11T10:38:54.724645+00:00
0,Python Developer | Czech Republic,linkedin,Full Stack Engineer (Remote),KAIZEN Asset Management Services,Dominican Republic,Remote,Full-time,,,English,,,Recent,https://do.linkedin.com/jobs/view/full-stack-engineer-remote-at-kaizen-asset-management-services-4372243612,2026-03-11T10:38:54.724831+00:00
0,Python Developer | Czech Republic,linkedin,Full Stack Developer,Flatiron Software,Dominican Republic,On-site,Full-time,,,English,,,Recent,https://do.linkedin.com/jobs/view/full-stack-developer-at-flatiron-software-4378357690,2026-03-11T10:38:54.725018+00:00
0,Python Developer | Czech Republic,linkedin,Líder Desarrollador Back-End,Banco Popular Dominicano,"Santo Domingo, Distrito Nacional, Dominican Republic",On-site,Full-time,,,English,,,Recent,https://do.linkedin.com/jobs/view/l%C3%ADder-desarrollador-back-end-at-banco-popular-dominicano-4373125330,2026-03-11T10:38:54.725179+00:00
0,Python Developer | Czech Republic,linkedin,AI/ML Engineer,Perform,Dominican Republic,On-site,Full-time,,,English,,,Recent,https://do.linkedin.com/jobs/view/ai-ml-engineer-at-perform-4344260713,2026-03-11T10:38:54.725340+00:00
0,Python Developer | Czech Republic,linkedin,Agentic Python Engineer - Remote - Latin America,FullStack,"Santo Domingo Este, Santo Domingo, Dominican Republic",Remote,Full-time,Python,,English,,,Recent,https://do.linkedin.com/jobs/view/agentic-python-engineer-remote-latin-america-at-fullstack-4315354864,2026-03-11T10:38:54.725495+00:00
0,Python Developer | Czech Republic,linkedin,Agentic Python Engineer - Remote - Latin America,FullStack,Dominican Republic,Remote,Full-time,Python,,English,,,Recent,https://do.linkedin.com/jobs/view/agentic-python-engineer-remote-latin-america-at-fullstack-4315360603,2026-03-11T10:38:54.725650+00:00
0,Python Developer | Czech Republic,linkedin,Agentic Python Engineer - Remote - Latin America,FullStack,"Santo Domingo, Dominican Republic",Remote,Full-time,Python,,English,,,Recent,https://do.linkedin.com/jobs/view/agentic-python-engineer-remote-latin-america-at-fullstack-4315356731,2026-03-11T10:38:54.725802+00:00
0,Python Developer | Czech Republic,linkedin,Full Stack Engineer,Origami Risk,"Santo Domingo, Distrito Nacional, Dominican Republic",On-site,Full-time,,,English,,,Recent,https://do.linkedin.com/jobs/view/full-stack-engineer-at-origami-risk-4376107256,2026-03-11T10:38:54.725971+00:00
0,Python Developer | Czech Republic,linkedin,Agentic Python Engineer - Remote - Latin America,FullStack,"Bonao, Monseñor Nouel, Dominican Republic",Remote,Full-time,Python,,English,,,Recent,https://do.linkedin.com/jobs/view/agentic-python-engineer-remote-latin-america-at-fullstack-4315355798,2026-03-11T10:38:54.726126+00:00
0,Python Developer | Poland,linkedin,Software Engineer (4/5) — Developer Platform,Netflix,"Warsaw, Mazowieckie, Poland",On-site,Full-time,,,English,,,Recent,https://pl.linkedin.com/jobs/view/software-engineer-4-5-%E2%80%94-developer-platform-at-netflix-4193468200,2026-03-11T10:38:57.151133+00:00
0,Python Developer | Poland,linkedin,Python Developer,Maxima Consulting,Poland,On-site,Full-time,Python,,English,,,Recent,https://pl.linkedin.com/jobs/view/python-developer-at-maxima-consulting-4380361207,2026-03-11T10:38:57.151321+00:00
0,Python Developer | Poland,linkedin,Python Developer,ALGOTEQUE Innovation Hub,"Warsaw, Mazowieckie, Poland",On-site,Full-time,Python,,English,,,Recent,https://pl.linkedin.com/jobs/view/python-developer-at-algoteque-innovation-hub-4380137532,2026-03-11T10:38:57.151492+00:00
0,Python Developer | Poland,linkedin,Junior Python Developer - Freelance,Netguru,"Poznań, Wielkopolskie, Poland",On-site,Contract,Python,Junior,English,,,Recent,https://pl.linkedin.com/jobs/view/junior-python-developer-freelance-at-netguru-4378361589,2026-03-11T10:38:57.151650+00:00
0,Python Developer | Poland,linkedin,Python Developer,Hyland,Poland,On-site,Full-time,Python,,English,,,Recent,https://pl.linkedin.com/jobs/view/python-developer-at-hyland-4380464155,2026-03-11T10:38:57.151808+00:00
0,Python Developer | Poland,linkedin,Python Developer,AppTailors,Poland,On-site,Full-time,Python,,English,,,Recent,https://pl.linkedin.com/jobs/view/python-developer-at-apptailors-4373757825,2026-03-11T10:38:57.151977+00:00
0,Python Developer | Poland,linkedin,Mid Python Engineer,Infermedica,"Wrocław, Dolnośląskie, Poland",On-site,Full-time,Python,,English,,,Recent,https://pl.linkedin.com/jobs/view/mid-python-engineer-at-infermedica-4380398021,2026-03-11T10:38:57.152126+00:00
0,Python Developer | Poland,linkedin,Python Developer,EY,"Katowice, Śląskie, Poland",On-site,Full-time,Python,,English,,,Recent,https://pl.linkedin.com/jobs/view/python-developer-at-ey-4323275169,2026-03-11T10:38:57.152284+00:00
0,Python Developer | Poland,linkedin,Software Engineer (Python) - AI Platform,Revolut,Poland,On-site,Full-time,Python,,English,,,Recent,https://pl.linkedin.com/jobs/view/software-engineer-python-ai-platform-at-revolut-4250500721,2026-03-11T10:38:57.152446+00:00
0,Python Developer | Poland,linkedin,Python Software Engineer / C,Inetum,"Warsaw, Mazowieckie, Poland",On-site,Full-time,"C, Python",,English,,,Recent,https://pl.linkedin.com/jobs/view/python-software-engineer-c-at-inetum-4383319885,2026-03-11T10:38:57.152600+00:00
0,Python Developer | USA,linkedin,Software Engineer - Python,PayPal,"San Jose, CA",On-site,Full-time,Python,,English,,,Recent,https://www.linkedin.com/jobs/view/software-engineer-python-at-paypal-4377754434,2026-03-11T10:38:59.697078+00:00
0,Python Developer | USA,linkedin,Software Engineer - BE Python,PayPal,"San Jose, CA",On-site,Full-time,Python,,English,,,Recent,https://www.linkedin.com/jobs/view/software-engineer-be-python-at-paypal-4363081581,2026-03-11T10:38:59.697256+00:00
0,Python Developer | USA,linkedin,Python Developer,Sparksoft Corporation,"Columbia, MD",On-site,Full-time,Python,,English,,,Recent,https://www.linkedin.com/jobs/view/python-developer-at-sparksoft-corporation-4380396966,2026-03-11T10:38:59.697418+00:00
0,Python Developer | USA,linkedin,Python AI Engineer,Tech Mahindra,"Cleveland, OH",On-site,Full-time,Python,,English,,,Recent,https://www.linkedin.com/jobs/view/python-ai-engineer-at-tech-mahindra-4378845802,2026-03-11T10:38:59.697734+00:00
0,Python Developer | USA,linkedin,Python Developer,Crossing Hurdles,"California, United States",On-site,Full-time,Python,,English,,,Recent,https://www.linkedin.com/jobs/view/python-developer-at-crossing-hurdles-4379420257,2026-03-11T10:38:59.697892+00:00
0,Python Developer | USA,linkedin,Python Developer,Constellation Inc,"Washington, DC",On-site,Full-time,Python,,English,,,Recent,https://www.linkedin.com/jobs/view/python-developer-at-constellation-inc-4378195657,2026-03-11T10:38:59.698068+00:00
0,Python Developer | USA,linkedin,Backend Engineer Intern,Tinder,"Los Angeles, CA",On-site,Internship,,Intern,English,,,Recent,https://www.linkedin.com/jobs/view/backend-engineer-intern-at-tinder-4324000392,2026-03-11T10:38:59.698222+00:00
0,Python Developer | USA,linkedin,Python Developer,Set of X,"Fort Meade, MD",On-site,Full-time,Python,,English,,,Recent,https://www.linkedin.com/jobs/view/python-developer-at-set-of-x-4378534327,2026-03-11T10:38:59.698375+00:00
0,Python Developer | USA,linkedin,Python Developer Intern,Precisely,United States,On-site,Internship,Python,Intern,English,,,Recent,https://www.linkedin.com/jobs/view/python-developer-intern-at-precisely-4382115210,2026-03-11T10:38:59.698527+00:00
0,Python Developer | United Kingdom,linkedin,Python Software Engineer,Prima,"London, England, United Kingdom",On-site,Full-time,Python,,English,,,Recent,https://uk.linkedin.com/jobs/view/python-software-engineer-at-prima-4149696449,2026-03-11T10:39:02.185748+00:00
0,Python Developer | United Kingdom,linkedin,Python AI developer,Capgemini,"Knutsford, England, United Kingdom",On-site,Full-time,Python,,English,,,Recent,https://uk.linkedin.com/jobs/view/python-ai-developer-at-capgemini-4379168769,2026-03-11T10:39:02.185946+00:00
0,Python Developer | United Kingdom,linkedin,"Software Developer (Python) - Up to £140,000 + Bonus + Package",Hunter Bond,"London, England, United Kingdom",On-site,Full-time,Python,,English,,,Recent,https://uk.linkedin.com/jobs/view/software-developer-python-up-to-%C2%A3140-000-%2B-bonus-%2B-package-at-hunter-bond-4377789629,2026-03-11T10:39:02.186114+00:00
0,Python Developer | United Kingdom,linkedin,"Software Engineer - Python, Automation",Roku,"Cambridge, England, United Kingdom",On-site,Full-time,Python,,English,,,Recent,https://uk.linkedin.com/jobs/view/software-engineer-python-automation-at-roku-4378849265,2026-03-11T10:39:02.186278+00:00
0,Python Developer | United Kingdom,linkedin,Python Engineer,YLD,United Kingdom,On-site,Full-time,Python,,English,,,Recent,https://uk.linkedin.com/jobs/view/python-engineer-at-yld-4377728126,2026-03-11T10:39:02.186431+00:00
0,Python Developer | United Kingdom,linkedin,Python Software Engineer – Quantitative Hedge Fund : £120-180k,Hunter Bond,"London Area, United Kingdom",On-site,Full-time,Python,,English,,,Recent,https://uk.linkedin.com/jobs/view/python-software-engineer-%E2%80%93-quantitative-hedge-fund-%C2%A3120-180k-at-hunter-bond-4378189356,2026-03-11T10:39:02.186584+00:00
0,Python Developer | United Kingdom,linkedin,Software Engineer (Python/React),Oliver Bernard,"London Area, United Kingdom",On-site,Full-time,Python,React,English,,,Recent,https://uk.linkedin.com/jobs/view/software-engineer-python-react-at-oliver-bernard-4378170385,2026-03-11T10:39:02.186747+00:00
0,Python Developer | United Kingdom,linkedin,Python Software Engineer - Financial Systems,Validus Risk Management,"London, England, United Kingdom",On-site,Full-time,Python,,English,,,Recent,https://uk.linkedin.com/jobs/view/python-software-engineer-financial-systems-at-validus-risk-management-4380332733,2026-03-11T10:39:02.186911+00:00
0,Python Developer | United Kingdom,linkedin,Python Developer,Accenture,"Manchester, England, United Kingdom",On-site,Full-time,Python,,English,,,Recent,https://uk.linkedin.com/jobs/view/python-developer-at-accenture-4377770039,2026-03-11T10:39:02.187074+00:00
0,Python Developer | United Kingdom,linkedin,Python Developer,numi,"London Area, United Kingdom",On-site,Full-time,Python,,English,,,Recent,https://uk.linkedin.com/jobs/view/python-developer-at-numi-4320569358,2026-03-11T10:39:02.187225+00:00
0,Python Test | Austria,linkedin,Quality Engineer (m/f/d),SEA.AI,"Linz, Upper Austria, Austria",On-site,Full-time,,,English,,,Recent,https://at.linkedin.com/jobs/view/quality-engineer-m-f-d-at-sea-ai-4373453620,2026-03-11T10:39:07.072856+00:00
0,Python Test | Austria,linkedin,Quality Engineer (m/w/d),Vusion,"Fernitz-Mellach, Styria, Austria",On-site,Full-time,,,English,,,Recent,https://at.linkedin.com/jobs/view/quality-engineer-m-w-d-at-vusion-4380690033,2026-03-11T10:39:07.073033+00:00
0,Python Test | Switzerland,linkedin,Assistant Business Analyst / QA,Qim info,"Lausanne, Vaud, Switzerland",On-site,Full-time,,,English,,,Recent,https://ch.linkedin.com/jobs/view/assistant-business-analyst-qa-at-qim-info-4377382281,2026-03-11T10:39:09.479759+00:00
0,Python Test | Czech Republic,linkedin,"Eng I, Software Quality, APM, Temporary",BD Nogales Norte,"Distrito Nacional, Dominican Republic",On-site,Full-time,,,English,,,Recent,https://do.linkedin.com/jobs/view/eng-i-software-quality-apm-temporary-at-bd-nogales-norte-4377555936,2026-03-11T10:39:16.713458+00:00
0,Python Test | Czech Republic,linkedin,Reporting Specialist,Thryv,Dominican Republic,On-site,Full-time,,,English,,,Recent,https://do.linkedin.com/jobs/view/reporting-specialist-at-thryv-4359001680,2026-03-11T10:39:16.713611+00:00
0,Python Test | Czech Republic,linkedin,Manufacturing Engineer I 2do turno,Medtronic,"San Isidro, Santo Domingo, Dominican Republic",On-site,Full-time,,,English,,,Recent,https://do.linkedin.com/jobs/view/manufacturing-engineer-i-2do-turno-at-medtronic-4380761740,2026-03-11T10:39:16.713764+00:00
0,Python Test | Poland,linkedin,Quality Assurance Analyst,SoftNice UG,Poland,On-site,Full-time,,,English,,,Recent,https://pl.linkedin.com/jobs/view/quality-assurance-analyst-at-softnice-ug-4382437249,2026-03-11T10:39:19.154145+00:00
0,Python Test | Poland,linkedin,Junior QA Engineer (Automation) – Remote,Indivd,Poland,Remote,Full-time,,Junior,English,,,Recent,https://pl.linkedin.com/jobs/view/junior-qa-engineer-automation-%E2%80%93-remote-at-indivd-4379444416,2026-03-11T10:39:19.154466+00:00
0,Python Test | Poland,linkedin,Quality Assurance Automation Engineer,Coforge,"Krakowski, Małopolskie, Poland",On-site,Full-time,,,English,,,Recent,https://pl.linkedin.com/jobs/view/quality-assurance-automation-engineer-at-coforge-4382408255,2026-03-11T10:39:19.154962+00:00
0,Python Test | USA,linkedin,Software Quality Engineer,TriCom Technical Services,"Kansas City, MO",On-site,Full-time,,,English,,,Recent,https://www.linkedin.com/jobs/view/software-quality-engineer-at-tricom-technical-services-4383834855,2026-03-11T10:39:21.822567+00:00
0,Python Test | USA,linkedin,QA Automation Engineer,GlobalPoint,"Charlotte, NC",On-site,Full-time,,,English,,,Recent,https://www.linkedin.com/jobs/view/qa-automation-engineer-at-globalpoint-4380976580,2026-03-11T10:39:21.822724+00:00
0,Python Test | USA,linkedin,"QA Engineer – Manual Testing, Mobile, API & Database",Apexon,"Berkeley Heights, NJ",Remote,Full-time,,Manual Testing,English,,,Recent,https://www.linkedin.com/jobs/view/qa-engineer-%E2%80%93-manual-testing-mobile-api-database-at-apexon-4380480511,2026-03-11T10:39:21.822881+00:00
0,Python Test | USA,linkedin,QA Tester (Manual + Automation / UiPath),Citizant,"Chantilly, VA",On-site,Full-time,,,English,,,Recent,https://www.linkedin.com/jobs/view/qa-tester-manual-%2B-automation-uipath-at-citizant-4381928993,2026-03-11T10:39:21.823063+00:00
0,Python Test | USA,linkedin,QA Automation Engineer,BCforward,"Westerville, OH",On-site,Full-time,,,English,,,Recent,https://www.linkedin.com/jobs/view/qa-automation-engineer-at-bcforward-4383763457,2026-03-11T10:39:21.823220+00:00
0,Python Test | USA,linkedin,Software Test Engineer | Remote,Crossing Hurdles,United States,Remote,Full-time,,,English,,,Recent,https://www.linkedin.com/jobs/view/software-test-engineer-remote-at-crossing-hurdles-4382292962,2026-03-11T10:39:21.823373+00:00
0,Python Test | USA,linkedin,QA Engineer (Manual + Automation),The AES Group,"Jacksonville, FL",On-site,Full-time,,,English,,,Recent,https://www.linkedin.com/jobs/view/qa-engineer-manual-%2B-automation-at-the-aes-group-4382260136,2026-03-11T10:39:21.823527+00:00
0,Python Test | United Kingdom,linkedin,QA Test Engineer,Leo Recruitment Limited,"Poole, England, United Kingdom",On-site,Full-time,,,English,,,Recent,https://uk.linkedin.com/jobs/view/qa-test-engineer-at-leo-recruitment-limited-4383339453,2026-03-11T10:39:24.322068+00:00
0,Firmware Engineer | Germany,linkedin,Embedded Firmware Developer (m/f/d),stenon,"Potsdam, Brandenburg, Germany",On-site,Full-time,Firmware,,English,,,Recent,https://de.linkedin.com/jobs/view/embedded-firmware-developer-m-f-d-at-stenon-4378945036,2026-03-11T10:39:26.759735+00:00
0,Firmware Engineer | Germany,linkedin,Software Embedded Engineer,Corsair,"Landshut, Bavaria, Germany",On-site,Full-time,,,English,,,Recent,https://de.linkedin.com/jobs/view/software-embedded-engineer-at-corsair-4351784200,2026-03-11T10:39:26.759931+00:00
0,Firmware Engineer | Germany,linkedin,FREELANCE - Embedded Engineer (m/w/x) - München,requisimus,"Esslingen, Baden-Württemberg, Germany",On-site,Contract,,,English,,,Recent,https://de.linkedin.com/jobs/view/freelance-embedded-engineer-m-w-x-m%C3%BCnchen-at-requisimus-4372465156,2026-03-11T10:39:26.760576+00:00
0,Firmware Engineer | Germany,linkedin,Embedded Software Ingenieur (w/m/d),XTENDED ENGINEERING GMBH,"Munich, Bavaria, Germany",On-site,Full-time,,,English,,,Recent,https://de.linkedin.com/jobs/view/embedded-software-ingenieur-w-m-d-at-xtended-engineering-gmbh-4378392805,2026-03-11T10:39:26.760731+00:00
0,Firmware Engineer | Germany,linkedin,Embedded Software Entwickler (m/w/d),IRS Systementwicklung GmbH,"Wörth an der Donau, Bavaria, Germany",Remote,Full-time,"C, C++, Embedded Linux, Microcontroller","R, Linux",German,,,Recent,https://de.linkedin.com/jobs/view/embedded-software-entwickler-m-w-d-at-irs-systementwicklung-gmbh-4364524730,2026-03-11T10:39:26.760880+00:00
0,Firmware Engineer | Germany,linkedin,Embedded Software Engineer (m/f/d) - ADAM Audio GmbH,Focusrite,"Berlin, Berlin, Germany",On-site,Full-time,,,English,,,Recent,https://de.linkedin.com/jobs/view/embedded-software-engineer-m-f-d-adam-audio-gmbh-at-focusrite-4373802816,2026-03-11T10:39:26.761057+00:00
0,Firmware Engineer | Germany,linkedin,Embedded Software / Firmware Developer (m/w/d),secunet Security Networks AG,"Berlin, Berlin, Germany",On-site,Full-time,Firmware,,English,,,Recent,https://de.linkedin.com/jobs/view/embedded-software-firmware-developer-m-w-d-at-secunet-security-networks-ag-4375269838,2026-03-11T10:39:26.761209+00:00
0,Firmware Engineer | Austria,linkedin,"Embedded Engineer, C++",Snap Inc.,"Vienna, Austria",On-site,Full-time,"C, C++",,English,,,Recent,https://at.linkedin.com/jobs/view/embedded-engineer-c%2B%2B-at-snap-inc-4373352430,2026-03-11T10:39:29.181355+00:00
0,Firmware Engineer | Austria,linkedin,"Embedded Software Engineer, Operating System",Snap Inc.,"Vienna, Austria",On-site,Full-time,,,English,,,Recent,https://at.linkedin.com/jobs/view/embedded-software-engineer-operating-system-at-snap-inc-4373350021,2026-03-11T10:39:29.181533+00:00
0,Firmware Engineer | Austria,linkedin,"Embedded Engineer, Camera",Snap Inc.,"Vienna, Austria",On-site,Full-time,,,English,,,Recent,https://at.linkedin.com/jobs/view/embedded-engineer-camera-at-snap-inc-4373339352,2026-03-11T10:39:29.181701+00:00
0,Firmware Engineer | Austria,linkedin,Embedded Software Engineer (full-time)  (f/m/d),TriLite Technologies,"Vienna, Vienna, Austria",On-site,Full-time,,,English,,,Recent,https://at.linkedin.com/jobs/view/embedded-software-engineer-full-time-f-m-d-at-trilite-technologies-4364588916,2026-03-11T10:39:29.182043+00:00
0,Firmware Engineer | Austria,linkedin,Embedded Systems Engineer (HW & SW),Cellectric Biosciences,"Vienna, Austria",On-site,Full-time,Embedded Systems,,English,,,Recent,https://at.linkedin.com/jobs/view/embedded-systems-engineer-hw-sw-at-cellectric-biosciences-4375682410,2026-03-11T10:39:29.182199+00:00
0,Firmware Engineer | Austria,linkedin,Software Engineer,Talos Automation,"Styria, Austria",On-site,Full-time,,,English,,,Recent,https://at.linkedin.com/jobs/view/software-engineer-at-talos-automation-4375539342,2026-03-11T10:39:29.182354+00:00
0,Firmware Engineer | Austria,linkedin,Embedded Software Engineer (all genders),Beyond Gravity,"Vienna, Vienna, Austria",On-site,Full-time,,,English,,,Recent,https://at.linkedin.com/jobs/view/embedded-software-engineer-all-genders-at-beyond-gravity-4381414954,2026-03-11T10:39:29.182503+00:00
0,Firmware Engineer | Austria,linkedin,SOFTWARE ENGINEER m/w/d,Forster,"Waidhofen, Lower Austria, Austria",On-site,Full-time,,,English,,,Recent,https://at.linkedin.com/jobs/view/software-engineer-m-w-d-at-forster-4372236758,2026-03-11T10:39:29.182655+00:00
0,Firmware Engineer | Austria,linkedin,"Embedded Engineer, Camera",Snap Inc.,"Vienna, Vienna, Austria",On-site,Full-time,,,English,,,Recent,https://at.linkedin.com/jobs/view/embedded-engineer-camera-at-snap-inc-4343180012,2026-03-11T10:39:29.182812+00:00
0,Firmware Engineer | Switzerland,linkedin,Embedded Software Engineer – e-Bike Systems,Specialized Bicycle Components,"Cham, Zug, Switzerland",On-site,Full-time,,,English,,,Recent,https://ch.linkedin.com/jobs/view/embedded-software-engineer-%E2%80%93-e-bike-systems-at-specialized-bicycle-components-4249261377,2026-03-11T10:39:31.620039+00:00
0,Firmware Engineer | Switzerland,linkedin,Embedded Engineer,NielsenIQ,"Kriegstetten, Solothurn, Switzerland",On-site,Full-time,,,English,,,Recent,https://ch.linkedin.com/jobs/view/embedded-engineer-at-nielseniq-4382425033,2026-03-11T10:39:31.620225+00:00
0,Firmware Engineer | Switzerland,linkedin,Embedded Software Engineer (R&D),rheonics,"Winterthur, Zurich, Switzerland",On-site,Full-time,,R,English,,,Recent,https://ch.linkedin.com/jobs/view/embedded-software-engineer-r-d-at-rheonics-4380301118,2026-03-11T10:39:31.620384+00:00
0,Firmware Engineer | Switzerland,linkedin,C++ Software Engineer (80%-100%) – Zug,Code Compass 🧭,"Zug, Switzerland",Remote,Full-time,"C, C++",,English,,,Recent,https://ch.linkedin.com/jobs/view/c%2B%2B-software-engineer-80%25-100%25-%E2%80%93-zug-at-code-compass-%F0%9F%A7%AD-4380297590,2026-03-11T10:39:31.620535+00:00
0,Firmware Engineer | Switzerland,linkedin,Embedded Software Engineer – e Bike Systems (80–100%),Specialized Bicycle Components,"Cham, Zug, Switzerland",Remote,Full-time,,,English,,,Recent,https://ch.linkedin.com/jobs/view/embedded-software-engineer-%E2%80%93-e-bike-systems-80%E2%80%93100%25-at-specialized-bicycle-components-4371434879,2026-03-11T10:39:31.620847+00:00
0,Firmware Engineer | Switzerland,linkedin,Embedded Software Developer,Dentsply Sirona,"Zurich, Zurich, Switzerland",On-site,Full-time,,,English,,,Recent,https://ch.linkedin.com/jobs/view/embedded-software-developer-at-dentsply-sirona-4292130219,2026-03-11T10:39:31.621182+00:00
0,Firmware Engineer | Switzerland,linkedin,"Software Engineer, Wireless and IoT",Cisco,"Écublens, Vaud, Switzerland",On-site,Full-time,,,English,,,Recent,https://ch.linkedin.com/jobs/view/software-engineer-wireless-and-iot-at-cisco-4367616184,2026-03-11T10:39:31.621481+00:00
0,Firmware Engineer | Remote,linkedin,Embedded Firmware Engineer (6-months limited contract),Bragi,Germany,Remote,Contract,Firmware,,English,,,Recent,https://de.linkedin.com/jobs/view/embedded-firmware-engineer-6-months-limited-contract-at-bragi-4381733845,2026-03-11T10:39:34.081117+00:00
0,Firmware Engineer | Remote,linkedin,Embedded Software Engineer,XpertDirect,"Munich, Bavaria, Germany",Remote,Full-time,,,English,,,Recent,https://de.linkedin.com/jobs/view/embedded-software-engineer-at-xpertdirect-4378164836,2026-03-11T10:39:34.081465+00:00
0,Firmware Engineer | Remote,linkedin,Java Software Engineer | $80/hr Remote,Crossing Hurdles,Germany,Remote,Full-time,Java,,English,,,Recent,https://de.linkedin.com/jobs/view/java-software-engineer-%2480-hr-remote-at-crossing-hurdles-4379152859,2026-03-11T10:39:34.081625+00:00
0,Firmware Engineer | Remote,linkedin,Embedded Softwareentwickler (m/w/d),ICT Digital Solutions GmbH,Germany,Remote,Full-time,,,English,,,Recent,https://de.linkedin.com/jobs/view/embedded-softwareentwickler-m-w-d-at-ict-digital-solutions-gmbh-4364111996,2026-03-11T10:39:34.081773+00:00
0,Firmware Engineer | Remote,linkedin,Software Engineer | Remote,Crossing Hurdles,Germany,Remote,Full-time,,,English,,,Recent,https://de.linkedin.com/jobs/view/software-engineer-remote-at-crossing-hurdles-4382849391,2026-03-11T10:39:34.082248+00:00
0,Firmware Engineer | Remote,linkedin,Software Engineer,RJC Group,Germany,Remote,Full-time,,,English,,,Recent,https://de.linkedin.com/jobs/view/software-engineer-at-rjc-group-4366333014,2026-03-11T10:39:34.082401+00:00
0,Firmware Engineer | Slovakia,linkedin,Software Engineer,Eleveo,Kosice Metropolitan Area,On-site,Full-time,,,English,,,Recent,https://sk.linkedin.com/jobs/view/software-engineer-at-eleveo-4379863032,2026-03-11T10:39:36.477810+00:00
0,Firmware Engineer | Slovakia,linkedin,Software Engineer,Cisco,"Bratislava, Bratislava, Slovakia",On-site,Full-time,,,English,,,Recent,https://sk.linkedin.com/jobs/view/software-engineer-at-cisco-4369673005,2026-03-11T10:39:36.478149+00:00
0,Firmware Engineer | Slovakia,linkedin,Software Engineer,Cisco,"Bratislava, Bratislava, Slovakia",On-site,Full-time,,,English,,,Recent,https://sk.linkedin.com/jobs/view/software-engineer-at-cisco-4369669372,2026-03-11T10:39:36.478303+00:00
0,Firmware Engineer | Slovakia,linkedin,Java Software Engineer,ITmatch,"Bratislava, Slovakia",On-site,Full-time,Java,,English,,,Recent,https://sk.linkedin.com/jobs/view/java-software-engineer-at-itmatch-4384142226,2026-03-11T10:39:36.478456+00:00
0,Firmware Engineer | Slovakia,linkedin,Software Engineer,Cisco,"Bratislava, Bratislava, Slovakia",On-site,Full-time,,,English,,,Recent,https://sk.linkedin.com/jobs/view/software-engineer-at-cisco-4369656700,2026-03-11T10:39:36.478612+00:00
0,Firmware Engineer | Slovakia,linkedin,Node.js Software Engineer (Mid Level),Innovatrics,"Bratislava, Bratislava, Slovakia",On-site,Full-time,,Node.Js,English,,,Recent,https://sk.linkedin.com/jobs/view/node-js-software-engineer-mid-level-at-innovatrics-4383806918,2026-03-11T10:39:36.478934+00:00
0,Firmware Engineer | Czech Republic,linkedin,Remote Software Engineer (AI Code Evaluation),Braintrust,Dominican Republic,Remote,Full-time,,,English,,,Recent,https://do.linkedin.com/jobs/view/remote-software-engineer-ai-code-evaluation-at-braintrust-4343870033,2026-03-11T10:39:38.926969+00:00
0,Firmware Engineer | Czech Republic,linkedin,Mobile Software Engineer - Remote - Latin America,FullStack,"Santo Domingo Oeste, Santo Domingo, Dominican Republic",Remote,Full-time,,,English,,,Recent,https://do.linkedin.com/jobs/view/mobile-software-engineer-remote-latin-america-at-fullstack-4382119204,2026-03-11T10:39:38.927131+00:00
0,Firmware Engineer | Czech Republic,linkedin,Mobile Software Engineer - Remote - Latin America,FullStack,Dominican Republic,Remote,Full-time,,,English,,,Recent,https://do.linkedin.com/jobs/view/mobile-software-engineer-remote-latin-america-at-fullstack-4382115453,2026-03-11T10:39:38.927440+00:00
0,Firmware Engineer | Czech Republic,linkedin,Mobile Software Engineer - Remote - Latin America,FullStack,"San Cristóbal, San Cristóbal, Dominican Republic",Remote,Full-time,,,English,,,Recent,https://do.linkedin.com/jobs/view/mobile-software-engineer-remote-latin-america-at-fullstack-4382121194,2026-03-11T10:39:38.927592+00:00
0,Firmware Engineer | Czech Republic,linkedin,Mobile Software Engineer - Remote - Latin America,FullStack,"Santo Domingo Este, Santo Domingo, Dominican Republic",Remote,Full-time,,,English,,,Recent,https://do.linkedin.com/jobs/view/mobile-software-engineer-remote-latin-america-at-fullstack-4382105916,2026-03-11T10:39:38.927751+00:00
0,Firmware Engineer | Czech Republic,linkedin,Mobile Software Engineer - Remote - Latin America,FullStack,"Santo Domingo, Dominican Republic",Remote,Full-time,,,English,,,Recent,https://do.linkedin.com/jobs/view/mobile-software-engineer-remote-latin-america-at-fullstack-4382123011,2026-03-11T10:39:38.927918+00:00
0,Firmware Engineer | Poland,linkedin,Junior Software Engineer,Asana,"Warsaw, Mazowieckie, Poland",Remote,Contract,Can,"Aws, Junior, Asana, Graduate",English,,,Recent,https://pl.linkedin.com/jobs/view/junior-software-engineer-at-asana-4315919819,2026-03-11T10:39:41.366846+00:00
0,Firmware Engineer | Poland,linkedin,Java Software Engineer /1,Inetum,"Warsaw, Mazowieckie, Poland",On-site,Full-time,Java,,English,,,Recent,https://pl.linkedin.com/jobs/view/java-software-engineer-1-at-inetum-4380314544,2026-03-11T10:39:41.367036+00:00
0,Firmware Engineer | Poland,linkedin,Embedded Software Engineer,Verkada,"Krakowski, Małopolskie, Poland",On-site,Full-time,,,English,,,Recent,https://pl.linkedin.com/jobs/view/embedded-software-engineer-at-verkada-4365303970,2026-03-11T10:39:41.367195+00:00
0,Firmware Engineer | Poland,linkedin,Graduate software engineer,Meetup,"Warsaw, Mazowieckie, Poland",On-site,Full-time,,Graduate,English,,,Recent,https://pl.linkedin.com/jobs/view/graduate-software-engineer-at-meetup-4381371765,2026-03-11T10:39:41.367364+00:00
0,Firmware Engineer | Poland,linkedin,Software Engineer,Netguru,Poland,On-site,Full-time,,,English,,,Recent,https://pl.linkedin.com/jobs/view/software-engineer-at-netguru-4380789885,2026-03-11T10:39:41.367529+00:00
0,Firmware Engineer | Poland,linkedin,Software Engineer,Asana,"Warsaw, Mazowieckie, Poland",Remote,Contract,"Can, Javascript, Typescript","Scala, Asana, Node.Js, React",English,,,Recent,https://pl.linkedin.com/jobs/view/software-engineer-at-asana-4315918840,2026-03-11T10:39:41.367679+00:00
0,Firmware Engineer | Poland,linkedin,Java Software Engineer,Vertex Agility,"Cracow, Małopolskie, Poland",Hybrid,Contract,"Bash, Ci/Cd, Java, Jenkins, Shell","Devops, Github, Kubernetes, Agile, Docker, Unix, Groovy, Linux",English,,,Recent,https://pl.linkedin.com/jobs/view/java-software-engineer-at-vertex-agility-4379910925,2026-03-11T10:39:41.368001+00:00
0,Firmware Engineer | USA,linkedin,"Software Engineer, Rider",Lyft,"New York, NY",On-site,Full-time,,,English,,,Recent,https://www.linkedin.com/jobs/view/software-engineer-rider-at-lyft-4382127500,2026-03-11T10:39:44.022527+00:00
0,Firmware Engineer | USA,linkedin,Embedded Software Engineer,Meta,"San Diego, CA",On-site,Full-time,,,English,,,Recent,https://www.linkedin.com/jobs/view/embedded-software-engineer-at-meta-4301812137,2026-03-11T10:39:44.022680+00:00
0,Firmware Engineer | USA,linkedin,Embedded Software Engineer,Meta,"Austin, TX",On-site,Full-time,,,English,,,Recent,https://www.linkedin.com/jobs/view/embedded-software-engineer-at-meta-4301819047,2026-03-11T10:39:44.022832+00:00
0,Firmware Engineer | USA,linkedin,Embedded Software Engineer Intern,Nuro,"Mountain View, CA",On-site,Internship,,Intern,English,,,Recent,https://www.linkedin.com/jobs/view/embedded-software-engineer-intern-at-nuro-4360007303,2026-03-11T10:39:44.023001+00:00
0,Firmware Engineer | USA,linkedin,Embedded Software Engineer,Meta,"New York, NY",On-site,Full-time,,,English,,,Recent,https://www.linkedin.com/jobs/view/embedded-software-engineer-at-meta-4353883385,2026-03-11T10:39:44.023156+00:00
0,Firmware Engineer | United Kingdom,linkedin,"Software Engineer, New Grad",Deliveroo,"London, England, United Kingdom",On-site,Full-time,,,English,,,Recent,https://uk.linkedin.com/jobs/view/software-engineer-new-grad-at-deliveroo-4379662791,2026-03-11T10:39:46.520771+00:00
0,Firmware Engineer | United Kingdom,linkedin,Embedded Software Engineer,Purposeology,"City Of London, England, United Kingdom",On-site,Full-time,,,English,,,Recent,https://uk.linkedin.com/jobs/view/embedded-software-engineer-at-purposeology-4378658539,2026-03-11T10:39:46.520981+00:00
0,Firmware Engineer | United Kingdom,linkedin,Embedded Systems & Software Developer (Graduate Junior),hireful,"Wolverhampton, England, United Kingdom",On-site,Full-time,Embedded Systems,"Junior, Graduate",English,,,Recent,https://uk.linkedin.com/jobs/view/embedded-systems-software-developer-graduate-junior-at-hireful-4377048822,2026-03-11T10:39:46.521140+00:00
0,Firmware Engineer | United Kingdom,linkedin,"Software Engineer, Infrastructure",Meta,"London, England, United Kingdom",On-site,Full-time,,,English,,,Recent,https://uk.linkedin.com/jobs/view/software-engineer-infrastructure-at-meta-4254319485,2026-03-11T10:39:46.521300+00:00
0,Firmware Engineer | United Kingdom,linkedin,Embedded Software and Firmware Engineer,Oxford Quantum Circuits (OQC),"Reading, England, United Kingdom",On-site,Full-time,Firmware,,English,,,Recent,https://uk.linkedin.com/jobs/view/embedded-software-and-firmware-engineer-at-oxford-quantum-circuits-oqc-4382672715,2026-03-11T10:39:46.521457+00:00
0,Firmware Engineer | United Kingdom,linkedin,Software Engineer - London,Zopa Bank,"London, England, United Kingdom",On-site,Full-time,,,English,,,Recent,https://uk.linkedin.com/jobs/view/software-engineer-london-at-zopa-bank-4036813631,2026-03-11T10:39:46.521612+00:00
0,Firmware Engineer | United Kingdom,linkedin,Software Engineer (£50k + benefits),Manchester Digital,"Manchester, England, United Kingdom",On-site,Full-time,,,English,,,Recent,https://uk.linkedin.com/jobs/view/software-engineer-%C2%A350k-%2B-benefits-at-manchester-digital-4370656682,2026-03-11T10:39:46.521766+00:00
0,Firmware Engineer | United Kingdom,linkedin,Software Engineer,Manchester Digital,"Manchester, England, United Kingdom",On-site,Full-time,,,English,,,Recent,https://uk.linkedin.com/jobs/view/software-engineer-at-manchester-digital-4381002597,2026-03-11T10:39:46.521942+00:00
0,Firmware Engineer | United Kingdom,linkedin,Software Engineer,Red Bull Racing & Red Bull Technology,"Milton Keynes, England, United Kingdom",On-site,Full-time,,,English,,,Recent,https://uk.linkedin.com/jobs/view/software-engineer-at-red-bull-racing-red-bull-technology-4375990471,2026-03-11T10:39:46.522094+00:00
