relevance_score,search_criteria,provider,title,company,location,work_location_type,employment_type,matching_skills,missing_skills,detected_languages,matched_roles,salary_hint,posted_at_relative,link,scraped_at
29,Test Engineer | Switzerland,linkedin,"Software Engineer (Search), MLPT - ASE",Apple,"Zurich, Zurich, Switzerland",On-site,Full-time,,,English,,,Recent,https://ch.linkedin.com/jobs/view/software-engineer-search-mlpt-ase-at-apple-4400018197,2026-04-20T11:22:39.037796+00:00
29,Python Test | United Kingdom,linkedin,QA Engineer,McKenzie Intelligence Services,"Greater London, England, United Kingdom",On-site,Full-time,,,English,,,Recent,https://uk.linkedin.com/jobs/view/qa-engineer-at-mckenzie-intelligence-services-4394603889,2026-04-20T11:24:23.111085+00:00
29,Firmware Engineer | Germany,linkedin,Embedded Software Engineer,NXP Semiconductors,"Hamburg, Hamburg, Germany",On-site,Full-time,,,English,,,Recent,https://de.linkedin.com/jobs/view/embedded-software-engineer-at-nxp-semiconductors-4393236614,2026-04-20T11:24:25.524502+00:00
14,Tester | Austria,linkedin,Senior Software Engineer in Test (Full-Stack/Python),Mindrift,Austria,On-site,Full-time,Python,Senior,English,Senior,,Recent,https://at.linkedin.com/jobs/view/senior-software-engineer-in-test-full-stack-python-at-mindrift-4399249356,2026-04-20T11:21:52.569853+00:00
14,Tester | Remote,linkedin,Senior Software Engineer in Test,Jobgether,Germany,Remote,Full-time,,Senior,English,Senior,,Recent,https://de.linkedin.com/jobs/view/senior-software-engineer-in-test-at-jobgether-4401184853,2026-04-20T11:21:57.490881+00:00
14,Tester | Remote,linkedin,Senior Software Engineer in Test (Full-Stack/Python),Mindrift,"Stuttgart, Baden-Württemberg, Germany",Remote,Full-time,Python,Senior,English,Senior,,Recent,https://de.linkedin.com/jobs/view/senior-software-engineer-in-test-full-stack-python-at-mindrift-4399257148,2026-04-20T11:21:57.491214+00:00
14,Tester | Remote,linkedin,Senior Pega CDH Test Engineer,Coforge,Frankfurt Rhine-Main Metropolitan Area,Remote,Full-time,,Senior,English,Senior,,Recent,https://de.linkedin.com/jobs/view/senior-pega-cdh-test-engineer-at-coforge-4389806639,2026-04-20T11:21:57.491382+00:00
14,Tester | Slovakia,linkedin,Senior Software Test Engineer,"NESS KE, s.r.o.","Kosice, Slovakia",On-site,Full-time,,"Senior, R",English,Senior,,Recent,https://sk.linkedin.com/jobs/view/senior-software-test-engineer-at-ness-ke-s-r-o-4399545880,2026-04-20T11:21:59.910175+00:00
14,Tester | Czech Republic,linkedin,Senior Industrialization Test Engineer,Eaton,"Santo Domingo, Distrito Nacional, Dominican Republic",On-site,Full-time,,Senior,English,Senior,,Recent,https://do.linkedin.com/jobs/view/senior-industrialization-test-engineer-at-eaton-4400414394,2026-04-20T11:22:02.332885+00:00
14,QA Engineer | Germany,linkedin,Senior Software Test Engineer / QA,Optimus Search,"Berlin, Germany",On-site,Full-time,,Senior,English,Senior,,Recent,https://de.linkedin.com/jobs/view/senior-software-test-engineer-qa-at-optimus-search-4399545950,2026-04-20T11:22:12.232443+00:00
14,QA Engineer | Germany,linkedin,Senior QA Engineer (m/w/d),SymBio.,"Hamburg, Germany",On-site,Full-time,,Senior,English,Senior,,Recent,https://de.linkedin.com/jobs/view/senior-qa-engineer-m-w-d-at-symbio-4399663070,2026-04-20T11:22:12.232599+00:00
14,QA Engineer | Austria,linkedin,Senior Quality Assurance Engineer,Bybit EU,"Vienna, Austria",On-site,Full-time,,Senior,English,Senior,,Recent,https://at.linkedin.com/jobs/view/senior-quality-assurance-engineer-at-bybit-eu-4389567167,2026-04-20T11:22:14.676746+00:00
14,QA Engineer | Remote,linkedin,Senior Automation QA Engineer,MLabs,Germany,Remote,Full-time,,Senior,English,Senior,,Recent,https://de.linkedin.com/jobs/view/senior-automation-qa-engineer-at-mlabs-4394608529,2026-04-20T11:22:19.515853+00:00
14,QA Engineer | Slovakia,linkedin,Senior Quality Assurance Engineer,Touch4IT,Bratislava Metropolitan Area,On-site,Full-time,,Senior,English,Senior,,Recent,https://sk.linkedin.com/jobs/view/senior-quality-assurance-engineer-at-touch4it-4398468922,2026-04-20T11:22:21.924811+00:00
14,QA Engineer | Slovakia,linkedin,QA Lead Engineer,Ness Digital Engineering,Slovakia,On-site,Full-time,,Lead,English,"Lead, QA Lead",,Recent,https://sk.linkedin.com/jobs/view/qa-lead-engineer-at-ness-digital-engineering-4402249490,2026-04-20T11:22:21.925153+00:00
14,QA Engineer | Slovakia,linkedin,Senior QA Engineer,Swiss Re,"Bratislava, Bratislava, Slovakia",On-site,Full-time,,Senior,English,Senior,,Recent,https://sk.linkedin.com/jobs/view/senior-qa-engineer-at-swiss-re-4393493031,2026-04-20T11:22:21.925467+00:00
14,QA Engineer | Slovakia,linkedin,Senior QA Engineer,Ness Digital Engineering,Slovakia,On-site,Full-time,,Senior,English,Senior,,Recent,https://sk.linkedin.com/jobs/view/senior-qa-engineer-at-ness-digital-engineering-4389051294,2026-04-20T11:22:21.925619+00:00
14,QA Engineer | Slovakia,linkedin,Senior QA Engineer (Native Apps),Alex Staff,Slovakia,On-site,Full-time,,"Staff, Senior",English,"Senior, Staff",,Recent,https://sk.linkedin.com/jobs/view/senior-qa-engineer-native-apps-at-alex-staff-4401043963,2026-04-20T11:22:21.925769+00:00
14,QA Engineer | Czech Republic,linkedin,Senior QA Automation Engineer - IT Solutions,Truelogic Software,Dominican Republic,On-site,Full-time,,Senior,English,Senior,,Recent,https://do.linkedin.com/jobs/view/senior-qa-automation-engineer-it-solutions-at-truelogic-software-4403532200,2026-04-20T11:22:24.327364+00:00
14,QA Engineer | Poland,linkedin,Senior QA Engineer,Forte Group,Poland,On-site,Full-time,,Senior,English,Senior,,Recent,https://pl.linkedin.com/jobs/view/senior-qa-engineer-at-forte-group-4401064301,2026-04-20T11:22:26.761868+00:00
14,QA Engineer | United Kingdom,linkedin,Lead QA/QC Engineer,Dornan,"London Area, United Kingdom",On-site,Full-time,,Lead,English,Lead,,Recent,https://uk.linkedin.com/jobs/view/lead-qa-qc-engineer-at-dornan-4401714375,2026-04-20T11:22:31.643079+00:00
14,Testingenieur | Switzerland,linkedin,Senior Test Engineer / Test Manager – S/4HANA Integration (Telecom),Templeton & Partners - Innovative & Inclusive Hiring Solutions,"Bern, Berne, Switzerland",On-site,Full-time,,Senior,English,"Senior, Test Manager",,Recent,https://ch.linkedin.com/jobs/view/senior-test-engineer-test-manager-%E2%80%93-s-4hana-integration-telecom-at-templeton-partners-innovative-inclusive-hiring-solutions-4395369418,2026-04-20T11:23:01.276003+00:00
14,Testingenieur | USA,linkedin,Junior Applications Engineer,LHH,"Nashville, TN",Hybrid,Internship,Can,"Sql, Senior, Junior, Internship",English,Senior,,Recent,https://www.linkedin.com/jobs/view/junior-applications-engineer-at-lhh-4400797965,2026-04-20T11:23:13.574644+00:00
14,Testingenieur | USA,linkedin,QA Tester,Seneca Resources,"Hoover, AL",Hybrid,Contract,"Java, Selenium, Test Automation","Postman, Lead, Sql",English,Lead,,Recent,https://www.linkedin.com/jobs/view/qa-tester-at-seneca-resources-4400033043,2026-04-20T11:23:13.575531+00:00
14,Testingenieur | United Kingdom,linkedin,Vehicle Testing Engineer,Applus+ IDIADA,"Nuneaton, England, United Kingdom",Remote,Contract,,"Lead, Swift",English,Lead,,Recent,https://uk.linkedin.com/jobs/view/vehicle-testing-engineer-at-applus%2B-idiada-4399994009,2026-04-20T11:23:16.053119+00:00
14,Testingenieur | United Kingdom,linkedin,Quality Assurance Engineer,Filtronic,"Sedgefield, England, United Kingdom",On-site,Internship,Can,Lead,English,Lead,,Recent,https://uk.linkedin.com/jobs/view/quality-assurance-engineer-at-filtronic-4398538814,2026-04-20T11:23:16.053283+00:00
14,Testingenieur | United Kingdom,linkedin,Test Engineer,BSI,"Hemel Hempstead, England, United Kingdom",On-site,Contract,Can,"Senior, Expert",English,"Expert, Senior",,Recent,https://uk.linkedin.com/jobs/view/test-engineer-at-bsi-4385947198,2026-04-20T11:23:16.053447+00:00
14,Test Automation | Germany,linkedin,Senior Quality Engineer,Jobgether,Germany,On-site,Full-time,,Senior,English,Senior,,Recent,https://de.linkedin.com/jobs/view/senior-quality-engineer-at-jobgether-4400762817,2026-04-20T11:23:18.522129+00:00
14,Test Automation | Germany,linkedin,Senior QA Test Automation Engineer (all genders),JustPlay,"Grünwald, Bavaria, Germany",On-site,Full-time,Test Automation,Senior,English,Senior,,Recent,https://de.linkedin.com/jobs/view/senior-qa-test-automation-engineer-all-genders-at-justplay-4394947658,2026-04-20T11:23:18.522604+00:00
14,Test Automation | Germany,linkedin,Team Lead Software Testing - Automation Platform (m|f|d),Miltenyi Biotec,"Bergisch Gladbach, North Rhine-Westphalia, Germany",On-site,Full-time,,"Lead, Team Lead",English,Lead,,Recent,https://de.linkedin.com/jobs/view/team-lead-software-testing-automation-platform-m-f-d-at-miltenyi-biotec-4403362758,2026-04-20T11:23:18.523086+00:00
14,Test Automation | Switzerland,linkedin,Senior Quality Control (QC) Project Lead,Eumedica Pharmaceuticals AG,"Basel, Basel, Switzerland",On-site,Contract,,"Senior, Lead",English,"Lead, Senior",,Recent,https://ch.linkedin.com/jobs/view/senior-quality-control-qc-project-lead-at-eumedica-pharmaceuticals-ag-4390145265,2026-04-20T11:23:23.420418+00:00
14,Test Automation | Switzerland,linkedin,Senior Quality Engineer,Jobgether,Switzerland,On-site,Full-time,,Senior,English,Senior,,Recent,https://ch.linkedin.com/jobs/view/senior-quality-engineer-at-jobgether-4400751931,2026-04-20T11:23:23.420584+00:00
14,Test Automation | Switzerland,linkedin,Test Manager,Sixsentix,"Zurich, Switzerland",On-site,Full-time,,,English,Test Manager,,Recent,https://ch.linkedin.com/jobs/view/test-manager-at-sixsentix-4392279589,2026-04-20T11:23:23.420737+00:00
14,Test Automation | Switzerland,linkedin,Test Manager,Nicoll Curtin,Zürich Metropolitan Area,On-site,Full-time,,,English,Test Manager,,Recent,https://ch.linkedin.com/jobs/view/test-manager-at-nicoll-curtin-4401624237,2026-04-20T11:23:23.420891+00:00
14,Test Automation | Switzerland,linkedin,Test Manager,Nicoll Curtin,Zürich Metropolitan Area,On-site,Full-time,,,English,Test Manager,,Recent,https://ch.linkedin.com/jobs/view/test-manager-at-nicoll-curtin-4399978223,2026-04-20T11:23:23.421390+00:00
14,Test Automation | Switzerland,linkedin,Test Lead (M/F),WIT PARTNERS SA,"Vaud, Switzerland",On-site,Full-time,,Lead,English,Lead,,Recent,https://ch.linkedin.com/jobs/view/test-lead-m-f-at-wit-partners-sa-4400178515,2026-04-20T11:23:23.421545+00:00
14,Test Automation | Remote,linkedin,Senior Software Engineer in Test (Full-Stack/Python),Mindrift,"Munich, Bavaria, Germany",Remote,Full-time,Python,Senior,English,Senior,,Recent,https://de.linkedin.com/jobs/view/senior-software-engineer-in-test-full-stack-python-at-mindrift-4399244881,2026-04-20T11:23:25.878805+00:00
14,Test Automation | Remote,linkedin,Senior Software Engineer in Test (Full-Stack/Python),Mindrift,Germany,Remote,Full-time,Python,Senior,English,Senior,,Recent,https://de.linkedin.com/jobs/view/senior-software-engineer-in-test-full-stack-python-at-mindrift-4399257155,2026-04-20T11:23:25.878977+00:00
14,Test Automation | Remote,linkedin,Senior Quality Assurance Automation Engineer,Soft Spect GmbH,Germany,Remote,Full-time,,Senior,English,Senior,,Recent,https://de.linkedin.com/jobs/view/senior-quality-assurance-automation-engineer-at-soft-spect-gmbh-4399556572,2026-04-20T11:23:25.879159+00:00
14,Test Automation | Slovakia,linkedin,Test Manager,Avenga,"Bratislava, Slovakia",On-site,Full-time,,,English,Test Manager,,Recent,https://sk.linkedin.com/jobs/view/test-manager-at-avenga-4395875366,2026-04-20T11:23:28.332542+00:00
14,Test Automation | Slovakia,linkedin,ČSOB Test Manager (M/Ž),ČSOB Finančná skupina,"Bratislava, Slovakia",On-site,Full-time,,,English,Test Manager,,Recent,https://sk.linkedin.com/jobs/view/%C4%8Dsob-test-manager-m-%C5%BE-at-%C4%8Dsob-finan%C4%8Dn%C3%A1-skupina-4327891724,2026-04-20T11:23:28.333413+00:00
14,Test Automation | Poland,linkedin,Senior Automation QA Engineer,MLabs,Poland,On-site,Full-time,,Senior,English,Senior,,Recent,https://pl.linkedin.com/jobs/view/senior-automation-qa-engineer-at-mlabs-4394611318,2026-04-20T11:23:33.191329+00:00
14,Test Automation | Poland,linkedin,Senior Software Engineer in Test (Full-Stack/Python),Mindrift,Poland,On-site,Full-time,Python,Senior,English,Senior,,Recent,https://pl.linkedin.com/jobs/view/senior-software-engineer-in-test-full-stack-python-at-mindrift-4399249362,2026-04-20T11:23:33.192627+00:00
14,Test Automation | USA,linkedin,QA Test Automation Lead,SIDRAM TECHNOLOGIES,"Columbus, OH",On-site,Full-time,Test Automation,Lead,English,Lead,,Recent,https://www.linkedin.com/jobs/view/qa-test-automation-lead-at-sidram-technologies-4402295978,2026-04-20T11:23:35.826782+00:00
14,Test Automation | USA,linkedin,QA Automation Lead,The Value Maximizer,"New York, NY",On-site,Full-time,,Lead,English,Lead,,Recent,https://www.linkedin.com/jobs/view/qa-automation-lead-at-the-value-maximizer-4403535024,2026-04-20T11:23:35.826936+00:00
14,Test Automation | United Kingdom,linkedin,Test Manager,Coforge,"London Area, United Kingdom",On-site,Full-time,,,English,Test Manager,,Recent,https://uk.linkedin.com/jobs/view/test-manager-at-coforge-4397243538,2026-04-20T11:23:38.364436+00:00
14,Python Developer | Germany,linkedin,Senior Python Developer,Hays,"Munich, Bavaria, Germany",On-site,Full-time,Python,Senior,English,Senior,,Recent,https://de.linkedin.com/jobs/view/senior-python-developer-at-hays-4401099047,2026-04-20T11:23:40.901928+00:00
14,Python Developer | Germany,linkedin,Senior Python Developer (all genders),Sunday Natural,"Berlin, Berlin, Germany",On-site,Full-time,Python,Senior,English,Senior,,Recent,https://de.linkedin.com/jobs/view/senior-python-developer-all-genders-at-sunday-natural-4387397879,2026-04-20T11:23:40.903018+00:00
14,Python Developer | Austria,linkedin,Senior Python Systems Developer - Functional Testing Project,Mindrift,Austria,On-site,Contract,Python,Senior,English,Senior,,Recent,https://at.linkedin.com/jobs/view/senior-python-systems-developer-functional-testing-project-at-mindrift-4401047457,2026-04-20T11:23:43.336610+00:00
14,Python Developer | Switzerland,linkedin,Freelancer Full Stack Engineer,Twine,Switzerland,On-site,Contract,,Freelancer,English,Freelancer,,Recent,https://ch.linkedin.com/jobs/view/freelancer-full-stack-engineer-at-twine-4399549529,2026-04-20T11:23:45.812035+00:00
14,Python Developer | Switzerland,linkedin,Co-Tech Lead & Senior Python Engineer,LocalBini,Sankt Gallen Metropolitan Area,On-site,Full-time,Python,"Tech Lead, Senior, Lead",English,"Lead, Senior",,Recent,https://ch.linkedin.com/jobs/view/co-tech-lead-senior-python-engineer-at-localbini-4401058340,2026-04-20T11:23:45.812221+00:00
14,Python Developer | Switzerland,linkedin,Co-Tech Lead & Senior Python Engineer,LocalBini,Sankt Gallen Metropolitan Area,On-site,Full-time,Python,"Tech Lead, Senior, Lead",English,"Lead, Senior",,Recent,https://ch.linkedin.com/jobs/view/co-tech-lead-senior-python-engineer-at-localbini-4392308020,2026-04-20T11:23:45.812538+00:00
14,Python Developer | Remote,linkedin,Python Engineer & AI Expert,Mercor,"Berlin, Berlin, Germany",Remote,Full-time,Python,Expert,English,Expert,,Recent,https://de.linkedin.com/jobs/view/python-engineer-ai-expert-at-mercor-4400038321,2026-04-20T11:23:48.293994+00:00
14,Python Developer | USA,linkedin,Backend Engineer Intern,Tinder,"Los Angeles, CA",Hybrid,Contract,"Generative Ai, Java, Python, Typescript","Github, Aws, Senior, Amazon Web Services, Scala, Grpc, Internship, Redis, Intern",English,Senior,,Recent,https://www.linkedin.com/jobs/view/backend-engineer-intern-at-tinder-4324000392,2026-04-20T11:23:58.245092+00:00
14,Python Test | Slovakia,linkedin,Senior Automation QA Engineer / SDET (Python),Binance,"Bratislava, Bratislava, Slovakia",On-site,Full-time,Python,Senior,English,Senior,,Recent,https://sk.linkedin.com/jobs/view/senior-automation-qa-engineer-sdet-python-at-binance-4251138358,2026-04-20T11:24:13.052868+00:00
14,Python Test | Czech Republic,linkedin,Senior SDET,Perform,Dominican Republic,On-site,Full-time,,Senior,English,Senior,,Recent,https://do.linkedin.com/jobs/view/senior-sdet-at-perform-4344131612,2026-04-20T11:24:15.485132+00:00
14,Python Test | United Kingdom,linkedin,Senior Software Engineer in Test (Full-Stack/Python),Mindrift,"London, England, United Kingdom",On-site,Full-time,Python,Senior,English,Senior,,Recent,https://uk.linkedin.com/jobs/view/senior-software-engineer-in-test-full-stack-python-at-mindrift-4399247594,2026-04-20T11:24:23.110293+00:00
14,Python Test | United Kingdom,linkedin,Senior Software Engineer in Test (Full-Stack/Python),Mindrift,"Glasgow, Scotland, United Kingdom",On-site,Full-time,Python,Senior,English,Senior,,Recent,https://uk.linkedin.com/jobs/view/senior-software-engineer-in-test-full-stack-python-at-mindrift-4399243903,2026-04-20T11:24:23.110453+00:00
14,Python Test | United Kingdom,linkedin,Senior Software Engineer in Test (Full-Stack/Python),Mindrift,"Birmingham, England, United Kingdom",On-site,Full-time,Python,Senior,English,Senior,,Recent,https://uk.linkedin.com/jobs/view/senior-software-engineer-in-test-full-stack-python-at-mindrift-4399250510,2026-04-20T11:24:23.110609+00:00
14,Python Test | United Kingdom,linkedin,Senior Software Engineer in Test (Full-Stack/Python),Mindrift,"Manchester, England, United Kingdom",On-site,Full-time,Python,Senior,English,Senior,,Recent,https://uk.linkedin.com/jobs/view/senior-software-engineer-in-test-full-stack-python-at-mindrift-4399261001,2026-04-20T11:24:23.110761+00:00
14,Firmware Engineer | Austria,linkedin,Senior Embedded Software Engineer (m/f/d),Deutsche Telekom IT Solutions Slovakia,"Linz, Upper Austria, Austria",On-site,Full-time,,Senior,English,Senior,,Recent,https://at.linkedin.com/jobs/view/senior-embedded-software-engineer-m-f-d-at-deutsche-telekom-it-solutions-slovakia-4402515620,2026-04-20T11:24:27.956398+00:00
14,Firmware Engineer | Austria,linkedin,Senior Firmware Engineer (f/m/d),Easelink,"Graz, Styria, Austria",On-site,Full-time,Firmware,Senior,English,Senior,,Recent,https://at.linkedin.com/jobs/view/senior-firmware-engineer-f-m-d-at-easelink-4395808299,2026-04-20T11:24:27.956550+00:00
14,Firmware Engineer | Switzerland,linkedin,Senior Embedded Software Engineer,Coopers Group AG,"Risch-Rotkreuz, Zug, Switzerland",On-site,Full-time,,Senior,English,Senior,,Recent,https://ch.linkedin.com/jobs/view/senior-embedded-software-engineer-at-coopers-group-ag-4396956661,2026-04-20T11:24:30.383509+00:00
14,Firmware Engineer | Remote,linkedin,Senior Software Engineer,Keyfactor,"Aachen, North Rhine-Westphalia, Germany",Remote,Full-time,,Senior,English,Senior,,Recent,https://de.linkedin.com/jobs/view/senior-software-engineer-at-keyfactor-4382455794,2026-04-20T11:24:32.831726+00:00
14,Firmware Engineer | Slovakia,linkedin,"Senior Software Engineer, Client Applications macOS (Europe)",FileCloud,"Bratislava, Bratislava, Slovakia",On-site,Full-time,,Senior,English,Senior,,Recent,https://sk.linkedin.com/jobs/view/senior-software-engineer-client-applications-macos-europe-at-filecloud-4401318041,2026-04-20T11:24:35.245640+00:00
14,Firmware Engineer | Slovakia,linkedin,Senior Software Engineer,Bloomreach,Slovakia,On-site,Full-time,,Senior,English,Senior,,Recent,https://sk.linkedin.com/jobs/view/senior-software-engineer-at-bloomreach-4289254318,2026-04-20T11:24:35.245801+00:00
14,Firmware Engineer | Czech Republic,linkedin,Senior Software Engineer,Crane Authentication (NXT),"Santiago, Dominican Republic",On-site,Full-time,,Senior,English,Senior,,Recent,https://do.linkedin.com/jobs/view/senior-software-engineer-at-crane-authentication-nxt-4399159274,2026-04-20T11:24:37.640162+00:00
14,Firmware Engineer | Czech Republic,linkedin,Embedded Developer - Senior Software Engineer,Honeywell Aerospace Technologies,Dominican Republic,Remote,Contract,"C, Can, Embedded Systems, I2C, Python, Spi",Senior,English,Senior,,Recent,https://do.linkedin.com/jobs/view/embedded-developer-senior-software-engineer-at-honeywell-aerospace-technologies-4395295533,2026-04-20T11:24:37.640512+00:00
14,Firmware Engineer | Poland,linkedin,"Software Engineer, FinOps",Samba TV,"Warsaw, Mazowieckie, Poland",On-site,Contract,Python,"Snowflake, Sql, Aws, Lead, Kubernetes, Terraform, Gcp, Databricks",English,Lead,,Recent,https://pl.linkedin.com/jobs/view/software-engineer-finops-at-samba-tv-4312933080,2026-04-20T11:24:40.137041+00:00
14,Firmware Engineer | Poland,linkedin,Junior Software Engineer (Java),Software Mind,"Cracow, Małopolskie, Poland",Remote,Contract,Java,"Tech Lead, Docker, Nosql, Spring Boot, React, Lead, Junior, Cassandra, Azure, Redis",English,Lead,,Recent,https://pl.linkedin.com/jobs/view/junior-software-engineer-java-at-software-mind-4401338167,2026-04-20T11:24:40.137700+00:00
14,Firmware Engineer | United Kingdom,linkedin,Senior Embedded Software Engineer,T2M Resourcing,"Gloucestershire, England, United Kingdom",On-site,Full-time,,Senior,English,Senior,,Recent,https://uk.linkedin.com/jobs/view/senior-embedded-software-engineer-at-t2m-resourcing-4401711281,2026-04-20T11:24:45.247478+00:00
0,Tester | Germany,linkedin,Software Engineer in Test (Berlin),Cresta,"Berlin, Berlin, Germany",On-site,Contract,"Can, Ci/Cd, Go, Playwright, Typescript","Grafana, Cypress, Manual Testing, Datadog",English,,,Recent,https://de.linkedin.com/jobs/view/software-engineer-in-test-berlin-at-cresta-4343158227,2026-04-20T11:21:50.139935+00:00
0,Tester | Germany,linkedin,Junior Functional Test Engineer (m/w/x) Raumfahrt,Groupe SII,"Friedrichshafen, Baden-Württemberg, Germany",Remote,Contract,"C, C++","Github, Gitlab, C#, Junior, R, Linux, Git",German,,,Recent,https://de.linkedin.com/jobs/view/junior-functional-test-engineer-m-w-x-raumfahrt-at-groupe-sii-4401717177,2026-04-20T11:21:50.140162+00:00
0,Tester | Germany,linkedin,QA Tester (f/m/d),justDice,"Hamburg, Hamburg, Germany",Remote,Full-time,Test Automation,"React, Agile, Manual Testing, Rest Api",English,,,Recent,https://de.linkedin.com/jobs/view/qa-tester-f-m-d-at-justdice-4399957213,2026-04-20T11:21:50.140341+00:00
0,Tester | Germany,linkedin,Software Tester / QA Engineer (m/w/d),tolltickets GmbH,Greater Munich Metropolitan Area,Hybrid,Contract,,"Sql, Postman, Jira",English,,,Recent,https://de.linkedin.com/jobs/view/software-tester-qa-engineer-m-w-d-at-tolltickets-gmbh-4388688806,2026-04-20T11:21:50.140497+00:00
0,Tester | Germany,linkedin,Software Tester (m/w/d),Bizerba,"Balingen, Baden-Württemberg, Germany",Hybrid,Full-time,Test Automation,"R, Linux",German,,,Recent,https://de.linkedin.com/jobs/view/software-tester-m-w-d-at-bizerba-4369545776,2026-04-20T11:21:50.140659+00:00
0,Tester | Germany,linkedin,Quality Assurance Tester,"Delta System & Software, Inc.",Germany,On-site,Contract,,,English,,,Recent,https://de.linkedin.com/jobs/view/quality-assurance-tester-at-delta-system-software-inc-4392448509,2026-04-20T11:21:50.140822+00:00
0,Tester | Germany,linkedin,TEST LIAC,Recruitee Middleware RSC Test Company,"Berlin, Berlin, Germany",On-site,Full-time,,,English,,,Recent,https://de.linkedin.com/jobs/view/test-liac-at-recruitee-middleware-rsc-test-company-4389082342,2026-04-20T11:21:50.140979+00:00
0,Tester | Germany,linkedin,Software Test Engineer (m/w/d) – Banking (ID: 22230),Da Vinci Engineering GmbH,"Münster, North Rhine-Westphalia, Germany",On-site,Internship,,"Jira, Associate, Postman, Kanban, R, Confluence, Scrum",German,,,Recent,https://de.linkedin.com/jobs/view/software-test-engineer-m-w-d-%E2%80%93-banking-id-22230-at-da-vinci-engineering-gmbh-4387968513,2026-04-20T11:21:50.141162+00:00
0,Tester | Germany,linkedin,Software Tester (m/f),OCULUS Optikgeräte GmbH,"Wetzlar, Hesse, Germany",Remote,Internship,"C, C++, Ci/Cd, Javascript, Jenkins, Python, Test Automation","Gitlab, C#, Gitlab Ci, Git",English,,,Recent,https://de.linkedin.com/jobs/view/software-tester-m-f-at-oculus-optikger%C3%A4te-gmbh-4403588018,2026-04-20T11:21:50.141325+00:00
0,Tester | Germany,linkedin,Test Engineer,Cloud Orbit Technologies,"Ingolstadt, Bavaria, Germany",Hybrid,Full-time,Python,Manual Testing,English,,,Recent,https://de.linkedin.com/jobs/view/test-engineer-at-cloud-orbit-technologies-4395953955,2026-04-20T11:21:50.141479+00:00
0,Tester | Austria,linkedin,Software Test Engineer @ eurofunk Kappacher GmbH,DEVjobs,Linz-Wels-Steyr Area,On-site,Full-time,,,English,,,Recent,https://at.linkedin.com/jobs/view/software-test-engineer-%40-eurofunk-kappacher-gmbh-at-devjobs-4403354230,2026-04-20T11:21:52.568968+00:00
0,Tester | Austria,linkedin,QA Software Test Engineer Code Review - Remote,YO IT Consulting,Austria,Remote,Full-time,,,English,,,Recent,https://at.linkedin.com/jobs/view/qa-software-test-engineer-code-review-remote-at-yo-it-consulting-4395429794,2026-04-20T11:21:52.569189+00:00
0,Tester | Austria,linkedin,Test & System Engineer,Akkodis,"Vienna, Austria",On-site,Full-time,,,English,,,Recent,https://at.linkedin.com/jobs/view/test-system-engineer-at-akkodis-4389195188,2026-04-20T11:21:52.569356+00:00
0,Tester | Austria,linkedin,Software Test Engineer & Documentation Writer (w/m/d),Delegate Group,"Vienna, Vienna, Austria",On-site,Full-time,,,English,,,Recent,https://at.linkedin.com/jobs/view/software-test-engineer-documentation-writer-w-m-d-at-delegate-group-4397840018,2026-04-20T11:21:52.569531+00:00
0,Tester | Austria,linkedin,Test Engineer (all genders),Lam Research,Greater Salzburg,On-site,Full-time,,,English,,,Recent,https://at.linkedin.com/jobs/view/test-engineer-all-genders-at-lam-research-4390983718,2026-04-20T11:21:52.569694+00:00
0,Tester | Austria,linkedin,SOFTWARE TEST ENGINEER (m/w/d),Instaffo,"Linz, Upper Austria, Austria",On-site,Full-time,,,English,,,Recent,https://at.linkedin.com/jobs/view/software-test-engineer-m-w-d-at-instaffo-4383810713,2026-04-20T11:21:52.570009+00:00
0,Tester | Austria,linkedin,QA Specialist (all genders),Journi,"Vienna, Vienna, Austria",On-site,Full-time,,,English,,,Recent,https://at.linkedin.com/jobs/view/qa-specialist-all-genders-at-journi-4379900168,2026-04-20T11:21:52.570189+00:00
0,Tester | Austria,linkedin,QA-Tester:in Software,allaboutapps,"Vienna, Austria",On-site,Full-time,,,English,,,Recent,https://at.linkedin.com/jobs/view/qa-tester-in-software-at-allaboutapps-4390748119,2026-04-20T11:21:52.570348+00:00
0,Tester | Austria,linkedin,Software Test & Support Engineer (m/f/d),MED-EL,"Innsbruck, Tyrol, Austria",On-site,Full-time,,,English,,,Recent,https://at.linkedin.com/jobs/view/software-test-support-engineer-m-f-d-at-med-el-4388313478,2026-04-20T11:21:52.570499+00:00
0,Tester | Switzerland,linkedin,Test Engineer,Antaes Consulting,Zürich Metropolitan Area,On-site,Full-time,,,English,,,Recent,https://ch.linkedin.com/jobs/view/test-engineer-at-antaes-consulting-4387096005,2026-04-20T11:21:55.023775+00:00
0,Tester | Switzerland,linkedin,Test Engineer (AI),Sixsentix,"Zurich, Switzerland",On-site,Full-time,,,English,,,Recent,https://ch.linkedin.com/jobs/view/test-engineer-ai-at-sixsentix-4392275860,2026-04-20T11:21:55.023967+00:00
0,Tester | Switzerland,linkedin,Test Engineer Manual Testing | Bern,INACTA,"Bern, Berne, Switzerland",On-site,Full-time,,Manual Testing,English,,,Recent,https://ch.linkedin.com/jobs/view/test-engineer-manual-testing-bern-at-inacta-4402927246,2026-04-20T11:21:55.024154+00:00
0,Tester | Switzerland,linkedin,Software Test Engineer,Hays,"Vaud, Switzerland",On-site,Full-time,,,English,,,Recent,https://ch.linkedin.com/jobs/view/software-test-engineer-at-hays-4401040924,2026-04-20T11:21:55.024325+00:00
0,Tester | Switzerland,linkedin,Test Engineer (Contract),adesso Schweiz AG,"Bern, Berne, Switzerland",On-site,Contract,,,English,,,Recent,https://ch.linkedin.com/jobs/view/test-engineer-contract-at-adesso-schweiz-ag-4390011803,2026-04-20T11:21:55.024482+00:00
0,Tester | Switzerland,linkedin,Software Test Automation Engineer - Talent/Junior,Infometis,"Zurich, Zurich, Switzerland",On-site,Full-time,Test Automation,Junior,English,,,Recent,https://ch.linkedin.com/jobs/view/software-test-automation-engineer-talent-junior-at-infometis-4401602433,2026-04-20T11:21:55.024643+00:00
0,Tester | Switzerland,linkedin,Field Test Engineer,L&T Technology Services,"Geneva, Switzerland",On-site,Full-time,,,English,,,Recent,https://ch.linkedin.com/jobs/view/field-test-engineer-at-l-t-technology-services-4396300119,2026-04-20T11:21:55.024803+00:00
0,Tester | Switzerland,linkedin,Software Test Automation Engineer,AYES - Management & Technology Consulting,Switzerland,On-site,Full-time,Test Automation,,English,,,Recent,https://ch.linkedin.com/jobs/view/software-test-automation-engineer-at-ayes-management-technology-consulting-4383801077,2026-04-20T11:21:55.024960+00:00
0,Tester | Switzerland,linkedin,Test Engineer/Technician,Keysight Technologies,"Zurich, Switzerland",On-site,Full-time,,,English,,,Recent,https://ch.linkedin.com/jobs/view/test-engineer-technician-at-keysight-technologies-4400811222,2026-04-20T11:21:55.025178+00:00
0,Tester | Switzerland,linkedin,Test Engineer (ASAP),Ivy Partners,"Bern, Berne, Switzerland",On-site,Full-time,,,English,,,Recent,https://ch.linkedin.com/jobs/view/test-engineer-asap-at-ivy-partners-4392939196,2026-04-20T11:21:55.025342+00:00
0,Tester | Remote,linkedin,Software Tester (all genders),NFON AG,Germany,Remote,Full-time,,,English,,,Recent,https://de.linkedin.com/jobs/view/software-tester-all-genders-at-nfon-ag-4400814228,2026-04-20T11:21:57.490049+00:00
0,Tester | Remote,linkedin,App-Tester  (m/w/d),clickworker,Germany,Remote,Full-time,,,English,,,Recent,https://de.linkedin.com/jobs/view/app-tester-m-w-d-at-clickworker-4394071756,2026-04-20T11:21:57.490243+00:00
0,Tester | Remote,linkedin,Software Tester,FetchJobs.co,Germany,Remote,Full-time,,,English,,,Recent,https://de.linkedin.com/jobs/view/software-tester-at-fetchjobs-co-4403380134,2026-04-20T11:21:57.490408+00:00
0,Tester | Remote,linkedin,QA/Test Automation Engineer (all genders) - Remote - EU,Doozer Real Estate Systems GmbH,Germany,Remote,Full-time,Test Automation,,English,,,Recent,https://de.linkedin.com/jobs/view/qa-test-automation-engineer-all-genders-remote-eu-at-doozer-real-estate-systems-gmbh-4396159611,2026-04-20T11:21:57.490568+00:00
0,Tester | Remote,linkedin,QA Software Test Engineer Code Review - Remote,YO IT Consulting,Germany,Remote,Full-time,,,English,,,Recent,https://de.linkedin.com/jobs/view/qa-software-test-engineer-code-review-remote-at-yo-it-consulting-4395435649,2026-04-20T11:21:57.490722+00:00
0,Tester | Remote,linkedin,Test Engineer (all genders),DEVELOGIC - Subsea Technology,"Hamburg, Hamburg, Germany",Remote,Full-time,,,English,,,Recent,https://de.linkedin.com/jobs/view/test-engineer-all-genders-at-develogic-subsea-technology-4402395253,2026-04-20T11:21:57.491032+00:00
0,Tester | Slovakia,linkedin,Test Engineer (Manual Testing),Ampstek,"Bratislava, Slovakia",On-site,Full-time,,Manual Testing,English,,,Recent,https://sk.linkedin.com/jobs/view/test-engineer-manual-testing-at-ampstek-4401893977,2026-04-20T11:21:59.908787+00:00
0,Tester | Slovakia,linkedin,Manual QA Tester,Descartes Systems Group,"Žilina, Zilina, Slovakia",On-site,Full-time,,,English,,,Recent,https://sk.linkedin.com/jobs/view/manual-qa-tester-at-descartes-systems-group-4382115365,2026-04-20T11:21:59.908988+00:00
0,Tester | Slovakia,linkedin,QA Software Test Engineer Code Review - Remote,YO IT Consulting,Slovakia,Remote,Full-time,,,English,,,Recent,https://sk.linkedin.com/jobs/view/qa-software-test-engineer-code-review-remote-at-yo-it-consulting-4395438616,2026-04-20T11:21:59.909194+00:00
0,Tester | Slovakia,linkedin,Test Engineer,Multitude,"Bratislava, Bratislava, Slovakia",On-site,Full-time,,,English,,,Recent,https://sk.linkedin.com/jobs/view/test-engineer-at-multitude-4379037173,2026-04-20T11:21:59.909369+00:00
0,Tester | Slovakia,linkedin,Test engineer,Magna International,"Kechnec, Kosice, Slovakia",On-site,Internship,,,English,,,Recent,https://sk.linkedin.com/jobs/view/test-engineer-at-magna-international-4219197667,2026-04-20T11:21:59.909527+00:00
0,Tester | Slovakia,linkedin,Test engineer-1,Magna International,"Kechnec, Kosice, Slovakia",On-site,Internship,,,English,,,Recent,https://sk.linkedin.com/jobs/view/test-engineer-1-at-magna-international-4284413507,2026-04-20T11:21:59.909683+00:00
0,Tester | Slovakia,linkedin,Automated Tester,CGI,"Bratislava 1, Bratislava, Slovakia",On-site,Full-time,,,English,,,Recent,https://sk.linkedin.com/jobs/view/automated-tester-at-cgi-4311705846,2026-04-20T11:21:59.909839+00:00
0,Tester | Slovakia,linkedin,Agile Test Engineer,ESET,"Bratislava, Bratislava, Slovakia",On-site,Full-time,,Agile,English,,,Recent,https://sk.linkedin.com/jobs/view/agile-test-engineer-at-eset-4375989657,2026-04-20T11:21:59.909992+00:00
0,Tester | Slovakia,linkedin,Medior Agile Tester,ESET,"Bratislava, Bratislava, Slovakia",On-site,Full-time,,Agile,English,,,Recent,https://sk.linkedin.com/jobs/view/medior-agile-tester-at-eset-4374813990,2026-04-20T11:21:59.910335+00:00
0,Tester | Czech Republic,linkedin,Test Engineer,Eaton,"Bajos de Haina, San Cristóbal, Dominican Republic",On-site,Full-time,,,English,,,Recent,https://do.linkedin.com/jobs/view/test-engineer-at-eaton-4353191207,2026-04-20T11:22:02.332220+00:00
0,Tester | Czech Republic,linkedin,Software Development Engineer in Test (SDET),Flash,"Santo Domingo, Distrito Nacional, Dominican Republic",On-site,Full-time,,,English,,,Recent,https://do.linkedin.com/jobs/view/software-development-engineer-in-test-sdet-at-flash-4391531625,2026-04-20T11:22:02.332406+00:00
0,Tester | Czech Republic,linkedin,Test Software Automation Engineer,Honeywell Aerospace Technologies,Dominican Republic,On-site,Full-time,,,English,,,Recent,https://do.linkedin.com/jobs/view/test-software-automation-engineer-at-honeywell-aerospace-technologies-4398572111,2026-04-20T11:22:02.332572+00:00
0,Tester | Czech Republic,linkedin,Software Development Engineer in Test,Origami Risk,"Santo Domingo, Distrito Nacional, Dominican Republic",On-site,Full-time,,,English,,,Recent,https://do.linkedin.com/jobs/view/software-development-engineer-in-test-at-origami-risk-4390621348,2026-04-20T11:22:02.332727+00:00
0,Tester | Czech Republic,linkedin,Coordinador de Mantenimiento (2nd Shift),Eaton,"Bajos de Haina, San Cristóbal, Dominican Republic",On-site,Full-time,,,English,,,Recent,https://do.linkedin.com/jobs/view/coordinador-de-mantenimiento-2nd-shift-at-eaton-4398474900,2026-04-20T11:22:02.333040+00:00
0,Tester | Czech Republic,linkedin,Coordinator.MFG.Maintenance,Eaton,"Santiago de los Caballeros, Santiago, Dominican Republic",On-site,Full-time,,,English,,,Recent,https://do.linkedin.com/jobs/view/coordinator-mfg-maintenance-at-eaton-4391057283,2026-04-20T11:22:02.333227+00:00
0,Tester | Czech Republic,linkedin,"Facilities Technician - Bajos de Haina, San Cristóbal, Dominican Republic",Arjo,"Bajos de Haina, San Cristóbal, Dominican Republic",On-site,Full-time,,,English,,,Recent,https://do.linkedin.com/jobs/view/facilities-technician-bajos-de-haina-san-crist%C3%B3bal-dominican-republic-at-arjo-4399071737,2026-04-20T11:22:02.333384+00:00
0,Tester | Czech Republic,linkedin,Coordinator.MFG.Maintenance,Eaton,"Santiago de los Caballeros, Santiago, Dominican Republic",On-site,Full-time,,,English,,,Recent,https://do.linkedin.com/jobs/view/coordinator-mfg-maintenance-at-eaton-4375530633,2026-04-20T11:22:02.333554+00:00
0,Tester | Poland,linkedin,Manual Tester,Jit Team,"Gdańsk, Pomorskie, Poland",On-site,Full-time,,,English,,,Recent,https://pl.linkedin.com/jobs/view/manual-tester-at-jit-team-4389792115,2026-04-20T11:22:04.775076+00:00
0,Tester | Poland,linkedin,Software Engineer in Test,AirHelp,"Gdańsk, Pomorskie, Poland",On-site,Full-time,,,English,,,Recent,https://pl.linkedin.com/jobs/view/software-engineer-in-test-at-airhelp-4402960583,2026-04-20T11:22:04.775287+00:00
0,Tester | Poland,linkedin,Software Engineer in Test,AirHelp,"Cracow, Małopolskie, Poland",On-site,Full-time,,,English,,,Recent,https://pl.linkedin.com/jobs/view/software-engineer-in-test-at-airhelp-4402966518,2026-04-20T11:22:04.775462+00:00
0,Tester | Poland,linkedin,Manual Tester,Jit Team,"Gdynia, Pomorskie, Poland",On-site,Full-time,,,English,,,Recent,https://pl.linkedin.com/jobs/view/manual-tester-at-jit-team-4403442183,2026-04-20T11:22:04.775630+00:00
0,Tester | Poland,linkedin,Junior Test Specialist/QA Engineer (f/m),Netcompany,"Warsaw, Mazowieckie, Poland",On-site,Full-time,,Junior,English,,,Recent,https://pl.linkedin.com/jobs/view/junior-test-specialist-qa-engineer-f-m-at-netcompany-4388072621,2026-04-20T11:22:04.775787+00:00
0,Tester | Poland,linkedin,Software Test Engineer,Rho,Poland,On-site,Full-time,,,English,,,Recent,https://pl.linkedin.com/jobs/view/software-test-engineer-at-rho-4308483608,2026-04-20T11:22:04.775941+00:00
0,Tester | Poland,linkedin,Manual Tester,Beagle,Poland,On-site,Full-time,,,English,,,Recent,https://pl.linkedin.com/jobs/view/manual-tester-at-beagle-4398256987,2026-04-20T11:22:04.776117+00:00
0,Tester | Poland,linkedin,Manual tester,Cloudity,"Warsaw, Mazowieckie, Poland",On-site,Full-time,,,English,,,Recent,https://pl.linkedin.com/jobs/view/manual-tester-at-cloudity-4399402067,2026-04-20T11:22:04.776269+00:00
0,Tester | Poland,linkedin,Test Engineer,CGI,"Warsaw, Mazowieckie, Poland",On-site,Full-time,,,English,,,Recent,https://pl.linkedin.com/jobs/view/test-engineer-at-cgi-4389250087,2026-04-20T11:22:04.776417+00:00
0,Tester | Poland,linkedin,"Tester / Testerka  - Wroclaw (Dolnośląskie), Polska",Astek,Wroclaw Metropolitan Area,On-site,Full-time,,,English,,,Recent,https://pl.linkedin.com/jobs/view/tester-testerka-wroclaw-dolno%C5%9Bl%C4%85skie-polska-at-astek-4358055143,2026-04-20T11:22:04.776566+00:00
0,Tester | USA,linkedin,QA Manual Tester,Kaizen Analytix,"Chicago, IL",On-site,Full-time,,,English,,,Recent,https://www.linkedin.com/jobs/view/qa-manual-tester-at-kaizen-analytix-4392759522,2026-04-20T11:22:07.423163+00:00
0,Tester | USA,linkedin,Software Development Engineer in Test (SDET),Aristotle,"Provo, UT",On-site,Full-time,,,English,,,Recent,https://www.linkedin.com/jobs/view/software-development-engineer-in-test-sdet-at-aristotle-4401302860,2026-04-20T11:22:07.423340+00:00
0,Tester | USA,linkedin,Manual QA Tester,Kforce Inc,"Spring, TX",On-site,Full-time,,,English,,,Recent,https://www.linkedin.com/jobs/view/manual-qa-tester-at-kforce-inc-4399294724,2026-04-20T11:22:07.423508+00:00
0,Tester | USA,linkedin,Software Manual Tester,Kforce Inc,"Tampa, FL",On-site,Full-time,,,English,,,Recent,https://www.linkedin.com/jobs/view/software-manual-tester-at-kforce-inc-4400564771,2026-04-20T11:22:07.423670+00:00
0,Tester | USA,linkedin,Software Manual QA Tester (5505),NextPath Workforce Solutions,"Tampa, FL",On-site,Full-time,,,English,,,Recent,https://www.linkedin.com/jobs/view/software-manual-qa-tester-5505-at-nextpath-workforce-solutions-4402733229,2026-04-20T11:22:07.423827+00:00
0,Tester | USA,linkedin,Quality Assurance Manual Tester,Kforce Inc,"Milpitas, CA",On-site,Full-time,,,English,,,Recent,https://www.linkedin.com/jobs/view/quality-assurance-manual-tester-at-kforce-inc-4403467689,2026-04-20T11:22:07.423986+00:00
0,Tester | USA,linkedin,QA Tester,KellyMitchell Group,"Gresham, OR",On-site,Full-time,,,English,,,Recent,https://www.linkedin.com/jobs/view/qa-tester-at-kellymitchell-group-4380367886,2026-04-20T11:22:07.424167+00:00
0,Tester | USA,linkedin,Application Tester,Electrosoft,United States,On-site,Full-time,,,English,,,Recent,https://www.linkedin.com/jobs/view/application-tester-at-electrosoft-4399400097,2026-04-20T11:22:07.424324+00:00
0,Tester | USA,linkedin,Tester (Remote),GovCIO,United States,Remote,Full-time,,,English,,,Recent,https://www.linkedin.com/jobs/view/tester-remote-at-govcio-4397533220,2026-04-20T11:22:07.424474+00:00
0,Tester | USA,linkedin,Manual Tester,KellyMitchell Group,"Charlotte, NC",On-site,Full-time,,,English,,,Recent,https://www.linkedin.com/jobs/view/manual-tester-at-kellymitchell-group-4390376420,2026-04-20T11:22:07.424627+00:00
0,Tester | United Kingdom,linkedin,Quality Control - Software Tester,The Despatch Company,United Kingdom,On-site,Full-time,,,English,,,Recent,https://uk.linkedin.com/jobs/view/quality-control-software-tester-at-the-despatch-company-4395328415,2026-04-20T11:22:09.834248+00:00
0,Tester | United Kingdom,linkedin,Junior Tester,Guinness World Records,"London Area, United Kingdom",On-site,Full-time,,Junior,English,,,Recent,https://uk.linkedin.com/jobs/view/junior-tester-at-guinness-world-records-4402932538,2026-04-20T11:22:09.834432+00:00
0,Tester | United Kingdom,linkedin,QA Tester,CONDUCTR,"Manchester Area, United Kingdom",On-site,Full-time,,,English,,,Recent,https://uk.linkedin.com/jobs/view/qa-tester-at-conductr-4398468603,2026-04-20T11:22:09.834600+00:00
0,Tester | United Kingdom,linkedin,Jr. Quality Assurance Tester,"NewWave Telecom & Technologies, Inc.","Northern Ireland, United Kingdom",On-site,Full-time,,,English,,,Recent,https://uk.linkedin.com/jobs/view/jr-quality-assurance-tester-at-newwave-telecom-technologies-inc-4400673315,2026-04-20T11:22:09.834750+00:00
0,Tester | United Kingdom,linkedin,Manual Tester Mid- Level  ( 12 month FTC / Imed start ),Sparta Global,"London Area, United Kingdom",On-site,Full-time,,,English,,,Recent,https://uk.linkedin.com/jobs/view/manual-tester-mid-level-12-month-ftc-imed-start-at-sparta-global-4398222721,2026-04-20T11:22:09.834904+00:00
0,Tester | United Kingdom,linkedin,Test Engineer,KDR Talent Solutions,"Bedford, England, United Kingdom",On-site,Full-time,,,English,,,Recent,https://uk.linkedin.com/jobs/view/test-engineer-at-kdr-talent-solutions-4400259526,2026-04-20T11:22:09.835081+00:00
0,Tester | United Kingdom,linkedin,Junior Software Test Engineer,targetjobs UK,"London, England, United Kingdom",On-site,Full-time,,Junior,English,,,Recent,https://uk.linkedin.com/jobs/view/junior-software-test-engineer-at-targetjobs-uk-4396385475,2026-04-20T11:22:09.835238+00:00
0,Tester | United Kingdom,linkedin,Graduate Software Tester,targetjobs UK,"Market Harborough, England, United Kingdom",On-site,Full-time,,Graduate,English,,,Recent,https://uk.linkedin.com/jobs/view/graduate-software-tester-at-targetjobs-uk-4397676622,2026-04-20T11:22:09.835390+00:00
0,Tester | United Kingdom,linkedin,Software Test Engineer,Innovate,"Hertfordshire, England, United Kingdom",On-site,Full-time,,,English,,,Recent,https://uk.linkedin.com/jobs/view/software-test-engineer-at-innovate-4399863444,2026-04-20T11:22:09.835542+00:00
0,QA Engineer | Germany,linkedin,Quality Assurance Engineer,iO Associates,"Göttingen, Lower Saxony, Germany",On-site,Full-time,,,English,,,Recent,https://de.linkedin.com/jobs/view/quality-assurance-engineer-at-io-associates-4399645630,2026-04-20T11:22:12.231747+00:00
0,QA Engineer | Germany,linkedin,QA Engineer (m/w/d),Yorizon Cloud,Berlin Metropolitan Area,On-site,Full-time,,,English,,,Recent,https://de.linkedin.com/jobs/view/qa-engineer-m-w-d-at-yorizon-cloud-4398273672,2026-04-20T11:22:12.231946+00:00
0,QA Engineer | Germany,linkedin,QA Engineer,COLIBRIX ONE,"Berlin, Berlin, Germany",On-site,Full-time,,,English,,,Recent,https://de.linkedin.com/jobs/view/qa-engineer-at-colibrix-one-4393513659,2026-04-20T11:22:12.232135+00:00
0,QA Engineer | Germany,linkedin,Entry-Level Quality Assurance Engineer,EV Charging Summit & Expo,"Berlin, Berlin, Germany",On-site,Full-time,,Entry-Level,English,,,Recent,https://de.linkedin.com/jobs/view/entry-level-quality-assurance-engineer-at-ev-charging-summit-expo-4401623338,2026-04-20T11:22:12.232289+00:00
0,QA Engineer | Germany,linkedin,Junior QA Engineer (w/m/d),HUMANOO,"Berlin, Berlin, Germany",On-site,Full-time,,Junior,English,,,Recent,https://de.linkedin.com/jobs/view/junior-qa-engineer-w-m-d-at-humanoo-4400822850,2026-04-20T11:22:12.232896+00:00
0,QA Engineer | Germany,linkedin,Quality Assurance Engineer (m/w/d),ISO-Gruppe,Greater Nuremberg Metropolitan Area,On-site,Full-time,,,English,,,Recent,https://de.linkedin.com/jobs/view/quality-assurance-engineer-m-w-d-at-iso-gruppe-4358570111,2026-04-20T11:22:12.233047+00:00
0,QA Engineer | Austria,linkedin,QA Engineer,ComeOn Group,"Graz, Styria, Austria",On-site,Full-time,,,English,,,Recent,https://at.linkedin.com/jobs/view/qa-engineer-at-comeon-group-4388961026,2026-04-20T11:22:14.676234+00:00
0,QA Engineer | Austria,linkedin,Software Quality Engineer,Ketryx,"Vienna, Vienna, Austria",On-site,Full-time,,,English,,,Recent,https://at.linkedin.com/jobs/view/software-quality-engineer-at-ketryx-4308973953,2026-04-20T11:22:14.676424+00:00
0,QA Engineer | Austria,linkedin,Quality Assurance Engineer (all genders),TeamViewer,"Linz, Upper Austria, Austria",On-site,Full-time,,,English,,,Recent,https://at.linkedin.com/jobs/view/quality-assurance-engineer-all-genders-at-teamviewer-4380586162,2026-04-20T11:22:14.676587+00:00
0,QA Engineer | Austria,linkedin,QA & Verifications Engineer,Jobgether,Austria,On-site,Full-time,,,English,,,Recent,https://at.linkedin.com/jobs/view/qa-verifications-engineer-at-jobgether-4402362085,2026-04-20T11:22:14.676900+00:00
0,QA Engineer | Austria,linkedin,Electrical QA/QC Engineer,Designer Group,"Vienna, Austria",On-site,Full-time,,,English,,,Recent,https://at.linkedin.com/jobs/view/electrical-qa-qc-engineer-at-designer-group-4399875580,2026-04-20T11:22:14.677076+00:00
0,QA Engineer | Austria,linkedin,QA Engineer (42304),CoolPeople,"Vienna, Vienna, Austria",On-site,Full-time,,,English,,,Recent,https://at.linkedin.com/jobs/view/qa-engineer-42304-at-coolpeople-4399283352,2026-04-20T11:22:14.677251+00:00
0,QA Engineer | Austria,linkedin,QA Engineer: Manual Testing (Mobile & Backend),Tractive,"Linz, Upper Austria, Austria",Remote,Full-time,,Manual Testing,English,,,Recent,https://at.linkedin.com/jobs/view/qa-engineer-manual-testing-mobile-backend-at-tractive-4389059370,2026-04-20T11:22:14.677560+00:00
0,QA Engineer | Switzerland,linkedin,Quality Assurance Engineer,Hays,"Zurich, Switzerland",On-site,Full-time,,,English,,,Recent,https://ch.linkedin.com/jobs/view/quality-assurance-engineer-at-hays-4401309075,2026-04-20T11:22:17.097235+00:00
0,QA Engineer | Switzerland,linkedin,Junior QA Engineer,Virtusan,Switzerland,On-site,Full-time,,Junior,English,,,Recent,https://ch.linkedin.com/jobs/view/junior-qa-engineer-at-virtusan-4399737068,2026-04-20T11:22:17.097420+00:00
0,QA Engineer | Switzerland,linkedin,Junior QA MSAT engineer (m/f/x),EFOR,"Bern, Berne, Switzerland",On-site,Full-time,,Junior,English,,,Recent,https://ch.linkedin.com/jobs/view/junior-qa-msat-engineer-m-f-x-at-efor-4397601042,2026-04-20T11:22:17.097578+00:00
0,QA Engineer | Switzerland,linkedin,QA Engineer,qiibee,Switzerland,On-site,Full-time,,,English,,,Recent,https://ch.linkedin.com/jobs/view/qa-engineer-at-qiibee-4398410016,2026-04-20T11:22:17.097890+00:00
0,QA Engineer | Switzerland,linkedin,Electrical Engineer – Quality Assurance (TE-MPE-PE-2026-92-GRAE),CERN,"Geneva, Geneva, Switzerland",On-site,Full-time,,,English,,,Recent,https://ch.linkedin.com/jobs/view/electrical-engineer-%E2%80%93-quality-assurance-te-mpe-pe-2026-92-grae-at-cern-4399176400,2026-04-20T11:22:17.098688+00:00
0,QA Engineer | Remote,linkedin,QA & Verifications Engineer,Jobgether,Germany,Remote,Full-time,,,English,,,Recent,https://de.linkedin.com/jobs/view/qa-verifications-engineer-at-jobgether-4402359060,2026-04-20T11:22:19.516010+00:00
0,QA Engineer | Remote,linkedin,QA Engineer (all genders),Contabo,Germany,Remote,Full-time,,,English,,,Recent,https://de.linkedin.com/jobs/view/qa-engineer-all-genders-at-contabo-4392402070,2026-04-20T11:22:19.516355+00:00
0,QA Engineer | Remote,linkedin,QA Automation Engineer,Air Apps,Berlin Metropolitan Area,Remote,Full-time,,,English,,,Recent,https://de.linkedin.com/jobs/view/qa-automation-engineer-at-air-apps-4403567932,2026-04-20T11:22:19.516515+00:00
0,QA Engineer | Remote,linkedin,QA Engineer (all genders)(EN),Contabo,Germany,Remote,Full-time,,,English,,,Recent,https://de.linkedin.com/jobs/view/qa-engineer-all-genders-en-at-contabo-4392199313,2026-04-20T11:22:19.516669+00:00
0,QA Engineer | Remote,linkedin,QA Engineer,Kaleris,"Flensburg, Schleswig-Holstein, Germany",Remote,Full-time,,,English,,,Recent,https://de.linkedin.com/jobs/view/qa-engineer-at-kaleris-4367057238,2026-04-20T11:22:19.516966+00:00
0,QA Engineer | Slovakia,linkedin,Quality Assurance Engineer,"NESS KE, s.r.o.","Kosice, Slovakia",On-site,Full-time,,R,English,,,Recent,https://sk.linkedin.com/jobs/view/quality-assurance-engineer-at-ness-ke-s-r-o-4399546808,2026-04-20T11:22:21.924466+00:00
0,QA Engineer | Czech Republic,linkedin,Quality Assurance Engineer - Trabajo Remoto,BairesDev,"Santo Domingo, Distrito Nacional, Dominican Republic",On-site,Full-time,,,English,,,Recent,https://do.linkedin.com/jobs/view/quality-assurance-engineer-trabajo-remoto-at-bairesdev-4400011086,2026-04-20T11:22:24.327172+00:00
0,QA Engineer | Czech Republic,linkedin,Ingeniero QA,GBM,Dominican Republic,On-site,Full-time,,,English,,,Recent,https://do.linkedin.com/jobs/view/ingeniero-qa-at-gbm-4396349658,2026-04-20T11:22:24.327694+00:00
0,QA Engineer | Czech Republic,linkedin,Future QA Engineer Opportunities (Gaming Industry),Perform,Dominican Republic,On-site,Full-time,,,English,,,Recent,https://do.linkedin.com/jobs/view/future-qa-engineer-opportunities-gaming-industry-at-perform-4344181481,2026-04-20T11:22:24.327851+00:00
0,QA Engineer | Czech Republic,linkedin,Quality Assurance Support Engineer - EPlan,Eaton,"Santo Domingo, Distrito Nacional, Dominican Republic",On-site,Full-time,,,English,,,Recent,https://do.linkedin.com/jobs/view/quality-assurance-support-engineer-eplan-at-eaton-4400823682,2026-04-20T11:22:24.328008+00:00
0,QA Engineer | Czech Republic,linkedin,Software Quality Assurance Engineer,GBH,Dominican Republic,On-site,Full-time,,,English,,,Recent,https://do.linkedin.com/jobs/view/software-quality-assurance-engineer-at-gbh-4393211166,2026-04-20T11:22:24.328494+00:00
0,QA Engineer | Czech Republic,linkedin,"Technical Author - AI for QA (Kotlin, Mobile, part-time)",TripleTen,"Santo Domingo, Dominican Republic",Remote,Full-time,,Kotlin,English,,,Recent,https://do.linkedin.com/jobs/view/technical-author-ai-for-qa-kotlin-mobile-part-time-at-tripleten-4399263250,2026-04-20T11:22:24.328651+00:00
0,QA Engineer | Poland,linkedin,"Quality Assurance Engineer - Katowice, Poland (F/M)",Astek,"Katowice, Śląskie, Poland",On-site,Full-time,,,English,,,Recent,https://pl.linkedin.com/jobs/view/quality-assurance-engineer-katowice-poland-f-m-at-astek-4399530990,2026-04-20T11:22:26.761676+00:00
0,QA Engineer | Poland,linkedin,QA Engineer (Manual Testing) – Remote,Indivd,Poland,Remote,Full-time,,Manual Testing,English,,,Recent,https://pl.linkedin.com/jobs/view/qa-engineer-manual-testing-%E2%80%93-remote-at-indivd-4393884430,2026-04-20T11:22:26.762023+00:00
0,QA Engineer | Poland,linkedin,Manual QA engineer,Object First,Poland,On-site,Full-time,,,English,,,Recent,https://pl.linkedin.com/jobs/view/manual-qa-engineer-at-object-first-4401744430,2026-04-20T11:22:26.762244+00:00
0,QA Engineer | Poland,linkedin,Quality Assurance Engineer,Squarepoint,"Warsaw, Mazowieckie, Poland",On-site,Full-time,,,English,,,Recent,https://pl.linkedin.com/jobs/view/quality-assurance-engineer-at-squarepoint-4400767100,2026-04-20T11:22:26.762405+00:00
0,QA Engineer | Poland,linkedin,QA Automation Engineer,payabl.,"Cracow, Małopolskie, Poland",On-site,Full-time,,,English,,,Recent,https://pl.linkedin.com/jobs/view/qa-automation-engineer-at-payabl-4402908834,2026-04-20T11:22:26.762711+00:00
0,QA Engineer | Poland,linkedin,QA Engineer,AirHelp,"Gdańsk, Pomorskie, Poland",On-site,Full-time,,,English,,,Recent,https://pl.linkedin.com/jobs/view/qa-engineer-at-airhelp-4392598928,2026-04-20T11:22:26.762868+00:00
0,QA Engineer | Poland,linkedin,QA Manual,GamblingCareers.com,"Cracow, Małopolskie, Poland",On-site,Full-time,,,English,,,Recent,https://pl.linkedin.com/jobs/view/qa-manual-at-gamblingcareers-com-4404015211,2026-04-20T11:22:26.763023+00:00
0,QA Engineer | Poland,linkedin,QA Engineer,AirHelp,"Cracow, Małopolskie, Poland",On-site,Full-time,,,English,,,Recent,https://pl.linkedin.com/jobs/view/qa-engineer-at-airhelp-4395280465,2026-04-20T11:22:26.763208+00:00
0,QA Engineer | USA,linkedin,Quality Assurance Engineer,The Bexar Company,"Grand Prairie, TX",On-site,Full-time,,,English,,,Recent,https://www.linkedin.com/jobs/view/quality-assurance-engineer-at-the-bexar-company-4389008230,2026-04-20T11:22:29.193871+00:00
0,QA Engineer | USA,linkedin,Quality Assurance Engineer,Revel IT,"Columbus, OH",On-site,Full-time,,,English,,,Recent,https://www.linkedin.com/jobs/view/quality-assurance-engineer-at-revel-it-4401305721,2026-04-20T11:22:29.194083+00:00
0,QA Engineer | USA,linkedin,Quality Assurance Engineer,Insight Global,"Lebanon, OH",On-site,Full-time,,,English,,,Recent,https://www.linkedin.com/jobs/view/quality-assurance-engineer-at-insight-global-4399620058,2026-04-20T11:22:29.194257+00:00
0,QA Engineer | USA,linkedin,QA Engineer II,Acorns,United States,On-site,Full-time,,,English,,,Recent,https://www.linkedin.com/jobs/view/qa-engineer-ii-at-acorns-4362339582,2026-04-20T11:22:29.194424+00:00
0,QA Engineer | USA,linkedin,Junior QA Engineer,The Devhouse Agency,"Dallas, TX",On-site,Full-time,,Junior,English,,,Recent,https://www.linkedin.com/jobs/view/junior-qa-engineer-at-the-devhouse-agency-4394724028,2026-04-20T11:22:29.194576+00:00
0,QA Engineer | USA,linkedin,QA Automation Engineer,Litify,United States,On-site,Full-time,,,English,,,Recent,https://www.linkedin.com/jobs/view/qa-automation-engineer-at-litify-4402169814,2026-04-20T11:22:29.194726+00:00
0,QA Engineer | USA,linkedin,Quality Assurance Analyst,Coforge,"New Jersey, United States",On-site,Full-time,,,English,,,Recent,https://www.linkedin.com/jobs/view/quality-assurance-analyst-at-coforge-4402750796,2026-04-20T11:22:29.194880+00:00
0,QA Engineer | USA,linkedin,QA / Test Engineer,Careerswift,"San Francisco, CA",On-site,Full-time,,,English,,,Recent,https://www.linkedin.com/jobs/view/qa-test-engineer-at-careerswift-4402047084,2026-04-20T11:22:29.195034+00:00
0,QA Engineer | USA,linkedin,JUNIOR QA ENGINEER,CelticQA Solutions (EU),Atlanta Metropolitan Area,On-site,Full-time,,Junior,English,,,Recent,https://www.linkedin.com/jobs/view/junior-qa-engineer-at-celticqa-solutions-eu-4397693839,2026-04-20T11:22:29.195209+00:00
0,QA Engineer | USA,linkedin,QA Automation Engineer,ClassWallet,United States,On-site,Full-time,,,English,,,Recent,https://www.linkedin.com/jobs/view/qa-automation-engineer-at-classwallet-4391777521,2026-04-20T11:22:29.195363+00:00
0,QA Engineer | United Kingdom,linkedin,Quality Assurance Engineer,Linnworks,"Greater London, England, United Kingdom",On-site,Full-time,,,English,,,Recent,https://uk.linkedin.com/jobs/view/quality-assurance-engineer-at-linnworks-4400011334,2026-04-20T11:22:31.641764+00:00
0,QA Engineer | United Kingdom,linkedin,Software Quality Assurance Engineer,Roc Search,"Taunton, England, United Kingdom",On-site,Full-time,,,English,,,Recent,https://uk.linkedin.com/jobs/view/software-quality-assurance-engineer-at-roc-search-4401091742,2026-04-20T11:22:31.641952+00:00
0,QA Engineer | United Kingdom,linkedin,QA Engineer (Manchester),Tilo Consulting,"Manchester, England, United Kingdom",On-site,Full-time,,,English,,,Recent,https://uk.linkedin.com/jobs/view/qa-engineer-manchester-at-tilo-consulting-4401711264,2026-04-20T11:22:31.642142+00:00
0,QA Engineer | United Kingdom,linkedin,QA Engineer,Ocean Infinity,"London, England, United Kingdom",On-site,Full-time,,,English,,,Recent,https://uk.linkedin.com/jobs/view/qa-engineer-at-ocean-infinity-4401733197,2026-04-20T11:22:31.642301+00:00
0,QA Engineer | United Kingdom,linkedin,Quality Assurance Engineer,BMS Performance,"Bristol, England, United Kingdom",On-site,Full-time,,,English,,,Recent,https://uk.linkedin.com/jobs/view/quality-assurance-engineer-at-bms-performance-4400770799,2026-04-20T11:22:31.642452+00:00
0,QA Engineer | United Kingdom,linkedin,Quality Assurance Engineer,Advanced Resource Managers,"Ampthill, England, United Kingdom",On-site,Full-time,,,English,,,Recent,https://uk.linkedin.com/jobs/view/quality-assurance-engineer-at-advanced-resource-managers-4401715133,2026-04-20T11:22:31.642603+00:00
0,QA Engineer | United Kingdom,linkedin,QA Engineer (New Delivery Projects),Saab,"England, United Kingdom",On-site,Contract,,,English,,,Recent,https://uk.linkedin.com/jobs/view/qa-engineer-new-delivery-projects-at-saab-4399719263,2026-04-20T11:22:31.642763+00:00
0,QA Engineer | United Kingdom,linkedin,QA Engineer,Linnworks,"West Sussex, England, United Kingdom",On-site,Full-time,,,English,,,Recent,https://uk.linkedin.com/jobs/view/qa-engineer-at-linnworks-4399593127,2026-04-20T11:22:31.642910+00:00
0,QA Engineer | United Kingdom,linkedin,Quality Assurance Engineer,Navantia UK,"Fife, Scotland, United Kingdom",On-site,Full-time,,,English,,,Recent,https://uk.linkedin.com/jobs/view/quality-assurance-engineer-at-navantia-uk-4372239824,2026-04-20T11:22:31.643234+00:00
0,Test Engineer | Germany,linkedin,QA Engineer,Almedia,"Berlin, Germany",On-site,Full-time,,,English,,,Recent,https://de.linkedin.com/jobs/view/qa-engineer-at-almedia-4339366784,2026-04-20T11:22:34.135264+00:00
0,Test Engineer | Austria,linkedin,欧洲整车质量分析工程师/Europe Vehicle Quality Analysis Engineer,SUPERPANTHER,"Steyr, Upper Austria, Austria",On-site,Full-time,,,English,,,Recent,https://at.linkedin.com/jobs/view/%E6%AC%A7%E6%B4%B2%E6%95%B4%E8%BD%A6%E8%B4%A8%E9%87%8F%E5%88%86%E6%9E%90%E5%B7%A5%E7%A8%8B%E5%B8%88-europe-vehicle-quality-analysis-engineer-at-superpanther-4399732474,2026-04-20T11:22:36.598937+00:00
0,Test Engineer | Austria,linkedin,"Software Engineer, C++ (CV)",Snap Inc.,"Vienna, Austria",On-site,Full-time,"C, C++",,English,,,Recent,https://at.linkedin.com/jobs/view/software-engineer-c%2B%2B-cv-at-snap-inc-4399146787,2026-04-20T11:22:36.599322+00:00
0,Test Engineer | Switzerland,linkedin,Product Quality Engineer,ITech Consult AG,"Zug, Switzerland",On-site,Full-time,,,English,,,Recent,https://ch.linkedin.com/jobs/view/product-quality-engineer-at-itech-consult-ag-4399613338,2026-04-20T11:22:39.038266+00:00
0,Test Engineer | Remote,linkedin,Software Quality Assurance Engineer (all genders),H2U aqua.plan.Ing-GmbH,"Augsburg, Bavaria, Germany",Remote,Full-time,,,English,,,Recent,https://de.linkedin.com/jobs/view/software-quality-assurance-engineer-all-genders-at-h2u-aqua-plan-ing-gmbh-4402505754,2026-04-20T11:22:41.431789+00:00
0,Test Engineer | Slovakia,linkedin,Solution Design Engineer,Freshfields,"Bratislava, Slovakia",On-site,Full-time,,,English,,,Recent,https://sk.linkedin.com/jobs/view/solution-design-engineer-at-freshfields-4393519997,2026-04-20T11:22:43.847389+00:00
0,Test Engineer | Czech Republic,linkedin,Programador Core,BANCO ADEMI,"Distrito Nacional, Dominican Republic",On-site,Full-time,,,English,,,Recent,https://do.linkedin.com/jobs/view/programador-core-at-banco-ademi-4400751308,2026-04-20T11:22:46.267188+00:00
0,Test Engineer | Poland,linkedin,Software Engineer (mobile),INNERGY,"Cracow, Małopolskie, Poland",Remote,Full-time,,,English,,,Recent,https://pl.linkedin.com/jobs/view/software-engineer-mobile-at-innergy-4401757477,2026-04-20T11:22:48.719709+00:00
0,Test Engineer | Poland,linkedin,Quality Assurance Engineer,Airswift,Poland,On-site,Full-time,,,English,,,Recent,https://pl.linkedin.com/jobs/view/quality-assurance-engineer-at-airswift-4398678945,2026-04-20T11:22:48.720363+00:00
0,Test Engineer | USA,linkedin,Manual Tester,Xenith Solutions,"Virginia, United States",On-site,Full-time,,,English,,,Recent,https://www.linkedin.com/jobs/view/manual-tester-at-xenith-solutions-4400001915,2026-04-20T11:22:51.380464+00:00
0,Test Engineer | USA,linkedin,Software Engineer ($125–170K + Equity) at Reacher,Jack & Jill,"San Francisco, CA",On-site,Full-time,,,English,,,Recent,https://www.linkedin.com/jobs/view/software-engineer-%24125%E2%80%93170k-%2B-equity-at-reacher-at-jack-jill-4401591140,2026-04-20T11:22:51.381092+00:00
0,Test Engineer | USA,linkedin,QA Manual Test Engineer,Premier Group,United States,On-site,Full-time,,,English,,,Recent,https://www.linkedin.com/jobs/view/qa-manual-test-engineer-at-premier-group-4393961122,2026-04-20T11:22:51.381738+00:00
0,Test Engineer | USA,linkedin,Software Tester,Smart IT Frame LLC,"Reston, VA",On-site,Full-time,,,English,,,Recent,https://www.linkedin.com/jobs/view/software-tester-at-smart-it-frame-llc-4401111247,2026-04-20T11:22:51.382047+00:00
0,Test Engineer | United Kingdom,linkedin,Quality Assurance Engineer,QuantumLoopAi,"London, England, United Kingdom",On-site,Full-time,,,English,,,Recent,https://uk.linkedin.com/jobs/view/quality-assurance-engineer-at-quantumloopai-4400512503,2026-04-20T11:22:53.864258+00:00
0,Test Engineer | United Kingdom,linkedin,Quality Assurance Engineer,Coforge,"Telford, England, United Kingdom",On-site,Full-time,,,English,,,Recent,https://uk.linkedin.com/jobs/view/quality-assurance-engineer-at-coforge-4393475503,2026-04-20T11:22:53.864415+00:00
0,Testingenieur | Germany,linkedin,Projektingenieur:in,smartist.one,"Lower Saxony, Germany",On-site,Full-time,,,English,,,Recent,https://de.linkedin.com/jobs/view/projektingenieur-in-at-smartist-one-4402537045,2026-04-20T11:22:56.346632+00:00
0,Testingenieur | Germany,linkedin,CQV & CSV Engineering Opportunities – Germany,KPC International,"Frankfurt, Hesse, Germany",On-site,Internship,,,English,,,Recent,https://de.linkedin.com/jobs/view/cqv-csv-engineering-opportunities-%E2%80%93-germany-at-kpc-international-4225886744,2026-04-20T11:22:56.346806+00:00
0,Testingenieur | Germany,linkedin,Testingenieur (all gender) mechatronische Systeme / SMT-Produktionsanlagen 400,ALTEN Germany,"Munich, Bavaria, Germany",On-site,Full-time,,,English,,,Recent,https://de.linkedin.com/jobs/view/testingenieur-all-gender-mechatronische-systeme-smt-produktionsanlagen-400-at-alten-germany-4399940620,2026-04-20T11:22:56.347250+00:00
0,Testingenieur | Germany,linkedin,Quality Assurance Engineer (f/m/d),Renesas Electronics,"Nabern, Baden-Württemberg, Germany",On-site,Full-time,,,English,,,Recent,https://de.linkedin.com/jobs/view/quality-assurance-engineer-f-m-d-at-renesas-electronics-4389742869,2026-04-20T11:22:56.347432+00:00
0,Testingenieur | Germany,linkedin,Versuchsingenieur (m/w/d),Prime Engineering Germany,"Karlstein am Main, Bavaria, Germany",On-site,Full-time,,,English,,,Recent,https://de.linkedin.com/jobs/view/versuchsingenieur-m-w-d-at-prime-engineering-germany-4402689807,2026-04-20T11:22:56.347602+00:00
0,Testingenieur | Germany,linkedin,TCMS Test Engineer,SEGULA Technologies,"Mannheim, Baden-Württemberg, Germany",On-site,Full-time,,,English,,,Recent,https://de.linkedin.com/jobs/view/tcms-test-engineer-at-segula-technologies-4378948527,2026-04-20T11:22:56.347771+00:00
0,Testingenieur | Germany,linkedin,Versuchs-/Testingenieur Fahrerassistenzsysteme / ADAS (m/w/d),prognum Automotive GmbH,"Stuttgart, Baden-Württemberg, Germany",On-site,Full-time,,,English,,,Recent,https://de.linkedin.com/jobs/view/versuchs-testingenieur-fahrerassistenzsysteme-adas-m-w-d-at-prognum-automotive-gmbh-4398372911,2026-04-20T11:22:56.347942+00:00
0,Testingenieur | Germany,linkedin,Entwicklungsingenieur Reklamationsmanagement (all gender) 200,ALTEN Germany,"Munich, Bavaria, Germany",On-site,Full-time,,,English,,,Recent,https://de.linkedin.com/jobs/view/entwicklungsingenieur-reklamationsmanagement-all-gender-200-at-alten-germany-4359833213,2026-04-20T11:22:56.348171+00:00
0,Testingenieur | Austria,linkedin,SQA Ingenieur (m/w/d),SEGULA Technologies,"Graz, Styria, Austria",On-site,Full-time,,,English,,,Recent,https://at.linkedin.com/jobs/view/sqa-ingenieur-m-w-d-at-segula-technologies-4385504193,2026-04-20T11:22:58.821820+00:00
0,Testingenieur | Austria,linkedin,Supplier Test Engineer (all genders),Lam Research,"Villach, Carinthia, Austria",On-site,Full-time,,,English,,,Recent,https://at.linkedin.com/jobs/view/supplier-test-engineer-all-genders-at-lam-research-4377926919,2026-04-20T11:22:58.822006+00:00
0,Testingenieur | Austria,linkedin,Junior Testingenieurin / Testingenieur (m/w/d),MIBA,"Kirchbach in Steiermark, Styria, Austria",On-site,Full-time,,Junior,English,,,Recent,https://at.linkedin.com/jobs/view/junior-testingenieurin-testingenieur-m-w-d-at-miba-4401807027,2026-04-20T11:22:58.822207+00:00
0,Testingenieur | Switzerland,linkedin,Ingénieur tests/Ingénieure tests,CLEEVEN,"Vaud, Switzerland",On-site,Full-time,,,English,,,Recent,https://ch.linkedin.com/jobs/view/ing%C3%A9nieur-tests-ing%C3%A9nieure-tests-at-cleeven-4389235202,2026-04-20T11:23:01.275809+00:00
0,Testingenieur | Switzerland,linkedin,PROJEKTINGENIEUR*IN (m/w),LEICOM AG,"Basel, Basel, Switzerland",On-site,Full-time,,,English,,,Recent,https://ch.linkedin.com/jobs/view/projektingenieur-in-m-w-at-leicom-ag-4400509406,2026-04-20T11:23:01.276524+00:00
0,Testingenieur | Switzerland,linkedin,Test Engineer in Avionics & Instrumentation,ISATI Engineering Solutions,"Zurich, Zurich, Switzerland",On-site,Full-time,,,English,,,Recent,https://ch.linkedin.com/jobs/view/test-engineer-in-avionics-instrumentation-at-isati-engineering-solutions-4390600330,2026-04-20T11:23:01.276683+00:00
0,Testingenieur | Switzerland,linkedin,Ingénieur d’assurance qualité/Ingénieure d’assurance qualité,CLEEVEN,"Vaud, Switzerland",On-site,Full-time,,,English,,,Recent,https://ch.linkedin.com/jobs/view/ing%C3%A9nieur-d%E2%80%99assurance-qualit%C3%A9-ing%C3%A9nieure-d%E2%80%99assurance-qualit%C3%A9-at-cleeven-4389218845,2026-04-20T11:23:01.276840+00:00
0,Testingenieur | Switzerland,linkedin,Electronic Quality Assurance Engineer,Leclanché SA,"Yverdon, Vaud, Switzerland",On-site,Full-time,,,English,,,Recent,https://ch.linkedin.com/jobs/view/electronic-quality-assurance-engineer-at-leclanch%C3%A9-sa-4401457491,2026-04-20T11:23:01.277010+00:00
0,Testingenieur | Remote,linkedin,Testingenieur:in,Allegis Group,"Regensburg, Bavaria, Germany",Remote,Full-time,,,English,,,Recent,https://de.linkedin.com/jobs/view/testingenieur-in-at-allegis-group-4403479836,2026-04-20T11:23:03.694075+00:00
0,Testingenieur | Remote,linkedin,Qualification & Test Engineer (w/m/d),MBDA Deutschland,"Aschau bei Kraiburg, Bavaria, Germany",Remote,Full-time,,,English,,,Recent,https://de.linkedin.com/jobs/view/qualification-test-engineer-w-m-d-at-mbda-deutschland-4403153606,2026-04-20T11:23:03.694478+00:00
0,Testingenieur | Remote,linkedin,Qualification & Test Engineer (w/m/d),MBDA Deutschland,"Aschau bei Kraiburg, Bavaria, Germany",Remote,Full-time,,,English,,,Recent,https://de.linkedin.com/jobs/view/qualification-test-engineer-w-m-d-at-mbda-deutschland-4403162513,2026-04-20T11:23:03.694792+00:00
0,Testingenieur | Remote,linkedin,Validation - Engineer (m/f/d),FrontWell Solutions,Germany,Remote,Full-time,,,English,,,Recent,https://de.linkedin.com/jobs/view/validation-engineer-m-f-d-at-frontwell-solutions-4401308197,2026-04-20T11:23:03.695375+00:00
0,Testingenieur | Remote,linkedin,Development Engineer (w/m/d),MBDA Deutschland,"Schrobenhausen, Bavaria, Germany",Remote,Full-time,,,English,,,Recent,https://de.linkedin.com/jobs/view/development-engineer-w-m-d-at-mbda-deutschland-4395326306,2026-04-20T11:23:03.695521+00:00
0,Testingenieur | Remote,linkedin,System- und Testingenieur Funkkommunikationssysteme (all gender) 300,ALTEN Germany,"Stuttgart, Baden-Württemberg, Germany",Remote,Full-time,,,German,,,Recent,https://de.linkedin.com/jobs/view/system-und-testingenieur-funkkommunikationssysteme-all-gender-300-at-alten-germany-4361021637,2026-04-20T11:23:03.695669+00:00
0,Testingenieur | Slovakia,linkedin,Software Integration & Testing Engineer (Resident),Exceltic,"Trnava Region, Slovakia",On-site,Full-time,,,English,,,Recent,https://sk.linkedin.com/jobs/view/software-integration-testing-engineer-resident-at-exceltic-4398241589,2026-04-20T11:23:06.130585+00:00
0,Testingenieur | Slovakia,linkedin,Test Engineer,Magna International,"Kechnec, Kosice, Slovakia",On-site,Internship,,,English,,,Recent,https://sk.linkedin.com/jobs/view/test-engineer-at-magna-international-4394620575,2026-04-20T11:23:06.130742+00:00
0,Testingenieur | Slovakia,linkedin,Testing Engineer - Commisioning,Schaeffler,"Kysucké Nové Mesto, Zilina, Slovakia",On-site,Full-time,,,English,,,Recent,https://sk.linkedin.com/jobs/view/testing-engineer-commisioning-at-schaeffler-4370529030,2026-04-20T11:23:06.131050+00:00
0,Testingenieur | Czech Republic,linkedin,3D ROBOT PROGRAMMER,Bellmer Czech Republic,Dominican Republic,On-site,Full-time,,,English,,,Recent,https://do.linkedin.com/jobs/view/3d-robot-programmer-at-bellmer-czech-republic-4389226597,2026-04-20T11:23:08.536649+00:00
0,Testingenieur | Czech Republic,linkedin,测试工程师 - 逆变器,TÜV NORD China,"アト・マジョール州, Hato Mayor, Dominican Republic",On-site,Full-time,,,English,,,Recent,https://do.linkedin.com/jobs/view/%E6%B5%8B%E8%AF%95%E5%B7%A5%E7%A8%8B%E5%B8%88-%E9%80%86%E5%8F%98%E5%99%A8-at-t%C3%BCv-nord-china-4390345979,2026-04-20T11:23:08.536804+00:00
0,Testingenieur | Czech Republic,linkedin,AUTOMATION PROGRAMMER,Bellmer Czech Republic,Dominican Republic,On-site,Full-time,,,English,,,Recent,https://do.linkedin.com/jobs/view/automation-programmer-at-bellmer-czech-republic-4389236304,2026-04-20T11:23:08.537145+00:00
0,Testingenieur | Czech Republic,linkedin,Líder de Proyectos Desarrollo de Sistemas,Banco Popular Dominicano,"Santo Domingo, Distrito Nacional, Dominican Republic",On-site,Full-time,,,English,,,Recent,https://do.linkedin.com/jobs/view/l%C3%ADder-de-proyectos-desarrollo-de-sistemas-at-banco-popular-dominicano-4399538525,2026-04-20T11:23:08.537450+00:00
0,Testingenieur | Poland,linkedin,Junior Test Engineer,GRYFTEC Embedded Systems Sp. z o.o.,"Szczecin, Zachodniopomorskie, Poland",On-site,Full-time,Embedded Systems,Junior,English,,,Recent,https://pl.linkedin.com/jobs/view/junior-test-engineer-at-gryftec-embedded-systems-sp-z-o-o-4401298463,2026-04-20T11:23:10.947852+00:00
0,Testingenieur | Poland,linkedin,Flight Software Test Automation Engineer,ICEYE,"Warsaw, Mazowieckie, Poland",On-site,Full-time,Test Automation,,English,,,Recent,https://pl.linkedin.com/jobs/view/flight-software-test-automation-engineer-at-iceye-4401726810,2026-04-20T11:23:10.948210+00:00
0,Testingenieur | Poland,linkedin,"Foundry Engineer (Kraków, Wrocław or Warsaw, Poland)",Unit8,"Wrocław, Dolnośląskie, Poland",On-site,Full-time,,,English,,,Recent,https://pl.linkedin.com/jobs/view/foundry-engineer-krak%C3%B3w-wroc%C5%82aw-or-warsaw-poland-at-unit8-4404066415,2026-04-20T11:23:10.948370+00:00
0,Testingenieur | Poland,linkedin,Mechanical Designer / Test Engineer (f/m),Airbus Helicopters,"Łódź, Łódzkie, Poland",On-site,Full-time,,,English,,,Recent,https://pl.linkedin.com/jobs/view/mechanical-designer-test-engineer-f-m-at-airbus-helicopters-4378564274,2026-04-20T11:23:10.948525+00:00
0,Testingenieur | Poland,linkedin,"Foundry Engineer (Kraków, Wrocław or Warsaw, Poland)",Unit8,"Warsaw, Mazowieckie, Poland",On-site,Full-time,,,English,,,Recent,https://pl.linkedin.com/jobs/view/foundry-engineer-krak%C3%B3w-wroc%C5%82aw-or-warsaw-poland-at-unit8-4404079381,2026-04-20T11:23:10.948681+00:00
0,Testingenieur | USA,linkedin,Junior Test Engineer,"Torch Technologies, Inc.","Huntsville, AL",On-site,Full-time,,Junior,English,,,Recent,https://www.linkedin.com/jobs/view/junior-test-engineer-at-torch-technologies-inc-4401780766,2026-04-20T11:23:13.574293+00:00
0,Testingenieur | USA,linkedin,Mechanical Test Engineer,Applus+ Laboratories,"Houston, TX",On-site,Full-time,,,English,,,Recent,https://www.linkedin.com/jobs/view/mechanical-test-engineer-at-applus%2B-laboratories-4125985556,2026-04-20T11:23:13.574477+00:00
0,Testingenieur | USA,linkedin,Software Test Engineer,AERMOR,"Norfolk, VA",On-site,Full-time,"C, Ci/Cd, Javascript, Python","Machine Learning, C#, Aws, Sql, Agile, Kanban, Linux, Azure, Golang, Scrum Master",English,,,Recent,https://www.linkedin.com/jobs/view/software-test-engineer-at-aermor-4401102474,2026-04-20T11:23:13.574973+00:00
0,Testingenieur | USA,linkedin,Quality Assurance Engineer (Manufacturing),PLP,"Mayfield, OH",On-site,Contract,,,English,,,Recent,https://www.linkedin.com/jobs/view/quality-assurance-engineer-manufacturing-at-plp-4396323130,2026-04-20T11:23:13.575193+00:00
0,Testingenieur | USA,linkedin,Test Engineer I – Early Career (2026 Starts),Blue Origin,"Lancaster, CA",On-site,Contract,Can,"Internship, Safe",English,,,Recent,https://www.linkedin.com/jobs/view/test-engineer-i-%E2%80%93-early-career-2026-starts-at-blue-origin-4353142610,2026-04-20T11:23:13.575359+00:00
0,Testingenieur | USA,linkedin,Test Engineer I – Early Career (2026 Starts),Blue Origin,Greater Seattle Area,On-site,Contract,Can,"Internship, Safe",English,,,Recent,https://www.linkedin.com/jobs/view/test-engineer-i-%E2%80%93-early-career-2026-starts-at-blue-origin-4353112578,2026-04-20T11:23:13.575845+00:00
0,Testingenieur | United Kingdom,linkedin,Test Technician - Manufacturing Engineering - Bolton,Bauer Media Outdoor UK,"Bolton, England, United Kingdom",Remote,Full-time,Can,Engineering Manager,English,,,Recent,https://uk.linkedin.com/jobs/view/test-technician-manufacturing-engineering-bolton-at-bauer-media-outdoor-uk-4389499710,2026-04-20T11:23:16.052902+00:00
0,Testingenieur | United Kingdom,linkedin,Test Engineer,Fuse Energy,"London, England, United Kingdom",On-site,Full-time,,,English,,,Recent,https://uk.linkedin.com/jobs/view/test-engineer-at-fuse-energy-4403466880,2026-04-20T11:23:16.053599+00:00
0,Testingenieur | United Kingdom,linkedin,Test Engineer - PPE,BSI,"Hemel Hempstead, England, United Kingdom",On-site,Full-time,,,English,,,Recent,https://uk.linkedin.com/jobs/view/test-engineer-ppe-at-bsi-4372575424,2026-04-20T11:23:16.053752+00:00
0,Testingenieur | United Kingdom,linkedin,Test Engineer,TipTopJob,"Bristol, England, United Kingdom",On-site,Full-time,,,English,,,Recent,https://uk.linkedin.com/jobs/view/test-engineer-at-tiptopjob-4404018338,2026-04-20T11:23:16.053911+00:00
0,Testingenieur | United Kingdom,linkedin,Quality Assurance Engineer,Eleven,"London, England, United Kingdom",On-site,Full-time,,,English,,,Recent,https://uk.linkedin.com/jobs/view/quality-assurance-engineer-at-eleven-4400549264,2026-04-20T11:23:16.054081+00:00
0,Testingenieur | United Kingdom,linkedin,Test Engineer - Personal Safety Team (PPE) - Future Talent Pipeline,BSI,"Hemel Hempstead, England, United Kingdom",On-site,Full-time,,,English,,,Recent,https://uk.linkedin.com/jobs/view/test-engineer-personal-safety-team-ppe-future-talent-pipeline-at-bsi-4383956793,2026-04-20T11:23:16.054417+00:00
0,Test Automation | Austria,linkedin,Software Testing & Dokumentation (m/w/d),HIRET - hire & retain,"Baden, Lower Austria, Austria",On-site,Full-time,,,English,,,Recent,https://at.linkedin.com/jobs/view/software-testing-dokumentation-m-w-d-at-hiret-hire-retain-4399933441,2026-04-20T11:23:21.011615+00:00
0,Test Automation | Austria,linkedin,AI/ML Engineer - Remote,YO IT Consulting,Austria,Remote,Full-time,,,English,,,Recent,https://at.linkedin.com/jobs/view/ai-ml-engineer-remote-at-yo-it-consulting-4399612974,2026-04-20T11:23:21.012110+00:00
0,Test Automation | Switzerland,linkedin,Sr. Quality Engineer - Manufacturing,Hilo by Aktiia,"Neuchâtel, Switzerland",On-site,Full-time,,,English,,,Recent,https://ch.linkedin.com/jobs/view/sr-quality-engineer-manufacturing-at-hilo-by-aktiia-4399400271,2026-04-20T11:23:23.420229+00:00
0,Test Automation | Switzerland,linkedin,Head of Quality Assurance & Client Onboarding,Avaloq,"Bioggio, Ticino, Switzerland",On-site,Full-time,,Head Of,English,,,Recent,https://ch.linkedin.com/jobs/view/head-of-quality-assurance-client-onboarding-at-avaloq-4396436515,2026-04-20T11:23:23.421697+00:00
0,Test Automation | Slovakia,linkedin,Automation Tester (42288),CoolPeople,Bratislava Metropolitan Area,On-site,Full-time,,,English,,,Recent,https://sk.linkedin.com/jobs/view/automation-tester-42288-at-coolpeople-4395333305,2026-04-20T11:23:28.333088+00:00
0,Test Automation | Slovakia,linkedin,AI/ML Engineer - Remote,YO IT Consulting,Slovakia,Remote,Full-time,,,English,,,Recent,https://sk.linkedin.com/jobs/view/ai-ml-engineer-remote-at-yo-it-consulting-4400030470,2026-04-20T11:23:28.333251+00:00
0,Test Automation | Slovakia,linkedin,Quality Assurance Automation Engineer,Billdu,"Bratislava, Bratislava, Slovakia",On-site,Full-time,,,English,,,Recent,https://sk.linkedin.com/jobs/view/quality-assurance-automation-engineer-at-billdu-4387888986,2026-04-20T11:23:28.333571+00:00
0,Test Automation | Slovakia,linkedin,Test Automation Engineer,Avenga,"Bratislava, Bratislava, Slovakia",On-site,Full-time,Test Automation,,English,,,Recent,https://sk.linkedin.com/jobs/view/test-automation-engineer-at-avenga-4331424496,2026-04-20T11:23:28.333885+00:00
0,Test Automation | Czech Republic,linkedin,Vacante: ANALISTA DE CALIDAD,Tripalis,"Bajos de Haina, San Cristóbal, Dominican Republic",On-site,Full-time,,,English,,,Recent,https://do.linkedin.com/jobs/view/vacante-analista-de-calidad-at-tripalis-4403079053,2026-04-20T11:23:30.733335+00:00
0,Test Automation | Czech Republic,linkedin,Quality Assurance (QA) con experiencia,Tu Empleo RD,"Santo Domingo Este, Santo Domingo, Dominican Republic",On-site,Full-time,,,English,,,Recent,https://do.linkedin.com/jobs/view/quality-assurance-qa-con-experiencia-at-tu-empleo-rd-4403868094,2026-04-20T11:23:30.733525+00:00
0,Test Automation | Czech Republic,linkedin,Quality Analyst,One Park Financial,"Santo Domingo, Distrito Nacional, Dominican Republic",On-site,Full-time,,,English,,,Recent,https://do.linkedin.com/jobs/view/quality-analyst-at-one-park-financial-4390631358,2026-04-20T11:23:30.733843+00:00
0,Test Automation | Czech Republic,linkedin,Quality Analyst (SANTIAGO),One Park Financial,"Santiago de los Caballeros, Santiago, Dominican Republic",On-site,Full-time,,,English,,,Recent,https://do.linkedin.com/jobs/view/quality-analyst-santiago-at-one-park-financial-4390626481,2026-04-20T11:23:30.734188+00:00
0,Test Automation | Czech Republic,linkedin,Aprendiz de QA,Babel,"Santo Domingo, Distrito Nacional, Dominican Republic",On-site,Full-time,,,English,,,Recent,https://do.linkedin.com/jobs/view/aprendiz-de-qa-at-babel-4370737100,2026-04-20T11:23:30.734346+00:00
0,Test Automation | Czech Republic,linkedin,Analista SR de SQA,"Consorcio Dom, de Tarjetas (CardNET)","Santo Domingo, Distrito Nacional, Dominican Republic",On-site,Full-time,,,English,,,Recent,https://do.linkedin.com/jobs/view/analista-sr-de-sqa-at-consorcio-dom-de-tarjetas-cardnet-4398722373,2026-04-20T11:23:30.734495+00:00
0,Test Automation | Czech Republic,linkedin,"Eng I, Software Quality, APM, Temporary",BD Nogales Norte,"Distrito Nacional, Dominican Republic",On-site,Full-time,,,English,,,Recent,https://do.linkedin.com/jobs/view/eng-i-software-quality-apm-temporary-at-bd-nogales-norte-4398973701,2026-04-20T11:23:30.734646+00:00
0,Test Automation | Czech Republic,linkedin,"Eng I, Software Quality, APM, Temporary",BD Nogales Norte,"Distrito Nacional, Dominican Republic",On-site,Full-time,,,English,,,Recent,https://do.linkedin.com/jobs/view/eng-i-software-quality-apm-temporary-at-bd-nogales-norte-4398963944,2026-04-20T11:23:30.734797+00:00
0,Test Automation | Poland,linkedin,QA Analyst (Manual & Automation)/ I,Inetum,"Warsaw, Mazowieckie, Poland",On-site,Full-time,,,English,,,Recent,https://pl.linkedin.com/jobs/view/qa-analyst-manual-automation-i-at-inetum-4373813470,2026-04-20T11:23:33.191492+00:00
0,Test Automation | Poland,linkedin,Sr QA Engineer,Renesas Electronics,"Wrocław, Dolnośląskie, Poland",On-site,Full-time,,,English,,,Recent,https://pl.linkedin.com/jobs/view/sr-qa-engineer-at-renesas-electronics-4402297730,2026-04-20T11:23:33.191969+00:00
0,Test Automation | USA,linkedin,Test Automation Engineer,Witbe,"San Francisco, CA",On-site,Full-time,Test Automation,,English,,,Recent,https://www.linkedin.com/jobs/view/test-automation-engineer-at-witbe-4402270619,2026-04-20T11:23:35.826320+00:00
0,Test Automation | USA,linkedin,Test Automation Engineer,Witbe,"Denver, CO",On-site,Full-time,Test Automation,,English,,,Recent,https://www.linkedin.com/jobs/view/test-automation-engineer-at-witbe-4402261761,2026-04-20T11:23:35.826476+00:00
0,Test Automation | USA,linkedin,QA Automation Engineer,iLending,"Englewood, CO",On-site,Full-time,,,English,,,Recent,https://www.linkedin.com/jobs/view/qa-automation-engineer-at-ilending-4402327093,2026-04-20T11:23:35.826628+00:00
0,Test Automation | USA,linkedin,Quality Assurance (Part-Time),Major League Baseball (MLB),"New York, NY",On-site,Full-time,,,English,,,Recent,https://www.linkedin.com/jobs/view/quality-assurance-part-time-at-major-league-baseball-mlb-4399300153,2026-04-20T11:23:35.827107+00:00
0,Test Automation | USA,linkedin,Quality Assurance Analyst,Skopenow,United States,On-site,Full-time,,,English,,,Recent,https://www.linkedin.com/jobs/view/quality-assurance-analyst-at-skopenow-4399635269,2026-04-20T11:23:35.827262+00:00
0,Test Automation | United Kingdom,linkedin,Test Automation Engineer,Deloitte,"Glasgow, Scotland, United Kingdom",On-site,Full-time,Test Automation,,English,,,Recent,https://uk.linkedin.com/jobs/view/test-automation-engineer-at-deloitte-4383541540,2026-04-20T11:23:38.363303+00:00
0,Test Automation | United Kingdom,linkedin,QA Automation Test Engineer,Kainos,United Kingdom,On-site,Full-time,,,English,,,Recent,https://uk.linkedin.com/jobs/view/qa-automation-test-engineer-at-kainos-4398468559,2026-04-20T11:23:38.363470+00:00
0,Test Automation | United Kingdom,linkedin,QA Automation - Bournemouth,Neev,"Bournemouth, England, United Kingdom",On-site,Full-time,,,English,,,Recent,https://uk.linkedin.com/jobs/view/qa-automation-bournemouth-at-neev-4402930334,2026-04-20T11:23:38.363631+00:00
0,Test Automation | United Kingdom,linkedin,QA Analyst (US working hours),hackajob,United Kingdom,On-site,Full-time,,,English,,,Recent,https://uk.linkedin.com/jobs/view/qa-analyst-us-working-hours-at-hackajob-4379154974,2026-04-20T11:23:38.363945+00:00
0,Test Automation | United Kingdom,linkedin,Quality Assurance Automation Engineer,Accenture,"Leeds, England, United Kingdom",On-site,Full-time,,,English,,,Recent,https://uk.linkedin.com/jobs/view/quality-assurance-automation-engineer-at-accenture-4399941867,2026-04-20T11:23:38.364127+00:00
0,Python Developer | Germany,linkedin,Software Engineer (Python),Audatic,"Berlin, Germany",On-site,Full-time,Python,,English,,,Recent,https://de.linkedin.com/jobs/view/software-engineer-python-at-audatic-4401711774,2026-04-20T11:23:40.901743+00:00
0,Python Developer | Germany,linkedin,Backend-Entwickler (Python / PHP) (m/w/d),RTO GmbH,"Frankfurt, Hesse, Germany",On-site,Full-time,Python,Php,English,,,Recent,https://de.linkedin.com/jobs/view/backend-entwickler-python-php-m-w-d-at-rto-gmbh-4399752047,2026-04-20T11:23:40.902109+00:00
0,Python Developer | Germany,linkedin,Junior Python Developer,Joveo Ai,Germany,On-site,Full-time,Python,Junior,English,,,Recent,https://de.linkedin.com/jobs/view/junior-python-developer-at-joveo-ai-4404048401,2026-04-20T11:23:40.902267+00:00
0,Python Developer | Germany,linkedin,Python Analytics Engineer – Atoti Platform,Ubique Systems,Germany,On-site,Full-time,Python,,English,,,Recent,https://de.linkedin.com/jobs/view/python-analytics-engineer-%E2%80%93-atoti-platform-at-ubique-systems-4399506630,2026-04-20T11:23:40.902419+00:00
0,Python Developer | Germany,linkedin,Back End Developer,Trust In SODA,"Berlin, Germany",On-site,Full-time,,,English,,,Recent,https://de.linkedin.com/jobs/view/back-end-developer-at-trust-in-soda-4399187593,2026-04-20T11:23:40.902583+00:00
0,Python Developer | Germany,linkedin,Python Developer Remote,Mercor,Germany,Remote,Full-time,Python,,English,,,Recent,https://de.linkedin.com/jobs/view/python-developer-remote-at-mercor-4389473660,2026-04-20T11:23:40.902730+00:00
0,Python Developer | Germany,linkedin,Fresher Python Developer,Joveo Ai,Germany,On-site,Full-time,Python,,English,,,Recent,https://de.linkedin.com/jobs/view/fresher-python-developer-at-joveo-ai-4404041526,2026-04-20T11:23:40.902873+00:00
0,Python Developer | Germany,linkedin,Back End Developer,AI Republic,Germany,On-site,Full-time,,,English,,,Recent,https://de.linkedin.com/jobs/view/back-end-developer-at-ai-republic-4399515910,2026-04-20T11:23:40.903188+00:00
0,Python Developer | Austria,linkedin,Python Game Developer (Panda3D) - Remote,YO IT Consulting,Austria,Remote,Full-time,Python,,English,,,Recent,https://at.linkedin.com/jobs/view/python-game-developer-panda3d-remote-at-yo-it-consulting-4403349593,2026-04-20T11:23:43.336247+00:00
0,Python Developer | Austria,linkedin,Software Engineer - Python - Cloud - graduate level,Canonical,"Vienna, Vienna, Austria",On-site,Full-time,Python,Graduate,English,,,Recent,https://at.linkedin.com/jobs/view/software-engineer-python-cloud-graduate-level-at-canonical-4389952665,2026-04-20T11:23:43.336440+00:00
0,Python Developer | Austria,linkedin,Freelance Full Stack Engineer,HartleyCo,"Vienna, Austria",On-site,Contract,,,English,,,Recent,https://at.linkedin.com/jobs/view/freelance-full-stack-engineer-at-hartleyco-4399759003,2026-04-20T11:23:43.336769+00:00
0,Python Developer | Austria,linkedin,Freelance AI Evaluation Engineer (Python/Full-Stack),Mindrift,Austria,On-site,Contract,Python,,English,,,Recent,https://at.linkedin.com/jobs/view/freelance-ai-evaluation-engineer-python-full-stack-at-mindrift-4399286655,2026-04-20T11:23:43.337116+00:00
0,Python Developer | Austria,linkedin,Python Engineer,Canonical,"Vienna, Vienna, Austria",On-site,Full-time,Python,,English,,,Recent,https://at.linkedin.com/jobs/view/python-engineer-at-canonical-4400953905,2026-04-20T11:23:43.337274+00:00
0,Python Developer | Austria,linkedin,Freelance Data Science Engineer (Python & SQL),Mindrift,Austria,On-site,Contract,Python,"Sql, Data Science",English,,,Recent,https://at.linkedin.com/jobs/view/freelance-data-science-engineer-python-sql-at-mindrift-4403406905,2026-04-20T11:23:43.337467+00:00
0,Python Developer | Austria,linkedin,Python Developer (42335),CoolPeople,"Vienna, Vienna, Austria",On-site,Full-time,Python,,English,,,Recent,https://at.linkedin.com/jobs/view/python-developer-42335-at-coolpeople-4401092654,2026-04-20T11:23:43.337702+00:00
0,Python Developer | Austria,linkedin,Freelance Data Scraping Engineer (Python),Mindrift,Austria,On-site,Contract,Python,,English,,,Recent,https://at.linkedin.com/jobs/view/freelance-data-scraping-engineer-python-at-mindrift-4400983559,2026-04-20T11:23:43.337874+00:00
0,Python Developer | Switzerland,linkedin,Full-Stack Engineer,LatticeFlow AI,"Zurich, Zurich, Switzerland",On-site,Full-time,,,English,,,Recent,https://ch.linkedin.com/jobs/view/full-stack-engineer-at-latticeflow-ai-4401706775,2026-04-20T11:23:45.811687+00:00
0,Python Developer | Switzerland,linkedin,Python Game Developer (Panda3D) - Remote,YO IT Consulting,Switzerland,Remote,Full-time,Python,,English,,,Recent,https://ch.linkedin.com/jobs/view/python-game-developer-panda3d-remote-at-yo-it-consulting-4403361444,2026-04-20T11:23:45.811879+00:00
0,Python Developer | Switzerland,linkedin,Back End Engineer / Back-End Developer,Delvitech SA,"Mendrisio, Ticino, Switzerland",On-site,Full-time,,,English,,,Recent,https://ch.linkedin.com/jobs/view/back-end-engineer-back-end-developer-at-delvitech-sa-4399731932,2026-04-20T11:23:45.812383+00:00
0,Python Developer | Switzerland,linkedin,Python Software Engineer - Digital Assets,IMC Trading,"Zug, Zug, Switzerland",On-site,Full-time,Python,,English,,,Recent,https://ch.linkedin.com/jobs/view/python-software-engineer-digital-assets-at-imc-trading-4320553182,2026-04-20T11:23:45.812691+00:00
0,Python Developer | Switzerland,linkedin,Jr. Full Stack Developer,"NewWave Telecom & Technologies, Inc.","Fully, Valais, Switzerland",On-site,Full-time,,,English,,,Recent,https://ch.linkedin.com/jobs/view/jr-full-stack-developer-at-newwave-telecom-technologies-inc-4400671589,2026-04-20T11:23:45.812836+00:00
0,Python Developer | Switzerland,linkedin,Fullstack Developer (Python),Kraken,"Puidoux, Vaud, Switzerland",On-site,Full-time,Python,,English,,,Recent,https://ch.linkedin.com/jobs/view/fullstack-developer-python-at-kraken-4343959189,2026-04-20T11:23:45.812986+00:00
0,Python Developer | Switzerland,linkedin,Web Developer (Remote),Twine,Switzerland,Remote,Full-time,,,English,,,Recent,https://ch.linkedin.com/jobs/view/web-developer-remote-at-twine-4395041248,2026-04-20T11:23:45.813160+00:00
0,Python Developer | Remote,linkedin,Full Stack Developer (m/f/d),Investigo,Germany,Remote,Full-time,,,English,,,Recent,https://de.linkedin.com/jobs/view/full-stack-developer-m-f-d-at-investigo-4401080661,2026-04-20T11:23:48.294175+00:00
0,Python Developer | Remote,linkedin,Full Stack Engineer,Nooxit,Germany,Remote,Full-time,,,English,,,Recent,https://de.linkedin.com/jobs/view/full-stack-engineer-at-nooxit-4399736882,2026-04-20T11:23:48.294329+00:00
0,Python Developer | Remote,linkedin,Software Engineer - Python - Cloud - graduate level,Canonical,"Berlin, Berlin, Germany",Remote,Full-time,Python,Graduate,English,,,Recent,https://de.linkedin.com/jobs/view/software-engineer-python-cloud-graduate-level-at-canonical-4389965199,2026-04-20T11:23:48.294472+00:00
0,Python Developer | Remote,linkedin,Freelance Data Science Engineer (Python & SQL),Mindrift,"Berlin, Berlin, Germany",Remote,Contract,Python,"Sql, Data Science",English,,,Recent,https://de.linkedin.com/jobs/view/freelance-data-science-engineer-python-sql-at-mindrift-4403406906,2026-04-20T11:23:48.294622+00:00
0,Python Developer | Slovakia,linkedin,Junior Full-stack Developer,IBM,"Košice, Kosice, Slovakia",On-site,Full-time,,Junior,English,,,Recent,https://sk.linkedin.com/jobs/view/junior-full-stack-developer-at-ibm-4399767158,2026-04-20T11:23:50.781116+00:00
0,Python Developer | Slovakia,linkedin,Junior Full-stack Developer,IBM,"Banská Bystrica, Banska Bystrica, Slovakia",On-site,Full-time,,Junior,English,,,Recent,https://sk.linkedin.com/jobs/view/junior-full-stack-developer-at-ibm-4399782075,2026-04-20T11:23:50.781317+00:00
0,Python Developer | Slovakia,linkedin,Python Software Developer,Nokia,"Bratislava, Bratislava, Slovakia",On-site,Full-time,Python,,English,,,Recent,https://sk.linkedin.com/jobs/view/python-software-developer-at-nokia-4289894545,2026-04-20T11:23:50.781489+00:00
0,Python Developer | Slovakia,linkedin,Junior Full-stack Developer,IBM,"Bratislava, Bratislava, Slovakia",On-site,Full-time,,Junior,English,,,Recent,https://sk.linkedin.com/jobs/view/junior-full-stack-developer-at-ibm-4399770109,2026-04-20T11:23:50.781648+00:00
0,Python Developer | Slovakia,linkedin,Python Developer,GoReel,Slovakia,On-site,Full-time,Python,,English,,,Recent,https://sk.linkedin.com/jobs/view/python-developer-at-goreel-4400567031,2026-04-20T11:23:50.781803+00:00
0,Python Developer | Slovakia,linkedin,Python Software Engineer,ESET,"Bratislava, Bratislava, Slovakia",On-site,Full-time,Python,,English,,,Recent,https://sk.linkedin.com/jobs/view/python-software-engineer-at-eset-4385085021,2026-04-20T11:23:50.781957+00:00
0,Python Developer | Slovakia,linkedin,Python Software Engineer,ESET,"Bratislava, Bratislava, Slovakia",On-site,Full-time,Python,,English,,,Recent,https://sk.linkedin.com/jobs/view/python-software-engineer-at-eset-4292497215,2026-04-20T11:23:50.782188+00:00
0,Python Developer | Slovakia,linkedin,Software Engineer - Python,Legend,"Bratislava, Bratislava, Slovakia",On-site,Full-time,Python,,English,,,Recent,https://sk.linkedin.com/jobs/view/software-engineer-python-at-legend-4371203262,2026-04-20T11:23:50.782346+00:00
0,Python Developer | Slovakia,linkedin,Software Engineer - Python - Cloud - graduate level,Canonical,"Bratislava, Bratislava, Slovakia",On-site,Full-time,Python,Graduate,English,,,Recent,https://sk.linkedin.com/jobs/view/software-engineer-python-cloud-graduate-level-at-canonical-4389952662,2026-04-20T11:23:50.782500+00:00
0,Python Developer | Slovakia,linkedin,Python Engineer,Swiss Re,"Bratislava, Bratislava, Slovakia",On-site,Full-time,Python,,English,,,Recent,https://sk.linkedin.com/jobs/view/python-engineer-at-swiss-re-4325749432,2026-04-20T11:23:50.782653+00:00
0,Python Developer | Czech Republic,linkedin,Python Engineer,Ethics Code,"Santo Domingo, Distrito Nacional, Dominican Republic",On-site,Full-time,Python,,English,,,Recent,https://do.linkedin.com/jobs/view/python-engineer-at-ethics-code-4403122137,2026-04-20T11:23:53.200077+00:00
0,Python Developer | Czech Republic,linkedin,Backend Python Developer (APIs & Integrations),Segadty,Dominican Republic,On-site,Full-time,Python,,English,,,Recent,https://do.linkedin.com/jobs/view/backend-python-developer-apis-integrations-at-segadty-4403856339,2026-04-20T11:23:53.200269+00:00
0,Python Developer | Czech Republic,linkedin,Backend Python Developer (APIs & Integrations),Segadty,Dominican Republic,On-site,Full-time,Python,,English,,,Recent,https://do.linkedin.com/jobs/view/backend-python-developer-apis-integrations-at-segadty-4403854383,2026-04-20T11:23:53.200439+00:00
0,Python Developer | Czech Republic,linkedin,Backend Python Developer (APIs & Integrations),Segadty,Dominican Republic,On-site,Full-time,Python,,English,,,Recent,https://do.linkedin.com/jobs/view/backend-python-developer-apis-integrations-at-segadty-4402614381,2026-04-20T11:23:53.200594+00:00
0,Python Developer | Czech Republic,linkedin,Full Stack Developer (Python),Perform,"Santo Domingo, Distrito Nacional, Dominican Republic",On-site,Full-time,Python,,English,,,Recent,https://do.linkedin.com/jobs/view/full-stack-developer-python-at-perform-4395465283,2026-04-20T11:23:53.200748+00:00
0,Python Developer | Czech Republic,linkedin,Full Stack Developer (Python),Perform,Dominican Republic,On-site,Full-time,Python,,English,,,Recent,https://do.linkedin.com/jobs/view/full-stack-developer-python-at-perform-4398298505,2026-04-20T11:23:53.200906+00:00
0,Python Developer | Czech Republic,linkedin,Full Stack Developer,Flatiron Software,Dominican Republic,On-site,Full-time,,,English,,,Recent,https://do.linkedin.com/jobs/view/full-stack-developer-at-flatiron-software-4398008987,2026-04-20T11:23:53.201077+00:00
0,Python Developer | Czech Republic,linkedin,Líder Desarrollador Back-End,Banco Popular Dominicano,"Santo Domingo, Distrito Nacional, Dominican Republic",On-site,Full-time,,,English,,,Recent,https://do.linkedin.com/jobs/view/l%C3%ADder-desarrollador-back-end-at-banco-popular-dominicano-4392678000,2026-04-20T11:23:53.201242+00:00
0,Python Developer | Czech Republic,linkedin,"Full Stack Software Engineer - React, Next, Node / Remote LATAM",Zarego,"Santo Domingo, Distrito Nacional, Dominican Republic",Remote,Full-time,,React,English,,,Recent,https://do.linkedin.com/jobs/view/full-stack-software-engineer-react-next-node-remote-latam-at-zarego-4391927261,2026-04-20T11:23:53.201396+00:00
0,Python Developer | Poland,linkedin,Software Engineer (Python) - AI Platform,Revolut,Poland,On-site,Full-time,Python,,English,,,Recent,https://pl.linkedin.com/jobs/view/software-engineer-python-ai-platform-at-revolut-4250500721,2026-04-20T11:23:55.662477+00:00
0,Python Developer | Poland,linkedin,Software Engineer (Python),HRK S.A.,Gdansk Metropolitan Area,On-site,Full-time,Python,,English,,,Recent,https://pl.linkedin.com/jobs/view/software-engineer-python-at-hrk-s-a-4400280370,2026-04-20T11:23:55.662676+00:00
0,Python Developer | Poland,linkedin,Python Developer,Software Mind,"Warsaw, Mazowieckie, Poland",On-site,Full-time,Python,,English,,,Recent,https://pl.linkedin.com/jobs/view/python-developer-at-software-mind-4401324859,2026-04-20T11:23:55.662844+00:00
0,Python Developer | Poland,linkedin,Python Developer,IT Factory,"Warsaw, Mazowieckie, Poland",On-site,Full-time,Python,,English,,,Recent,https://pl.linkedin.com/jobs/view/python-developer-at-it-factory-4401748468,2026-04-20T11:23:55.663068+00:00
0,Python Developer | Poland,linkedin,Software Engineer (Python) - Credit,Revolut,Poland,On-site,Full-time,Python,,English,,,Recent,https://pl.linkedin.com/jobs/view/software-engineer-python-credit-at-revolut-4397606470,2026-04-20T11:23:55.663240+00:00
0,Python Developer | Poland,linkedin,Full Stack Software Engineer,Samba TV,"Warsaw, Mazowieckie, Poland",On-site,Full-time,,,English,,,Recent,https://pl.linkedin.com/jobs/view/full-stack-software-engineer-at-samba-tv-4389975943,2026-04-20T11:23:55.663400+00:00
0,Python Developer | Poland,linkedin,"Software Engineer (Python) - Relocation to Poland, Spain, or UAE",Revolut,Poland,On-site,Full-time,Python,,English,,,Recent,https://pl.linkedin.com/jobs/view/software-engineer-python-relocation-to-poland-spain-or-uae-at-revolut-4372826534,2026-04-20T11:23:55.663554+00:00
0,Python Developer | Poland,linkedin,Python Developer,Trinetix,Poland,On-site,Full-time,Python,,English,,,Recent,https://pl.linkedin.com/jobs/view/python-developer-at-trinetix-4404079247,2026-04-20T11:23:55.663713+00:00
0,Python Developer | Poland,linkedin,Software Engineer (4/5) — Developer Platform,Netflix,"Warsaw, Mazowieckie, Poland",On-site,Full-time,,,English,,,Recent,https://pl.linkedin.com/jobs/view/software-engineer-4-5-%E2%80%94-developer-platform-at-netflix-4193468200,2026-04-20T11:23:55.663866+00:00
0,Python Developer | Poland,linkedin,Python Developer,AppTailors,Poland,On-site,Full-time,Python,,English,,,Recent,https://pl.linkedin.com/jobs/view/python-developer-at-apptailors-4387098131,2026-04-20T11:23:55.664022+00:00
0,Python Developer | USA,linkedin,Python Developer,Capgemini,"McLean, VA",On-site,Full-time,Python,,English,,,Recent,https://www.linkedin.com/jobs/view/python-developer-at-capgemini-4401777457,2026-04-20T11:23:58.244726+00:00
0,Python Developer | USA,linkedin,Full-stack Engineer (FE-leaning),Pinwheel,"New York, NY",On-site,Full-time,,,English,,,Recent,https://www.linkedin.com/jobs/view/full-stack-engineer-fe-leaning-at-pinwheel-4401772966,2026-04-20T11:23:58.244911+00:00
0,Python Developer | USA,linkedin,Backend Engineer Intern,Tinder,"Palo Alto, CA",On-site,Internship,,Intern,English,,,Recent,https://www.linkedin.com/jobs/view/backend-engineer-intern-at-tinder-4323730907,2026-04-20T11:23:58.245253+00:00
0,Python Developer | USA,linkedin,Python Developer,LTIMindtree,"Charlotte, NC",On-site,Full-time,Python,,English,,,Recent,https://www.linkedin.com/jobs/view/python-developer-at-ltimindtree-4402169169,2026-04-20T11:23:58.245404+00:00
0,Python Developer | USA,linkedin,"Full Stack Engineer ($165,000 – $185,000 + Equity) at Adonis",Jack & Jill,"New York, NY",On-site,Full-time,,,English,,,Recent,https://www.linkedin.com/jobs/view/full-stack-engineer-%24165-000-%E2%80%93-%24185-000-%2B-equity-at-adonis-at-jack-jill-4401052281,2026-04-20T11:23:58.245559+00:00
0,Python Developer | USA,linkedin,Python Developer,LTIMindtree,"Tampa, FL",On-site,Full-time,Python,,English,,,Recent,https://www.linkedin.com/jobs/view/python-developer-at-ltimindtree-4370711031,2026-04-20T11:23:58.245715+00:00
0,Python Developer | USA,linkedin,Python Developer IV,Paychex,"Webster, NY",On-site,Full-time,Python,,English,,,Recent,https://www.linkedin.com/jobs/view/python-developer-iv-at-paychex-4399712348,2026-04-20T11:23:58.245872+00:00
0,Python Developer | USA,linkedin,Sr Software Engineer - BE Python,Venmo,"San Jose, CA",On-site,Full-time,Python,,English,,,Recent,https://www.linkedin.com/jobs/view/sr-software-engineer-be-python-at-venmo-4401776441,2026-04-20T11:23:58.246019+00:00
0,Python Developer | USA,linkedin,Python Developer,Collabera,"Charlotte, NC",On-site,Full-time,Python,,English,,,Recent,https://www.linkedin.com/jobs/view/python-developer-at-collabera-4400757172,2026-04-20T11:23:58.246195+00:00
0,Python Developer | United Kingdom,linkedin,Software Engineer (Python) - AI Platform,Revolut,United Kingdom,On-site,Full-time,Python,,English,,,Recent,https://uk.linkedin.com/jobs/view/software-engineer-python-ai-platform-at-revolut-4250197984,2026-04-20T11:24:00.719900+00:00
0,Python Developer | United Kingdom,linkedin,Python Developer,Premier Group,"Greater London, England, United Kingdom",On-site,Full-time,Python,,English,,,Recent,https://uk.linkedin.com/jobs/view/python-developer-at-premier-group-4401043422,2026-04-20T11:24:00.720114+00:00
0,Python Developer | United Kingdom,linkedin,Python Software Engineer,Prima,"London, England, United Kingdom",On-site,Full-time,Python,,English,,,Recent,https://uk.linkedin.com/jobs/view/python-software-engineer-at-prima-4149696449,2026-04-20T11:24:00.720282+00:00
0,Python Developer | United Kingdom,linkedin,"Software Developer (Python) - Up to £140,000 + Bonus + Package",Hunter Bond,"London, England, United Kingdom",On-site,Full-time,Python,,English,,,Recent,https://uk.linkedin.com/jobs/view/software-developer-python-up-to-%C2%A3140-000-%2B-bonus-%2B-package-at-hunter-bond-4399779705,2026-04-20T11:24:00.720442+00:00
0,Python Developer | United Kingdom,linkedin,Python Developer,J.P. Morgan,"Glasgow, Scotland, United Kingdom",On-site,Full-time,Python,,English,,,Recent,https://uk.linkedin.com/jobs/view/python-developer-at-j-p-morgan-4400560366,2026-04-20T11:24:00.720608+00:00
0,Python Developer | United Kingdom,linkedin,"Python Software Engineer - Hybrid working - Up to £275,000 Base (+ Bonus)",Hunter Bond,"London Area, United Kingdom",Hybrid,Full-time,Python,,English,,,Recent,https://uk.linkedin.com/jobs/view/python-software-engineer-hybrid-working-up-to-%C2%A3275-000-base-%2B-bonus-at-hunter-bond-4399746143,2026-04-20T11:24:00.720763+00:00
0,Python Developer | United Kingdom,linkedin,Python Developer,numi,"London Area, United Kingdom",On-site,Full-time,Python,,English,,,Recent,https://uk.linkedin.com/jobs/view/python-developer-at-numi-4320569358,2026-04-20T11:24:00.720930+00:00
0,Python Test | Germany,linkedin,Quality Assurance Quality Control Engineer,Edison Smart®,"Frankfurt, Hesse, Germany",On-site,Full-time,,,English,,,Recent,https://de.linkedin.com/jobs/view/quality-assurance-quality-control-engineer-at-edison-smart%C2%AE-4399251272,2026-04-20T11:24:03.177819+00:00
0,Python Test | Austria,linkedin,Softwaretester (d/w/m),hello again,"Leonding, Upper Austria, Austria",On-site,Full-time,,,English,,,Recent,https://at.linkedin.com/jobs/view/softwaretester-d-w-m-at-hello-again-4396649547,2026-04-20T11:24:05.717981+00:00
0,Python Test | Switzerland,linkedin,Quality Engineer (Fully Remote),GamblingCareers.com,"Fully, Valais, Switzerland",Remote,Full-time,,,English,,,Recent,https://ch.linkedin.com/jobs/view/quality-engineer-fully-remote-at-gamblingcareers-com-4403425314,2026-04-20T11:24:08.108035+00:00
0,Python Test | Czech Republic,linkedin,Trainee in Application Lab,STMicroelectronics,"Batey 8, Independencia Province, Dominican Republic",On-site,Full-time,,Trainee,English,,,Recent,https://do.linkedin.com/jobs/view/trainee-in-application-lab-at-stmicroelectronics-4377848452,2026-04-20T11:24:15.484770+00:00
0,Python Test | Czech Republic,linkedin,Sr. SDET (Gaming Industry),Perform,Dominican Republic,On-site,Full-time,,,English,,,Recent,https://do.linkedin.com/jobs/view/sr-sdet-gaming-industry-at-perform-4362287427,2026-04-20T11:24:15.484942+00:00
0,Python Test | Poland,linkedin,Junior Software Quality Assurance Engineer,Seargin,Poland,On-site,Full-time,,Junior,English,,,Recent,https://pl.linkedin.com/jobs/view/junior-software-quality-assurance-engineer-at-seargin-4402920479,2026-04-20T11:24:17.967990+00:00
0,Python Test | Poland,linkedin,Junior Software Quality Assurance Engineer,Seargin,Poland,On-site,Full-time,,Junior,English,,,Recent,https://pl.linkedin.com/jobs/view/junior-software-quality-assurance-engineer-at-seargin-4403188991,2026-04-20T11:24:17.968185+00:00
0,Python Test | Poland,linkedin,Intermediate Test Engineer Automation (Python) - OP02085,Dev.Pro,"Wrocław, Dolnośląskie, Poland",On-site,Full-time,Python,,English,,,Recent,https://pl.linkedin.com/jobs/view/intermediate-test-engineer-automation-python-op02085-at-dev-pro-4390325844,2026-04-20T11:24:17.969297+00:00
0,Python Test | USA,linkedin,Software Quality Analyst – Manual Testing,JRD Systems,"Ann Arbor, MI",On-site,Full-time,,Manual Testing,English,,,Recent,https://www.linkedin.com/jobs/view/software-quality-analyst-%E2%80%93-manual-testing-at-jrd-systems-4400259888,2026-04-20T11:24:20.573673+00:00
0,Python Test | USA,linkedin,Software QA Engineer,Aila Technologies,"Natick, MA",On-site,Full-time,,,English,,,Recent,https://www.linkedin.com/jobs/view/software-qa-engineer-at-aila-technologies-4400301243,2026-04-20T11:24:20.574486+00:00
0,Python Test | USA,linkedin,Quality Assurance Engineer,WoundZoom,"Boca Raton, FL",On-site,Full-time,,,English,,,Recent,https://www.linkedin.com/jobs/view/quality-assurance-engineer-at-woundzoom-4400639362,2026-04-20T11:24:20.574642+00:00
0,Python Test | USA,linkedin,QA Engineer / Automation Tester,"V-Soft Consulting Group, Inc.","Austin, TX",On-site,Full-time,,,English,,,Recent,https://www.linkedin.com/jobs/view/qa-engineer-automation-tester-at-v-soft-consulting-group-inc-4402741559,2026-04-20T11:24:20.574794+00:00
0,Python Test | USA,linkedin,QA Engineer,WorkGenius Group,"San Mateo, CA",On-site,Full-time,,,English,,,Recent,https://www.linkedin.com/jobs/view/qa-engineer-at-workgenius-group-4402786750,2026-04-20T11:24:20.574948+00:00
0,Python Test | United Kingdom,linkedin,Quality Assurance Analyst,DP World,"Southampton, England, United Kingdom",On-site,Full-time,,,English,,,Recent,https://uk.linkedin.com/jobs/view/quality-assurance-analyst-at-dp-world-4400833530,2026-04-20T11:24:23.110914+00:00
0,Python Test | United Kingdom,linkedin,Software Quality Engineer,Helic & Co.,United Kingdom,On-site,Full-time,,,English,,,Recent,https://uk.linkedin.com/jobs/view/software-quality-engineer-at-helic-co-4403102073,2026-04-20T11:24:23.111240+00:00
0,Firmware Engineer | Germany,linkedin,Embedded Software-Entwickler (m/w/d),KISTERS Group,"Aachen, North Rhine-Westphalia, Germany",On-site,Full-time,,,English,,,Recent,https://de.linkedin.com/jobs/view/embedded-software-entwickler-m-w-d-at-kisters-group-4395363633,2026-04-20T11:24:25.524687+00:00
0,Firmware Engineer | Germany,linkedin,Embedded Software / Firmware Engineer,SE3 Labs,"Erding, Bavaria, Germany",On-site,Full-time,Firmware,,English,,,Recent,https://de.linkedin.com/jobs/view/embedded-software-firmware-engineer-at-se3-labs-4403104381,2026-04-20T11:24:25.524847+00:00
0,Firmware Engineer | Germany,linkedin,Embedded Software Ingenieur (w/m/d),XTENDED ENGINEERING GMBH,"Munich, Bavaria, Germany",On-site,Full-time,,,English,,,Recent,https://de.linkedin.com/jobs/view/embedded-software-ingenieur-w-m-d-at-xtended-engineering-gmbh-4403442433,2026-04-20T11:24:25.524999+00:00
0,Firmware Engineer | Germany,linkedin,Junior Software Engineer,IVS Industrial Valve Summit,"Berlin, Berlin, Germany",On-site,Full-time,,Junior,English,,,Recent,https://de.linkedin.com/jobs/view/junior-software-engineer-at-ivs-industrial-valve-summit-4401623358,2026-04-20T11:24:25.525186+00:00
0,Firmware Engineer | Germany,linkedin,Software Engineer for Rail IoT Devices  (Passenger Information Systems),Wabtec Corporation,"Munich, Bavaria, Germany",On-site,Full-time,,,English,,,Recent,https://de.linkedin.com/jobs/view/software-engineer-for-rail-iot-devices-passenger-information-systems-at-wabtec-corporation-4399521677,2026-04-20T11:24:25.525354+00:00
0,Firmware Engineer | Germany,linkedin,Firmware Engineer,STABL Energy,"Munich, Bavaria, Germany",On-site,Full-time,Firmware,,English,,,Recent,https://de.linkedin.com/jobs/view/firmware-engineer-at-stabl-energy-4399938131,2026-04-20T11:24:25.525506+00:00
0,Firmware Engineer | Germany,linkedin,Software Engineer – Mac/Swift (all genders),STARFACE GmbH,"Karlsruhe, Baden-Württemberg, Germany",On-site,Full-time,,Swift,English,,,Recent,https://de.linkedin.com/jobs/view/software-engineer-%E2%80%93-mac-swift-all-genders-at-starface-gmbh-4395977706,2026-04-20T11:24:25.525656+00:00
0,Firmware Engineer | Germany,linkedin,Embedded Softwareentwickler (w/m/d),KISTERS Group,"Aachen, North Rhine-Westphalia, Germany",On-site,Full-time,,,English,,,Recent,https://de.linkedin.com/jobs/view/embedded-softwareentwickler-w-m-d-at-kisters-group-4392525864,2026-04-20T11:24:25.525819+00:00
0,Firmware Engineer | Germany,linkedin,Embedded Software Developer - Freelance / Teilzeit / Nebenberuflich Selbständig,Software Engineering Weber GmbH,"Kempten, Bavaria, Germany",On-site,Contract,,,English,,,Recent,https://de.linkedin.com/jobs/view/embedded-software-developer-freelance-teilzeit-nebenberuflich-selbst%C3%A4ndig-at-software-engineering-weber-gmbh-4400190760,2026-04-20T11:24:25.525970+00:00
0,Firmware Engineer | Austria,linkedin,Firmware Engineer (m/f/d),EVK,"Raaba, Styria, Austria",On-site,Full-time,Firmware,,English,,,Recent,https://at.linkedin.com/jobs/view/firmware-engineer-m-f-d-at-evk-4390162635,2026-04-20T11:24:27.955387+00:00
0,Firmware Engineer | Austria,linkedin,Embedded Software Developer (m/w/d),efinio IT & Engineering,"Upper Austria, Austria",On-site,Full-time,,,English,,,Recent,https://at.linkedin.com/jobs/view/embedded-software-developer-m-w-d-at-efinio-it-engineering-4403395676,2026-04-20T11:24:27.955574+00:00
0,Firmware Engineer | Austria,linkedin,"Embedded Engineer, Camera",Snap Inc.,"Vienna, Austria",On-site,Full-time,,,English,,,Recent,https://at.linkedin.com/jobs/view/embedded-engineer-camera-at-snap-inc-4388925028,2026-04-20T11:24:27.955736+00:00
0,Firmware Engineer | Austria,linkedin,Firmware Engineer (m/w/d),EVK,"Raaba, Styria, Austria",On-site,Full-time,Firmware,,English,,,Recent,https://at.linkedin.com/jobs/view/firmware-engineer-m-w-d-at-evk-4390001759,2026-04-20T11:24:27.955891+00:00
0,Firmware Engineer | Austria,linkedin,Embedded Software Engineer (full-time)  (f/m/d),TriLite Technologies,"Vienna, Vienna, Austria",On-site,Full-time,,,English,,,Recent,https://at.linkedin.com/jobs/view/embedded-software-engineer-full-time-f-m-d-at-trilite-technologies-4400827822,2026-04-20T11:24:27.956239+00:00
0,Firmware Engineer | Austria,linkedin,Embedded Software Engineer - GPS / GNSS,Tractive,"Linz, Upper Austria, Austria",On-site,Full-time,,,English,,,Recent,https://at.linkedin.com/jobs/view/embedded-software-engineer-gps-gnss-at-tractive-4392390722,2026-04-20T11:24:27.956700+00:00
0,Firmware Engineer | Switzerland,linkedin,Embedded Software Engineer – e-Bike Systems,Specialized Bicycle Components,"Cham, Zug, Switzerland",On-site,Full-time,,,English,,,Recent,https://ch.linkedin.com/jobs/view/embedded-software-engineer-%E2%80%93-e-bike-systems-at-specialized-bicycle-components-4249261377,2026-04-20T11:24:30.382592+00:00
0,Firmware Engineer | Switzerland,linkedin,Embedded Software Engineer (80%-100%) - Zurich,Code Compass 🧭,Zürich Metropolitan Area,Remote,Full-time,,,English,,,Recent,https://ch.linkedin.com/jobs/view/embedded-software-engineer-80%25-100%25-zurich-at-code-compass-%F0%9F%A7%AD-4400835722,2026-04-20T11:24:30.382788+00:00
0,Firmware Engineer | Switzerland,linkedin,Embedded Software Engineer,Humanis AG,"Zurich, Switzerland",On-site,Full-time,,,English,,,Recent,https://ch.linkedin.com/jobs/view/embedded-software-engineer-at-humanis-ag-4403403248,2026-04-20T11:24:30.382969+00:00
0,Firmware Engineer | Switzerland,linkedin,Embedded Systems Engineer (EP-LCB-2026-89-GRAE),CERN,"Geneva, Geneva, Switzerland",On-site,Full-time,Embedded Systems,,English,,,Recent,https://ch.linkedin.com/jobs/view/embedded-systems-engineer-ep-lcb-2026-89-grae-at-cern-4400843499,2026-04-20T11:24:30.383353+00:00
0,Firmware Engineer | Switzerland,linkedin,Junior Embedded Software Engineer (C/C++) (m/w/d),Onyx Circle,"Thurgau, Switzerland",On-site,Full-time,"C, C++",Junior,English,,,Recent,https://ch.linkedin.com/jobs/view/junior-embedded-software-engineer-c-c%2B%2B-m-w-d-at-onyx-circle-4400505602,2026-04-20T11:24:30.383675+00:00
0,Firmware Engineer | Switzerland,linkedin,Firmware Engineer,EPM Scientific,"Zurich, Zurich, Switzerland",On-site,Full-time,Firmware,,English,,,Recent,https://ch.linkedin.com/jobs/view/firmware-engineer-at-epm-scientific-4395294598,2026-04-20T11:24:30.383832+00:00
0,Firmware Engineer | Switzerland,linkedin,Firmware Developer - FPGA (EP-CMS-TDQ-2026-66-GRAP),CERN,"Geneva, Geneva, Switzerland",On-site,Full-time,Firmware,Fpga,English,,,Recent,https://ch.linkedin.com/jobs/view/firmware-developer-fpga-ep-cms-tdq-2026-66-grap-at-cern-4399949330,2026-04-20T11:24:30.383985+00:00
0,Firmware Engineer | Switzerland,linkedin,Junior Embedded Software Engineer (C/C++) (m/w/d),Cicor Group,"Bronschhofen, St Gallen, Switzerland",On-site,Full-time,"C, C++",Junior,English,,,Recent,https://ch.linkedin.com/jobs/view/junior-embedded-software-engineer-c-c%2B%2B-m-w-d-at-cicor-group-4389452944,2026-04-20T11:24:30.384174+00:00
0,Firmware Engineer | Remote,linkedin,Embedded Firmware Engineer (5-months limited contract),Bragi,Germany,Remote,Contract,Firmware,,English,,,Recent,https://de.linkedin.com/jobs/view/embedded-firmware-engineer-5-months-limited-contract-at-bragi-4398615324,2026-04-20T11:24:32.830461+00:00
0,Firmware Engineer | Remote,linkedin,Graduate Software Engineer,Joveo Ai,Germany,Remote,Full-time,,Graduate,English,,,Recent,https://de.linkedin.com/jobs/view/graduate-software-engineer-at-joveo-ai-4404043426,2026-04-20T11:24:32.830622+00:00
0,Firmware Engineer | Remote,linkedin,Freelance Embedded Software Engineer,Vivid Resourcing,Germany,Remote,Contract,,,English,,,Recent,https://de.linkedin.com/jobs/view/freelance-embedded-software-engineer-at-vivid-resourcing-4383759739,2026-04-20T11:24:32.830781+00:00
0,Firmware Engineer | Remote,linkedin,Software Engineer,Joveo Ai,Germany,Remote,Full-time,,,English,,,Recent,https://de.linkedin.com/jobs/view/software-engineer-at-joveo-ai-4403453397,2026-04-20T11:24:32.830933+00:00
0,Firmware Engineer | Remote,linkedin,Junior Software Engineer,Joveo Ai,Germany,Remote,Full-time,,Junior,English,,,Recent,https://de.linkedin.com/jobs/view/junior-software-engineer-at-joveo-ai-4404031924,2026-04-20T11:24:32.831105+00:00
0,Firmware Engineer | Remote,linkedin,Embedded Software Engineer - Driver & OS,Axelera AI,Germany,Remote,Full-time,,,English,,,Recent,https://de.linkedin.com/jobs/view/embedded-software-engineer-driver-os-at-axelera-ai-4403117268,2026-04-20T11:24:32.831278+00:00
0,Firmware Engineer | Remote,linkedin,Software Engineer ( Kotlin Multiplatform / Android development),CoreWillSoft GmbH,Germany,Remote,Full-time,,Kotlin,English,,,Recent,https://de.linkedin.com/jobs/view/software-engineer-kotlin-multiplatform-android-development-at-corewillsoft-gmbh-4399513562,2026-04-20T11:24:32.831428+00:00
0,Firmware Engineer | Remote,linkedin,Software Engineer - Full Stack,Cello,Germany,Remote,Full-time,,,English,,,Recent,https://de.linkedin.com/jobs/view/software-engineer-full-stack-at-cello-4397102217,2026-04-20T11:24:32.831576+00:00
0,Firmware Engineer | Slovakia,linkedin,Embedded Software Engineer - Driver & OS,Axelera AI,Slovakia,On-site,Full-time,,,English,,,Recent,https://sk.linkedin.com/jobs/view/embedded-software-engineer-driver-os-at-axelera-ai-4403115290,2026-04-20T11:24:35.245126+00:00
0,Firmware Engineer | Slovakia,linkedin,Java/Kotlin Software Engineer,Innovatrics,"Bratislava, Slovakia",On-site,Full-time,Java,Kotlin,English,,,Recent,https://sk.linkedin.com/jobs/view/java-kotlin-software-engineer-at-innovatrics-4388091516,2026-04-20T11:24:35.245315+00:00
0,Firmware Engineer | Slovakia,linkedin,Java / Kotlin Software Engineer,Avenga,"Bratislava, Slovakia",On-site,Full-time,Java,Kotlin,English,,,Recent,https://sk.linkedin.com/jobs/view/java-kotlin-software-engineer-at-avenga-4395981584,2026-04-20T11:24:35.245485+00:00
0,Firmware Engineer | Slovakia,linkedin,Software Engineer - Automation,Paymentology,"Bratislava, Bratislava, Slovakia",On-site,Full-time,,,English,,,Recent,https://sk.linkedin.com/jobs/view/software-engineer-automation-at-paymentology-4400575870,2026-04-20T11:24:35.245958+00:00
0,Firmware Engineer | Slovakia,linkedin,Software Engineer,Cisco,"Bratislava, Bratislava, Slovakia",On-site,Full-time,,,English,,,Recent,https://sk.linkedin.com/jobs/view/software-engineer-at-cisco-4369673005,2026-04-20T11:24:35.246138+00:00
0,Firmware Engineer | Slovakia,linkedin,"Software Engineer - SDKs Integration - (C++, Rust, Android)",Innovatrics,"Bratislava, Bratislava, Slovakia",On-site,Full-time,"C, C++, Rust",,English,,,Recent,https://sk.linkedin.com/jobs/view/software-engineer-sdks-integration-c%2B%2B-rust-android-at-innovatrics-4397055186,2026-04-20T11:24:35.246296+00:00
0,Firmware Engineer | Czech Republic,linkedin,Junior Software Engineer,Honeywell Aerospace Technologies,Dominican Republic,On-site,Full-time,,Junior,English,,,Recent,https://do.linkedin.com/jobs/view/junior-software-engineer-at-honeywell-aerospace-technologies-4399874983,2026-04-20T11:24:37.640350+00:00
0,Firmware Engineer | Czech Republic,linkedin,Software Engineer,Xploy Solutions,"Santo Domingo de Guzmán, Distrito Nacional, Dominican Republic",On-site,Full-time,"Can, Python","Docker, Sql, Fastapi, Git, Flask",English,,,Recent,https://do.linkedin.com/jobs/view/software-engineer-at-xploy-solutions-4402726913,2026-04-20T11:24:37.640984+00:00
0,Firmware Engineer | Poland,linkedin,"Software Engineer (Java) - Relocation to Poland, Spain, or UAE",Revolut,Poland,Remote,Full-time,Java,"Postgresql, Grafana, Kubernetes, Scala, Gcp, Redis, Prometheus, Microservices, Kotlin, Tdd",English,,,Recent,https://pl.linkedin.com/jobs/view/software-engineer-java-relocation-to-poland-spain-or-uae-at-revolut-3845490363,2026-04-20T11:24:40.136561+00:00
0,Firmware Engineer | Poland,linkedin,Junior Software Engineer,Asana,"Warsaw, Mazowieckie, Poland",Remote,Contract,Can,"Graduate, Aws, Junior, Asana",English,,,Recent,https://pl.linkedin.com/jobs/view/junior-software-engineer-at-asana-4315919819,2026-04-20T11:24:40.137227+00:00
0,Firmware Engineer | Poland,linkedin,Embedded Software Engineer,Verkada,"Krakowski, Małopolskie, Poland",On-site,Contract,"Bash, C, C++, Can, Go, Python, Rtos","Linux, Git",English,,,Recent,https://pl.linkedin.com/jobs/view/embedded-software-engineer-at-verkada-4365303970,2026-04-20T11:24:40.137382+00:00
0,Firmware Engineer | Poland,linkedin,Embedded Software Engineer,Ascendion,"Kraków, Łódzkie, Poland",On-site,Full-time,"C, C++","Qnx, Linux, Git",English,,,Recent,https://pl.linkedin.com/jobs/view/embedded-software-engineer-at-ascendion-4393282701,2026-04-20T11:24:40.137543+00:00
0,Firmware Engineer | USA,linkedin,Software Engineer 1,Intuit,"New York, NY",Remote,Contract,"C, C++, Generative Ai, Java, Javascript, Jenkins, Python","Django, Mysql, React, Agile, Vue.Js, Node.Js, Express, Mongodb, Scrum, Postgresql",English,,,Recent,https://www.linkedin.com/jobs/view/software-engineer-1-at-intuit-4401727507,2026-04-20T11:24:42.773237+00:00
0,Firmware Engineer | USA,linkedin,Embedded Software Engineer,Wing,"Palo Alto, CA",Remote,Full-time,"C, C++, Can, Rtos, Test Automation","Safe, Computer Vision, Linux",English,,,Recent,https://www.linkedin.com/jobs/view/embedded-software-engineer-at-wing-4344488460,2026-04-20T11:24:42.773424+00:00
0,Firmware Engineer | USA,linkedin,Embedded Software Engineer,Bose Corporation,"Binghamton, NY",On-site,Full-time,,,English,,,Recent,https://www.linkedin.com/jobs/view/embedded-software-engineer-at-bose-corporation-4378118478,2026-04-20T11:24:42.773590+00:00
0,Firmware Engineer | USA,linkedin,Software Engineer - Java,Honey,"San Jose, CA",On-site,Full-time,Java,,English,,,Recent,https://www.linkedin.com/jobs/view/software-engineer-java-at-honey-4401781173,2026-04-20T11:24:42.773743+00:00
0,Firmware Engineer | USA,linkedin,Software Engineer ($140K – $210K + Equity) at Ambrook,Jack & Jill,"San Francisco, CA",On-site,Full-time,,,English,,,Recent,https://www.linkedin.com/jobs/view/software-engineer-%24140k-%E2%80%93-%24210k-%2B-equity-at-ambrook-at-jack-jill-4401569726,2026-04-20T11:24:42.773892+00:00
0,Firmware Engineer | USA,linkedin,Software Engineer ($165k-$250k + Equity) at Strala,Jack & Jill,San Francisco Bay Area,On-site,Full-time,,,English,,,Recent,https://www.linkedin.com/jobs/view/software-engineer-%24165k-%24250k-%2B-equity-at-strala-at-jack-jill-4401737815,2026-04-20T11:24:42.774049+00:00
0,Firmware Engineer | USA,linkedin,Software Engineer 1,Intuit,"Mountain View, CA",On-site,Full-time,,,English,,,Recent,https://www.linkedin.com/jobs/view/software-engineer-1-at-intuit-4401741037,2026-04-20T11:24:42.774260+00:00
0,Firmware Engineer | USA,linkedin,Embedded Software Engineer,Onto Innovation,"Wilmington, MA",On-site,Full-time,,,English,,,Recent,https://www.linkedin.com/jobs/view/embedded-software-engineer-at-onto-innovation-4283192717,2026-04-20T11:24:42.774416+00:00
0,Firmware Engineer | USA,linkedin,Embedded Software Engineer,Ford Motor Company,"Palo Alto, CA",On-site,Full-time,,,English,,,Recent,https://www.linkedin.com/jobs/view/embedded-software-engineer-at-ford-motor-company-4377061878,2026-04-20T11:24:42.774731+00:00
0,Firmware Engineer | United Kingdom,linkedin,Embedded Software Engineer,LEX Diagnostics,"Melbourn, England, United Kingdom",On-site,Full-time,,,English,,,Recent,https://uk.linkedin.com/jobs/view/embedded-software-engineer-at-lex-diagnostics-4390898021,2026-04-20T11:24:45.246293+00:00
0,Firmware Engineer | United Kingdom,linkedin,"Software Engineer, New Grad",Deliveroo,"London, England, United Kingdom",On-site,Full-time,,,English,,,Recent,https://uk.linkedin.com/jobs/view/software-engineer-new-grad-at-deliveroo-4379662791,2026-04-20T11:24:45.246490+00:00
0,Firmware Engineer | United Kingdom,linkedin,"Embedded Software Engineer (Full time, Permanent)",SMD,"Wallsend, England, United Kingdom",On-site,Full-time,,,English,,,Recent,https://uk.linkedin.com/jobs/view/embedded-software-engineer-full-time-permanent-at-smd-4400765552,2026-04-20T11:24:45.246659+00:00
0,Firmware Engineer | United Kingdom,linkedin,Graduate Software Engineer,Dexory,"Wallingford, England, United Kingdom",On-site,Full-time,,Graduate,English,,,Recent,https://uk.linkedin.com/jobs/view/graduate-software-engineer-at-dexory-4402951771,2026-04-20T11:24:45.246823+00:00
0,Firmware Engineer | United Kingdom,linkedin,Embedded Software Engineer,EVONA,"London, England, United Kingdom",On-site,Full-time,,,English,,,Recent,https://uk.linkedin.com/jobs/view/embedded-software-engineer-at-evona-4398247096,2026-04-20T11:24:45.246982+00:00
0,Firmware Engineer | United Kingdom,linkedin,Firmware Engineer,STATSports,"Newry Mourne And Down, Northern Ireland, United Kingdom",On-site,Full-time,Firmware,,English,,,Recent,https://uk.linkedin.com/jobs/view/firmware-engineer-at-statsports-4401831204,2026-04-20T11:24:45.247165+00:00
0,Firmware Engineer | United Kingdom,linkedin,Junior Embedded Software Engineer,ghd,"Cambridgeshire, England, United Kingdom",On-site,Full-time,,Junior,English,,,Recent,https://uk.linkedin.com/jobs/view/junior-embedded-software-engineer-at-ghd-4389715710,2026-04-20T11:24:45.247324+00:00
0,Firmware Engineer | United Kingdom,linkedin,Software Engineer (£100-130k + Equity) at Joinkult.ai,Jack & Jill,"London Area, United Kingdom",On-site,Full-time,,,English,,,Recent,https://uk.linkedin.com/jobs/view/software-engineer-%C2%A3100-130k-%2B-equity-at-joinkult-ai-at-jack-jill-4400938401,2026-04-20T11:24:45.247628+00:00
0,Firmware Engineer | United Kingdom,linkedin,Graduate Embedded Software Engineer,targetjobs UK,"Bristol, England, United Kingdom",On-site,Full-time,,Graduate,English,,,Recent,https://uk.linkedin.com/jobs/view/graduate-embedded-software-engineer-at-targetjobs-uk-4399623731,2026-04-20T11:24:45.247787+00:00
