relevance_score,search_criteria,provider,title,company,location,work_location_type,employment_type,matching_skills,missing_skills,detected_languages,matched_roles,salary_hint,posted_at_relative,link,scraped_at
44,Python Developer | Poland,linkedin,Senior Python Software Engineer,Intellias,Poland,On-site,Full-time,Python,Senior,English,Senior,,Recent,https://pl.linkedin.com/jobs/view/senior-python-software-engineer-at-intellias-4393508691,2026-04-06T11:04:26.669166+00:00
29,Tester | United Kingdom,linkedin,Software Tester,Intellect Group,"Oxfordshire, England, United Kingdom",On-site,Full-time,,,English,,,Recent,https://uk.linkedin.com/jobs/view/software-tester-at-intellect-group-4387440591,2026-04-06T11:02:42.899215+00:00
29,QA Engineer | United Kingdom,linkedin,QA Engineer,McKenzie Intelligence Services,"Greater London, England, United Kingdom",On-site,Full-time,,,English,,,Recent,https://uk.linkedin.com/jobs/view/qa-engineer-at-mckenzie-intelligence-services-4394603889,2026-04-06T11:03:04.236665+00:00
29,Firmware Engineer | Germany,linkedin,Embedded Software Engineer,NXP Semiconductors,"Hamburg, Hamburg, Germany",On-site,Full-time,,,English,,,Recent,https://de.linkedin.com/jobs/view/embedded-software-engineer-at-nxp-semiconductors-4393236614,2026-04-06T11:04:55.921199+00:00
29,Firmware Engineer | Austria,linkedin,Internship: Embedded Software Developer (m/f/d),NXP Semiconductors,"Gratkorn, Styria, Austria",On-site,Internship,,Internship,English,,,Recent,https://at.linkedin.com/jobs/view/internship-embedded-software-developer-m-f-d-at-nxp-semiconductors-4385349797,2026-04-06T11:04:58.273206+00:00
29,Firmware Engineer | Austria,linkedin,Software Engineer (w/m/d),Porsche Holding,"Salzburg, Austria",On-site,Full-time,,,English,,,Recent,https://at.linkedin.com/jobs/view/software-engineer-w-m-d-at-porsche-holding-4377874958,2026-04-06T11:04:58.273363+00:00
14,Tester | Austria,linkedin,Senior Software Engineer in Test (Full-Stack/Python),Mindrift,Austria,On-site,Contract,"Can, Ci/Cd, Github Actions, Pytest, Python, Test Automation","Senior, Github, Docker, React, Expert",English,"Expert, Senior",,Recent,https://at.linkedin.com/jobs/view/senior-software-engineer-in-test-full-stack-python-at-mindrift-4392341261,2026-04-06T11:02:26.312539+00:00
14,Tester | Austria,linkedin,Test Engineer (all genders),Lam Research,Greater Salzburg,Remote,Full-time,"C, C++, Python",Lead,English,Lead,,Recent,https://at.linkedin.com/jobs/view/test-engineer-all-genders-at-lam-research-4390983718,2026-04-06T11:02:26.313033+00:00
14,Tester | Switzerland,linkedin,Expert Test Engineer (Contract),adesso Schweiz AG,"Bern, Berne, Switzerland",On-site,Contract,,Expert,English,Expert,,Recent,https://ch.linkedin.com/jobs/view/expert-test-engineer-contract-at-adesso-schweiz-ag-4391078761,2026-04-06T11:02:28.653474+00:00
14,Tester | Remote,linkedin,Senior Software Engineer in Test (Full-Stack/Python),Mindrift,"Berlin, Berlin, Germany",Remote,Full-time,Python,Senior,English,Senior,,Recent,https://de.linkedin.com/jobs/view/senior-software-engineer-in-test-full-stack-python-at-mindrift-4392337663,2026-04-06T11:02:31.033728+00:00
14,Tester | Remote,linkedin,Senior Software Engineer in Test (Full-Stack/Python),Mindrift,"Hamburg, Hamburg, Germany",Remote,Full-time,Python,Senior,English,Senior,,Recent,https://de.linkedin.com/jobs/view/senior-software-engineer-in-test-full-stack-python-at-mindrift-4392334764,2026-04-06T11:02:31.034067+00:00
14,Tester | Remote,linkedin,Senior Software Engineer in Test (Full-Stack/Python),Mindrift,"Frankfurt am Main, Hesse, Germany",Remote,Full-time,Python,Senior,English,Senior,,Recent,https://de.linkedin.com/jobs/view/senior-software-engineer-in-test-full-stack-python-at-mindrift-4392338469,2026-04-06T11:02:31.034222+00:00
14,QA Engineer | Austria,linkedin,Senior Quality Assurance Engineer,Bybit EU,"Vienna, Austria",On-site,Full-time,,Senior,English,Senior,,Recent,https://at.linkedin.com/jobs/view/senior-quality-assurance-engineer-at-bybit-eu-4389567167,2026-04-06T11:02:47.634095+00:00
14,QA Engineer | Remote,linkedin,Senior Automation QA Engineer,MLabs,Germany,Remote,Full-time,,Senior,English,Senior,,Recent,https://de.linkedin.com/jobs/view/senior-automation-qa-engineer-at-mlabs-4394608529,2026-04-06T11:02:52.368208+00:00
14,QA Engineer | Slovakia,linkedin,Senior Quality Assurance Engineer,NATEK,"Bratislava, Slovakia",On-site,Full-time,,Senior,English,Senior,,Recent,https://sk.linkedin.com/jobs/view/senior-quality-assurance-engineer-at-natek-4397831945,2026-04-06T11:02:54.719974+00:00
14,QA Engineer | Slovakia,linkedin,Senior QA Automation Engineer,Hotovo,"Košice, Kosice, Slovakia",On-site,Full-time,,Senior,English,Senior,,Recent,https://sk.linkedin.com/jobs/view/senior-qa-automation-engineer-at-hotovo-4384485200,2026-04-06T11:02:54.720619+00:00
14,QA Engineer | Slovakia,linkedin,Expert Quality Assurance (QA) Engineer,Qualco Group,"Bratislava, Bratislava, Slovakia",On-site,Full-time,,Expert,English,Expert,,Recent,https://sk.linkedin.com/jobs/view/expert-quality-assurance-qa-engineer-at-qualco-group-4397766587,2026-04-06T11:02:54.720804+00:00
14,QA Engineer | Poland,linkedin,Senior QA Engineer,Rydoo,"Warsaw, Mazowieckie, Poland",On-site,Full-time,,Senior,English,Senior,,Recent,https://pl.linkedin.com/jobs/view/senior-qa-engineer-at-rydoo-4383329264,2026-04-06T11:02:59.444069+00:00
14,QA Engineer | United Kingdom,linkedin,Senior QA Engineer,White Rose Education,"Leeds, England, United Kingdom",On-site,Full-time,,Senior,English,Senior,,Recent,https://uk.linkedin.com/jobs/view/senior-qa-engineer-at-white-rose-education-4383701609,2026-04-06T11:03:04.235695+00:00
14,QA Engineer | United Kingdom,linkedin,Senior Quality Assurance Engineer,Indra Group UK & Ireland,"Market Deeping, England, United Kingdom",On-site,Full-time,,Senior,English,Senior,,Recent,https://uk.linkedin.com/jobs/view/senior-quality-assurance-engineer-at-indra-group-uk-ireland-4395293172,2026-04-06T11:03:04.235889+00:00
14,QA Engineer | United Kingdom,linkedin,Senior QA Engineer,MILE,"London, England, United Kingdom",On-site,Full-time,,Senior,English,Senior,,Recent,https://uk.linkedin.com/jobs/view/senior-qa-engineer-at-mile-4385321758,2026-04-06T11:03:04.236844+00:00
14,Test Engineer | Remote,linkedin,Senior Pega CDH Test Engineer,Coforge,Frankfurt Rhine-Main Metropolitan Area,Remote,Full-time,,Senior,English,Senior,,Recent,https://de.linkedin.com/jobs/view/senior-pega-cdh-test-engineer-at-coforge-4389806639,2026-04-06T11:03:13.870530+00:00
14,Test Engineer | United Kingdom,linkedin,Senior Test Engineer,Kainos,United Kingdom,On-site,Full-time,,Senior,English,Senior,,Recent,https://uk.linkedin.com/jobs/view/senior-test-engineer-at-kainos-4384047666,2026-04-06T11:03:26.000550+00:00
14,Testingenieur | Switzerland,linkedin,Senior Test Engineer / Test Manager – S/4HANA Integration (Telecom),Templeton & Partners - Innovative & Inclusive Hiring Solutions,"Bern, Berne, Switzerland",On-site,Full-time,,Senior,English,"Senior, Test Manager",,Recent,https://ch.linkedin.com/jobs/view/senior-test-engineer-test-manager-%E2%80%93-s-4hana-integration-telecom-at-templeton-partners-innovative-inclusive-hiring-solutions-4395369418,2026-04-06T11:03:33.263278+00:00
14,Testingenieur | United Kingdom,linkedin,Test Engineer,BSI,"Hemel Hempstead, England, United Kingdom",On-site,Contract,Can,"Senior, Expert",English,"Expert, Senior",,Recent,https://uk.linkedin.com/jobs/view/test-engineer-at-bsi-4385947198,2026-04-06T11:03:47.971785+00:00
14,Testingenieur | United Kingdom,linkedin,Test Engineer - PPE,BSI,"Hemel Hempstead, England, United Kingdom",On-site,Contract,Can,"Senior, Expert",English,"Expert, Senior",,Recent,https://uk.linkedin.com/jobs/view/test-engineer-ppe-at-bsi-4372575424,2026-04-06T11:03:47.972102+00:00
14,Testingenieur | United Kingdom,linkedin,Senior Test Engineer,BSI,"Hemel Hempstead, England, United Kingdom",On-site,Full-time,,Senior,English,Senior,,Recent,https://uk.linkedin.com/jobs/view/senior-test-engineer-at-bsi-4366543025,2026-04-06T11:03:47.972886+00:00
14,Test Automation | Germany,linkedin,Senior QA Test Automation Engineer (all genders),JustPlay,"Grünwald, Bavaria, Germany",On-site,Full-time,Test Automation,Senior,English,Senior,,Recent,https://de.linkedin.com/jobs/view/senior-qa-test-automation-engineer-all-genders-at-justplay-4394947658,2026-04-06T11:03:50.402265+00:00
14,Test Automation | Austria,linkedin,Test Manager (m/f/d),Deutsche Telekom,"Fünfkirchen, Lower Austria, Austria",On-site,Full-time,,,English,Test Manager,,Recent,https://at.linkedin.com/jobs/view/test-manager-m-f-d-at-deutsche-telekom-4390352534,2026-04-06T11:03:52.770445+00:00
14,Test Automation | Switzerland,linkedin,Senior Quality Control (QC) Project Lead,Eumedica Pharmaceuticals AG,"Basel, Basel, Switzerland",On-site,Contract,,"Lead, Senior",English,"Lead, Senior",,Recent,https://ch.linkedin.com/jobs/view/senior-quality-control-qc-project-lead-at-eumedica-pharmaceuticals-ag-4390145265,2026-04-06T11:03:55.138022+00:00
14,Test Automation | Switzerland,linkedin,Test Manager,Sixsentix,"Zurich, Switzerland",On-site,Full-time,,,English,Test Manager,,Recent,https://ch.linkedin.com/jobs/view/test-manager-at-sixsentix-4392279589,2026-04-06T11:03:55.138528+00:00
14,Test Automation | Switzerland,linkedin,Senior Quality Analyst,RBW Consulting,"Lachen, Schwyz, Switzerland",On-site,Full-time,,Senior,English,Senior,,Recent,https://ch.linkedin.com/jobs/view/senior-quality-analyst-at-rbw-consulting-4353430000,2026-04-06T11:03:55.138859+00:00
14,Test Automation | Switzerland,linkedin,Senior QA expert,Proclinical Staffing,"Aargau, Switzerland",On-site,Full-time,,"Senior, Expert",English,"Expert, Senior",,Recent,https://ch.linkedin.com/jobs/view/senior-qa-expert-at-proclinical-staffing-4393516593,2026-04-06T11:03:55.139485+00:00
14,Test Automation | Remote,linkedin,Senior Software Engineer in Test (Full-Stack/Python),Mindrift,"Stuttgart, Baden-Württemberg, Germany",Remote,Full-time,Python,Senior,English,Senior,,Recent,https://de.linkedin.com/jobs/view/senior-software-engineer-in-test-full-stack-python-at-mindrift-4392332940,2026-04-06T11:03:57.523934+00:00
14,Test Automation | Remote,linkedin,Senior Software Engineer in Test (Full-Stack/Python),Mindrift,"Munich, Bavaria, Germany",Remote,Full-time,Python,Senior,English,Senior,,Recent,https://de.linkedin.com/jobs/view/senior-software-engineer-in-test-full-stack-python-at-mindrift-4392327952,2026-04-06T11:03:57.524415+00:00
14,Test Automation | Czech Republic,linkedin,QA Lead,Powdevs,Dominican Republic,On-site,Full-time,,Lead,English,"Lead, QA Lead",,Recent,https://do.linkedin.com/jobs/view/qa-lead-at-powdevs-4383781317,2026-04-06T11:04:02.298182+00:00
14,Test Automation | Poland,linkedin,Senior Automation QA Engineer,MLabs,Poland,On-site,Full-time,,Senior,English,Senior,,Recent,https://pl.linkedin.com/jobs/view/senior-automation-qa-engineer-at-mlabs-4394611318,2026-04-06T11:04:04.753473+00:00
14,Test Automation | Poland,linkedin,Senior Manual Tester,Jit Team,"Gdynia, Pomorskie, Poland",On-site,Full-time,,Senior,English,Senior,,Recent,https://pl.linkedin.com/jobs/view/senior-manual-tester-at-jit-team-4387885097,2026-04-06T11:04:04.754454+00:00
14,Test Automation | United Kingdom,linkedin,Senior Quality Assurance Analyst (Customer Operations),Kroo Bank,"London, England, United Kingdom",On-site,Full-time,,Senior,English,Senior,,Recent,https://uk.linkedin.com/jobs/view/senior-quality-assurance-analyst-customer-operations-at-kroo-bank-4387808621,2026-04-06T11:04:09.669636+00:00
14,Test Automation | United Kingdom,linkedin,Senior QA Analyst,Rebellion,"Oxford, England, United Kingdom",On-site,Full-time,,Senior,English,Senior,,Recent,https://uk.linkedin.com/jobs/view/senior-qa-analyst-at-rebellion-4383721363,2026-04-06T11:04:09.669999+00:00
14,Test Automation | United Kingdom,linkedin,Senior QA Engineer,MILE,"Sheffield, England, United Kingdom",On-site,Full-time,,Senior,English,Senior,,Recent,https://uk.linkedin.com/jobs/view/senior-qa-engineer-at-mile-4385333171,2026-04-06T11:04:09.670301+00:00
14,Python Developer | Austria,linkedin,Senior Python Developer (m/f/d) - Dataspaces Project (REF5277D),Deutsche Telekom,"Fünfkirchen, Lower Austria, Austria",On-site,Contract,Python,Senior,English,Senior,,Recent,https://at.linkedin.com/jobs/view/senior-python-developer-m-f-d-dataspaces-project-ref5277d-at-deutsche-telekom-4390303244,2026-04-06T11:04:14.555412+00:00
14,Python Developer | Austria,linkedin,Senior Python Developer - Code Migration Specialist,Mindrift,Austria,On-site,Full-time,Python,Senior,English,Senior,,Recent,https://at.linkedin.com/jobs/view/senior-python-developer-code-migration-specialist-at-mindrift-4392583926,2026-04-06T11:04:14.555930+00:00
14,Python Developer | Austria,linkedin,Full Stack Software Engineer (all levels),Procure Ai,Austria,On-site,Contract,"Ci/Cd, Javascript, Python, Typescript","Postgresql, Agile, Lead, Tech Lead, Node.Js, React, Gcp, Devops, Aws, Graphql",English,Lead,,Recent,https://at.linkedin.com/jobs/view/full-stack-software-engineer-all-levels-at-procure-ai-4392271784,2026-04-06T11:04:14.556401+00:00
14,Python Developer | Switzerland,linkedin,Senior Frontend Software Engineer,lastminute.com,"Chiasso, Ticino, Switzerland",On-site,Full-time,,Senior,English,Senior,,Recent,https://ch.linkedin.com/jobs/view/senior-frontend-software-engineer-at-lastminute-com-4395033341,2026-04-06T11:04:16.942370+00:00
14,Python Developer | Switzerland,linkedin,Co-Tech Lead & Senior Python Engineer,LocalBini,Sankt Gallen Metropolitan Area,On-site,Full-time,Python,"Lead, Senior, Tech Lead",English,"Lead, Senior",,Recent,https://ch.linkedin.com/jobs/view/co-tech-lead-senior-python-engineer-at-localbini-4392308020,2026-04-06T11:04:16.942854+00:00
14,Python Developer | Remote,linkedin,Senior Python Systems Developer - Functional Testing Project,Mindrift,"Munich, Bavaria, Germany",Remote,Contract,Python,Senior,English,Senior,,Recent,https://de.linkedin.com/jobs/view/senior-python-systems-developer-functional-testing-project-at-mindrift-4392588372,2026-04-06T11:04:19.443855+00:00
14,Python Developer | Poland,linkedin,Senior Python Developer,R Systems,Poland,On-site,Full-time,Python,"Senior, R",English,Senior,,Recent,https://pl.linkedin.com/jobs/view/senior-python-developer-at-r-systems-4385001808,2026-04-06T11:04:26.670155+00:00
14,Python Developer | USA,linkedin,Senior Python Software Engineer,hackajob,"Raleigh, NC",On-site,Full-time,Python,Senior,English,Senior,,Recent,https://www.linkedin.com/jobs/view/senior-python-software-engineer-at-hackajob-4382234929,2026-04-06T11:04:29.219001+00:00
14,Python Developer | USA,linkedin,Python Integration Developer,Polar IT,"Hanover, MD",Hybrid,Internship,"Ci/Cd, Python","Senior, Fastapi, Azure, Flask, Oracle, Devops, Aws",English,Senior,,Recent,https://www.linkedin.com/jobs/view/python-integration-developer-at-polar-it-4393264333,2026-04-06T11:04:29.220013+00:00
14,Python Test | Switzerland,linkedin,Senior Test Automation Engineer / QA Lead (m/w/d),PEAX AG,"Lucerne, Lucerne, Switzerland",On-site,Full-time,Test Automation,"Lead, Senior",English,"Lead, QA Lead, Senior",,Recent,https://ch.linkedin.com/jobs/view/senior-test-automation-engineer-qa-lead-m-w-d-at-peax-ag-4385092784,2026-04-06T11:04:38.872778+00:00
14,Python Test | Switzerland,linkedin,Test Architect,Sixsentix,"Zurich, Switzerland",On-site,Full-time,,Architect,English,Architect,,Recent,https://ch.linkedin.com/jobs/view/test-architect-at-sixsentix-4392288273,2026-04-06T11:04:38.872935+00:00
14,Python Test | Remote,linkedin,Senior Software Engineer in Test (Full-Stack/Python),Mindrift,Germany,Remote,Full-time,Python,Senior,English,Senior,,Recent,https://de.linkedin.com/jobs/view/senior-software-engineer-in-test-full-stack-python-at-mindrift-4392336745,2026-04-06T11:04:41.268534+00:00
14,Python Test | Slovakia,linkedin,Senior Automation QA Engineer / SDET (Python),Binance,"Bratislava, Bratislava, Slovakia",On-site,Full-time,Python,Senior,English,Senior,,Recent,https://sk.linkedin.com/jobs/view/senior-automation-qa-engineer-sdet-python-at-binance-4251138358,2026-04-06T11:04:43.672128+00:00
14,Python Test | Czech Republic,linkedin,Senior SDET,Perform,Dominican Republic,On-site,Full-time,,Senior,English,Senior,,Recent,https://do.linkedin.com/jobs/view/senior-sdet-at-perform-4344131612,2026-04-06T11:04:46.033543+00:00
14,Python Test | Poland,linkedin,Senior Software Engineer in Test (Full-Stack/Python),Mindrift,Poland,On-site,Full-time,Python,Senior,English,Senior,,Recent,https://pl.linkedin.com/jobs/view/senior-software-engineer-in-test-full-stack-python-at-mindrift-4392335852,2026-04-06T11:04:48.452719+00:00
14,Python Test | United Kingdom,linkedin,Senior Software Engineer in Test (Full-Stack/Python),Mindrift,"Glasgow, Scotland, United Kingdom",On-site,Full-time,Python,Senior,English,Senior,,Recent,https://uk.linkedin.com/jobs/view/senior-software-engineer-in-test-full-stack-python-at-mindrift-4392329908,2026-04-06T11:04:53.495077+00:00
14,Python Test | United Kingdom,linkedin,Senior Software Engineer in Test (Full-Stack/Python),Mindrift,"Birmingham, England, United Kingdom",On-site,Full-time,Python,Senior,English,Senior,,Recent,https://uk.linkedin.com/jobs/view/senior-software-engineer-in-test-full-stack-python-at-mindrift-4392342231,2026-04-06T11:04:53.495233+00:00
14,Python Test | United Kingdom,linkedin,Senior Software Engineer in Test (Full-Stack/Python),Mindrift,"Manchester, England, United Kingdom",On-site,Full-time,Python,Senior,English,Senior,,Recent,https://uk.linkedin.com/jobs/view/senior-software-engineer-in-test-full-stack-python-at-mindrift-4392339407,2026-04-06T11:04:53.495385+00:00
14,Firmware Engineer | Germany,linkedin,Senior Software Engineer,Christy Media Solutions,"Munich, Bavaria, Germany",On-site,Internship,"Ci/Cd, Java, Python","Senior, Serverless, Microservices, Aws, Node.Js, Nosql, Linux",English,Senior,,Recent,https://de.linkedin.com/jobs/view/senior-software-engineer-at-christy-media-solutions-4395056715,2026-04-06T11:04:55.921894+00:00
14,Firmware Engineer | Switzerland,linkedin,Senior Embedded Software Engineer,Coopers Group AG,"Risch-Rotkreuz, Zug, Switzerland",On-site,Full-time,,Senior,English,Senior,,Recent,https://ch.linkedin.com/jobs/view/senior-embedded-software-engineer-at-coopers-group-ag-4396956661,2026-04-06T11:05:00.640629+00:00
14,Firmware Engineer | Remote,linkedin,Senior Embedded Engineer (m/w/d),QAVION GROUP,Germany,Remote,Full-time,,Senior,English,Senior,,Recent,https://de.linkedin.com/jobs/view/senior-embedded-engineer-m-w-d-at-qavion-group-4384798011,2026-04-06T11:05:03.005250+00:00
14,Firmware Engineer | Remote,linkedin,Senior Software Engineer,Keyfactor,"Aachen, North Rhine-Westphalia, Germany",Remote,Full-time,,Senior,English,Senior,,Recent,https://de.linkedin.com/jobs/view/senior-software-engineer-at-keyfactor-4382455794,2026-04-06T11:05:03.005557+00:00
14,Firmware Engineer | Remote,linkedin,Senior Software Engineer,Hyphen,Germany,Remote,Full-time,,Senior,English,Senior,,Recent,https://de.linkedin.com/jobs/view/senior-software-engineer-at-hyphen-4394451727,2026-04-06T11:05:03.005711+00:00
14,Firmware Engineer | Remote,linkedin,Senior Software Engineer,Morgan King Technology,"Berlin, Germany",Remote,Full-time,,Senior,English,Senior,,Recent,https://de.linkedin.com/jobs/view/senior-software-engineer-at-morgan-king-technology-4387804529,2026-04-06T11:05:03.005926+00:00
14,Firmware Engineer | Remote,linkedin,Senior Software Engineer,Opulent Mind,Germany,Remote,Full-time,,Senior,English,Senior,,Recent,https://de.linkedin.com/jobs/view/senior-software-engineer-at-opulent-mind-4393293818,2026-04-06T11:05:03.006081+00:00
14,Firmware Engineer | Czech Republic,linkedin,Embedded Developer - Senior Software Engineer,Honeywell Aerospace Technologies,Dominican Republic,On-site,Full-time,,Senior,English,Senior,,Recent,https://do.linkedin.com/jobs/view/embedded-developer-senior-software-engineer-at-honeywell-aerospace-technologies-4395295533,2026-04-06T11:05:07.744459+00:00
14,Firmware Engineer | Czech Republic,linkedin,Senior Software Engineer,CrecerLab,"Santo Domingo, Distrito Nacional, Dominican Republic",On-site,Full-time,"C, C++, Ci/Cd, Java, Javascript, Python","Senior, Sql, Linux, Product Owner, Azure, React, Nosql, Gcp, Devops, C#",English,Senior,,Recent,https://do.linkedin.com/jobs/view/senior-software-engineer-at-crecerlab-4386540400,2026-04-06T11:05:07.745091+00:00
14,Firmware Engineer | Poland,linkedin,Senior C++ Software Engineer,Inetum,"Szczecin, Zachodniopomorskie, Poland",On-site,Full-time,"C, C++",Senior,English,Senior,,Recent,https://pl.linkedin.com/jobs/view/senior-c%2B%2B-software-engineer-at-inetum-4393531577,2026-04-06T11:05:10.185737+00:00
14,Firmware Engineer | USA,linkedin,Senior Software Engineer - Applications,LinkedIn,"Mountain View, CA",On-site,Full-time,,Senior,English,Senior,,Recent,https://www.linkedin.com/jobs/view/senior-software-engineer-applications-at-linkedin-4391882674,2026-04-06T11:05:12.800657+00:00
14,Firmware Engineer | United Kingdom,linkedin,"Senior Software Engineer, Embedded C++",Roku,"Cambridge, England, United Kingdom",On-site,Full-time,"C, C++",Senior,English,Senior,,Recent,https://uk.linkedin.com/jobs/view/senior-software-engineer-embedded-c%2B%2B-at-roku-4374730170,2026-04-06T11:05:15.229977+00:00
0,Tester | Germany,linkedin,Software Engineer in Test (Berlin),Cresta,"Berlin, Berlin, Germany",On-site,Contract,"Can, Ci/Cd, Go, Playwright, Typescript","Cypress, Grafana, Datadog, Manual Testing",English,,,Recent,https://de.linkedin.com/jobs/view/software-engineer-in-test-berlin-at-cresta-4343158227,2026-04-06T11:02:23.922881+00:00
0,Tester | Germany,linkedin,QA Manual Tester (all genders),JustPlay,"Grünwald, Bavaria, Germany",Remote,Contract,,"Jira, Regression Testing, Agile",English,,,Recent,https://de.linkedin.com/jobs/view/qa-manual-tester-all-genders-at-justplay-4394943732,2026-04-06T11:02:23.923086+00:00
0,Tester | Germany,linkedin,QA Tester (f/m/d),justDice,"Hamburg, Hamburg, Germany",Remote,Full-time,Test Automation,"Rest Api, Manual Testing, React, Agile",English,,,Recent,https://de.linkedin.com/jobs/view/qa-tester-f-m-d-at-justdice-4384028500,2026-04-06T11:02:23.923262+00:00
0,Tester | Germany,linkedin,Software Tester / QA Engineer (m/w/d),tolltickets GmbH,Greater Munich Metropolitan Area,Hybrid,Contract,,"Jira, Sql, Postman",English,,,Recent,https://de.linkedin.com/jobs/view/software-tester-qa-engineer-m-w-d-at-tolltickets-gmbh-4388688806,2026-04-06T11:02:23.923420+00:00
0,Tester | Germany,linkedin,Software Test Engineer (m/w/d) – Banking (ID: 22230),Da Vinci Engineering GmbH,"Münster, North Rhine-Westphalia, Germany",On-site,Internship,,"Jira, Associate, Postman, Kanban, R, Confluence, Scrum",German,,,Recent,https://de.linkedin.com/jobs/view/software-test-engineer-m-w-d-%E2%80%93-banking-id-22230-at-da-vinci-engineering-gmbh-4387968513,2026-04-06T11:02:23.923582+00:00
0,Tester | Germany,linkedin,Software Tester (m/w/d),Bizerba,"Balingen, Baden-Württemberg, Germany",Hybrid,Full-time,Test Automation,"R, Linux",German,,,Recent,https://de.linkedin.com/jobs/view/software-tester-m-w-d-at-bizerba-4369545776,2026-04-06T11:02:23.923775+00:00
0,Tester | Germany,linkedin,Software Test Engineer (m/w/d) – Banking  (ID: 22229),Da Vinci Engineering GmbH,"Karlsruhe, Baden-Württemberg, Germany",On-site,Internship,,"Jira, Associate, Postman, Kanban, R, Confluence, Scrum",German,,,Recent,https://de.linkedin.com/jobs/view/software-test-engineer-m-w-d-%E2%80%93-banking-id-22229-at-da-vinci-engineering-gmbh-4387962742,2026-04-06T11:02:23.923950+00:00
0,Tester | Germany,linkedin,TEST LIAC,Recruitee Middleware RSC Test Company,"Berlin, Berlin, Germany",On-site,Full-time,,,English,,,Recent,https://de.linkedin.com/jobs/view/test-liac-at-recruitee-middleware-rsc-test-company-4389082342,2026-04-06T11:02:23.924120+00:00
0,Tester | Germany,linkedin,Software Test Engineer (m/w/d) – Banking (ID: 22231),Da Vinci Engineering GmbH,"Munich, Bavaria, Germany",On-site,Full-time,,,English,,,Recent,https://de.linkedin.com/jobs/view/software-test-engineer-m-w-d-%E2%80%93-banking-id-22231-at-da-vinci-engineering-gmbh-4388960045,2026-04-06T11:02:23.924279+00:00
0,Tester | Germany,linkedin,Quality Assurance Tester,"Delta System & Software, Inc.",Germany,On-site,Full-time,,,English,,,Recent,https://de.linkedin.com/jobs/view/quality-assurance-tester-at-delta-system-software-inc-4392448509,2026-04-06T11:02:23.924441+00:00
0,Tester | Austria,linkedin,Junior Test Engineer (w/m/d),Pankl Aerospace Systems,"Bruck an der Mur, Styria, Austria",On-site,Full-time,,Junior,German,,,Recent,https://at.linkedin.com/jobs/view/junior-test-engineer-w-m-d-at-pankl-aerospace-systems-4383709885,2026-04-06T11:02:26.311451+00:00
0,Tester | Austria,linkedin,Test Automation Engineer (m/f/d),Deutsche Telekom,"Fünfkirchen, Lower Austria, Austria",On-site,Full-time,Test Automation,,English,,,Recent,https://at.linkedin.com/jobs/view/test-automation-engineer-m-f-d-at-deutsche-telekom-4386366897,2026-04-06T11:02:26.311870+00:00
0,Tester | Austria,linkedin,Test & System Engineer,Akkodis,"Vienna, Austria",Remote,Internship,,,German,,,Recent,https://at.linkedin.com/jobs/view/test-system-engineer-at-akkodis-4389195188,2026-04-06T11:02:26.312126+00:00
0,Tester | Austria,linkedin,Software Test Engineer & Documentation Writer (w/m/d),Delegate Group,"Vienna, Vienna, Austria",On-site,Full-time,,,English,,,Recent,https://at.linkedin.com/jobs/view/software-test-engineer-documentation-writer-w-m-d-at-delegate-group-4397840018,2026-04-06T11:02:26.312361+00:00
0,Tester | Austria,linkedin,SOFTWARE TEST ENGINEER (m/w/d),Instaffo,"Linz, Upper Austria, Austria",On-site,Full-time,,"Jira, Git, Cypress, R, Confluence",German,,,Recent,https://at.linkedin.com/jobs/view/software-test-engineer-m-w-d-at-instaffo-4383810713,2026-04-06T11:02:26.312701+00:00
0,Tester | Austria,linkedin,Test Engineer | all genders,Single Use Support,"Kufstein, Tyrol, Austria",Remote,Internship,,"Associate, R, Stress Testing",German,,,Recent,https://at.linkedin.com/jobs/view/test-engineer-all-genders-at-single-use-support-4393581172,2026-04-06T11:02:26.313330+00:00
0,Tester | Austria,linkedin,Software-Tester/QA Engineer (m/w/x),Österreichische Gesundheitskasse,"Salzburg, Austria",On-site,Contract,,"Associate, R",German,,,Recent,https://at.linkedin.com/jobs/view/software-tester-qa-engineer-m-w-x-at-%C3%B6sterreichische-gesundheitskasse-4389541187,2026-04-06T11:02:26.313551+00:00
0,Tester | Austria,linkedin,QA Specialist (all genders),Journi,"Vienna, Vienna, Austria",Remote,Contract,"Can, Go",Jira,English,,,Recent,https://at.linkedin.com/jobs/view/qa-specialist-all-genders-at-journi-4379900168,2026-04-06T11:02:26.313731+00:00
0,Tester | Switzerland,linkedin,Test Engineer,KEYTEO,"Zurich, Switzerland",On-site,Full-time,,,English,,,Recent,https://ch.linkedin.com/jobs/view/test-engineer-at-keyteo-4395007966,2026-04-06T11:02:28.652132+00:00
0,Tester | Switzerland,linkedin,Test Engineer,Antaes Consulting,Zürich Metropolitan Area,On-site,Full-time,,,English,,,Recent,https://ch.linkedin.com/jobs/view/test-engineer-at-antaes-consulting-4387096005,2026-04-06T11:02:28.652331+00:00
0,Tester | Switzerland,linkedin,Test Engineer (ASAP),Ivy Partners,"Bern, Berne, Switzerland",On-site,Full-time,,,English,,,Recent,https://ch.linkedin.com/jobs/view/test-engineer-asap-at-ivy-partners-4392939196,2026-04-06T11:02:28.652497+00:00
0,Tester | Switzerland,linkedin,Software Tester,yiuu.io | Sandro Toneatto Consulting,"Zurich, Zurich, Switzerland",On-site,Full-time,,,English,,,Recent,https://ch.linkedin.com/jobs/view/software-tester-at-yiuu-io-sandro-toneatto-consulting-4389186046,2026-04-06T11:02:28.652653+00:00
0,Tester | Switzerland,linkedin,Test Engineer (AI),Sixsentix,"Zurich, Switzerland",On-site,Full-time,,,English,,,Recent,https://ch.linkedin.com/jobs/view/test-engineer-ai-at-sixsentix-4392275860,2026-04-06T11:02:28.652837+00:00
0,Tester | Switzerland,linkedin,Test Engineer (Contract),adesso Schweiz AG,"Bern, Berne, Switzerland",On-site,Contract,,,English,,,Recent,https://ch.linkedin.com/jobs/view/test-engineer-contract-at-adesso-schweiz-ag-4390011803,2026-04-06T11:02:28.653000+00:00
0,Tester | Switzerland,linkedin,Test Automation Engineer,Coopers Group AG,"Risch-Rotkreuz, Zug, Switzerland",On-site,Full-time,Test Automation,,English,,,Recent,https://ch.linkedin.com/jobs/view/test-automation-engineer-at-coopers-group-ag-4384481157,2026-04-06T11:02:28.653156+00:00
0,Tester | Switzerland,linkedin,Software Test Automation Engineer,AYES - Management & Technology Consulting,Switzerland,On-site,Full-time,Test Automation,,English,,,Recent,https://ch.linkedin.com/jobs/view/software-test-automation-engineer-at-ayes-management-technology-consulting-4383801077,2026-04-06T11:02:28.653316+00:00
0,Tester | Switzerland,linkedin,Tester - settore elettronico,JobCourier,"Bellinzona, Ticino, Switzerland",On-site,Full-time,,,English,,,Recent,https://ch.linkedin.com/jobs/view/tester-settore-elettronico-at-jobcourier-4392805126,2026-04-06T11:02:28.653627+00:00
0,Tester | Remote,linkedin,App-Tester  (m/w/d),clickworker,Germany,Remote,Full-time,,,English,,,Recent,https://de.linkedin.com/jobs/view/app-tester-m-w-d-at-clickworker-4394071756,2026-04-06T11:02:31.032945+00:00
0,Tester | Remote,linkedin,Junior Quality Assurance / App Tester (m/w/d) Remote,Endo Health GmbH,Germany,Remote,Full-time,,Junior,English,,,Recent,https://de.linkedin.com/jobs/view/junior-quality-assurance-app-tester-m-w-d-remote-at-endo-health-gmbh-4391092609,2026-04-06T11:02:31.033106+00:00
0,Tester | Remote,linkedin,QA/Test Automation Engineer (all genders) - Remote - EU,Doozer Real Estate Systems GmbH,Germany,Remote,Full-time,Test Automation,,English,,,Recent,https://de.linkedin.com/jobs/view/qa-test-automation-engineer-all-genders-remote-eu-at-doozer-real-estate-systems-gmbh-4396159611,2026-04-06T11:02:31.033259+00:00
0,Tester | Remote,linkedin,Test Engineer (all genders),DEVELOGIC - Subsea Technology,"Hamburg, Hamburg, Germany",Remote,Full-time,,,English,,,Recent,https://de.linkedin.com/jobs/view/test-engineer-all-genders-at-develogic-subsea-technology-4395787488,2026-04-06T11:02:31.033417+00:00
0,Tester | Remote,linkedin,Test Engineer (w/m/d) - Deutschlandweit,smapOne AG,Germany,Remote,Full-time,,,English,,,Recent,https://de.linkedin.com/jobs/view/test-engineer-w-m-d-deutschlandweit-at-smapone-ag-4373535881,2026-04-06T11:02:31.033569+00:00
0,Tester | Remote,linkedin,Test Engineer (all genders),DEVELOGIC - Subsea Technology,"Hamburg, Hamburg, Germany",Remote,Full-time,,,English,,,Recent,https://de.linkedin.com/jobs/view/test-engineer-all-genders-at-develogic-subsea-technology-4397176016,2026-04-06T11:02:31.033910+00:00
0,Tester | Slovakia,linkedin,Junior Tester,Expersoft Systems,"Bratislava, Bratislava, Slovakia",On-site,Full-time,,Junior,English,,,Recent,https://sk.linkedin.com/jobs/view/junior-tester-at-expersoft-systems-4391706383,2026-04-06T11:02:33.412431+00:00
0,Tester | Slovakia,linkedin,Manual Tester (42273),CoolPeople,"Bratislava, Bratislava, Slovakia",On-site,Full-time,,,English,,,Recent,https://sk.linkedin.com/jobs/view/manual-tester-42273-at-coolpeople-4394648971,2026-04-06T11:02:33.412621+00:00
0,Tester | Slovakia,linkedin,IT Tester ČSOB (m/ž),ČSOB Finančná skupina,"Bratislava, Slovakia",On-site,Full-time,,,English,,,Recent,https://sk.linkedin.com/jobs/view/it-tester-%C4%8Dsob-m-%C5%BE-at-%C4%8Dsob-finan%C4%8Dn%C3%A1-skupina-4354445255,2026-04-06T11:02:33.412809+00:00
0,Tester | Slovakia,linkedin,Manual QA Tester,Descartes Systems Group,"Žilina, Zilina, Slovakia",On-site,Full-time,,,English,,,Recent,https://sk.linkedin.com/jobs/view/manual-qa-tester-at-descartes-systems-group-4382115365,2026-04-06T11:02:33.412987+00:00
0,Tester | Slovakia,linkedin,Test engineer,Magna International,"Kechnec, Kosice, Slovakia",On-site,Internship,,,English,,,Recent,https://sk.linkedin.com/jobs/view/test-engineer-at-magna-international-4219197667,2026-04-06T11:02:33.413163+00:00
0,Tester | Slovakia,linkedin,Test Engineer,Multitude,"Bratislava, Bratislava, Slovakia",On-site,Full-time,,,English,,,Recent,https://sk.linkedin.com/jobs/view/test-engineer-at-multitude-4379037173,2026-04-06T11:02:33.413314+00:00
0,Tester | Slovakia,linkedin,Test engineer-1,Magna International,"Kechnec, Kosice, Slovakia",On-site,Internship,,,English,,,Recent,https://sk.linkedin.com/jobs/view/test-engineer-1-at-magna-international-4284413507,2026-04-06T11:02:33.413467+00:00
0,Tester | Slovakia,linkedin,Agile Test Engineer,ESET,"Bratislava, Bratislava, Slovakia",On-site,Full-time,,Agile,English,,,Recent,https://sk.linkedin.com/jobs/view/agile-test-engineer-at-eset-4375989657,2026-04-06T11:02:33.413621+00:00
0,Tester | Slovakia,linkedin,Junior Test Automation Engineer,IBM,"Bratislava, Bratislava, Slovakia",On-site,Full-time,Test Automation,Junior,English,,,Recent,https://sk.linkedin.com/jobs/view/junior-test-automation-engineer-at-ibm-4388336260,2026-04-06T11:02:33.413804+00:00
0,Tester | Slovakia,linkedin,Medior Agile Tester,ESET,"Bratislava, Bratislava, Slovakia",On-site,Full-time,,Agile,English,,,Recent,https://sk.linkedin.com/jobs/view/medior-agile-tester-at-eset-4374813990,2026-04-06T11:02:33.413964+00:00
0,Tester | Czech Republic,linkedin,Líder Tester Automatizador TI,Banco Popular Dominicano,"Santo Domingo, Dominican Republic",On-site,Full-time,,,English,,,Recent,https://do.linkedin.com/jobs/view/l%C3%ADder-tester-automatizador-ti-at-banco-popular-dominicano-4390034588,2026-04-06T11:02:35.736992+00:00
0,Tester | Czech Republic,linkedin,Test Engineer,Eaton,"Bajos de Haina, San Cristóbal, Dominican Republic",On-site,Full-time,,,English,,,Recent,https://do.linkedin.com/jobs/view/test-engineer-at-eaton-4353191207,2026-04-06T11:02:35.737188+00:00
0,Tester | Czech Republic,linkedin,Software Development Engineer in Test (SDET),Flash,"Santo Domingo, Distrito Nacional, Dominican Republic",On-site,Full-time,,,English,,,Recent,https://do.linkedin.com/jobs/view/software-development-engineer-in-test-sdet-at-flash-4391531625,2026-04-06T11:02:35.737356+00:00
0,Tester | Czech Republic,linkedin,Software Development Engineer in Test,Origami Risk,"Santo Domingo, Distrito Nacional, Dominican Republic",On-site,Full-time,,,English,,,Recent,https://do.linkedin.com/jobs/view/software-development-engineer-in-test-at-origami-risk-4390621348,2026-04-06T11:02:35.737516+00:00
0,Tester | Czech Republic,linkedin,Coordinator.MFG.Maintenance,Eaton,"Santiago de los Caballeros, Santiago, Dominican Republic",On-site,Full-time,,,English,,,Recent,https://do.linkedin.com/jobs/view/coordinator-mfg-maintenance-at-eaton-4391057283,2026-04-06T11:02:35.737681+00:00
0,Tester | Czech Republic,linkedin,Coordinator.MFG.Maintenance,Eaton,"Santiago de los Caballeros, Santiago, Dominican Republic",On-site,Full-time,,,English,,,Recent,https://do.linkedin.com/jobs/view/coordinator-mfg-maintenance-at-eaton-4375530633,2026-04-06T11:02:35.737864+00:00
0,Tester | Poland,linkedin,Manual Tester,Jit Team,"Gdańsk, Pomorskie, Poland",On-site,Full-time,,,English,,,Recent,https://pl.linkedin.com/jobs/view/manual-tester-at-jit-team-4389792115,2026-04-06T11:02:38.103808+00:00
0,Tester | Poland,linkedin,Manual Tester,neXa,"Warsaw, Mazowieckie, Poland",On-site,Full-time,,,English,,,Recent,https://pl.linkedin.com/jobs/view/manual-tester-at-nexa-4394625572,2026-04-06T11:02:38.104004+00:00
0,Tester | Poland,linkedin,Software Engineer in Test (f/m/n),InPost,"Cracow, Małopolskie, Poland",On-site,Full-time,,,English,,,Recent,https://pl.linkedin.com/jobs/view/software-engineer-in-test-f-m-n-at-inpost-4389192771,2026-04-06T11:02:38.104172+00:00
0,Tester | Poland,linkedin,Software Test Engineer,Rho,Poland,On-site,Full-time,,,English,,,Recent,https://pl.linkedin.com/jobs/view/software-test-engineer-at-rho-4308483608,2026-04-06T11:02:38.104340+00:00
0,Tester | Poland,linkedin,Software Engineer in Test,Senovo IT Ltd,Poland,On-site,Full-time,,,English,,,Recent,https://pl.linkedin.com/jobs/view/software-engineer-in-test-at-senovo-it-ltd-4392886128,2026-04-06T11:02:38.104498+00:00
0,Tester | Poland,linkedin,Junior Test Specialist/QA Engineer (f/m),Netcompany,"Warsaw, Mazowieckie, Poland",On-site,Full-time,,Junior,English,,,Recent,https://pl.linkedin.com/jobs/view/junior-test-specialist-qa-engineer-f-m-at-netcompany-4388072621,2026-04-06T11:02:38.104660+00:00
0,Tester | Poland,linkedin,QA Tester/ QA Testerka,ALVO Medical,"Śmigiel, Wielkopolskie, Poland",On-site,Full-time,,,English,,,Recent,https://pl.linkedin.com/jobs/view/qa-tester-qa-testerka-at-alvo-medical-4389782625,2026-04-06T11:02:38.104850+00:00
0,Tester | Poland,linkedin,Test Engineer,Global Connect Technologies,Poland,On-site,Full-time,,,English,,,Recent,https://pl.linkedin.com/jobs/view/test-engineer-at-global-connect-technologies-4388130532,2026-04-06T11:02:38.105016+00:00
0,Tester | Poland,linkedin,"Tester / Testerka  - Wroclaw (Dolnośląskie), Polska",Astek,Wroclaw Metropolitan Area,On-site,Full-time,,,English,,,Recent,https://pl.linkedin.com/jobs/view/tester-testerka-wroclaw-dolno%C5%9Bl%C4%85skie-polska-at-astek-4358055143,2026-04-06T11:02:38.105186+00:00
0,Tester | Poland,linkedin,Test Engineer,CGI,"Warsaw, Mazowieckie, Poland",On-site,Full-time,,,English,,,Recent,https://pl.linkedin.com/jobs/view/test-engineer-at-cgi-4389250087,2026-04-06T11:02:38.105349+00:00
0,Tester | USA,linkedin,Manual Quality Assurance Tester,Creyos,United States,On-site,Full-time,,,English,,,Recent,https://www.linkedin.com/jobs/view/manual-quality-assurance-tester-at-creyos-4389792911,2026-04-06T11:02:40.531167+00:00
0,Tester | USA,linkedin,QA Manual Tester,Kaizen Analytix,"Chicago, IL",On-site,Full-time,,,English,,,Recent,https://www.linkedin.com/jobs/view/qa-manual-tester-at-kaizen-analytix-4392759522,2026-04-06T11:02:40.531352+00:00
0,Tester | USA,linkedin,Test Engineer,GCyber,"Washington, DC",On-site,Full-time,,,English,,,Recent,https://www.linkedin.com/jobs/view/test-engineer-at-gcyber-4393944229,2026-04-06T11:02:40.531518+00:00
0,Tester | USA,linkedin,Quality Assurance Engineer,hackajob,"Washington, DC",On-site,Full-time,,,English,,,Recent,https://www.linkedin.com/jobs/view/quality-assurance-engineer-at-hackajob-4392431381,2026-04-06T11:02:40.531678+00:00
0,Tester | USA,linkedin,Selenium Tester,BCforward,"Inver Grove Heights, MN",On-site,Full-time,Selenium,,English,,,Recent,https://www.linkedin.com/jobs/view/selenium-tester-at-bcforward-4393582275,2026-04-06T11:02:40.531867+00:00
0,Tester | USA,linkedin,Manual Tester,Revel IT,"Columbus, OH",On-site,Full-time,,,English,,,Recent,https://www.linkedin.com/jobs/view/manual-tester-at-revel-it-4389789015,2026-04-06T11:02:40.532030+00:00
0,Tester | USA,linkedin,Manual QA Tester (ServiceNow),Agility Partners,"Columbus, OH",On-site,Full-time,,,English,,,Recent,https://www.linkedin.com/jobs/view/manual-qa-tester-servicenow-at-agility-partners-4387454351,2026-04-06T11:02:40.532184+00:00
0,Tester | USA,linkedin,QA Manual Tester,KellyMitchell Group,"Maryland Heights, MO",On-site,Full-time,,,English,,,Recent,https://www.linkedin.com/jobs/view/qa-manual-tester-at-kellymitchell-group-4385101466,2026-04-06T11:02:40.532341+00:00
0,Tester | USA,linkedin,Software Test (QA) Engineer,The Mechanical Licensing Collective,United States,On-site,Full-time,,,English,,,Recent,https://www.linkedin.com/jobs/view/software-test-qa-engineer-at-the-mechanical-licensing-collective-4387993980,2026-04-06T11:02:40.532508+00:00
0,Tester | USA,linkedin,Software Tester - Workday,Groundswell,"Virginia, United States",On-site,Full-time,,,English,,,Recent,https://www.linkedin.com/jobs/view/software-tester-workday-at-groundswell-4397151493,2026-04-06T11:02:40.532659+00:00
0,Tester | United Kingdom,linkedin,Test Engineer,BSI,"Hemel Hempstead, England, United Kingdom",On-site,Full-time,,,English,,,Recent,https://uk.linkedin.com/jobs/view/test-engineer-at-bsi-4367290557,2026-04-06T11:02:42.898166+00:00
0,Tester | United Kingdom,linkedin,QA Tester,Methods,"London, England, United Kingdom",On-site,Full-time,,,English,,,Recent,https://uk.linkedin.com/jobs/view/qa-tester-at-methods-4374556931,2026-04-06T11:02:42.898353+00:00
0,Tester | United Kingdom,linkedin,Quality Control - Software Tester,The Despatch Company,United Kingdom,On-site,Full-time,,,English,,,Recent,https://uk.linkedin.com/jobs/view/quality-control-software-tester-at-the-despatch-company-4395328415,2026-04-06T11:02:42.898562+00:00
0,Tester | United Kingdom,linkedin,Tester,Compass Community,"Cardiff, Wales, United Kingdom",On-site,Full-time,,,English,,,Recent,https://uk.linkedin.com/jobs/view/tester-at-compass-community-4393864300,2026-04-06T11:02:42.898715+00:00
0,Tester | United Kingdom,linkedin,Junior QA / Software Tester,Apply4U | Apply4U | Human-Assisted AI Job & Recruitment Platform,United Kingdom,On-site,Full-time,,Junior,English,,,Recent,https://uk.linkedin.com/jobs/view/junior-qa-software-tester-at-apply4u-apply4u-human-assisted-ai-job-recruitment-platform-4385852492,2026-04-06T11:02:42.898896+00:00
0,Tester | United Kingdom,linkedin,Software Development Engineer in Test (SDET),Commify,"Nottingham, England, United Kingdom",On-site,Full-time,,,English,,,Recent,https://uk.linkedin.com/jobs/view/software-development-engineer-in-test-sdet-at-commify-4393598011,2026-04-06T11:02:42.899057+00:00
0,Tester | United Kingdom,linkedin,Software Engineer in Test,Christopher Ali,United Kingdom,On-site,Full-time,,,English,,,Recent,https://uk.linkedin.com/jobs/view/software-engineer-in-test-at-christopher-ali-4385949588,2026-04-06T11:02:42.899367+00:00
0,Tester | United Kingdom,linkedin,QA Manual Test Engineer,Expleo Group,"Birmingham, England, United Kingdom",On-site,Full-time,,,English,,,Recent,https://uk.linkedin.com/jobs/view/qa-manual-test-engineer-at-expleo-group-4383328507,2026-04-06T11:02:42.899524+00:00
0,Tester | United Kingdom,linkedin,Software Engineer in Test,Plan A Digital,"London Area, United Kingdom",On-site,Full-time,,,English,,,Recent,https://uk.linkedin.com/jobs/view/software-engineer-in-test-at-plan-a-digital-4393515574,2026-04-06T11:02:42.899674+00:00
0,QA Engineer | Germany,linkedin,QA Engineer,COLIBRIX ONE,"Berlin, Berlin, Germany",On-site,Full-time,,,English,,,Recent,https://de.linkedin.com/jobs/view/qa-engineer-at-colibrix-one-4393513659,2026-04-06T11:02:45.258055+00:00
0,QA Engineer | Germany,linkedin,QA Engineer,Westernacher Solutions,"Berlin, Germany",On-site,Full-time,,,English,,,Recent,https://de.linkedin.com/jobs/view/qa-engineer-at-westernacher-solutions-4385715894,2026-04-06T11:02:45.258237+00:00
0,QA Engineer | Germany,linkedin,QA Engineer,mediaire,"Berlin, Berlin, Germany",On-site,Full-time,,,English,,,Recent,https://de.linkedin.com/jobs/view/qa-engineer-at-mediaire-4395029802,2026-04-06T11:02:45.258391+00:00
0,QA Engineer | Germany,linkedin,QA Engineer (Internship or Junior) (m/f/d),mika AI,"Berlin, Berlin, Germany",On-site,Internship,,"Internship, Junior",English,,,Recent,https://de.linkedin.com/jobs/view/qa-engineer-internship-or-junior-m-f-d-at-mika-ai-4397047588,2026-04-06T11:02:45.258539+00:00
0,QA Engineer | Germany,linkedin,Entry-Level Quality Assurance Engineer,Researcher,Germany,On-site,Full-time,,Entry-Level,English,,,Recent,https://de.linkedin.com/jobs/view/entry-level-quality-assurance-engineer-at-researcher-4397918651,2026-04-06T11:02:45.258699+00:00
0,QA Engineer | Germany,linkedin,Entry-Level Quality Assurance Engineer,AI Coding Academy,Germany,On-site,Full-time,,Entry-Level,English,,,Recent,https://de.linkedin.com/jobs/view/entry-level-quality-assurance-engineer-at-ai-coding-academy-4397921779,2026-04-06T11:02:45.258898+00:00
0,QA Engineer | Germany,linkedin,Quality Assurance Engineer (f/m/d),Renesas Electronics,"Nabern, Baden-Württemberg, Germany",On-site,Full-time,,,English,,,Recent,https://de.linkedin.com/jobs/view/quality-assurance-engineer-f-m-d-at-renesas-electronics-4389742869,2026-04-06T11:02:45.259205+00:00
0,QA Engineer | Germany,linkedin,QA Engineer,Almedia,"Berlin, Germany",On-site,Full-time,,,English,,,Recent,https://de.linkedin.com/jobs/view/qa-engineer-at-almedia-4339366784,2026-04-06T11:02:45.259362+00:00
0,QA Engineer | Austria,linkedin,QA Engineer,ComeOn Group,"Graz, Styria, Austria",On-site,Full-time,,,English,,,Recent,https://at.linkedin.com/jobs/view/qa-engineer-at-comeon-group-4388961026,2026-04-06T11:02:47.633709+00:00
0,QA Engineer | Austria,linkedin,Software Quality Engineer,Ketryx,"Vienna, Vienna, Austria",On-site,Full-time,,,English,,,Recent,https://at.linkedin.com/jobs/view/software-quality-engineer-at-ketryx-4308973953,2026-04-06T11:02:47.633931+00:00
0,QA Engineer | Austria,linkedin,QA Engineer: Manual Testing (Mobile & Backend),Tractive,"Linz, Upper Austria, Austria",Remote,Full-time,,Manual Testing,English,,,Recent,https://at.linkedin.com/jobs/view/qa-engineer-manual-testing-mobile-backend-at-tractive-4389059370,2026-04-06T11:02:47.634422+00:00
0,QA Engineer | Austria,linkedin,Quality Assurance Engineer,ENPULSION,"Vienna, Austria",On-site,Full-time,,,English,,,Recent,https://at.linkedin.com/jobs/view/quality-assurance-engineer-at-enpulsion-4390134808,2026-04-06T11:02:47.634576+00:00
0,QA Engineer | Austria,linkedin,QA Engineer (m/w/d),RINGANA,"Vienna, Vienna, Austria",On-site,Full-time,,,English,,,Recent,https://at.linkedin.com/jobs/view/qa-engineer-m-w-d-at-ringana-4353952752,2026-04-06T11:02:47.634728+00:00
0,QA Engineer | Austria,linkedin,Junior QA Engineer - Zutrittskontrollsysteme,PKE Holding AG,"Vienna, Vienna, Austria",On-site,Full-time,,Junior,English,,,Recent,https://at.linkedin.com/jobs/view/junior-qa-engineer-zutrittskontrollsysteme-at-pke-holding-ag-4387103203,2026-04-06T11:02:47.635224+00:00
0,QA Engineer | Switzerland,linkedin,Quality Assurance Engineer 100%,"Bodenmiller Recruitment GmbH | Recruitment for critical hires in Life Sciences, IT, and Engineering","Schaffhausen, Switzerland",Remote,Full-time,,,English,,,Recent,https://ch.linkedin.com/jobs/view/quality-assurance-engineer-100%25-at-bodenmiller-recruitment-gmbh-recruitment-for-critical-hires-in-life-sciences-it-and-engineering-4383310226,2026-04-06T11:02:50.005532+00:00
0,QA Engineer | Switzerland,linkedin,QA GDP Engineer,GXP CONSULTING Switzerland,Basel Metropolitan Area,On-site,Full-time,,,English,,,Recent,https://ch.linkedin.com/jobs/view/qa-gdp-engineer-at-gxp-consulting-switzerland-4384471873,2026-04-06T11:02:50.005694+00:00
0,QA Engineer | Switzerland,linkedin,QA Automation Engineer,Jobgether,Switzerland,On-site,Full-time,,,English,,,Recent,https://ch.linkedin.com/jobs/view/qa-automation-engineer-at-jobgether-4397041997,2026-04-06T11:02:50.006035+00:00
0,QA Engineer | Switzerland,linkedin,QA Engineer,qiibee,Switzerland,On-site,Full-time,,,English,,,Recent,https://ch.linkedin.com/jobs/view/qa-engineer-at-qiibee-4381273286,2026-04-06T11:02:50.006186+00:00
0,QA Engineer | Switzerland,linkedin,QA  Qualifizierungsingenieur (m/w/d),TechFirm Engineering,Zürich Metropolitan Area,On-site,Full-time,,,English,,,Recent,https://ch.linkedin.com/jobs/view/qa%E2%80%AF-qualifizierungsingenieur-m-w-d-at-techfirm-engineering-4393596303,2026-04-06T11:02:50.006336+00:00
0,QA Engineer | Remote,linkedin,QA Specialist / QA Engineer - Freelanceship - 100% remote,Accelerated,Germany,Remote,Contract,,,English,,,Recent,https://de.linkedin.com/jobs/view/qa-specialist-qa-engineer-freelanceship-100%25-remote-at-accelerated-4393717565,2026-04-06T11:02:52.368360+00:00
0,QA Engineer | Remote,linkedin,QA Automation Engineer,Jobgether,Germany,Remote,Full-time,,,English,,,Recent,https://de.linkedin.com/jobs/view/qa-automation-engineer-at-jobgether-4397061167,2026-04-06T11:02:52.368512+00:00
0,QA Engineer | Remote,linkedin,QA Engineer,Kaleris,"Flensburg, Schleswig-Holstein, Germany",Remote,Full-time,,,English,,,Recent,https://de.linkedin.com/jobs/view/qa-engineer-at-kaleris-4367057238,2026-04-06T11:02:52.368839+00:00
0,QA Engineer | Slovakia,linkedin,QA Engineer,Ruby Labs,Slovakia,On-site,Full-time,,Ruby,English,,,Recent,https://sk.linkedin.com/jobs/view/qa-engineer-at-ruby-labs-4393566607,2026-04-06T11:02:54.719652+00:00
0,QA Engineer | Slovakia,linkedin,QA Engineer,Swiss Re,"Bratislava, Bratislava, Slovakia",On-site,Full-time,,,English,,,Recent,https://sk.linkedin.com/jobs/view/qa-engineer-at-swiss-re-4366871953,2026-04-06T11:02:54.720150+00:00
0,QA Engineer | Slovakia,linkedin,Quality Assurance Automation Engineer,Billdu,Bratislava Metropolitan Area,On-site,Full-time,,,English,,,Recent,https://sk.linkedin.com/jobs/view/quality-assurance-automation-engineer-at-billdu-4385255789,2026-04-06T11:02:54.720307+00:00
0,QA Engineer | Slovakia,linkedin,QA Engineer (Hybrid set up),Swiss Re,"Bratislava, Bratislava, Slovakia",Hybrid,Full-time,,,English,,,Recent,https://sk.linkedin.com/jobs/view/qa-engineer-hybrid-set-up-at-swiss-re-4384997742,2026-04-06T11:02:54.720462+00:00
0,QA Engineer | Czech Republic,linkedin,Quality Assurance Engineer - Trabajo Remoto,BairesDev,"Santo Domingo, Distrito Nacional, Dominican Republic",On-site,Full-time,,,English,,,Recent,https://do.linkedin.com/jobs/view/quality-assurance-engineer-trabajo-remoto-at-bairesdev-4391885543,2026-04-06T11:02:57.088094+00:00
0,QA Engineer | Czech Republic,linkedin,Ingeniero de QA (República Dominicana),GBM,Dominican Republic,On-site,Full-time,,,English,,,Recent,https://do.linkedin.com/jobs/view/ingeniero-de-qa-rep%C3%BAblica-dominicana-at-gbm-4387773579,2026-04-06T11:02:57.088284+00:00
0,QA Engineer | Czech Republic,linkedin,Future QA Engineer Opportunities (Gaming Industry),Perform,Dominican Republic,On-site,Full-time,,,English,,,Recent,https://do.linkedin.com/jobs/view/future-qa-engineer-opportunities-gaming-industry-at-perform-4344181481,2026-04-06T11:02:57.088622+00:00
0,QA Engineer | Czech Republic,linkedin,Software Quality Assurance Engineer,GBH,Dominican Republic,On-site,Full-time,,,English,,,Recent,https://do.linkedin.com/jobs/view/software-quality-assurance-engineer-at-gbh-4393211166,2026-04-06T11:02:57.088803+00:00
0,QA Engineer | Czech Republic,linkedin,Frontend Automation Testing Engineer - Remote - Latin America,FullStack,"Santo Domingo, Dominican Republic",Remote,Full-time,,,English,,,Recent,https://do.linkedin.com/jobs/view/frontend-automation-testing-engineer-remote-latin-america-at-fullstack-4393967675,2026-04-06T11:02:57.089126+00:00
0,QA Engineer | Czech Republic,linkedin,Frontend Automation Testing Engineer - Remote - Latin America,FullStack,"San Pedro de Macorís, San Pedro de Macorís, Dominican Republic",Remote,Full-time,,,English,,,Recent,https://do.linkedin.com/jobs/view/frontend-automation-testing-engineer-remote-latin-america-at-fullstack-4393966620,2026-04-06T11:02:57.089283+00:00
0,QA Engineer | Czech Republic,linkedin,Frontend Automation Testing Engineer - Remote - Latin America,FullStack,"Santo Domingo Este, Santo Domingo, Dominican Republic",Remote,Full-time,,,English,,,Recent,https://do.linkedin.com/jobs/view/frontend-automation-testing-engineer-remote-latin-america-at-fullstack-4393979029,2026-04-06T11:02:57.089446+00:00
0,QA Engineer | Czech Republic,linkedin,Frontend Automation Testing Engineer - Remote - Latin America,FullStack,Dominican Republic,Remote,Full-time,,,English,,,Recent,https://do.linkedin.com/jobs/view/frontend-automation-testing-engineer-remote-latin-america-at-fullstack-4393963671,2026-04-06T11:02:57.089599+00:00
0,QA Engineer | Poland,linkedin,QA Engineer (Manual Testing) – Remote,Indivd,Poland,Remote,Full-time,,Manual Testing,English,,,Recent,https://pl.linkedin.com/jobs/view/qa-engineer-manual-testing-%E2%80%93-remote-at-indivd-4393884430,2026-04-06T11:02:59.443879+00:00
0,QA Engineer | Poland,linkedin,Junior QA Engineer/ QA Engineer,Amelco Limited,"Warsaw, Mazowieckie, Poland",On-site,Full-time,,Junior,English,,,Recent,https://pl.linkedin.com/jobs/view/junior-qa-engineer-qa-engineer-at-amelco-limited-4387705392,2026-04-06T11:02:59.444239+00:00
0,QA Engineer | Poland,linkedin,Quality Assurance Engineer,La Fosse,Poland,On-site,Full-time,,,English,,,Recent,https://pl.linkedin.com/jobs/view/quality-assurance-engineer-at-la-fosse-4392443447,2026-04-06T11:02:59.444398+00:00
0,QA Engineer | Poland,linkedin,QA Engineer,COLIBRIX ONE,"Warsaw, Mazowieckie, Poland",On-site,Full-time,,,English,,,Recent,https://pl.linkedin.com/jobs/view/qa-engineer-at-colibrix-one-4393513653,2026-04-06T11:02:59.444554+00:00
0,QA Engineer | Poland,linkedin,QA Engineer,VIATechnik,"Katowice, Śląskie, Poland",On-site,Full-time,,,English,,,Recent,https://pl.linkedin.com/jobs/view/qa-engineer-at-viatechnik-4387253762,2026-04-06T11:02:59.444706+00:00
0,QA Engineer | Poland,linkedin,QA Engineer (m/f/d),SkyCell AG,Poland,On-site,Full-time,,,English,,,Recent,https://pl.linkedin.com/jobs/view/qa-engineer-m-f-d-at-skycell-ag-4389476857,2026-04-06T11:02:59.444896+00:00
0,QA Engineer | Poland,linkedin,QA Engineer,AirHelp,"Gdańsk, Pomorskie, Poland",On-site,Full-time,,,English,,,Recent,https://pl.linkedin.com/jobs/view/qa-engineer-at-airhelp-4392598928,2026-04-06T11:02:59.445213+00:00
0,QA Engineer | Poland,linkedin,Junior QA Engineer,a1qa,"Warsaw, Mazowieckie, Poland",On-site,Full-time,,Junior,English,,,Recent,https://pl.linkedin.com/jobs/view/junior-qa-engineer-at-a1qa-4397917336,2026-04-06T11:02:59.445370+00:00
0,QA Engineer | USA,linkedin,QA Engineer,MrBeast,United States,On-site,Full-time,,,English,,,Recent,https://www.linkedin.com/jobs/view/qa-engineer-at-mrbeast-4367342975,2026-04-06T11:03:01.856317+00:00
0,QA Engineer | USA,linkedin,QA / QC Engineer - Construction,Sobha Realty,"Plano, TX",On-site,Full-time,,,English,,,Recent,https://www.linkedin.com/jobs/view/qa-qc-engineer-construction-at-sobha-realty-4393590115,2026-04-06T11:03:01.856477+00:00
0,QA Engineer | USA,linkedin,Quality Assurance Engineer,Quanta Manufacturing Fremont,"Fremont, CA",On-site,Full-time,,,English,,,Recent,https://www.linkedin.com/jobs/view/quality-assurance-engineer-at-quanta-manufacturing-fremont-4392103646,2026-04-06T11:03:01.856832+00:00
0,QA Engineer | USA,linkedin,Junior Manual QA Engineer,Topstep,United States,On-site,Full-time,,Junior,English,,,Recent,https://www.linkedin.com/jobs/view/junior-manual-qa-engineer-at-topstep-4386555245,2026-04-06T11:03:01.856998+00:00
0,QA Engineer | USA,linkedin,Quality Assurance Engineer,The Bexar Company,"Grand Prairie, TX",On-site,Full-time,,,English,,,Recent,https://www.linkedin.com/jobs/view/quality-assurance-engineer-at-the-bexar-company-4389008230,2026-04-06T11:03:01.857152+00:00
0,QA Engineer | USA,linkedin,Quality Assurance Engineer,swipejobs,"Henrietta, NY",On-site,Full-time,,,English,,,Recent,https://www.linkedin.com/jobs/view/quality-assurance-engineer-at-swipejobs-4392435738,2026-04-06T11:03:01.857312+00:00
0,QA Engineer | USA,linkedin,QA Engineer,Agility Partners,United States,On-site,Full-time,,,English,,,Recent,https://www.linkedin.com/jobs/view/qa-engineer-at-agility-partners-4392934132,2026-04-06T11:03:01.857471+00:00
0,QA Engineer | USA,linkedin,Manual Quality Assurance (QA),Kforce Inc,"Charlotte, NC",On-site,Contract,,"Jira, Agile, Sql, Postman",English,,,Recent,https://www.linkedin.com/jobs/view/manual-quality-assurance-qa-at-kforce-inc-4388132686,2026-04-06T11:03:01.857626+00:00
0,QA Engineer | United Kingdom,linkedin,Junior QA Engineer,Gaming Realms,"Greater London, England, United Kingdom",On-site,Full-time,,Junior,English,,,Recent,https://uk.linkedin.com/jobs/view/junior-qa-engineer-at-gaming-realms-4397065220,2026-04-06T11:03:04.235508+00:00
0,QA Engineer | United Kingdom,linkedin,Quality Assurance Engineer,Coforge,"Telford, England, United Kingdom",On-site,Full-time,,,English,,,Recent,https://uk.linkedin.com/jobs/view/quality-assurance-engineer-at-coforge-4393475503,2026-04-06T11:03:04.236052+00:00
0,QA Engineer | United Kingdom,linkedin,Quality Assurance Engineer,Owen Daniels,"Fareham, England, United Kingdom",On-site,Full-time,,,English,,,Recent,https://uk.linkedin.com/jobs/view/quality-assurance-engineer-at-owen-daniels-4395634475,2026-04-06T11:03:04.236211+00:00
0,QA Engineer | United Kingdom,linkedin,Junior Manual QA Engineer,Xantura Limited,"Greater London, England, United Kingdom",On-site,Full-time,,Junior,English,,,Recent,https://uk.linkedin.com/jobs/view/junior-manual-qa-engineer-at-xantura-limited-4384471417,2026-04-06T11:03:04.236360+00:00
0,QA Engineer | United Kingdom,linkedin,Quality Assurance Engineer,Navantia UK,"Fife, Scotland, United Kingdom",On-site,Full-time,,,English,,,Recent,https://uk.linkedin.com/jobs/view/quality-assurance-engineer-at-navantia-uk-4372239824,2026-04-06T11:03:04.236513+00:00
0,QA Engineer | United Kingdom,linkedin,Safety Test Engineer,Vallum Associates,"Gaydon, England, United Kingdom",On-site,Full-time,,,English,,,Recent,https://uk.linkedin.com/jobs/view/safety-test-engineer-at-vallum-associates-4393286820,2026-04-06T11:03:04.237007+00:00
0,Test Engineer | Austria,linkedin,SQA Ingenieur (m/w/d),SEGULA Technologies,"Graz, Styria, Austria",On-site,Full-time,,,English,,,Recent,https://at.linkedin.com/jobs/view/sqa-ingenieur-m-w-d-at-segula-technologies-4385504193,2026-04-06T11:03:09.046646+00:00
0,Test Engineer | Austria,linkedin,Junior Test Analyst (m/f/d),Deutsche Telekom,"Fünfkirchen, Lower Austria, Austria",On-site,Full-time,,Junior,English,,,Recent,https://at.linkedin.com/jobs/view/junior-test-analyst-m-f-d-at-deutsche-telekom-4392937753,2026-04-06T11:03:09.046827+00:00
0,Test Engineer | Slovakia,linkedin,Solution Design Engineer,Freshfields,"Bratislava, Slovakia",On-site,Full-time,,,English,,,Recent,https://sk.linkedin.com/jobs/view/solution-design-engineer-at-freshfields-4393519997,2026-04-06T11:03:16.218403+00:00
0,Test Engineer | Slovakia,linkedin,"Resident Engineer (Automotive Industry-Quality Managment-Malacky, Bratislava)",ACCU,Bratislava Metropolitan Area,On-site,Full-time,,,English,,,Recent,https://sk.linkedin.com/jobs/view/resident-engineer-automotive-industry-quality-managment-malacky-bratislava-at-accu-4392191128,2026-04-06T11:03:16.218890+00:00
0,Test Engineer | Czech Republic,linkedin,Software Engineer,Tata Communications,"Santo Domingo, Distrito Nacional, Dominican Republic",On-site,Full-time,,,English,,,Recent,https://do.linkedin.com/jobs/view/software-engineer-at-tata-communications-4383373744,2026-04-06T11:03:18.594661+00:00
0,Test Engineer | Czech Republic,linkedin,Ingeniero de Datos (Junior) - Trabajo Remoto,BairesDev,"Santo Domingo, Dominican Republic",On-site,Full-time,,Junior,English,,,Recent,https://do.linkedin.com/jobs/view/ingeniero-de-datos-junior-trabajo-remoto-at-bairesdev-4392116244,2026-04-06T11:03:18.594840+00:00
0,Test Engineer | Czech Republic,linkedin,AUTOMATION PROGRAMMER,Bellmer Czech Republic,Dominican Republic,On-site,Full-time,,,English,,,Recent,https://do.linkedin.com/jobs/view/automation-programmer-at-bellmer-czech-republic-4389236304,2026-04-06T11:03:18.594999+00:00
0,Test Engineer | Czech Republic,linkedin,PROJECT QUALITY ENGINEER (H/F) - SAFRAN CABIN CZ S.R.O.,AEROCONTACT,Dominican Republic,On-site,Contract,,R,English,,,Recent,https://do.linkedin.com/jobs/view/project-quality-engineer-h-f-safran-cabin-cz-s-r-o-at-aerocontact-4386854953,2026-04-06T11:03:18.595154+00:00
0,Test Engineer | Poland,linkedin,Quality Assurance Engineer,STAGE24.PL,"Poznań, Wielkopolskie, Poland",On-site,Full-time,,,English,,,Recent,https://pl.linkedin.com/jobs/view/quality-assurance-engineer-at-stage24-pl-4386837726,2026-04-06T11:03:21.012984+00:00
0,Test Engineer | USA,linkedin,Quality Assurance Engineer,Pagos Consultants,New York City Metropolitan Area,On-site,Full-time,,,English,,,Recent,https://www.linkedin.com/jobs/view/quality-assurance-engineer-at-pagos-consultants-4392937351,2026-04-06T11:03:23.564601+00:00
0,Test Engineer | USA,linkedin,Quality Assurance Engineer,Revel IT,"Columbus, OH",On-site,Full-time,,,English,,,Recent,https://www.linkedin.com/jobs/view/quality-assurance-engineer-at-revel-it-4392915956,2026-04-06T11:03:23.564777+00:00
0,Test Engineer | USA,linkedin,Quality Assurance Engineer,CPI Security,"Charlotte, NC",On-site,Full-time,,,English,,,Recent,https://www.linkedin.com/jobs/view/quality-assurance-engineer-at-cpi-security-4392944799,2026-04-06T11:03:23.564941+00:00
0,Test Engineer | USA,linkedin,Quality Assurance Engineer,Optomi,"Plano, TX",On-site,Full-time,,,English,,,Recent,https://www.linkedin.com/jobs/view/quality-assurance-engineer-at-optomi-4391873358,2026-04-06T11:03:23.565093+00:00
0,Test Engineer | USA,linkedin,Quality Assurance Engineer,Fileread,"New York, NY",On-site,Full-time,,,English,,,Recent,https://www.linkedin.com/jobs/view/quality-assurance-engineer-at-fileread-4397743820,2026-04-06T11:03:23.565243+00:00
0,Test Engineer | United Kingdom,linkedin,Software Quality Assurance Engineer,"PACE Anti-Piracy, Inc","Glasgow, Scotland, United Kingdom",On-site,Full-time,,,English,,,Recent,https://uk.linkedin.com/jobs/view/software-quality-assurance-engineer-at-pace-anti-piracy-inc-4389715408,2026-04-06T11:03:26.000394+00:00
0,Test Engineer | United Kingdom,linkedin,Software Tester,Europa Worldwide Group,"Osberton, England, United Kingdom",On-site,Full-time,,,English,,,Recent,https://uk.linkedin.com/jobs/view/software-tester-at-europa-worldwide-group-4394656468,2026-04-06T11:03:26.000886+00:00
0,Test Engineer | United Kingdom,linkedin,Test and Quality Engineer (Northern Ireland),Resonate Testing Ltd,"Newry, Northern Ireland, United Kingdom",On-site,Full-time,,,English,,,Recent,https://uk.linkedin.com/jobs/view/test-and-quality-engineer-northern-ireland-at-resonate-testing-ltd-4393559721,2026-04-06T11:03:26.001188+00:00
0,Testingenieur | Germany,linkedin,Automatisierer Bildverarbeitung (m/w/d),SCHERDEL de Mexico,"Marienberg, Saxony, Germany",On-site,Full-time,,,English,,,Recent,https://de.linkedin.com/jobs/view/automatisierer-bildverarbeitung-m-w-d-at-scherdel-de-mexico-4397189666,2026-04-06T11:03:28.522263+00:00
0,Testingenieur | Germany,linkedin,CQV & CSV Engineering Opportunities – Germany,KPC International,"Frankfurt, Hesse, Germany",On-site,Internship,,,English,,,Recent,https://de.linkedin.com/jobs/view/cqv-csv-engineering-opportunities-%E2%80%93-germany-at-kpc-international-4225886744,2026-04-06T11:03:28.522449+00:00
0,Testingenieur | Germany,linkedin,TCMS Test Engineer,SEGULA Technologies,"Mannheim, Baden-Württemberg, Germany",On-site,Full-time,,,English,,,Recent,https://de.linkedin.com/jobs/view/tcms-test-engineer-at-segula-technologies-4378948527,2026-04-06T11:03:28.522623+00:00
0,Testingenieur | Germany,linkedin,Testingenieur – Mechanical Engineering / Systemtests (all gender),ALTEN Germany,"Hamburg, Hamburg, Germany",On-site,Full-time,,,English,,,Recent,https://de.linkedin.com/jobs/view/testingenieur-%E2%80%93-mechanical-engineering-systemtests-all-gender-at-alten-germany-4373680351,2026-04-06T11:03:28.522809+00:00
0,Testingenieur | Germany,linkedin,Junior Entwicklungs- und Testingenieur für aktive Mikrowellengeräte (m/w/d) (ID: 22110),Da Vinci Engineering GmbH,"Backnang, Baden-Württemberg, Germany",On-site,Full-time,,"R, Junior",German,,,Recent,https://de.linkedin.com/jobs/view/junior-entwicklungs-und-testingenieur-f%C3%BCr-aktive-mikrowellenger%C3%A4te-m-w-d-id-22110-at-da-vinci-engineering-gmbh-4368592256,2026-04-06T11:03:28.522981+00:00
0,Testingenieur | Germany,linkedin,Testingenieur (m/w/d) Systemtest und Verifikation,NORD Engineering Müller GmbH,"Hamburg, Germany",On-site,Full-time,System Testing,,German,,,Recent,https://de.linkedin.com/jobs/view/testingenieur-m-w-d-systemtest-und-verifikation-at-nord-engineering-m%C3%BCller-gmbh-4395349026,2026-04-06T11:03:28.523306+00:00
0,Testingenieur | Germany,linkedin,Testingenieur (m/w/d) in der Entwicklung,Supernova Design GmbH,"Gundelfingen, Baden-Württemberg, Germany",On-site,Full-time,,,German,,,Recent,https://de.linkedin.com/jobs/view/testingenieur-m-w-d-in-der-entwicklung-at-supernova-design-gmbh-4397887539,2026-04-06T11:03:28.523461+00:00
0,Testingenieur | Germany,linkedin,Entwicklungsingenieur Reklamationsmanagement (all gender) 200,ALTEN Germany,"Munich, Bavaria, Germany",On-site,Full-time,,,English,,,Recent,https://de.linkedin.com/jobs/view/entwicklungsingenieur-reklamationsmanagement-all-gender-200-at-alten-germany-4359833213,2026-04-06T11:03:28.523621+00:00
0,Testingenieur | Germany,linkedin,Testingenieur (m/w/d) (ID: 22262),Da Vinci Engineering GmbH,"Sindelfingen, Baden-Württemberg, Germany",On-site,Full-time,,,English,,,Recent,https://de.linkedin.com/jobs/view/testingenieur-m-w-d-id-22262-at-da-vinci-engineering-gmbh-4393451921,2026-04-06T11:03:28.523824+00:00
0,Testingenieur | Austria,linkedin,Supplier Test Engineer (all genders),Lam Research,"Villach, Carinthia, Austria",On-site,Full-time,,,English,,,Recent,https://at.linkedin.com/jobs/view/supplier-test-engineer-all-genders-at-lam-research-4377926919,2026-04-06T11:03:30.880449+00:00
0,Testingenieur | Austria,linkedin,Work at PSI Austria,PSI Software – Process Industries & Metals,"Graz, Styria, Austria",On-site,Full-time,,,English,,,Recent,https://at.linkedin.com/jobs/view/work-at-psi-austria-at-psi-software-%E2%80%93-process-industries-metals-4381841539,2026-04-06T11:03:30.880615+00:00
0,Testingenieur | Austria,linkedin,整车质量分析工程师（奥地利）,SUPERPANTHER,Linz-Wels-Steyr Area,On-site,Full-time,,,English,,,Recent,https://at.linkedin.com/jobs/view/%E6%95%B4%E8%BD%A6%E8%B4%A8%E9%87%8F%E5%88%86%E6%9E%90%E5%B7%A5%E7%A8%8B%E5%B8%88%EF%BC%88%E5%A5%A5%E5%9C%B0%E5%88%A9%EF%BC%89-at-superpanther-4392175974,2026-04-06T11:03:30.881289+00:00
0,Testingenieur | Austria,linkedin,Qualification & Test Engineer f/m/d,Besi Austria GmbH,"Radfeld, Tyrol, Austria",On-site,Full-time,,,English,,,Recent,https://at.linkedin.com/jobs/view/qualification-test-engineer-f-m-d-at-besi-austria-gmbh-4383835696,2026-04-06T11:03:30.881777+00:00
0,Testingenieur | Switzerland,linkedin,Ingénieur tests/Ingénieure tests,CLEEVEN,"Vaud, Switzerland",On-site,Full-time,,,English,,,Recent,https://ch.linkedin.com/jobs/view/ing%C3%A9nieur-tests-ing%C3%A9nieure-tests-at-cleeven-4389235202,2026-04-06T11:03:33.263476+00:00
0,Testingenieur | Switzerland,linkedin,Test Engineer in Avionics & Instrumentation,ISATI Engineering Solutions,"Zurich, Zurich, Switzerland",On-site,Full-time,,,English,,,Recent,https://ch.linkedin.com/jobs/view/test-engineer-in-avionics-instrumentation-at-isati-engineering-solutions-4390600330,2026-04-06T11:03:33.263644+00:00
0,Testingenieur | Switzerland,linkedin,Ingénieur d’assurance qualité/Ingénieure d’assurance qualité,CLEEVEN,"Vaud, Switzerland",On-site,Full-time,,,English,,,Recent,https://ch.linkedin.com/jobs/view/ing%C3%A9nieur-d%E2%80%99assurance-qualit%C3%A9-ing%C3%A9nieure-d%E2%80%99assurance-qualit%C3%A9-at-cleeven-4389218845,2026-04-06T11:03:33.263830+00:00
0,Testingenieur | Switzerland,linkedin,R&D,Medacta Italia,"Rancate, Ticino, Switzerland",On-site,Full-time,,R,English,,,Recent,https://ch.linkedin.com/jobs/view/r-d-at-medacta-italia-4391617667,2026-04-06T11:03:33.264368+00:00
0,Testingenieur | Switzerland,linkedin,AI Speech Tester (Italian native speaker - Switzerland regional variant),TSMG Holding,"Bellinzona, Ticino, Switzerland",On-site,Full-time,,,English,,,Recent,https://ch.linkedin.com/jobs/view/ai-speech-tester-italian-native-speaker-switzerland-regional-variant-at-tsmg-holding-4383377773,2026-04-06T11:03:33.264523+00:00
0,Testingenieur | Switzerland,linkedin,R&D,Medacta Italia,"Rancate, Ticino, Switzerland",On-site,Full-time,,R,English,,,Recent,https://ch.linkedin.com/jobs/view/r-d-at-medacta-italia-4391628537,2026-04-06T11:03:33.264681+00:00
0,Testingenieur | Switzerland,linkedin,AI Speech Tester (Italian native speaker - Switzerland regional variant),TSMG Holding,"Lugano, Ticino, Switzerland",On-site,Full-time,,,English,,,Recent,https://ch.linkedin.com/jobs/view/ai-speech-tester-italian-native-speaker-switzerland-regional-variant-at-tsmg-holding-4383384373,2026-04-06T11:03:33.264859+00:00
0,Testingenieur | Remote,linkedin,Design Engineer,vvd,Germany,Remote,Full-time,,,English,,,Recent,https://de.linkedin.com/jobs/view/design-engineer-at-vvd-4386302599,2026-04-06T11:03:35.617255+00:00
0,Testingenieur | Remote,linkedin,Mobile Device Management (iOS oder Android) (m/w/d),ZABEL,Hannover-Braunschweig-Göttingen-Wolfsburg Region,Remote,Full-time,,,English,,,Recent,https://de.linkedin.com/jobs/view/mobile-device-management-ios-oder-android-m-w-d-at-zabel-4386035954,2026-04-06T11:03:35.618114+00:00
0,Testingenieur | Remote,linkedin,System- und Testingenieur Funkkommunikationssysteme (all gender) 300,ALTEN Germany,"Stuttgart, Baden-Württemberg, Germany",Remote,Full-time,,,German,,,Recent,https://de.linkedin.com/jobs/view/system-und-testingenieur-funkkommunikationssysteme-all-gender-300-at-alten-germany-4361021637,2026-04-06T11:03:35.618282+00:00
0,Testingenieur | Remote,linkedin,System Test Engineer Cab (w/m/d),MAN Truck & Bus SE,"Munich, Bavaria, Germany",Remote,Full-time,,,English,,,Recent,https://de.linkedin.com/jobs/view/system-test-engineer-cab-w-m-d-at-man-truck-bus-se-4393883303,2026-04-06T11:03:35.618448+00:00
0,Testingenieur | Slovakia,linkedin,Automatizačný softvérový inžinier,Hoval Energy Recovery,"Istebné, Zilina, Slovakia",On-site,Full-time,,,English,,,Recent,https://sk.linkedin.com/jobs/view/automatiza%C4%8Dn%C3%BD-softv%C3%A9rov%C3%BD-in%C5%BEinier-at-hoval-energy-recovery-4382510757,2026-04-06T11:03:38.013422+00:00
0,Testingenieur | Slovakia,linkedin,AOSP DEVELOPER - AUTOMOTIVE DOMAIN - CZECHIA BASED PROJECT,Quest Global,Slovakia,On-site,Contract,,,English,,,Recent,https://sk.linkedin.com/jobs/view/aosp-developer-automotive-domain-czechia-based-project-at-quest-global-4362200771,2026-04-06T11:03:38.013674+00:00
0,Testingenieur | Slovakia,linkedin,Automatizačný softvérový inžinier,Hoval Romania,"Istebné, Zilina, Slovakia",On-site,Full-time,,,English,,,Recent,https://sk.linkedin.com/jobs/view/automatiza%C4%8Dn%C3%BD-softv%C3%A9rov%C3%BD-in%C5%BEinier-at-hoval-romania-4382490406,2026-04-06T11:03:38.013872+00:00
0,Testingenieur | Slovakia,linkedin,Automatizačný softvérový inžinier,Hoval Hrvatska,"Istebné, Zilina, Slovakia",On-site,Full-time,,,English,,,Recent,https://sk.linkedin.com/jobs/view/automatiza%C4%8Dn%C3%BD-softv%C3%A9rov%C3%BD-in%C5%BEinier-at-hoval-hrvatska-4383849585,2026-04-06T11:03:38.014513+00:00
0,Testingenieur | Slovakia,linkedin,Test Engineer,Magna International,"Kechnec, Kosice, Slovakia",On-site,Internship,,,English,,,Recent,https://sk.linkedin.com/jobs/view/test-engineer-at-magna-international-4394620575,2026-04-06T11:03:38.014676+00:00
0,Testingenieur | Czech Republic,linkedin,3D ROBOT PROGRAMMER,Bellmer Czech Republic,Dominican Republic,On-site,Full-time,,,English,,,Recent,https://do.linkedin.com/jobs/view/3d-robot-programmer-at-bellmer-czech-republic-4389226597,2026-04-06T11:03:40.391501+00:00
0,Testingenieur | Czech Republic,linkedin,硬件NPI工程师8052,UNISOC,"アト・マジョール州, Hato Mayor, Dominican Republic",On-site,Full-time,,,English,,,Recent,https://do.linkedin.com/jobs/view/%E7%A1%AC%E4%BB%B6npi%E5%B7%A5%E7%A8%8B%E5%B8%888052-at-unisoc-4384162904,2026-04-06T11:03:40.391667+00:00
0,Testingenieur | Czech Republic,linkedin,测试工程师 - 逆变器,TÜV NORD China,"アト・マジョール州, Hato Mayor, Dominican Republic",On-site,Full-time,,,English,,,Recent,https://do.linkedin.com/jobs/view/%E6%B5%8B%E8%AF%95%E5%B7%A5%E7%A8%8B%E5%B8%88-%E9%80%86%E5%8F%98%E5%99%A8-at-t%C3%BCv-nord-china-4390345979,2026-04-06T11:03:40.392024+00:00
0,Testingenieur | Czech Republic,linkedin,硬件NPI工程师(008102),UNISOC,"アト・マジョール州, Hato Mayor, Dominican Republic",On-site,Full-time,,,English,,,Recent,https://do.linkedin.com/jobs/view/%E7%A1%AC%E4%BB%B6npi%E5%B7%A5%E7%A8%8B%E5%B8%88-008102-at-unisoc-4387808983,2026-04-06T11:03:40.392186+00:00
0,Testingenieur | Czech Republic,linkedin,高低速接口工程师8049,UNISOC,"アト・マジョール州, Hato Mayor, Dominican Republic",On-site,Full-time,,,English,,,Recent,https://do.linkedin.com/jobs/view/%E9%AB%98%E4%BD%8E%E9%80%9F%E6%8E%A5%E5%8F%A3%E5%B7%A5%E7%A8%8B%E5%B8%888049-at-unisoc-4384164940,2026-04-06T11:03:40.392501+00:00
0,Testingenieur | Czech Republic,linkedin,硬件测试工程师8051,UNISOC,"アト・マジョール州, Hato Mayor, Dominican Republic",On-site,Full-time,,,English,,,Recent,https://do.linkedin.com/jobs/view/%E7%A1%AC%E4%BB%B6%E6%B5%8B%E8%AF%95%E5%B7%A5%E7%A8%8B%E5%B8%888051-at-unisoc-4384170400,2026-04-06T11:03:40.392657+00:00
0,Testingenieur | Poland,linkedin,Mechanical Designer / Test Engineer (f/m),Airbus Helicopters,"Łódź, Łódzkie, Poland",On-site,Full-time,,,English,,,Recent,https://pl.linkedin.com/jobs/view/mechanical-designer-test-engineer-f-m-at-airbus-helicopters-4378564274,2026-04-06T11:03:42.784529+00:00
0,Testingenieur | Poland,linkedin,Junior Application Engineer,WNS,Kielce Metropolitan Area,On-site,Full-time,,Junior,English,,,Recent,https://pl.linkedin.com/jobs/view/junior-application-engineer-at-wns-4386776226,2026-04-06T11:03:42.784890+00:00
0,Testingenieur | Poland,linkedin,QA Test Engineer - ServiceNow - Open for European candidates,All European Careers,Warsaw Metropolitan Area,On-site,Full-time,,,English,,,Recent,https://pl.linkedin.com/jobs/view/qa-test-engineer-servicenow-open-for-european-candidates-at-all-european-careers-4392179775,2026-04-06T11:03:42.785212+00:00
0,Testingenieur | Poland,linkedin,Tester Manulny Ferryt (M/K),Astek,Poland,On-site,Full-time,,,English,,,Recent,https://pl.linkedin.com/jobs/view/tester-manulny-ferryt-m-k-at-astek-4384487803,2026-04-06T11:03:42.785524+00:00
0,Testingenieur | USA,linkedin,Software Test Engineer,Beckman Coulter Life Sciences,"Indianapolis, IN",On-site,Full-time,,,English,,,Recent,https://www.linkedin.com/jobs/view/software-test-engineer-at-beckman-coulter-life-sciences-4396142764,2026-04-06T11:03:45.485824+00:00
0,Testingenieur | USA,linkedin,Dayshift Robotic Welding Programmer,Rosenboom Machine & Tool,"Sheldon, IA",On-site,Full-time,,,English,,,Recent,https://www.linkedin.com/jobs/view/dayshift-robotic-welding-programmer-at-rosenboom-machine-tool-4394290654,2026-04-06T11:03:45.486037+00:00
0,Testingenieur | USA,linkedin,Mechanical Test Engineer,Applus+ Laboratories,"Houston, TX",On-site,Full-time,,,English,,,Recent,https://www.linkedin.com/jobs/view/mechanical-test-engineer-at-applus%2B-laboratories-4125985556,2026-04-06T11:03:45.486205+00:00
0,Testingenieur | USA,linkedin,Quality Assurance Engineer (Manufacturing),PLP,"Mayfield, OH",On-site,Full-time,,,English,,,Recent,https://www.linkedin.com/jobs/view/quality-assurance-engineer-manufacturing-at-plp-4393816205,2026-04-06T11:03:45.486536+00:00
0,Testingenieur | USA,linkedin,Junior Software Test Engineer,IERUS Technologies Inc,"Huntsville, AL",On-site,Full-time,,Junior,English,,,Recent,https://www.linkedin.com/jobs/view/junior-software-test-engineer-at-ierus-technologies-inc-4393906514,2026-04-06T11:03:45.486879+00:00
0,Testingenieur | USA,linkedin,Mechanical Engineer - Testing and Assembly,"TechSource, Inc","Los Alamos, NM",On-site,Full-time,,Assembly,English,,,Recent,https://www.linkedin.com/jobs/view/mechanical-engineer-testing-and-assembly-at-techsource-inc-4383338319,2026-04-06T11:03:45.487354+00:00
0,Testingenieur | United Kingdom,linkedin,Test Technician - Manufacturing Engineering - Bolton,Bauer Media Outdoor UK,"Bolton, England, United Kingdom",On-site,Full-time,,,English,,,Recent,https://uk.linkedin.com/jobs/view/test-technician-manufacturing-engineering-bolton-at-bauer-media-outdoor-uk-4389499710,2026-04-06T11:03:47.971412+00:00
0,Testingenieur | United Kingdom,linkedin,Electronics Test & Repair Engineer,Redline Group - Specialist Recruitment for Technology & Electronics Companies,"Birmingham, England, United Kingdom",On-site,Full-time,,,English,,,Recent,https://uk.linkedin.com/jobs/view/electronics-test-repair-engineer-at-redline-group-specialist-recruitment-for-technology-electronics-companies-4392677478,2026-04-06T11:03:47.971601+00:00
0,Testingenieur | United Kingdom,linkedin,Test Engineer,SEGULA Technologies,"Aylesbury, England, United Kingdom",On-site,Contract,,R,English,,,Recent,https://uk.linkedin.com/jobs/view/test-engineer-at-segula-technologies-4388485030,2026-04-06T11:03:47.971947+00:00
0,Testingenieur | United Kingdom,linkedin,Test Engineer,Novanta Inc.,"Stockport, England, United Kingdom",On-site,Contract,"C, C++, Embedded Systems, Python","Sql, Matlab, R, C#",English,,,Recent,https://uk.linkedin.com/jobs/view/test-engineer-at-novanta-inc-4394466359,2026-04-06T11:03:47.972254+00:00
0,Testingenieur | United Kingdom,linkedin,Test Engineer,Resonate Testing Ltd,"Newry, Northern Ireland, United Kingdom",On-site,Contract,,Safe,English,,,Recent,https://uk.linkedin.com/jobs/view/test-engineer-at-resonate-testing-ltd-4391572681,2026-04-06T11:03:47.972412+00:00
0,Testingenieur | United Kingdom,linkedin,Test Engineer - Personal Safety Team (PPE) - Future Talent Pipeline,BSI,"Hemel Hempstead, England, United Kingdom",On-site,Contract,Can,,English,,,Recent,https://uk.linkedin.com/jobs/view/test-engineer-personal-safety-team-ppe-future-talent-pipeline-at-bsi-4383956793,2026-04-06T11:03:47.972564+00:00
0,Testingenieur | United Kingdom,linkedin,Junior Test Engineer,Experis UK,"Christchurch, England, United Kingdom",On-site,Full-time,,Junior,English,,,Recent,https://uk.linkedin.com/jobs/view/junior-test-engineer-at-experis-uk-4389563690,2026-04-06T11:03:47.972715+00:00
0,Test Automation | Austria,linkedin,Testing Manager (all genders),Viewpointsystem,"Vienna, Vienna, Austria",On-site,Full-time,,,English,,,Recent,https://at.linkedin.com/jobs/view/testing-manager-all-genders-at-viewpointsystem-4397889445,2026-04-06T11:03:52.771115+00:00
0,Test Automation | Austria,linkedin,Quality Manager (w/m/d),apsa personnel concepts,"Vienna, Austria",On-site,Full-time,,,English,,,Recent,https://at.linkedin.com/jobs/view/quality-manager-w-m-d-at-apsa-personnel-concepts-4393583085,2026-04-06T11:03:52.771421+00:00
0,Test Automation | Switzerland,linkedin,Head of Quality Assurance & Client Onboarding,Avaloq,"Bioggio, Ticino, Switzerland",On-site,Full-time,,Head Of,English,,,Recent,https://ch.linkedin.com/jobs/view/head-of-quality-assurance-client-onboarding-at-avaloq-4396436515,2026-04-06T11:03:55.139020+00:00
0,Test Automation | Switzerland,linkedin,Software Test Automation Engineer (Professional),Infometis,"Zurich, Zurich, Switzerland",On-site,Full-time,Test Automation,,English,,,Recent,https://ch.linkedin.com/jobs/view/software-test-automation-engineer-professional-at-infometis-4394143888,2026-04-06T11:03:55.139330+00:00
0,Test Automation | Slovakia,linkedin,Chief Technology Officer (CTO) at Telehealth Platform,Mind Friend,"Bratislava, Bratislava, Slovakia",On-site,Full-time,,,English,,,Recent,https://sk.linkedin.com/jobs/view/chief-technology-officer-cto-at-telehealth-platform-at-mind-friend-4389211294,2026-04-06T11:03:59.910193+00:00
0,Test Automation | Slovakia,linkedin,Experienced Software Test Engineer (Cypress),localhost.company,"Košice, Kosice, Slovakia",On-site,Full-time,,Cypress,English,,,Recent,https://sk.linkedin.com/jobs/view/experienced-software-test-engineer-cypress-at-localhost-company-4386674039,2026-04-06T11:03:59.910672+00:00
0,Test Automation | Slovakia,linkedin,Quality Assurance Automation Engineer,Billdu,"Bratislava, Bratislava, Slovakia",On-site,Full-time,,,English,,,Recent,https://sk.linkedin.com/jobs/view/quality-assurance-automation-engineer-at-billdu-4387888986,2026-04-06T11:03:59.911182+00:00
0,Test Automation | Czech Republic,linkedin,Quality Analyst (SANTIAGO),One Park Financial,"Santiago de los Caballeros, Santiago, Dominican Republic",On-site,Full-time,,,English,,,Recent,https://do.linkedin.com/jobs/view/quality-analyst-santiago-at-one-park-financial-4390626481,2026-04-06T11:04:02.297635+00:00
0,Test Automation | Czech Republic,linkedin,Aprendiz de QA,Babel,"Santo Domingo, Distrito Nacional, Dominican Republic",On-site,Full-time,,,English,,,Recent,https://do.linkedin.com/jobs/view/aprendiz-de-qa-at-babel-4370737100,2026-04-06T11:04:02.297858+00:00
0,Test Automation | Czech Republic,linkedin,Quality Analyst,One Park Financial,"Santo Domingo, Distrito Nacional, Dominican Republic",On-site,Full-time,,,English,,,Recent,https://do.linkedin.com/jobs/view/quality-analyst-at-one-park-financial-4390631358,2026-04-06T11:04:02.298024+00:00
0,Test Automation | Czech Republic,linkedin,QA Automation Developer / R + D - Remote Work,BairesDev,"Santo Domingo, Dominican Republic",Remote,Full-time,,R,English,,,Recent,https://do.linkedin.com/jobs/view/qa-automation-developer-r-%2B-d-remote-work-at-bairesdev-4391883234,2026-04-06T11:04:02.299145+00:00
0,Test Automation | Poland,linkedin,Test Automation engineer /QA,THAUMATEC TECH GROUP,"Wrocław, Dolnośląskie, Poland",On-site,Full-time,Test Automation,,English,,,Recent,https://pl.linkedin.com/jobs/view/test-automation-engineer-qa-at-thaumatec-tech-group-4396977989,2026-04-06T11:04:04.753301+00:00
0,Test Automation | Poland,linkedin,Sr Engineer - Software QA,Xperi Inc.,"Warsaw, Mazowieckie, Poland",On-site,Full-time,,,English,,,Recent,https://pl.linkedin.com/jobs/view/sr-engineer-software-qa-at-xperi-inc-4385696609,2026-04-06T11:04:04.753634+00:00
0,Test Automation | Poland,linkedin,QA Analyst (Manual & Automation)/ I,Inetum,"Warsaw, Mazowieckie, Poland",On-site,Full-time,,,English,,,Recent,https://pl.linkedin.com/jobs/view/qa-analyst-manual-automation-i-at-inetum-4373813470,2026-04-06T11:04:04.753817+00:00
0,Test Automation | USA,linkedin,QA Automation Engineer,ClassWallet,United States,On-site,Full-time,,,English,,,Recent,https://www.linkedin.com/jobs/view/qa-automation-engineer-at-classwallet-4391777521,2026-04-06T11:04:07.260206+00:00
0,Test Automation | USA,linkedin,QA Analyst I,Filevine,United States,On-site,Full-time,,,English,,,Recent,https://www.linkedin.com/jobs/view/qa-analyst-i-at-filevine-4391155833,2026-04-06T11:04:07.260358+00:00
0,Test Automation | USA,linkedin,Software QA Tester,Blazel,"Palo Alto, CA",On-site,Full-time,,,English,,,Recent,https://www.linkedin.com/jobs/view/software-qa-tester-at-blazel-4390977197,2026-04-06T11:04:07.260520+00:00
0,Test Automation | USA,linkedin,Quality Assurance Analyst (Manual) – 18-Month Contract (Remote),PolicyMe,"Ontario, CA",Remote,Contract,,,English,,,Recent,https://www.linkedin.com/jobs/view/quality-assurance-analyst-manual-%E2%80%93-18-month-contract-remote-at-policyme-4391178062,2026-04-06T11:04:07.260671+00:00
0,Test Automation | USA,linkedin,Quality Assurance Tester,MenuFit,United States,On-site,Full-time,,,English,,,Recent,https://www.linkedin.com/jobs/view/quality-assurance-tester-at-menufit-4391957937,2026-04-06T11:04:07.260854+00:00
0,Test Automation | USA,linkedin,Junior Software Tester,Penta Research Incorporated,"Huntsville, AL",On-site,Full-time,,Junior,English,,,Recent,https://www.linkedin.com/jobs/view/junior-software-tester-at-penta-research-incorporated-4390660450,2026-04-06T11:04:07.261005+00:00
0,Test Automation | USA,linkedin,Manual/Automation QA,Kforce Inc,"Charlotte, NC",On-site,Full-time,,,English,,,Recent,https://www.linkedin.com/jobs/view/manual-automation-qa-at-kforce-inc-4388380953,2026-04-06T11:04:07.261160+00:00
0,Test Automation | United Kingdom,linkedin,Test Automation Engineer,Deloitte,"Glasgow, Scotland, United Kingdom",On-site,Full-time,Test Automation,,English,,,Recent,https://uk.linkedin.com/jobs/view/test-automation-engineer-at-deloitte-4383541540,2026-04-06T11:04:09.669448+00:00
0,Test Automation | United Kingdom,linkedin,Test Automation Specialist,Coforge,"Sheffield, England, United Kingdom",On-site,Full-time,Test Automation,,English,,,Recent,https://uk.linkedin.com/jobs/view/test-automation-specialist-at-coforge-4389582934,2026-04-06T11:04:09.670778+00:00
0,Test Automation | United Kingdom,linkedin,Quality Assurance Analyst,Crowe UK,"West Midlands, England, United Kingdom",On-site,Full-time,,,English,,,Recent,https://uk.linkedin.com/jobs/view/quality-assurance-analyst-at-crowe-uk-4392768413,2026-04-06T11:04:09.670943+00:00
0,Python Developer | Germany,linkedin,Freelance Data Science Engineer (Python & SQL),Mindrift,"Frankfurt am Main, Hesse, Germany",On-site,Contract,Python,"Sql, Data Science",English,,,Recent,https://de.linkedin.com/jobs/view/freelance-data-science-engineer-python-sql-at-mindrift-4393520147,2026-04-06T11:04:12.171298+00:00
0,Python Developer | Germany,linkedin,Freelance Data Science Engineer (Python & SQL),Mindrift,"Stuttgart, Baden-Württemberg, Germany",On-site,Contract,Python,"Sql, Data Science",English,,,Recent,https://de.linkedin.com/jobs/view/freelance-data-science-engineer-python-sql-at-mindrift-4393512379,2026-04-06T11:04:12.171492+00:00
0,Python Developer | Germany,linkedin,Back-End Engineer - Team Agents,Taktile,"Berlin, Berlin, Germany",On-site,Full-time,,,English,,,Recent,https://de.linkedin.com/jobs/view/back-end-engineer-team-agents-at-taktile-4392985823,2026-04-06T11:04:12.171665+00:00
0,Python Developer | Germany,linkedin,Python Developer (gn),ControlExpert GmbH,"Düsseldorf, North Rhine-Westphalia, Germany",On-site,Full-time,Python,,English,,,Recent,https://de.linkedin.com/jobs/view/python-developer-gn-at-controlexpert-gmbh-4395032590,2026-04-06T11:04:12.171849+00:00
0,Python Developer | Germany,linkedin,Freelance Data Science Engineer (Python & SQL),Mindrift,"Berlin, Berlin, Germany",On-site,Contract,Python,"Sql, Data Science",English,,,Recent,https://de.linkedin.com/jobs/view/freelance-data-science-engineer-python-sql-at-mindrift-4393519232,2026-04-06T11:04:12.172009+00:00
0,Python Developer | Germany,linkedin,Freelance Data Science Engineer (Python & SQL),Mindrift,Germany,On-site,Contract,Python,"Sql, Data Science",English,,,Recent,https://de.linkedin.com/jobs/view/freelance-data-science-engineer-python-sql-at-mindrift-4393504834,2026-04-06T11:04:12.172167+00:00
0,Python Developer | Germany,linkedin,Python Developer | Remote,Crossing Hurdles,Germany,Remote,Full-time,Python,,English,,,Recent,https://de.linkedin.com/jobs/view/python-developer-remote-at-crossing-hurdles-4370016911,2026-04-06T11:04:12.172320+00:00
0,Python Developer | Germany,linkedin,Python Developer,PURVIEW,"Bavaria, Germany",On-site,Full-time,Python,,English,,,Recent,https://de.linkedin.com/jobs/view/python-developer-at-purview-4386883148,2026-04-06T11:04:12.172478+00:00
0,Python Developer | Germany,linkedin,Python Developer,HCLTech,"Cologne, North Rhine-Westphalia, Germany",On-site,Full-time,Python,,English,,,Recent,https://de.linkedin.com/jobs/view/python-developer-at-hcltech-4382284368,2026-04-06T11:04:12.172632+00:00
0,Python Developer | Germany,linkedin,Python Developer Remote,Mercor,Germany,Remote,Full-time,Python,,English,,,Recent,https://de.linkedin.com/jobs/view/python-developer-remote-at-mercor-4389473660,2026-04-06T11:04:12.172803+00:00
0,Python Developer | Austria,linkedin,Freelance Data Science Engineer (Python & SQL),Mindrift,Austria,On-site,Contract,Python,"Sql, Data Science",English,,,Recent,https://at.linkedin.com/jobs/view/freelance-data-science-engineer-python-sql-at-mindrift-4393514345,2026-04-06T11:04:14.554896+00:00
0,Python Developer | Austria,linkedin,Backend Developer (m/f/d),AllCloud,Austria,On-site,Full-time,,,English,,,Recent,https://at.linkedin.com/jobs/view/backend-developer-m-f-d-at-allcloud-4391581141,2026-04-06T11:04:14.555086+00:00
0,Python Developer | Austria,linkedin,Software Engineer - Python - Cloud - graduate level,Canonical,"Vienna, Vienna, Austria",On-site,Full-time,Python,Graduate,English,,,Recent,https://at.linkedin.com/jobs/view/software-engineer-python-cloud-graduate-level-at-canonical-4389952665,2026-04-06T11:04:14.555250+00:00
0,Python Developer | Austria,linkedin,Freelance AI Evaluation Engineer (Python/Full-Stack),Mindrift,Austria,On-site,Contract,Python,,English,,,Recent,https://at.linkedin.com/jobs/view/freelance-ai-evaluation-engineer-python-full-stack-at-mindrift-4392345194,2026-04-06T11:04:14.555729+00:00
0,Python Developer | Austria,linkedin,Fullstack-EntwicklerIn eHealth Bildverarbeitung (m/w/d),PARATUS,"Vienna, Austria",On-site,Full-time,,,English,,,Recent,https://at.linkedin.com/jobs/view/fullstack-entwicklerin-ehealth-bildverarbeitung-m-w-d-at-paratus-4395007934,2026-04-06T11:04:14.556093+00:00
0,Python Developer | Austria,linkedin,Python Developer – Focus on Data Analysis (m/f/d),netcup,"Klagenfurt, Carinthia, Austria",On-site,Full-time,Python,,English,,,Recent,https://at.linkedin.com/jobs/view/python-developer-%E2%80%93-focus-on-data-analysis-m-f-d-at-netcup-4387689048,2026-04-06T11:04:14.556246+00:00
0,Python Developer | Switzerland,linkedin,(Junior) Full Stack Developer 80-100% (f/m/d),LGT Private Banking,"Zurich, Zurich, Switzerland",Remote,Full-time,,Junior,English,,,Recent,https://ch.linkedin.com/jobs/view/junior-full-stack-developer-80-100%25-f-m-d-at-lgt-private-banking-4393519950,2026-04-06T11:04:16.941357+00:00
0,Python Developer | Switzerland,linkedin,Software Engineer (Python & DevOps) (SY-EPC-CCS-2026-86-GRAE),CERN,"Geneva, Geneva, Switzerland",On-site,Full-time,Python,Devops,English,,,Recent,https://ch.linkedin.com/jobs/view/software-engineer-python-devops-sy-epc-ccs-2026-86-grae-at-cern-4395683087,2026-04-06T11:04:16.941541+00:00
0,Python Developer | Switzerland,linkedin,Web Developer (Remote),Twine,Switzerland,Remote,Full-time,,,English,,,Recent,https://ch.linkedin.com/jobs/view/web-developer-remote-at-twine-4395041248,2026-04-06T11:04:16.941701+00:00
0,Python Developer | Switzerland,linkedin,Développeur Python/Développeuse Python,Qim info,"Geneva, Switzerland",On-site,Full-time,Python,,English,,,Recent,https://ch.linkedin.com/jobs/view/d%C3%A9veloppeur-python-d%C3%A9veloppeuse-python-at-qim-info-4383551383,2026-04-06T11:04:16.941888+00:00
0,Python Developer | Switzerland,linkedin,Backend Entwickler 80 - 100%,Fincons Group,"Bern, Berne, Switzerland",Remote,Full-time,,,English,,,Recent,https://ch.linkedin.com/jobs/view/backend-entwickler-80-100%25-at-fincons-group-4395046745,2026-04-06T11:04:16.942056+00:00
0,Python Developer | Switzerland,linkedin,Fullstack Software Developer,OK JOB SA,"Neuchâtel, Neuchâtel, Switzerland",On-site,Full-time,,,English,,,Recent,https://ch.linkedin.com/jobs/view/fullstack-software-developer-at-ok-job-sa-4392397744,2026-04-06T11:04:16.942212+00:00
0,Python Developer | Switzerland,linkedin,Python Software Engineer - Digital Assets,IMC Trading,"Zug, Switzerland",On-site,Full-time,Python,,English,,,Recent,https://ch.linkedin.com/jobs/view/python-software-engineer-digital-assets-at-imc-trading-4308011222,2026-04-06T11:04:16.942526+00:00
0,Python Developer | Switzerland,linkedin,Python Developer 80% - 100%,PSI Paul Scherrer Institut,"Villigen, Aargau, Switzerland",Remote,Full-time,Python,,English,,,Recent,https://ch.linkedin.com/jobs/view/python-developer-80%25-100%25-at-psi-paul-scherrer-institut-4384152200,2026-04-06T11:04:16.942675+00:00
0,Python Developer | Remote,linkedin,Backend Developer (m/f/d),AllCloud,Germany,Remote,Full-time,,,English,,,Recent,https://de.linkedin.com/jobs/view/backend-developer-m-f-d-at-allcloud-4338908583,2026-04-06T11:04:19.443362+00:00
0,Python Developer | Remote,linkedin,Software Engineer - Python - Cloud - graduate level,Canonical,"Berlin, Berlin, Germany",Remote,Full-time,Python,Graduate,English,,,Recent,https://de.linkedin.com/jobs/view/software-engineer-python-cloud-graduate-level-at-canonical-4389965199,2026-04-06T11:04:19.443518+00:00
0,Python Developer | Remote,linkedin,Software Engineer - Python - Cloud - graduate level,Canonical,"Frankfurt, Hesse, Germany",Remote,Full-time,Python,Graduate,English,,,Recent,https://de.linkedin.com/jobs/view/software-engineer-python-cloud-graduate-level-at-canonical-4389951671,2026-04-06T11:04:19.443674+00:00
0,Python Developer | Slovakia,linkedin,Python Software Developer,Nokia,"Bratislava, Bratislava, Slovakia",On-site,Full-time,Python,,English,,,Recent,https://sk.linkedin.com/jobs/view/python-software-developer-at-nokia-4289894545,2026-04-06T11:04:21.791928+00:00
0,Python Developer | Slovakia,linkedin,Software Engineer - Python,Legend,"Bratislava, Bratislava, Slovakia",On-site,Full-time,Python,,English,,,Recent,https://sk.linkedin.com/jobs/view/software-engineer-python-at-legend-4371203262,2026-04-06T11:04:21.792113+00:00
0,Python Developer | Slovakia,linkedin,Python Software Engineer,ESET,"Bratislava, Bratislava, Slovakia",On-site,Full-time,Python,,English,,,Recent,https://sk.linkedin.com/jobs/view/python-software-engineer-at-eset-4292497215,2026-04-06T11:04:21.792279+00:00
0,Python Developer | Slovakia,linkedin,Python Software Engineer,ESET,"Bratislava, Bratislava, Slovakia",On-site,Full-time,Python,,English,,,Recent,https://sk.linkedin.com/jobs/view/python-software-engineer-at-eset-4385085021,2026-04-06T11:04:21.792438+00:00
0,Python Developer | Slovakia,linkedin,"Junior AI Engineer – Python, GenAI & Machine Learning (m/f)",PwC Slovakia,"Bratislava, Bratislava, Slovakia",On-site,Full-time,Python,"Machine Learning, Junior",English,,,Recent,https://sk.linkedin.com/jobs/view/junior-ai-engineer-%E2%80%93-python-genai-machine-learning-m-f-at-pwc-slovakia-4328270572,2026-04-06T11:04:21.792592+00:00
0,Python Developer | Slovakia,linkedin,Python Developer – meteorologické modelovanie,MicroStep-MIS,"Bratislava, Bratislava, Slovakia",On-site,Full-time,Python,,English,,,Recent,https://sk.linkedin.com/jobs/view/python-developer-%E2%80%93-meteorologick%C3%A9-modelovanie-at-microstep-mis-4383552379,2026-04-06T11:04:21.792774+00:00
0,Python Developer | Slovakia,linkedin,Software Engineer - Python - Cloud - graduate level,Canonical,"Bratislava, Bratislava, Slovakia",On-site,Full-time,Python,Graduate,English,,,Recent,https://sk.linkedin.com/jobs/view/software-engineer-python-cloud-graduate-level-at-canonical-4389952662,2026-04-06T11:04:21.792945+00:00
0,Python Developer | Slovakia,linkedin,"Junior AI Engineer – Python, GenAI & Machine Learning (m/f)",PwC Slovakia,"Košice, Kosice, Slovakia",On-site,Full-time,Python,"Machine Learning, Junior",English,,,Recent,https://sk.linkedin.com/jobs/view/junior-ai-engineer-%E2%80%93-python-genai-machine-learning-m-f-at-pwc-slovakia-4328290382,2026-04-06T11:04:21.793097+00:00
0,Python Developer | Slovakia,linkedin,Python Engineer,Swiss Re,"Bratislava, Bratislava, Slovakia",On-site,Full-time,Python,,English,,,Recent,https://sk.linkedin.com/jobs/view/python-engineer-at-swiss-re-4325749432,2026-04-06T11:04:21.793252+00:00
0,Python Developer | Slovakia,linkedin,"AI Engineer – Python, GenAI & Machine Learning (m/f)",PwC Slovakia,"Bratislava, Bratislava, Slovakia",On-site,Full-time,Python,Machine Learning,English,,,Recent,https://sk.linkedin.com/jobs/view/ai-engineer-%E2%80%93-python-genai-machine-learning-m-f-at-pwc-slovakia-4315741635,2026-04-06T11:04:21.793398+00:00
0,Python Developer | Czech Republic,linkedin,DESARROLLADOR BACK-END (QIK),Banco Popular Dominicano,"Santo Domingo, Distrito Nacional, Dominican Republic",On-site,Full-time,,,English,,,Recent,https://do.linkedin.com/jobs/view/desarrollador-back-end-qik-at-banco-popular-dominicano-4387989552,2026-04-06T11:04:24.272081+00:00
0,Python Developer | Czech Republic,linkedin,Desarrollador Full Stack,GomezLee Marketing,"Santo Domingo, Dominican Republic",On-site,Full-time,,,English,,,Recent,https://do.linkedin.com/jobs/view/desarrollador-full-stack-at-gomezlee-marketing-4393496683,2026-04-06T11:04:24.272267+00:00
0,Python Developer | Czech Republic,linkedin,Líder Desarrollador Back-End,Banco Popular Dominicano,"Santo Domingo, Distrito Nacional, Dominican Republic",On-site,Full-time,,,English,,,Recent,https://do.linkedin.com/jobs/view/l%C3%ADder-desarrollador-back-end-at-banco-popular-dominicano-4392678000,2026-04-06T11:04:24.272430+00:00
0,Python Developer | Czech Republic,linkedin,Sr. Full Stack Engineer (Angular/Java/Typescript) - SaaS,Truelogic Software,Dominican Republic,On-site,Full-time,"Java, Typescript",Angular,English,,,Recent,https://do.linkedin.com/jobs/view/sr-full-stack-engineer-angular-java-typescript-saas-at-truelogic-software-4392989730,2026-04-06T11:04:24.272595+00:00
0,Python Developer | Czech Republic,linkedin,Web Developer Junior (WordPress / Elementor) – Full Time,Every Corner Connect,"Santo Domingo, Distrito Nacional, Dominican Republic",On-site,Full-time,,Junior,English,,,Recent,https://do.linkedin.com/jobs/view/web-developer-junior-wordpress-elementor-%E2%80%93-full-time-at-every-corner-connect-4389906520,2026-04-06T11:04:24.272775+00:00
0,Python Developer | Czech Republic,linkedin,Back End Developer,SmartEnergy.com,"Santo Domingo, Distrito Nacional, Dominican Republic",On-site,Full-time,,,English,,,Recent,https://do.linkedin.com/jobs/view/back-end-developer-at-smartenergy-com-4387880600,2026-04-06T11:04:24.272944+00:00
0,Python Developer | Czech Republic,linkedin,AI/ML Engineer,Perform,Dominican Republic,On-site,Full-time,,,English,,,Recent,https://do.linkedin.com/jobs/view/ai-ml-engineer-at-perform-4344260713,2026-04-06T11:04:24.273099+00:00
0,Python Developer | Czech Republic,linkedin,"Full Stack Software Engineer for AI Training (Remote, Flexible, 100+ openings)",Braintrust,Dominican Republic,Remote,Full-time,,,English,,,Recent,https://do.linkedin.com/jobs/view/full-stack-software-engineer-for-ai-training-remote-flexible-100%2B-openings-at-braintrust-4387238624,2026-04-06T11:04:24.273253+00:00
0,Python Developer | Czech Republic,linkedin,Agentic Python Engineer - Remote - Latin America,FullStack,Dominican Republic,Remote,Full-time,Python,,English,,,Recent,https://do.linkedin.com/jobs/view/agentic-python-engineer-remote-latin-america-at-fullstack-4315360603,2026-04-06T11:04:24.273409+00:00
0,Python Developer | Poland,linkedin,Software Engineer (Python) - AI Platform,Revolut,Poland,On-site,Full-time,Python,,English,,,Recent,https://pl.linkedin.com/jobs/view/software-engineer-python-ai-platform-at-revolut-4250500721,2026-04-06T11:04:26.668976+00:00
0,Python Developer | Poland,linkedin,Python Developer,IT Factory,"Warsaw, Mazowieckie, Poland",On-site,Full-time,Python,,English,,,Recent,https://pl.linkedin.com/jobs/view/python-developer-at-it-factory-4393297158,2026-04-06T11:04:26.669336+00:00
0,Python Developer | Poland,linkedin,Software Engineer (4/5) — Developer Platform,Netflix,"Warsaw, Mazowieckie, Poland",On-site,Full-time,,,English,,,Recent,https://pl.linkedin.com/jobs/view/software-engineer-4-5-%E2%80%94-developer-platform-at-netflix-4193468200,2026-04-06T11:04:26.669491+00:00
0,Python Developer | Poland,linkedin,Python Engineer,GRAI,"Warsaw, Mazowieckie, Poland",On-site,Full-time,Python,,English,,,Recent,https://pl.linkedin.com/jobs/view/python-engineer-at-grai-4391894867,2026-04-06T11:04:26.669658+00:00
0,Python Developer | Poland,linkedin,"Software Engineer (Python) - Relocation to Poland, Spain, or UAE",Revolut,Poland,On-site,Full-time,Python,,English,,,Recent,https://pl.linkedin.com/jobs/view/software-engineer-python-relocation-to-poland-spain-or-uae-at-revolut-4372826534,2026-04-06T11:04:26.669841+00:00
0,Python Developer | Poland,linkedin,"Python Engineer, Data Platform",Balyasny Asset Management L.P.,"Warsaw, Mazowieckie, Poland",On-site,Full-time,Python,,English,,,Recent,https://pl.linkedin.com/jobs/view/python-engineer-data-platform-at-balyasny-asset-management-l-p-4388907318,2026-04-06T11:04:26.670000+00:00
0,Python Developer | Poland,linkedin,Python Developer,AppTailors,Poland,On-site,Full-time,Python,,English,,,Recent,https://pl.linkedin.com/jobs/view/python-developer-at-apptailors-4387098131,2026-04-06T11:04:26.670309+00:00
0,Python Developer | Poland,linkedin,Software Engineer (Python–GenAI) | f/m/d,ERGO Technology & Services,"Warsaw, Mazowieckie, Poland",On-site,Full-time,Python,,English,,,Recent,https://pl.linkedin.com/jobs/view/software-engineer-python%E2%80%93genai-f-m-d%E2%80%8B-at-ergo-technology-services-4392908209,2026-04-06T11:04:26.670466+00:00
0,Python Developer | USA,linkedin,Freelance Data Science Engineer (Python & SQL),Mindrift,"South Carolina, United States",On-site,Contract,Python,"Sql, Data Science",English,,,Recent,https://www.linkedin.com/jobs/view/freelance-data-science-engineer-python-sql-at-mindrift-4393514275,2026-04-06T11:04:29.219186+00:00
0,Python Developer | USA,linkedin,Backend Engineer Intern,Tinder,"Los Angeles, CA",On-site,Internship,,Intern,English,,,Recent,https://www.linkedin.com/jobs/view/backend-engineer-intern-at-tinder-4324000392,2026-04-06T11:04:29.219349+00:00
0,Python Developer | USA,linkedin,Software Developer – Python & DevOps,KSM Technology Partners,"Audubon, PA",On-site,Full-time,Python,Devops,English,,,Recent,https://www.linkedin.com/jobs/view/software-developer-%E2%80%93-python-devops-at-ksm-technology-partners-4389767335,2026-04-06T11:04:29.219508+00:00
0,Python Developer | USA,linkedin,"Software Engineer II (AI, Python, Typescript)",Travelers,"Hartford, CT",On-site,Full-time,"Python, Typescript",,English,,,Recent,https://www.linkedin.com/jobs/view/software-engineer-ii-ai-python-typescript-at-travelers-4389550620,2026-04-06T11:04:29.219675+00:00
0,Python Developer | USA,linkedin,Python AI Engineer,Arka Innovate,New York City Metropolitan Area,On-site,Full-time,Python,,English,,,Recent,https://www.linkedin.com/jobs/view/python-ai-engineer-at-arka-innovate-4392455560,2026-04-06T11:04:29.219861+00:00
0,Python Developer | USA,linkedin,Backend Engineer Intern,Tinder,"Palo Alto, CA",On-site,Internship,,Intern,English,,,Recent,https://www.linkedin.com/jobs/view/backend-engineer-intern-at-tinder-4323730907,2026-04-06T11:04:29.220166+00:00
0,Python Developer | USA,linkedin,Freelance Data Science Engineer (Python & SQL),Mindrift,"Michigan, United States",On-site,Contract,Python,"Sql, Data Science",English,,,Recent,https://www.linkedin.com/jobs/view/freelance-data-science-engineer-python-sql-at-mindrift-4393521078,2026-04-06T11:04:29.220322+00:00
0,Python Developer | USA,linkedin,Freelance Data Science Engineer (Python & SQL),Mindrift,"Minnesota, United States",On-site,Contract,Python,"Sql, Data Science",English,,,Recent,https://www.linkedin.com/jobs/view/freelance-data-science-engineer-python-sql-at-mindrift-4393514276,2026-04-06T11:04:29.220477+00:00
0,Python Developer | United Kingdom,linkedin,Software Engineer (Python) - AI Platform,Revolut,United Kingdom,On-site,Full-time,Python,,English,,,Recent,https://uk.linkedin.com/jobs/view/software-engineer-python-ai-platform-at-revolut-4250197984,2026-04-06T11:04:31.674048+00:00
0,Python Developer | United Kingdom,linkedin,Python Software Engineer – Up to £120K + Bonus & Benefits – London (Flexible Working),Hunter Bond,"London Area, United Kingdom",On-site,Full-time,Python,,English,,,Recent,https://uk.linkedin.com/jobs/view/python-software-engineer-%E2%80%93-up-to-%C2%A3120k-%2B-bonus-benefits-%E2%80%93-london-flexible-working-at-hunter-bond-4395882151,2026-04-06T11:04:31.674236+00:00
0,Python Developer | United Kingdom,linkedin,Python Developer,Runtime Group Ltd,"London Area, United Kingdom",On-site,Full-time,Python,,English,,,Recent,https://uk.linkedin.com/jobs/view/python-developer-at-runtime-group-ltd-4393286664,2026-04-06T11:04:31.674411+00:00
0,Python Developer | United Kingdom,linkedin,Python Software Engineer – Up to £150K + Bonus & Benefits – London,Hunter Bond,"London Area, United Kingdom",On-site,Full-time,Python,,English,,,Recent,https://uk.linkedin.com/jobs/view/python-software-engineer-%E2%80%93-up-to-%C2%A3150k-%2B-bonus-benefits-%E2%80%93-london-at-hunter-bond-4395881310,2026-04-06T11:04:31.674574+00:00
0,Python Developer | United Kingdom,linkedin,Backend Software Engineer (Python),SR2 | Socially Responsible Recruitment | Certified B Corporation™,"London Area, United Kingdom",On-site,Full-time,Python,,English,,,Recent,https://uk.linkedin.com/jobs/view/backend-software-engineer-python-at-sr2-socially-responsible-recruitment-certified-b-corporation%E2%84%A2-4395057626,2026-04-06T11:04:31.674740+00:00
0,Python Developer | United Kingdom,linkedin,Python Software Engineer,Prima,"London, England, United Kingdom",On-site,Full-time,Python,,English,,,Recent,https://uk.linkedin.com/jobs/view/python-software-engineer-at-prima-4149696449,2026-04-06T11:04:31.674945+00:00
0,Python Developer | United Kingdom,linkedin,Python/API Developer,Capgemini,"London Area, United Kingdom",On-site,Full-time,Python,,English,,,Recent,https://uk.linkedin.com/jobs/view/python-api-developer-at-capgemini-4392412220,2026-04-06T11:04:31.675102+00:00
0,Python Developer | United Kingdom,linkedin,Freelance Data Science Engineer (Python & SQL),Mindrift,"Glasgow, Scotland, United Kingdom",On-site,Contract,Python,"Sql, Data Science",English,,,Recent,https://uk.linkedin.com/jobs/view/freelance-data-science-engineer-python-sql-at-mindrift-4393514283,2026-04-06T11:04:31.675259+00:00
0,Python Developer | United Kingdom,linkedin,Freelance Data Science Engineer (Python & SQL),Mindrift,"London, England, United Kingdom",On-site,Contract,Python,"Sql, Data Science",English,,,Recent,https://uk.linkedin.com/jobs/view/freelance-data-science-engineer-python-sql-at-mindrift-4393509479,2026-04-06T11:04:31.675411+00:00
0,Python Developer | United Kingdom,linkedin,Python Developer,Wipro,"London Area, United Kingdom",On-site,Full-time,Python,,English,,,Recent,https://uk.linkedin.com/jobs/view/python-developer-at-wipro-4384455997,2026-04-06T11:04:31.675562+00:00
0,Python Test | Austria,linkedin,Data Scientist,Inmox GmbH,"Vienna, Austria",On-site,Full-time,,,English,,,Recent,https://at.linkedin.com/jobs/view/data-scientist-at-inmox-gmbh-4396954356,2026-04-06T11:04:36.504217+00:00
0,Python Test | Austria,linkedin,Softwaretester (d/w/m),hello again,"Leonding, Upper Austria, Austria",On-site,Full-time,,,English,,,Recent,https://at.linkedin.com/jobs/view/softwaretester-d-w-m-at-hello-again-4396649547,2026-04-06T11:04:36.504369+00:00
0,Python Test | Switzerland,linkedin,Automation Engineer,CLEEVEN,"Basel, Switzerland",On-site,Full-time,,,English,,,Recent,https://ch.linkedin.com/jobs/view/automation-engineer-at-cleeven-4384362531,2026-04-06T11:04:38.873238+00:00
0,Python Test | Czech Republic,linkedin,Junior Software Engineer,Honeywell Aerospace Technologies,Dominican Republic,On-site,Full-time,,Junior,English,,,Recent,https://do.linkedin.com/jobs/view/junior-software-engineer-at-honeywell-aerospace-technologies-4395304063,2026-04-06T11:04:46.033066+00:00
0,Python Test | Czech Republic,linkedin,Trainee in Application Lab,STMicroelectronics,"Batey 8, Independencia Province, Dominican Republic",On-site,Full-time,,Trainee,English,,,Recent,https://do.linkedin.com/jobs/view/trainee-in-application-lab-at-stmicroelectronics-4377848452,2026-04-06T11:04:46.033225+00:00
0,Python Test | Czech Republic,linkedin,Sr. SDET (Gaming Industry),Perform,Dominican Republic,On-site,Full-time,,,English,,,Recent,https://do.linkedin.com/jobs/view/sr-sdet-gaming-industry-at-perform-4362287427,2026-04-06T11:04:46.033385+00:00
0,Python Test | Czech Republic,linkedin,Quality Engineer III,Nissha Medical Technologies,Dominican Republic,On-site,Full-time,,,English,,,Recent,https://do.linkedin.com/jobs/view/quality-engineer-iii-at-nissha-medical-technologies-4388364407,2026-04-06T11:04:46.034044+00:00
0,Python Test | Czech Republic,linkedin,Manufacturing Engineer I,Nissha Medical Technologies,Dominican Republic,On-site,Full-time,,,English,,,Recent,https://do.linkedin.com/jobs/view/manufacturing-engineer-i-at-nissha-medical-technologies-4383889059,2026-04-06T11:04:46.034196+00:00
0,Python Test | Poland,linkedin,Intermediate Test Engineer Automation (Python) - OP02085,Dev.Pro,"Wrocław, Dolnośląskie, Poland",On-site,Full-time,Python,,English,,,Recent,https://pl.linkedin.com/jobs/view/intermediate-test-engineer-automation-python-op02085-at-dev-pro-4390325844,2026-04-06T11:04:48.453066+00:00
0,Python Test | USA,linkedin,QA Analyst,OVA.Work,"New York, NY",On-site,Full-time,,,English,,,Recent,https://www.linkedin.com/jobs/view/qa-analyst-at-ova-work-4397776451,2026-04-06T11:04:51.012241+00:00
0,Python Test | USA,linkedin,QA Automation Engineer,EarthCam,"Upper Saddle River, NJ",On-site,Full-time,,,English,,,Recent,https://www.linkedin.com/jobs/view/qa-automation-engineer-at-earthcam-4395343641,2026-04-06T11:04:51.012395+00:00
0,Python Test | USA,linkedin,QA Manual Test Engineer,Premier Group,United States,On-site,Full-time,,,English,,,Recent,https://www.linkedin.com/jobs/view/qa-manual-test-engineer-at-premier-group-4393961122,2026-04-06T11:04:51.012553+00:00
0,Python Test | USA,linkedin,Manufacturing Test Software Engineer,Ouster,"San Francisco, CA",On-site,Full-time,,,English,,,Recent,https://www.linkedin.com/jobs/view/manufacturing-test-software-engineer-at-ouster-4397157964,2026-04-06T11:04:51.012723+00:00
0,Python Test | USA,linkedin,QA Test Engineer,Lumafield,"San Francisco, CA",On-site,Full-time,,,English,,,Recent,https://www.linkedin.com/jobs/view/qa-test-engineer-at-lumafield-4374308517,2026-04-06T11:04:51.012910+00:00
0,Python Test | USA,linkedin,Software Quality Engineer I,Abbott,"Los Angeles, CA",On-site,Full-time,,,English,,,Recent,https://www.linkedin.com/jobs/view/software-quality-engineer-i-at-abbott-4394989246,2026-04-06T11:04:51.013069+00:00
0,Python Test | USA,linkedin,Quality Assurance Engineer,Enexus Global Inc.,"Fremont, CA",On-site,Full-time,,,English,,,Recent,https://www.linkedin.com/jobs/view/quality-assurance-engineer-at-enexus-global-inc-4392471189,2026-04-06T11:04:51.013229+00:00
0,Python Test | United Kingdom,linkedin,Quality Assurance Automation Engineer,develop,"Newcastle Upon Tyne, England, United Kingdom",On-site,Full-time,,,English,,,Recent,https://uk.linkedin.com/jobs/view/quality-assurance-automation-engineer-at-develop-4383098142,2026-04-06T11:04:53.495535+00:00
0,Python Test | United Kingdom,linkedin,QA Automation Engineer,Jobgether,United Kingdom,On-site,Full-time,,,English,,,Recent,https://uk.linkedin.com/jobs/view/qa-automation-engineer-at-jobgether-4397061157,2026-04-06T11:04:53.495872+00:00
0,Firmware Engineer | Germany,linkedin,Software Embedded Engineer,Corsair,"Landshut, Bavaria, Germany",On-site,Full-time,,,English,,,Recent,https://de.linkedin.com/jobs/view/software-embedded-engineer-at-corsair-4351784200,2026-04-06T11:04:55.921388+00:00
0,Firmware Engineer | Germany,linkedin,Embedded Software-Entwickler (m/w/d),KISTERS Group,"Aachen, North Rhine-Westphalia, Germany",On-site,Full-time,,,English,,,Recent,https://de.linkedin.com/jobs/view/embedded-software-entwickler-m-w-d-at-kisters-group-4395363633,2026-04-06T11:04:55.921550+00:00
0,Firmware Engineer | Germany,linkedin,Embedded Software-Entwickler (m/w/d),Bytec Medizintechnik GmbH,"Eschweiler, North Rhine-Westphalia, Germany",On-site,Full-time,,,English,,,Recent,https://de.linkedin.com/jobs/view/embedded-software-entwickler-m-w-d-at-bytec-medizintechnik-gmbh-4386111911,2026-04-06T11:04:55.921706+00:00
0,Firmware Engineer | Germany,linkedin,Embedded Softwareentwickler (w/m/d),KISTERS Group,"Aachen, North Rhine-Westphalia, Germany",On-site,Full-time,,,English,,,Recent,https://de.linkedin.com/jobs/view/embedded-softwareentwickler-w-m-d-at-kisters-group-4392525864,2026-04-06T11:04:55.922055+00:00
0,Firmware Engineer | Germany,linkedin,C++ Software Engineer,develop,"Mannheim, Baden-Württemberg, Germany",On-site,Full-time,"C, C++",,English,,,Recent,https://de.linkedin.com/jobs/view/c%2B%2B-software-engineer-at-develop-4392544764,2026-04-06T11:04:55.922209+00:00
0,Firmware Engineer | Germany,linkedin,Embedded Software Engineer (m/f/d),Novanta Inc.,"Berlin, Berlin, Germany",On-site,Full-time,,,English,,,Recent,https://de.linkedin.com/jobs/view/embedded-software-engineer-m-f-d-at-novanta-inc-4385674990,2026-04-06T11:04:55.922367+00:00
0,Firmware Engineer | Germany,linkedin,Embedded Software Developer - Freelance / Teilzeit / Nebenberuflich Selbständig,Software Engineering Weber GmbH,"Kempten, Bavaria, Germany",On-site,Contract,,,English,,,Recent,https://de.linkedin.com/jobs/view/embedded-software-developer-freelance-teilzeit-nebenberuflich-selbst%C3%A4ndig-at-software-engineering-weber-gmbh-4384462636,2026-04-06T11:04:55.922519+00:00
0,Firmware Engineer | Germany,linkedin,C++ Software Engineer,develop,"Karlsruhe, Baden-Württemberg, Germany",On-site,Full-time,"C, C++",,English,,,Recent,https://de.linkedin.com/jobs/view/c%2B%2B-software-engineer-at-develop-4392538982,2026-04-06T11:04:55.922680+00:00
0,Firmware Engineer | Austria,linkedin,Firmware Engineer (m/f/d),EVK,"Raaba, Styria, Austria",On-site,Full-time,Firmware,,English,,,Recent,https://at.linkedin.com/jobs/view/firmware-engineer-m-f-d-at-evk-4390162635,2026-04-06T11:04:58.272366+00:00
0,Firmware Engineer | Austria,linkedin,Firmware Engineer (m/w/d),EVK,"Raaba, Styria, Austria",On-site,Full-time,Firmware,,English,,,Recent,https://at.linkedin.com/jobs/view/firmware-engineer-m-w-d-at-evk-4390001759,2026-04-06T11:04:58.272553+00:00
0,Firmware Engineer | Austria,linkedin,C++ Embedded Software Engineer (ESP32) (m/f/x),go-e,Greater Graz,On-site,Full-time,"C, C++, Go",Esp32,English,,,Recent,https://at.linkedin.com/jobs/view/c%2B%2B-embedded-software-engineer-esp32-m-f-x-at-go-e-4387415157,2026-04-06T11:04:58.272712+00:00
0,Firmware Engineer | Austria,linkedin,"Embedded Engineer, Camera",Snap Inc.,"Vienna, Austria",On-site,Full-time,,,English,,,Recent,https://at.linkedin.com/jobs/view/embedded-engineer-camera-at-snap-inc-4388925028,2026-04-06T11:04:58.272900+00:00
0,Firmware Engineer | Austria,linkedin,Embedded Software Engineer (full-time)  (f/m/d),TriLite Technologies,"Vienna, Vienna, Austria",On-site,Full-time,,,English,,,Recent,https://at.linkedin.com/jobs/view/embedded-software-engineer-full-time-f-m-d-at-trilite-technologies-4385036296,2026-04-06T11:04:58.273054+00:00
0,Firmware Engineer | Austria,linkedin,"Embedded Engineer, Camera",Snap Inc.,"Vienna, Vienna, Austria",On-site,Full-time,,,English,,,Recent,https://at.linkedin.com/jobs/view/embedded-engineer-camera-at-snap-inc-4343180012,2026-04-06T11:04:58.273516+00:00
0,Firmware Engineer | Austria,linkedin,Embedded Systems Engineer @ DEWETRON GmbH,DEVjobs,"Graz, Styria, Austria",On-site,Full-time,Embedded Systems,,English,,,Recent,https://at.linkedin.com/jobs/view/embedded-systems-engineer-%40-dewetron-gmbh-at-devjobs-4392195227,2026-04-06T11:04:58.273666+00:00
0,Firmware Engineer | Austria,linkedin,Embedded Systems & Verification Engineer (m/f/d),PIDSO--Propagation Ideas and Solutions,"Vienna, Vienna, Austria",On-site,Full-time,Embedded Systems,,English,,,Recent,https://at.linkedin.com/jobs/view/embedded-systems-verification-engineer-m-f-d-at-pidso-propagation-ideas-and-solutions-4386679511,2026-04-06T11:04:58.273839+00:00
0,Firmware Engineer | Switzerland,linkedin,Embedded Software Engineer – e-Bike Systems,Specialized Bicycle Components,"Cham, Zug, Switzerland",On-site,Full-time,,,English,,,Recent,https://ch.linkedin.com/jobs/view/embedded-software-engineer-%E2%80%93-e-bike-systems-at-specialized-bicycle-components-4249261377,2026-04-06T11:05:00.639782+00:00
0,Firmware Engineer | Switzerland,linkedin,Junior Software Engineer Low Latency Trading,Digital Wave Finance AG,"Zug, Zug, Switzerland",On-site,Full-time,,Junior,English,,,Recent,https://ch.linkedin.com/jobs/view/junior-software-engineer-low-latency-trading-at-digital-wave-finance-ag-4386311276,2026-04-06T11:05:00.639987+00:00
0,Firmware Engineer | Switzerland,linkedin,Embedded Engineer,NielsenIQ,"Kriegstetten, Solothurn, Switzerland",On-site,Full-time,,,English,,,Recent,https://ch.linkedin.com/jobs/view/embedded-engineer-at-nielseniq-4382425033,2026-04-06T11:05:00.640154+00:00
0,Firmware Engineer | Switzerland,linkedin,Embedded Systems Engineer (EP-LCB-2026-89-GRAE),CERN,"Geneva, Geneva, Switzerland",On-site,Full-time,Embedded Systems,,English,,,Recent,https://ch.linkedin.com/jobs/view/embedded-systems-engineer-ep-lcb-2026-89-grae-at-cern-4389187198,2026-04-06T11:05:00.640313+00:00
0,Firmware Engineer | Switzerland,linkedin,Embedded Software Engineer,Parker Hannifin,"Fribourg, Fribourg, Switzerland",On-site,Full-time,,,English,,,Recent,https://ch.linkedin.com/jobs/view/embedded-software-engineer-at-parker-hannifin-4393950140,2026-04-06T11:05:00.640472+00:00
0,Firmware Engineer | Switzerland,linkedin,Firmware Engineer,EPM Scientific,"Zurich, Zurich, Switzerland",On-site,Full-time,Firmware,,English,,,Recent,https://ch.linkedin.com/jobs/view/firmware-engineer-at-epm-scientific-4395294598,2026-04-06T11:05:00.640809+00:00
0,Firmware Engineer | Switzerland,linkedin,Junior Embedded Software Engineer (C/C++) (m/w/d),Cicor Group,"Bronschhofen, St Gallen, Switzerland",On-site,Full-time,"C, C++",Junior,English,,,Recent,https://ch.linkedin.com/jobs/view/junior-embedded-software-engineer-c-c%2B%2B-m-w-d-at-cicor-group-4389452944,2026-04-06T11:05:00.640973+00:00
0,Firmware Engineer | Switzerland,linkedin,Embedded Firmware Design Engineer 80-100% (m/w/d),QUMEA,"Solothurn, Solothurn, Switzerland",Remote,Full-time,Firmware,,English,,,Recent,https://ch.linkedin.com/jobs/view/embedded-firmware-design-engineer-80-100%25-m-w-d-at-qumea-4385473420,2026-04-06T11:05:00.641132+00:00
0,Firmware Engineer | Switzerland,linkedin,Software / PLC Engineer,AYES - Management & Technology Consulting,"Zurich, Switzerland",On-site,Full-time,,,English,,,Recent,https://ch.linkedin.com/jobs/view/software-plc-engineer-at-ayes-management-technology-consulting-4396563770,2026-04-06T11:05:00.641289+00:00
0,Firmware Engineer | Remote,linkedin,Embedded Firmware Engineer (6-months limited contract),Bragi,Germany,Remote,Contract,Firmware,,English,,,Recent,https://de.linkedin.com/jobs/view/embedded-firmware-engineer-6-months-limited-contract-at-bragi-4381733845,2026-04-06T11:05:03.004628+00:00
0,Firmware Engineer | Remote,linkedin,Embedded Softwareentwickler (m/w/d),ICT Digital Solutions GmbH,Germany,Remote,Full-time,,,English,,,Recent,https://de.linkedin.com/jobs/view/embedded-softwareentwickler-m-w-d-at-ict-digital-solutions-gmbh-4383656322,2026-04-06T11:05:03.004925+00:00
0,Firmware Engineer | Remote,linkedin,Freelance Embedded Software Engineer,Vivid Resourcing,Germany,Remote,Contract,,,English,,,Recent,https://de.linkedin.com/jobs/view/freelance-embedded-software-engineer-at-vivid-resourcing-4383759739,2026-04-06T11:05:03.005095+00:00
0,Firmware Engineer | Remote,linkedin,Software Engineer - Full Stack,Cello,Germany,Remote,Full-time,,,English,,,Recent,https://de.linkedin.com/jobs/view/software-engineer-full-stack-at-cello-4397102217,2026-04-06T11:05:03.005401+00:00
0,Firmware Engineer | Remote,linkedin,Software Engineer,Station,Germany,Remote,Full-time,,,English,,,Recent,https://de.linkedin.com/jobs/view/software-engineer-at-station-4393469277,2026-04-06T11:05:03.006226+00:00
0,Firmware Engineer | Slovakia,linkedin,Java/Kotlin Software Engineer,Innovatrics,"Bratislava, Slovakia",On-site,Full-time,Java,Kotlin,English,,,Recent,https://sk.linkedin.com/jobs/view/java-kotlin-software-engineer-at-innovatrics-4388091516,2026-04-06T11:05:05.370963+00:00
0,Firmware Engineer | Slovakia,linkedin,Software Engineer,Ohpen,"Bratislava, Slovakia",On-site,Full-time,,,English,,,Recent,https://sk.linkedin.com/jobs/view/software-engineer-at-ohpen-4384459298,2026-04-06T11:05:05.371153+00:00
0,Firmware Engineer | Slovakia,linkedin,"Software Engineer - SDKs Integration - (C++, Rust, Android)",Innovatrics,"Bratislava, Bratislava, Slovakia",On-site,Full-time,"C, C++, Rust",,English,,,Recent,https://sk.linkedin.com/jobs/view/software-engineer-sdks-integration-c%2B%2B-rust-android-at-innovatrics-4397055186,2026-04-06T11:05:05.371316+00:00
0,Firmware Engineer | Slovakia,linkedin,Software Engineer,Cisco,"Bratislava, Bratislava, Slovakia",On-site,Full-time,,,English,,,Recent,https://sk.linkedin.com/jobs/view/software-engineer-at-cisco-4369673005,2026-04-06T11:05:05.371474+00:00
0,Firmware Engineer | Slovakia,linkedin,Embedded Engineer,Ciklum,"Bratislava, Slovakia",On-site,Full-time,,,English,,,Recent,https://sk.linkedin.com/jobs/view/embedded-engineer-at-ciklum-4384462402,2026-04-06T11:05:05.371629+00:00
0,Firmware Engineer | Slovakia,linkedin,Java Software Engineer (Slovakia),Polystar | Elisa Industriq,"Bratislava, Bratislava, Slovakia",On-site,Full-time,Java,,English,,,Recent,https://sk.linkedin.com/jobs/view/java-software-engineer-slovakia-at-polystar-elisa-industriq-4390601809,2026-04-06T11:05:05.371811+00:00
0,Firmware Engineer | Slovakia,linkedin,C++ Software engineer - ESET PROTECT on-prem,ESET,"Bratislava, Bratislava, Slovakia",On-site,Full-time,"C, C++",,English,,,Recent,https://sk.linkedin.com/jobs/view/c%2B%2B-software-engineer-eset-protect-on-prem-at-eset-4380693947,2026-04-06T11:05:05.371973+00:00
0,Firmware Engineer | Slovakia,linkedin,Python Software Engineer - Biometric Tooling in R&D,Innovatrics,"Bratislava, Bratislava, Slovakia",On-site,Full-time,Python,R,English,,,Recent,https://sk.linkedin.com/jobs/view/python-software-engineer-biometric-tooling-in-r-d-at-innovatrics-4393528928,2026-04-06T11:05:05.372129+00:00
0,Firmware Engineer | Slovakia,linkedin,Software Engineer,Cisco,"Bratislava, Bratislava, Slovakia",On-site,Full-time,,,English,,,Recent,https://sk.linkedin.com/jobs/view/software-engineer-at-cisco-4386984125,2026-04-06T11:05:05.372281+00:00
0,Firmware Engineer | Slovakia,linkedin,Founding Software Engineer,MediSearch,"Bratislava, Bratislava, Slovakia",On-site,Full-time,,,English,,,Recent,https://sk.linkedin.com/jobs/view/founding-software-engineer-at-medisearch-4397355826,2026-04-06T11:05:05.372429+00:00
0,Firmware Engineer | Czech Republic,linkedin,Embedded Software Design Engineer - Black Boxes,Honeywell Aerospace Technologies,Dominican Republic,On-site,Full-time,,,English,,,Recent,https://do.linkedin.com/jobs/view/embedded-software-design-engineer-black-boxes-at-honeywell-aerospace-technologies-4394654383,2026-04-06T11:05:07.744302+00:00
0,Firmware Engineer | Czech Republic,linkedin,"Software Development Engineer (Santo Domingo, DO)",Parking Network B.V.,"Santo Domingo, Distrito Nacional, Dominican Republic",Remote,Full-time,"C, Can, Ci/Cd, Github Actions, Github Copilot, Java, Jenkins, Playwright, Python, Selenium, Test Automation, Typescript","C#, Github, Sql, Oracle, Linux, Agile, Aws, Appium",English,,,Recent,https://do.linkedin.com/jobs/view/software-development-engineer-santo-domingo-do-at-parking-network-b-v-4391712256,2026-04-06T11:05:07.744786+00:00
0,Firmware Engineer | Czech Republic,linkedin,"Full Stack Software Engineer - React, Next, Node / Remote LATAM",Zarego,"Santo Domingo, Distrito Nacional, Dominican Republic",Remote,Full-time,,React,English,,,Recent,https://do.linkedin.com/jobs/view/full-stack-software-engineer-react-next-node-remote-latam-at-zarego-4391927261,2026-04-06T11:05:07.744943+00:00
0,Firmware Engineer | Czech Republic,linkedin,Software Engineer .NET - Remote - Latin America,FullStack,"Santo Domingo, Dominican Republic",Remote,Contract,"C, Can, Ci/Cd, Claude, Cursor","Devops, C#, Agile, Scrum",English,,,Recent,https://do.linkedin.com/jobs/view/software-engineer-net-remote-latin-america-at-fullstack-4394978507,2026-04-06T11:05:07.745394+00:00
0,Firmware Engineer | Poland,linkedin,"Software Engineer (Java) - Relocation to Poland, Spain, or UAE",Revolut,Poland,Remote,Full-time,Java,"Postgresql, Scala, Microservices, Grafana, Kotlin, Redis, Gcp, Kubernetes, Prometheus, Tdd",English,,,Recent,https://pl.linkedin.com/jobs/view/software-engineer-java-relocation-to-poland-spain-or-uae-at-revolut-3845490363,2026-04-06T11:05:10.184725+00:00
0,Firmware Engineer | Poland,linkedin,Junior Software Engineer Low Latency Trading,Digital Wave Finance AG,"Warsaw, Mazowieckie, Poland",On-site,Contract,"C, C++, Python, Shell","Github, Junior",English,,,Recent,https://pl.linkedin.com/jobs/view/junior-software-engineer-low-latency-trading-at-digital-wave-finance-ag-4386310340,2026-04-06T11:05:10.184922+00:00
0,Firmware Engineer | Poland,linkedin,Junior Software Engineer,Asana,"Warsaw, Mazowieckie, Poland",Remote,Contract,Can,"Graduate, Junior, Asana, Aws",English,,,Recent,https://pl.linkedin.com/jobs/view/junior-software-engineer-at-asana-4315919819,2026-04-06T11:05:10.185092+00:00
0,Firmware Engineer | Poland,linkedin,Embedded Software Engineer,Ascendion,"Kraków, Łódzkie, Poland",On-site,Full-time,,,English,,,Recent,https://pl.linkedin.com/jobs/view/embedded-software-engineer-at-ascendion-4393282701,2026-04-06T11:05:10.185256+00:00
0,Firmware Engineer | Poland,linkedin,Software Engineer (Android),Revolut,Poland,On-site,Full-time,,,English,,,Recent,https://pl.linkedin.com/jobs/view/software-engineer-android-at-revolut-4190975735,2026-04-06T11:05:10.185423+00:00
0,Firmware Engineer | Poland,linkedin,Software Engineer - AI Platform,CaptivateIQ,Cracow Metropolitan Area,On-site,Full-time,,,English,,,Recent,https://pl.linkedin.com/jobs/view/software-engineer-ai-platform-at-captivateiq-4393211618,2026-04-06T11:05:10.185581+00:00
0,Firmware Engineer | Poland,linkedin,Embedded Software Engineer,Verkada,"Krakowski, Małopolskie, Poland",On-site,Full-time,,,English,,,Recent,https://pl.linkedin.com/jobs/view/embedded-software-engineer-at-verkada-4365303970,2026-04-06T11:05:10.185918+00:00
0,Firmware Engineer | Poland,linkedin,Software Backend Engineer,Logz.io,"Warsaw, Mazowieckie, Poland",On-site,Full-time,,,English,,,Recent,https://pl.linkedin.com/jobs/view/software-backend-engineer-at-logz-io-4395663493,2026-04-06T11:05:10.186082+00:00
0,Firmware Engineer | USA,linkedin,Embedded Software Engineer Intern,Nuro,"Mountain View, CA",On-site,Internship,,Intern,English,,,Recent,https://www.linkedin.com/jobs/view/embedded-software-engineer-intern-at-nuro-4360007303,2026-04-06T11:05:12.799206+00:00
0,Firmware Engineer | USA,linkedin,Embedded Software Engineer,Wing,"Palo Alto, CA",On-site,Full-time,,,English,,,Recent,https://www.linkedin.com/jobs/view/embedded-software-engineer-at-wing-4344488460,2026-04-06T11:05:12.799391+00:00
0,Firmware Engineer | USA,linkedin,Embedded Software Engineer,Bose Corporation,"Binghamton, NY",On-site,Full-time,,,English,,,Recent,https://www.linkedin.com/jobs/view/embedded-software-engineer-at-bose-corporation-4378118478,2026-04-06T11:05:12.799554+00:00
0,Firmware Engineer | USA,linkedin,Software Engineer - 0 (C++),"Akina, Inc","Annapolis Junction, MD",On-site,Full-time,"C, C++",,English,,,Recent,https://www.linkedin.com/jobs/view/software-engineer-0-c%2B%2B-at-akina-inc-4393227107,2026-04-06T11:05:12.799706+00:00
0,Firmware Engineer | USA,linkedin,Software Consulting Engineer I (Intern) - United States,Cisco,"Durham, NC",On-site,Internship,,Intern,English,,,Recent,https://www.linkedin.com/jobs/view/software-consulting-engineer-i-intern-united-states-at-cisco-4389753175,2026-04-06T11:05:12.799887+00:00
0,Firmware Engineer | USA,linkedin,Software Consulting Engineer I (Intern) - United States,Cisco,"Chicago, IL",On-site,Internship,,Intern,English,,,Recent,https://www.linkedin.com/jobs/view/software-consulting-engineer-i-intern-united-states-at-cisco-4389743530,2026-04-06T11:05:12.800048+00:00
0,Firmware Engineer | USA,linkedin,Software Consulting Engineer I (Intern) - United States,Cisco,"Austin, TX",On-site,Internship,,Intern,English,,,Recent,https://www.linkedin.com/jobs/view/software-consulting-engineer-i-intern-united-states-at-cisco-4389740709,2026-04-06T11:05:12.800200+00:00
0,Firmware Engineer | USA,linkedin,Software Engineer,Uber,"San Francisco, CA",On-site,Full-time,,,English,,,Recent,https://www.linkedin.com/jobs/view/software-engineer-at-uber-4397380262,2026-04-06T11:05:12.800355+00:00
0,Firmware Engineer | USA,linkedin,Embedded Software Engineer,Ford Motor Company,"Palo Alto, CA",On-site,Full-time,,,English,,,Recent,https://www.linkedin.com/jobs/view/embedded-software-engineer-at-ford-motor-company-4377061878,2026-04-06T11:05:12.800504+00:00
0,Firmware Engineer | United Kingdom,linkedin,Embedded Software Engineer,LEX Diagnostics,"Melbourn, England, United Kingdom",On-site,Full-time,,,English,,,Recent,https://uk.linkedin.com/jobs/view/embedded-software-engineer-at-lex-diagnostics-4390898021,2026-04-06T11:05:15.228627+00:00
0,Firmware Engineer | United Kingdom,linkedin,"Software Engineer, New Grad",Deliveroo,"London, England, United Kingdom",On-site,Full-time,,,English,,,Recent,https://uk.linkedin.com/jobs/view/software-engineer-new-grad-at-deliveroo-4379662791,2026-04-06T11:05:15.228843+00:00
0,Firmware Engineer | United Kingdom,linkedin,"Software Engineer, Product",Meta,"London, England, United Kingdom",On-site,Full-time,,,English,,,Recent,https://uk.linkedin.com/jobs/view/software-engineer-product-at-meta-4254318562,2026-04-06T11:05:15.229015+00:00
0,Firmware Engineer | United Kingdom,linkedin,"Software Engineer, Infrastructure",Meta,United Kingdom,On-site,Full-time,,,English,,,Recent,https://uk.linkedin.com/jobs/view/software-engineer-infrastructure-at-meta-4254319485,2026-04-06T11:05:15.229176+00:00
0,Firmware Engineer | United Kingdom,linkedin,Software Engineer - London,Zopa Bank,"London, England, United Kingdom",On-site,Full-time,,,English,,,Recent,https://uk.linkedin.com/jobs/view/software-engineer-london-at-zopa-bank-4036813631,2026-04-06T11:05:15.229330+00:00
0,Firmware Engineer | United Kingdom,linkedin,Junior Embedded Software Engineer,ghd,"Cambridgeshire, England, United Kingdom",On-site,Full-time,,Junior,English,,,Recent,https://uk.linkedin.com/jobs/view/junior-embedded-software-engineer-at-ghd-4389715710,2026-04-06T11:05:15.229482+00:00
0,Firmware Engineer | United Kingdom,linkedin,Embedded Software Engineer,Innovate,"London Area, United Kingdom",On-site,Full-time,,,English,,,Recent,https://uk.linkedin.com/jobs/view/embedded-software-engineer-at-innovate-4390322434,2026-04-06T11:05:15.229636+00:00
0,Firmware Engineer | United Kingdom,linkedin,Software Engineer,hackajob,"Uxbridge, England, United Kingdom",On-site,Full-time,,,English,,,Recent,https://uk.linkedin.com/jobs/view/software-engineer-at-hackajob-4382843825,2026-04-06T11:05:15.229818+00:00
0,Firmware Engineer | United Kingdom,linkedin,Embedded Software Engineer,Belcan,"Portsmouth, England, United Kingdom",On-site,Full-time,,,English,,,Recent,https://uk.linkedin.com/jobs/view/embedded-software-engineer-at-belcan-4386850342,2026-04-06T11:05:15.230130+00:00
