relevance_score,search_criteria,provider,title,company,location,work_location_type,employment_type,matching_skills,missing_skills,detected_languages,matched_roles,salary_hint,posted_at_relative,link,scraped_at
29,Test Engineer | Switzerland,linkedin,"Software Engineer, Search Quality",Google,"Zurich, Zurich, Switzerland",On-site,Full-time,,,English,,,Recent,https://ch.linkedin.com/jobs/view/software-engineer-search-quality-at-google-4377718927,2026-03-15T10:27:46.892929+00:00
29,Testingenieur | USA,linkedin,Entry Level Test Engineer,NXP Semiconductors,"Austin, TX",On-site,Full-time,,,English,,,Recent,https://www.linkedin.com/jobs/view/entry-level-test-engineer-at-nxp-semiconductors-4383792747,2026-03-15T10:28:20.629387+00:00
29,Python Developer | USA,linkedin,Software Engineer - Early Career (Backend/Data),Apple,"New York, NY",On-site,Full-time,,,English,,,Recent,https://www.linkedin.com/jobs/view/software-engineer-early-career-backend-data-at-apple-4383252766,2026-03-15T10:29:03.777956+00:00
29,Firmware Engineer | Austria,linkedin,Internship: Embedded Software Developer (m/f/d),NXP Semiconductors,"Gratkorn, Styria, Austria",On-site,Internship,,Internship,English,,,Recent,https://at.linkedin.com/jobs/view/internship-embedded-software-developer-m-f-d-at-nxp-semiconductors-4385349797,2026-03-15T10:29:32.380388+00:00
29,Firmware Engineer | Remote,linkedin,Embedded Engineer,Intellias,Germany,Remote,Full-time,,,English,,,Recent,https://de.linkedin.com/jobs/view/embedded-engineer-at-intellias-4383707882,2026-03-15T10:29:37.111929+00:00
14,Tester | Germany,linkedin,Test Automation Engineer,Delivery Hero,"Berlin, Berlin, Germany",Remote,Full-time,"Can, Ci/Cd, Continuous Testing, Github Actions, Go, Java, Javascript, Test Automation","Kotlin, Cucumber, Grafana, Agile, Lead, Github, Gcp, Appium, Restassured",English,Lead,,Recent,https://de.linkedin.com/jobs/view/test-automation-engineer-at-delivery-hero-4383137200,2026-03-15T10:26:59.583101+00:00
14,Tester | Germany,linkedin,Game QA Tester,welevel,"Munich, Bavaria, Germany",On-site,Internship,,"Senior, Regression Testing, Lead",English,"Lead, Senior",,Recent,https://de.linkedin.com/jobs/view/game-qa-tester-at-welevel-4371993029,2026-03-15T10:26:59.583432+00:00
14,Tester | Austria,linkedin,Quality Assurance Specialist (Software Tester) (m/f/d) - Freelancer,Roche,"Vienna, Vienna, Austria",Remote,Contract,Can,"Agile, Freelancer",English,Freelancer,,Recent,https://at.linkedin.com/jobs/view/quality-assurance-specialist-software-tester-m-f-d-freelancer-at-roche-4375047176,2026-03-15T10:27:01.973543+00:00
14,Tester | Austria,linkedin,Senior Software Tester*in (m/w/d),Value Dimensions Management Services GmbH,"Vienna, Vienna, Austria",On-site,Full-time,"Selenium, Test Automation","Associate, Sql, Senior, Php, R",German,Senior,,Recent,https://at.linkedin.com/jobs/view/senior-software-tester-in-m-w-d-at-value-dimensions-management-services-gmbh-4379556072,2026-03-15T10:27:01.973729+00:00
14,Tester | Austria,linkedin,Senior Software Engineer in Test (Full-Stack/Python),Mindrift,Austria,On-site,Contract,"Can, Ci/Cd, Github Actions, Pytest, Python, Test Automation","Github, Senior, Expert, React, Docker",English,"Expert, Senior",,Recent,https://at.linkedin.com/jobs/view/senior-software-engineer-in-test-full-stack-python-at-mindrift-4385318008,2026-03-15T10:27:01.973901+00:00
14,Tester | Austria,linkedin,Senior Semiconductors Test Engineer - (ONSITE in Switzerland),Gramian Consulting,Austria,On-site,Contract,"C, C++, Python","Senior, Junior, R",English,Senior,,Recent,https://at.linkedin.com/jobs/view/senior-semiconductors-test-engineer-onsite-in-switzerland-at-gramian-consulting-4382187810,2026-03-15T10:27:01.974057+00:00
14,Tester | Switzerland,linkedin,Senior Test Engineer,H55,"Sion, Valais, Switzerland",Hybrid,Contract,"Can, System Testing","Safe, Senior, Head Of, Assembly",English,Senior,,Recent,https://ch.linkedin.com/jobs/view/senior-test-engineer-at-h55-4375428762,2026-03-15T10:27:04.295908+00:00
14,Tester | Switzerland,linkedin,IT Business Consultant – Software Tester,Forty2 AG,"Lausanne, Vaud, Switzerland",On-site,Full-time,,Consultant,English,Consultant,,Recent,https://ch.linkedin.com/jobs/view/it-business-consultant-%E2%80%93-software-tester-at-forty2-ag-4377720142,2026-03-15T10:27:04.296928+00:00
14,Tester | Remote,linkedin,Senior Software Engineer in Test (Full-Stack/Python),Mindrift,"Hamburg, Hamburg, Germany",Remote,Full-time,Python,Senior,English,Senior,,Recent,https://de.linkedin.com/jobs/view/senior-software-engineer-in-test-full-stack-python-at-mindrift-4385195931,2026-03-15T10:27:06.656535+00:00
14,Tester | Remote,linkedin,Senior Software Engineer in Test (Full-Stack/Python),Mindrift,"Berlin, Berlin, Germany",Remote,Full-time,Python,Senior,English,Senior,,Recent,https://de.linkedin.com/jobs/view/senior-software-engineer-in-test-full-stack-python-at-mindrift-4385195928,2026-03-15T10:27:06.656879+00:00
14,Tester | Remote,linkedin,Senior Software Engineer in Test (Full-Stack/Python),Mindrift,"Frankfurt am Main, Hesse, Germany",Remote,Full-time,Python,Senior,English,Senior,,Recent,https://de.linkedin.com/jobs/view/senior-software-engineer-in-test-full-stack-python-at-mindrift-4385199876,2026-03-15T10:27:06.657037+00:00
14,Tester | Remote,linkedin,Senior Software Engineer in Test (Full-Stack/Python),Mindrift,Germany,Remote,Full-time,Python,Senior,English,Senior,,Recent,https://de.linkedin.com/jobs/view/senior-software-engineer-in-test-full-stack-python-at-mindrift-4385304449,2026-03-15T10:27:06.657191+00:00
14,Tester | Remote,linkedin,Senior Software Engineer in Test (Full-Stack/Python),Mindrift,"Munich, Bavaria, Germany",Remote,Full-time,Python,Senior,English,Senior,,Recent,https://de.linkedin.com/jobs/view/senior-software-engineer-in-test-full-stack-python-at-mindrift-4385196910,2026-03-15T10:27:06.657348+00:00
14,Tester | Slovakia,linkedin,Senior Software Engineer in Test,Filevine,"Bratislava, Bratislava, Slovakia",On-site,Full-time,,Senior,English,Senior,,Recent,https://sk.linkedin.com/jobs/view/senior-software-engineer-in-test-at-filevine-4380694723,2026-03-15T10:27:09.055794+00:00
14,Tester | Czech Republic,linkedin,Senior Industrialization Test Engineer,Eaton,"Santo Domingo, Distrito Nacional, Dominican Republic",On-site,Full-time,,Senior,English,Senior,,Recent,https://do.linkedin.com/jobs/view/senior-industrialization-test-engineer-at-eaton-4356700885,2026-03-15T10:27:11.379319+00:00
14,QA Engineer | Austria,linkedin,Senior Test Automation Engineer (m/f/d),Deutsche Telekom,"Fünfkirchen, Lower Austria, Austria",On-site,Full-time,Test Automation,Senior,English,Senior,,Recent,https://at.linkedin.com/jobs/view/senior-test-automation-engineer-m-f-d-at-deutsche-telekom-4376801923,2026-03-15T10:27:23.279935+00:00
14,QA Engineer | Slovakia,linkedin,Expert Quality Assurance (QA) Engineer,Qualco Group,"Bratislava, Bratislava, Slovakia",On-site,Full-time,,Expert,English,Expert,,Recent,https://sk.linkedin.com/jobs/view/expert-quality-assurance-qa-engineer-at-qualco-group-4381409824,2026-03-15T10:27:30.351480+00:00
14,QA Engineer | Slovakia,linkedin,"Senior QA Engineer, IMF",Bloomreach,Slovakia,On-site,Full-time,,Senior,English,Senior,,Recent,https://sk.linkedin.com/jobs/view/senior-qa-engineer-imf-at-bloomreach-4383319917,2026-03-15T10:27:30.352201+00:00
14,QA Engineer | Slovakia,linkedin,Manual QA Engineer (Middle/Senior) ID48059,AgileEngine,"Bratislava, Bratislava, Slovakia",On-site,Full-time,,Senior,English,Senior,,Recent,https://sk.linkedin.com/jobs/view/manual-qa-engineer-middle-senior-id48059-at-agileengine-4376735337,2026-03-15T10:27:30.352356+00:00
14,QA Engineer | Slovakia,linkedin,Manual QA Engineer (Middle/Senior) ID48059,AgileEngine,"Trenčín, Trenciansky, Slovakia",On-site,Full-time,,Senior,English,Senior,,Recent,https://sk.linkedin.com/jobs/view/manual-qa-engineer-middle-senior-id48059-at-agileengine-4376400820,2026-03-15T10:27:30.352514+00:00
14,QA Engineer | Slovakia,linkedin,Manual QA Engineer (Middle/Senior) ID48059,AgileEngine,"Parovské Háje, Nitra Region, Slovakia",On-site,Full-time,,Senior,English,Senior,,Recent,https://sk.linkedin.com/jobs/view/manual-qa-engineer-middle-senior-id48059-at-agileengine-4379509237,2026-03-15T10:27:30.352692+00:00
14,QA Engineer | Czech Republic,linkedin,Lead QA Engineer - Work from home - Talent Connection,Nearsure,"Santo Domingo, Dominican Republic",On-site,Full-time,,Lead,English,Lead,,Recent,https://do.linkedin.com/jobs/view/lead-qa-engineer-work-from-home-talent-connection-at-nearsure-4384269816,2026-03-15T10:27:32.691804+00:00
14,QA Engineer | Poland,linkedin,Senior QA Engineer,Pismo,"Warsaw, Mazowieckie, Poland",On-site,Full-time,,Senior,English,Senior,,Recent,https://pl.linkedin.com/jobs/view/senior-qa-engineer-at-pismo-4379468216,2026-03-15T10:27:35.054031+00:00
14,QA Engineer | United Kingdom,linkedin,Senior QA Engineer,White Rose Education,"Leeds, England, United Kingdom",On-site,Full-time,,Senior,English,Senior,,Recent,https://uk.linkedin.com/jobs/view/senior-qa-engineer-at-white-rose-education-4383701609,2026-03-15T10:27:39.813837+00:00
14,QA Engineer | United Kingdom,linkedin,Senior QA Engineer,Anaplan,"Manchester, England, United Kingdom",On-site,Full-time,,Senior,English,Senior,,Recent,https://uk.linkedin.com/jobs/view/senior-qa-engineer-at-anaplan-4380285167,2026-03-15T10:27:39.814824+00:00
14,QA Engineer | United Kingdom,linkedin,Senior QA Engineer,MILE,"London, England, United Kingdom",On-site,Full-time,,Senior,English,Senior,,Recent,https://uk.linkedin.com/jobs/view/senior-qa-engineer-at-mile-4385321758,2026-03-15T10:27:39.815290+00:00
14,Testingenieur | Austria,linkedin,Test Manager (m/f/d),Deutsche Telekom,"Fünfkirchen, Lower Austria, Austria",On-site,Full-time,,,English,Test Manager,,Recent,https://at.linkedin.com/jobs/view/test-manager-m-f-d-at-deutsche-telekom-4376822062,2026-03-15T10:28:06.158698+00:00
14,Testingenieur | Switzerland,linkedin,Testmanager:in,Hays,"Bern, Berne, Switzerland",On-site,Full-time,,,English,Test Manager,,Recent,https://ch.linkedin.com/jobs/view/testmanager-in-at-hays-4385328382,2026-03-15T10:28:08.521682+00:00
14,Testingenieur | Poland,linkedin,Test Manager (He/She) -,Astek,"Warsaw, Mazowieckie, Poland",On-site,Full-time,,,English,Test Manager,,Recent,https://pl.linkedin.com/jobs/view/test-manager-he-she-at-astek-4383177168,2026-03-15T10:28:18.027154+00:00
14,Testingenieur | United Kingdom,linkedin,Test Engineer,BSI,"Hemel Hempstead, England, United Kingdom",On-site,Contract,Can,"Senior, Expert",English,"Expert, Senior",,Recent,https://uk.linkedin.com/jobs/view/test-engineer-at-bsi-4367290557,2026-03-15T10:28:23.036138+00:00
14,Testingenieur | United Kingdom,linkedin,Test Engineer - PPE,BSI,"Hemel Hempstead, England, United Kingdom",On-site,Contract,Can,"Senior, Expert",English,"Expert, Senior",,Recent,https://uk.linkedin.com/jobs/view/test-engineer-ppe-at-bsi-4372575424,2026-03-15T10:28:23.036300+00:00
14,Testingenieur | United Kingdom,linkedin,Senior Test Engineer,BSI,"Hemel Hempstead, England, United Kingdom",On-site,Contract,Can,"Safe, Lead, Senior, Expert",English,"Expert, Lead, Senior",,Recent,https://uk.linkedin.com/jobs/view/senior-test-engineer-at-bsi-4366543025,2026-03-15T10:28:23.036811+00:00
14,Testingenieur | United Kingdom,linkedin,AVP – Quality Assurance & Testing,i3,"City Of London, England, United Kingdom",Hybrid,Full-time,Can,"Senior, Lead, Agile",English,"Lead, Senior",,Recent,https://uk.linkedin.com/jobs/view/avp-%E2%80%93-quality-assurance-testing-at-i3-4377774473,2026-03-15T10:28:23.037122+00:00
14,Test Automation | Germany,linkedin,Senior Quality Assurance Engineer,SGI,"Berlin, Germany",On-site,Full-time,,Senior,English,Senior,,Recent,https://de.linkedin.com/jobs/view/senior-quality-assurance-engineer-at-sgi-4363260868,2026-03-15T10:28:25.425825+00:00
14,Test Automation | Germany,linkedin,Senior Quality Engineer,GLS/NXT,"Berlin, Berlin, Germany",On-site,Full-time,,Senior,English,Senior,,Recent,https://de.linkedin.com/jobs/view/senior-quality-engineer-at-gls-nxt-4381213320,2026-03-15T10:28:25.425981+00:00
14,Test Automation | Austria,linkedin,Senior Test Automation Engineer,AVILOO Battery Diagnostics,"Laxenburg, Lower Austria, Austria",On-site,Full-time,Test Automation,Senior,English,Senior,,Recent,https://at.linkedin.com/jobs/view/senior-test-automation-engineer-at-aviloo-battery-diagnostics-4378165473,2026-03-15T10:28:27.781219+00:00
14,Test Automation | Switzerland,linkedin,Senior Test Automation Engineer / QA Lead (m/w/d),PEAX AG,"Lucerne, Lucerne, Switzerland",On-site,Full-time,Test Automation,"Senior, Lead",English,"Lead, QA Lead, Senior",,Recent,https://ch.linkedin.com/jobs/view/senior-test-automation-engineer-qa-lead-m-w-d-at-peax-ag-4372369646,2026-03-15T10:28:30.124873+00:00
14,Test Automation | Switzerland,linkedin,Senior Quality Analyst,RBW Consulting,"Lachen, Schwyz, Switzerland",On-site,Full-time,,Senior,English,Senior,,Recent,https://ch.linkedin.com/jobs/view/senior-quality-analyst-at-rbw-consulting-4353430000,2026-03-15T10:28:30.125384+00:00
14,Test Automation | Slovakia,linkedin,ČSOB Test Manager (M/Ž),ČSOB Finančná skupina,"Bratislava, Slovakia",On-site,Full-time,,,English,Test Manager,,Recent,https://sk.linkedin.com/jobs/view/%C4%8Dsob-test-manager-m-%C5%BE-at-%C4%8Dsob-finan%C4%8Dn%C3%A1-skupina-4327891724,2026-03-15T10:28:34.834625+00:00
14,Test Automation | USA,linkedin,QA Lead,The Value Maximizer,"New York, NY",On-site,Full-time,,Lead,English,"Lead, QA Lead",,Recent,https://www.linkedin.com/jobs/view/qa-lead-at-the-value-maximizer-4384372339,2026-03-15T10:28:42.155062+00:00
14,Test Automation | United Kingdom,linkedin,Testing Lead,Deloitte,"Glasgow, Scotland, United Kingdom",On-site,Full-time,,Lead,English,Lead,,Recent,https://uk.linkedin.com/jobs/view/testing-lead-at-deloitte-4383546538,2026-03-15T10:28:44.598477+00:00
14,Test Automation | United Kingdom,linkedin,Senior Quality Assurance Tester,Dlala Studios,"Witham, England, United Kingdom",On-site,Full-time,,Senior,English,Senior,,Recent,https://uk.linkedin.com/jobs/view/senior-quality-assurance-tester-at-dlala-studios-4378767706,2026-03-15T10:28:44.598640+00:00
14,Test Automation | United Kingdom,linkedin,"Senior Automation Tester - Flutter, Agentic AI & API Systems",DeliveryApp,"Manchester, England, United Kingdom",On-site,Full-time,,Senior,English,Senior,,Recent,https://uk.linkedin.com/jobs/view/senior-automation-tester-flutter-agentic-ai-api-systems-at-deliveryapp-4378790054,2026-03-15T10:28:44.599133+00:00
14,Test Automation | United Kingdom,linkedin,Senior QA Engineer,MILE,"Sheffield, England, United Kingdom",On-site,Full-time,,Senior,English,Senior,,Recent,https://uk.linkedin.com/jobs/view/senior-qa-engineer-at-mile-4385333171,2026-03-15T10:28:44.599764+00:00
14,Python Developer | Germany,linkedin,Senior Python Developer,Hays,"Munich, Bavaria, Germany",On-site,Full-time,Python,Senior,English,Senior,,Recent,https://de.linkedin.com/jobs/view/senior-python-developer-at-hays-4383711338,2026-03-15T10:28:47.035070+00:00
14,Python Developer | Switzerland,linkedin,Senior Back-End Engineer (Python),ZYTLYN Technologies,"Geneva, Geneva, Switzerland",On-site,Full-time,Python,Senior,English,Senior,,Recent,https://ch.linkedin.com/jobs/view/senior-back-end-engineer-python-at-zytlyn-technologies-4373925817,2026-03-15T10:28:51.825454+00:00
14,Python Developer | Switzerland,linkedin,Co-Tech Lead & Senior Python Engineer,LocalBini,Sankt Gallen Metropolitan Area,On-site,Full-time,Python,"Senior, Tech Lead, Lead",English,"Lead, Senior",,Recent,https://ch.linkedin.com/jobs/view/co-tech-lead-senior-python-engineer-at-localbini-4379945063,2026-03-15T10:28:51.826634+00:00
14,Python Developer | Slovakia,linkedin,Senior Python Software Engineer,Bloomreach,Slovakia,On-site,Full-time,Python,Senior,English,Senior,,Recent,https://sk.linkedin.com/jobs/view/senior-python-software-engineer-at-bloomreach-4365530614,2026-03-15T10:28:56.596626+00:00
14,Python Developer | Poland,linkedin,Senior Python Engineer,N-iX,"Cracow, Małopolskie, Poland",On-site,Full-time,Python,Senior,English,Senior,,Recent,https://pl.linkedin.com/jobs/view/senior-python-engineer-at-n-ix-4382413714,2026-03-15T10:29:01.348457+00:00
14,Python Test | Austria,linkedin,Senior Software Tester / Test Lead (m/w/d),Evolit GmbH,"Vienna, Vienna, Austria",On-site,Full-time,,"Senior, Lead",English,"Lead, Senior",,Recent,https://at.linkedin.com/jobs/view/senior-software-tester-test-lead-m-w-d-at-evolit-gmbh-4384548446,2026-03-15T10:29:10.874479+00:00
14,Python Test | Switzerland,linkedin,Team Lead Quality Assurance (m/w/d) 80-100%,selekt,Lucerne Metropolitan Area,Remote,Full-time,,"Team Lead, Lead",English,Lead,,Recent,https://ch.linkedin.com/jobs/view/team-lead-quality-assurance-m-w-d-80-100%25-at-selekt-4385341340,2026-03-15T10:29:13.215233+00:00
14,Python Test | Slovakia,linkedin,Senior Automation QA Engineer / SDET (Python),Binance,"Bratislava, Bratislava, Slovakia",On-site,Full-time,Python,Senior,English,Senior,,Recent,https://sk.linkedin.com/jobs/view/senior-automation-qa-engineer-sdet-python-at-binance-4251138358,2026-03-15T10:29:17.951544+00:00
14,Python Test | Poland,linkedin,Senior Software Engineer in Test (Full-Stack/Python),Mindrift,Poland,On-site,Full-time,Python,Senior,English,Senior,,Recent,https://pl.linkedin.com/jobs/view/senior-software-engineer-in-test-full-stack-python-at-mindrift-4385316019,2026-03-15T10:29:22.670814+00:00
14,Python Test | United Kingdom,linkedin,Senior Software Engineer in Test (Full-Stack/Python),Mindrift,"Glasgow, Scotland, United Kingdom",On-site,Full-time,Python,Senior,English,Senior,,Recent,https://uk.linkedin.com/jobs/view/senior-software-engineer-in-test-full-stack-python-at-mindrift-4385311160,2026-03-15T10:29:27.651096+00:00
14,Python Test | United Kingdom,linkedin,Senior Software Engineer in Test (Full-Stack/Python),Mindrift,"Birmingham, England, United Kingdom",On-site,Full-time,Python,Senior,English,Senior,,Recent,https://uk.linkedin.com/jobs/view/senior-software-engineer-in-test-full-stack-python-at-mindrift-4385301654,2026-03-15T10:29:27.651419+00:00
14,Firmware Engineer | Germany,linkedin,Senior Software Engineer - Nvidia Platform,Autobrains Technologies,"Munich, Bavaria, Germany",On-site,Full-time,,Senior,English,Senior,,Recent,https://de.linkedin.com/jobs/view/senior-software-engineer-nvidia-platform-at-autobrains-technologies-4380448307,2026-03-15T10:29:30.031889+00:00
14,Firmware Engineer | Switzerland,linkedin,"Senior Software Engineer, Capture",Advertima,"Zurich, Zurich, Switzerland",On-site,Full-time,,Senior,English,Senior,,Recent,https://ch.linkedin.com/jobs/view/senior-software-engineer-capture-at-advertima-4381748584,2026-03-15T10:29:34.747994+00:00
14,Firmware Engineer | Switzerland,linkedin,Senior Software Engineer C++ (m/f/d) - 865145/1,Hays,"Risch-Rotkreuz, Zug, Switzerland",On-site,Full-time,"C, C++",Senior,English,Senior,,Recent,https://ch.linkedin.com/jobs/view/senior-software-engineer-c%2B%2B-m-f-d-865145-1-at-hays-4382105053,2026-03-15T10:29:34.748153+00:00
14,Firmware Engineer | Switzerland,linkedin,Senior Software Engineer,Ripple,"Geneva, Geneva, Switzerland",On-site,Full-time,,Senior,English,Senior,,Recent,https://ch.linkedin.com/jobs/view/senior-software-engineer-at-ripple-4377610063,2026-03-15T10:29:34.748308+00:00
14,Firmware Engineer | Remote,linkedin,Senior Embedded Firmware Engineer,Mercor,"Berlin, Berlin, Germany",Remote,Full-time,Firmware,Senior,English,Senior,,Recent,https://de.linkedin.com/jobs/view/senior-embedded-firmware-engineer-at-mercor-4383106790,2026-03-15T10:29:37.111771+00:00
14,Firmware Engineer | Remote,linkedin,Senior Software Engineer,MLabs,Germany,Remote,Full-time,,Senior,English,Senior,,Recent,https://de.linkedin.com/jobs/view/senior-software-engineer-at-mlabs-4381475840,2026-03-15T10:29:37.112242+00:00
14,Firmware Engineer | Remote,linkedin,Senior Embedded Engineer (m/w/d),QAVION GROUP,Germany,Remote,Full-time,,Senior,English,Senior,,Recent,https://de.linkedin.com/jobs/view/senior-embedded-engineer-m-w-d-at-qavion-group-4364577288,2026-03-15T10:29:37.112727+00:00
14,Firmware Engineer | Remote,linkedin,Principal Software Engineer - EU,MLabs,Germany,Remote,Full-time,,Principal,English,Principal,,Recent,https://de.linkedin.com/jobs/view/principal-software-engineer-eu-at-mlabs-4383721929,2026-03-15T10:29:37.112882+00:00
14,Firmware Engineer | Slovakia,linkedin,Software Engineer (Mid-Senior Level),Innovatrics,"Bratislava, Slovakia",On-site,Full-time,,Senior,English,Senior,,Recent,https://sk.linkedin.com/jobs/view/software-engineer-mid-senior-level-at-innovatrics-4375210171,2026-03-15T10:29:39.549686+00:00
14,Firmware Engineer | Czech Republic,linkedin,Remote Software Engineer (AI Code Evaluation),Braintrust,Dominican Republic,Remote,Contract,"C, C++, Can, Java, Javascript, Python",Expert,English,Expert,,Recent,https://do.linkedin.com/jobs/view/remote-software-engineer-ai-code-evaluation-at-braintrust-4343870033,2026-03-15T10:29:41.888992+00:00
14,Firmware Engineer | Poland,linkedin,"Embedded Software Engineer, Ring",Ring,Gdansk Metropolitan Area,On-site,Full-time,"Arm, C, C++, Can, Embedded Linux, Firmware, I2C, Python, Spi, System Testing, Uart","Aws, Freertos, Linux, Architect, Risc-V",English,Architect,,Recent,https://pl.linkedin.com/jobs/view/embedded-software-engineer-ring-at-ring-4373538910,2026-03-15T10:29:44.284742+00:00
14,Firmware Engineer | Poland,linkedin,"Software Engineer, FinOps",Samba TV,"Warsaw, Mazowieckie, Poland",On-site,Contract,Python,"Aws, Databricks, Snowflake, Lead, Sql, Gcp, Terraform, Kubernetes",English,Lead,,Recent,https://pl.linkedin.com/jobs/view/software-engineer-finops-at-samba-tv-4312933080,2026-03-15T10:29:44.284915+00:00
14,Firmware Engineer | Poland,linkedin,Senior Embedded Firmware Developer (Automotive),Klika Tech,"Wrocław, Dolnośląskie, Poland",On-site,Full-time,Firmware,Senior,English,Senior,,Recent,https://pl.linkedin.com/jobs/view/senior-embedded-firmware-developer-automotive-at-klika-tech-4383116581,2026-03-15T10:29:44.285898+00:00
14,Firmware Engineer | United Kingdom,linkedin,"Senior Software Engineer, Embedded C++",Roku,"Cambridge, England, United Kingdom",On-site,Full-time,"C, C++",Senior,English,Senior,,Recent,https://uk.linkedin.com/jobs/view/senior-software-engineer-embedded-c%2B%2B-at-roku-4374730170,2026-03-15T10:29:49.205276+00:00
0,Tester | Germany,linkedin,Software Engineer in Test (Berlin),Cresta,"Berlin, Berlin, Germany",On-site,Contract,"Can, Ci/Cd, Go, Playwright, Typescript","Grafana, Cypress, Datadog, Manual Testing",English,,,Recent,https://de.linkedin.com/jobs/view/software-engineer-in-test-berlin-at-cresta-4343158227,2026-03-15T10:26:59.582599+00:00
0,Tester | Germany,linkedin,Junior Software QA Tester,Recare,Germany,Remote,Contract,Can,"Agile, Postman, Jira, Junior, Manual Testing, Working Student",English,,,Recent,https://de.linkedin.com/jobs/view/junior-software-qa-tester-at-recare-4381610592,2026-03-15T10:26:59.582889+00:00
0,Tester | Germany,linkedin,Test Engineer,Netcom Engineering S.p.A. SB,"Ingolstadt, Bavaria, Germany",On-site,Contract,"Can, Python",Canoe,English,,,Recent,https://de.linkedin.com/jobs/view/test-engineer-at-netcom-engineering-s-p-a-sb-4373553619,2026-03-15T10:26:59.583272+00:00
0,Tester | Germany,linkedin,QA Engineer,Assemblio,"Stuttgart, Baden-Württemberg, Germany",On-site,Full-time,"Ci/Cd, Integration Testing","Devops, Cypress, Grpc",English,,,Recent,https://de.linkedin.com/jobs/view/qa-engineer-at-assemblio-4376728345,2026-03-15T10:26:59.583590+00:00
0,Tester | Germany,linkedin,Quality Assurance Tester (m/f/d),MoPla Solutions GmbH,"Augsburg, Bavaria, Germany",Remote,Full-time,,"Kanban, Agile, Postman, Manual Testing, Scrum",English,,,Recent,https://de.linkedin.com/jobs/view/quality-assurance-tester-m-f-d-at-mopla-solutions-gmbh-4375222169,2026-03-15T10:26:59.583781+00:00
0,Tester | Germany,linkedin,Software Tester (m/w/d),The Adecco Group,Greater Kassel Area,On-site,Full-time,Can,R,German,,,Recent,https://de.linkedin.com/jobs/view/software-tester-m-w-d-at-the-adecco-group-4380442398,2026-03-15T10:26:59.583952+00:00
0,Tester | Germany,linkedin,App-Tester  (m/w/d),clickworker,Germany,On-site,Full-time,,,English,,,Recent,https://de.linkedin.com/jobs/view/app-tester-m-w-d-at-clickworker-4375907759,2026-03-15T10:26:59.584104+00:00
0,Tester | Germany,linkedin,Software Test Engineer,Jefferson Wolfe Consulting,"Berlin, Germany",On-site,Full-time,,,English,,,Recent,https://de.linkedin.com/jobs/view/software-test-engineer-at-jefferson-wolfe-consulting-4379174895,2026-03-15T10:26:59.584265+00:00
0,Tester | Austria,linkedin,Software Tester*in,Agrarmarkt Austria,"Vienna, Vienna, Austria",On-site,Full-time,,,English,,,Recent,https://at.linkedin.com/jobs/view/software-tester-in-at-agrarmarkt-austria-4381271914,2026-03-15T10:27:01.972686+00:00
0,Tester | Austria,linkedin,Junior Test Engineer (w/m/d),Pankl Turbosystems GmbH,"Bruck an der Mur, Styria, Austria",On-site,Full-time,,Junior,German,,,Recent,https://at.linkedin.com/jobs/view/junior-test-engineer-w-m-d-at-pankl-turbosystems-gmbh-4380268475,2026-03-15T10:27:01.972891+00:00
0,Tester | Austria,linkedin,Junior Test Engineer (w/m/d),Pankl Aerospace Systems,"Bruck an der Mur, Styria, Austria",Remote,Full-time,,"Associate, Junior, R",German,,,Recent,https://at.linkedin.com/jobs/view/junior-test-engineer-w-m-d-at-pankl-aerospace-systems-4383709885,2026-03-15T10:27:01.973057+00:00
0,Tester | Austria,linkedin,Test Engineer,Noir,"Linz, Upper Austria, Austria",Hybrid,Full-time,"Ci/Cd, Jenkins, Selenium, Test Automation","Agile, Postman, Jira, Regression Testing, Scrum",English,,,Recent,https://at.linkedin.com/jobs/view/test-engineer-at-noir-4385342432,2026-03-15T10:27:01.973216+00:00
0,Tester | Austria,linkedin,Software Test Engineer & Documentation Writer (w/m/d),Delegate Group,"Vienna, Vienna, Austria",On-site,Full-time,"Ci/Cd, Continuous Testing, Playwright, Selenium, Test Automation","Associate, Kanban, Devops, Sql, Microservices, R, Azure, Oracle, Scrum, Sql Server",German,,,Recent,https://at.linkedin.com/jobs/view/software-test-engineer-documentation-writer-w-m-d-at-delegate-group-4379825967,2026-03-15T10:27:01.973380+00:00
0,Tester | Austria,linkedin,Software Tester:in (M/W/D)*,TGW Logistics,"Marchtrenk, Upper Austria, Austria",Remote,Full-time,"C, Javascript","Vue.Js, Cypress, C#, R",German,,,Recent,https://at.linkedin.com/jobs/view/software-tester-in-m-w-d-at-tgw-logistics-4375257894,2026-03-15T10:27:01.974209+00:00
0,Tester | Switzerland,linkedin,Software Tester,yiuu.io | Sandro Toneatto Consulting,"Zurich, Zurich, Switzerland",On-site,Full-time,,,English,,,Recent,https://ch.linkedin.com/jobs/view/software-tester-at-yiuu-io-sandro-toneatto-consulting-4364753057,2026-03-15T10:27:04.296096+00:00
0,Tester | Switzerland,linkedin,Software Test Engineer (a),StaffLnk GmbH,"Berne, Switzerland",On-site,Full-time,"Go, Playwright, Selenium","Devops, Jira, Cypress, R, Azure",German,,,Recent,https://ch.linkedin.com/jobs/view/software-test-engineer-a-at-stafflnk-gmbh-4378901898,2026-03-15T10:27:04.296254+00:00
0,Tester | Switzerland,linkedin,Software Test Automation Engineer,AYES - Management & Technology Consulting,Switzerland,On-site,Full-time,Test Automation,,English,,,Recent,https://ch.linkedin.com/jobs/view/software-test-automation-engineer-at-ayes-management-technology-consulting-4383801077,2026-03-15T10:27:04.296425+00:00
0,Tester | Switzerland,linkedin,T24 Test Analyst,SGI,"Zurich, Zurich, Switzerland",On-site,Full-time,,,English,,,Recent,https://ch.linkedin.com/jobs/view/t24-test-analyst-at-sgi-4375670964,2026-03-15T10:27:04.296586+00:00
0,Tester | Switzerland,linkedin,Software Test Engineer (m/w/d),Nexplore AG,"Berne, Switzerland",On-site,Full-time,,,English,,,Recent,https://ch.linkedin.com/jobs/view/software-test-engineer-m-w-d-at-nexplore-ag-4373941982,2026-03-15T10:27:04.296764+00:00
0,Tester | Switzerland,linkedin,Test und Quality Engineer,ti&m,"Zurich, Zurich, Switzerland",On-site,Full-time,,,German,,,Recent,https://ch.linkedin.com/jobs/view/test-und-quality-engineer-at-ti-m-4374300155,2026-03-15T10:27:04.297093+00:00
0,Tester | Switzerland,linkedin,Professional Test Engineer (m/w/d) - Frontend & Backend (80%) (Ref.Nr.: 46233),Wavestone,"Bern, Berne, Switzerland",On-site,Full-time,,,English,,,Recent,https://ch.linkedin.com/jobs/view/professional-test-engineer-m-w-d-frontend-backend-80%25-ref-nr-46233-at-wavestone-4375553622,2026-03-15T10:27:04.297250+00:00
0,Tester | Switzerland,linkedin,Test Engineer,Transgourmet/Prodega Schweiz,"Berne, Switzerland",On-site,Full-time,,,English,,,Recent,https://ch.linkedin.com/jobs/view/test-engineer-at-transgourmet-prodega-schweiz-4373330476,2026-03-15T10:27:04.297405+00:00
0,Tester | Remote,linkedin,Quality Assurance Engineer (m/w/d),ISO-Gruppe,"Bonn, North Rhine-Westphalia, Germany",Remote,Full-time,,,English,,,Recent,https://de.linkedin.com/jobs/view/quality-assurance-engineer-m-w-d-at-iso-gruppe-4358570111,2026-03-15T10:27:06.656212+00:00
0,Tester | Remote,linkedin,Test Engineer (w/m/d) - Deutschlandweit,smapOne AG,Germany,Remote,Full-time,,,English,,,Recent,https://de.linkedin.com/jobs/view/test-engineer-w-m-d-deutschlandweit-at-smapone-ag-4373535881,2026-03-15T10:27:06.656374+00:00
0,Tester | Remote,linkedin,Test Case Engineer (m/w/d),citema systems GmbH,Germany,Remote,Full-time,,,English,,,Recent,https://de.linkedin.com/jobs/view/test-case-engineer-m-w-d-at-citema-systems-gmbh-4375507904,2026-03-15T10:27:06.656713+00:00
0,Tester | Slovakia,linkedin,Student SW Tester (Part-time position),Surglogs,Slovakia,On-site,Internship,,,English,,,Recent,https://sk.linkedin.com/jobs/view/student-sw-tester-part-time-position-at-surglogs-4380933837,2026-03-15T10:27:09.055237+00:00
0,Tester | Slovakia,linkedin,Test Engineer,ComAp Group,"Košice, Kosice, Slovakia",On-site,Full-time,,,English,,,Recent,https://sk.linkedin.com/jobs/view/test-engineer-at-comap-group-4377776144,2026-03-15T10:27:09.055431+00:00
0,Tester | Slovakia,linkedin,IT Tester ČSOB (m/ž),ČSOB Finančná skupina,"Bratislava, Slovakia",On-site,Full-time,,,English,,,Recent,https://sk.linkedin.com/jobs/view/it-tester-%C4%8Dsob-m-%C5%BE-at-%C4%8Dsob-finan%C4%8Dn%C3%A1-skupina-4354445255,2026-03-15T10:27:09.055607+00:00
0,Tester | Slovakia,linkedin,Manual QA Tester,Descartes Systems Group,"Žilina, Zilina, Slovakia",On-site,Full-time,,,English,,,Recent,https://sk.linkedin.com/jobs/view/manual-qa-tester-at-descartes-systems-group-4382115365,2026-03-15T10:27:09.055955+00:00
0,Tester | Slovakia,linkedin,Test engineer,Magna International,"Kechnec, Kosice, Slovakia",On-site,Internship,,,English,,,Recent,https://sk.linkedin.com/jobs/view/test-engineer-at-magna-international-4219197667,2026-03-15T10:27:09.056118+00:00
0,Tester | Slovakia,linkedin,Software Test Engineer,Takeda,"Bratislava, Bratislava, Slovakia",On-site,Full-time,,,English,,,Recent,https://sk.linkedin.com/jobs/view/software-test-engineer-at-takeda-4361028383,2026-03-15T10:27:09.056331+00:00
0,Tester | Slovakia,linkedin,Test engineer-1,Magna International,"Kechnec, Kosice, Slovakia",On-site,Internship,,,English,,,Recent,https://sk.linkedin.com/jobs/view/test-engineer-1-at-magna-international-4284413507,2026-03-15T10:27:09.056488+00:00
0,Tester | Slovakia,linkedin,Test Engineer,Multitude,"Bratislava, Bratislava, Slovakia",On-site,Full-time,,,English,,,Recent,https://sk.linkedin.com/jobs/view/test-engineer-at-multitude-4379037173,2026-03-15T10:27:09.056646+00:00
0,Tester | Slovakia,linkedin,Agile Test Engineer,ESET,"Bratislava, Bratislava, Slovakia",On-site,Full-time,,Agile,English,,,Recent,https://sk.linkedin.com/jobs/view/agile-test-engineer-at-eset-4375989657,2026-03-15T10:27:09.056823+00:00
0,Tester | Czech Republic,linkedin,QA Tester,Infosyp,"Santo Domingo de Guzmán, Distrito Nacional, Dominican Republic",On-site,Full-time,,,English,,,Recent,https://do.linkedin.com/jobs/view/qa-tester-at-infosyp-4380484222,2026-03-15T10:27:11.378460+00:00
0,Tester | Czech Republic,linkedin,TESTER DESARROLLO SISTEMAS AGILE,Banco Popular Dominicano,"Santo Domingo, Distrito Nacional, Dominican Republic",On-site,Full-time,,Agile,English,,,Recent,https://do.linkedin.com/jobs/view/tester-desarrollo-sistemas-agile-at-banco-popular-dominicano-4374026679,2026-03-15T10:27:11.378670+00:00
0,Tester | Czech Republic,linkedin,Test Engineer,Eaton,"Bajos de Haina, San Cristóbal, Dominican Republic",On-site,Full-time,,,English,,,Recent,https://do.linkedin.com/jobs/view/test-engineer-at-eaton-4353191207,2026-03-15T10:27:11.378846+00:00
0,Tester | Czech Republic,linkedin,Test Engineer,Rockwell Automation,"Santo Domingo, Distrito Nacional, Dominican Republic",On-site,Full-time,,,English,,,Recent,https://do.linkedin.com/jobs/view/test-engineer-at-rockwell-automation-4380581844,2026-03-15T10:27:11.379009+00:00
0,Tester | Czech Republic,linkedin,Software Development Engineer in Test,Origami Risk,"Santo Domingo, Distrito Nacional, Dominican Republic",On-site,Full-time,,,English,,,Recent,https://do.linkedin.com/jobs/view/software-development-engineer-in-test-at-origami-risk-4375488057,2026-03-15T10:27:11.379161+00:00
0,Tester | Czech Republic,linkedin,Técnico Electrónico II,Eaton,"Bajos de Haina, San Cristóbal, Dominican Republic",On-site,Full-time,,,English,,,Recent,https://do.linkedin.com/jobs/view/t%C3%A9cnico-electr%C3%B3nico-ii-at-eaton-4378934782,2026-03-15T10:27:11.379527+00:00
0,Tester | Czech Republic,linkedin,Coordinator.MFG.Maintenance,Eaton,"Santiago de los Caballeros, Santiago, Dominican Republic",On-site,Full-time,,,English,,,Recent,https://do.linkedin.com/jobs/view/coordinator-mfg-maintenance-at-eaton-4375530633,2026-03-15T10:27:11.379716+00:00
0,Tester | Poland,linkedin,Manual Tester,ipracujzdalnie.pl,"Warsaw, Mazowieckie, Poland",On-site,Full-time,,,English,,,Recent,https://pl.linkedin.com/jobs/view/manual-tester-at-ipracujzdalnie-pl-4376817360,2026-03-15T10:27:13.733868+00:00
0,Tester | Poland,linkedin,Manual Tester,ipracujzdalnie.pl,"Lublin, Lubelskie, Poland",On-site,Full-time,,,English,,,Recent,https://pl.linkedin.com/jobs/view/manual-tester-at-ipracujzdalnie-pl-4376828013,2026-03-15T10:27:13.734121+00:00
0,Tester | Poland,linkedin,Manual Tester,ipracujzdalnie.pl,"Rzeszów, Podkarpackie, Poland",On-site,Full-time,,,English,,,Recent,https://pl.linkedin.com/jobs/view/manual-tester-at-ipracujzdalnie-pl-4376807853,2026-03-15T10:27:13.734287+00:00
0,Tester | Poland,linkedin,Manual Tester,ipracujzdalnie.pl,"Białystok, Podlaskie, Poland",On-site,Full-time,,,English,,,Recent,https://pl.linkedin.com/jobs/view/manual-tester-at-ipracujzdalnie-pl-4376823266,2026-03-15T10:27:13.734452+00:00
0,Tester | Poland,linkedin,Tester/ka manualny/a,Base.com,"Warsaw, Mazowieckie, Poland",On-site,Full-time,,,English,,,Recent,https://pl.linkedin.com/jobs/view/tester-ka-manualny-a-at-base-com-4383302255,2026-03-15T10:27:13.734622+00:00
0,Tester | Poland,linkedin,Manual Tester,ipracujzdalnie.pl,"Łódź, Łódzkie, Poland",On-site,Full-time,,,English,,,Recent,https://pl.linkedin.com/jobs/view/manual-tester-at-ipracujzdalnie-pl-4376816514,2026-03-15T10:27:13.734804+00:00
0,Tester | Poland,linkedin,Tester/ka manualny/a,Base.com,"Wrocław, Dolnośląskie, Poland",On-site,Full-time,,,English,,,Recent,https://pl.linkedin.com/jobs/view/tester-ka-manualny-a-at-base-com-4383305215,2026-03-15T10:27:13.734974+00:00
0,Tester | Poland,linkedin,QA Manual Tester (Desktop/Web applications),Inexto SA,"Cracow, Małopolskie, Poland",On-site,Full-time,,,English,,,Recent,https://pl.linkedin.com/jobs/view/qa-manual-tester%C2%A0-desktop-web-applications-at-inexto-sa-4374067677,2026-03-15T10:27:13.735129+00:00
0,Tester | Poland,linkedin,Intermediate Test Engineer - OP02078,Dev.Pro,"Wrocław, Dolnośląskie, Poland",On-site,Full-time,,,English,,,Recent,https://pl.linkedin.com/jobs/view/intermediate-test-engineer-op02078-at-dev-pro-4384854473,2026-03-15T10:27:13.735295+00:00
0,Tester | Poland,linkedin,Junior Test Specialist/QA Engineer (f/m),Netcompany,"Warsaw, Mazowieckie, Poland",On-site,Full-time,,Junior,English,,,Recent,https://pl.linkedin.com/jobs/view/junior-test-specialist-qa-engineer-f-m-at-netcompany-4364598006,2026-03-15T10:27:13.735456+00:00
0,Tester | USA,linkedin,[Entry Level] Software Tester,Lensa,"Plano, TX",On-site,Full-time,,,English,,,Recent,https://www.linkedin.com/jobs/view/entry-level-software-tester-at-lensa-4385313748,2026-03-15T10:27:16.202851+00:00
0,Tester | USA,linkedin,Language QA Tester,Nintendo,"Redmond, WA",On-site,Full-time,,,English,,,Recent,https://www.linkedin.com/jobs/view/language-qa-tester-at-nintendo-4383833979,2026-03-15T10:27:16.203042+00:00
0,Tester | USA,linkedin,[Entry Level] Software Tester,Lensa,"Bellevue, WA",On-site,Full-time,,,English,,,Recent,https://www.linkedin.com/jobs/view/entry-level-software-tester-at-lensa-4385161851,2026-03-15T10:27:16.203208+00:00
0,Tester | USA,linkedin,Quality Assurance Tester- Junior (Remote),Lensa,"Dallas, TX",Remote,Full-time,,Junior,English,,,Recent,https://www.linkedin.com/jobs/view/quality-assurance-tester-junior-remote-at-lensa-4385161896,2026-03-15T10:27:16.203359+00:00
0,Tester | USA,linkedin,Quality Assurance Tester- Junior (Remote),Lensa,"Raleigh, NC",Remote,Full-time,,Junior,English,,,Recent,https://www.linkedin.com/jobs/view/quality-assurance-tester-junior-remote-at-lensa-4385170782,2026-03-15T10:27:16.203511+00:00
0,Tester | USA,linkedin,[Entry Level] Software Tester / Field Tester,Lensa,"Bellevue, WA",On-site,Full-time,,,English,,,Recent,https://www.linkedin.com/jobs/view/entry-level-software-tester-field-tester-at-lensa-4385181228,2026-03-15T10:27:16.203682+00:00
0,Tester | USA,linkedin,QA Manual Tester,Enexus Global Inc.,"Mountain View, CA",On-site,Full-time,,,English,,,Recent,https://www.linkedin.com/jobs/view/qa-manual-tester-at-enexus-global-inc-4380495843,2026-03-15T10:27:16.203845+00:00
0,Tester | USA,linkedin,[Entry Level] Software Tester / Field Tester,Lensa,"Plano, TX",On-site,Full-time,,,English,,,Recent,https://www.linkedin.com/jobs/view/entry-level-software-tester-field-tester-at-lensa-4385181140,2026-03-15T10:27:16.204002+00:00
0,Tester | USA,linkedin,Manual tester,BCforward,"Rochester, MN",On-site,Full-time,,,English,,,Recent,https://www.linkedin.com/jobs/view/manual-tester-at-bcforward-4382132487,2026-03-15T10:27:16.204160+00:00
0,Tester | USA,linkedin,Remote Manual QA Tester,Lensa,"Hartford, CT",Remote,Full-time,,,English,,,Recent,https://www.linkedin.com/jobs/view/remote-manual-qa-tester-at-lensa-4385181032,2026-03-15T10:27:16.204316+00:00
0,Tester | United Kingdom,linkedin,QA Tester,Methods,"London, England, United Kingdom",On-site,Full-time,,,English,,,Recent,https://uk.linkedin.com/jobs/view/qa-tester-at-methods-4374556931,2026-03-15T10:27:18.603376+00:00
0,Tester | United Kingdom,linkedin,Quality Engineer : Manual Software Testing (Hybrid),TipTopJob,"Durham, England, United Kingdom",Hybrid,Full-time,,,English,,,Recent,https://uk.linkedin.com/jobs/view/quality-engineer-manual-software-testing-hybrid-at-tiptopjob-4378665703,2026-03-15T10:27:18.603560+00:00
0,Tester | United Kingdom,linkedin,Quality Assurance Tester,Shaw Daniels Solutions,United Kingdom,On-site,Full-time,,,English,,,Recent,https://uk.linkedin.com/jobs/view/quality-assurance-tester-at-shaw-daniels-solutions-4377722598,2026-03-15T10:27:18.603794+00:00
0,Tester | United Kingdom,linkedin,Test Engineer,Wipro,"London Area, United Kingdom",On-site,Full-time,,,English,,,Recent,https://uk.linkedin.com/jobs/view/test-engineer-at-wipro-4364799058,2026-03-15T10:27:18.603960+00:00
0,Tester | United Kingdom,linkedin,QA Tester,Institute of Communication,"London, England, United Kingdom",On-site,Full-time,,,English,,,Recent,https://uk.linkedin.com/jobs/view/qa-tester-at-institute-of-communication-4384526318,2026-03-15T10:27:18.604110+00:00
0,Tester | United Kingdom,linkedin,Test Engineer,Careegrow LTD,"Manchester, England, United Kingdom",On-site,Full-time,,,English,,,Recent,https://uk.linkedin.com/jobs/view/test-engineer-at-careegrow-ltd-4383672767,2026-03-15T10:27:18.604305+00:00
0,Tester | United Kingdom,linkedin,QA Manual Test Engineer,Expleo Group,"Birmingham, England, United Kingdom",On-site,Full-time,,,English,,,Recent,https://uk.linkedin.com/jobs/view/qa-manual-test-engineer-at-expleo-group-4383328507,2026-03-15T10:27:18.604467+00:00
0,Tester | United Kingdom,linkedin,Tester,BBC,"Salford, England, United Kingdom",On-site,Full-time,,,English,,,Recent,https://uk.linkedin.com/jobs/view/tester-at-bbc-4377783884,2026-03-15T10:27:18.604618+00:00
0,Tester | United Kingdom,linkedin,Test Automation Engineer,Deloitte,"Glasgow, Scotland, United Kingdom",On-site,Full-time,Test Automation,,English,,,Recent,https://uk.linkedin.com/jobs/view/test-automation-engineer-at-deloitte-4383541540,2026-03-15T10:27:18.604840+00:00
0,Tester | United Kingdom,linkedin,QA Tester,Anson McCade,"England, United Kingdom",On-site,Full-time,,,English,,,Recent,https://uk.linkedin.com/jobs/view/qa-tester-at-anson-mccade-4382591708,2026-03-15T10:27:18.605011+00:00
0,QA Engineer | Germany,linkedin,QA Engineer,Westernacher Solutions,"Berlin, Germany",On-site,Full-time,,,English,,,Recent,https://de.linkedin.com/jobs/view/qa-engineer-at-westernacher-solutions-4372474254,2026-03-15T10:27:20.918142+00:00
0,QA Engineer | Austria,linkedin,Software Quality Engineer,Ketryx,"Vienna, Vienna, Austria",On-site,Full-time,,,English,,,Recent,https://at.linkedin.com/jobs/view/software-quality-engineer-at-ketryx-4308973953,2026-03-15T10:27:23.278773+00:00
0,QA Engineer | Austria,linkedin,Procurement Quality Assurance Engineer,Mane Contract Services,"Salzburg, Austria",On-site,Contract,,,English,,,Recent,https://at.linkedin.com/jobs/view/procurement-quality-assurance-engineer-at-mane-contract-services-4374880986,2026-03-15T10:27:23.278966+00:00
0,QA Engineer | Austria,linkedin,QA Engineer (AI native),nyra health,"Vienna, Austria",On-site,Full-time,,,English,,,Recent,https://at.linkedin.com/jobs/view/qa-engineer-ai-native-at-nyra-health-4380894667,2026-03-15T10:27:23.279127+00:00
0,QA Engineer | Austria,linkedin,QA Engineer - Manual Testing (Mobile & Backend),Tractive,"Linz, Upper Austria, Austria",Remote,Full-time,,Manual Testing,English,,,Recent,https://at.linkedin.com/jobs/view/qa-engineer-manual-testing-mobile-backend-at-tractive-4383036532,2026-03-15T10:27:23.279452+00:00
0,QA Engineer | Austria,linkedin,Software QA Engineer (Embedded Systems),Berkeley Square - Talent Specialists in IT & Engineering,"Vorarlberg, Austria",On-site,Full-time,Embedded Systems,,English,,,Recent,https://at.linkedin.com/jobs/view/software-qa-engineer-embedded-systems-at-berkeley-square-talent-specialists-in-it-engineering-4372602220,2026-03-15T10:27:23.279609+00:00
0,QA Engineer | Austria,linkedin,QA Engineer (m/w/d),RINGANA,"Vienna, Vienna, Austria",On-site,Full-time,,,English,,,Recent,https://at.linkedin.com/jobs/view/qa-engineer-m-w-d-at-ringana-4353952752,2026-03-15T10:27:23.279783+00:00
0,QA Engineer | Austria,linkedin,Quality Assurance Engineer (all genders),TeamViewer,"Linz, Upper Austria, Austria",On-site,Full-time,,,English,,,Recent,https://at.linkedin.com/jobs/view/quality-assurance-engineer-all-genders-at-teamviewer-4380586162,2026-03-15T10:27:23.280097+00:00
0,QA Engineer | Austria,linkedin,Supplier Test Engineer (all genders),Lam Research,"Villach, Carinthia, Austria",On-site,Full-time,,,English,,,Recent,https://at.linkedin.com/jobs/view/supplier-test-engineer-all-genders-at-lam-research-4377926919,2026-03-15T10:27:23.280254+00:00
0,QA Engineer | Switzerland,linkedin,Junior QA Engineer,Virtusan,Switzerland,On-site,Full-time,,Junior,English,,,Recent,https://ch.linkedin.com/jobs/view/junior-qa-engineer-at-virtusan-4383677324,2026-03-15T10:27:25.615327+00:00
0,QA Engineer | Switzerland,linkedin,Quality Assurance Engineer 100%,"Bodenmiller Recruitment GmbH | Recruitment for critical hires in Life Sciences, IT, and Engineering","Schaffhausen, Switzerland",Remote,Full-time,,,English,,,Recent,https://ch.linkedin.com/jobs/view/quality-assurance-engineer-100%25-at-bodenmiller-recruitment-gmbh-recruitment-for-critical-hires-in-life-sciences-it-and-engineering-4383310226,2026-03-15T10:27:25.615699+00:00
0,QA Engineer | Switzerland,linkedin,QA Software Engineer,Bucher + Suter,Greater Bern Area,On-site,Full-time,,,English,,,Recent,https://ch.linkedin.com/jobs/view/qa-software-engineer-at-bucher-%2B-suter-4377833517,2026-03-15T10:27:25.615863+00:00
0,QA Engineer | Switzerland,linkedin,QA Engineer,qiibee,Switzerland,On-site,Full-time,,,English,,,Recent,https://ch.linkedin.com/jobs/view/qa-engineer-at-qiibee-4381273286,2026-03-15T10:27:25.616016+00:00
0,QA Engineer | Switzerland,linkedin,QA qualification engineer,agap2 Switzerland,"Basel, Basel, Switzerland",On-site,Full-time,,,English,,,Recent,https://ch.linkedin.com/jobs/view/qa-qualification-engineer-at-agap2-switzerland-4382021336,2026-03-15T10:27:25.616180+00:00
0,QA Engineer | Switzerland,linkedin,Quality Assurance Engineer,Rayner,"St Gallen, Switzerland",On-site,Full-time,,,English,,,Recent,https://ch.linkedin.com/jobs/view/quality-assurance-engineer-at-rayner-4377842716,2026-03-15T10:27:25.616335+00:00
0,QA Engineer | Switzerland,linkedin,Ingénieur tests/Ingénieure tests,CLEEVEN,"Vaud, Switzerland",On-site,Full-time,,,English,,,Recent,https://ch.linkedin.com/jobs/view/ing%C3%A9nieur-tests-ing%C3%A9nieure-tests-at-cleeven-4375822030,2026-03-15T10:27:25.616493+00:00
0,QA Engineer | Switzerland,linkedin,QA Engineer,WEDO,"Fribourg, Fribourg, Switzerland",On-site,Full-time,,,English,,,Recent,https://ch.linkedin.com/jobs/view/qa-engineer-at-wedo-4384804112,2026-03-15T10:27:25.616652+00:00
0,QA Engineer | Switzerland,linkedin,Ingénieur tests/Ingénieure tests,API SA,"Lausanne, Vaud, Switzerland",On-site,Full-time,,,English,,,Recent,https://ch.linkedin.com/jobs/view/ing%C3%A9nieur-tests-ing%C3%A9nieure-tests-at-api-sa-4380948448,2026-03-15T10:27:25.616827+00:00
0,QA Engineer | Remote,linkedin,QA Engineer (Part-Time),Twine,Germany,Remote,Full-time,,,English,,,Recent,https://de.linkedin.com/jobs/view/qa-engineer-part-time-at-twine-4364425081,2026-03-15T10:27:27.999542+00:00
0,QA Engineer | Remote,linkedin,"QA Engineer (freelance contract, full-time)",Lumiform,Germany,Remote,Contract,,,English,,,Recent,https://de.linkedin.com/jobs/view/qa-engineer-freelance-contract-full-time-at-lumiform-4375538991,2026-03-15T10:27:27.999717+00:00
0,QA Engineer | Remote,linkedin,QA Specialist / QA Engineer - Freelanceship - 100% remote,Accelerated,Germany,Remote,Contract,,,English,,,Recent,https://de.linkedin.com/jobs/view/qa-specialist-qa-engineer-freelanceship-100%25-remote-at-accelerated-4375554271,2026-03-15T10:27:27.999872+00:00
0,QA Engineer | Remote,linkedin,QA Testing Engineer (Remote - Vollzeit),HeroSoftware GmbH - Shopify Apps,Germany,Remote,Full-time,,,English,,,Recent,https://de.linkedin.com/jobs/view/qa-testing-engineer-remote-vollzeit-at-herosoftware-gmbh-shopify-apps-4382015789,2026-03-15T10:27:28.000026+00:00
0,QA Engineer | Slovakia,linkedin,QA Engineer,Swiss Re,"Bratislava, Bratislava, Slovakia",On-site,Full-time,,,English,,,Recent,https://sk.linkedin.com/jobs/view/qa-engineer-at-swiss-re-4366871953,2026-03-15T10:27:30.351689+00:00
0,QA Engineer | Slovakia,linkedin,Manual QA Engineer (Middle) ID51808,AgileEngine,"Bratislava, Bratislava, Slovakia",On-site,Full-time,,,English,,,Recent,https://sk.linkedin.com/jobs/view/manual-qa-engineer-middle-id51808-at-agileengine-4377642193,2026-03-15T10:27:30.352034+00:00
0,QA Engineer | Czech Republic,linkedin,Ingeniero de Pruebas QA Manual,Infosyp,"Santo Domingo de Guzmán, Distrito Nacional, Dominican Republic",On-site,Full-time,,,English,,,Recent,https://do.linkedin.com/jobs/view/ingeniero-de-pruebas-qa-manual-at-infosyp-4380483272,2026-03-15T10:27:32.690926+00:00
0,QA Engineer | Czech Republic,linkedin,Ingeniero de Pruebas QA Mid Level,Tu Empleo RD,"Santo Domingo Este, Santo Domingo, Dominican Republic",On-site,Full-time,,,English,,,Recent,https://do.linkedin.com/jobs/view/ingeniero-de-pruebas-qa-mid-level-at-tu-empleo-rd-4384198867,2026-03-15T10:27:32.691122+00:00
0,QA Engineer | Czech Republic,linkedin,Software QA Engineer - La Vega,Champro,"La Vega, La Vega, Dominican Republic",On-site,Full-time,,,English,,,Recent,https://do.linkedin.com/jobs/view/software-qa-engineer-la-vega-at-champro-4373865392,2026-03-15T10:27:32.691292+00:00
0,QA Engineer | Czech Republic,linkedin,Ingeniero QA,GBM,Dominican Republic,On-site,Full-time,,,English,,,Recent,https://do.linkedin.com/jobs/view/ingeniero-qa-at-gbm-4375742926,2026-03-15T10:27:32.691454+00:00
0,QA Engineer | Czech Republic,linkedin,QA Engineer (IntrosMatter) - Remote Work,BairesDev,Dominican Republic,Remote,Full-time,,,English,,,Recent,https://do.linkedin.com/jobs/view/qa-engineer-introsmatter-remote-work-at-bairesdev-4383221888,2026-03-15T10:27:32.691609+00:00
0,QA Engineer | Czech Republic,linkedin,Quality Assurance Engineer - Remote Work,BairesDev,"Santo Domingo, Distrito Nacional, Dominican Republic",Remote,Full-time,,,English,,,Recent,https://do.linkedin.com/jobs/view/quality-assurance-engineer-remote-work-at-bairesdev-4383224908,2026-03-15T10:27:32.691962+00:00
0,QA Engineer | Czech Republic,linkedin,Automated Testing Engineer (Remote),KAIZEN Asset Management Services,Dominican Republic,Remote,Full-time,,,English,,,Recent,https://do.linkedin.com/jobs/view/automated-testing-engineer-remote-at-kaizen-asset-management-services-4372251269,2026-03-15T10:27:32.692116+00:00
0,QA Engineer | Czech Republic,linkedin,Ingeniero QA,Infosyp,"Santiago de los Caballeros, Santiago, Dominican Republic",On-site,Full-time,,,English,,,Recent,https://do.linkedin.com/jobs/view/ingeniero-qa-at-infosyp-4372540809,2026-03-15T10:27:32.692265+00:00
0,QA Engineer | Czech Republic,linkedin,QA Automation Engineer,CrecerLab,"Santo Domingo, Distrito Nacional, Dominican Republic",On-site,Full-time,,,English,,,Recent,https://do.linkedin.com/jobs/view/qa-automation-engineer-at-crecerlab-4372777377,2026-03-15T10:27:32.692407+00:00
0,QA Engineer | Poland,linkedin,Quality Assurance Automation Engineer,Coforge,"Krakowski, Małopolskie, Poland",On-site,Full-time,,,English,,,Recent,https://pl.linkedin.com/jobs/view/quality-assurance-automation-engineer-at-coforge-4382408255,2026-03-15T10:27:35.053334+00:00
0,QA Engineer | Poland,linkedin,Junior QA Engineer/ QA Engineer,Amelco Limited,"Warsaw, Mazowieckie, Poland",On-site,Full-time,,Junior,English,,,Recent,https://pl.linkedin.com/jobs/view/junior-qa-engineer-qa-engineer-at-amelco-limited-4372850135,2026-03-15T10:27:35.053530+00:00
0,QA Engineer | Poland,linkedin,(800) QA Automation Engineer,Altoros,"Warsaw, Mazowieckie, Poland",On-site,Full-time,,,English,,,Recent,https://pl.linkedin.com/jobs/view/800-qa-automation-engineer-at-altoros-4384165271,2026-03-15T10:27:35.053874+00:00
0,QA Engineer | Poland,linkedin,"QA Engineer (worldwide remote, work anywhere)",CloudLinux,"Warsaw, Mazowieckie, Poland",Remote,Full-time,,,English,,,Recent,https://pl.linkedin.com/jobs/view/qa-engineer-worldwide-remote-work-anywhere-at-cloudlinux-4375544173,2026-03-15T10:27:35.054187+00:00
0,QA Engineer | Poland,linkedin,QA Engineer/Analyst (Junior/Regular)/ Inetum,Inetum,"Warsaw, Mazowieckie, Poland",On-site,Full-time,,Junior,English,,,Recent,https://pl.linkedin.com/jobs/view/qa-engineer-analyst-junior-regular-inetum-at-inetum-4373817307,2026-03-15T10:27:35.054347+00:00
0,QA Engineer | Poland,linkedin,QA Analyst (Manual & Automation)/ I,Inetum,"Warsaw, Mazowieckie, Poland",On-site,Full-time,,,English,,,Recent,https://pl.linkedin.com/jobs/view/qa-analyst-manual-automation-i-at-inetum-4373813470,2026-03-15T10:27:35.054505+00:00
0,QA Engineer | Poland,linkedin,QA Engineer,1inch,Cracow Metropolitan Area,On-site,Full-time,,,English,,,Recent,https://pl.linkedin.com/jobs/view/qa-engineer-at-1inch-4372005936,2026-03-15T10:27:35.054675+00:00
0,QA Engineer | USA,linkedin,QA Engineer,MrBeast,United States,On-site,Full-time,,,English,,,Recent,https://www.linkedin.com/jobs/view/qa-engineer-at-mrbeast-4367342975,2026-03-15T10:27:37.464055+00:00
0,QA Engineer | USA,linkedin,"Junior QA Engineer – Recent Grads, This One's for You!",Teak,United States,On-site,Full-time,,Junior,English,,,Recent,https://www.linkedin.com/jobs/view/junior-qa-engineer-%E2%80%93-recent-grads-this-one-s-for-you%21-at-teak-4379436451,2026-03-15T10:27:37.464245+00:00
0,QA Engineer | USA,linkedin,"Junior QA Engineer – Recent Grads, This One's for You",Teak,United States,On-site,Full-time,,Junior,English,,,Recent,https://www.linkedin.com/jobs/view/junior-qa-engineer-%E2%80%93-recent-grads-this-one-s-for-you-at-teak-4383435639,2026-03-15T10:27:37.464415+00:00
0,QA Engineer | USA,linkedin,Quality Assurance Engineer,The Bexar Company,"Grand Prairie, TX",On-site,Full-time,,,English,,,Recent,https://www.linkedin.com/jobs/view/quality-assurance-engineer-at-the-bexar-company-4379085580,2026-03-15T10:27:37.464579+00:00
0,QA Engineer | USA,linkedin,Junior QA Engineer (Entry-Level),CloudBerry,United States,On-site,Full-time,,"Junior, Entry-Level",English,,,Recent,https://www.linkedin.com/jobs/view/junior-qa-engineer-entry-level-at-cloudberry-4379916350,2026-03-15T10:27:37.464760+00:00
0,QA Engineer | USA,linkedin,Quality Assurance Engineer,The Bexar Company,"Grand Prairie, TX",On-site,Full-time,,,English,,,Recent,https://www.linkedin.com/jobs/view/quality-assurance-engineer-at-the-bexar-company-4382196421,2026-03-15T10:27:37.464918+00:00
0,QA Engineer | USA,linkedin,QA Engineer,Fastbreak AI,"Charlotte, NC",On-site,Full-time,,,English,,,Recent,https://www.linkedin.com/jobs/view/qa-engineer-at-fastbreak-ai-4383154289,2026-03-15T10:27:37.465073+00:00
0,QA Engineer | USA,linkedin,QA Engineer II,Acorns,United States,On-site,Full-time,,,English,,,Recent,https://www.linkedin.com/jobs/view/qa-engineer-ii-at-acorns-4362339582,2026-03-15T10:27:37.465231+00:00
0,QA Engineer | USA,linkedin,Manual QA Engineer,Kira,"New York, NY",On-site,Full-time,,,English,,,Recent,https://www.linkedin.com/jobs/view/manual-qa-engineer-at-kira-4383827042,2026-03-15T10:27:37.465388+00:00
0,QA Engineer | United Kingdom,linkedin,QA Engineer,DOHE,United Kingdom,On-site,Full-time,,,English,,,Recent,https://uk.linkedin.com/jobs/view/qa-engineer-at-dohe-4378768794,2026-03-15T10:27:39.814027+00:00
0,QA Engineer | United Kingdom,linkedin,QA Engineer,LDMS,"Cardiff, Wales, United Kingdom",On-site,Full-time,,,English,,,Recent,https://uk.linkedin.com/jobs/view/qa-engineer-at-ldms-4373929610,2026-03-15T10:27:39.814191+00:00
0,QA Engineer | United Kingdom,linkedin,Quality Assurance Engineer,Mindera,"London, England, United Kingdom",On-site,Full-time,,,English,,,Recent,https://uk.linkedin.com/jobs/view/quality-assurance-engineer-at-mindera-4383147154,2026-03-15T10:27:39.814349+00:00
0,QA Engineer | United Kingdom,linkedin,Junior QA Engineer,Mercury,"Coleshill, England, United Kingdom",On-site,Full-time,,Junior,English,,,Recent,https://uk.linkedin.com/jobs/view/junior-qa-engineer-at-mercury-4374502415,2026-03-15T10:27:39.814502+00:00
0,QA Engineer | United Kingdom,linkedin,QA Engineer,1inch,"London Area, United Kingdom",On-site,Full-time,,,English,,,Recent,https://uk.linkedin.com/jobs/view/qa-engineer-at-1inch-4374396524,2026-03-15T10:27:39.814653+00:00
0,QA Engineer | United Kingdom,linkedin,Quality Assurance Engineer,Navantia UK,"Fife, Scotland, United Kingdom",On-site,Full-time,,,English,,,Recent,https://uk.linkedin.com/jobs/view/quality-assurance-engineer-at-navantia-uk-4372239824,2026-03-15T10:27:39.814976+00:00
0,Test Engineer | Germany,linkedin,QA Engineer,Almedia,"Berlin, Germany",On-site,Full-time,,,English,,,Recent,https://de.linkedin.com/jobs/view/qa-engineer-at-almedia-4339366784,2026-03-15T10:27:42.185089+00:00
0,Test Engineer | Austria,linkedin,SQA Ingenieur (m/w/d),SEGULA Technologies,"Graz, Styria, Austria",On-site,Full-time,,,English,,,Recent,https://at.linkedin.com/jobs/view/sqa-ingenieur-m-w-d-at-segula-technologies-4385504193,2026-03-15T10:27:44.539021+00:00
0,Test Engineer | Austria,linkedin,Software Developer (m/w/x),philoro EDELMETALLE,"Korneuburg, Lower Austria, Austria",On-site,Full-time,,,English,,,Recent,https://at.linkedin.com/jobs/view/software-developer-m-w-x-at-philoro-edelmetalle-4375532912,2026-03-15T10:27:44.539177+00:00
0,Test Engineer | Switzerland,linkedin,Ingénieur de test Junior (H/F),WIT PARTNERS SA,"Vaud, Switzerland",On-site,Full-time,,Junior,English,,,Recent,https://ch.linkedin.com/jobs/view/ing%C3%A9nieur-de-test-junior-h-f-at-wit-partners-sa-4377390272,2026-03-15T10:27:46.892762+00:00
0,Test Engineer | Remote,linkedin,Software Engineer (Code QA),Mercor,"Berlin, Berlin, Germany",Remote,Full-time,,,English,,,Recent,https://de.linkedin.com/jobs/view/software-engineer-code-qa-at-mercor-4383105898,2026-03-15T10:27:49.312311+00:00
0,Test Engineer | Remote,linkedin,"Manual Quality Assurance Engineer, Web Core Product",Speechify,"Berlin, Germany",Remote,Full-time,,,English,,,Recent,https://de.linkedin.com/jobs/view/manual-quality-assurance-engineer-web-core-product-at-speechify-4373567343,2026-03-15T10:27:49.312468+00:00
0,Test Engineer | Slovakia,linkedin,Supplier Quality Engineer,Yanfeng,"Námestovo, Zilina, Slovakia",On-site,Full-time,,,English,,,Recent,https://sk.linkedin.com/jobs/view/supplier-quality-engineer-at-yanfeng-4382288205,2026-03-15T10:27:51.676193+00:00
0,Test Engineer | Poland,linkedin,Manual Tester,ipracujzdalnie.pl,"Katowice, Śląskie, Poland",On-site,Full-time,,,English,,,Recent,https://pl.linkedin.com/jobs/view/manual-tester-at-ipracujzdalnie-pl-4376811627,2026-03-15T10:27:56.439714+00:00
0,Test Engineer | Poland,linkedin,Manual Tester,ipracujzdalnie.pl,"Wrocław, Dolnośląskie, Poland",On-site,Full-time,,,English,,,Recent,https://pl.linkedin.com/jobs/view/manual-tester-at-ipracujzdalnie-pl-4376806903,2026-03-15T10:27:56.439914+00:00
0,Test Engineer | Poland,linkedin,Manual Tester,ipracujzdalnie.pl,"Poznań, Wielkopolskie, Poland",On-site,Full-time,,,English,,,Recent,https://pl.linkedin.com/jobs/view/manual-tester-at-ipracujzdalnie-pl-4378376979,2026-03-15T10:27:56.440241+00:00
0,Test Engineer | Poland,linkedin,Software Test Engineer,Rho,Poland,On-site,Full-time,,,English,,,Recent,https://pl.linkedin.com/jobs/view/software-test-engineer-at-rho-4308483608,2026-03-15T10:27:56.440734+00:00
0,Test Engineer | Poland,linkedin,Manual Tester,ipracujzdalnie.pl,"Gdańsk, Pomorskie, Poland",On-site,Full-time,,,English,,,Recent,https://pl.linkedin.com/jobs/view/manual-tester-at-ipracujzdalnie-pl-4376817359,2026-03-15T10:27:56.441070+00:00
0,Test Engineer | Poland,linkedin,Quality Assurance Engineer,QX Consulting Ltd,Poland,On-site,Full-time,,,English,,,Recent,https://pl.linkedin.com/jobs/view/quality-assurance-engineer-at-qx-consulting-ltd-4385112173,2026-03-15T10:27:56.441227+00:00
0,Test Engineer | USA,linkedin,Quality Assurance Engineer,"MS Shift, Inc.","New York, NY",On-site,Full-time,,,English,,,Recent,https://www.linkedin.com/jobs/view/quality-assurance-engineer-at-ms-shift-inc-4383720565,2026-03-15T10:27:58.995493+00:00
0,Test Engineer | USA,linkedin,Quality Assurance Engineer,Global Connect Technologies,"Santa Clara, CA",On-site,Full-time,,,English,,,Recent,https://www.linkedin.com/jobs/view/quality-assurance-engineer-at-global-connect-technologies-4383739747,2026-03-15T10:27:58.995677+00:00
0,Test Engineer | USA,linkedin,QA Engineer,Claim Health,"New York, NY",On-site,Full-time,,,English,,,Recent,https://www.linkedin.com/jobs/view/qa-engineer-at-claim-health-4385876961,2026-03-15T10:27:58.995989+00:00
0,Test Engineer | USA,linkedin,Software Test (QA) Engineer,The Mechanical Licensing Collective,"Nashville, TN",On-site,Full-time,,,English,,,Recent,https://www.linkedin.com/jobs/view/software-test-qa-engineer-at-the-mechanical-licensing-collective-4383316258,2026-03-15T10:27:58.996148+00:00
0,Test Engineer | USA,linkedin,Software Quality Assurance Test Engineer,Liberty Defense,"Boston, MA",On-site,Full-time,,,English,,,Recent,https://www.linkedin.com/jobs/view/software-quality-assurance-test-engineer-at-liberty-defense-4375471470,2026-03-15T10:27:58.996617+00:00
0,Test Engineer | United Kingdom,linkedin,Quality Assurance Engineer,Coforge,"Telford, England, United Kingdom",On-site,Full-time,,,English,,,Recent,https://uk.linkedin.com/jobs/view/quality-assurance-engineer-at-coforge-4378832906,2026-03-15T10:28:01.416953+00:00
0,Test Engineer | United Kingdom,linkedin,Software Tester,Stratospherec Limited,"Horsham, England, United Kingdom",On-site,Full-time,,,English,,,Recent,https://uk.linkedin.com/jobs/view/software-tester-at-stratospherec-limited-4382083164,2026-03-15T10:28:01.417430+00:00
0,Test Engineer | United Kingdom,linkedin,Software Quality Assurance Engineer,FastDox,"Wilmslow, England, United Kingdom",On-site,Full-time,,,English,,,Recent,https://uk.linkedin.com/jobs/view/software-quality-assurance-engineer-at-fastdox-4381434207,2026-03-15T10:28:01.417580+00:00
0,Test Engineer | United Kingdom,linkedin,Software Engineer in Test,WeDo,"Croydon, England, United Kingdom",On-site,Full-time,,,English,,,Recent,https://uk.linkedin.com/jobs/view/software-engineer-in-test-at-wedo-4383091979,2026-03-15T10:28:01.418213+00:00
0,Testingenieur | Germany,linkedin,Testingenieur (m/w/d) Luft- und Raumfahrt,ACONEXT,"Laupheim, Baden-Württemberg, Germany",On-site,Full-time,,,German,,,Recent,https://de.linkedin.com/jobs/view/testingenieur-m-w-d-luft-und-raumfahrt-at-aconext-4383952543,2026-03-15T10:28:03.814472+00:00
0,Testingenieur | Germany,linkedin,Testingenieur – Mechanical Engineering / Systemtests (all gender),ALTEN,"Hamburg, Hamburg, Germany",On-site,Full-time,,,English,,,Recent,https://de.linkedin.com/jobs/view/testingenieur-%E2%80%93-mechanical-engineering-systemtests-all-gender-at-alten-4373103421,2026-03-15T10:28:03.814682+00:00
0,Testingenieur | Germany,linkedin,CQV & CSV Engineering Opportunities – Germany,KPC International,"Frankfurt, Hesse, Germany",On-site,Internship,,,English,,,Recent,https://de.linkedin.com/jobs/view/cqv-csv-engineering-opportunities-%E2%80%93-germany-at-kpc-international-4225886744,2026-03-15T10:28:03.814867+00:00
0,Testingenieur | Germany,linkedin,Testingenieur*in Elektromechanik / Hardware Test Engineer,TWK,"Düsseldorf, North Rhine-Westphalia, Germany",On-site,Full-time,,,English,,,Recent,https://de.linkedin.com/jobs/view/testingenieur-in-elektromechanik-hardware-test-engineer-at-twk-4377721114,2026-03-15T10:28:03.815036+00:00
0,Testingenieur | Germany,linkedin,TCMS Test Engineer,SEGULA Technologies,"Mannheim, Baden-Württemberg, Germany",On-site,Full-time,,,English,,,Recent,https://de.linkedin.com/jobs/view/tcms-test-engineer-at-segula-technologies-4378948527,2026-03-15T10:28:03.815209+00:00
0,Testingenieur | Germany,linkedin,Test Field Engineer - Prüffeldtechniker,EarthStream Global,"Brilon, North Rhine-Westphalia, Germany",On-site,Full-time,,,English,,,Recent,https://de.linkedin.com/jobs/view/test-field-engineer-pr%C3%BCffeldtechniker-at-earthstream-global-4372502017,2026-03-15T10:28:03.815375+00:00
0,Testingenieur | Germany,linkedin,Junior Entwicklungs- und Testingenieur für aktive Mikrowellengeräte (m/w/d) (ID: 22110),Da Vinci Engineering GmbH,"Backnang, Baden-Württemberg, Germany",On-site,Full-time,,"Junior, R",German,,,Recent,https://de.linkedin.com/jobs/view/junior-entwicklungs-und-testingenieur-f%C3%BCr-aktive-mikrowellenger%C3%A4te-m-w-d-id-22110-at-da-vinci-engineering-gmbh-4368592256,2026-03-15T10:28:03.815543+00:00
0,Testingenieur | Germany,linkedin,Testingenieur – Mechanical Engineering / Systemtests (all gender),ALTEN Germany,"Hamburg, Hamburg, Germany",On-site,Full-time,,,English,,,Recent,https://de.linkedin.com/jobs/view/testingenieur-%E2%80%93-mechanical-engineering-systemtests-all-gender-at-alten-germany-4373680351,2026-03-15T10:28:03.815726+00:00
0,Testingenieur | Germany,linkedin,ASIC Test Engineer (m/f/d) - REF6604C,AUMOVIO,"Frankfurt am Main, Hesse, Germany",On-site,Full-time,,,English,,,Recent,https://de.linkedin.com/jobs/view/asic-test-engineer-m-f-d-ref6604c-at-aumovio-4385535204,2026-03-15T10:28:03.815885+00:00
0,Testingenieur | Austria,linkedin,Work at PSI Austria,PSI Software – Process Industries & Metals,"Graz, Styria, Austria",On-site,Full-time,,,English,,,Recent,https://at.linkedin.com/jobs/view/work-at-psi-austria-at-psi-software-%E2%80%93-process-industries-metals-4381841539,2026-03-15T10:28:06.158358+00:00
0,Testingenieur | Austria,linkedin,(Junior) Product Developer - Medical Technology (m/w/d),Lohmann & Rauscher Österreich,"Schönau an der Triesting, Lower Austria, Austria",Remote,Internship,,"Junior, Intern, R, Associate",German,,,Recent,https://at.linkedin.com/jobs/view/junior-product-developer-medical-technology-m-w-d-at-lohmann-rauscher-%C3%B6sterreich-4366717813,2026-03-15T10:28:06.158864+00:00
0,Testingenieur | Austria,linkedin,(Junior) Product Developer - Medical Technology (m/w/d),Lohmann & Rauscher Österreich,"Schönau an der Triesting, Lower Austria, Austria",On-site,Full-time,,Junior,German,,,Recent,https://at.linkedin.com/jobs/view/junior-product-developer-medical-technology-m-w-d-at-lohmann-rauscher-%C3%B6sterreich-4366724622,2026-03-15T10:28:06.159023+00:00
0,Testingenieur | Austria,linkedin,(Junior) Product Developer - Medical Technology (m/w/d),Lohmann & Rauscher,"Schönau an der Triesting, Lower Austria, Austria",On-site,Full-time,,Junior,German,,,Recent,https://at.linkedin.com/jobs/view/junior-product-developer-medical-technology-m-w-d-at-lohmann-rauscher-4366732501,2026-03-15T10:28:06.159176+00:00
0,Testingenieur | Austria,linkedin,Softwareingenieur:in,Evo.People GmbH,"Wiener Neustadt, Lower Austria, Austria",On-site,Full-time,,,English,,,Recent,https://at.linkedin.com/jobs/view/softwareingenieur-in-at-evo-people-gmbh-4382299058,2026-03-15T10:28:06.159338+00:00
0,Testingenieur | Switzerland,linkedin,AI Speech Tester (Italian native speaker - Switzerland regional variant),TSMG Holding,"Bellinzona, Ticino, Switzerland",On-site,Full-time,,,English,,,Recent,https://ch.linkedin.com/jobs/view/ai-speech-tester-italian-native-speaker-switzerland-regional-variant-at-tsmg-holding-4383377773,2026-03-15T10:28:08.521190+00:00
0,Testingenieur | Switzerland,linkedin,AI Speech Tester (Italian native speaker - Switzerland regional variant),TSMG Holding,"Lugano, Ticino, Switzerland",On-site,Full-time,,,English,,,Recent,https://ch.linkedin.com/jobs/view/ai-speech-tester-italian-native-speaker-switzerland-regional-variant-at-tsmg-holding-4383384373,2026-03-15T10:28:08.521349+00:00
0,Testingenieur | Switzerland,linkedin,"Industrialization, Electronics Test Engineer",ANYbotics,"Zurich, Zurich, Switzerland",On-site,Full-time,,,English,,,Recent,https://ch.linkedin.com/jobs/view/industrialization-electronics-test-engineer-at-anybotics-4378614840,2026-03-15T10:28:08.521989+00:00
0,Testingenieur | Remote,linkedin,Application Engineer,Vericut (CGTech Deutschland GmbH),Germany,Remote,Full-time,,,English,,,Recent,https://de.linkedin.com/jobs/view/application-engineer-at-vericut-cgtech-deutschland-gmbh-4372820606,2026-03-15T10:28:10.864638+00:00
0,Testingenieur | Remote,linkedin,SIM & Device Engineer (IoT),KORE,Germany,Remote,Full-time,,,English,,,Recent,https://de.linkedin.com/jobs/view/sim-device-engineer-iot-at-kore-4269230163,2026-03-15T10:28:10.865161+00:00
0,Testingenieur | Remote,linkedin,System- und Testingenieur Funkkommunikationssysteme (all gender) 300,ALTEN Germany,"Stuttgart, Baden-Württemberg, Germany",Remote,Full-time,,,German,,,Recent,https://de.linkedin.com/jobs/view/system-und-testingenieur-funkkommunikationssysteme-all-gender-300-at-alten-germany-4361021637,2026-03-15T10:28:10.865316+00:00
0,Testingenieur | Slovakia,linkedin,Automatizačný softvérový inžinier,Hoval Energy Recovery,"Istebné, Zilina, Slovakia",On-site,Full-time,,,English,,,Recent,https://sk.linkedin.com/jobs/view/automatiza%C4%8Dn%C3%BD-softv%C3%A9rov%C3%BD-in%C5%BEinier-at-hoval-energy-recovery-4382510757,2026-03-15T10:28:13.234431+00:00
0,Testingenieur | Slovakia,linkedin,Automatizačný softvérový inžinier,Hoval Romania,"Istebné, Zilina, Slovakia",On-site,Full-time,,,English,,,Recent,https://sk.linkedin.com/jobs/view/automatiza%C4%8Dn%C3%BD-softv%C3%A9rov%C3%BD-in%C5%BEinier-at-hoval-romania-4382490406,2026-03-15T10:28:13.234626+00:00
0,Testingenieur | Slovakia,linkedin,AOSP DEVELOPER - AUTOMOTIVE DOMAIN - CZECHIA BASED PROJECT,Quest Global,Slovakia,On-site,Contract,,,English,,,Recent,https://sk.linkedin.com/jobs/view/aosp-developer-automotive-domain-czechia-based-project-at-quest-global-4362200771,2026-03-15T10:28:13.234988+00:00
0,Testingenieur | Slovakia,linkedin,Automatizačný softvérový inžinier,Hoval Hrvatska,"Istebné, Zilina, Slovakia",On-site,Full-time,,,English,,,Recent,https://sk.linkedin.com/jobs/view/automatiza%C4%8Dn%C3%BD-softv%C3%A9rov%C3%BD-in%C5%BEinier-at-hoval-hrvatska-4383849585,2026-03-15T10:28:13.235147+00:00
0,Testingenieur | Slovakia,linkedin,Testing Engineer - Commisioning,Schaeffler,"Kysucké Nové Mesto, Zilina, Slovakia",On-site,Full-time,,,English,,,Recent,https://sk.linkedin.com/jobs/view/testing-engineer-commisioning-at-schaeffler-4370529030,2026-03-15T10:28:13.235792+00:00
0,Testingenieur | Czech Republic,linkedin,Test Phenom,Ministry of the Interior of the Czech Republic,Dominican Republic,On-site,Full-time,,,English,,,Recent,https://do.linkedin.com/jobs/view/test-phenom-at-ministry-of-the-interior-of-the-czech-republic-4383782700,2026-03-15T10:28:15.615214+00:00
0,Testingenieur | Czech Republic,linkedin,硬件NPI工程师8052,UNISOC,"アト・マジョール州, Hato Mayor, Dominican Republic",On-site,Full-time,,,English,,,Recent,https://do.linkedin.com/jobs/view/%E7%A1%AC%E4%BB%B6npi%E5%B7%A5%E7%A8%8B%E5%B8%888052-at-unisoc-4384162904,2026-03-15T10:28:15.616029+00:00
0,Testingenieur | Poland,linkedin,TECHNOLOG (K/M),Łódzki Klaster ICT,"Białostoczek, Podlaskie, Poland",On-site,Full-time,,,English,,,Recent,https://pl.linkedin.com/jobs/view/technolog-k-m-at-%C5%82%C3%B3dzki-klaster-ict-4372814126,2026-03-15T10:28:18.026951+00:00
0,Testingenieur | Poland,linkedin,Mechanical Designer / Test Engineer (f/m),Airbus Helicopters,"Łódź, Łódzkie, Poland",On-site,Full-time,,,English,,,Recent,https://pl.linkedin.com/jobs/view/mechanical-designer-test-engineer-f-m-at-airbus-helicopters-4378564274,2026-03-15T10:28:18.027318+00:00
0,Testingenieur | Poland,linkedin,Inżynier testów produkcyjnych automotive (k/m),SEGULA Technologies,"Częstochowa, Śląskie, Poland",On-site,Full-time,,,English,,,Recent,https://pl.linkedin.com/jobs/view/in%C5%BCynier-test%C3%B3w-produkcyjnych-automotive-k-m-at-segula-technologies-4357509002,2026-03-15T10:28:18.027488+00:00
0,Testingenieur | Poland,linkedin,QA Test Engineer - ServiceNow - Open for European candidates,All European Careers,Warsaw Metropolitan Area,On-site,Full-time,,,English,,,Recent,https://pl.linkedin.com/jobs/view/qa-test-engineer-servicenow-open-for-european-candidates-at-all-european-careers-4382299984,2026-03-15T10:28:18.027675+00:00
0,Testingenieur | USA,linkedin,QA Engineer (Manual + Automation),The AES Group,"Jacksonville, FL",On-site,Full-time,,,English,,,Recent,https://www.linkedin.com/jobs/view/qa-engineer-manual-%2B-automation-at-the-aes-group-4382260136,2026-03-15T10:28:20.628865+00:00
0,Testingenieur | USA,linkedin,Mechanical Test Engineer (Entry-Level),IRPI,"Wilsonville, OR",On-site,Full-time,,Entry-Level,English,,,Recent,https://www.linkedin.com/jobs/view/mechanical-test-engineer-entry-level-at-irpi-4383848129,2026-03-15T10:28:20.629053+00:00
0,Testingenieur | USA,linkedin,Mechanical Test Engineer,Applus+ Laboratories,"Houston, TX",On-site,Full-time,,,English,,,Recent,https://www.linkedin.com/jobs/view/mechanical-test-engineer-at-applus%2B-laboratories-4125985556,2026-03-15T10:28:20.629218+00:00
0,Testingenieur | USA,linkedin,Mechanical Engineer - Testing and Assembly,"TechSource, Inc","Los Alamos, NM",On-site,Full-time,,Assembly,English,,,Recent,https://www.linkedin.com/jobs/view/mechanical-engineer-testing-and-assembly-at-techsource-inc-4383338319,2026-03-15T10:28:20.629544+00:00
0,Testingenieur | USA,linkedin,"Manufacturing Engineer, Aerospace Assembly & Test",Young & Franklin Tactair,"Liverpool, NY",On-site,Full-time,,Assembly,English,,,Recent,https://www.linkedin.com/jobs/view/manufacturing-engineer-aerospace-assembly-test-at-young-franklin-tactair-4384655489,2026-03-15T10:28:20.629882+00:00
0,Testingenieur | USA,linkedin,Test Engineer I – Early Career (2026 Starts),Blue Origin,"Lancaster, CA",On-site,Full-time,,,English,,,Recent,https://www.linkedin.com/jobs/view/test-engineer-i-%E2%80%93-early-career-2026-starts-at-blue-origin-4353142610,2026-03-15T10:28:20.630039+00:00
0,Testingenieur | USA,linkedin,Quality Assurance Engineer - Manufacturing,"KEB America, Inc.","Shakopee, MN",On-site,Full-time,,,English,,,Recent,https://www.linkedin.com/jobs/view/quality-assurance-engineer-manufacturing-at-keb-america-inc-4385877755,2026-03-15T10:28:20.630200+00:00
0,Testingenieur | United Kingdom,linkedin,Mechanical Test Engineer,BSI,"Hemel Hempstead, England, United Kingdom",On-site,Contract,,,English,,,Recent,https://uk.linkedin.com/jobs/view/mechanical-test-engineer-at-bsi-3841320068,2026-03-15T10:28:23.035953+00:00
0,Testingenieur | United Kingdom,linkedin,Test Engineer,TipTopJob,"Highbridge, England, United Kingdom",On-site,Contract,Can,Assembly,English,,,Recent,https://uk.linkedin.com/jobs/view/test-engineer-at-tiptopjob-4385899595,2026-03-15T10:28:23.036467+00:00
0,Testingenieur | United Kingdom,linkedin,Junior Test Engineer - Driver and Vehicle Licensing Agency - EO,Manchester Digital,"Manchester, England, United Kingdom",Remote,Contract,,"Waterfall, Junior, Agile",English,,,Recent,https://uk.linkedin.com/jobs/view/junior-test-engineer-driver-and-vehicle-licensing-agency-eo-at-manchester-digital-4379194368,2026-03-15T10:28:23.036626+00:00
0,Testingenieur | United Kingdom,linkedin,Mobile Automation Test Engineer,Solirius Reply,"Coventry, England, United Kingdom",Remote,Contract,"C, Ci/Cd, Playwright","Devops, Agile, Databricks, Sql, Jira, C#, Azure, Appium, Performance Testing, Bdd",English,,,Recent,https://uk.linkedin.com/jobs/view/mobile-automation-test-engineer-at-solirius-reply-4376807247,2026-03-15T10:28:23.036965+00:00
0,Testingenieur | United Kingdom,linkedin,Test and Qualification Engineer,Tiger Resourcing Group,"Brighton, England, United Kingdom",On-site,Internship,"Embedded Systems, Python","R, Linux",English,,,Recent,https://uk.linkedin.com/jobs/view/test-and-qualification-engineer-at-tiger-resourcing-group-4379895041,2026-03-15T10:28:23.037283+00:00
0,Testingenieur | United Kingdom,linkedin,Production & Test Engineer,KaneHR,"Walsall, England, United Kingdom",On-site,Contract,,"Assembly, R",English,,,Recent,https://uk.linkedin.com/jobs/view/production-test-engineer-at-kanehr-4384608635,2026-03-15T10:28:23.037439+00:00
0,Test Automation | Austria,linkedin,Testing Manager (all genders),Viewpointsystem,"Vienna, Vienna, Austria",On-site,Full-time,,,English,,,Recent,https://at.linkedin.com/jobs/view/testing-manager-all-genders-at-viewpointsystem-4380292301,2026-03-15T10:28:27.780905+00:00
0,Test Automation | Switzerland,linkedin,Testing,Ampegon,"Baden, Aargau, Switzerland",On-site,Full-time,,,English,,,Recent,https://ch.linkedin.com/jobs/view/testing-at-ampegon-4350701131,2026-03-15T10:28:30.125067+00:00
0,Test Automation | Switzerland,linkedin,Product Quality Engineering - QC,Manpower Switzerland,Basel Metropolitan Area,On-site,Full-time,,,English,,,Recent,https://ch.linkedin.com/jobs/view/product-quality-engineering-qc-at-manpower-switzerland-4383126782,2026-03-15T10:28:30.125550+00:00
0,Test Automation | Switzerland,linkedin,Test Analyst,Hays,Geneva Metropolitan Area,On-site,Full-time,,,English,,,Recent,https://ch.linkedin.com/jobs/view/test-analyst-at-hays-4381405973,2026-03-15T10:28:30.126041+00:00
0,Test Automation | Switzerland,linkedin,Responsable de Tests,PrimeIT Switzerland,"Geneva, Switzerland",On-site,Full-time,,,English,,,Recent,https://ch.linkedin.com/jobs/view/responsable-de-tests-at-primeit-switzerland-4371002302,2026-03-15T10:28:30.126196+00:00
0,Test Automation | Switzerland,linkedin,Test Analyst,Antaes Consulting,Lausanne Metropolitan Area,On-site,Full-time,,,English,,,Recent,https://ch.linkedin.com/jobs/view/test-analyst-at-antaes-consulting-4378944555,2026-03-15T10:28:30.126349+00:00
0,Test Automation | Slovakia,linkedin,Software Developer in Test (SDET),Fiserv,"Bratislava, Slovakia",On-site,Full-time,,,English,,,Recent,https://sk.linkedin.com/jobs/view/software-developer-in-test-sdet-at-fiserv-4372899045,2026-03-15T10:28:34.834152+00:00
0,Test Automation | Czech Republic,linkedin,Analista de Calidad,Quala,Dominican Republic,On-site,Full-time,,,English,,,Recent,https://do.linkedin.com/jobs/view/analista-de-calidad-at-quala-4374385837,2026-03-15T10:28:37.175035+00:00
0,Test Automation | Czech Republic,linkedin,QA Analista Funcional Republica Dominicana,Agilesoft,Dominican Republic,On-site,Full-time,,,English,,,Recent,https://do.linkedin.com/jobs/view/qa-analista-funcional-republica-dominicana-at-agilesoft-4384274923,2026-03-15T10:28:37.175585+00:00
0,Test Automation | Czech Republic,linkedin,Aprendiz de QA,Babel,"Santo Domingo, Distrito Nacional, Dominican Republic",On-site,Full-time,,,English,,,Recent,https://do.linkedin.com/jobs/view/aprendiz-de-qa-at-babel-4370737100,2026-03-15T10:28:37.176386+00:00
0,Test Automation | Poland,linkedin,Sr Engineer - Software QA,Xperi Inc.,"Warsaw, Mazowieckie, Poland",On-site,Full-time,,,English,,,Recent,https://pl.linkedin.com/jobs/view/sr-engineer-software-qa-at-xperi-inc-4380687880,2026-03-15T10:28:39.554204+00:00
0,Test Automation | Poland,linkedin,Manager - Quality Assurance,Xperi Inc.,"Warsaw, Mazowieckie, Poland",On-site,Full-time,,,English,,,Recent,https://pl.linkedin.com/jobs/view/manager-quality-assurance-at-xperi-inc-4377391461,2026-03-15T10:28:39.554356+00:00
0,Test Automation | Poland,linkedin,Tester/ka manualny/a,Base.com,"Łódź, Łódzkie, Poland",On-site,Full-time,,,English,,,Recent,https://pl.linkedin.com/jobs/view/tester-ka-manualny-a-at-base-com-4382992532,2026-03-15T10:28:39.554687+00:00
0,Test Automation | USA,linkedin,QA Automation Tester,nLeague,"Hartford, CT",On-site,Full-time,,,English,,,Recent,https://www.linkedin.com/jobs/view/qa-automation-tester-at-nleague-4385113850,2026-03-15T10:28:42.154100+00:00
0,Test Automation | USA,linkedin,Quality Assurance Tester- Junior (Remote),ICF,"Dallas, TX",Remote,Full-time,,Junior,English,,,Recent,https://www.linkedin.com/jobs/view/quality-assurance-tester-junior-remote-at-icf-4380021461,2026-03-15T10:28:42.155219+00:00
0,Test Automation | USA,linkedin,Quality Assurance Analyst II,TheIncLab,"Nashville, TN",On-site,Full-time,,,English,,,Recent,https://www.linkedin.com/jobs/view/quality-assurance-analyst-ii-at-theinclab-4381487956,2026-03-15T10:28:42.155377+00:00
0,Test Automation | United Kingdom,linkedin,QA Test Analyst,SBS,"Yate, England, United Kingdom",On-site,Full-time,,,English,,,Recent,https://uk.linkedin.com/jobs/view/qa-test-analyst-at-sbs-4372797491,2026-03-15T10:28:44.598819+00:00
0,Test Automation | United Kingdom,linkedin,QA Engineer (Automation),esure Group,"Southport, England, United Kingdom",On-site,Full-time,,,English,,,Recent,https://uk.linkedin.com/jobs/view/qa-engineer-automation-at-esure-group-4380272158,2026-03-15T10:28:44.598980+00:00
0,Test Automation | United Kingdom,linkedin,Test Automation Engineer,Qurated,"Manchester Area, United Kingdom",On-site,Full-time,Test Automation,,English,,,Recent,https://uk.linkedin.com/jobs/view/test-automation-engineer-at-qurated-4375992291,2026-03-15T10:28:44.599285+00:00
0,Python Developer | Germany,linkedin,Python Developer,HCLTech,"Cologne, North Rhine-Westphalia, Germany",On-site,Full-time,Python,,English,,,Recent,https://de.linkedin.com/jobs/view/python-developer-at-hcltech-4382284368,2026-03-15T10:28:47.034549+00:00
0,Python Developer | Germany,linkedin,Python Developer | Remote,Crossing Hurdles,Germany,Remote,Full-time,Python,,English,,,Recent,https://de.linkedin.com/jobs/view/python-developer-remote-at-crossing-hurdles-4384231902,2026-03-15T10:28:47.034752+00:00
0,Python Developer | Germany,linkedin,Python Developer | Remote,Crossing Hurdles,Germany,Remote,Full-time,Python,,English,,,Recent,https://de.linkedin.com/jobs/view/python-developer-remote-at-crossing-hurdles-4370016911,2026-03-15T10:28:47.034915+00:00
0,Python Developer | Germany,linkedin,Python Developer | Remote,Crossing Hurdles,Germany,Remote,Full-time,Python,,English,,,Recent,https://de.linkedin.com/jobs/view/python-developer-remote-at-crossing-hurdles-4382848413,2026-03-15T10:28:47.035226+00:00
0,Python Developer | Germany,linkedin,Python Engineer,Contiamo,"Berlin, Berlin, Germany",On-site,Full-time,Python,,English,,,Recent,https://de.linkedin.com/jobs/view/python-engineer-at-contiamo-4379119880,2026-03-15T10:28:47.035371+00:00
0,Python Developer | Germany,linkedin,Python/JS Engineer | Remote,Crossing Hurdles,Germany,Remote,Full-time,Python,,English,,,Recent,https://de.linkedin.com/jobs/view/python-js-engineer-remote-at-crossing-hurdles-4372073574,2026-03-15T10:28:47.035517+00:00
0,Python Developer | Germany,linkedin,Python Developer,La Fosse,Germany,On-site,Full-time,Python,,English,,,Recent,https://de.linkedin.com/jobs/view/python-developer-at-la-fosse-4376485802,2026-03-15T10:28:47.035681+00:00
0,Python Developer | Germany,linkedin,Backend Engineer (FastAPI),Almedia,"Berlin, Germany",On-site,Full-time,,Fastapi,English,,,Recent,https://de.linkedin.com/jobs/view/backend-engineer-fastapi-at-almedia-4381487971,2026-03-15T10:28:47.035839+00:00
0,Python Developer | Germany,linkedin,CodeNext - Software Engineer (Python) (f/m/d),Sonar,"Bochum, North Rhine-Westphalia, Germany",On-site,Full-time,Python,,English,,,Recent,https://de.linkedin.com/jobs/view/codenext-software-engineer-python-f-m-d-at-sonar-4297276142,2026-03-15T10:28:47.035994+00:00
0,Python Developer | Austria,linkedin,Python Developer | Remote,Crossing Hurdles,Austria,Remote,Full-time,Python,,English,,,Recent,https://at.linkedin.com/jobs/view/python-developer-remote-at-crossing-hurdles-4382857147,2026-03-15T10:28:49.443587+00:00
0,Python Developer | Austria,linkedin,Python Developer (m/f/d),netcup,"Klagenfurt, Carinthia, Austria",On-site,Full-time,Python,,English,,,Recent,https://at.linkedin.com/jobs/view/python-developer-m-f-d-at-netcup-4377576625,2026-03-15T10:28:49.443794+00:00
0,Python Developer | Austria,linkedin,Backend Developer (m/f/d),AllCloud,Austria,On-site,Full-time,,,English,,,Recent,https://at.linkedin.com/jobs/view/backend-developer-m-f-d-at-allcloud-4366124327,2026-03-15T10:28:49.443961+00:00
0,Python Developer | Austria,linkedin,Freelance Data Science Engineer (Python & SQL),Mindrift,Austria,On-site,Contract,Python,"Data Science, Sql",English,,,Recent,https://at.linkedin.com/jobs/view/freelance-data-science-engineer-python-sql-at-mindrift-4382953635,2026-03-15T10:28:49.444120+00:00
0,Python Developer | Austria,linkedin,Python/TypeScript Engineer | Remote,Crossing Hurdles,Austria,Remote,Full-time,"Python, Typescript",,English,,,Recent,https://at.linkedin.com/jobs/view/python-typescript-engineer-remote-at-crossing-hurdles-4372080400,2026-03-15T10:28:49.444274+00:00
0,Python Developer | Austria,linkedin,Python Developer (m/w/d),NTS Netzwerk Telekom Service AG,"Vienna, Vienna, Austria",On-site,Full-time,Python,,English,,,Recent,https://at.linkedin.com/jobs/view/python-developer-m-w-d-at-nts-netzwerk-telekom-service-ag-4376207290,2026-03-15T10:28:49.444427+00:00
0,Python Developer | Austria,linkedin,Python Developer (m/w/d),NTS Netzwerk Telekom Service AG,"Graz, Styria, Austria",On-site,Full-time,Python,,English,,,Recent,https://at.linkedin.com/jobs/view/python-developer-m-w-d-at-nts-netzwerk-telekom-service-ag-4375997803,2026-03-15T10:28:49.444582+00:00
0,Python Developer | Austria,linkedin,Automotive Engineer with Python - Freelance AI Trainer,Mindrift,Austria,On-site,Contract,Python,,English,,,Recent,https://at.linkedin.com/jobs/view/automotive-engineer-with-python-freelance-ai-trainer-at-mindrift-4382924676,2026-03-15T10:28:49.444753+00:00
0,Python Developer | Austria,linkedin,Freelance AI Evaluation Engineer (Python/Full-Stack),Mindrift,Austria,On-site,Contract,Python,,English,,,Recent,https://at.linkedin.com/jobs/view/freelance-ai-evaluation-engineer-python-full-stack-at-mindrift-4385326719,2026-03-15T10:28:49.444905+00:00
0,Python Developer | Switzerland,linkedin,Backend Python Developer,Coopers Group AG,"Basel, Switzerland",On-site,Full-time,Python,,English,,,Recent,https://ch.linkedin.com/jobs/view/backend-python-developer-at-coopers-group-ag-4374563631,2026-03-15T10:28:51.823980+00:00
0,Python Developer | Switzerland,linkedin,CodeNext - Software Engineer (Python),Sonar,"Geneva, Geneva, Switzerland",On-site,Full-time,Python,,English,,,Recent,https://ch.linkedin.com/jobs/view/codenext-software-engineer-python-at-sonar-4297261847,2026-03-15T10:28:51.824293+00:00
0,Python Developer | Switzerland,linkedin,Python Developer 80% - 100%,PSI Laboratory for Energy Systems Analysis (LEA),"Villigen, Aargau, Switzerland",Remote,Full-time,Python,,English,,,Recent,https://ch.linkedin.com/jobs/view/python-developer-80%25-100%25-at-psi-laboratory-for-energy-systems-analysis-lea-4373026952,2026-03-15T10:28:51.824570+00:00
0,Python Developer | Switzerland,linkedin,Développeur Python/Développeuse Python,Qim info,"Geneva, Switzerland",On-site,Full-time,Python,,English,,,Recent,https://ch.linkedin.com/jobs/view/d%C3%A9veloppeur-python-d%C3%A9veloppeuse-python-at-qim-info-4383551383,2026-03-15T10:28:51.824888+00:00
0,Python Developer | Switzerland,linkedin,Python Developer  (80% remote),Ivy Partners,"Valais, Switzerland",Remote,Full-time,Python,,English,,,Recent,https://ch.linkedin.com/jobs/view/python-developer-80%25-remote-at-ivy-partners-4378373740,2026-03-15T10:28:51.825158+00:00
0,Python Developer | Switzerland,linkedin,Backend Python Developer – 6877,CTC Resourcing Solutions,"Basel, Switzerland",On-site,Full-time,Python,,English,,,Recent,https://ch.linkedin.com/jobs/view/backend-python-developer-%E2%80%93-6877-at-ctc-resourcing-solutions-4379039599,2026-03-15T10:28:51.825745+00:00
0,Python Developer | Switzerland,linkedin,"Backend Software Engineer, Python",Cradle,"Zurich, Zurich, Switzerland",On-site,Full-time,Python,,English,,,Recent,https://ch.linkedin.com/jobs/view/backend-software-engineer-python-at-cradle-4377592944,2026-03-15T10:28:51.826046+00:00
0,Python Developer | Switzerland,linkedin,Python Software Engineer - Digital Assets,IMC Trading,"Zug, Switzerland",On-site,Full-time,Python,,English,,,Recent,https://ch.linkedin.com/jobs/view/python-software-engineer-digital-assets-at-imc-trading-4308011222,2026-03-15T10:28:51.826330+00:00
0,Python Developer | Remote,linkedin,Python/TypeScript Engineer | Remote,Crossing Hurdles,Germany,Remote,Full-time,"Python, Typescript",,English,,,Recent,https://de.linkedin.com/jobs/view/python-typescript-engineer-remote-at-crossing-hurdles-4372092399,2026-03-15T10:28:54.271440+00:00
0,Python Developer | Remote,linkedin,Junior Backend Developer (Python) (m/w/d) 20h Stellenbeschreibung READ DESCRIPTION before,uNaice GmbH,Germany,Remote,Full-time,Python,Junior,English,,,Recent,https://de.linkedin.com/jobs/view/junior-backend-developer-python-m-w-d-20h-stellenbeschreibung-read-description-before-at-unaice-gmbh-4372489890,2026-03-15T10:28:54.271587+00:00
0,Python Developer | Remote,linkedin,Freelance Data Science Engineer (Python & SQL),Mindrift,"Berlin, Berlin, Germany",Remote,Contract,Python,"Data Science, Sql",English,,,Recent,https://de.linkedin.com/jobs/view/freelance-data-science-engineer-python-sql-at-mindrift-4382947863,2026-03-15T10:28:54.271762+00:00
0,Python Developer | Remote,linkedin,Freelance Data Science Engineer (Python & SQL),Mindrift,Germany,Remote,Contract,Python,"Data Science, Sql",English,,,Recent,https://de.linkedin.com/jobs/view/freelance-data-science-engineer-python-sql-at-mindrift-4382966048,2026-03-15T10:28:54.271920+00:00
0,Python Developer | Remote,linkedin,Freelance Data Science Engineer (Python & SQL),Mindrift,"Hamburg, Hamburg, Germany",Remote,Contract,Python,"Data Science, Sql",English,,,Recent,https://de.linkedin.com/jobs/view/freelance-data-science-engineer-python-sql-at-mindrift-4382954678,2026-03-15T10:28:54.272074+00:00
0,Python Developer | Slovakia,linkedin,Python Software Engineer,ESET,"Bratislava, Bratislava, Slovakia",On-site,Full-time,Python,,English,,,Recent,https://sk.linkedin.com/jobs/view/python-software-engineer-at-eset-4307549217,2026-03-15T10:28:56.595144+00:00
0,Python Developer | Slovakia,linkedin,Backend Software Engineer (Python),Innovatrics,"Bratislava, Bratislava, Slovakia",On-site,Full-time,Python,,English,,,Recent,https://sk.linkedin.com/jobs/view/backend-software-engineer-python-at-innovatrics-4373925805,2026-03-15T10:28:56.595337+00:00
0,Python Developer | Slovakia,linkedin,Python Software Developer,Nokia,"Bratislava, Bratislava, Slovakia",On-site,Full-time,Python,,English,,,Recent,https://sk.linkedin.com/jobs/view/python-software-developer-at-nokia-4289894545,2026-03-15T10:28:56.595504+00:00
0,Python Developer | Slovakia,linkedin,Full-Stack Developer (Python + JS),GoReel,Slovakia,On-site,Full-time,Python,,English,,,Recent,https://sk.linkedin.com/jobs/view/full-stack-developer-python-%2B-js-at-goreel-4378381916,2026-03-15T10:28:56.595676+00:00
0,Python Developer | Slovakia,linkedin,Python Software Engineer,ESET,"Bratislava, Bratislava, Slovakia",On-site,Full-time,Python,,English,,,Recent,https://sk.linkedin.com/jobs/view/python-software-engineer-at-eset-4292497215,2026-03-15T10:28:56.595837+00:00
0,Python Developer | Slovakia,linkedin,Python Developer – meteorologické modelovanie,MicroStep-MIS,"Bratislava, Bratislava, Slovakia",On-site,Full-time,Python,,English,,,Recent,https://sk.linkedin.com/jobs/view/python-developer-%E2%80%93-meteorologick%C3%A9-modelovanie-at-microstep-mis-4383552379,2026-03-15T10:28:56.595991+00:00
0,Python Developer | Slovakia,linkedin,Software Engineer - Python,Legend,"Bratislava, Bratislava, Slovakia",On-site,Full-time,Python,,English,,,Recent,https://sk.linkedin.com/jobs/view/software-engineer-python-at-legend-4371203262,2026-03-15T10:28:56.596160+00:00
0,Python Developer | Slovakia,linkedin,Software Engineer (JavaScript/Python),ESET,"Bratislava, Bratislava, Slovakia",On-site,Full-time,"Javascript, Python",,English,,,Recent,https://sk.linkedin.com/jobs/view/software-engineer-javascript-python-at-eset-4352754566,2026-03-15T10:28:56.596316+00:00
0,Python Developer | Slovakia,linkedin,Python Engineer,Swiss Re,"Bratislava, Bratislava, Slovakia",On-site,Full-time,Python,,English,,,Recent,https://sk.linkedin.com/jobs/view/python-engineer-at-swiss-re-4325749432,2026-03-15T10:28:56.596469+00:00
0,Python Developer | Czech Republic,linkedin,Junior Full Stack Engineer (R&D Team) (BPO Industry),Linuo Group,"Santo Domingo, Distrito Nacional, Dominican Republic",On-site,Full-time,,"Junior, R",English,,,Recent,https://do.linkedin.com/jobs/view/junior-full-stack-engineer-r-d-team-bpo-industry-at-linuo-group-4377697907,2026-03-15T10:28:58.938203+00:00
0,Python Developer | Czech Republic,linkedin,Full Stack Engineer (Remote),KAIZEN Asset Management Services,Dominican Republic,Remote,Full-time,,,English,,,Recent,https://do.linkedin.com/jobs/view/full-stack-engineer-remote-at-kaizen-asset-management-services-4372243612,2026-03-15T10:28:58.938444+00:00
0,Python Developer | Czech Republic,linkedin,Full Stack Developer,Flatiron Software,Dominican Republic,On-site,Full-time,,,English,,,Recent,https://do.linkedin.com/jobs/view/full-stack-developer-at-flatiron-software-4378357690,2026-03-15T10:28:58.938613+00:00
0,Python Developer | Czech Republic,linkedin,Líder Desarrollador Back-End,Banco Popular Dominicano,"Santo Domingo, Distrito Nacional, Dominican Republic",On-site,Full-time,,,English,,,Recent,https://do.linkedin.com/jobs/view/l%C3%ADder-desarrollador-back-end-at-banco-popular-dominicano-4373125330,2026-03-15T10:28:58.938801+00:00
0,Python Developer | Czech Republic,linkedin,AI/ML Engineer,Perform,Dominican Republic,On-site,Full-time,,,English,,,Recent,https://do.linkedin.com/jobs/view/ai-ml-engineer-at-perform-4344260713,2026-03-15T10:28:58.938968+00:00
0,Python Developer | Czech Republic,linkedin,Agentic Python Engineer - Remote - Latin America,FullStack,"Santo Domingo, Dominican Republic",Remote,Full-time,Python,,English,,,Recent,https://do.linkedin.com/jobs/view/agentic-python-engineer-remote-latin-america-at-fullstack-4315356731,2026-03-15T10:28:58.939124+00:00
0,Python Developer | Czech Republic,linkedin,Agentic Python Engineer - Remote - Latin America,FullStack,Dominican Republic,Remote,Full-time,Python,,English,,,Recent,https://do.linkedin.com/jobs/view/agentic-python-engineer-remote-latin-america-at-fullstack-4315360603,2026-03-15T10:28:58.939280+00:00
0,Python Developer | Czech Republic,linkedin,Agentic Python Engineer - Remote - Latin America,FullStack,"Santo Domingo Este, Santo Domingo, Dominican Republic",Remote,Full-time,Python,,English,,,Recent,https://do.linkedin.com/jobs/view/agentic-python-engineer-remote-latin-america-at-fullstack-4315354864,2026-03-15T10:28:58.939434+00:00
0,Python Developer | Czech Republic,linkedin,Full Stack Developer (React/Redux),Perform,"Santo Domingo, Distrito Nacional, Dominican Republic",On-site,Full-time,,React,English,,,Recent,https://do.linkedin.com/jobs/view/full-stack-developer-react-redux-at-perform-4382438183,2026-03-15T10:28:58.939588+00:00
0,Python Developer | Czech Republic,linkedin,Agentic Python Engineer - Remote - Latin America,FullStack,"Santo Domingo Oeste, Santo Domingo, Dominican Republic",Remote,Full-time,Python,,English,,,Recent,https://do.linkedin.com/jobs/view/agentic-python-engineer-remote-latin-america-at-fullstack-4315357676,2026-03-15T10:28:58.939773+00:00
0,Python Developer | Poland,linkedin,Python Fullstack Developer,Ework Group,Warsaw Metropolitan Area,On-site,Full-time,Python,,English,,,Recent,https://pl.linkedin.com/jobs/view/python-fullstack-developer-at-ework-group-4381473986,2026-03-15T10:29:01.346982+00:00
0,Python Developer | Poland,linkedin,Python Developer,Remote People,Poland,Remote,Full-time,Python,,English,,,Recent,https://pl.linkedin.com/jobs/view/python-developer-at-remote-people-4383486923,2026-03-15T10:29:01.347163+00:00
0,Python Developer | Poland,linkedin,Software Engineer (4/5) — Developer Platform,Netflix,"Warsaw, Mazowieckie, Poland",On-site,Full-time,,,English,,,Recent,https://pl.linkedin.com/jobs/view/software-engineer-4-5-%E2%80%94-developer-platform-at-netflix-4193468200,2026-03-15T10:29:01.347328+00:00
0,Python Developer | Poland,linkedin,Junior Python Developer - Freelance,Netguru,"Poznań, Wielkopolskie, Poland",On-site,Contract,Python,Junior,English,,,Recent,https://pl.linkedin.com/jobs/view/junior-python-developer-freelance-at-netguru-4378361589,2026-03-15T10:29:01.347496+00:00
0,Python Developer | Poland,linkedin,Python Developer,AppTailors,Poland,On-site,Full-time,Python,,English,,,Recent,https://pl.linkedin.com/jobs/view/python-developer-at-apptailors-4373757825,2026-03-15T10:29:01.347670+00:00
0,Python Developer | Poland,linkedin,Python Pytest Developer,HCLTech,Gdansk Metropolitan Area,On-site,Full-time,"Pytest, Python",,English,,,Recent,https://pl.linkedin.com/jobs/view/python-pytest-developer-at-hcltech-4382439342,2026-03-15T10:29:01.347832+00:00
0,Python Developer | Poland,linkedin,Junior Python Developer,EPAM Systems,Cracow Metropolitan Area,On-site,Full-time,Python,Junior,English,,,Recent,https://pl.linkedin.com/jobs/view/junior-python-developer-at-epam-systems-4382758951,2026-03-15T10:29:01.347989+00:00
0,Python Developer | Poland,linkedin,Python Developer,EY,"Katowice, Śląskie, Poland",On-site,Full-time,Python,,English,,,Recent,https://pl.linkedin.com/jobs/view/python-developer-at-ey-4323275169,2026-03-15T10:29:01.348143+00:00
0,Python Developer | Poland,linkedin,Python Developer,Hyland,Poland,On-site,Full-time,Python,,English,,,Recent,https://pl.linkedin.com/jobs/view/python-developer-at-hyland-4380464155,2026-03-15T10:29:01.348304+00:00
0,Python Developer | USA,linkedin,Backend Software Engineer II (Python),Bestow,United States,On-site,Full-time,Python,,English,,,Recent,https://www.linkedin.com/jobs/view/backend-software-engineer-ii-python-at-bestow-4305648970,2026-03-15T10:29:03.778147+00:00
0,Python Developer | USA,linkedin,Software Engineer - Python,PayPal,"San Jose, CA",On-site,Full-time,Python,,English,,,Recent,https://www.linkedin.com/jobs/view/software-engineer-python-at-paypal-4377754434,2026-03-15T10:29:03.778310+00:00
0,Python Developer | USA,linkedin,Software Engineer - BE Python,PayPal,"San Jose, CA",On-site,Full-time,Python,,English,,,Recent,https://www.linkedin.com/jobs/view/software-engineer-be-python-at-paypal-4363081581,2026-03-15T10:29:03.778471+00:00
0,Python Developer | USA,linkedin,"Python Engineer, Truework",Tessera Data,"San Francisco, CA",On-site,Full-time,Python,,English,,,Recent,https://www.linkedin.com/jobs/view/python-engineer-truework-at-tessera-data-4385556811,2026-03-15T10:29:03.778628+00:00
0,Python Developer | USA,linkedin,Python Developer Intern,Precisely,United States,On-site,Internship,Python,Intern,English,,,Recent,https://www.linkedin.com/jobs/view/python-developer-intern-at-precisely-4382115210,2026-03-15T10:29:03.778804+00:00
0,Python Developer | USA,linkedin,Backend Engineer Intern,Tinder,"Los Angeles, CA",On-site,Internship,,Intern,English,,,Recent,https://www.linkedin.com/jobs/view/backend-engineer-intern-at-tinder-4324000392,2026-03-15T10:29:03.778961+00:00
0,Python Developer | USA,linkedin,Junior Full Stack Engineer ($250k - $300k salary),Baton Corporation,"New York, NY",On-site,Full-time,,Junior,English,,,Recent,https://www.linkedin.com/jobs/view/junior-full-stack-engineer-%24250k-%24300k-salary-at-baton-corporation-4373590558,2026-03-15T10:29:03.779111+00:00
0,Python Developer | USA,linkedin,Python Developer - Pyspark,Saransh Inc,"New York, NY",On-site,Full-time,Python,,English,,,Recent,https://www.linkedin.com/jobs/view/python-developer-pyspark-at-saransh-inc-4383834023,2026-03-15T10:29:03.779266+00:00
0,Python Developer | USA,linkedin,Backend Engineer Intern,Tinder,"Palo Alto, CA",On-site,Internship,,Intern,English,,,Recent,https://www.linkedin.com/jobs/view/backend-engineer-intern-at-tinder-4323730907,2026-03-15T10:29:03.779418+00:00
0,Python Developer | United Kingdom,linkedin,Python Software Engineer (Contract),McGregor Boyall,"City Of London, England, United Kingdom",On-site,Contract,Python,,English,,,Recent,https://uk.linkedin.com/jobs/view/python-software-engineer-contract-at-mcgregor-boyall-4382447094,2026-03-15T10:29:06.137751+00:00
0,Python Developer | United Kingdom,linkedin,Python Software Engineer,Prima,"London, England, United Kingdom",On-site,Full-time,Python,,English,,,Recent,https://uk.linkedin.com/jobs/view/python-software-engineer-at-prima-4149696449,2026-03-15T10:29:06.137937+00:00
0,Python Developer | United Kingdom,linkedin,Python Developer,numi,"London Area, United Kingdom",On-site,Full-time,Python,,English,,,Recent,https://uk.linkedin.com/jobs/view/python-developer-at-numi-4320569358,2026-03-15T10:29:06.138103+00:00
0,Python Developer | United Kingdom,linkedin,"Python Developer - £140,000 + Comps - London",Hunter Bond,"London Area, United Kingdom",On-site,Full-time,Python,,English,,,Recent,https://uk.linkedin.com/jobs/view/python-developer-%C2%A3140-000-%2B-comps-london-at-hunter-bond-4381765708,2026-03-15T10:29:06.138263+00:00
0,Python Developer | United Kingdom,linkedin,Back End Developer - Python,Movement8,"London Area, United Kingdom",On-site,Full-time,Python,,English,,,Recent,https://uk.linkedin.com/jobs/view/back-end-developer-python-at-movement8-4382047060,2026-03-15T10:29:06.138424+00:00
0,Python Developer | United Kingdom,linkedin,Python Developer,Thyme,"London Area, United Kingdom",On-site,Full-time,Python,,English,,,Recent,https://uk.linkedin.com/jobs/view/python-developer-at-thyme-4356516754,2026-03-15T10:29:06.138585+00:00
0,Python Developer | United Kingdom,linkedin,Python Developer,Spectrum IT Recruitment,"Oxford, England, United Kingdom",On-site,Full-time,Python,,English,,,Recent,https://uk.linkedin.com/jobs/view/python-developer-at-spectrum-it-recruitment-4382409153,2026-03-15T10:29:06.138768+00:00
0,Python Developer | United Kingdom,linkedin,Python Developer,Synechron,"London Area, United Kingdom",On-site,Full-time,Python,,English,,,Recent,https://uk.linkedin.com/jobs/view/python-developer-at-synechron-4382056724,2026-03-15T10:29:06.138921+00:00
0,Python Developer | United Kingdom,linkedin,Python Developer,Lendable,"London, England, United Kingdom",On-site,Full-time,Python,,English,,,Recent,https://uk.linkedin.com/jobs/view/python-developer-at-lendable-4368755260,2026-03-15T10:29:06.139072+00:00
0,Python Developer | United Kingdom,linkedin,Python Developer,Saragossa,"London Area, United Kingdom",On-site,Full-time,Python,,English,,,Recent,https://uk.linkedin.com/jobs/view/python-developer-at-saragossa-4361044786,2026-03-15T10:29:06.139222+00:00
0,Python Test | Austria,linkedin,Quality Engineer (m/f/d),SEA.AI,"Linz, Upper Austria, Austria",On-site,Full-time,,,English,,,Recent,https://at.linkedin.com/jobs/view/quality-engineer-m-f-d-at-sea-ai-4373453620,2026-03-15T10:29:10.873174+00:00
0,Python Test | Austria,linkedin,Quality Engineer (m/w/d),Vusion,"Fernitz-Mellach, Styria, Austria",On-site,Full-time,,,English,,,Recent,https://at.linkedin.com/jobs/view/quality-engineer-m-w-d-at-vusion-4380690033,2026-03-15T10:29:10.873686+00:00
0,Python Test | Switzerland,linkedin,Ingénieur tests logiciels/Ingénieure tests logiciels,CLEEVEN,"Basel, Switzerland",On-site,Full-time,,,English,,,Recent,https://ch.linkedin.com/jobs/view/ing%C3%A9nieur-tests-logiciels-ing%C3%A9nieure-tests-logiciels-at-cleeven-4361946393,2026-03-15T10:29:13.215993+00:00
0,Python Test | Remote,linkedin,Software Testing Analyst,Alignerr,Germany,Remote,Full-time,,,English,,,Recent,https://de.linkedin.com/jobs/view/software-testing-analyst-at-alignerr-4386030532,2026-03-15T10:29:15.587132+00:00
0,Python Test | Czech Republic,linkedin,Future QA Engineer Opportunities (Gaming Industry),Perform,Dominican Republic,On-site,Full-time,,,English,,,Recent,https://do.linkedin.com/jobs/view/future-qa-engineer-opportunities-gaming-industry-at-perform-4344181481,2026-03-15T10:29:20.296740+00:00
0,Python Test | Czech Republic,linkedin,"Eng I, Software Quality, APM, Temporary",BD Nogales Norte,"Distrito Nacional, Dominican Republic",On-site,Full-time,,,English,,,Recent,https://do.linkedin.com/jobs/view/eng-i-software-quality-apm-temporary-at-bd-nogales-norte-4377555936,2026-03-15T10:29:20.296898+00:00
0,Python Test | Czech Republic,linkedin,Manufacturing Quality Engineer,Vertiv,Dominican Republic,On-site,Full-time,,,English,,,Recent,https://do.linkedin.com/jobs/view/manufacturing-quality-engineer-at-vertiv-4375447124,2026-03-15T10:29:20.297056+00:00
0,Python Test | Czech Republic,linkedin,Trainee in Application Lab,STMicroelectronics,"Batey 8, Independencia Province, Dominican Republic",On-site,Full-time,,Trainee,English,,,Recent,https://do.linkedin.com/jobs/view/trainee-in-application-lab-at-stmicroelectronics-4377848452,2026-03-15T10:29:20.297207+00:00
0,Python Test | Czech Republic,linkedin,Sr. SDET (Gaming Industry),Perform,Dominican Republic,On-site,Full-time,,,English,,,Recent,https://do.linkedin.com/jobs/view/sr-sdet-gaming-industry-at-perform-4362287427,2026-03-15T10:29:20.297360+00:00
0,Python Test | Poland,linkedin,Junior QA Engineer (Automation) – Remote,Indivd,Poland,Remote,Full-time,,Junior,English,,,Recent,https://pl.linkedin.com/jobs/view/junior-qa-engineer-automation-%E2%80%93-remote-at-indivd-4379444416,2026-03-15T10:29:22.670472+00:00
0,Python Test | Poland,linkedin,Junior QA Automation Engineer,Talan,"Warsaw, Mazowieckie, Poland",On-site,Full-time,,Junior,English,,,Recent,https://pl.linkedin.com/jobs/view/junior-qa-automation-engineer-at-talan-4367209775,2026-03-15T10:29:22.670636+00:00
0,Python Test | Poland,linkedin,Quality Engineer,"Pyramid Consulting, Inc",Wroclaw Metropolitan Area,On-site,Full-time,,,English,,,Recent,https://pl.linkedin.com/jobs/view/quality-engineer-at-pyramid-consulting-inc-4379914302,2026-03-15T10:29:22.671431+00:00
0,Python Test | Poland,linkedin,Quality Engineer (Tester),act digital,Poland,On-site,Full-time,,,English,,,Recent,https://pl.linkedin.com/jobs/view/quality-engineer-tester-at-act-digital-4372884766,2026-03-15T10:29:22.671584+00:00
0,Python Test | USA,linkedin,Junior Software Quality Engineer,Helic & Co.,United States,On-site,Full-time,,Junior,English,,,Recent,https://www.linkedin.com/jobs/view/junior-software-quality-engineer-at-helic-co-4385881546,2026-03-15T10:29:25.224518+00:00
0,Python Test | USA,linkedin,Quality Engineer (Automation + AI Testing),Capgemini,"New York, United States",On-site,Full-time,,,English,,,Recent,https://www.linkedin.com/jobs/view/quality-engineer-automation-%2B-ai-testing-at-capgemini-4382898507,2026-03-15T10:29:25.225023+00:00
0,Python Test | USA,linkedin,QA Test Engineer,Lumafield,"San Francisco, CA",On-site,Full-time,,,English,,,Recent,https://www.linkedin.com/jobs/view/qa-test-engineer-at-lumafield-4374308517,2026-03-15T10:29:25.225182+00:00
0,Python Test | USA,linkedin,Junior QA Engineer,Kforce Inc,"Wexford, PA",On-site,Full-time,,Junior,English,,,Recent,https://www.linkedin.com/jobs/view/junior-qa-engineer-at-kforce-inc-4383845468,2026-03-15T10:29:25.225342+00:00
0,Python Test | USA,linkedin,QA Automation Engineer,TriCom Technical Services,"Lenexa, KS",On-site,Full-time,,,English,,,Recent,https://www.linkedin.com/jobs/view/qa-automation-engineer-at-tricom-technical-services-4385135474,2026-03-15T10:29:25.225498+00:00
0,Python Test | USA,linkedin,Quality Assurance Engineer,Sogeti,"Evanston, IL",On-site,Full-time,,,English,,,Recent,https://www.linkedin.com/jobs/view/quality-assurance-engineer-at-sogeti-4383979247,2026-03-15T10:29:25.225652+00:00
0,Python Test | United Kingdom,linkedin,QA Test Engineer,Leo Recruitment Limited,"Poole, England, United Kingdom",On-site,Full-time,,,English,,,Recent,https://uk.linkedin.com/jobs/view/qa-test-engineer-at-leo-recruitment-limited-4383339453,2026-03-15T10:29:27.651567+00:00
0,Firmware Engineer | Germany,linkedin,Software Embedded Engineer,Corsair,"Landshut, Bavaria, Germany",On-site,Full-time,,,English,,,Recent,https://de.linkedin.com/jobs/view/software-embedded-engineer-at-corsair-4351784200,2026-03-15T10:29:30.031509+00:00
0,Firmware Engineer | Germany,linkedin,Embedded Software Ingenieur (w/m/d),XTENDED ENGINEERING GMBH,"Munich, Bavaria, Germany",On-site,Full-time,,,English,,,Recent,https://de.linkedin.com/jobs/view/embedded-software-ingenieur-w-m-d-at-xtended-engineering-gmbh-4384883199,2026-03-15T10:29:30.031722+00:00
0,Firmware Engineer | Germany,linkedin,FREELANCE - Embedded Engineer (m/w/x) - München,requisimus,"Esslingen, Baden-Württemberg, Germany",On-site,Contract,,,English,,,Recent,https://de.linkedin.com/jobs/view/freelance-embedded-engineer-m-w-x-m%C3%BCnchen-at-requisimus-4372465156,2026-03-15T10:29:30.032050+00:00
0,Firmware Engineer | Germany,linkedin,Embedded Software Entwickler (m/w/d),IRS Systementwicklung GmbH,"Wörth an der Donau, Bavaria, Germany",On-site,Full-time,,,German,,,Recent,https://de.linkedin.com/jobs/view/embedded-software-entwickler-m-w-d-at-irs-systementwicklung-gmbh-4364524730,2026-03-15T10:29:30.032208+00:00
0,Firmware Engineer | Germany,linkedin,Embedded Software Engineer (m/f/d) - ADAM Audio GmbH,Focusrite,"Berlin, Berlin, Germany",On-site,Full-time,,,English,,,Recent,https://de.linkedin.com/jobs/view/embedded-software-engineer-m-f-d-adam-audio-gmbh-at-focusrite-4373802816,2026-03-15T10:29:30.032365+00:00
0,Firmware Engineer | Germany,linkedin,Embedded Software Entwickler (m/w/d),IRS Systementwicklung GmbH,"Wörth an der Donau, Bavaria, Germany",On-site,Full-time,,,German,,,Recent,https://de.linkedin.com/jobs/view/embedded-software-entwickler-m-w-d-at-irs-systementwicklung-gmbh-4378914219,2026-03-15T10:29:30.032516+00:00
0,Firmware Engineer | Germany,linkedin,Embedded Software / Firmware Developer (m/w/d),secunet Security Networks AG,"Berlin, Berlin, Germany",On-site,Full-time,Firmware,,English,,,Recent,https://de.linkedin.com/jobs/view/embedded-software-firmware-developer-m-w-d-at-secunet-security-networks-ag-4375269838,2026-03-15T10:29:30.032683+00:00
0,Firmware Engineer | Germany,linkedin,Embedded Software Entwickler Automotive (m/w/d),ACONEXT,"Munich, Bavaria, Germany",On-site,Full-time,,,English,,,Recent,https://de.linkedin.com/jobs/view/embedded-software-entwickler-automotive-m-w-d-at-aconext-4379959159,2026-03-15T10:29:30.032840+00:00
0,Firmware Engineer | Germany,linkedin,Software Engineer C++ (m/w/d),Heidelberg Engineering,"Lübeck, Schleswig-Holstein, Germany",On-site,Full-time,"C, C++",,English,,,Recent,https://de.linkedin.com/jobs/view/software-engineer-c%2B%2B-m-w-d-at-heidelberg-engineering-4383726927,2026-03-15T10:29:30.033000+00:00
0,Firmware Engineer | Austria,linkedin,Embedded Software Developer (f/m/d),Knorr-Bremse Lisieux – Systèmes pour Véhicules Utilitaires,"Mödling, Lower Austria, Austria",On-site,Full-time,,,English,,,Recent,https://at.linkedin.com/jobs/view/embedded-software-developer-f-m-d-at-knorr-bremse-lisieux-%E2%80%93-syst%C3%A8mes-pour-v%C3%A9hicules-utilitaires-4383042743,2026-03-15T10:29:32.379702+00:00
0,Firmware Engineer | Austria,linkedin,"Embedded Engineer, C++",Snap Inc.,"Vienna, Austria",On-site,Full-time,"C, C++",,English,,,Recent,https://at.linkedin.com/jobs/view/embedded-engineer-c%2B%2B-at-snap-inc-4373352430,2026-03-15T10:29:32.379903+00:00
0,Firmware Engineer | Austria,linkedin,"Embedded Software Engineer, Operating System",Snap Inc.,"Vienna, Austria",On-site,Full-time,,,English,,,Recent,https://at.linkedin.com/jobs/view/embedded-software-engineer-operating-system-at-snap-inc-4373350021,2026-03-15T10:29:32.380071+00:00
0,Firmware Engineer | Austria,linkedin,"Embedded Engineer, Camera",Snap Inc.,"Vienna, Austria",On-site,Full-time,,,English,,,Recent,https://at.linkedin.com/jobs/view/embedded-engineer-camera-at-snap-inc-4373339352,2026-03-15T10:29:32.380232+00:00
0,Firmware Engineer | Austria,linkedin,Embedded Software Engineer (full-time)  (f/m/d),TriLite Technologies,"Vienna, Vienna, Austria",On-site,Full-time,,,English,,,Recent,https://at.linkedin.com/jobs/view/embedded-software-engineer-full-time-f-m-d-at-trilite-technologies-4364588916,2026-03-15T10:29:32.380544+00:00
0,Firmware Engineer | Austria,linkedin,Embedded Software Entwickler/in (m/w/d),MIBA,"Bad Leonfelden, Upper Austria, Austria",On-site,Full-time,,,English,,,Recent,https://at.linkedin.com/jobs/view/embedded-software-entwickler-in-m-w-d-at-miba-4383263121,2026-03-15T10:29:32.380720+00:00
0,Firmware Engineer | Austria,linkedin,Embedded Software Entwickler (w/m/d),Knorr-Bremse AG,"Mödling, Lower Austria, Austria",On-site,Full-time,,,English,,,Recent,https://at.linkedin.com/jobs/view/embedded-software-entwickler-w-m-d-at-knorr-bremse-ag-4383941891,2026-03-15T10:29:32.380884+00:00
0,Firmware Engineer | Austria,linkedin,Embedded Systems Engineer (HW & SW),Cellectric Biosciences,"Vienna, Austria",On-site,Full-time,Embedded Systems,,English,,,Recent,https://at.linkedin.com/jobs/view/embedded-systems-engineer-hw-sw-at-cellectric-biosciences-4375682410,2026-03-15T10:29:32.381039+00:00
0,Firmware Engineer | Austria,linkedin,Software Engineer,Talos Automation,"Styria, Austria",On-site,Full-time,,,English,,,Recent,https://at.linkedin.com/jobs/view/software-engineer-at-talos-automation-4375539342,2026-03-15T10:29:32.381201+00:00
0,Firmware Engineer | Switzerland,linkedin,Embedded Software Engineer – e-Bike Systems,Specialized Bicycle Components,"Cham, Zug, Switzerland",On-site,Full-time,,,English,,,Recent,https://ch.linkedin.com/jobs/view/embedded-software-engineer-%E2%80%93-e-bike-systems-at-specialized-bicycle-components-4249261377,2026-03-15T10:29:34.747117+00:00
0,Firmware Engineer | Switzerland,linkedin,Embedded Engineer,NielsenIQ,"Kriegstetten, Solothurn, Switzerland",On-site,Full-time,,,English,,,Recent,https://ch.linkedin.com/jobs/view/embedded-engineer-at-nielseniq-4382425033,2026-03-15T10:29:34.747316+00:00
0,Firmware Engineer | Switzerland,linkedin,Embedded Software Engineer (R&D),rheonics,"Winterthur, Zurich, Switzerland",On-site,Full-time,,R,English,,,Recent,https://ch.linkedin.com/jobs/view/embedded-software-engineer-r-d-at-rheonics-4380301118,2026-03-15T10:29:34.747478+00:00
0,Firmware Engineer | Switzerland,linkedin,C++ Software Engineer (80%-100%) – Zug,Code Compass 🧭,"Zug, Switzerland",Remote,Full-time,"C, C++",,English,,,Recent,https://ch.linkedin.com/jobs/view/c%2B%2B-software-engineer-80%25-100%25-%E2%80%93-zug-at-code-compass-%F0%9F%A7%AD-4383109841,2026-03-15T10:29:34.747635+00:00
0,Firmware Engineer | Switzerland,linkedin,Embedded Software Engineer – e Bike Systems (80–100%),Specialized Bicycle Components,"Cham, Zug, Switzerland",Remote,Full-time,,,English,,,Recent,https://ch.linkedin.com/jobs/view/embedded-software-engineer-%E2%80%93-e-bike-systems-80%E2%80%93100%25-at-specialized-bicycle-components-4371434879,2026-03-15T10:29:34.747822+00:00
0,Firmware Engineer | Switzerland,linkedin,Junior Software Engineer,Supertext,"Zurich, Zurich, Switzerland",On-site,Full-time,,Junior,English,,,Recent,https://ch.linkedin.com/jobs/view/junior-software-engineer-at-supertext-4382060652,2026-03-15T10:29:34.748457+00:00
0,Firmware Engineer | Remote,linkedin,Embedded Softwareentwickler (m/w/d),ICT Digital Solutions GmbH,Germany,Remote,Full-time,,,English,,,Recent,https://de.linkedin.com/jobs/view/embedded-softwareentwickler-m-w-d-at-ict-digital-solutions-gmbh-4383656322,2026-03-15T10:29:37.111416+00:00
0,Firmware Engineer | Remote,linkedin,Embedded Firmware Engineer (6-months limited contract),Bragi,Germany,Remote,Contract,Firmware,,English,,,Recent,https://de.linkedin.com/jobs/view/embedded-firmware-engineer-6-months-limited-contract-at-bragi-4381733845,2026-03-15T10:29:37.111596+00:00
0,Firmware Engineer | Remote,linkedin,Embedded Software Engineer,XpertDirect,"Munich, Bavaria, Germany",Remote,Full-time,,,English,,,Recent,https://de.linkedin.com/jobs/view/embedded-software-engineer-at-xpertdirect-4378164836,2026-03-15T10:29:37.112088+00:00
0,Firmware Engineer | Remote,linkedin,Software Engineer (m/w/d),IBB Institut für Berufliche Bildung AG,"Berlin, Berlin, Germany",Remote,Full-time,,R,English,,,Recent,https://de.linkedin.com/jobs/view/software-engineer-m-w-d-at-ibb-institut-f%C3%BCr-berufliche-bildung-ag-4384843676,2026-03-15T10:29:37.112397+00:00
0,Firmware Engineer | Remote,linkedin,Freelance Embedded Software Engineer,Vivid Resourcing,Germany,Remote,Contract,,,English,,,Recent,https://de.linkedin.com/jobs/view/freelance-embedded-software-engineer-at-vivid-resourcing-4383759739,2026-03-15T10:29:37.112559+00:00
0,Firmware Engineer | Slovakia,linkedin,C++/Rust Software Engineer,Innovatrics,"Bratislava, Bratislava, Slovakia",On-site,Full-time,"C, C++, Rust",,English,,,Recent,https://sk.linkedin.com/jobs/view/c%2B%2B-rust-software-engineer-at-innovatrics-4384588618,2026-03-15T10:29:39.549154+00:00
0,Firmware Engineer | Slovakia,linkedin,Software Engineer,Eleveo,Kosice Metropolitan Area,On-site,Full-time,,,English,,,Recent,https://sk.linkedin.com/jobs/view/software-engineer-at-eleveo-4379863032,2026-03-15T10:29:39.549512+00:00
0,Firmware Engineer | Slovakia,linkedin,Software Engineer,Cisco,"Bratislava, Bratislava, Slovakia",On-site,Full-time,,,English,,,Recent,https://sk.linkedin.com/jobs/view/software-engineer-at-cisco-4369673005,2026-03-15T10:29:39.549854+00:00
0,Firmware Engineer | Slovakia,linkedin,Java Software Engineer,ITmatch,"Bratislava, Slovakia",On-site,Full-time,Java,,English,,,Recent,https://sk.linkedin.com/jobs/view/java-software-engineer-at-itmatch-4384142226,2026-03-15T10:29:39.550013+00:00
0,Firmware Engineer | Slovakia,linkedin,Software Engineer,Cisco,"Bratislava, Bratislava, Slovakia",On-site,Full-time,,,English,,,Recent,https://sk.linkedin.com/jobs/view/software-engineer-at-cisco-4369669372,2026-03-15T10:29:39.550168+00:00
0,Firmware Engineer | Slovakia,linkedin,Node.js Software Engineer (Mid Level),Innovatrics,"Bratislava, Bratislava, Slovakia",On-site,Full-time,,Node.Js,English,,,Recent,https://sk.linkedin.com/jobs/view/node-js-software-engineer-mid-level-at-innovatrics-4383806918,2026-03-15T10:29:39.550473+00:00
0,Firmware Engineer | Slovakia,linkedin,Software Engineer,Cisco,"Bratislava, Bratislava, Slovakia",On-site,Full-time,,,English,,,Recent,https://sk.linkedin.com/jobs/view/software-engineer-at-cisco-4369661629,2026-03-15T10:29:39.550625+00:00
0,Firmware Engineer | Czech Republic,linkedin,Software Engineer,Tata Communications,"Santo Domingo, Distrito Nacional, Dominican Republic",On-site,Full-time,,,English,,,Recent,https://do.linkedin.com/jobs/view/software-engineer-at-tata-communications-4383373744,2026-03-15T10:29:41.888462+00:00
0,Firmware Engineer | Czech Republic,linkedin,Mobile Software Engineer - Remote - Latin America,FullStack,"Santo Domingo Oeste, Santo Domingo, Dominican Republic",Remote,Full-time,,,English,,,Recent,https://do.linkedin.com/jobs/view/mobile-software-engineer-remote-latin-america-at-fullstack-4382119204,2026-03-15T10:29:41.889143+00:00
0,Firmware Engineer | Czech Republic,linkedin,Mobile Software Engineer - Remote - Latin America,FullStack,Dominican Republic,Remote,Full-time,,,English,,,Recent,https://do.linkedin.com/jobs/view/mobile-software-engineer-remote-latin-america-at-fullstack-4382115453,2026-03-15T10:29:41.889296+00:00
0,Firmware Engineer | Czech Republic,linkedin,Mobile Software Engineer - Remote - Latin America,FullStack,"San Cristóbal, San Cristóbal, Dominican Republic",Remote,Contract,"Can, Claude, Cursor","Swift, Kotlin, Angular, Agile, Git, Scrum",English,,,Recent,https://do.linkedin.com/jobs/view/mobile-software-engineer-remote-latin-america-at-fullstack-4382121194,2026-03-15T10:29:41.889453+00:00
0,Firmware Engineer | Czech Republic,linkedin,Mobile Software Engineer - Remote - Latin America,FullStack,"Santo Domingo Este, Santo Domingo, Dominican Republic",Remote,Contract,"Can, Claude, Cursor","Swift, Kotlin, Angular, Agile, Git, Scrum",English,,,Recent,https://do.linkedin.com/jobs/view/mobile-software-engineer-remote-latin-america-at-fullstack-4382105916,2026-03-15T10:29:41.889624+00:00
0,Firmware Engineer | Czech Republic,linkedin,Mobile Software Engineer - Remote - Latin America,FullStack,"San Pedro de Macorís, San Pedro de Macorís, Dominican Republic",Remote,Contract,"Can, Claude, Cursor","Swift, Kotlin, Angular, Agile, Git, Scrum",English,,,Recent,https://do.linkedin.com/jobs/view/mobile-software-engineer-remote-latin-america-at-fullstack-4382107718,2026-03-15T10:29:41.889805+00:00
0,Firmware Engineer | Czech Republic,linkedin,Mobile Software Engineer - Remote - Latin America,FullStack,"Santo Domingo, Dominican Republic",Remote,Contract,"Can, Claude, Cursor","Swift, Kotlin, Angular, Agile, Git, Scrum",English,,,Recent,https://do.linkedin.com/jobs/view/mobile-software-engineer-remote-latin-america-at-fullstack-4382123011,2026-03-15T10:29:41.889963+00:00
0,Firmware Engineer | Poland,linkedin,Junior Software Engineer,Asana,"Warsaw, Mazowieckie, Poland",Remote,Contract,Can,"Aws, Asana, Graduate, Junior",English,,,Recent,https://pl.linkedin.com/jobs/view/junior-software-engineer-at-asana-4315919819,2026-03-15T10:29:44.285077+00:00
0,Firmware Engineer | Poland,linkedin,Mid Engineer - Embedded C++ Engineer,Xperi Inc.,"Warsaw, Mazowieckie, Poland",Hybrid,Internship,"C, C++, Can, Ci/Cd, Embedded Systems, Go, Javascript, Jenkins, Python","Linux, Safe",English,,,Recent,https://pl.linkedin.com/jobs/view/mid-engineer-embedded-c%2B%2B-engineer-at-xperi-inc-4384249507,2026-03-15T10:29:44.285234+00:00
0,Firmware Engineer | Poland,linkedin,Embedded Software Engineer,Verkada,"Krakowski, Małopolskie, Poland",On-site,Contract,"Bash, C, C++, Can, Go, Python, Rtos","Linux, Git",English,,,Recent,https://pl.linkedin.com/jobs/view/embedded-software-engineer-at-verkada-4365303970,2026-03-15T10:29:44.285393+00:00
0,Firmware Engineer | Poland,linkedin,Software Engineer,Netguru,Poland,On-site,Full-time,,,English,,,Recent,https://pl.linkedin.com/jobs/view/software-engineer-at-netguru-4380789885,2026-03-15T10:29:44.285556+00:00
0,Firmware Engineer | Poland,linkedin,Software Engineer,Asana,"Warsaw, Mazowieckie, Poland",On-site,Full-time,,Asana,English,,,Recent,https://pl.linkedin.com/jobs/view/software-engineer-at-asana-4315918840,2026-03-15T10:29:44.285737+00:00
0,Firmware Engineer | Poland,linkedin,Sr Engineer - Embedded C++,Xperi Inc.,"Warsaw, Mazowieckie, Poland",On-site,Full-time,"C, C++",,English,,,Recent,https://pl.linkedin.com/jobs/view/sr-engineer-embedded-c%2B%2B-at-xperi-inc-4384257127,2026-03-15T10:29:44.286063+00:00
0,Firmware Engineer | USA,linkedin,Embedded Software Engineer,Meta,"Burlingame, CA",On-site,Full-time,,,English,,,Recent,https://www.linkedin.com/jobs/view/embedded-software-engineer-at-meta-4301803390,2026-03-15T10:29:46.804857+00:00
0,Firmware Engineer | USA,linkedin,New Grad Software Engineer,Authentic,"New York, NY",On-site,Full-time,,,English,,,Recent,https://www.linkedin.com/jobs/view/new-grad-software-engineer-at-authentic-4377107338,2026-03-15T10:29:46.805041+00:00
0,Firmware Engineer | USA,linkedin,Embedded Software Engineer,Meta,"Sunnyvale, CA",On-site,Full-time,,,English,,,Recent,https://www.linkedin.com/jobs/view/embedded-software-engineer-at-meta-4301499980,2026-03-15T10:29:46.805204+00:00
0,Firmware Engineer | USA,linkedin,Embedded Software Engineer,Meta,"Redmond, WA",On-site,Full-time,,,English,,,Recent,https://www.linkedin.com/jobs/view/embedded-software-engineer-at-meta-4301812138,2026-03-15T10:29:46.805365+00:00
0,Firmware Engineer | USA,linkedin,Software Engineer (New Grads) -  New York,Giga,"New York, NY",On-site,Full-time,,,English,,,Recent,https://www.linkedin.com/jobs/view/software-engineer-new-grads-new-york-at-giga-4374834620,2026-03-15T10:29:46.805520+00:00
0,Firmware Engineer | USA,linkedin,"Software Engineer, Rider",Lyft,"New York, NY",On-site,Full-time,,,English,,,Recent,https://www.linkedin.com/jobs/view/software-engineer-rider-at-lyft-4382127500,2026-03-15T10:29:46.805691+00:00
0,Firmware Engineer | USA,linkedin,Embedded Software Engineer,Meta,"San Diego, CA",On-site,Full-time,,,English,,,Recent,https://www.linkedin.com/jobs/view/embedded-software-engineer-at-meta-4301812137,2026-03-15T10:29:46.805853+00:00
0,Firmware Engineer | USA,linkedin,Embedded Software Engineer,Meta,"Austin, TX",On-site,Full-time,,,English,,,Recent,https://www.linkedin.com/jobs/view/embedded-software-engineer-at-meta-4301819047,2026-03-15T10:29:46.806004+00:00
0,Firmware Engineer | USA,linkedin,Embedded Software Engineer Intern,Nuro,"Mountain View, CA",On-site,Internship,,Intern,English,,,Recent,https://www.linkedin.com/jobs/view/embedded-software-engineer-intern-at-nuro-4360007303,2026-03-15T10:29:46.806302+00:00
0,Firmware Engineer | United Kingdom,linkedin,"Software Engineer, New Grad",Deliveroo,"London, England, United Kingdom",On-site,Full-time,,,English,,,Recent,https://uk.linkedin.com/jobs/view/software-engineer-new-grad-at-deliveroo-4379662791,2026-03-15T10:29:49.204138+00:00
0,Firmware Engineer | United Kingdom,linkedin,Embedded Software Engineer,Purposeology,"City Of London, England, United Kingdom",On-site,Full-time,,,English,,,Recent,https://uk.linkedin.com/jobs/view/embedded-software-engineer-at-purposeology-4378658539,2026-03-15T10:29:49.204328+00:00
0,Firmware Engineer | United Kingdom,linkedin,Embedded Systems & Software Developer (Graduate Junior),hireful,"Wolverhampton, England, United Kingdom",On-site,Full-time,Embedded Systems,"Junior, Graduate",English,,,Recent,https://uk.linkedin.com/jobs/view/embedded-systems-software-developer-graduate-junior-at-hireful-4377048822,2026-03-15T10:29:49.204486+00:00
0,Firmware Engineer | United Kingdom,linkedin,"Software Engineer, Infrastructure",Meta,"London, England, United Kingdom",On-site,Full-time,,,English,,,Recent,https://uk.linkedin.com/jobs/view/software-engineer-infrastructure-at-meta-4254319485,2026-03-15T10:29:49.204644+00:00
0,Firmware Engineer | United Kingdom,linkedin,Embedded Software Engineer - C++,AGI Group,"Royston, England, United Kingdom",On-site,Full-time,"C, C++",,English,,,Recent,https://uk.linkedin.com/jobs/view/embedded-software-engineer-c%2B%2B-at-agi-group-4385336201,2026-03-15T10:29:49.204821+00:00
0,Firmware Engineer | United Kingdom,linkedin,Junior Software Engineer,Tripadvisor,"London, England, United Kingdom",On-site,Full-time,,Junior,English,,,Recent,https://uk.linkedin.com/jobs/view/junior-software-engineer-at-tripadvisor-4314044699,2026-03-15T10:29:49.204977+00:00
0,Firmware Engineer | United Kingdom,linkedin,Software Engineer,Red Bull Racing & Red Bull Technology,"Milton Keynes, England, United Kingdom",On-site,Full-time,,,English,,,Recent,https://uk.linkedin.com/jobs/view/software-engineer-at-red-bull-racing-red-bull-technology-4375990471,2026-03-15T10:29:49.205127+00:00
0,Firmware Engineer | United Kingdom,linkedin,Software Engineer - London,Zopa Bank,"London, England, United Kingdom",On-site,Full-time,,,English,,,Recent,https://uk.linkedin.com/jobs/view/software-engineer-london-at-zopa-bank-4036813631,2026-03-15T10:29:49.205423+00:00
0,Firmware Engineer | United Kingdom,linkedin,Software Engineer,Manchester Digital,"Manchester, England, United Kingdom",On-site,Full-time,,,English,,,Recent,https://uk.linkedin.com/jobs/view/software-engineer-at-manchester-digital-4381002597,2026-03-15T10:29:49.205573+00:00
