relevance_score,search_criteria,provider,title,company,location,work_location_type,employment_type,matching_skills,missing_skills,detected_languages,matched_roles,salary_hint,posted_at_relative,link,scraped_at
29,Tester | Switzerland,linkedin,Test Engineer (m/w/d),Thales,"Zurich, Zurich, Switzerland",On-site,Full-time,,,English,,,Recent,https://ch.linkedin.com/jobs/view/test-engineer-m-w-d-at-thales-4371456191,2026-03-23T10:51:35.396198+00:00
29,Test Automation | USA,linkedin,Software Tester/QA Analyst,Intellibee Inc,"Richmond, VA",On-site,Full-time,,,English,,,Recent,https://www.linkedin.com/jobs/view/software-tester-qa-analyst-at-intellibee-inc-4388537345,2026-03-23T10:53:14.190740+00:00
29,Python Test | USA,linkedin,"software QA engineer, Pages",Apple,"Cupertino, CA",On-site,Full-time,,,English,,,Recent,https://www.linkedin.com/jobs/view/software-qa-engineer-pages-at-apple-4387799023,2026-03-23T10:53:57.877648+00:00
29,Python Test | USA,linkedin,Software Tester/QA Analyst,Intellibee Inc,"Richmond, VA",On-site,Full-time,,,English,,,Recent,https://www.linkedin.com/jobs/view/software-tester-qa-analyst-at-intellibee-inc-4387893213,2026-03-23T10:53:57.877960+00:00
29,Python Test | USA,linkedin,"software QA engineer, Pages",Apple,"Austin, TX",On-site,Full-time,,,English,,,Recent,https://www.linkedin.com/jobs/view/software-qa-engineer-pages-at-apple-4387794225,2026-03-23T10:53:57.878257+00:00
29,Python Test | United Kingdom,linkedin,Software Tester,Intellect Group,"Oxfordshire, England, United Kingdom",On-site,Full-time,,,English,,,Recent,https://uk.linkedin.com/jobs/view/software-tester-at-intellect-group-4387440591,2026-03-23T10:54:00.336090+00:00
29,Firmware Engineer | Austria,linkedin,Internship: Embedded Software Developer (m/f/d),NXP Semiconductors,"Gratkorn, Styria, Austria",On-site,Internship,"C, Java, Python",Internship,English,,,Recent,https://at.linkedin.com/jobs/view/internship-embedded-software-developer-m-f-d-at-nxp-semiconductors-4385349797,2026-03-23T10:54:05.127053+00:00
29,Firmware Engineer | Remote,linkedin,Embedded Engineer,Intellias,Germany,Remote,Full-time,,,English,,,Recent,https://de.linkedin.com/jobs/view/embedded-engineer-at-intellias-4383707882,2026-03-23T10:54:09.963463+00:00
29,Firmware Engineer | USA,linkedin,Embedded Software Engineer,Apple,"Cupertino, CA",On-site,Full-time,,,English,,,Recent,https://www.linkedin.com/jobs/view/embedded-software-engineer-at-apple-4384209535,2026-03-23T10:54:19.874908+00:00
29,Firmware Engineer | USA,linkedin,"Software Engineer II, Early Career",Google,"New York, NY",On-site,Full-time,,,English,,,Recent,https://www.linkedin.com/jobs/view/software-engineer-ii-early-career-at-google-4383973345,2026-03-23T10:54:19.875366+00:00
14,Tester | Germany,linkedin,Test Engineer (m/w/d),Schotstek GmbH,"Schweinfurt, Bavaria, Germany",On-site,Internship,"C, C++, Python","Project Manager, R, Azure, Devops",German,Test Manager,,Recent,https://de.linkedin.com/jobs/view/test-engineer-m-w-d-at-schotstek-gmbh-4384473724,2026-03-23T10:51:30.637910+00:00
14,Tester | Austria,linkedin,Senior Software Engineer in Test (Full-Stack/Python),Mindrift,Austria,On-site,Contract,"Can, Ci/Cd, Github Actions, Pytest, Python, Test Automation","Docker, Expert, React, Github, Senior",English,"Expert, Senior",,Recent,https://at.linkedin.com/jobs/view/senior-software-engineer-in-test-full-stack-python-at-mindrift-4388798079,2026-03-23T10:51:33.044314+00:00
14,Tester | Switzerland,linkedin,IT Business Consultant – Software Tester,Forty2 AG,"Lausanne, Vaud, Switzerland",On-site,Full-time,,Consultant,English,Consultant,,Recent,https://ch.linkedin.com/jobs/view/it-business-consultant-%E2%80%93-software-tester-at-forty2-ag-4377720142,2026-03-23T10:51:35.395541+00:00
14,Tester | Remote,linkedin,Senior Software Engineer in Test (Full-Stack/Python),Mindrift,"Berlin, Berlin, Germany",Remote,Full-time,Python,Senior,English,Senior,,Recent,https://de.linkedin.com/jobs/view/senior-software-engineer-in-test-full-stack-python-at-mindrift-4388792594,2026-03-23T10:51:37.812329+00:00
14,Tester | Remote,linkedin,Senior Software Engineer in Test (Full-Stack/Python),Mindrift,"Munich, Bavaria, Germany",Remote,Full-time,Python,Senior,English,Senior,,Recent,https://de.linkedin.com/jobs/view/senior-software-engineer-in-test-full-stack-python-at-mindrift-4389002013,2026-03-23T10:51:37.812788+00:00
14,Tester | Remote,linkedin,Senior Software Engineer in Test (Full-Stack/Python),Mindrift,"Stuttgart, Baden-Württemberg, Germany",Remote,Full-time,Python,Senior,English,Senior,,Recent,https://de.linkedin.com/jobs/view/senior-software-engineer-in-test-full-stack-python-at-mindrift-4389002014,2026-03-23T10:51:37.812957+00:00
14,Tester | Slovakia,linkedin,Senior Software Engineer in Test,Filevine,"Bratislava, Bratislava, Slovakia",On-site,Full-time,,Senior,English,Senior,,Recent,https://sk.linkedin.com/jobs/view/senior-software-engineer-in-test-at-filevine-4380694723,2026-03-23T10:51:40.166360+00:00
14,Tester | Poland,linkedin,Senior Manual QA Engineer (VoIP / Voice / Real-Time Communications),MMDSmart,Poland,On-site,Full-time,,Senior,English,Senior,,Recent,https://pl.linkedin.com/jobs/view/senior-manual-qa-engineer-voip-voice-real-time-communications-at-mmdsmart-4376508003,2026-03-23T10:51:44.919276+00:00
14,QA Engineer | Austria,linkedin,Senior Test Automation Engineer (m/f/d),Deutsche Telekom,"Fünfkirchen, Lower Austria, Austria",On-site,Full-time,Test Automation,Senior,English,Senior,,Recent,https://at.linkedin.com/jobs/view/senior-test-automation-engineer-m-f-d-at-deutsche-telekom-4387865291,2026-03-23T10:51:54.498291+00:00
14,QA Engineer | Remote,linkedin,Senior QA Engineer (m/w/d),Fairsource,Germany,Remote,Full-time,,Senior,English,Senior,,Recent,https://de.linkedin.com/jobs/view/senior-qa-engineer-m-w-d-at-fairsource-4382782610,2026-03-23T10:51:59.240433+00:00
14,QA Engineer | Remote,linkedin,Senior Quality Assurance Engineer,HiveMQ,"Berlin, Berlin, Germany",Remote,Full-time,,Senior,English,Senior,,Recent,https://de.linkedin.com/jobs/view/senior-quality-assurance-engineer-at-hivemq-4364406728,2026-03-23T10:51:59.240593+00:00
14,QA Engineer | Slovakia,linkedin,Expert Quality Assurance (QA) Engineer,Qualco Group,"Bratislava, Bratislava, Slovakia",On-site,Full-time,,Expert,English,Expert,,Recent,https://sk.linkedin.com/jobs/view/expert-quality-assurance-qa-engineer-at-qualco-group-4381409824,2026-03-23T10:52:01.606700+00:00
14,QA Engineer | Slovakia,linkedin,Senior QA Automation Engineer,Hotovo,"Košice, Kosice, Slovakia",On-site,Full-time,,Senior,English,Senior,,Recent,https://sk.linkedin.com/jobs/view/senior-qa-automation-engineer-at-hotovo-4384485200,2026-03-23T10:52:01.607180+00:00
14,QA Engineer | Slovakia,linkedin,"Senior QA Engineer, IMF",Bloomreach,Slovakia,On-site,Full-time,,Senior,English,Senior,,Recent,https://sk.linkedin.com/jobs/view/senior-qa-engineer-imf-at-bloomreach-4383319917,2026-03-23T10:52:01.607672+00:00
14,QA Engineer | Slovakia,linkedin,Manual QA Engineer (Middle/Senior) ID48059,AgileEngine,"Bratislava, Bratislava, Slovakia",On-site,Full-time,,Senior,English,Senior,,Recent,https://sk.linkedin.com/jobs/view/manual-qa-engineer-middle-senior-id48059-at-agileengine-4376735337,2026-03-23T10:52:01.607830+00:00
14,QA Engineer | Slovakia,linkedin,Manual QA Engineer (Middle/Senior) ID48059,AgileEngine,"Trenčín, Trenciansky, Slovakia",On-site,Full-time,,Senior,English,Senior,,Recent,https://sk.linkedin.com/jobs/view/manual-qa-engineer-middle-senior-id48059-at-agileengine-4376400820,2026-03-23T10:52:01.607982+00:00
14,QA Engineer | Czech Republic,linkedin,Senior QA Automation Engineer (Playwright),Lumenalta,Dominican Republic,On-site,Full-time,Playwright,Senior,English,Senior,,Recent,https://do.linkedin.com/jobs/view/senior-qa-automation-engineer-playwright-at-lumenalta-4386389694,2026-03-23T10:52:04.024135+00:00
14,QA Engineer | Poland,linkedin,Senior Manual QA Engineer for Mobile App (Tinder),Zoolatech,"Warsaw, Mazowieckie, Poland",Remote,Full-time,,Senior,English,Senior,,Recent,https://pl.linkedin.com/jobs/view/senior-manual-qa-engineer-for-mobile-app-tinder-at-zoolatech-4384049516,2026-03-23T10:52:06.398409+00:00
14,QA Engineer | United Kingdom,linkedin,🚀 Senior QA Engineer (Playwright Specialist) — Remote (UK) — £60–65k,Venchr,"Manchester Area, United Kingdom",Remote,Full-time,Playwright,Senior,English,Senior,,Recent,https://uk.linkedin.com/jobs/view/%F0%9F%9A%80-senior-qa-engineer-playwright-specialist-%E2%80%94-remote-uk-%E2%80%94-%C2%A360%E2%80%9365k-at-venchr-4385251493,2026-03-23T10:52:11.204939+00:00
14,Testingenieur | Austria,linkedin,Test Manager (m/f/d),Deutsche Telekom,"Fünfkirchen, Lower Austria, Austria",On-site,Full-time,,,English,Test Manager,,Recent,https://at.linkedin.com/jobs/view/test-manager-m-f-d-at-deutsche-telekom-4376822062,2026-03-23T10:52:37.859808+00:00
14,Testingenieur | Switzerland,linkedin,Senior PA/QA Engineer – Aerospace Sector,ALTEN,"Lausanne, Vaud, Switzerland",On-site,Full-time,,Senior,English,Senior,,Recent,https://ch.linkedin.com/jobs/view/senior-pa-qa-engineer-%E2%80%93-aerospace-sector-at-alten-4379878422,2026-03-23T10:52:40.233661+00:00
14,Testingenieur | Slovakia,linkedin,Tech Lead / Engineering Lead,Across Private Investments,"Bratislava Old Town, Bratislava, Slovakia",On-site,Full-time,,"Lead, Tech Lead",English,Lead,,Recent,https://sk.linkedin.com/jobs/view/tech-lead-engineering-lead-at-across-private-investments-4385456334,2026-03-23T10:52:45.048132+00:00
14,Testingenieur | Poland,linkedin,Mechanical Designer / Test Engineer (f/m),Airbus Helicopters,"Łódź, Łódzkie, Poland",Remote,Contract,"C, Can","Assembly, R, Lead",English,Lead,,Recent,https://pl.linkedin.com/jobs/view/mechanical-designer-test-engineer-f-m-at-airbus-helicopters-4378564274,2026-03-23T10:52:49.851499+00:00
14,Testingenieur | USA,linkedin,Test Engineer,Peraton,"Chantilly, VA",Remote,Contract,"Can, Integration Testing","Safe, Staff, Agile, Intern, Associate, Lead, Waterfall",English,"Lead, Staff",,Recent,https://www.linkedin.com/jobs/view/test-engineer-at-peraton-4385947982,2026-03-23T10:52:52.376085+00:00
14,Testingenieur | United Kingdom,linkedin,Senior Test Engineer,BSI,"Hemel Hempstead, England, United Kingdom",On-site,Contract,Can,"Safe, Expert, Lead, Senior",English,"Expert, Lead, Senior",,Recent,https://uk.linkedin.com/jobs/view/senior-test-engineer-at-bsi-4366543025,2026-03-23T10:52:54.820707+00:00
14,Test Automation | Germany,linkedin,Senior Quality Assurance Engineer,SGI,"Berlin, Germany",Hybrid,Internship,"Continuous Testing, Python","Agile, Senior",English,Senior,,Recent,https://de.linkedin.com/jobs/view/senior-quality-assurance-engineer-at-sgi-4363260868,2026-03-23T10:52:57.262639+00:00
14,Test Automation | Germany,linkedin,Senior Quality Engineer,GLS/NXT,"Berlin, Berlin, Germany",On-site,Full-time,,Senior,English,Senior,,Recent,https://de.linkedin.com/jobs/view/senior-quality-engineer-at-gls-nxt-4381213320,2026-03-23T10:52:57.263113+00:00
14,Test Automation | Austria,linkedin,Senior Test Automation Engineer,AVILOO Battery Diagnostics,"Laxenburg, Lower Austria, Austria",On-site,Full-time,Test Automation,Senior,English,Senior,,Recent,https://at.linkedin.com/jobs/view/senior-test-automation-engineer-at-aviloo-battery-diagnostics-4378165473,2026-03-23T10:52:59.695111+00:00
14,Test Automation | Switzerland,linkedin,Senior Quality Analyst,RBW Consulting,"Lachen, Schwyz, Switzerland",On-site,Full-time,,Senior,English,Senior,,Recent,https://ch.linkedin.com/jobs/view/senior-quality-analyst-at-rbw-consulting-4353430000,2026-03-23T10:53:02.093871+00:00
14,Test Automation | Switzerland,linkedin,Test Lead (M/F),WIT PARTNERS SA,"Vaud, Switzerland",On-site,Full-time,,Lead,English,Lead,,Recent,https://ch.linkedin.com/jobs/view/test-lead-m-f-at-wit-partners-sa-4385437606,2026-03-23T10:53:02.094181+00:00
14,Test Automation | Switzerland,linkedin,Test Lead Software (H/F),fortil,Lausanne Metropolitan Area,On-site,Full-time,,Lead,English,Lead,,Recent,https://ch.linkedin.com/jobs/view/test-lead-software-h-f-at-fortil-4387291941,2026-03-23T10:53:02.094489+00:00
14,Test Automation | Switzerland,linkedin,Test Manager,Galaxi Consulting Group,"Geneva, Switzerland",On-site,Full-time,,,English,Test Manager,,Recent,https://ch.linkedin.com/jobs/view/test-manager-at-galaxi-consulting-group-4387696996,2026-03-23T10:53:02.094656+00:00
14,Test Automation | Switzerland,linkedin,Test Manager,Galaxi Consulting Group,"Geneva, Switzerland",On-site,Full-time,,,English,Test Manager,,Recent,https://ch.linkedin.com/jobs/view/test-manager-at-galaxi-consulting-group-4387295883,2026-03-23T10:53:02.094803+00:00
14,Test Automation | Remote,linkedin,Testmanager:in,CPU Softwarehouse AG,Germany,Remote,Full-time,,,English,Test Manager,,Recent,https://de.linkedin.com/jobs/view/testmanager-in-at-cpu-softwarehouse-ag-4387265734,2026-03-23T10:53:04.471894+00:00
14,Test Automation | Czech Republic,linkedin,QA Lead,Powdevs,Dominican Republic,On-site,Full-time,,Lead,English,"Lead, QA Lead",,Recent,https://do.linkedin.com/jobs/view/qa-lead-at-powdevs-4383781317,2026-03-23T10:53:09.215044+00:00
14,Test Automation | Poland,linkedin,Senior Automation Engineer,SOFTETA,"Cracow, Małopolskie, Poland",On-site,Full-time,,Senior,English,Senior,,Recent,https://pl.linkedin.com/jobs/view/senior-automation-engineer-at-softeta-4388345146,2026-03-23T10:53:11.626329+00:00
14,Test Automation | Poland,linkedin,Senior Manual Tester,Jit Team,"Gdynia, Pomorskie, Poland",On-site,Full-time,,Senior,English,Senior,,Recent,https://pl.linkedin.com/jobs/view/senior-manual-tester-at-jit-team-4387885097,2026-03-23T10:53:11.626833+00:00
14,Test Automation | United Kingdom,linkedin,Senior Quality Assurance Analyst (Customer Operations),Kroo Bank,"London, England, United Kingdom",On-site,Full-time,,Senior,English,Senior,,Recent,https://uk.linkedin.com/jobs/view/senior-quality-assurance-analyst-customer-operations-at-kroo-bank-4387808621,2026-03-23T10:53:16.643546+00:00
14,Test Automation | United Kingdom,linkedin,Senior Quality Engineer,Opus 2,"Edinburgh, Scotland, United Kingdom",On-site,Full-time,,Senior,English,Senior,,Recent,https://uk.linkedin.com/jobs/view/senior-quality-engineer-at-opus-2-4384317705,2026-03-23T10:53:16.643731+00:00
14,Test Automation | United Kingdom,linkedin,Testing Lead,Deloitte,"Glasgow, Scotland, United Kingdom",On-site,Full-time,,Lead,English,Lead,,Recent,https://uk.linkedin.com/jobs/view/testing-lead-at-deloitte-4383546538,2026-03-23T10:53:16.643890+00:00
14,Test Automation | United Kingdom,linkedin,Senior QA Engineer,White Rose Education,"Leeds, England, United Kingdom",On-site,Full-time,,Senior,English,Senior,,Recent,https://uk.linkedin.com/jobs/view/senior-qa-engineer-at-white-rose-education-4383701609,2026-03-23T10:53:16.644042+00:00
14,Test Automation | United Kingdom,linkedin,Senior Quality Assurance Tester,Dlala Studios,"Witham, England, United Kingdom",On-site,Full-time,,Senior,English,Senior,,Recent,https://uk.linkedin.com/jobs/view/senior-quality-assurance-tester-at-dlala-studios-4378767706,2026-03-23T10:53:16.644188+00:00
14,Test Automation | United Kingdom,linkedin,Senior QA Analyst,Rebellion,"Oxford, England, United Kingdom",On-site,Full-time,,Senior,English,Senior,,Recent,https://uk.linkedin.com/jobs/view/senior-qa-analyst-at-rebellion-4383721363,2026-03-23T10:53:16.644502+00:00
14,Test Automation | United Kingdom,linkedin,Senior QA Engineer,MILE,"Manchester, England, United Kingdom",On-site,Full-time,,Senior,English,Senior,,Recent,https://uk.linkedin.com/jobs/view/senior-qa-engineer-at-mile-4385326493,2026-03-23T10:53:16.644674+00:00
14,Python Developer | Austria,linkedin,Senior Python Systems Developer - Functional Testing Project,Mindrift,Austria,On-site,Contract,Python,Senior,English,Senior,,Recent,https://at.linkedin.com/jobs/view/senior-python-systems-developer-functional-testing-project-at-mindrift-4386732819,2026-03-23T10:53:21.543945+00:00
14,Python Developer | Slovakia,linkedin,Senior Python Software Engineer,Bloomreach,Slovakia,On-site,Full-time,Python,Senior,English,Senior,,Recent,https://sk.linkedin.com/jobs/view/senior-python-software-engineer-at-bloomreach-4365530614,2026-03-23T10:53:28.780211+00:00
14,Python Developer | Slovakia,linkedin,Senior Python Engineer,Ciklum,"Bratislava, Bratislava, Slovakia",On-site,Full-time,Python,Senior,English,Senior,,Recent,https://sk.linkedin.com/jobs/view/senior-python-engineer-at-ciklum-4384050550,2026-03-23T10:53:28.780580+00:00
14,Python Developer | Czech Republic,linkedin,Senior Back End Engineer - Python (DR),Truelogic Software,Dominican Republic,On-site,Full-time,Python,Senior,English,Senior,,Recent,https://do.linkedin.com/jobs/view/senior-back-end-engineer-python-dr-at-truelogic-software-4388365827,2026-03-23T10:53:31.172811+00:00
14,Python Test | Switzerland,linkedin,Senior Test Automation Engineer / QA Lead (m/w/d),PEAX AG,"Lucerne, Lucerne, Switzerland",On-site,Full-time,Test Automation,"Lead, Senior",English,"Lead, QA Lead, Senior",,Recent,https://ch.linkedin.com/jobs/view/senior-test-automation-engineer-qa-lead-m-w-d-at-peax-ag-4385092784,2026-03-23T10:53:45.699517+00:00
14,Python Test | Remote,linkedin,Expert Quality Engineer,Sword Health,Germany,Remote,Full-time,,Expert,English,Expert,,Recent,https://de.linkedin.com/jobs/view/expert-quality-engineer-at-sword-health-4388315071,2026-03-23T10:53:48.120539+00:00
14,Python Test | Remote,linkedin,Senior Software Engineer in Test (Full-Stack/Python),Mindrift,Germany,Remote,Full-time,Python,Senior,English,Senior,,Recent,https://de.linkedin.com/jobs/view/senior-software-engineer-in-test-full-stack-python-at-mindrift-4389001037,2026-03-23T10:53:48.121482+00:00
14,Python Test | Czech Republic,linkedin,Senior SDET,Perform,Dominican Republic,On-site,Full-time,,Senior,English,Senior,,Recent,https://do.linkedin.com/jobs/view/senior-sdet-at-perform-4344131612,2026-03-23T10:53:52.893712+00:00
14,Python Test | Poland,linkedin,Senior Software Engineer in Test (Full-Stack/Python),Mindrift,Poland,On-site,Full-time,Python,Senior,English,Senior,,Recent,https://pl.linkedin.com/jobs/view/senior-software-engineer-in-test-full-stack-python-at-mindrift-4388777983,2026-03-23T10:53:55.300947+00:00
14,Python Test | United Kingdom,linkedin,Senior Software Engineer in Test (Full-Stack/Python),Mindrift,"London, England, United Kingdom",On-site,Full-time,Python,Senior,English,Senior,,Recent,https://uk.linkedin.com/jobs/view/senior-software-engineer-in-test-full-stack-python-at-mindrift-4388791634,2026-03-23T10:54:00.336248+00:00
14,Python Test | United Kingdom,linkedin,Senior Software Engineer in Test (Full-Stack/Python),Mindrift,"Manchester, England, United Kingdom",On-site,Full-time,Python,Senior,English,Senior,,Recent,https://uk.linkedin.com/jobs/view/senior-software-engineer-in-test-full-stack-python-at-mindrift-4388780951,2026-03-23T10:54:00.336571+00:00
14,Python Test | United Kingdom,linkedin,Senior Software Engineer in Test (Full-Stack/Python),Mindrift,"Birmingham, England, United Kingdom",On-site,Contract,"Can, Ci/Cd, Github Actions, Pytest, Python, Test Automation","Docker, Expert, React, Github, Senior",English,"Expert, Senior",,Recent,https://uk.linkedin.com/jobs/view/senior-software-engineer-in-test-full-stack-python-at-mindrift-4388781900,2026-03-23T10:54:00.336734+00:00
14,Python Test | United Kingdom,linkedin,Senior Software Engineer in Test (Full-Stack/Python),Mindrift,"Glasgow, Scotland, United Kingdom",On-site,Full-time,Python,Senior,English,Senior,,Recent,https://uk.linkedin.com/jobs/view/senior-software-engineer-in-test-full-stack-python-at-mindrift-4389001040,2026-03-23T10:54:00.336888+00:00
14,Firmware Engineer | Germany,linkedin,Senior Software Engineer - Nvidia Platform,Autobrains Technologies,"Munich, Bavaria, Germany",On-site,Full-time,,Senior,English,Senior,,Recent,https://de.linkedin.com/jobs/view/senior-software-engineer-nvidia-platform-at-autobrains-technologies-4380448307,2026-03-23T10:54:02.758073+00:00
14,Firmware Engineer | Germany,linkedin,Senior Software Engineer (m/w/d),Buena,"Berlin, Berlin, Germany",Remote,Contract,"Can, Typescript","React, Node.Js, Senior, Engineering Manager",English,Senior,,Recent,https://de.linkedin.com/jobs/view/senior-software-engineer-m-w-d-at-buena-4384063060,2026-03-23T10:54:02.759337+00:00
14,Firmware Engineer | Remote,linkedin,Senior Embedded Engineer (m/w/d),QAVION GROUP,Germany,Remote,Full-time,,Senior,English,Senior,,Recent,https://de.linkedin.com/jobs/view/senior-embedded-engineer-m-w-d-at-qavion-group-4384798011,2026-03-23T10:54:09.963153+00:00
14,Firmware Engineer | Remote,linkedin,Senior Software Engineer,Synmatch AI,Germany,Remote,Full-time,,Senior,English,Senior,,Recent,https://de.linkedin.com/jobs/view/senior-software-engineer-at-synmatch-ai-4386322473,2026-03-23T10:54:09.964263+00:00
14,Firmware Engineer | Slovakia,linkedin,Embedded Engineer,Ciklum,"Bratislava, Slovakia",Remote,Contract,"C, C++, Can, Embedded Systems","Agile, C#, Senior",English,Senior,,Recent,https://sk.linkedin.com/jobs/view/embedded-engineer-at-ciklum-4384462402,2026-03-23T10:54:12.381049+00:00
14,Firmware Engineer | Slovakia,linkedin,Principal Software Engineer,ITmatch,Slovakia,On-site,Full-time,,Principal,English,Principal,,Recent,https://sk.linkedin.com/jobs/view/principal-software-engineer-at-itmatch-4387699936,2026-03-23T10:54:12.381567+00:00
14,Firmware Engineer | Slovakia,linkedin,Senior Software Engineer,Bloomreach,Slovakia,On-site,Full-time,,Senior,English,Senior,,Recent,https://sk.linkedin.com/jobs/view/senior-software-engineer-at-bloomreach-4289254318,2026-03-23T10:54:12.381879+00:00
14,Firmware Engineer | Slovakia,linkedin,Senior Software Engineer (C++) - Remote Work,BairesDev,Slovakia,Remote,Full-time,"C, C++",Senior,English,Senior,,Recent,https://sk.linkedin.com/jobs/view/senior-software-engineer-c%2B%2B-remote-work-at-bairesdev-4387172247,2026-03-23T10:54:12.382346+00:00
14,Firmware Engineer | Czech Republic,linkedin,Senior Software Engineer,CrecerLab,"Santo Domingo, Distrito Nacional, Dominican Republic",On-site,Full-time,,Senior,English,Senior,,Recent,https://do.linkedin.com/jobs/view/senior-software-engineer-at-crecerlab-4386540400,2026-03-23T10:54:14.782213+00:00
14,Firmware Engineer | Czech Republic,linkedin,Senior Software Engineer,Spirit Technologies,"Santiago de los Caballeros, Santiago, Dominican Republic",On-site,Full-time,,Senior,English,Senior,,Recent,https://do.linkedin.com/jobs/view/senior-software-engineer-at-spirit-technologies-4386360120,2026-03-23T10:54:14.782408+00:00
14,Firmware Engineer | United Kingdom,linkedin,"Senior Software Engineer, Embedded C++",Roku,"Cambridge, England, United Kingdom",On-site,Full-time,"C, C++",Senior,English,Senior,,Recent,https://uk.linkedin.com/jobs/view/senior-software-engineer-embedded-c%2B%2B-at-roku-4374730170,2026-03-23T10:54:22.329776+00:00
0,Tester | Germany,linkedin,Software Engineer in Test (Berlin),Cresta,"Berlin, Berlin, Germany",On-site,Contract,"Can, Ci/Cd, Go, Playwright, Typescript","Grafana, Manual Testing, Cypress, Datadog",English,,,Recent,https://de.linkedin.com/jobs/view/software-engineer-in-test-berlin-at-cresta-4343158227,2026-03-23T10:51:30.637345+00:00
0,Tester | Germany,linkedin,Software Tester / QA Engineer (m/w/d),tolltickets GmbH,Greater Munich Metropolitan Area,Hybrid,Contract,,"Postman, Jira, Sql",English,,,Recent,https://de.linkedin.com/jobs/view/software-tester-qa-engineer-m-w-d-at-tolltickets-gmbh-4388688806,2026-03-23T10:51:30.637533+00:00
0,Tester | Germany,linkedin,QA Engineer,Assemblio,"Stuttgart, Baden-Württemberg, Germany",On-site,Full-time,"Ci/Cd, Integration Testing","Grpc, Cypress, Devops",English,,,Recent,https://de.linkedin.com/jobs/view/qa-engineer-at-assemblio-4376728345,2026-03-23T10:51:30.637741+00:00
0,Tester | Germany,linkedin,QA Tester (f/m/d),justDice,"Hamburg, Hamburg, Germany",Remote,Full-time,Test Automation,"Manual Testing, React, Agile, Rest Api",English,,,Recent,https://de.linkedin.com/jobs/view/qa-tester-f-m-d-at-justdice-4384028500,2026-03-23T10:51:30.638068+00:00
0,Tester | Germany,linkedin,Software Test Engineer (m/w/d) – Banking  (ID: 22229),Da Vinci Engineering GmbH,"Karlsruhe, Baden-Württemberg, Germany",On-site,Internship,,"Jira, R, Associate, Confluence, Scrum, Kanban, Postman",German,,,Recent,https://de.linkedin.com/jobs/view/software-test-engineer-m-w-d-%E2%80%93-banking-id-22229-at-da-vinci-engineering-gmbh-4387962742,2026-03-23T10:51:30.638225+00:00
0,Tester | Germany,linkedin,Quality Assurance Tester (m/f/d),MoPla Solutions GmbH,"Augsburg, Bavaria, Germany",Remote,Full-time,,"Manual Testing, Agile, Scrum, Kanban, Postman",English,,,Recent,https://de.linkedin.com/jobs/view/quality-assurance-tester-m-f-d-at-mopla-solutions-gmbh-4375222169,2026-03-23T10:51:30.638388+00:00
0,Tester | Germany,linkedin,App-Tester  (m/w/d),clickworker,Germany,On-site,Full-time,,,English,,,Recent,https://de.linkedin.com/jobs/view/app-tester-m-w-d-at-clickworker-4375907759,2026-03-23T10:51:30.638537+00:00
0,Tester | Germany,linkedin,Test Engineer for In-Car-Entertainment (ICE) System,XPENG,"Munich, Bavaria, Germany",On-site,Internship,,,English,,,Recent,https://de.linkedin.com/jobs/view/test-engineer-for-in-car-entertainment-ice-system-at-xpeng-4380906589,2026-03-23T10:51:30.638706+00:00
0,Tester | Germany,linkedin,Software Tester (all gender),ALTEN Germany,Greater Munich Metropolitan Area,On-site,Full-time,,,English,,,Recent,https://de.linkedin.com/jobs/view/software-tester-all-gender-at-alten-germany-4379881333,2026-03-23T10:51:30.638860+00:00
0,Tester | Austria,linkedin,Junior Test Engineer (w/m/d),Pankl Aerospace Systems,"Bruck an der Mur, Styria, Austria",Remote,Full-time,,"R, Associate, Junior",German,,,Recent,https://at.linkedin.com/jobs/view/junior-test-engineer-w-m-d-at-pankl-aerospace-systems-4383709885,2026-03-23T10:51:33.043274+00:00
0,Tester | Austria,linkedin,Software Tester*in,Agrarmarkt Austria,"Vienna, Vienna, Austria",Hybrid,Internship,,R,German,,,Recent,https://at.linkedin.com/jobs/view/software-tester-in-at-agrarmarkt-austria-4381271914,2026-03-23T10:51:33.043466+00:00
0,Tester | Austria,linkedin,Junior Test Engineer (w/m/d),Pankl Turbosystems GmbH,"Bruck an der Mur, Styria, Austria",Remote,Full-time,,"R, Associate, Junior",German,,,Recent,https://at.linkedin.com/jobs/view/junior-test-engineer-w-m-d-at-pankl-turbosystems-gmbh-4380268475,2026-03-23T10:51:33.043655+00:00
0,Tester | Austria,linkedin,Mid-level Test Engineer (Test Automation) (m/f/d),Deutsche Telekom,"Fünfkirchen, Lower Austria, Austria",Remote,Full-time,"Ci/Cd, Playwright, Selenium, Test Automation","Mid-Level, Bdd, Cypress, R, Git, Scrum, Kanban",German,,,Recent,https://at.linkedin.com/jobs/view/mid-level-test-engineer-test-automation-m-f-d-at-deutsche-telekom-4387866274,2026-03-23T10:51:33.043827+00:00
0,Tester | Austria,linkedin,Test Engineer,Noir,"Linz, Upper Austria, Austria",Hybrid,Full-time,"Ci/Cd, Jenkins, Selenium, Test Automation","Jira, Agile, Scrum, Postman, Regression Testing",English,,,Recent,https://at.linkedin.com/jobs/view/test-engineer-at-noir-4388338949,2026-03-23T10:51:33.043998+00:00
0,Tester | Austria,linkedin,Software Test Engineer & Documentation Writer (w/m/d),Delegate Group,"Vienna, Vienna, Austria",On-site,Full-time,"Ci/Cd, Continuous Testing, Playwright, Selenium, Test Automation","Docker, Sql, Azure, R, Associate, Oracle, Scrum, Kanban, Devops, Microservices",German,,,Recent,https://at.linkedin.com/jobs/view/software-test-engineer-documentation-writer-w-m-d-at-delegate-group-4379825967,2026-03-23T10:51:33.044158+00:00
0,Tester | Austria,linkedin,Reliability & Parametric Test Engineer (ONSITE in Switzerland),Gramian Consulting,Austria,On-site,Contract,"C, Python","R, Linux",English,,,Recent,https://at.linkedin.com/jobs/view/reliability-parametric-test-engineer-onsite-in-switzerland-at-gramian-consulting-4386064487,2026-03-23T10:51:33.044466+00:00
0,Tester | Austria,linkedin,Test Automation Engineer (m/f/d),Deutsche Telekom,"Fünfkirchen, Lower Austria, Austria",On-site,Full-time,"Ci/Cd, Java, Playwright, Selenium, Test Automation","Cypress, R",German,,,Recent,https://at.linkedin.com/jobs/view/test-automation-engineer-m-f-d-at-deutsche-telekom-4386366897,2026-03-23T10:51:33.044638+00:00
0,Tester | Austria,linkedin,Software Tester:in (M/W/D)*,TGW Logistics,"Marchtrenk, Upper Austria, Austria",Remote,Full-time,"C, Javascript","Vue.Js, C#, Cypress, R",German,,,Recent,https://at.linkedin.com/jobs/view/software-tester-in-m-w-d-at-tgw-logistics-4375257894,2026-03-23T10:51:33.044795+00:00
0,Tester | Switzerland,linkedin,Test Engineer,MARQUIS TECHNOLOGIES PRIVATE LIMITED,"Bern, Berne, Switzerland",On-site,Full-time,,,English,,,Recent,https://ch.linkedin.com/jobs/view/test-engineer-at-marquis-technologies-private-limited-4386763414,2026-03-23T10:51:35.394710+00:00
0,Tester | Switzerland,linkedin,Test Engineer,Flexsis,"Zurich, Switzerland",On-site,Full-time,,,English,,,Recent,https://ch.linkedin.com/jobs/view/test-engineer-at-flexsis-4387824751,2026-03-23T10:51:35.394904+00:00
0,Tester | Switzerland,linkedin,Test Automation Engineer,Coopers Group AG,"Risch-Rotkreuz, Zug, Switzerland",On-site,Full-time,Test Automation,,English,,,Recent,https://ch.linkedin.com/jobs/view/test-automation-engineer-at-coopers-group-ag-4384481157,2026-03-23T10:51:35.395064+00:00
0,Tester | Switzerland,linkedin,Software Test Engineer (a),StaffLnk GmbH,"Berne, Switzerland",On-site,Full-time,,,English,,,Recent,https://ch.linkedin.com/jobs/view/software-test-engineer-a-at-stafflnk-gmbh-4378901898,2026-03-23T10:51:35.395218+00:00
0,Tester | Switzerland,linkedin,Software Test Automation Engineer,AYES - Management & Technology Consulting,Switzerland,On-site,Full-time,Test Automation,,English,,,Recent,https://ch.linkedin.com/jobs/view/software-test-automation-engineer-at-ayes-management-technology-consulting-4383801077,2026-03-23T10:51:35.395373+00:00
0,Tester | Switzerland,linkedin,Test Development Engineer,Coherent Corp.,"Zurich, Zurich, Switzerland",On-site,Full-time,,,English,,,Recent,https://ch.linkedin.com/jobs/view/test-development-engineer-at-coherent-corp-4385255398,2026-03-23T10:51:35.395727+00:00
0,Tester | Switzerland,linkedin,Professional Test Engineer (m/w/d) - Frontend & Backend (80%) (Ref.Nr.: 46233),Wavestone,"Bern, Berne, Switzerland",On-site,Full-time,,,English,,,Recent,https://ch.linkedin.com/jobs/view/professional-test-engineer-m-w-d-frontend-backend-80%25-ref-nr-46233-at-wavestone-4375553622,2026-03-23T10:51:35.395892+00:00
0,Tester | Switzerland,linkedin,Tester Elettronico,Randstad Switzerland,"Bellinzona, Ticino, Switzerland",On-site,Full-time,,,English,,,Recent,https://ch.linkedin.com/jobs/view/tester-elettronico-at-randstad-switzerland-4380287430,2026-03-23T10:51:35.396048+00:00
0,Tester | Remote,linkedin,Quality Assurance Engineer (m/w/d),ISO-Gruppe,"Bonn, North Rhine-Westphalia, Germany",Remote,Full-time,,,English,,,Recent,https://de.linkedin.com/jobs/view/quality-assurance-engineer-m-w-d-at-iso-gruppe-4358570111,2026-03-23T10:51:37.812615+00:00
0,Tester | Remote,linkedin,Test Engineer (w/m/d) - Deutschlandweit,smapOne AG,Germany,Remote,Full-time,,,English,,,Recent,https://de.linkedin.com/jobs/view/test-engineer-w-m-d-deutschlandweit-at-smapone-ag-4373535881,2026-03-23T10:51:37.813126+00:00
0,Tester | Remote,linkedin,Software Test Engineer (m/w/d) mit Karriereambitionen,Auralis Group,Germany,Remote,Full-time,,,German,,,Recent,https://de.linkedin.com/jobs/view/software-test-engineer-m-w-d-mit-karriereambitionen-at-auralis-group-4386665244,2026-03-23T10:51:37.813282+00:00
0,Tester | Remote,linkedin,Test Engineer (all genders),DEVELOGIC - Subsea Technology,"Hamburg, Hamburg, Germany",Remote,Full-time,,,English,,,Recent,https://de.linkedin.com/jobs/view/test-engineer-all-genders-at-develogic-subsea-technology-4384249725,2026-03-23T10:51:37.813431+00:00
0,Tester | Remote,linkedin,Reliability & Parametric Test Engineer (ONSITE in Switzerland),Gramian Consulting,Germany,Remote,Full-time,,,English,,,Recent,https://de.linkedin.com/jobs/view/reliability-parametric-test-engineer-onsite-in-switzerland-at-gramian-consulting-4386058820,2026-03-23T10:51:37.813599+00:00
0,Tester | Remote,linkedin,Flight Test Quality Engineer (m/w/d),XTENDED ENGINEERING GMBH,"Munich, Bavaria, Germany",Remote,Full-time,,,English,,,Recent,https://de.linkedin.com/jobs/view/flight-test-quality-engineer-m-w-d-at-xtended-engineering-gmbh-4384863995,2026-03-23T10:51:37.813754+00:00
0,Tester | Slovakia,linkedin,Student SW Tester (Part-time position),Surglogs,Slovakia,On-site,Internship,,,English,,,Recent,https://sk.linkedin.com/jobs/view/student-sw-tester-part-time-position-at-surglogs-4380933837,2026-03-23T10:51:40.165985+00:00
0,Tester | Slovakia,linkedin,IT Tester ČSOB (m/ž),ČSOB Finančná skupina,"Bratislava, Slovakia",On-site,Full-time,,,English,,,Recent,https://sk.linkedin.com/jobs/view/it-tester-%C4%8Dsob-m-%C5%BE-at-%C4%8Dsob-finan%C4%8Dn%C3%A1-skupina-4354445255,2026-03-23T10:51:40.166182+00:00
0,Tester | Slovakia,linkedin,Manual QA Tester,Descartes Systems Group,"Žilina, Zilina, Slovakia",On-site,Full-time,,,English,,,Recent,https://sk.linkedin.com/jobs/view/manual-qa-tester-at-descartes-systems-group-4382115365,2026-03-23T10:51:40.166523+00:00
0,Tester | Slovakia,linkedin,Fresh Graduate - Software Test Engineer,Caterpillar Inc.,"Košice, Kosice, Slovakia",On-site,Full-time,,Graduate,English,,,Recent,https://sk.linkedin.com/jobs/view/fresh-graduate-software-test-engineer-at-caterpillar-inc-4388365868,2026-03-23T10:51:40.166718+00:00
0,Tester | Slovakia,linkedin,Test engineer,Magna International,"Kechnec, Kosice, Slovakia",On-site,Internship,,,English,,,Recent,https://sk.linkedin.com/jobs/view/test-engineer-at-magna-international-4219197667,2026-03-23T10:51:40.166895+00:00
0,Tester | Slovakia,linkedin,Test Engineer,Multitude,"Bratislava, Bratislava, Slovakia",On-site,Full-time,,,English,,,Recent,https://sk.linkedin.com/jobs/view/test-engineer-at-multitude-4379037173,2026-03-23T10:51:40.167050+00:00
0,Tester | Slovakia,linkedin,Test engineer-1,Magna International,"Kechnec, Kosice, Slovakia",On-site,Internship,,,English,,,Recent,https://sk.linkedin.com/jobs/view/test-engineer-1-at-magna-international-4284413507,2026-03-23T10:51:40.167202+00:00
0,Tester | Slovakia,linkedin,Agile Test Engineer,ESET,"Bratislava, Bratislava, Slovakia",On-site,Internship,"Python, Selenium","Jira, Agile, Sql, Powershell, Azure, Intern, R, Confluence, Rest Api, Postman",English,,,Recent,https://sk.linkedin.com/jobs/view/agile-test-engineer-at-eset-4375989657,2026-03-23T10:51:40.167362+00:00
0,Tester | Slovakia,linkedin,Medior Agile Tester,ESET,"Bratislava, Bratislava, Slovakia",On-site,Full-time,,Agile,English,,,Recent,https://sk.linkedin.com/jobs/view/medior-agile-tester-at-eset-4374813990,2026-03-23T10:51:40.167519+00:00
0,Tester | Czech Republic,linkedin,QA Tester,Infosyp,"Santo Domingo de Guzmán, Distrito Nacional, Dominican Republic",On-site,Full-time,,,English,,,Recent,https://do.linkedin.com/jobs/view/qa-tester-at-infosyp-4380484222,2026-03-23T10:51:42.480472+00:00
0,Tester | Czech Republic,linkedin,Test Engineer,Eaton,"Bajos de Haina, San Cristóbal, Dominican Republic",On-site,Full-time,,,English,,,Recent,https://do.linkedin.com/jobs/view/test-engineer-at-eaton-4353191207,2026-03-23T10:51:42.480687+00:00
0,Tester | Czech Republic,linkedin,Test Engineer,Rockwell Automation,"Santo Domingo, Distrito Nacional, Dominican Republic",On-site,Full-time,,,English,,,Recent,https://do.linkedin.com/jobs/view/test-engineer-at-rockwell-automation-4380581844,2026-03-23T10:51:42.480862+00:00
0,Tester | Czech Republic,linkedin,Software Development Engineer in Test,Origami Risk,"Santo Domingo, Distrito Nacional, Dominican Republic",On-site,Full-time,,,English,,,Recent,https://do.linkedin.com/jobs/view/software-development-engineer-in-test-at-origami-risk-4375488057,2026-03-23T10:51:42.481012+00:00
0,Tester | Czech Republic,linkedin,Técnico Electrónico II,Eaton,"Bajos de Haina, San Cristóbal, Dominican Republic",On-site,Full-time,,,English,,,Recent,https://do.linkedin.com/jobs/view/t%C3%A9cnico-electr%C3%B3nico-ii-at-eaton-4378934782,2026-03-23T10:51:42.481175+00:00
0,Tester | Czech Republic,linkedin,Coordinator.MFG.Maintenance,Eaton,"Santiago de los Caballeros, Santiago, Dominican Republic",On-site,Full-time,,,English,,,Recent,https://do.linkedin.com/jobs/view/coordinator-mfg-maintenance-at-eaton-4375530633,2026-03-23T10:51:42.481338+00:00
0,Tester | Poland,linkedin,Software Test Engineer,Rho,Poland,On-site,Full-time,,,English,,,Recent,https://pl.linkedin.com/jobs/view/software-test-engineer-at-rho-4308483608,2026-03-23T10:51:44.918248+00:00
0,Tester | Poland,linkedin,Intermediate Test Engineer - OP02078,Dev.Pro,"Wrocław, Dolnośląskie, Poland",On-site,Full-time,,,English,,,Recent,https://pl.linkedin.com/jobs/view/intermediate-test-engineer-op02078-at-dev-pro-4384854473,2026-03-23T10:51:44.918435+00:00
0,Tester | Poland,linkedin,Junior Test Specialist/QA Engineer (f/m),Netcompany,"Warsaw, Mazowieckie, Poland",On-site,Full-time,,Junior,English,,,Recent,https://pl.linkedin.com/jobs/view/junior-test-specialist-qa-engineer-f-m-at-netcompany-4364598006,2026-03-23T10:51:44.918634+00:00
0,Tester | Poland,linkedin,Software Test Engineer,Wipro,"Warsaw, Mazowieckie, Poland",On-site,Full-time,,,English,,,Recent,https://pl.linkedin.com/jobs/view/software-test-engineer-at-wipro-4374597173,2026-03-23T10:51:44.918801+00:00
0,Tester | Poland,linkedin,QA Tester Automation (100% zdalnie),SEDIVIO,"Warsaw, Mazowieckie, Poland",Remote,Full-time,,,English,,,Recent,https://pl.linkedin.com/jobs/view/qa-tester-automation-100%25-zdalnie-at-sedivio-4385977289,2026-03-23T10:51:44.918959+00:00
0,Tester | Poland,linkedin,"Tester / Testerka  - Wroclaw (Dolnośląskie), Polska",Astek,Wroclaw Metropolitan Area,On-site,Full-time,,,English,,,Recent,https://pl.linkedin.com/jobs/view/tester-testerka-wroclaw-dolno%C5%9Bl%C4%85skie-polska-at-astek-4358055143,2026-03-23T10:51:44.919113+00:00
0,Tester | Poland,linkedin,Software Engineer in Test,Rezolve Ai,"Cracow, Małopolskie, Poland",On-site,Full-time,,,English,,,Recent,https://pl.linkedin.com/jobs/view/software-engineer-in-test-at-rezolve-ai-4386735740,2026-03-23T10:51:44.919426+00:00
0,Tester | Poland,linkedin,Software Tester,MIG.PL Sp.zo.o.,Poland,On-site,Full-time,,,English,,,Recent,https://pl.linkedin.com/jobs/view/software-tester-at-mig-pl-sp-zo-o-4388338935,2026-03-23T10:51:44.919598+00:00
0,Tester | Poland,linkedin,Junior Video Game Tester (FPS Player),8Bit - Games Industry Recruitment,"Warsaw, Mazowieckie, Poland",On-site,Full-time,,Junior,English,,,Recent,https://pl.linkedin.com/jobs/view/junior-video-game-tester-fps-player-at-8bit-games-industry-recruitment-4377829596,2026-03-23T10:51:44.919759+00:00
0,Tester | USA,linkedin,[Entry Level] Software Tester,Lensa,"Bellevue, WA",On-site,Full-time,,,English,,,Recent,https://www.linkedin.com/jobs/view/entry-level-software-tester-at-lensa-4389026582,2026-03-23T10:51:47.363936+00:00
0,Tester | USA,linkedin,[Entry Level] Software Tester,Lensa,"Plano, TX",On-site,Full-time,,,English,,,Recent,https://www.linkedin.com/jobs/view/entry-level-software-tester-at-lensa-4389018929,2026-03-23T10:51:47.364125+00:00
0,Tester | USA,linkedin,Manual tester,BCforward,"Rochester, MN",On-site,Full-time,,,English,,,Recent,https://www.linkedin.com/jobs/view/manual-tester-at-bcforward-4382132487,2026-03-23T10:51:47.364286+00:00
0,Tester | USA,linkedin,Software Engineer in Test,Prestige Staffing,"New York, NY",On-site,Full-time,,,English,,,Recent,https://www.linkedin.com/jobs/view/software-engineer-in-test-at-prestige-staffing-4384474614,2026-03-23T10:51:47.364443+00:00
0,Tester | USA,linkedin,Manual QA Analyst,Lensa,United States,On-site,Full-time,,,English,,,Recent,https://www.linkedin.com/jobs/view/manual-qa-analyst-at-lensa-4389028583,2026-03-23T10:51:47.364668+00:00
0,Tester | USA,linkedin,Software Engineer in Test,"TechnoSphere, Inc.","Charlotte, NC",On-site,Full-time,,,English,,,Recent,https://www.linkedin.com/jobs/view/software-engineer-in-test-at-technosphere-inc-4386926535,2026-03-23T10:51:47.364836+00:00
0,Tester | USA,linkedin,Software Test (QA) Engineer,The Mechanical Licensing Collective,United States,On-site,Full-time,,,English,,,Recent,https://www.linkedin.com/jobs/view/software-test-qa-engineer-at-the-mechanical-licensing-collective-4387993980,2026-03-23T10:51:47.364993+00:00
0,Tester | USA,linkedin,QA Manual Tester,KellyMitchell Group,"Maryland Heights, MO",On-site,Full-time,,,English,,,Recent,https://www.linkedin.com/jobs/view/qa-manual-tester-at-kellymitchell-group-4385101466,2026-03-23T10:51:47.365145+00:00
0,Tester | USA,linkedin,QA Tester,KellyMitchell Group,"Gresham, OR",On-site,Full-time,,,English,,,Recent,https://www.linkedin.com/jobs/view/qa-tester-at-kellymitchell-group-4380367886,2026-03-23T10:51:47.365296+00:00
0,Tester | USA,linkedin,Manual QA Tester (ServiceNow),Agility Partners,"Columbus, OH",On-site,Full-time,,,English,,,Recent,https://www.linkedin.com/jobs/view/manual-qa-tester-servicenow-at-agility-partners-4387454351,2026-03-23T10:51:47.365452+00:00
0,Tester | United Kingdom,linkedin,Software Engineer in Test,Christopher Ali,United Kingdom,On-site,Full-time,,,English,,,Recent,https://uk.linkedin.com/jobs/view/software-engineer-in-test-at-christopher-ali-4385949588,2026-03-23T10:51:49.756802+00:00
0,Tester | United Kingdom,linkedin,Software Engineer in Test - £550–£650 per day (Inside IR35),James Chase,"Gatwick, England, United Kingdom",On-site,Full-time,,,English,,,Recent,https://uk.linkedin.com/jobs/view/software-engineer-in-test-%C2%A3550%E2%80%93%C2%A3650-per-day-inside-ir35-at-james-chase-4384467107,2026-03-23T10:51:49.756989+00:00
0,Tester | United Kingdom,linkedin,QA Tester,Addition,"Farnborough, England, United Kingdom",On-site,Full-time,,,English,,,Recent,https://uk.linkedin.com/jobs/view/qa-tester-at-addition-4386384583,2026-03-23T10:51:49.757161+00:00
0,Tester | United Kingdom,linkedin,Software Test Engineer,LRQA,"Birmingham, England, United Kingdom",On-site,Full-time,,,English,,,Recent,https://uk.linkedin.com/jobs/view/software-test-engineer-at-lrqa-4389069267,2026-03-23T10:51:49.757318+00:00
0,Tester | United Kingdom,linkedin,Test Engineer,BSI,"Hemel Hempstead, England, United Kingdom",On-site,Full-time,,,English,,,Recent,https://uk.linkedin.com/jobs/view/test-engineer-at-bsi-4385947198,2026-03-23T10:51:49.757473+00:00
0,Tester | United Kingdom,linkedin,Remote Game Tester & Survey Taker – Immediate Start (No Experience) - Freecash,Jobster,"Milton Keynes, England, United Kingdom",Remote,Full-time,,,English,,,Recent,https://uk.linkedin.com/jobs/view/remote-game-tester-survey-taker-%E2%80%93-immediate-start-no-experience-freecash-at-jobster-4388204510,2026-03-23T10:51:49.757703+00:00
0,Tester | United Kingdom,linkedin,QA Tester,Methods,"London, England, United Kingdom",On-site,Full-time,,,English,,,Recent,https://uk.linkedin.com/jobs/view/qa-tester-at-methods-4374556931,2026-03-23T10:51:49.757875+00:00
0,Tester | United Kingdom,linkedin,Remote Game Tester & Survey Taker – Immediate Start (No Experience) - Freecash,Jobster,"London, England, United Kingdom",Remote,Full-time,,,English,,,Recent,https://uk.linkedin.com/jobs/view/remote-game-tester-survey-taker-%E2%80%93-immediate-start-no-experience-freecash-at-jobster-4388515608,2026-03-23T10:51:49.758082+00:00
0,Tester | United Kingdom,linkedin,Remote Game Tester & Survey Taker – Immediate Start (No Experience) - Freecash,Jobster,"Reading, England, United Kingdom",Remote,Full-time,,,English,,,Recent,https://uk.linkedin.com/jobs/view/remote-game-tester-survey-taker-%E2%80%93-immediate-start-no-experience-freecash-at-jobster-4388513689,2026-03-23T10:51:49.758313+00:00
0,Tester | United Kingdom,linkedin,Remote Game Tester & Survey Taker – Immediate Start (No Experience) - Freecash,Jobster,"Watford, England, United Kingdom",Remote,Full-time,,,English,,,Recent,https://uk.linkedin.com/jobs/view/remote-game-tester-survey-taker-%E2%80%93-immediate-start-no-experience-freecash-at-jobster-4388517566,2026-03-23T10:51:49.758547+00:00
0,QA Engineer | Germany,linkedin,QA Engineer,Sportradar,"Bremen, Bremen, Germany",On-site,Full-time,,,English,,,Recent,https://de.linkedin.com/jobs/view/qa-engineer-at-sportradar-4386371698,2026-03-23T10:51:52.123113+00:00
0,QA Engineer | Germany,linkedin,Entry-Level Quality Assurance Engineer,Infinity Nurse Case Management,"Berlin, Berlin, Germany",On-site,Full-time,,Entry-Level,English,,,Recent,https://de.linkedin.com/jobs/view/entry-level-quality-assurance-engineer-at-infinity-nurse-case-management-4388696828,2026-03-23T10:51:52.123300+00:00
0,QA Engineer | Austria,linkedin,Software Quality Engineer,Ketryx,"Vienna, Vienna, Austria",On-site,Full-time,,,English,,,Recent,https://at.linkedin.com/jobs/view/software-quality-engineer-at-ketryx-4308973953,2026-03-23T10:51:54.496807+00:00
0,QA Engineer | Austria,linkedin,QA Engineer (AI native),nyra health,"Vienna, Austria",On-site,Full-time,,,English,,,Recent,https://at.linkedin.com/jobs/view/qa-engineer-ai-native-at-nyra-health-4380894667,2026-03-23T10:51:54.497332+00:00
0,QA Engineer | Austria,linkedin,QA Engineer: Manual Testing (Mobile & Backend),Tractive,"Linz, Upper Austria, Austria",Remote,Full-time,,Manual Testing,English,,,Recent,https://at.linkedin.com/jobs/view/qa-engineer-manual-testing-mobile-backend-at-tractive-4389059370,2026-03-23T10:51:54.497489+00:00
0,QA Engineer | Austria,linkedin,QA Engineer (m/w/d),RINGANA,"Vienna, Vienna, Austria",On-site,Full-time,,,English,,,Recent,https://at.linkedin.com/jobs/view/qa-engineer-m-w-d-at-ringana-4353952752,2026-03-23T10:51:54.497982+00:00
0,QA Engineer | Austria,linkedin,Test Engineer (w/m/d),STARCON | HR Experts,"Salzburg, Austria",On-site,Full-time,,,English,,,Recent,https://at.linkedin.com/jobs/view/test-engineer-w-m-d-at-starcon-hr-experts-4385270017,2026-03-23T10:51:54.498137+00:00
0,QA Engineer | Switzerland,linkedin,QA GDP Engineer,GXP CONSULTING Switzerland,Basel Metropolitan Area,On-site,Full-time,,,English,,,Recent,https://ch.linkedin.com/jobs/view/qa-gdp-engineer-at-gxp-consulting-switzerland-4384471873,2026-03-23T10:51:56.884446+00:00
0,QA Engineer | Switzerland,linkedin,Quality Assurance Engineer 100%,"Bodenmiller Recruitment GmbH | Recruitment for critical hires in Life Sciences, IT, and Engineering","Schaffhausen, Switzerland",Remote,Full-time,,,English,,,Recent,https://ch.linkedin.com/jobs/view/quality-assurance-engineer-100%25-at-bodenmiller-recruitment-gmbh-recruitment-for-critical-hires-in-life-sciences-it-and-engineering-4383310226,2026-03-23T10:51:56.884791+00:00
0,QA Engineer | Switzerland,linkedin,QA Engineer,qiibee,Switzerland,On-site,Full-time,,,English,,,Recent,https://ch.linkedin.com/jobs/view/qa-engineer-at-qiibee-4381273286,2026-03-23T10:51:56.884943+00:00
0,QA Engineer | Switzerland,linkedin,Quality Assurance Engineer,Rayner,"St Gallen, Switzerland",On-site,Full-time,,,English,,,Recent,https://ch.linkedin.com/jobs/view/quality-assurance-engineer-at-rayner-4377842716,2026-03-23T10:51:56.885088+00:00
0,QA Engineer | Switzerland,linkedin,QA Engineer,WEDO,"Fribourg, Fribourg, Switzerland",On-site,Full-time,,,English,,,Recent,https://ch.linkedin.com/jobs/view/qa-engineer-at-wedo-4384804112,2026-03-23T10:51:56.885385+00:00
0,QA Engineer | Switzerland,linkedin,Testingenieur:in,Coopers Group AG,"Berne, Switzerland",On-site,Full-time,,,English,,,Recent,https://ch.linkedin.com/jobs/view/testingenieur-in-at-coopers-group-ag-4384473558,2026-03-23T10:51:56.885547+00:00
0,QA Engineer | Switzerland,linkedin,Quality Assurance Engineer*,HARTING Technology Group,"Biel, Berne, Switzerland",On-site,Full-time,,,English,,,Recent,https://ch.linkedin.com/jobs/view/quality-assurance-engineer-at-harting-technology-group-4372554786,2026-03-23T10:51:56.885727+00:00
0,QA Engineer | Remote,linkedin,"QA Engineer (freelance contract, full-time)",Lumiform,Germany,Remote,Contract,,,English,,,Recent,https://de.linkedin.com/jobs/view/qa-engineer-freelance-contract-full-time-at-lumiform-4375538991,2026-03-23T10:51:59.239659+00:00
0,QA Engineer | Remote,linkedin,QA Specialist / QA Engineer - Freelanceship - 100% remote,Accelerated,Germany,Remote,Contract,,,English,,,Recent,https://de.linkedin.com/jobs/view/qa-specialist-qa-engineer-freelanceship-100%25-remote-at-accelerated-4375554271,2026-03-23T10:51:59.239818+00:00
0,QA Engineer | Remote,linkedin,QA Testing Engineer/in (Remote - 20h) Werkstudent/in,HeroSoftware GmbH - Shopify Apps,Germany,Remote,Internship,,Working Student,English,,,Recent,https://de.linkedin.com/jobs/view/qa-testing-engineer-in-remote-20h-werkstudent-in-at-herosoftware-gmbh-shopify-apps-4382505253,2026-03-23T10:51:59.240282+00:00
0,QA Engineer | Remote,linkedin,QA Engineer for Mobile (Remote),Veeva Systems,Germany,Remote,Full-time,,,English,,,Recent,https://de.linkedin.com/jobs/view/qa-engineer-for-mobile-remote-at-veeva-systems-4377294770,2026-03-23T10:51:59.240898+00:00
0,QA Engineer | Slovakia,linkedin,Quality Assurance Automation Engineer,Billdu,Bratislava Metropolitan Area,On-site,Full-time,,,English,,,Recent,https://sk.linkedin.com/jobs/view/quality-assurance-automation-engineer-at-billdu-4385255789,2026-03-23T10:52:01.606494+00:00
0,QA Engineer | Slovakia,linkedin,QA Engineer - Manual,OAK'S LAB,Slovakia,On-site,Full-time,,,English,,,Recent,https://sk.linkedin.com/jobs/view/qa-engineer-manual-at-oak-s-lab-4388578535,2026-03-23T10:52:01.606862+00:00
0,QA Engineer | Slovakia,linkedin,QA Engineer (Hybrid set up),Swiss Re,"Bratislava, Bratislava, Slovakia",Hybrid,Full-time,,,English,,,Recent,https://sk.linkedin.com/jobs/view/qa-engineer-hybrid-set-up-at-swiss-re-4384997742,2026-03-23T10:52:01.607020+00:00
0,QA Engineer | Slovakia,linkedin,QA Engineer,Swiss Re,"Bratislava, Bratislava, Slovakia",On-site,Full-time,,,English,,,Recent,https://sk.linkedin.com/jobs/view/qa-engineer-at-swiss-re-4366871953,2026-03-23T10:52:01.607344+00:00
0,QA Engineer | Slovakia,linkedin,Manual QA Engineer (Middle) ID51808,AgileEngine,"Bratislava, Bratislava, Slovakia",On-site,Full-time,,,English,,,Recent,https://sk.linkedin.com/jobs/view/manual-qa-engineer-middle-id51808-at-agileengine-4377642193,2026-03-23T10:52:01.607499+00:00
0,QA Engineer | Czech Republic,linkedin,Ingeniero de Pruebas QA Manual,Infosyp,"Santo Domingo de Guzmán, Distrito Nacional, Dominican Republic",On-site,Full-time,,,English,,,Recent,https://do.linkedin.com/jobs/view/ingeniero-de-pruebas-qa-manual-at-infosyp-4380483272,2026-03-23T10:52:04.022756+00:00
0,QA Engineer | Czech Republic,linkedin,Quality Assurance Engineer - Trabajo Remoto,BairesDev,"Santo Domingo, Distrito Nacional, Dominican Republic",On-site,Full-time,,,English,,,Recent,https://do.linkedin.com/jobs/view/quality-assurance-engineer-trabajo-remoto-at-bairesdev-4385286652,2026-03-23T10:52:04.022949+00:00
0,QA Engineer | Czech Republic,linkedin,Ingeniero QA,GBM,Dominican Republic,On-site,Full-time,,,English,,,Recent,https://do.linkedin.com/jobs/view/ingeniero-qa-at-gbm-4375742926,2026-03-23T10:52:04.023111+00:00
0,QA Engineer | Czech Republic,linkedin,Ingeniero de QA (República Dominicana),GBM,Dominican Republic,On-site,Full-time,,,English,,,Recent,https://do.linkedin.com/jobs/view/ingeniero-de-qa-rep%C3%BAblica-dominicana-at-gbm-4387773579,2026-03-23T10:52:04.023269+00:00
0,QA Engineer | Czech Republic,linkedin,Future QA Engineer Opportunities (Gaming Industry),Perform,Dominican Republic,On-site,Full-time,,,English,,,Recent,https://do.linkedin.com/jobs/view/future-qa-engineer-opportunities-gaming-industry-at-perform-4344181481,2026-03-23T10:52:04.023604+00:00
0,QA Engineer | Czech Republic,linkedin,芯片SLT测试工程师7853,UNISOC,"アト・マジョール州, Hato Mayor, Dominican Republic",On-site,Full-time,,,English,,,Recent,https://do.linkedin.com/jobs/view/%E8%8A%AF%E7%89%87slt%E6%B5%8B%E8%AF%95%E5%B7%A5%E7%A8%8B%E5%B8%887853-at-unisoc-4384176134,2026-03-23T10:52:04.023920+00:00
0,QA Engineer | Czech Republic,linkedin,Sr. SDET (Gaming Industry),Perform,Dominican Republic,On-site,Full-time,,,English,,,Recent,https://do.linkedin.com/jobs/view/sr-sdet-gaming-industry-at-perform-4362287427,2026-03-23T10:52:04.024289+00:00
0,QA Engineer | Poland,linkedin,QA Engineer (f/m/d),ITRex Group,Poland,On-site,Full-time,,,English,,,Recent,https://pl.linkedin.com/jobs/view/qa-engineer-f-m-d-at-itrex-group-4386900562,2026-03-23T10:52:06.397386+00:00
0,QA Engineer | Poland,linkedin,QA Engineer,ALGOTEQUE Innovation Hub,"Warsaw, Mazowieckie, Poland",On-site,Full-time,,,English,,,Recent,https://pl.linkedin.com/jobs/view/qa-engineer-at-algoteque-innovation-hub-4386707563,2026-03-23T10:52:06.397591+00:00
0,QA Engineer | Poland,linkedin,QA Engineer,VIATechnik,"Katowice, Śląskie, Poland",On-site,Full-time,,,English,,,Recent,https://pl.linkedin.com/jobs/view/qa-engineer-at-viatechnik-4387253762,2026-03-23T10:52:06.397765+00:00
0,QA Engineer | Poland,linkedin,Quality Assurance Automation Engineer,5V Video,Poland,On-site,Full-time,,,English,,,Recent,https://pl.linkedin.com/jobs/view/quality-assurance-automation-engineer-at-5v-video-4385253113,2026-03-23T10:52:06.397936+00:00
0,QA Engineer | Poland,linkedin,Junior QA Engineer/ QA Engineer,Amelco Limited,"Warsaw, Mazowieckie, Poland",On-site,Full-time,,Junior,English,,,Recent,https://pl.linkedin.com/jobs/view/junior-qa-engineer-qa-engineer-at-amelco-limited-4387705392,2026-03-23T10:52:06.398254+00:00
0,QA Engineer | Poland,linkedin,"QA Engineer (worldwide remote, work anywhere)",CloudLinux,"Warsaw, Mazowieckie, Poland",Remote,Full-time,,,English,,,Recent,https://pl.linkedin.com/jobs/view/qa-engineer-worldwide-remote-work-anywhere-at-cloudlinux-4375544173,2026-03-23T10:52:06.398603+00:00
0,QA Engineer | Poland,linkedin,QA Engineer/Analyst (Junior/Regular)/ Inetum,Inetum,"Warsaw, Mazowieckie, Poland",On-site,Full-time,,Junior,English,,,Recent,https://pl.linkedin.com/jobs/view/qa-engineer-analyst-junior-regular-inetum-at-inetum-4373817307,2026-03-23T10:52:06.398772+00:00
0,QA Engineer | Poland,linkedin,QA Analyst (Manual & Automation)/ I,Inetum,"Warsaw, Mazowieckie, Poland",On-site,Full-time,,,English,,,Recent,https://pl.linkedin.com/jobs/view/qa-analyst-manual-automation-i-at-inetum-4373813470,2026-03-23T10:52:06.398929+00:00
0,QA Engineer | USA,linkedin,QA Engineer,MrBeast,United States,On-site,Full-time,,,English,,,Recent,https://www.linkedin.com/jobs/view/qa-engineer-at-mrbeast-4367342975,2026-03-23T10:52:08.821254+00:00
0,QA Engineer | USA,linkedin,"Junior QA Engineer – Recent Grads, This One's for You!",Teak,United States,On-site,Full-time,,Junior,English,,,Recent,https://www.linkedin.com/jobs/view/junior-qa-engineer-%E2%80%93-recent-grads-this-one-s-for-you%21-at-teak-4379436451,2026-03-23T10:52:08.821469+00:00
0,QA Engineer | USA,linkedin,"Junior QA Engineer – Recent Grads, This One's for You",Teak,United States,On-site,Full-time,,Junior,English,,,Recent,https://www.linkedin.com/jobs/view/junior-qa-engineer-%E2%80%93-recent-grads-this-one-s-for-you-at-teak-4383435639,2026-03-23T10:52:08.821660+00:00
0,QA Engineer | USA,linkedin,Junior Manual QA Engineer,Topstep,United States,On-site,Full-time,,Junior,English,,,Recent,https://www.linkedin.com/jobs/view/junior-manual-qa-engineer-at-topstep-4386555245,2026-03-23T10:52:08.821824+00:00
0,QA Engineer | USA,linkedin,Quality Assurance Engineer,Tandem Talent Ltd,"Portland, OR",On-site,Full-time,,,English,,,Recent,https://www.linkedin.com/jobs/view/quality-assurance-engineer-at-tandem-talent-ltd-4384470202,2026-03-23T10:52:08.821983+00:00
0,QA Engineer | USA,linkedin,Quality Assurance Engineer,The Bexar Company,"Grand Prairie, TX",On-site,Full-time,,,English,,,Recent,https://www.linkedin.com/jobs/view/quality-assurance-engineer-at-the-bexar-company-4379085580,2026-03-23T10:52:08.822148+00:00
0,QA Engineer | USA,linkedin,Junior QA Engineer (Entry-Level),CloudBerry,United States,On-site,Full-time,,"Entry-Level, Junior",English,,,Recent,https://www.linkedin.com/jobs/view/junior-qa-engineer-entry-level-at-cloudberry-4379916350,2026-03-23T10:52:08.822305+00:00
0,QA Engineer | USA,linkedin,Quality Assurance Engineer,BrothersTech,United States,On-site,Full-time,,,English,,,Recent,https://www.linkedin.com/jobs/view/quality-assurance-engineer-at-brotherstech-4384446948,2026-03-23T10:52:08.822466+00:00
0,QA Engineer | USA,linkedin,Quality Assurance Engineer,The Bexar Company,"Grand Prairie, TX",On-site,Full-time,,,English,,,Recent,https://www.linkedin.com/jobs/view/quality-assurance-engineer-at-the-bexar-company-4389008230,2026-03-23T10:52:08.822634+00:00
0,QA Engineer | United Kingdom,linkedin,Quality Assurance (QA) Engineer,hackajob,"Manchester, England, United Kingdom",On-site,Full-time,,,English,,,Recent,https://uk.linkedin.com/jobs/view/quality-assurance-qa-engineer-at-hackajob-4381077057,2026-03-23T10:52:11.203515+00:00
0,QA Engineer | United Kingdom,linkedin,QA Engineer,hackajob,United Kingdom,On-site,Full-time,,,English,,,Recent,https://uk.linkedin.com/jobs/view/qa-engineer-at-hackajob-4384978118,2026-03-23T10:52:11.203904+00:00
0,QA Engineer | United Kingdom,linkedin,QA Engineer — £40k–£45k — Join a High-Growth Fintech Supporting Superyachts & Artists Worldwide,Venchr,United Kingdom,On-site,Full-time,,,English,,,Recent,https://uk.linkedin.com/jobs/view/qa-engineer-%E2%80%94-%C2%A340k%E2%80%93%C2%A345k-%E2%80%94-join-a-high-growth-fintech-supporting-superyachts-artists-worldwide-at-venchr-4385279555,2026-03-23T10:52:11.204255+00:00
0,QA Engineer | United Kingdom,linkedin,QA Test Engineer,Partnerize,"Newcastle Upon Tyne, England, United Kingdom",On-site,Full-time,,,English,,,Recent,https://uk.linkedin.com/jobs/view/qa-test-engineer-at-partnerize-4386764771,2026-03-23T10:52:11.204614+00:00
0,QA Engineer | United Kingdom,linkedin,Junior QA Engineer,Xantura Limited,"Greater London, England, United Kingdom",On-site,Full-time,,Junior,English,,,Recent,https://uk.linkedin.com/jobs/view/junior-qa-engineer-at-xantura-limited-4384471417,2026-03-23T10:52:11.205213+00:00
0,QA Engineer | United Kingdom,linkedin,Quality Assurance Automation Engineer,Provn,"Glasgow, Scotland, United Kingdom",On-site,Full-time,,,English,,,Recent,https://uk.linkedin.com/jobs/view/quality-assurance-automation-engineer-at-provn-4386755942,2026-03-23T10:52:11.205388+00:00
0,QA Engineer | United Kingdom,linkedin,QA Engineer,DOHE,United Kingdom,On-site,Full-time,,,English,,,Recent,https://uk.linkedin.com/jobs/view/qa-engineer-at-dohe-4378768794,2026-03-23T10:52:11.205546+00:00
0,QA Engineer | United Kingdom,linkedin,Quality Assurance Engineer,Reply,"London Area, United Kingdom",On-site,Full-time,,,English,,,Recent,https://uk.linkedin.com/jobs/view/quality-assurance-engineer-at-reply-4384029416,2026-03-23T10:52:11.205743+00:00
0,Test Engineer | Germany,linkedin,Quality Assurance Engineer,PSD Group,"Dortmund, North Rhine-Westphalia, Germany",On-site,Full-time,,,English,,,Recent,https://de.linkedin.com/jobs/view/quality-assurance-engineer-at-psd-group-4338425753,2026-03-23T10:52:13.659403+00:00
0,Test Engineer | Germany,linkedin,QA Engineer,Almedia,"Berlin, Germany",On-site,Full-time,,,English,,,Recent,https://de.linkedin.com/jobs/view/qa-engineer-at-almedia-4339366784,2026-03-23T10:52:13.659774+00:00
0,Test Engineer | Germany,linkedin,Drive Test Engineer,L&T Technology Services,"Munich, Bavaria, Germany",On-site,Full-time,,,English,,,Recent,https://de.linkedin.com/jobs/view/drive-test-engineer-at-l-t-technology-services-4385685378,2026-03-23T10:52:13.659930+00:00
0,Test Engineer | Remote,linkedin,LLM Engineer,Helika,"Berlin, Germany",Remote,Full-time,Llm,,English,,,Recent,https://de.linkedin.com/jobs/view/llm-engineer-at-helika-4386380559,2026-03-23T10:52:20.836942+00:00
0,Test Engineer | Remote,linkedin,Applied Scientist,Albatross AI,Germany,Remote,Full-time,,,English,,,Recent,https://de.linkedin.com/jobs/view/applied-scientist-at-albatross-ai-4386747220,2026-03-23T10:52:20.837587+00:00
0,Test Engineer | Remote,linkedin,Softwaretester:in (m/w/d) für Finanzmanagementsoftware im Public Sector,MACH,Germany,Remote,Full-time,,R,English,,,Recent,https://de.linkedin.com/jobs/view/softwaretester-in-m-w-d-f%C3%BCr-finanzmanagementsoftware-im-public-sector-at-mach-4386312699,2026-03-23T10:52:20.837900+00:00
0,Test Engineer | Remote,linkedin,Software Engineer I - Entry-Level,Mercor,"Berlin, Berlin, Germany",Remote,Full-time,,Entry-Level,English,,,Recent,https://de.linkedin.com/jobs/view/software-engineer-i-entry-level-at-mercor-4385798349,2026-03-23T10:52:20.838211+00:00
0,Test Engineer | Slovakia,linkedin,Experienced Software Test Engineer (Cypress),localhost.company,"Košice, Kosice, Slovakia",On-site,Full-time,,Cypress,English,,,Recent,https://sk.linkedin.com/jobs/view/experienced-software-test-engineer-cypress-at-localhost-company-4386674039,2026-03-23T10:52:23.219846+00:00
0,Test Engineer | Czech Republic,linkedin,Ingeniero de Datos (Junior) - Trabajo Remoto,BairesDev,"Santo Domingo, Dominican Republic",On-site,Full-time,,Junior,English,,,Recent,https://do.linkedin.com/jobs/view/ingeniero-de-datos-junior-trabajo-remoto-at-bairesdev-4385605372,2026-03-23T10:52:25.598811+00:00
0,Test Engineer | Czech Republic,linkedin,Test Phenom,Ministry of the Interior of the Czech Republic,Dominican Republic,On-site,Full-time,,,English,,,Recent,https://do.linkedin.com/jobs/view/test-phenom-at-ministry-of-the-interior-of-the-czech-republic-4383782700,2026-03-23T10:52:25.598981+00:00
0,Test Engineer | Czech Republic,linkedin,Software Engineer,Tata Communications,"Santo Domingo, Distrito Nacional, Dominican Republic",On-site,Full-time,,,English,,,Recent,https://do.linkedin.com/jobs/view/software-engineer-at-tata-communications-4383373744,2026-03-23T10:52:25.599141+00:00
0,Test Engineer | Poland,linkedin,Manual Tester,BlueSoft,"Warsaw, Mazowieckie, Poland",On-site,Full-time,,,English,,,Recent,https://pl.linkedin.com/jobs/view/manual-tester-at-bluesoft-4386753216,2026-03-23T10:52:28.006217+00:00
0,Test Engineer | Poland,linkedin,Manual QA Engineer for Mobile App (Tinder),Zoolatech,"Mazowieckie, Poland",Remote,Full-time,,,English,,,Recent,https://pl.linkedin.com/jobs/view/manual-qa-engineer-for-mobile-app-tinder-at-zoolatech-4384059349,2026-03-23T10:52:28.006371+00:00
0,Test Engineer | Poland,linkedin,Manual Tester,KUBO,"Wrocław, Dolnośląskie, Poland",On-site,Full-time,,,English,,,Recent,https://pl.linkedin.com/jobs/view/manual-tester-at-kubo-4386729804,2026-03-23T10:52:28.007020+00:00
0,Test Engineer | USA,linkedin,Entry Level Software Engineer,Emonics LLC,"Philadelphia, PA",On-site,Full-time,,,English,,,Recent,https://www.linkedin.com/jobs/view/entry-level-software-engineer-at-emonics-llc-4385606091,2026-03-23T10:52:30.593301+00:00
0,Test Engineer | USA,linkedin,Entry Level Software Engineer,Emonics LLC,"Houston, TX",On-site,Full-time,,,English,,,Recent,https://www.linkedin.com/jobs/view/entry-level-software-engineer-at-emonics-llc-4385286866,2026-03-23T10:52:30.593630+00:00
0,Test Engineer | USA,linkedin,QA Engineer,Comfrt,United States,On-site,Full-time,,,English,,,Recent,https://www.linkedin.com/jobs/view/qa-engineer-at-comfrt-4388572052,2026-03-23T10:52:30.593933+00:00
0,Test Engineer | USA,linkedin,UI Developer - (Full-Time) Career Break Acceptable,Precision Technologies,United States,On-site,Full-time,,,English,,,Recent,https://www.linkedin.com/jobs/view/ui-developer-full-time-career-break-acceptable-at-precision-technologies-4385960557,2026-03-23T10:52:30.594234+00:00
0,Test Engineer | United Kingdom,linkedin,Software Quality Assurance Engineer,Nuclera,"Cambridge, England, United Kingdom",On-site,Full-time,,,English,,,Recent,https://uk.linkedin.com/jobs/view/software-quality-assurance-engineer-at-nuclera-4386746375,2026-03-23T10:52:33.035435+00:00
0,Test Engineer | United Kingdom,linkedin,Graduate Software Tester (M/F/D)*,TGW Northern Europe,"Market Harborough, England, United Kingdom",On-site,Full-time,,Graduate,English,,,Recent,https://uk.linkedin.com/jobs/view/graduate-software-tester-m-f-d-at-tgw-northern-europe-4384490696,2026-03-23T10:52:33.035603+00:00
0,Test Engineer | United Kingdom,linkedin,Quality Assurance Engineer,Coforge,"Telford, England, United Kingdom",On-site,Full-time,,,English,,,Recent,https://uk.linkedin.com/jobs/view/quality-assurance-engineer-at-coforge-4378832906,2026-03-23T10:52:33.035915+00:00
0,Test Engineer | United Kingdom,linkedin,Software Quality Assurance Engineer,Test Driven Solutions Ltd.,"Newcastle Upon Tyne, England, United Kingdom",On-site,Full-time,,,English,,,Recent,https://uk.linkedin.com/jobs/view/software-quality-assurance-engineer-at-test-driven-solutions-ltd-4386926912,2026-03-23T10:52:33.036063+00:00
0,Testingenieur | Germany,linkedin,"Testingenieur (m/w/d) Chassis, Body, Infotainment (ID: 22219)",Da Vinci Engineering GmbH,"Munich, Bavaria, Germany",On-site,Full-time,,,English,,,Recent,https://de.linkedin.com/jobs/view/testingenieur-m-w-d-chassis-body-infotainment-id-22219-at-da-vinci-engineering-gmbh-4387351276,2026-03-23T10:52:35.490725+00:00
0,Testingenieur | Germany,linkedin,CQV & CSV Engineering Opportunities – Germany,KPC International,"Frankfurt, Hesse, Germany",On-site,Internship,,,English,,,Recent,https://de.linkedin.com/jobs/view/cqv-csv-engineering-opportunities-%E2%80%93-germany-at-kpc-international-4225886744,2026-03-23T10:52:35.490916+00:00
0,Testingenieur | Germany,linkedin,Test Technician: Aerospace & Defense - Germany,Orbital Critical Systems (Grupo CAF),"Taufkirchen, Bavaria, Germany",On-site,Full-time,,,English,,,Recent,https://de.linkedin.com/jobs/view/test-technician-aerospace-defense-germany-at-orbital-critical-systems-grupo-caf-4377239245,2026-03-23T10:52:35.491087+00:00
0,Testingenieur | Germany,linkedin,TCMS Test Engineer,SEGULA Technologies,"Mannheim, Baden-Württemberg, Germany",On-site,Full-time,,,English,,,Recent,https://de.linkedin.com/jobs/view/tcms-test-engineer-at-segula-technologies-4378948527,2026-03-23T10:52:35.491249+00:00
0,Testingenieur | Germany,linkedin,Testingenieur*in Elektromechanik / Hardware Test Engineer,TWK,"Düsseldorf, North Rhine-Westphalia, Germany",On-site,Full-time,,,English,,,Recent,https://de.linkedin.com/jobs/view/testingenieur-in-elektromechanik-hardware-test-engineer-at-twk-4377721114,2026-03-23T10:52:35.491410+00:00
0,Testingenieur | Germany,linkedin,Junior Entwicklungs- und Testingenieur für aktive Mikrowellengeräte (m/w/d) (ID: 22110),Da Vinci Engineering GmbH,"Backnang, Baden-Württemberg, Germany",On-site,Full-time,,"R, Junior",German,,,Recent,https://de.linkedin.com/jobs/view/junior-entwicklungs-und-testingenieur-f%C3%BCr-aktive-mikrowellenger%C3%A4te-m-w-d-id-22110-at-da-vinci-engineering-gmbh-4368592256,2026-03-23T10:52:35.491587+00:00
0,Testingenieur | Germany,linkedin,Test Engineer (w/m/d),Worldline,"Aachen, North Rhine-Westphalia, Germany",On-site,Full-time,,,English,,,Recent,https://de.linkedin.com/jobs/view/test-engineer-w-m-d-at-worldline-4386737395,2026-03-23T10:52:35.491756+00:00
0,Testingenieur | Germany,linkedin,Testingenieur – Mechanical Engineering / Systemtests (all gender),ALTEN Germany,"Hamburg, Hamburg, Germany",On-site,Full-time,,,English,,,Recent,https://de.linkedin.com/jobs/view/testingenieur-%E2%80%93-mechanical-engineering-systemtests-all-gender-at-alten-germany-4373680351,2026-03-23T10:52:35.491907+00:00
0,Testingenieur | Germany,linkedin,Quality Assurance Engineer (m/w/d),Europa Group International,"Bavaria, Germany",On-site,Internship,,,English,,,Recent,https://de.linkedin.com/jobs/view/quality-assurance-engineer-m-w-d-at-europa-group-international-4381044687,2026-03-23T10:52:35.492062+00:00
0,Testingenieur | Germany,linkedin,Automotive Manufacturing Product Testing Engineer (m/f/d) – Jülich,Quanta Computer Inc. 廣達電腦,"Jülich, North Rhine-Westphalia, Germany",On-site,Full-time,,,English,,,Recent,https://de.linkedin.com/jobs/view/automotive-manufacturing-product-testing-engineer-m-f-d-%E2%80%93-j%C3%BClich-at-quanta-computer-inc-%E5%BB%A3%E9%81%94%E9%9B%BB%E8%85%A6-4385735537,2026-03-23T10:52:35.492213+00:00
0,Testingenieur | Austria,linkedin,Supplier Test Engineer (all genders),Lam Research,"Villach, Carinthia, Austria",On-site,Full-time,,,English,,,Recent,https://at.linkedin.com/jobs/view/supplier-test-engineer-all-genders-at-lam-research-4377926919,2026-03-23T10:52:37.858308+00:00
0,Testingenieur | Austria,linkedin,Work at PSI Austria,PSI Software – Process Industries & Metals,"Graz, Styria, Austria",On-site,Full-time,,,English,,,Recent,https://at.linkedin.com/jobs/view/work-at-psi-austria-at-psi-software-%E2%80%93-process-industries-metals-4381841539,2026-03-23T10:52:37.858684+00:00
0,Testingenieur | Austria,linkedin,Test Engineer Embedded Software,SBG Associates,"Vienna, Austria",On-site,Full-time,,,English,,,Recent,https://at.linkedin.com/jobs/view/test-engineer-embedded-software-at-sbg-associates-4386673278,2026-03-23T10:52:37.859000+00:00
0,Testingenieur | Austria,linkedin,SQA Ingenieur (m/w/d),SEGULA Technologies,"Graz, Styria, Austria",On-site,Full-time,,,English,,,Recent,https://at.linkedin.com/jobs/view/sqa-ingenieur-m-w-d-at-segula-technologies-4385504193,2026-03-23T10:52:37.859153+00:00
0,Testingenieur | Austria,linkedin,Softwareingenieur:in,Wallner Automation GmbH,"Eugendorf, Salzburg, Austria",On-site,Full-time,,,English,,,Recent,https://at.linkedin.com/jobs/view/softwareingenieur-in-at-wallner-automation-gmbh-4385742672,2026-03-23T10:52:37.859469+00:00
0,Testingenieur | Austria,linkedin,(Junior) Product Developer - Medical Technology (m/w/d),Lohmann & Rauscher Österreich,"Schönau an der Triesting, Lower Austria, Austria",On-site,Full-time,,Junior,German,,,Recent,https://at.linkedin.com/jobs/view/junior-product-developer-medical-technology-m-w-d-at-lohmann-rauscher-%C3%B6sterreich-4366717813,2026-03-23T10:52:37.859645+00:00
0,Testingenieur | Switzerland,linkedin,"Industrialization, Electronics Test Engineer",ANYbotics,"Zurich, Zurich, Switzerland",On-site,Full-time,,,English,,,Recent,https://ch.linkedin.com/jobs/view/industrialization-electronics-test-engineer-at-anybotics-4378614840,2026-03-23T10:52:40.232528+00:00
0,Testingenieur | Switzerland,linkedin,Responsable de Tests,PrimeIT Switzerland,"Geneva, Switzerland",On-site,Full-time,,,English,,,Recent,https://ch.linkedin.com/jobs/view/responsable-de-tests-at-primeit-switzerland-4371002302,2026-03-23T10:52:40.233180+00:00
0,Testingenieur | Switzerland,linkedin,AI Speech Tester (Italian native speaker - Switzerland regional variant),TSMG Holding,"Bellinzona, Ticino, Switzerland",On-site,Full-time,,,English,,,Recent,https://ch.linkedin.com/jobs/view/ai-speech-tester-italian-native-speaker-switzerland-regional-variant-at-tsmg-holding-4383377773,2026-03-23T10:52:40.233332+00:00
0,Testingenieur | Switzerland,linkedin,AI Speech Tester (Italian native speaker - Switzerland regional variant),TSMG Holding,"Lugano, Ticino, Switzerland",On-site,Full-time,,,English,,,Recent,https://ch.linkedin.com/jobs/view/ai-speech-tester-italian-native-speaker-switzerland-regional-variant-at-tsmg-holding-4383384373,2026-03-23T10:52:40.233489+00:00
0,Testingenieur | Switzerland,linkedin,Robotics Application Engineer,Founderful,"Zurich, Zurich, Switzerland",On-site,Full-time,,,English,,,Recent,https://ch.linkedin.com/jobs/view/robotics-application-engineer-at-founderful-4386715585,2026-03-23T10:52:40.233820+00:00
0,Testingenieur | Remote,linkedin,Design Engineer,vvd,Germany,Remote,Full-time,,,English,,,Recent,https://de.linkedin.com/jobs/view/design-engineer-at-vvd-4386302599,2026-03-23T10:52:42.672910+00:00
0,Testingenieur | Remote,linkedin,Mobile Device Management (iOS oder Android) (m/w/d),ZABEL,Hannover-Braunschweig-Göttingen-Wolfsburg Region,Remote,Full-time,,,English,,,Recent,https://de.linkedin.com/jobs/view/mobile-device-management-ios-oder-android-m-w-d-at-zabel-4386035954,2026-03-23T10:52:42.673734+00:00
0,Testingenieur | Remote,linkedin,System- und Testingenieur Funkkommunikationssysteme (all gender) 300,ALTEN Germany,"Stuttgart, Baden-Württemberg, Germany",Remote,Full-time,,,German,,,Recent,https://de.linkedin.com/jobs/view/system-und-testingenieur-funkkommunikationssysteme-all-gender-300-at-alten-germany-4361021637,2026-03-23T10:52:42.673896+00:00
0,Testingenieur | Slovakia,linkedin,Automatizačný softvérový inžinier,Hoval Energy Recovery,"Istebné, Zilina, Slovakia",On-site,Full-time,,,English,,,Recent,https://sk.linkedin.com/jobs/view/automatiza%C4%8Dn%C3%BD-softv%C3%A9rov%C3%BD-in%C5%BEinier-at-hoval-energy-recovery-4382510757,2026-03-23T10:52:45.046795+00:00
0,Testingenieur | Slovakia,linkedin,Automatizačný softvérový inžinier,Hoval Romania,"Istebné, Zilina, Slovakia",On-site,Full-time,,,English,,,Recent,https://sk.linkedin.com/jobs/view/automatiza%C4%8Dn%C3%BD-softv%C3%A9rov%C3%BD-in%C5%BEinier-at-hoval-romania-4382490406,2026-03-23T10:52:45.046994+00:00
0,Testingenieur | Slovakia,linkedin,AOSP DEVELOPER - AUTOMOTIVE DOMAIN - CZECHIA BASED PROJECT,Quest Global,Slovakia,On-site,Contract,,,English,,,Recent,https://sk.linkedin.com/jobs/view/aosp-developer-automotive-domain-czechia-based-project-at-quest-global-4362200771,2026-03-23T10:52:45.047330+00:00
0,Testingenieur | Slovakia,linkedin,Automatizačný softvérový inžinier,Hoval Hrvatska,"Istebné, Zilina, Slovakia",On-site,Full-time,,,English,,,Recent,https://sk.linkedin.com/jobs/view/automatiza%C4%8Dn%C3%BD-softv%C3%A9rov%C3%BD-in%C5%BEinier-at-hoval-hrvatska-4383849585,2026-03-23T10:52:45.047664+00:00
0,Testingenieur | Czech Republic,linkedin,硬件NPI工程师8052,UNISOC,"アト・マジョール州, Hato Mayor, Dominican Republic",On-site,Full-time,,,English,,,Recent,https://do.linkedin.com/jobs/view/%E7%A1%AC%E4%BB%B6npi%E5%B7%A5%E7%A8%8B%E5%B8%888052-at-unisoc-4384162904,2026-03-23T10:52:47.441496+00:00
0,Testingenieur | Czech Republic,linkedin,硬件NPI工程师(008102),UNISOC,"アト・マジョール州, Hato Mayor, Dominican Republic",On-site,Full-time,,,English,,,Recent,https://do.linkedin.com/jobs/view/%E7%A1%AC%E4%BB%B6npi%E5%B7%A5%E7%A8%8B%E5%B8%88-008102-at-unisoc-4387808983,2026-03-23T10:52:47.441675+00:00
0,Testingenieur | Czech Republic,linkedin,高低速接口工程师8049,UNISOC,"アト・マジョール州, Hato Mayor, Dominican Republic",On-site,Full-time,"I2C, Spi, Uart",Linux,English,,,Recent,https://do.linkedin.com/jobs/view/%E9%AB%98%E4%BD%8E%E9%80%9F%E6%8E%A5%E5%8F%A3%E5%B7%A5%E7%A8%8B%E5%B8%888049-at-unisoc-4384164940,2026-03-23T10:52:47.441833+00:00
0,Testingenieur | Czech Republic,linkedin,硬件测试工程师8051,UNISOC,"アト・マジョール州, Hato Mayor, Dominican Republic",On-site,Full-time,,,English,,,Recent,https://do.linkedin.com/jobs/view/%E7%A1%AC%E4%BB%B6%E6%B5%8B%E8%AF%95%E5%B7%A5%E7%A8%8B%E5%B8%888051-at-unisoc-4384170400,2026-03-23T10:52:47.441986+00:00
0,Testingenieur | Poland,linkedin,Staż – QA Tester / Technik IT Lab,Hitachi Energy,Cracow Metropolitan Area,On-site,Internship,"Firmware, Python, Selenium",Linux,English,,,Recent,https://pl.linkedin.com/jobs/view/sta%C5%BC-%E2%80%93-qa-tester-technik-it-lab-at-hitachi-energy-4252366661,2026-03-23T10:52:49.851681+00:00
0,Testingenieur | Poland,linkedin,Test Engineer,Wipro,"Warsaw, Mazowieckie, Poland",On-site,Full-time,,,English,,,Recent,https://pl.linkedin.com/jobs/view/test-engineer-at-wipro-4385248237,2026-03-23T10:52:49.851841+00:00
0,Testingenieur | Poland,linkedin,Junior Application Engineer,WNS,Kielce Metropolitan Area,On-site,Full-time,,"Jira, Confluence, Sql, Junior",English,,,Recent,https://pl.linkedin.com/jobs/view/junior-application-engineer-at-wns-4386776226,2026-03-23T10:52:49.852146+00:00
0,Testingenieur | Poland,linkedin,Test Engineer,Wipro,"Gdańsk, Pomorskie, Poland",On-site,Full-time,,,English,,,Recent,https://pl.linkedin.com/jobs/view/test-engineer-at-wipro-4385233958,2026-03-23T10:52:49.852303+00:00
0,Testingenieur | Poland,linkedin,Tester Manulny Ferryt (M/K),Astek,Poland,On-site,Full-time,,"R, Confluence, Jira",English,,,Recent,https://pl.linkedin.com/jobs/view/tester-manulny-ferryt-m-k-at-astek-4384487803,2026-03-23T10:52:49.852458+00:00
0,Testingenieur | USA,linkedin,General Engineer (EMP Test Engineer),Air Force Civilian Service,"Albuquerque, NM",On-site,Full-time,,,English,,,Recent,https://www.linkedin.com/jobs/view/general-engineer-emp-test-engineer-at-air-force-civilian-service-4385293847,2026-03-23T10:52:52.376440+00:00
0,Testingenieur | USA,linkedin,Application Engineer,InterImage,"Fort Meade, MD",On-site,Full-time,,,English,,,Recent,https://www.linkedin.com/jobs/view/application-engineer-at-interimage-4386396116,2026-03-23T10:52:52.376623+00:00
0,Testingenieur | USA,linkedin,Mechanical Test Engineer,Applus+ Laboratories,"Houston, TX",On-site,Full-time,,,English,,,Recent,https://www.linkedin.com/jobs/view/mechanical-test-engineer-at-applus%2B-laboratories-4125985556,2026-03-23T10:52:52.376784+00:00
0,Testingenieur | USA,linkedin,Remote QA/Test Engineer (NO C2C),Solving IT,United States,Remote,Full-time,,,English,,,Recent,https://www.linkedin.com/jobs/view/remote-qa-test-engineer-no-c2c-at-solving-it-4385606780,2026-03-23T10:52:52.376953+00:00
0,Testingenieur | USA,linkedin,Mechanical Engineer - Testing and Assembly,"TechSource, Inc","Los Alamos, NM",On-site,Full-time,,Assembly,English,,,Recent,https://www.linkedin.com/jobs/view/mechanical-engineer-testing-and-assembly-at-techsource-inc-4383338319,2026-03-23T10:52:52.377119+00:00
0,Testingenieur | USA,linkedin,Mechanical Test Engineer (Entry-Level),IRPI,"Wilsonville, OR",On-site,Full-time,,Entry-Level,English,,,Recent,https://www.linkedin.com/jobs/view/mechanical-test-engineer-entry-level-at-irpi-4383848129,2026-03-23T10:52:52.377276+00:00
0,Testingenieur | USA,linkedin,Quality Assurance Engineer -Manufacturing,"KEB America, Inc.","Shakopee, MN",On-site,Full-time,,,English,,,Recent,https://www.linkedin.com/jobs/view/quality-assurance-engineer-manufacturing-at-keb-america-inc-4386506027,2026-03-23T10:52:52.377433+00:00
0,Testingenieur | USA,linkedin,Test Engineer I – Early Career (2026 Starts),Blue Origin,"Lancaster, CA",On-site,Full-time,,,English,,,Recent,https://www.linkedin.com/jobs/view/test-engineer-i-%E2%80%93-early-career-2026-starts-at-blue-origin-4353142610,2026-03-23T10:52:52.377602+00:00
0,Testingenieur | United Kingdom,linkedin,Mechanical Test Engineer,BSI,"Hemel Hempstead, England, United Kingdom",On-site,Full-time,,,English,,,Recent,https://uk.linkedin.com/jobs/view/mechanical-test-engineer-at-bsi-3841320068,2026-03-23T10:52:54.819724+00:00
0,Testingenieur | United Kingdom,linkedin,Test Engineer,BSI,"Hemel Hempstead, England, United Kingdom",On-site,Full-time,,,English,,,Recent,https://uk.linkedin.com/jobs/view/test-engineer-at-bsi-4367290557,2026-03-23T10:52:54.819909+00:00
0,Testingenieur | United Kingdom,linkedin,Test Engineer - PPE,BSI,"Hemel Hempstead, England, United Kingdom",On-site,Full-time,,,English,,,Recent,https://uk.linkedin.com/jobs/view/test-engineer-ppe-at-bsi-4372575424,2026-03-23T10:52:54.820068+00:00
0,Testingenieur | United Kingdom,linkedin,Test & Means Engineer,SEGULA Technologies,"Aylesbury, England, United Kingdom",On-site,Full-time,,,English,,,Recent,https://uk.linkedin.com/jobs/view/test-means-engineer-at-segula-technologies-4388521223,2026-03-23T10:52:54.820223+00:00
0,Testingenieur | United Kingdom,linkedin,Test Engineer - Personal Safety Team (PPE) - Future Talent Pipeline,BSI,"Hemel Hempstead, England, United Kingdom",On-site,Full-time,,,English,,,Recent,https://uk.linkedin.com/jobs/view/test-engineer-personal-safety-team-ppe-future-talent-pipeline-at-bsi-4383956793,2026-03-23T10:52:54.820528+00:00
0,Testingenieur | United Kingdom,linkedin,Mobile Automation Test Engineer,Solirius Reply,"Coventry, England, United Kingdom",Remote,Full-time,,,English,,,Recent,https://uk.linkedin.com/jobs/view/mobile-automation-test-engineer-at-solirius-reply-4376807247,2026-03-23T10:52:54.820862+00:00
0,Testingenieur | United Kingdom,linkedin,Test Engineer,Smart4 Chemicals,"Wrexham, Wales, United Kingdom",On-site,Full-time,,,English,,,Recent,https://uk.linkedin.com/jobs/view/test-engineer-at-smart4-chemicals-4386886272,2026-03-23T10:52:54.821015+00:00
0,Testingenieur | United Kingdom,linkedin,Test and Qualification Engineer,Tiger Resourcing Group,"Brighton, England, United Kingdom",On-site,Full-time,,,English,,,Recent,https://uk.linkedin.com/jobs/view/test-and-qualification-engineer-at-tiger-resourcing-group-4379895041,2026-03-23T10:52:54.821168+00:00
0,Test Automation | Austria,linkedin,Testing Manager (all genders),Viewpointsystem,"Vienna, Vienna, Austria",On-site,Full-time,,,English,,,Recent,https://at.linkedin.com/jobs/view/testing-manager-all-genders-at-viewpointsystem-4380292301,2026-03-23T10:52:59.694958+00:00
0,Test Automation | Switzerland,linkedin,Testing,Ampegon,"Baden, Aargau, Switzerland",On-site,Full-time,,,English,,,Recent,https://ch.linkedin.com/jobs/view/testing-at-ampegon-4350701131,2026-03-23T10:53:02.093520+00:00
0,Test Automation | Switzerland,linkedin,Product Quality Engineering - QC,Manpower Switzerland,Basel Metropolitan Area,On-site,Full-time,,,English,,,Recent,https://ch.linkedin.com/jobs/view/product-quality-engineering-qc-at-manpower-switzerland-4383126782,2026-03-23T10:53:02.094336+00:00
0,Test Automation | Remote,linkedin,Test Automation Engineer (m/w/d),SPIRIT-ONSIDE Consulting GmbH,Germany,Remote,Full-time,Test Automation,,English,,,Recent,https://de.linkedin.com/jobs/view/test-automation-engineer-m-w-d-at-spirit-onside-consulting-gmbh-4374812688,2026-03-23T10:53:04.470938+00:00
0,Test Automation | Slovakia,linkedin,Digital Product & Technology Officer,Mind Friend,"Bratislava, Bratislava, Slovakia",On-site,Full-time,,,English,,,Recent,https://sk.linkedin.com/jobs/view/digital-product-technology-officer-at-mind-friend-4388275637,2026-03-23T10:53:06.824751+00:00
0,Test Automation | Slovakia,linkedin,Junior Test Automation Engineer,IBM,"Bratislava, Bratislava, Slovakia",On-site,Full-time,Test Automation,Junior,English,,,Recent,https://sk.linkedin.com/jobs/view/junior-test-automation-engineer-at-ibm-4388336260,2026-03-23T10:53:06.824906+00:00
0,Test Automation | Czech Republic,linkedin,QA Analista Funcional Republica Dominicana,Agilesoft,Dominican Republic,On-site,Full-time,,,English,,,Recent,https://do.linkedin.com/jobs/view/qa-analista-funcional-republica-dominicana-at-agilesoft-4384274923,2026-03-23T10:53:09.214886+00:00
0,Test Automation | Czech Republic,linkedin,Aprendiz de QA,Babel,"Santo Domingo, Distrito Nacional, Dominican Republic",On-site,Full-time,,,English,,,Recent,https://do.linkedin.com/jobs/view/aprendiz-de-qa-at-babel-4370737100,2026-03-23T10:53:09.215350+00:00
0,Test Automation | Czech Republic,linkedin,Full Stack Developer,TP,"Santo Domingo, Distrito Nacional, Dominican Republic",On-site,Full-time,,,English,,,Recent,https://do.linkedin.com/jobs/view/full-stack-developer-at-tp-4386379125,2026-03-23T10:53:09.215502+00:00
0,Test Automation | Czech Republic,linkedin,Líder de Proyectos Desarrollo de Sistemas,Banco Popular Dominicano,"Santo Domingo, Distrito Nacional, Dominican Republic",On-site,Full-time,,,English,,,Recent,https://do.linkedin.com/jobs/view/l%C3%ADder-de-proyectos-desarrollo-de-sistemas-at-banco-popular-dominicano-4378193117,2026-03-23T10:53:09.215977+00:00
0,Test Automation | Poland,linkedin,Test Automation Engineer,ALGOTEQUE Innovation Hub,"Cracow, Małopolskie, Poland",On-site,Full-time,Test Automation,,English,,,Recent,https://pl.linkedin.com/jobs/view/test-automation-engineer-at-algoteque-innovation-hub-4386367901,2026-03-23T10:53:11.625672+00:00
0,Test Automation | Poland,linkedin,Manager - Quality Assurance,Xperi Inc.,"Warsaw, Mazowieckie, Poland",On-site,Full-time,,,English,,,Recent,https://pl.linkedin.com/jobs/view/manager-quality-assurance-at-xperi-inc-4377391461,2026-03-23T10:53:11.626490+00:00
0,Test Automation | Poland,linkedin,Sr Engineer - Software QA,Xperi Inc.,"Warsaw, Mazowieckie, Poland",On-site,Full-time,,,English,,,Recent,https://pl.linkedin.com/jobs/view/sr-engineer-software-qa-at-xperi-inc-4380687880,2026-03-23T10:53:11.626982+00:00
0,Test Automation | USA,linkedin,QA Automation Tester,nLeague,"Hartford, CT",On-site,Full-time,,,English,,,Recent,https://www.linkedin.com/jobs/view/qa-automation-tester-at-nleague-4385113850,2026-03-23T10:53:14.189899+00:00
0,Test Automation | USA,linkedin,Junior Quality Assurance (QA) Analyst,Mployer,"Nashville, TN",On-site,Full-time,,Junior,English,,,Recent,https://www.linkedin.com/jobs/view/junior-quality-assurance-qa-analyst-at-mployer-4385274824,2026-03-23T10:53:14.190580+00:00
0,Test Automation | USA,linkedin,Manual/Automation QA,Kforce Inc,"Charlotte, NC",On-site,Full-time,,,English,,,Recent,https://www.linkedin.com/jobs/view/manual-automation-qa-at-kforce-inc-4388380953,2026-03-23T10:53:14.191041+00:00
0,Test Automation | USA,linkedin,Manual and Automation Tester,"PlanIT Group, LLC","Washington, DC",On-site,Full-time,,,English,,,Recent,https://www.linkedin.com/jobs/view/manual-and-automation-tester-at-planit-group-llc-4381425440,2026-03-23T10:53:14.191192+00:00
0,Test Automation | USA,linkedin,Robotics Software QA Engineer,Ambi Robotics,"Berkeley, CA",On-site,Full-time,,,English,,,Recent,https://www.linkedin.com/jobs/view/robotics-software-qa-engineer-at-ambi-robotics-4387234829,2026-03-23T10:53:14.191339+00:00
0,Test Automation | United Kingdom,linkedin,Test Automation Engineer,Deloitte,"Glasgow, Scotland, United Kingdom",On-site,Full-time,Test Automation,,English,,,Recent,https://uk.linkedin.com/jobs/view/test-automation-engineer-at-deloitte-4383541540,2026-03-23T10:53:16.643354+00:00
0,Test Automation | United Kingdom,linkedin,QA Engineer (Automation),esure Group,"Southport, England, United Kingdom",On-site,Full-time,,,English,,,Recent,https://uk.linkedin.com/jobs/view/qa-engineer-automation-at-esure-group-4380272158,2026-03-23T10:53:16.644348+00:00
0,Test Automation | United Kingdom,linkedin,Automation Test Analyst,TopCashback UK,"Horwich, England, United Kingdom",On-site,Full-time,,,English,,,Recent,https://uk.linkedin.com/jobs/view/automation-test-analyst-at-topcashback-uk-4388339506,2026-03-23T10:53:16.644820+00:00
0,Python Developer | Germany,linkedin,Web Developer,JOBSTODAY.WORLD,Germany,On-site,Full-time,,,English,,,Recent,https://de.linkedin.com/jobs/view/web-developer-at-jobstoday-world-4384449048,2026-03-23T10:53:19.127800+00:00
0,Python Developer | Germany,linkedin,Python Developer | Remote,Crossing Hurdles,Germany,Remote,Full-time,Python,,English,,,Recent,https://de.linkedin.com/jobs/view/python-developer-remote-at-crossing-hurdles-4370016911,2026-03-23T10:53:19.127983+00:00
0,Python Developer | Germany,linkedin,Python Developer,PURVIEW,"Bavaria, Germany",On-site,Full-time,Python,,English,,,Recent,https://de.linkedin.com/jobs/view/python-developer-at-purview-4386883148,2026-03-23T10:53:19.128146+00:00
0,Python Developer | Germany,linkedin,Python Developer | Remote,Crossing Hurdles,Germany,Remote,Full-time,Python,,English,,,Recent,https://de.linkedin.com/jobs/view/python-developer-remote-at-crossing-hurdles-4382848413,2026-03-23T10:53:19.128303+00:00
0,Python Developer | Germany,linkedin,Python Engineer,Contiamo,"Berlin, Berlin, Germany",On-site,Full-time,Python,,English,,,Recent,https://de.linkedin.com/jobs/view/python-engineer-at-contiamo-4379119880,2026-03-23T10:53:19.128456+00:00
0,Python Developer | Germany,linkedin,Software Engineer,Haystack,Greater Hamburg Area,On-site,Full-time,,,English,,,Recent,https://de.linkedin.com/jobs/view/software-engineer-at-haystack-4385697105,2026-03-23T10:53:19.128631+00:00
0,Python Developer | Germany,linkedin,Python Developer,HCLTech,"Cologne, North Rhine-Westphalia, Germany",On-site,Full-time,Python,,English,,,Recent,https://de.linkedin.com/jobs/view/python-developer-at-hcltech-4382284368,2026-03-23T10:53:19.128792+00:00
0,Python Developer | Germany,linkedin,Python Developer,La Fosse,Germany,On-site,Full-time,Python,,English,,,Recent,https://de.linkedin.com/jobs/view/python-developer-at-la-fosse-4376485802,2026-03-23T10:53:19.128948+00:00
0,Python Developer | Germany,linkedin,Backend Engineer (FastAPI),Almedia,"Berlin, Germany",On-site,Full-time,,Fastapi,English,,,Recent,https://de.linkedin.com/jobs/view/backend-engineer-fastapi-at-almedia-4381487971,2026-03-23T10:53:19.129097+00:00
0,Python Developer | Germany,linkedin,Data Engineer (m/w/d) - Python,Amoria Bond,"Berlin, Berlin, Germany",On-site,Full-time,Python,,English,,,Recent,https://de.linkedin.com/jobs/view/data-engineer-m-w-d-python-at-amoria-bond-4382792985,2026-03-23T10:53:19.129247+00:00
0,Python Developer | Austria,linkedin,Python Developer | Remote,Crossing Hurdles,Austria,Remote,Full-time,Python,,English,,,Recent,https://at.linkedin.com/jobs/view/python-developer-remote-at-crossing-hurdles-4382857147,2026-03-23T10:53:21.543118+00:00
0,Python Developer | Austria,linkedin,Python Developer (m/f/d),netcup,"Klagenfurt, Carinthia, Austria",On-site,Full-time,Python,,English,,,Recent,https://at.linkedin.com/jobs/view/python-developer-m-f-d-at-netcup-4377576625,2026-03-23T10:53:21.543302+00:00
0,Python Developer | Austria,linkedin,Freelance Data Science Engineer (Python & SQL),Mindrift,Austria,On-site,Contract,Python,"Data Science, Sql",English,,,Recent,https://at.linkedin.com/jobs/view/freelance-data-science-engineer-python-sql-at-mindrift-4387273738,2026-03-23T10:53:21.543461+00:00
0,Python Developer | Austria,linkedin,Freelance AI Evaluation Engineer (Python/Full-Stack),Mindrift,Austria,On-site,Contract,Python,,English,,,Recent,https://at.linkedin.com/jobs/view/freelance-ai-evaluation-engineer-python-full-stack-at-mindrift-4389000083,2026-03-23T10:53:21.543792+00:00
0,Python Developer | Austria,linkedin,Python Developer (m/w/d),NTS Netzwerk Telekom Service AG,"Vienna, Vienna, Austria",On-site,Full-time,Python,,English,,,Recent,https://at.linkedin.com/jobs/view/python-developer-m-w-d-at-nts-netzwerk-telekom-service-ag-4376207290,2026-03-23T10:53:21.544099+00:00
0,Python Developer | Austria,linkedin,Python Developer (m/w/d),NTS Netzwerk Telekom Service AG,"Graz, Styria, Austria",On-site,Full-time,Python,,English,,,Recent,https://at.linkedin.com/jobs/view/python-developer-m-w-d-at-nts-netzwerk-telekom-service-ag-4375997803,2026-03-23T10:53:21.544251+00:00
0,Python Developer | Austria,linkedin,Python Developer – Focus on Data Analysis (m/f/d),netcup,"Klagenfurt, Carinthia, Austria",On-site,Full-time,Python,,English,,,Recent,https://at.linkedin.com/jobs/view/python-developer-%E2%80%93-focus-on-data-analysis-m-f-d-at-netcup-4387689048,2026-03-23T10:53:21.544405+00:00
0,Python Developer | Austria,linkedin,Electrical Engineer (Python) - Freelance AI Trainer,Mindrift,Austria,On-site,Contract,Python,,English,,,Recent,https://at.linkedin.com/jobs/view/electrical-engineer-python-freelance-ai-trainer-at-mindrift-4389059622,2026-03-23T10:53:21.544585+00:00
0,Python Developer | Switzerland,linkedin,Full Stack Software Engineer (Frontend-Leaning),Uthereal,"Zurich, Switzerland",On-site,Full-time,,,English,,,Recent,https://ch.linkedin.com/jobs/view/full-stack-software-engineer-frontend-leaning-at-uthereal-4386939369,2026-03-23T10:53:23.932357+00:00
0,Python Developer | Switzerland,linkedin,Backend Python Developer,Coopers Group AG,"Basel, Switzerland",On-site,Full-time,Python,,English,,,Recent,https://ch.linkedin.com/jobs/view/backend-python-developer-at-coopers-group-ag-4374563631,2026-03-23T10:53:23.932564+00:00
0,Python Developer | Switzerland,linkedin,Développeur Java Back-End (h/f),Redsen,"Geneva, Switzerland",On-site,Full-time,Java,,English,,,Recent,https://ch.linkedin.com/jobs/view/d%C3%A9veloppeur-java-back-end-h-f-at-redsen-4384029483,2026-03-23T10:53:23.932738+00:00
0,Python Developer | Switzerland,linkedin,CodeNext - Software Engineer (Python),Sonar,"Geneva, Geneva, Switzerland",On-site,Full-time,Python,,English,,,Recent,https://ch.linkedin.com/jobs/view/codenext-software-engineer-python-at-sonar-4297261847,2026-03-23T10:53:23.932908+00:00
0,Python Developer | Switzerland,linkedin,Développeur Python/Développeuse Python,Qim info,"Geneva, Switzerland",On-site,Full-time,Python,,English,,,Recent,https://ch.linkedin.com/jobs/view/d%C3%A9veloppeur-python-d%C3%A9veloppeuse-python-at-qim-info-4383551383,2026-03-23T10:53:23.933076+00:00
0,Python Developer | Switzerland,linkedin,Fullstack Software Developer (m/w/d),Mikron Automation,"Boudry, Neuchâtel, Switzerland",On-site,Full-time,,,English,,,Recent,https://ch.linkedin.com/jobs/view/fullstack-software-developer-m-w-d-at-mikron-automation-4386774025,2026-03-23T10:53:23.933231+00:00
0,Python Developer | Switzerland,linkedin,Full Stack Engineer Intern — Connected Services & Augmented Intelligence,Biostarks (AMR Labs),"Geneva, Geneva, Switzerland",On-site,Internship,,Intern,English,,,Recent,https://ch.linkedin.com/jobs/view/full-stack-engineer-intern-%E2%80%94-connected-services-augmented-intelligence-at-biostarks-amr-labs-4386938428,2026-03-23T10:53:23.933383+00:00
0,Python Developer | Switzerland,linkedin,Python Developer  (80% remote),Ivy Partners,"Valais, Switzerland",Remote,Full-time,Python,,English,,,Recent,https://ch.linkedin.com/jobs/view/python-developer-80%25-remote-at-ivy-partners-4378373740,2026-03-23T10:53:23.933548+00:00
0,Python Developer | Switzerland,linkedin,Full Stack Engineer Intern — Connected Services & Augmented Intelligence,Biostarks (AMR Labs),"Lausanne, Vaud, Switzerland",On-site,Internship,,Intern,English,,,Recent,https://ch.linkedin.com/jobs/view/full-stack-engineer-intern-%E2%80%94-connected-services-augmented-intelligence-at-biostarks-amr-labs-4386948020,2026-03-23T10:53:23.933726+00:00
0,Python Developer | Switzerland,linkedin,Backend Python Developer,JobCourier,"Basel, Basel, Switzerland",On-site,Full-time,Python,,English,,,Recent,https://ch.linkedin.com/jobs/view/backend-python-developer-at-jobcourier-4389029284,2026-03-23T10:53:23.933888+00:00
0,Python Developer | Remote,linkedin,Python Software Engineer,Mercor,"Berlin, Berlin, Germany",Remote,Full-time,Python,,English,,,Recent,https://de.linkedin.com/jobs/view/python-software-engineer-at-mercor-4386104145,2026-03-23T10:53:26.424452+00:00
0,Python Developer | Remote,linkedin,Junior Backend Developer (Python) (m/w/d) 20h Stellenbeschreibung READ DESCRIPTION before,uNaice GmbH,Germany,Remote,Full-time,Python,Junior,English,,,Recent,https://de.linkedin.com/jobs/view/junior-backend-developer-python-m-w-d-20h-stellenbeschreibung-read-description-before-at-unaice-gmbh-4385746489,2026-03-23T10:53:26.424622+00:00
0,Python Developer | Remote,linkedin,Freelance Data Science Engineer (Python & SQL),Mindrift,"Berlin, Berlin, Germany",Remote,Contract,Python,"Data Science, Sql",English,,,Recent,https://de.linkedin.com/jobs/view/freelance-data-science-engineer-python-sql-at-mindrift-4387277581,2026-03-23T10:53:26.424778+00:00
0,Python Developer | Remote,linkedin,Backend Developer (m/f/d),AllCloud,Germany,Remote,Full-time,,,English,,,Recent,https://de.linkedin.com/jobs/view/backend-developer-m-f-d-at-allcloud-4338908583,2026-03-23T10:53:26.424934+00:00
0,Python Developer | Remote,linkedin,Freelance AI Evaluation Engineer (Python/Full-Stack),Mindrift,"Frankfurt am Main, Hesse, Germany",Remote,Contract,Python,,English,,,Recent,https://de.linkedin.com/jobs/view/freelance-ai-evaluation-engineer-python-full-stack-at-mindrift-4388788738,2026-03-23T10:53:26.425086+00:00
0,Python Developer | Slovakia,linkedin,Python Software Developer,Nokia,"Bratislava, Bratislava, Slovakia",On-site,Full-time,Python,,English,,,Recent,https://sk.linkedin.com/jobs/view/python-software-developer-at-nokia-4289894545,2026-03-23T10:53:28.780400+00:00
0,Python Developer | Slovakia,linkedin,Full-Stack Developer (Python + JS),GoReel,Slovakia,On-site,Full-time,Python,,English,,,Recent,https://sk.linkedin.com/jobs/view/full-stack-developer-python-%2B-js-at-goreel-4378381916,2026-03-23T10:53:28.780745+00:00
0,Python Developer | Slovakia,linkedin,Python Software Engineer,ESET,"Bratislava, Bratislava, Slovakia",On-site,Full-time,Python,,English,,,Recent,https://sk.linkedin.com/jobs/view/python-software-engineer-at-eset-4292497215,2026-03-23T10:53:28.780899+00:00
0,Python Developer | Slovakia,linkedin,Software Engineer - Python,Legend,"Bratislava, Bratislava, Slovakia",On-site,Full-time,Python,,English,,,Recent,https://sk.linkedin.com/jobs/view/software-engineer-python-at-legend-4371203262,2026-03-23T10:53:28.781049+00:00
0,Python Developer | Slovakia,linkedin,Python Developer – meteorologické modelovanie,MicroStep-MIS,"Bratislava, Bratislava, Slovakia",On-site,Full-time,Python,,English,,,Recent,https://sk.linkedin.com/jobs/view/python-developer-%E2%80%93-meteorologick%C3%A9-modelovanie-at-microstep-mis-4383552379,2026-03-23T10:53:28.781207+00:00
0,Python Developer | Slovakia,linkedin,Python Software Engineer,ESET,"Bratislava, Bratislava, Slovakia",On-site,Full-time,Python,,English,,,Recent,https://sk.linkedin.com/jobs/view/python-software-engineer-at-eset-4385085021,2026-03-23T10:53:28.781372+00:00
0,Python Developer | Slovakia,linkedin,Software Engineer (JavaScript/Python),ESET,"Bratislava, Bratislava, Slovakia",On-site,Full-time,"Javascript, Python",,English,,,Recent,https://sk.linkedin.com/jobs/view/software-engineer-javascript-python-at-eset-4352754566,2026-03-23T10:53:28.781535+00:00
0,Python Developer | Slovakia,linkedin,"Junior AI Engineer – Python, GenAI & Machine Learning (m/f)",PwC Slovakia,"Bratislava, Bratislava, Slovakia",On-site,Full-time,Python,"Junior, Machine Learning",English,,,Recent,https://sk.linkedin.com/jobs/view/junior-ai-engineer-%E2%80%93-python-genai-machine-learning-m-f-at-pwc-slovakia-4328270572,2026-03-23T10:53:28.781706+00:00
0,Python Developer | Czech Republic,linkedin,DESARROLLADOR BACK-END (QIK),Banco Popular Dominicano,"Santo Domingo, Distrito Nacional, Dominican Republic",On-site,Full-time,,,English,,,Recent,https://do.linkedin.com/jobs/view/desarrollador-back-end-qik-at-banco-popular-dominicano-4387989552,2026-03-23T10:53:31.171861+00:00
0,Python Developer | Czech Republic,linkedin,Junior Full Stack Engineer (R&D Team) (BPO Industry),Linuo Group,"Santo Domingo, Distrito Nacional, Dominican Republic",On-site,Full-time,,"R, Junior",English,,,Recent,https://do.linkedin.com/jobs/view/junior-full-stack-engineer-r-d-team-bpo-industry-at-linuo-group-4377697907,2026-03-23T10:53:31.172022+00:00
0,Python Developer | Czech Republic,linkedin,Full Stack Developer (React/Redux),Perform,Dominican Republic,On-site,Full-time,,React,English,,,Recent,https://do.linkedin.com/jobs/view/full-stack-developer-react-redux-at-perform-4384080780,2026-03-23T10:53:31.172183+00:00
0,Python Developer | Czech Republic,linkedin,Full Stack Developer (React/Redux),Perform,"Santo Domingo, Distrito Nacional, Dominican Republic",On-site,Full-time,,React,English,,,Recent,https://do.linkedin.com/jobs/view/full-stack-developer-react-redux-at-perform-4385284137,2026-03-23T10:53:31.172336+00:00
0,Python Developer | Czech Republic,linkedin,Full Stack WordPress Developer (Front End Focused),Powdevs,Dominican Republic,On-site,Full-time,,,English,,,Recent,https://do.linkedin.com/jobs/view/full-stack-wordpress-developer-front-end-focused-at-powdevs-4386504027,2026-03-23T10:53:31.172489+00:00
0,Python Developer | Czech Republic,linkedin,Back End Developer,SmartEnergy.com,"Santo Domingo, Distrito Nacional, Dominican Republic",On-site,Full-time,,,English,,,Recent,https://do.linkedin.com/jobs/view/back-end-developer-at-smartenergy-com-4387880600,2026-03-23T10:53:31.172657+00:00
0,Python Developer | Czech Republic,linkedin,Líder Desarrollador Back-End,Banco Popular Dominicano,"Santo Domingo, Distrito Nacional, Dominican Republic",On-site,Full-time,,,English,,,Recent,https://do.linkedin.com/jobs/view/l%C3%ADder-desarrollador-back-end-at-banco-popular-dominicano-4373125330,2026-03-23T10:53:31.172970+00:00
0,Python Developer | Czech Republic,linkedin,AI/ML Engineer,Perform,Dominican Republic,On-site,Full-time,,,English,,,Recent,https://do.linkedin.com/jobs/view/ai-ml-engineer-at-perform-4344260713,2026-03-23T10:53:31.173127+00:00
0,Python Developer | Poland,linkedin,Software Engineer (Python) - AI Platform,Revolut,Poland,On-site,Full-time,Python,,English,,,Recent,https://pl.linkedin.com/jobs/view/software-engineer-python-ai-platform-at-revolut-4250500721,2026-03-23T10:53:33.552895+00:00
0,Python Developer | Poland,linkedin,Python Developer,iteo,"Katowice, Śląskie, Poland",On-site,Full-time,Python,,English,,,Recent,https://pl.linkedin.com/jobs/view/python-developer-at-iteo-4386386599,2026-03-23T10:53:33.553089+00:00
0,Python Developer | Poland,linkedin,Python Fullstack Developer,Ework Group,Warsaw Metropolitan Area,On-site,Full-time,Python,,English,,,Recent,https://pl.linkedin.com/jobs/view/python-fullstack-developer-at-ework-group-4381473986,2026-03-23T10:53:33.553256+00:00
0,Python Developer | Poland,linkedin,Python Developer,ALGOTEQUE Innovation Hub,"Warsaw, Mazowieckie, Poland",On-site,Full-time,Python,,English,,,Recent,https://pl.linkedin.com/jobs/view/python-developer-at-algoteque-innovation-hub-4386719045,2026-03-23T10:53:33.553416+00:00
0,Python Developer | Poland,linkedin,Python Developer,Seargin,Poland,On-site,Full-time,Python,,English,,,Recent,https://pl.linkedin.com/jobs/view/python-developer-at-seargin-4385377452,2026-03-23T10:53:33.553589+00:00
0,Python Developer | Poland,linkedin,Software Engineer (4/5) — Developer Platform,Netflix,"Warsaw, Mazowieckie, Poland",On-site,Full-time,,,English,,,Recent,https://pl.linkedin.com/jobs/view/software-engineer-4-5-%E2%80%94-developer-platform-at-netflix-4193468200,2026-03-23T10:53:33.553754+00:00
0,Python Developer | Poland,linkedin,Python Developer,ALGOTEQUE Innovation Hub,"Warsaw, Mazowieckie, Poland",On-site,Full-time,Python,,English,,,Recent,https://pl.linkedin.com/jobs/view/python-developer-at-algoteque-innovation-hub-4386712241,2026-03-23T10:53:33.553918+00:00
0,Python Developer | Poland,linkedin,Python Developer,IT Factory,"Warsaw, Mazowieckie, Poland",On-site,Full-time,Python,,English,,,Recent,https://pl.linkedin.com/jobs/view/python-developer-at-it-factory-4386772668,2026-03-23T10:53:33.554068+00:00
0,Python Developer | Poland,linkedin,Full Stack Developer ( Python/C++),Talan,"Warsaw, Mazowieckie, Poland",On-site,Full-time,"C, C++, Python",,English,,,Recent,https://pl.linkedin.com/jobs/view/full-stack-developer-python-c%2B%2B-at-talan-4385923350,2026-03-23T10:53:33.554216+00:00
0,Python Developer | Poland,linkedin,Python Developer,Talent Complete,Poland,On-site,Full-time,Python,,English,,,Recent,https://pl.linkedin.com/jobs/view/python-developer-at-talent-complete-4386328777,2026-03-23T10:53:33.554364+00:00
0,Python Developer | USA,linkedin,Software Engineer - Python,Blackstone Talent Group,"Colorado Springs, CO",On-site,Full-time,Python,,English,,,Recent,https://www.linkedin.com/jobs/view/software-engineer-python-at-blackstone-talent-group-4386538248,2026-03-23T10:53:36.031565+00:00
0,Python Developer | USA,linkedin,Python Developer,The Value Maximizer,"Austin, TX",On-site,Full-time,Python,,English,,,Recent,https://www.linkedin.com/jobs/view/python-developer-at-the-value-maximizer-4386541065,2026-03-23T10:53:36.031758+00:00
0,Python Developer | USA,linkedin,Python Developer,The Value Maximizer,"Florida, United States",On-site,Full-time,Python,,English,,,Recent,https://www.linkedin.com/jobs/view/python-developer-at-the-value-maximizer-4386541066,2026-03-23T10:53:36.031937+00:00
0,Python Developer | USA,linkedin,Sr Python Software Engineer,NielsenIQ,"Columbus, OH",On-site,Full-time,Python,,English,,,Recent,https://www.linkedin.com/jobs/view/sr-python-software-engineer-at-nielseniq-4386915990,2026-03-23T10:53:36.032096+00:00
0,Python Developer | USA,linkedin,Python Developer Intern,Precisely,United States,On-site,Internship,Python,Intern,English,,,Recent,https://www.linkedin.com/jobs/view/python-developer-intern-at-precisely-4382115210,2026-03-23T10:53:36.032251+00:00
0,Python Developer | USA,linkedin,Python Developer,The Value Maximizer,"New Jersey, United States",On-site,Full-time,Python,,English,,,Recent,https://www.linkedin.com/jobs/view/python-developer-at-the-value-maximizer-4386519926,2026-03-23T10:53:36.032403+00:00
0,Python Developer | USA,linkedin,Backend Engineer Intern,Tinder,"Los Angeles, CA",On-site,Internship,,Intern,English,,,Recent,https://www.linkedin.com/jobs/view/backend-engineer-intern-at-tinder-4324000392,2026-03-23T10:53:36.032568+00:00
0,Python Developer | USA,linkedin,Python Developer,Lorven Technologies Inc.,"Irving, TX",On-site,Full-time,Python,,English,,,Recent,https://www.linkedin.com/jobs/view/python-developer-at-lorven-technologies-inc-4385265367,2026-03-23T10:53:36.032730+00:00
0,Python Developer | USA,linkedin,Backend Engineer Intern,Tinder,"Palo Alto, CA",On-site,Internship,,Intern,English,,,Recent,https://www.linkedin.com/jobs/view/backend-engineer-intern-at-tinder-4323730907,2026-03-23T10:53:36.032883+00:00
0,Python Developer | USA,linkedin,Full Stack Python Engineer,hackajob,"New York, NY",On-site,Full-time,Python,,English,,,Recent,https://www.linkedin.com/jobs/view/full-stack-python-engineer-at-hackajob-4386373761,2026-03-23T10:53:36.033035+00:00
0,Python Developer | United Kingdom,linkedin,Python Developer,Vallum Associates,"Sheffield, England, United Kingdom",On-site,Full-time,Python,,English,,,Recent,https://uk.linkedin.com/jobs/view/python-developer-at-vallum-associates-4386768090,2026-03-23T10:53:38.477271+00:00
0,Python Developer | United Kingdom,linkedin,Software Engineer (Python) - AI Platform,Revolut,United Kingdom,On-site,Full-time,Python,,English,,,Recent,https://uk.linkedin.com/jobs/view/software-engineer-python-ai-platform-at-revolut-4250197984,2026-03-23T10:53:38.477460+00:00
0,Python Developer | United Kingdom,linkedin,Python Developer,Thyme,"London Area, United Kingdom",On-site,Full-time,Python,,English,,,Recent,https://uk.linkedin.com/jobs/view/python-developer-at-thyme-4384060173,2026-03-23T10:53:38.477650+00:00
0,Python Developer | United Kingdom,linkedin,Python Developer,Wipro,"London Area, United Kingdom",On-site,Full-time,Python,,English,,,Recent,https://uk.linkedin.com/jobs/view/python-developer-at-wipro-4384455997,2026-03-23T10:53:38.477823+00:00
0,Python Developer | United Kingdom,linkedin,Python Developer,TrueNorth®,United Kingdom,On-site,Full-time,Python,,English,,,Recent,https://uk.linkedin.com/jobs/view/python-developer-at-truenorth%C2%AE-4386773756,2026-03-23T10:53:38.477981+00:00
0,Python Developer | United Kingdom,linkedin,Python Developer,hackajob,United Kingdom,On-site,Full-time,Python,,English,,,Recent,https://uk.linkedin.com/jobs/view/python-developer-at-hackajob-4382823552,2026-03-23T10:53:38.478142+00:00
0,Python Developer | United Kingdom,linkedin,"Python Software Engineer - Remote Working - Up to £120,000 Base (+Bonus, equity etc)",Hunter Bond,"London Area, United Kingdom",Remote,Full-time,Python,,English,,,Recent,https://uk.linkedin.com/jobs/view/python-software-engineer-remote-working-up-to-%C2%A3120-000-base-%2Bbonus-equity-etc-at-hunter-bond-4384712221,2026-03-23T10:53:38.478295+00:00
0,Python Developer | United Kingdom,linkedin,"Python Software Engineer - Hybrid working - Up to £250,000 Base (+ Bonus)",Hunter Bond,"London Area, United Kingdom",Hybrid,Full-time,Python,,English,,,Recent,https://uk.linkedin.com/jobs/view/python-software-engineer-hybrid-working-up-to-%C2%A3250-000-base-%2B-bonus-at-hunter-bond-4384710461,2026-03-23T10:53:38.478454+00:00
0,Python Developer | United Kingdom,linkedin,Python Developer,Venturi,"London Area, United Kingdom",On-site,Full-time,Python,,English,,,Recent,https://uk.linkedin.com/jobs/view/python-developer-at-venturi-4385239761,2026-03-23T10:53:38.478635+00:00
0,Python Developer | United Kingdom,linkedin,Python Developer,mthree,"London Area, United Kingdom",On-site,Full-time,Python,,English,,,Recent,https://uk.linkedin.com/jobs/view/python-developer-at-mthree-4384489438,2026-03-23T10:53:38.478794+00:00
0,Python Test | Austria,linkedin,Quality Engineer (m/w/d),Vusion,"Fernitz-Mellach, Styria, Austria",On-site,Full-time,,,English,,,Recent,https://at.linkedin.com/jobs/view/quality-engineer-m-w-d-at-vusion-4380690033,2026-03-23T10:53:43.319818+00:00
0,Python Test | Switzerland,linkedin,Test Automation Engineer (m/f/d) - 860049/1,Hays,"Risch-Rotkreuz, Zug, Switzerland",On-site,Full-time,Test Automation,,English,,,Recent,https://ch.linkedin.com/jobs/view/test-automation-engineer-m-f-d-860049-1-at-hays-4387857646,2026-03-23T10:53:45.699363+00:00
0,Python Test | Switzerland,linkedin,Automation Engineer,CLEEVEN,"Basel, Switzerland",On-site,Full-time,,,English,,,Recent,https://ch.linkedin.com/jobs/view/automation-engineer-at-cleeven-4384362531,2026-03-23T10:53:45.699691+00:00
0,Python Test | Switzerland,linkedin,ML Platform Engineer | Zurich OR Fribourg | Switzerland,Acquism SARL,"Zurich, Zurich, Switzerland",On-site,Full-time,,,English,,,Recent,https://ch.linkedin.com/jobs/view/ml-platform-engineer-zurich-or-fribourg-switzerland-at-acquism-sarl-4386922057,2026-03-23T10:53:45.699849+00:00
0,Python Test | Switzerland,linkedin,Software Test Automation Engineer (Professional),Infometis,"Zurich, Zurich, Switzerland",On-site,Full-time,Test Automation,,English,,,Recent,https://ch.linkedin.com/jobs/view/software-test-automation-engineer-professional-at-infometis-4375927738,2026-03-23T10:53:45.700003+00:00
0,Python Test | Remote,linkedin,Software Testing Analyst,Alignerr,Germany,Remote,Full-time,,,English,,,Recent,https://de.linkedin.com/jobs/view/software-testing-analyst-at-alignerr-4389051098,2026-03-23T10:53:48.120873+00:00
0,Python Test | Slovakia,linkedin,Quality Assurance Automation Engineer,Billdu,"Bratislava, Bratislava, Slovakia",On-site,Full-time,,,English,,,Recent,https://sk.linkedin.com/jobs/view/quality-assurance-automation-engineer-at-billdu-4387888986,2026-03-23T10:53:50.519047+00:00
0,Python Test | Czech Republic,linkedin,Manufacturing Engineer I 2do turno,Medtronic,"San Isidro, Santo Domingo, Dominican Republic",On-site,Full-time,,,English,,,Recent,https://do.linkedin.com/jobs/view/manufacturing-engineer-i-2do-turno-at-medtronic-4380761740,2026-03-23T10:53:52.893228+00:00
0,Python Test | Czech Republic,linkedin,Trainee in Application Lab,STMicroelectronics,"Batey 8, Independencia Province, Dominican Republic",On-site,Full-time,,Trainee,English,,,Recent,https://do.linkedin.com/jobs/view/trainee-in-application-lab-at-stmicroelectronics-4377848452,2026-03-23T10:53:52.893383+00:00
0,Python Test | Czech Republic,linkedin,"Eng I, Software Quality, APM, Temporary",BD,Dominican Republic,On-site,Full-time,,,English,,,Recent,https://do.linkedin.com/jobs/view/eng-i-software-quality-apm-temporary-at-bd-4377424260,2026-03-23T10:53:52.894021+00:00
0,Python Test | Czech Republic,linkedin,DATA ANALYST (H/F) - SAFRAN CABIN CZ S.R.O.,AEROCONTACT,Dominican Republic,On-site,Full-time,,R,English,,,Recent,https://do.linkedin.com/jobs/view/data-analyst-h-f-safran-cabin-cz-s-r-o-at-aerocontact-4386900539,2026-03-23T10:53:52.894173+00:00
0,Python Test | Czech Republic,linkedin,Quality Engineer III,Nissha Medical Technologies,Dominican Republic,On-site,Full-time,,,English,,,Recent,https://do.linkedin.com/jobs/view/quality-engineer-iii-at-nissha-medical-technologies-4388364407,2026-03-23T10:53:52.894325+00:00
0,Python Test | Poland,linkedin,Junior QA Automation Engineer,Talan,"Warsaw, Mazowieckie, Poland",On-site,Full-time,,Junior,English,,,Recent,https://pl.linkedin.com/jobs/view/junior-qa-automation-engineer-at-talan-4367209775,2026-03-23T10:53:55.301111+00:00
0,Python Test | Poland,linkedin,Junior QA Engineer (Automation) – Remote,Indivd,Poland,Remote,Full-time,,Junior,English,,,Recent,https://pl.linkedin.com/jobs/view/junior-qa-engineer-automation-%E2%80%93-remote-at-indivd-4379444416,2026-03-23T10:53:55.301432+00:00
0,Python Test | Poland,linkedin,Quality Assurance Engineer,STAGE24.PL,"Poznań, Wielkopolskie, Poland",On-site,Full-time,,,English,,,Recent,https://pl.linkedin.com/jobs/view/quality-assurance-engineer-at-stage24-pl-4386837726,2026-03-23T10:53:55.301604+00:00
0,Python Test | Poland,linkedin,Quality Engineer,"Pyramid Consulting, Inc",Wroclaw Metropolitan Area,On-site,Full-time,,,English,,,Recent,https://pl.linkedin.com/jobs/view/quality-engineer-at-pyramid-consulting-inc-4379914302,2026-03-23T10:53:55.301927+00:00
0,Python Test | USA,linkedin,Software QA Analyst II,SmartLight Analytics,United States,On-site,Full-time,,,English,,,Recent,https://www.linkedin.com/jobs/view/software-qa-analyst-ii-at-smartlight-analytics-4386913931,2026-03-23T10:53:57.877111+00:00
0,Python Test | USA,linkedin,QA Engineer,Scion Staffing,"Dallas, TX",On-site,Full-time,,,English,,,Recent,https://www.linkedin.com/jobs/view/qa-engineer-at-scion-staffing-4388550668,2026-03-23T10:53:57.877319+00:00
0,Python Test | USA,linkedin,Software Test QA Engineer,Lensa,United States,On-site,Full-time,,,English,,,Recent,https://www.linkedin.com/jobs/view/software-test-qa-engineer-at-lensa-4389019910,2026-03-23T10:53:57.877805+00:00
0,Python Test | USA,linkedin,Quality Assurance Engineer,Go Offer,United States,On-site,Full-time,Go,,English,,,Recent,https://www.linkedin.com/jobs/view/quality-assurance-engineer-at-go-offer-4387131143,2026-03-23T10:53:57.878405+00:00
0,Python Test | United Kingdom,linkedin,Software Quality Assurance Engineer,FastDox,"Wilmslow, England, United Kingdom",On-site,Full-time,,,English,,,Recent,https://uk.linkedin.com/jobs/view/software-quality-assurance-engineer-at-fastdox-4381434207,2026-03-23T10:54:00.336402+00:00
0,Python Test | United Kingdom,linkedin,QA Test Engineer,Leo Recruitment Limited,"Poole, England, United Kingdom",On-site,Full-time,,,English,,,Recent,https://uk.linkedin.com/jobs/view/qa-test-engineer-at-leo-recruitment-limited-4383339453,2026-03-23T10:54:00.337041+00:00
0,Firmware Engineer | Germany,linkedin,Software Embedded Engineer,Corsair,"Landshut, Bavaria, Germany",On-site,Full-time,,,English,,,Recent,https://de.linkedin.com/jobs/view/software-embedded-engineer-at-corsair-4351784200,2026-03-23T10:54:02.757881+00:00
0,Firmware Engineer | Germany,linkedin,FREELANCE - Embedded Engineer (m/w/x) - München,requisimus,"Esslingen, Baden-Württemberg, Germany",On-site,Contract,,,English,,,Recent,https://de.linkedin.com/jobs/view/freelance-embedded-engineer-m-w-x-m%C3%BCnchen-at-requisimus-4388321602,2026-03-23T10:54:02.758237+00:00
0,Firmware Engineer | Germany,linkedin,Embedded Software-Entwickler (m/w/d),Bytec Medizintechnik GmbH,"Eschweiler, North Rhine-Westphalia, Germany",On-site,Full-time,,,English,,,Recent,https://de.linkedin.com/jobs/view/embedded-software-entwickler-m-w-d-at-bytec-medizintechnik-gmbh-4386111911,2026-03-23T10:54:02.758402+00:00
0,Firmware Engineer | Germany,linkedin,Embedded Software Ingenieur (w/m/d),XTENDED ENGINEERING GMBH,"Munich, Bavaria, Germany",On-site,Full-time,,,English,,,Recent,https://de.linkedin.com/jobs/view/embedded-software-ingenieur-w-m-d-at-xtended-engineering-gmbh-4384883199,2026-03-23T10:54:02.758571+00:00
0,Firmware Engineer | Germany,linkedin,Embedded Software Entwickler (m/w/d),IRS Systementwicklung GmbH,"Wörth an der Donau, Bavaria, Germany",On-site,Full-time,,,German,,,Recent,https://de.linkedin.com/jobs/view/embedded-software-entwickler-m-w-d-at-irs-systementwicklung-gmbh-4384039215,2026-03-23T10:54:02.758728+00:00
0,Firmware Engineer | Germany,linkedin,Embedded Softwareentwickler (m/w/d),ICT Digital Solutions GmbH,Germany,On-site,Full-time,,,English,,,Recent,https://de.linkedin.com/jobs/view/embedded-softwareentwickler-m-w-d-at-ict-digital-solutions-gmbh-4383656322,2026-03-23T10:54:02.758885+00:00
0,Firmware Engineer | Germany,linkedin,Embedded Software / Firmware Developer (m/w/d),secunet Security Networks AG,"Berlin, Berlin, Germany",On-site,Full-time,Firmware,,English,,,Recent,https://de.linkedin.com/jobs/view/embedded-software-firmware-developer-m-w-d-at-secunet-security-networks-ag-4375269838,2026-03-23T10:54:02.759033+00:00
0,Firmware Engineer | Germany,linkedin,Software Engineer - iOS (m/f/d),Flink,"Berlin, Berlin, Germany",On-site,Full-time,,,English,,,Recent,https://de.linkedin.com/jobs/view/software-engineer-ios-m-f-d-at-flink-4387935962,2026-03-23T10:54:02.759190+00:00
0,Firmware Engineer | Austria,linkedin,C++ Embedded Software Engineer (ESP32) (m/f/x),go-e,Greater Graz,On-site,Full-time,"C, C++, Go",Esp32,English,,,Recent,https://at.linkedin.com/jobs/view/c%2B%2B-embedded-software-engineer-esp32-m-f-x-at-go-e-4387415157,2026-03-23T10:54:05.126518+00:00
0,Firmware Engineer | Austria,linkedin,Embedded Software Engineer,Response Informatics,"Vienna, Austria",On-site,Full-time,"Arm, C, C++, Dsp, Embedded Linux","Linux, Qnx, Freertos, R, Soc",English,,,Recent,https://at.linkedin.com/jobs/view/embedded-software-engineer-at-response-informatics-4389062892,2026-03-23T10:54:05.126728+00:00
0,Firmware Engineer | Austria,linkedin,Embedded Software Engineer (full-time)  (f/m/d),TriLite Technologies,"Vienna, Vienna, Austria",Remote,Contract,"C, C++, Ci/Cd, Embedded Systems","Machine Learning, Linux",English,,,Recent,https://at.linkedin.com/jobs/view/embedded-software-engineer-full-time-f-m-d-at-trilite-technologies-4385036296,2026-03-23T10:54:05.126895+00:00
0,Firmware Engineer | Austria,linkedin,Software Engineer,Talos Automation,"Styria, Austria",On-site,Contract,"C, C++, Go, Java","C#, Sql, Oracle, Junior",English,,,Recent,https://at.linkedin.com/jobs/view/software-engineer-at-talos-automation-4375539342,2026-03-23T10:54:05.127209+00:00
0,Firmware Engineer | Austria,linkedin,Embedded Software Entwickler (w/m/d),Knorr-Bremse AG,"Mödling, Lower Austria, Austria",Remote,Full-time,"C, C++, Embedded Systems","Product Owner, R",German,,,Recent,https://at.linkedin.com/jobs/view/embedded-software-entwickler-w-m-d-at-knorr-bremse-ag-4383941891,2026-03-23T10:54:05.127363+00:00
0,Firmware Engineer | Austria,linkedin,Embedded Software Engineer (all genders),Beyond Gravity,"Vienna, Vienna, Austria",Remote,Contract,"C, Go, Rtos","Agile, Soc, Fpga",English,,,Recent,https://at.linkedin.com/jobs/view/embedded-software-engineer-all-genders-at-beyond-gravity-4381414954,2026-03-23T10:54:05.127519+00:00
0,Firmware Engineer | Austria,linkedin,C++ Embedded Software Engineer (ESP32) (m/f/x),go-e,"Graz, Styria, Austria",Remote,Contract,"C, C++, Ci/Cd, Embedded Linux, Embedded Systems, Firmware, Go, I2C, Microcontroller, Shell, Spi, Uart","Linux, Esp32, Jira, Git, Confluence, Github, Gitlab",English,,,Recent,https://at.linkedin.com/jobs/view/c%2B%2B-embedded-software-engineer-esp32-m-f-x-at-go-e-4386884431,2026-03-23T10:54:05.127687+00:00
0,Firmware Engineer | Austria,linkedin,Embedded Systems Engineer @ DEWETRON GmbH,DEVjobs,"Graz, Styria, Austria",Remote,Full-time,"C, Driver Development, Embedded Linux, Embedded Systems, I2C, Rtos, Spi","Linux, R, Fpga",German,,,Recent,https://at.linkedin.com/jobs/view/embedded-systems-engineer-%40-dewetron-gmbh-at-devjobs-4388691496,2026-03-23T10:54:05.127855+00:00
0,Firmware Engineer | Austria,linkedin,"Embedded Engineer, Camera",Snap Inc.,"Vienna, Vienna, Austria",On-site,Full-time,"Arm, C, C++, Can, Embedded Linux, Rtos","Linux, Express",English,,,Recent,https://at.linkedin.com/jobs/view/embedded-engineer-camera-at-snap-inc-4343180012,2026-03-23T10:54:05.128009+00:00
0,Firmware Engineer | Switzerland,linkedin,Junior Software Engineer Low Latency Trading,Digital Wave Finance AG,"Zug, Zug, Switzerland",On-site,Full-time,,Junior,English,,,Recent,https://ch.linkedin.com/jobs/view/junior-software-engineer-low-latency-trading-at-digital-wave-finance-ag-4386311276,2026-03-23T10:54:07.514108+00:00
0,Firmware Engineer | Switzerland,linkedin,Embedded Software Engineer – e-Bike Systems,Specialized Bicycle Components,"Cham, Zug, Switzerland",On-site,Full-time,,,English,,,Recent,https://ch.linkedin.com/jobs/view/embedded-software-engineer-%E2%80%93-e-bike-systems-at-specialized-bicycle-components-4249261377,2026-03-23T10:54:07.514300+00:00
0,Firmware Engineer | Switzerland,linkedin,Embedded Engineer,NielsenIQ,"Kriegstetten, Solothurn, Switzerland",On-site,Full-time,,,English,,,Recent,https://ch.linkedin.com/jobs/view/embedded-engineer-at-nielseniq-4382425033,2026-03-23T10:54:07.514480+00:00
0,Firmware Engineer | Switzerland,linkedin,AI Software Engineer,Avaloq,"Zurich, Zurich, Switzerland",On-site,Full-time,,,English,,,Recent,https://ch.linkedin.com/jobs/view/ai-software-engineer-at-avaloq-4386670259,2026-03-23T10:54:07.514665+00:00
0,Firmware Engineer | Switzerland,linkedin,Embedded Software Engineer – e Bike Systems (80–100%),Specialized Bicycle Components,"Cham, Zug, Switzerland",Remote,Full-time,,,English,,,Recent,https://ch.linkedin.com/jobs/view/embedded-software-engineer-%E2%80%93-e-bike-systems-80%E2%80%93100%25-at-specialized-bicycle-components-4371434879,2026-03-23T10:54:07.514827+00:00
0,Firmware Engineer | Switzerland,linkedin,Embedded Firmware Design Engineer 80-100% (m/w/d),QUMEA,"Solothurn, Solothurn, Switzerland",Remote,Full-time,Firmware,,English,,,Recent,https://ch.linkedin.com/jobs/view/embedded-firmware-design-engineer-80-100%25-m-w-d-at-qumea-4385473420,2026-03-23T10:54:07.514992+00:00
0,Firmware Engineer | Switzerland,linkedin,Software Engineer (m/f/d),MF Group AG,"Chiasso, Ticino, Switzerland",On-site,Full-time,,,English,,,Recent,https://ch.linkedin.com/jobs/view/software-engineer-m-f-d-at-mf-group-ag-4384051588,2026-03-23T10:54:07.515146+00:00
0,Firmware Engineer | Switzerland,linkedin,Embedded Software Developer,Dentsply Sirona,"Zurich, Zurich, Switzerland",On-site,Full-time,,,English,,,Recent,https://ch.linkedin.com/jobs/view/embedded-software-developer-at-dentsply-sirona-4292130219,2026-03-23T10:54:07.515463+00:00
0,Firmware Engineer | Switzerland,linkedin,Software Engineer Embedded System 80 - 100 % (w/m/d),NX GROUP (NIPPON EXPRESS GROUP),"Domat/Ems, Graubünden, Switzerland",On-site,Full-time,,Express,English,,,Recent,https://ch.linkedin.com/jobs/view/software-engineer-embedded-system-80-100-%25-w-m-d-at-nx-group-nippon-express-group-4385454858,2026-03-23T10:54:07.515644+00:00
0,Firmware Engineer | Remote,linkedin,Embedded Firmware Engineer (6-months limited contract),Bragi,Germany,Remote,Contract,Firmware,,English,,,Recent,https://de.linkedin.com/jobs/view/embedded-firmware-engineer-6-months-limited-contract-at-bragi-4381733845,2026-03-23T10:54:09.963306+00:00
0,Firmware Engineer | Remote,linkedin,Embedded Software Engineer,XpertDirect,"Munich, Bavaria, Germany",Remote,Full-time,,,English,,,Recent,https://de.linkedin.com/jobs/view/embedded-software-engineer-at-xpertdirect-4378164836,2026-03-23T10:54:09.963637+00:00
0,Firmware Engineer | Remote,linkedin,Software Engineer I,Mercor,"Berlin, Berlin, Germany",Remote,Full-time,,,English,,,Recent,https://de.linkedin.com/jobs/view/software-engineer-i-at-mercor-4386105059,2026-03-23T10:54:09.963800+00:00
0,Firmware Engineer | Remote,linkedin,Freelance Embedded Software Engineer,Vivid Resourcing,Germany,Remote,Contract,,,English,,,Recent,https://de.linkedin.com/jobs/view/freelance-embedded-software-engineer-at-vivid-resourcing-4383759739,2026-03-23T10:54:09.963956+00:00
0,Firmware Engineer | Remote,linkedin,Software Engineer (m/w/d),IBB Institut für Berufliche Bildung AG,"Berlin, Berlin, Germany",Remote,Full-time,,R,English,,,Recent,https://de.linkedin.com/jobs/view/software-engineer-m-w-d-at-ibb-institut-f%C3%BCr-berufliche-bildung-ag-4384843676,2026-03-23T10:54:09.964108+00:00
0,Firmware Engineer | Slovakia,linkedin,Software Engineer,Ohpen,"Bratislava, Slovakia",On-site,Full-time,,,English,,,Recent,https://sk.linkedin.com/jobs/view/software-engineer-at-ohpen-4384459298,2026-03-23T10:54:12.381394+00:00
0,Firmware Engineer | Slovakia,linkedin,Software Engineer,Cisco,"Bratislava, Bratislava, Slovakia",On-site,Full-time,,,English,,,Recent,https://sk.linkedin.com/jobs/view/software-engineer-at-cisco-4369673005,2026-03-23T10:54:12.381728+00:00
0,Firmware Engineer | Slovakia,linkedin,Software Engineer,Cisco,"Bratislava, Bratislava, Slovakia",On-site,Full-time,,,English,,,Recent,https://sk.linkedin.com/jobs/view/software-engineer-at-cisco-4386984125,2026-03-23T10:54:12.382030+00:00
0,Firmware Engineer | Slovakia,linkedin,Fresh Graduate - Software Engineer,Caterpillar Inc.,"Košice, Kosice, Slovakia",On-site,Full-time,,Graduate,English,,,Recent,https://sk.linkedin.com/jobs/view/fresh-graduate-software-engineer-at-caterpillar-inc-4388377491,2026-03-23T10:54:12.382183+00:00
0,Firmware Engineer | Slovakia,linkedin,C++ Software engineer - ESET PROTECT on-prem,ESET,"Bratislava, Bratislava, Slovakia",On-site,Full-time,"C, C++",,English,,,Recent,https://sk.linkedin.com/jobs/view/c%2B%2B-software-engineer-eset-protect-on-prem-at-eset-4380693947,2026-03-23T10:54:12.382506+00:00
0,Firmware Engineer | Czech Republic,linkedin,"Full Stack Software Engineer - React, Next, Node / Remote LATAM",Zarego,"Santo Domingo, Distrito Nacional, Dominican Republic",Remote,Full-time,,React,English,,,Recent,https://do.linkedin.com/jobs/view/full-stack-software-engineer-react-next-node-remote-latam-at-zarego-4387741009,2026-03-23T10:54:14.782741+00:00
0,Firmware Engineer | Czech Republic,linkedin,Software Engineer - Backend,"Milestone Technologies, Inc.","Santo Domingo Este, Santo Domingo, Dominican Republic",On-site,Full-time,,,English,,,Recent,https://do.linkedin.com/jobs/view/software-engineer-backend-at-milestone-technologies-inc-4385729746,2026-03-23T10:54:14.782896+00:00
0,Firmware Engineer | Czech Republic,linkedin,Software Engineer Backend,Babel,"Santo Domingo, Distrito Nacional, Dominican Republic",On-site,Full-time,,,English,,,Recent,https://do.linkedin.com/jobs/view/software-engineer-backend-at-babel-4387965574,2026-03-23T10:54:14.783046+00:00
0,Firmware Engineer | Czech Republic,linkedin,Remote Software Engineer (AI Code Evaluation),Braintrust,Dominican Republic,Remote,Full-time,,,English,,,Recent,https://do.linkedin.com/jobs/view/remote-software-engineer-ai-code-evaluation-at-braintrust-4387630699,2026-03-23T10:54:14.783337+00:00
0,Firmware Engineer | Czech Republic,linkedin,"Full Stack Software Engineer for AI Training (Remote, Flexible, 100+ openings)",Braintrust,Dominican Republic,Remote,Full-time,,,English,,,Recent,https://do.linkedin.com/jobs/view/full-stack-software-engineer-for-ai-training-remote-flexible-100%2B-openings-at-braintrust-4387238624,2026-03-23T10:54:14.783486+00:00
0,Firmware Engineer | Czech Republic,linkedin,Mobile Software Engineer - Remote - Latin America,FullStack,Dominican Republic,Remote,Full-time,,,English,,,Recent,https://do.linkedin.com/jobs/view/mobile-software-engineer-remote-latin-america-at-fullstack-4382115453,2026-03-23T10:54:14.783660+00:00
0,Firmware Engineer | Poland,linkedin,"Software Engineer (Java) - Relocation to Poland, Spain, or UAE",Revolut,Poland,On-site,Full-time,Java,,English,,,Recent,https://pl.linkedin.com/jobs/view/software-engineer-java-relocation-to-poland-spain-or-uae-at-revolut-3845490363,2026-03-23T10:54:17.260310+00:00
0,Firmware Engineer | Poland,linkedin,Junior Software Engineer Low Latency Trading,Digital Wave Finance AG,"Warsaw, Mazowieckie, Poland",On-site,Full-time,,Junior,English,,,Recent,https://pl.linkedin.com/jobs/view/junior-software-engineer-low-latency-trading-at-digital-wave-finance-ag-4386310340,2026-03-23T10:54:17.260475+00:00
0,Firmware Engineer | Poland,linkedin,Software Engineer (Android),Revolut,Poland,On-site,Full-time,,,English,,,Recent,https://pl.linkedin.com/jobs/view/software-engineer-android-at-revolut-4190975735,2026-03-23T10:54:17.260679+00:00
0,Firmware Engineer | Poland,linkedin,Junior Software Engineer,Asana,"Warsaw, Mazowieckie, Poland",On-site,Full-time,,"Junior, Asana",English,,,Recent,https://pl.linkedin.com/jobs/view/junior-software-engineer-at-asana-4315919819,2026-03-23T10:54:17.260842+00:00
0,Firmware Engineer | Poland,linkedin,Sr Engineer - Software QA,Xperi Inc.,"Warsaw, Mazowieckie, Poland",On-site,Full-time,,,English,,,Recent,https://pl.linkedin.com/jobs/view/sr-engineer-software-qa-at-xperi-inc-4385696609,2026-03-23T10:54:17.261000+00:00
0,Firmware Engineer | Poland,linkedin,Embedded Software Engineer,Verkada,"Krakowski, Małopolskie, Poland",On-site,Full-time,,,English,,,Recent,https://pl.linkedin.com/jobs/view/embedded-software-engineer-at-verkada-4365303970,2026-03-23T10:54:17.261157+00:00
0,Firmware Engineer | Poland,linkedin,Associate Software Engineer,ADP,"Warsaw, Mazowieckie, Poland",On-site,Full-time,,Associate,English,,,Recent,https://pl.linkedin.com/jobs/view/associate-software-engineer-at-adp-4385917229,2026-03-23T10:54:17.261320+00:00
0,Firmware Engineer | Poland,linkedin,Mid Engineer - Embedded C++ Engineer,Xperi Inc.,"Warsaw, Mazowieckie, Poland",On-site,Full-time,"C, C++",,English,,,Recent,https://pl.linkedin.com/jobs/view/mid-engineer-embedded-c%2B%2B-engineer-at-xperi-inc-4384249507,2026-03-23T10:54:17.261472+00:00
0,Firmware Engineer | Poland,linkedin,Junior Software Engineer (Java),Revolut,Poland,On-site,Full-time,Java,Junior,English,,,Recent,https://pl.linkedin.com/jobs/view/junior-software-engineer-java-at-revolut-4382448447,2026-03-23T10:54:17.261646+00:00
0,Firmware Engineer | USA,linkedin,Embedded Software Engineer,Meta,"Burlingame, CA",On-site,Full-time,,,English,,,Recent,https://www.linkedin.com/jobs/view/embedded-software-engineer-at-meta-4301803390,2026-03-23T10:54:19.873924+00:00
0,Firmware Engineer | USA,linkedin,New Grad Software Engineer,Authentic,"New York, NY",On-site,Full-time,,,English,,,Recent,https://www.linkedin.com/jobs/view/new-grad-software-engineer-at-authentic-4377107338,2026-03-23T10:54:19.874108+00:00
0,Firmware Engineer | USA,linkedin,Embedded Software Engineer,Meta,"Redmond, WA",On-site,Full-time,,,English,,,Recent,https://www.linkedin.com/jobs/view/embedded-software-engineer-at-meta-4301812138,2026-03-23T10:54:19.874270+00:00
0,Firmware Engineer | USA,linkedin,Embedded Software Engineer,Meta,"Sunnyvale, CA",On-site,Full-time,,,English,,,Recent,https://www.linkedin.com/jobs/view/embedded-software-engineer-at-meta-4301499980,2026-03-23T10:54:19.874433+00:00
0,Firmware Engineer | USA,linkedin,"Software Engineer, Rider",Lyft,"New York, NY",On-site,Full-time,,,English,,,Recent,https://www.linkedin.com/jobs/view/software-engineer-rider-at-lyft-4382127500,2026-03-23T10:54:19.874605+00:00
0,Firmware Engineer | USA,linkedin,Embedded Software Engineer,Meta,"San Diego, CA",On-site,Full-time,,,English,,,Recent,https://www.linkedin.com/jobs/view/embedded-software-engineer-at-meta-4301812137,2026-03-23T10:54:19.874761+00:00
0,Firmware Engineer | USA,linkedin,Embedded Software Engineer,Meta,"Austin, TX",On-site,Full-time,,,English,,,Recent,https://www.linkedin.com/jobs/view/embedded-software-engineer-at-meta-4301819047,2026-03-23T10:54:19.875059+00:00
0,Firmware Engineer | USA,linkedin,Embedded Software Engineer Intern,Nuro,"Mountain View, CA",On-site,Internship,,Intern,English,,,Recent,https://www.linkedin.com/jobs/view/embedded-software-engineer-intern-at-nuro-4360007303,2026-03-23T10:54:19.875211+00:00
0,Firmware Engineer | United Kingdom,linkedin,"Software Engineer, New Grad",Deliveroo,"London, England, United Kingdom",On-site,Full-time,,,English,,,Recent,https://uk.linkedin.com/jobs/view/software-engineer-new-grad-at-deliveroo-4379662791,2026-03-23T10:54:22.328317+00:00
0,Firmware Engineer | United Kingdom,linkedin,Embedded Software Engineer,Belcan,"Portsmouth, England, United Kingdom",On-site,Full-time,,,English,,,Recent,https://uk.linkedin.com/jobs/view/embedded-software-engineer-at-belcan-4386850342,2026-03-23T10:54:22.328503+00:00
0,Firmware Engineer | United Kingdom,linkedin,Junior Software Engineer,Tripadvisor,"London, England, United Kingdom",On-site,Full-time,,Junior,English,,,Recent,https://uk.linkedin.com/jobs/view/junior-software-engineer-at-tripadvisor-4314044699,2026-03-23T10:54:22.328685+00:00
0,Firmware Engineer | United Kingdom,linkedin,Embedded Software Engineer Intern (12 months),SLB,"Stonehouse, England, United Kingdom",On-site,Internship,,Intern,English,,,Recent,https://uk.linkedin.com/jobs/view/embedded-software-engineer-intern-12-months-at-slb-4383032783,2026-03-23T10:54:22.328843+00:00
0,Firmware Engineer | United Kingdom,linkedin,"Software Engineer, Infrastructure",Meta,United Kingdom,On-site,Full-time,,,English,,,Recent,https://uk.linkedin.com/jobs/view/software-engineer-infrastructure-at-meta-4254319485,2026-03-23T10:54:22.329002+00:00
0,Firmware Engineer | United Kingdom,linkedin,Software Engineer,Red Bull Racing & Red Bull Technology,"Milton Keynes, England, United Kingdom",On-site,Full-time,,,English,,,Recent,https://uk.linkedin.com/jobs/view/software-engineer-at-red-bull-racing-red-bull-technology-4375990471,2026-03-23T10:54:22.329153+00:00
0,Firmware Engineer | United Kingdom,linkedin,Graduate Software Engineer,hackajob,"Edinburgh, Scotland, United Kingdom",On-site,Full-time,,Graduate,English,,,Recent,https://uk.linkedin.com/jobs/view/graduate-software-engineer-at-hackajob-4385600770,2026-03-23T10:54:22.329308+00:00
0,Firmware Engineer | United Kingdom,linkedin,Software Engineer - London,Zopa Bank,"London, England, United Kingdom",On-site,Full-time,,,English,,,Recent,https://uk.linkedin.com/jobs/view/software-engineer-london-at-zopa-bank-4036813631,2026-03-23T10:54:22.329458+00:00
0,Firmware Engineer | United Kingdom,linkedin,Software Engineer,Almac Group,"Londonderry, Northern Ireland, United Kingdom",On-site,Full-time,,,English,,,Recent,https://uk.linkedin.com/jobs/view/software-engineer-at-almac-group-4386355647,2026-03-23T10:54:22.329624+00:00
