relevance_score,search_criteria,provider,title,company,location,work_location_type,employment_type,matching_skills,missing_skills,detected_languages,matched_roles,salary_hint,posted_at_relative,link,scraped_at
44,Firmware Engineer | Poland,linkedin,Senior Java Software Engineer,Intellias,Poland,On-site,Full-time,Java,Senior,English,Senior,,Recent,https://pl.linkedin.com/jobs/view/senior-java-software-engineer-at-intellias-4389205989,2026-03-26T10:59:59.051243+00:00
29,Tester | United Kingdom,linkedin,Software Tester,Intellect Group,"Oxfordshire, England, United Kingdom",On-site,Full-time,,,English,,,Recent,https://uk.linkedin.com/jobs/view/software-tester-at-intellect-group-4387440591,2026-03-26T10:57:31.486592+00:00
29,Python Test | USA,linkedin,Software Tester/QA Analyst,Intellibee Inc,"Richmond, VA",On-site,Full-time,,,English,,,Recent,https://www.linkedin.com/jobs/view/software-tester-qa-analyst-at-intellibee-inc-4387893213,2026-03-26T10:59:39.751383+00:00
29,Firmware Engineer | Austria,linkedin,Internship: Embedded Software Developer (m/f/d),NXP Semiconductors,"Gratkorn, Styria, Austria",On-site,Internship,,Internship,English,,,Recent,https://at.linkedin.com/jobs/view/internship-embedded-software-developer-m-f-d-at-nxp-semiconductors-4385349797,2026-03-26T10:59:46.997203+00:00
29,Firmware Engineer | Remote,linkedin,Embedded Engineer,Intellias,Germany,Remote,Full-time,,,English,,,Recent,https://de.linkedin.com/jobs/view/embedded-engineer-at-intellias-4383707882,2026-03-26T10:59:51.843421+00:00
14,Tester | Germany,linkedin,Software Test Engineer,Jefferson Wolfe Consulting,"Dresden, Saxony, Germany",Hybrid,Contract,"Ci/Cd, Continuous Testing, Python, Robot Framework, Test Automation","R, Restassured, Junit, Testng, Docker, Gitlab Ci, Postman, Grafana, Gitlab, Cucumber",English,Expert,,Recent,https://de.linkedin.com/jobs/view/software-test-engineer-at-jefferson-wolfe-consulting-4388916122,2026-03-26T10:57:12.296883+00:00
14,Tester | Switzerland,linkedin,Senior Test Engineer,Coopers Group AG,"Berne, Switzerland",On-site,Full-time,,Senior,English,Senior,,Recent,https://ch.linkedin.com/jobs/view/senior-test-engineer-at-coopers-group-ag-4389192397,2026-03-26T10:57:17.100633+00:00
14,Tester | Switzerland,linkedin,IT Business Consultant – Software Tester,Forty2 AG,"Lausanne, Vaud, Switzerland",On-site,Full-time,,Consultant,English,Consultant,,Recent,https://ch.linkedin.com/jobs/view/it-business-consultant-%E2%80%93-software-tester-at-forty2-ag-4377720142,2026-03-26T10:57:17.101273+00:00
14,Tester | Switzerland,linkedin,Test Manager,Strativ Group,"Zurich, Switzerland",On-site,Full-time,,,English,Test Manager,,Recent,https://ch.linkedin.com/jobs/view/test-manager-at-strativ-group-4390835422,2026-03-26T10:57:17.101586+00:00
14,Tester | Remote,linkedin,Senior Pega CDH Test Engineer,Coforge,Frankfurt Rhine-Main Metropolitan Area,Remote,Full-time,,Senior,English,Senior,,Recent,https://de.linkedin.com/jobs/view/senior-pega-cdh-test-engineer-at-coforge-4389806639,2026-03-26T10:57:19.536605+00:00
14,Tester | Remote,linkedin,Senior Software Engineer in Test (Full-Stack/Python),Mindrift,"Munich, Bavaria, Germany",Remote,Full-time,Python,Senior,English,Senior,,Recent,https://de.linkedin.com/jobs/view/senior-software-engineer-in-test-full-stack-python-at-mindrift-4389002013,2026-03-26T10:57:19.536805+00:00
14,Tester | Remote,linkedin,Senior Software Engineer in Test (Full-Stack/Python),Mindrift,"Berlin, Berlin, Germany",Remote,Full-time,Python,Senior,English,Senior,,Recent,https://de.linkedin.com/jobs/view/senior-software-engineer-in-test-full-stack-python-at-mindrift-4388792594,2026-03-26T10:57:19.537128+00:00
14,Tester | Remote,linkedin,Senior Software Engineer in Test (Full-Stack/Python),Mindrift,"Stuttgart, Baden-Württemberg, Germany",Remote,Full-time,Python,Senior,English,Senior,,Recent,https://de.linkedin.com/jobs/view/senior-software-engineer-in-test-full-stack-python-at-mindrift-4389002014,2026-03-26T10:57:19.537297+00:00
14,Tester | Slovakia,linkedin,Senior Software Engineer in Test,Filevine,"Bratislava, Bratislava, Slovakia",On-site,Full-time,,Senior,English,Senior,,Recent,https://sk.linkedin.com/jobs/view/senior-software-engineer-in-test-at-filevine-4380694723,2026-03-26T10:57:21.902912+00:00
14,Tester | USA,linkedin,Quality Assurance Tester- Junior (Remote),Lensa,"Dallas, TX",Remote,Contract,Can,"Product Owner, Junior, Senior, Associate, Agile",English,Senior,,Recent,https://www.linkedin.com/jobs/view/quality-assurance-tester-junior-remote-at-lensa-4390319924,2026-03-26T10:57:29.099042+00:00
14,QA Engineer | Austria,linkedin,Senior Quality Assurance Engineer,Bybit EU,"Vienna, Austria",On-site,Full-time,,Senior,English,Senior,,Recent,https://at.linkedin.com/jobs/view/senior-quality-assurance-engineer-at-bybit-eu-4389567167,2026-03-26T10:57:36.255399+00:00
14,QA Engineer | Remote,linkedin,Senior QA Engineer (m/w/d),Fairsource,Germany,On-site,Contract,"C, Ci/Cd, Java, Javascript, Jenkins, Playwright, Python, Selenium, Test Automation, Typescript","C#, Senior, Cucumber, Gitlab, Agile, Bdd, R, Cypress, Azure, Devops",German,Senior,,Recent,https://de.linkedin.com/jobs/view/senior-qa-engineer-m-w-d-at-fairsource-4382782610,2026-03-26T10:57:40.975077+00:00
14,QA Engineer | Remote,linkedin,Senior Quality Assurance Engineer,HiveMQ,"Berlin, Berlin, Germany",Remote,Full-time,,Senior,English,Senior,,Recent,https://de.linkedin.com/jobs/view/senior-quality-assurance-engineer-at-hivemq-4364406728,2026-03-26T10:57:40.975228+00:00
14,QA Engineer | Slovakia,linkedin,Expert Quality Assurance (QA) Engineer,Qualco Group,"Bratislava, Bratislava, Slovakia",On-site,Full-time,,Expert,English,Expert,,Recent,https://sk.linkedin.com/jobs/view/expert-quality-assurance-qa-engineer-at-qualco-group-4381409824,2026-03-26T10:57:43.354652+00:00
14,QA Engineer | Slovakia,linkedin,"Senior QA Engineer, IMF",Bloomreach,Slovakia,On-site,Full-time,,Senior,English,Senior,,Recent,https://sk.linkedin.com/jobs/view/senior-qa-engineer-imf-at-bloomreach-4383319917,2026-03-26T10:57:43.355025+00:00
14,QA Engineer | Slovakia,linkedin,Manual QA Engineer (Middle/Senior) ID48059,AgileEngine,"Bratislava, Bratislava, Slovakia",On-site,Full-time,,Senior,English,Senior,,Recent,https://sk.linkedin.com/jobs/view/manual-qa-engineer-middle-senior-id48059-at-agileengine-4376735337,2026-03-26T10:57:43.355812+00:00
14,QA Engineer | Czech Republic,linkedin,Senior QA Automation Engineer - Health Care,Truelogic Software,Dominican Republic,On-site,Full-time,,Senior,English,Senior,,Recent,https://do.linkedin.com/jobs/view/senior-qa-automation-engineer-health-care-at-truelogic-software-4389942226,2026-03-26T10:57:45.731448+00:00
14,QA Engineer | Czech Republic,linkedin,Senior QA Automation Engineer (Playwright),Lumenalta,Dominican Republic,On-site,Full-time,Playwright,Senior,English,Senior,,Recent,https://do.linkedin.com/jobs/view/senior-qa-automation-engineer-playwright-at-lumenalta-4389072758,2026-03-26T10:57:45.732554+00:00
14,QA Engineer | Poland,linkedin,Senior QA Engineer,Rydoo,"Warsaw, Mazowieckie, Poland",On-site,Full-time,,Senior,English,Senior,,Recent,https://pl.linkedin.com/jobs/view/senior-qa-engineer-at-rydoo-4383329264,2026-03-26T10:57:48.092542+00:00
14,QA Engineer | Poland,linkedin,Senior QA Engineer,Coforge,"Cracow, Małopolskie, Poland",On-site,Full-time,,Senior,English,Senior,,Recent,https://pl.linkedin.com/jobs/view/senior-qa-engineer-at-coforge-4383940408,2026-03-26T10:57:48.093404+00:00
14,QA Engineer | United Kingdom,linkedin,Senior QA Engineer,White Rose Education,"Leeds, England, United Kingdom",On-site,Full-time,,Senior,English,Senior,,Recent,https://uk.linkedin.com/jobs/view/senior-qa-engineer-at-white-rose-education-4383701609,2026-03-26T10:57:52.890314+00:00
14,QA Engineer | United Kingdom,linkedin,Senior QA Engineer,MILE,"London, England, United Kingdom",On-site,Full-time,,Senior,English,Senior,,Recent,https://uk.linkedin.com/jobs/view/senior-qa-engineer-at-mile-4385321758,2026-03-26T10:57:52.891121+00:00
14,QA Engineer | United Kingdom,linkedin,Senior QA Engineer,MILE,"Manchester, England, United Kingdom",On-site,Full-time,,Senior,English,Senior,,Recent,https://uk.linkedin.com/jobs/view/senior-qa-engineer-at-mile-4385326493,2026-03-26T10:57:52.891269+00:00
14,Testingenieur | Switzerland,linkedin,Senior ICT Test Engineer (m/w/d) Temporär - Bern,INACTA,"Bern, Berne, Switzerland",On-site,Full-time,,"Senior, R",English,Senior,,Recent,https://ch.linkedin.com/jobs/view/senior-ict-test-engineer-m-w-d-tempor%C3%A4r-bern-at-inacta-4390155659,2026-03-26T10:58:22.143964+00:00
14,Testingenieur | Slovakia,linkedin,Workplace Senior Engineer with German,Deutsche Telekom IT Solutions Slovakia,"Košice, Kosice, Slovakia",On-site,Full-time,,Senior,English,Senior,,Recent,https://sk.linkedin.com/jobs/view/workplace-senior-engineer-with-german-at-deutsche-telekom-it-solutions-slovakia-4390491093,2026-03-26T10:58:26.933356+00:00
14,Testingenieur | United Kingdom,linkedin,Test Engineer,BSI,"Hemel Hempstead, England, United Kingdom",On-site,Contract,Can,"Senior, Expert",English,"Expert, Senior",,Recent,https://uk.linkedin.com/jobs/view/test-engineer-at-bsi-4385947198,2026-03-26T10:58:36.738583+00:00
14,Testingenieur | United Kingdom,linkedin,Test Engineer,BSI,"Hemel Hempstead, England, United Kingdom",On-site,Contract,Can,"Senior, Expert",English,"Expert, Senior",,Recent,https://uk.linkedin.com/jobs/view/test-engineer-at-bsi-4367290557,2026-03-26T10:58:36.738925+00:00
14,Testingenieur | United Kingdom,linkedin,Quality Assurance Engineer,Thompson Aero Seating,"Portadown, Northern Ireland, United Kingdom",On-site,Contract,Can,"Lead, Staff, Assembly",English,"Lead, Staff",,Recent,https://uk.linkedin.com/jobs/view/quality-assurance-engineer-at-thompson-aero-seating-4390041395,2026-03-26T10:58:36.739087+00:00
14,Testingenieur | United Kingdom,linkedin,Test Engineer - PPE,BSI,"Hemel Hempstead, England, United Kingdom",On-site,Contract,Can,"Senior, Expert",English,"Expert, Senior",,Recent,https://uk.linkedin.com/jobs/view/test-engineer-ppe-at-bsi-4372575424,2026-03-26T10:58:36.739241+00:00
14,Test Automation | Germany,linkedin,Senior Quality Assurance Engineer,SGI,"Berlin, Germany",Hybrid,Internship,"Continuous Testing, Python","Senior, Agile",English,Senior,,Recent,https://de.linkedin.com/jobs/view/senior-quality-assurance-engineer-at-sgi-4363260868,2026-03-26T10:58:39.185404+00:00
14,Test Automation | Germany,linkedin,Senior Quality Engineer,GLS/NXT,"Berlin, Berlin, Germany",Remote,Contract,"Can, Ci/Cd, Github Actions, Go, Java, Playwright, Python, Selenium, Test Automation, Typescript","Cypress, Kotlin, Git, Senior, Github, Datadog, Agile",English,Senior,,Recent,https://de.linkedin.com/jobs/view/senior-quality-engineer-at-gls-nxt-4381213320,2026-03-26T10:58:39.185709+00:00
14,Test Automation | Austria,linkedin,Test Manager (m/f/d),Deutsche Telekom,"Fünfkirchen, Lower Austria, Austria",On-site,Full-time,,,English,Test Manager,,Recent,https://at.linkedin.com/jobs/view/test-manager-m-f-d-at-deutsche-telekom-4390352534,2026-03-26T10:58:41.550139+00:00
14,Test Automation | Austria,linkedin,Senior Software Engineer in Test (Full-Stack/Python),Mindrift,Austria,On-site,Full-time,Python,Senior,English,Senior,,Recent,https://at.linkedin.com/jobs/view/senior-software-engineer-in-test-full-stack-python-at-mindrift-4388798079,2026-03-26T10:58:41.550949+00:00
14,Test Automation | Austria,linkedin,Senior Test Automation Engineer,AVILOO Battery Diagnostics,"Laxenburg, Lower Austria, Austria",On-site,Full-time,Test Automation,Senior,English,Senior,,Recent,https://at.linkedin.com/jobs/view/senior-test-automation-engineer-at-aviloo-battery-diagnostics-4378165473,2026-03-26T10:58:41.551406+00:00
14,Test Automation | Switzerland,linkedin,Senior Quality Control (QC) Project Lead,Eumedica Pharmaceuticals AG,"Basel, Basel, Switzerland",On-site,Contract,,"Senior, Lead",English,"Lead, Senior",,Recent,https://ch.linkedin.com/jobs/view/senior-quality-control-qc-project-lead-at-eumedica-pharmaceuticals-ag-4390145265,2026-03-26T10:58:43.925594+00:00
14,Test Automation | Switzerland,linkedin,Senior Quality Analyst,RBW Consulting,"Lachen, Schwyz, Switzerland",On-site,Full-time,,Senior,English,Senior,,Recent,https://ch.linkedin.com/jobs/view/senior-quality-analyst-at-rbw-consulting-4353430000,2026-03-26T10:58:43.926577+00:00
14,Test Automation | Switzerland,linkedin,Test Lead Software (H/F),fortil,Lausanne Metropolitan Area,On-site,Full-time,,Lead,English,Lead,,Recent,https://ch.linkedin.com/jobs/view/test-lead-software-h-f-at-fortil-4387291941,2026-03-26T10:58:43.927065+00:00
14,Test Automation | Slovakia,linkedin,Senior QA Automation Engineer,Hotovo,"Košice, Kosice, Slovakia",On-site,Full-time,,Senior,English,Senior,,Recent,https://sk.linkedin.com/jobs/view/senior-qa-automation-engineer-at-hotovo-4384485200,2026-03-26T10:58:48.673379+00:00
14,Test Automation | Slovakia,linkedin,Senior Quality Assurance Tester,Fiserv,"Bratislava, Bratislava, Slovakia",On-site,Full-time,,Senior,English,Senior,,Recent,https://sk.linkedin.com/jobs/view/senior-quality-assurance-tester-at-fiserv-4390131360,2026-03-26T10:58:48.673538+00:00
14,Test Automation | Czech Republic,linkedin,QA Lead,Powdevs,Dominican Republic,On-site,Full-time,,Lead,English,"Lead, QA Lead",,Recent,https://do.linkedin.com/jobs/view/qa-lead-at-powdevs-4383781317,2026-03-26T10:58:51.034689+00:00
14,Test Automation | Poland,linkedin,Senior Automation Engineer,SOFTETA,"Cracow, Małopolskie, Poland",On-site,Full-time,,Senior,English,Senior,,Recent,https://pl.linkedin.com/jobs/view/senior-automation-engineer-at-softeta-4388345146,2026-03-26T10:58:53.457344+00:00
14,Test Automation | USA,linkedin,QA Automation Lead,The Value Maximizer,"New York, NY",On-site,Full-time,,Lead,English,Lead,,Recent,https://www.linkedin.com/jobs/view/qa-automation-lead-at-the-value-maximizer-4389746131,2026-03-26T10:58:56.001501+00:00
14,Test Automation | United Kingdom,linkedin,Senior Quality Assurance Analyst (Customer Operations),Kroo Bank,"London, England, United Kingdom",On-site,Full-time,,Senior,English,Senior,,Recent,https://uk.linkedin.com/jobs/view/senior-quality-assurance-analyst-customer-operations-at-kroo-bank-4387808621,2026-03-26T10:58:58.430964+00:00
14,Test Automation | United Kingdom,linkedin,Senior Quality Engineer,Opus 2,"Edinburgh, Scotland, United Kingdom",On-site,Full-time,,Senior,English,Senior,,Recent,https://uk.linkedin.com/jobs/view/senior-quality-engineer-at-opus-2-4384317705,2026-03-26T10:58:58.431138+00:00
14,Test Automation | United Kingdom,linkedin,Senior Quality Assurance Tester,Dlala Studios,"Witham, England, United Kingdom",On-site,Full-time,,Senior,English,Senior,,Recent,https://uk.linkedin.com/jobs/view/senior-quality-assurance-tester-at-dlala-studios-4378767706,2026-03-26T10:58:58.431294+00:00
14,Test Automation | United Kingdom,linkedin,Testing Lead,Deloitte,"Glasgow, Scotland, United Kingdom",On-site,Full-time,,Lead,English,Lead,,Recent,https://uk.linkedin.com/jobs/view/testing-lead-at-deloitte-4383546538,2026-03-26T10:58:58.431774+00:00
14,Test Automation | United Kingdom,linkedin,Senior QA Analyst,Rebellion,"Oxford, England, United Kingdom",On-site,Full-time,,Senior,English,Senior,,Recent,https://uk.linkedin.com/jobs/view/senior-qa-analyst-at-rebellion-4383721363,2026-03-26T10:58:58.432093+00:00
14,Python Developer | Austria,linkedin,Senior Python Developer (m/f/d) - Dataspaces Project (REF5277D),Deutsche Telekom,"Fünfkirchen, Lower Austria, Austria",On-site,Contract,Python,Senior,English,Senior,,Recent,https://at.linkedin.com/jobs/view/senior-python-developer-m-f-d-dataspaces-project-ref5277d-at-deutsche-telekom-4390303244,2026-03-26T10:59:03.325255+00:00
14,Python Developer | Austria,linkedin,Senior Python Systems Developer - Functional Testing Project,Mindrift,Austria,On-site,Contract,Python,Senior,English,Senior,,Recent,https://at.linkedin.com/jobs/view/senior-python-systems-developer-functional-testing-project-at-mindrift-4389494548,2026-03-26T10:59:03.325577+00:00
14,Python Developer | Switzerland,linkedin,Co-Tech Lead & Senior Python Engineer,LocalBini,Sankt Gallen Metropolitan Area,On-site,Full-time,Python,"Senior, Lead, Tech Lead",English,"Lead, Senior",,Recent,https://ch.linkedin.com/jobs/view/co-tech-lead-senior-python-engineer-at-localbini-4379945063,2026-03-26T10:59:05.727985+00:00
14,Python Developer | Slovakia,linkedin,Senior Python Software Engineer,Bloomreach,Slovakia,On-site,Full-time,Python,Senior,English,Senior,,Recent,https://sk.linkedin.com/jobs/view/senior-python-software-engineer-at-bloomreach-4365530614,2026-03-26T10:59:10.621672+00:00
14,Python Developer | Czech Republic,linkedin,Senior Back End Engineer - Python (DR),Truelogic Software,Dominican Republic,On-site,Full-time,Python,Senior,English,Senior,,Recent,https://do.linkedin.com/jobs/view/senior-back-end-engineer-python-dr-at-truelogic-software-4388365827,2026-03-26T10:59:12.977296+00:00
14,Python Developer | Poland,linkedin,Senior Python Developer,R Systems,Poland,On-site,Full-time,Python,"Senior, R",English,Senior,,Recent,https://pl.linkedin.com/jobs/view/senior-python-developer-at-r-systems-4385001808,2026-03-26T10:59:15.373588+00:00
14,Python Test | Austria,linkedin,SENIOR SOFTWARE DEVELOPER & TEST ANAYLST,techPEOPLE Group,"Vienna, Austria",On-site,Full-time,,Senior,English,Senior,,Recent,https://at.linkedin.com/jobs/view/senior-software-developer-test-anaylst-at-techpeople-group-4390124833,2026-03-26T10:59:25.278773+00:00
14,Python Test | Switzerland,linkedin,Senior Test Automation Engineer / QA Lead (m/w/d),PEAX AG,"Lucerne, Lucerne, Switzerland",On-site,Full-time,Test Automation,"Senior, Lead",English,"Lead, QA Lead, Senior",,Recent,https://ch.linkedin.com/jobs/view/senior-test-automation-engineer-qa-lead-m-w-d-at-peax-ag-4385092784,2026-03-26T10:59:27.679480+00:00
14,Python Test | Remote,linkedin,Senior Python Systems Developer - Functional Testing Project,Mindrift,"Berlin, Berlin, Germany",Remote,Contract,Python,Senior,English,Senior,,Recent,https://de.linkedin.com/jobs/view/senior-python-systems-developer-functional-testing-project-at-mindrift-4389498432,2026-03-26T10:59:30.067211+00:00
14,Python Test | Remote,linkedin,Senior Python Systems Developer - Functional Testing Project,Mindrift,"Frankfurt am Main, Hesse, Germany",Remote,Contract,Python,Senior,English,Senior,,Recent,https://de.linkedin.com/jobs/view/senior-python-systems-developer-functional-testing-project-at-mindrift-4389702352,2026-03-26T10:59:30.067368+00:00
14,Python Test | Remote,linkedin,Senior Python Systems Developer - Functional Testing Project,Mindrift,"Hamburg, Hamburg, Germany",Remote,Contract,Python,Senior,English,Senior,,Recent,https://de.linkedin.com/jobs/view/senior-python-systems-developer-functional-testing-project-at-mindrift-4389488814,2026-03-26T10:59:30.067525+00:00
14,Python Test | Remote,linkedin,Senior Python Systems Developer - Functional Testing Project,Mindrift,"Stuttgart, Baden-Württemberg, Germany",Remote,Contract,Python,Senior,English,Senior,,Recent,https://de.linkedin.com/jobs/view/senior-python-systems-developer-functional-testing-project-at-mindrift-4389496463,2026-03-26T10:59:30.067846+00:00
14,Python Test | Czech Republic,linkedin,Senior SDET,Perform,Dominican Republic,On-site,Full-time,,Senior,English,Senior,,Recent,https://do.linkedin.com/jobs/view/senior-sdet-at-perform-4344131612,2026-03-26T10:59:34.813951+00:00
14,Python Test | Poland,linkedin,Senior Software Engineer in Test (Full-Stack/Python),Mindrift,Poland,On-site,Full-time,Python,Senior,English,Senior,,Recent,https://pl.linkedin.com/jobs/view/senior-software-engineer-in-test-full-stack-python-at-mindrift-4388777983,2026-03-26T10:59:37.207248+00:00
14,Python Test | USA,linkedin,Senior Software QA Engineer,Nova Biomedical,"Norwood, MA",On-site,Full-time,,Senior,English,Senior,,Recent,https://www.linkedin.com/jobs/view/senior-software-qa-engineer-at-nova-biomedical-4390059122,2026-03-26T10:59:39.750782+00:00
14,Python Test | United Kingdom,linkedin,Senior Test Engineer,Kainos,United Kingdom,On-site,Full-time,,Senior,English,Senior,,Recent,https://uk.linkedin.com/jobs/view/senior-test-engineer-at-kainos-4384047666,2026-03-26T10:59:42.225454+00:00
14,Python Test | United Kingdom,linkedin,Senior Software Engineer in Test (Full-Stack/Python),Mindrift,"London, England, United Kingdom",On-site,Full-time,Python,Senior,English,Senior,,Recent,https://uk.linkedin.com/jobs/view/senior-software-engineer-in-test-full-stack-python-at-mindrift-4388791634,2026-03-26T10:59:42.225786+00:00
14,Python Test | United Kingdom,linkedin,Senior Software Engineer in Test (Full-Stack/Python),Mindrift,"Birmingham, England, United Kingdom",On-site,Full-time,Python,Senior,English,Senior,,Recent,https://uk.linkedin.com/jobs/view/senior-software-engineer-in-test-full-stack-python-at-mindrift-4388781900,2026-03-26T10:59:42.226246+00:00
14,Python Test | United Kingdom,linkedin,Senior Software Engineer in Test (Full-Stack/Python),Mindrift,"Manchester, England, United Kingdom",On-site,Full-time,Python,Senior,English,Senior,,Recent,https://uk.linkedin.com/jobs/view/senior-software-engineer-in-test-full-stack-python-at-mindrift-4388780951,2026-03-26T10:59:42.226397+00:00
14,Firmware Engineer | Germany,linkedin,Senior Software Engineer - Nvidia Platform,Autobrains Technologies,"Munich, Bavaria, Germany",On-site,Full-time,,Senior,English,Senior,,Recent,https://de.linkedin.com/jobs/view/senior-software-engineer-nvidia-platform-at-autobrains-technologies-4380448307,2026-03-26T10:59:44.624293+00:00
14,Firmware Engineer | Switzerland,linkedin,Senior Embedded Systems Engineer,Hyperscale Power,Zürich Metropolitan Area,On-site,Full-time,Embedded Systems,Senior,English,Senior,,Recent,https://ch.linkedin.com/jobs/view/senior-embedded-systems-engineer-at-hyperscale-power-4390364519,2026-03-26T10:59:49.399663+00:00
14,Firmware Engineer | Remote,linkedin,Senior Embedded Engineer (m/w/d),QAVION GROUP,Germany,Remote,Full-time,,Senior,English,Senior,,Recent,https://de.linkedin.com/jobs/view/senior-embedded-engineer-m-w-d-at-qavion-group-4384798011,2026-03-26T10:59:51.843914+00:00
14,Firmware Engineer | Remote,linkedin,Software Engineer (Backend focused),Pubgenius Inc.,"Berlin, Berlin, Germany",Remote,Contract,"Javascript, Typescript","Project Manager, Aws, Mysql, Senior, Node.Js, Redis, React",English,Senior,,Recent,https://de.linkedin.com/jobs/view/software-engineer-backend-focused-at-pubgenius-inc-4382987359,2026-03-26T10:59:51.844223+00:00
14,Firmware Engineer | Slovakia,linkedin,Java/Kotlin Software Engineer,Innovatrics,"Bratislava, Slovakia",Remote,Contract,"Ci/Cd, Java","Aws, Junit, Graphql, Grafana, Jira, Senior, Grpc, Confluence, Junior, Gitlab Ci",English,"Lead, Senior",,Recent,https://sk.linkedin.com/jobs/view/java-kotlin-software-engineer-at-innovatrics-4388091516,2026-03-26T10:59:54.216964+00:00
14,Firmware Engineer | Slovakia,linkedin,Software Engineer,Ohpen,"Bratislava, Slovakia",Hybrid,Internship,"C, C++, Java, Rust","Aws, Senior, Terraform, Spring Boot",English,Senior,,Recent,https://sk.linkedin.com/jobs/view/software-engineer-at-ohpen-4384459298,2026-03-26T10:59:54.217382+00:00
14,Firmware Engineer | Slovakia,linkedin,Senior Software Engineer,Bloomreach,Slovakia,Remote,Contract,"Ai Agents, Can, Go, Python","Engineering Manager, Mongodb, Google Cloud, Sql, Gitlab, Senior, Redis, Kubernetes, Gcp",English,Senior,,Recent,https://sk.linkedin.com/jobs/view/senior-software-engineer-at-bloomreach-4289254318,2026-03-26T10:59:54.217703+00:00
14,Firmware Engineer | Slovakia,linkedin,Principal Software Engineer,ITmatch,Slovakia,Remote,Contract,"Go, Python","Aws, Spark, Postgresql, Principal",English,Principal,,Recent,https://sk.linkedin.com/jobs/view/principal-software-engineer-at-itmatch-4387699936,2026-03-26T10:59:54.217901+00:00
14,Firmware Engineer | Slovakia,linkedin,Node.js Software Engineer Mid-senior,Innovatrics,"Bratislava, Slovakia",Hybrid,Contract,"Can, Ci/Cd, Playwright, Typescript, Unit Testing","Git, Graphql, Jira, Senior, Junior, Gitlab Ci, Gitlab, Agile, Nestjs, Rest Api",English,Senior,,Recent,https://sk.linkedin.com/jobs/view/node-js-software-engineer-mid-senior-at-innovatrics-4386681003,2026-03-26T10:59:54.218492+00:00
14,Firmware Engineer | Czech Republic,linkedin,Senior Software Engineer,Spirit Technologies,"Santiago de los Caballeros, Santiago, Dominican Republic",On-site,Full-time,,Senior,English,Senior,,Recent,https://do.linkedin.com/jobs/view/senior-software-engineer-at-spirit-technologies-4386360120,2026-03-26T10:59:56.605813+00:00
14,Firmware Engineer | Czech Republic,linkedin,Senior Software Engineer,CrecerLab,"Santo Domingo, Distrito Nacional, Dominican Republic",On-site,Full-time,,Senior,English,Senior,,Recent,https://do.linkedin.com/jobs/view/senior-software-engineer-at-crecerlab-4386540400,2026-03-26T10:59:56.605974+00:00
14,Firmware Engineer | Poland,linkedin,Senior/Software Engineer III (Frontend),Box,"Warsaw, Mazowieckie, Poland",On-site,Full-time,,Senior,English,Senior,,Recent,https://pl.linkedin.com/jobs/view/senior-software-engineer-iii-frontend-at-box-4389214847,2026-03-26T10:59:59.051715+00:00
14,Firmware Engineer | USA,linkedin,Embedded Software Engineer,Meta,"Burlingame, CA",On-site,Internship,"C, C++, Firmware, I2C, Rtos, Spi","Machine Learning, Architect, Lead, Computer Vision",English,"Architect, Lead",,Recent,https://www.linkedin.com/jobs/view/embedded-software-engineer-at-meta-4301803390,2026-03-26T11:00:01.592313+00:00
0,Tester | Germany,linkedin,Software Engineer in Test (Berlin),Cresta,"Berlin, Berlin, Germany",On-site,Contract,"Can, Ci/Cd, Go, Playwright, Typescript","Cypress, Grafana, Manual Testing, Datadog",English,,,Recent,https://de.linkedin.com/jobs/view/software-engineer-in-test-berlin-at-cresta-4343158227,2026-03-26T10:57:12.296492+00:00
0,Tester | Germany,linkedin,QA Tester (f/m/d),justDice,"Hamburg, Hamburg, Germany",Remote,Full-time,Test Automation,"Agile, Rest Api, Manual Testing, React",English,,,Recent,https://de.linkedin.com/jobs/view/qa-tester-f-m-d-at-justdice-4384028500,2026-03-26T10:57:12.296688+00:00
0,Tester | Germany,linkedin,QA Engineer,Assemblio,"Stuttgart, Baden-Württemberg, Germany",On-site,Full-time,"Ci/Cd, Integration Testing","Cypress, Grpc, Devops",English,,,Recent,https://de.linkedin.com/jobs/view/qa-engineer-at-assemblio-4376728345,2026-03-26T10:57:12.297046+00:00
0,Tester | Germany,linkedin,QA Manager / Software Tester (all genders),JAKALA,"Hamburg, Germany",Remote,Full-time,"Playwright, Selenium","R, Product Owner",German,,,Recent,https://de.linkedin.com/jobs/view/qa-manager-software-tester-all-genders-at-jakala-4384027574,2026-03-26T10:57:12.297207+00:00
0,Tester | Germany,linkedin,Softwaretester / Quality Assurance Tester (m/w/d),INIT Group,"Karlsruhe, Baden-Württemberg, Germany",Remote,Full-time,Test Automation,"R, Confluence, Zephyr, Jira",German,,,Recent,https://de.linkedin.com/jobs/view/softwaretester-quality-assurance-tester-m-w-d-at-init-group-4389285418,2026-03-26T10:57:12.297362+00:00
0,Tester | Germany,linkedin,Software Tester / QA Engineer (m/w/d),tolltickets GmbH,Greater Munich Metropolitan Area,Hybrid,Contract,,"Postman, Sql, Jira",English,,,Recent,https://de.linkedin.com/jobs/view/software-tester-qa-engineer-m-w-d-at-tolltickets-gmbh-4388688806,2026-03-26T10:57:12.297515+00:00
0,Tester | Germany,linkedin,Software Test Engineer (m/w/d) – Banking  (ID: 22229),Da Vinci Engineering GmbH,"Karlsruhe, Baden-Württemberg, Germany",On-site,Internship,,"R, Confluence, Postman, Kanban, Jira, Associate, Scrum",German,,,Recent,https://de.linkedin.com/jobs/view/software-test-engineer-m-w-d-%E2%80%93-banking-id-22229-at-da-vinci-engineering-gmbh-4387962742,2026-03-26T10:57:12.297672+00:00
0,Tester | Germany,linkedin,Software Test Engineer (m/w/d) – Banking (ID: 22230),Da Vinci Engineering GmbH,"Münster, North Rhine-Westphalia, Germany",On-site,Full-time,,,English,,,Recent,https://de.linkedin.com/jobs/view/software-test-engineer-m-w-d-%E2%80%93-banking-id-22230-at-da-vinci-engineering-gmbh-4387968513,2026-03-26T10:57:12.297858+00:00
0,Tester | Germany,linkedin,Quality Assurance Tester (m/f/d),MoPla Solutions GmbH,"Augsburg, Bavaria, Germany",On-site,Full-time,,,English,,,Recent,https://de.linkedin.com/jobs/view/quality-assurance-tester-m-f-d-at-mopla-solutions-gmbh-4375222169,2026-03-26T10:57:12.298018+00:00
0,Tester | Austria,linkedin,Junior Test Engineer (w/m/d),Pankl Aerospace Systems,"Bruck an der Mur, Styria, Austria",Remote,Full-time,,"R, Junior, Associate",German,,,Recent,https://at.linkedin.com/jobs/view/junior-test-engineer-w-m-d-at-pankl-aerospace-systems-4383709885,2026-03-26T10:57:14.689937+00:00
0,Tester | Austria,linkedin,Software Tester*in,Agrarmarkt Austria,"Vienna, Vienna, Austria",Hybrid,Internship,,R,German,,,Recent,https://at.linkedin.com/jobs/view/software-tester-in-at-agrarmarkt-austria-4381271914,2026-03-26T10:57:14.690125+00:00
0,Tester | Austria,linkedin,Junior Test Engineer (w/m/d),Pankl Turbosystems GmbH,"Bruck an der Mur, Styria, Austria",Remote,Full-time,,"R, Junior, Associate",German,,,Recent,https://at.linkedin.com/jobs/view/junior-test-engineer-w-m-d-at-pankl-turbosystems-gmbh-4380268475,2026-03-26T10:57:14.690295+00:00
0,Tester | Austria,linkedin,Quality Assurance Engineer (m/f/d) - Test Automation (REF5206F),Deutsche Telekom,"Fünfkirchen, Lower Austria, Austria",Remote,Full-time,"Rust, Test Automation, Typescript","R, Linux, Git, Jira, Node.Js, Scrum",German,,,Recent,https://at.linkedin.com/jobs/view/quality-assurance-engineer-m-f-d-test-automation-ref5206f-at-deutsche-telekom-4390360256,2026-03-26T10:57:14.690458+00:00
0,Tester | Austria,linkedin,Test Engineer,Noir,"Linz, Upper Austria, Austria",Hybrid,Full-time,"Ci/Cd, Jenkins, Selenium, Test Automation","Regression Testing, Postman, Jira, Scrum, Agile",English,,,Recent,https://at.linkedin.com/jobs/view/test-engineer-at-noir-4388338949,2026-03-26T10:57:14.690635+00:00
0,Tester | Austria,linkedin,Test Automation Engineer (m/f/d),Deutsche Telekom,"Fünfkirchen, Lower Austria, Austria",On-site,Full-time,"Ci/Cd, Java, Playwright, Selenium, Test Automation","R, Cypress",German,,,Recent,https://at.linkedin.com/jobs/view/test-automation-engineer-m-f-d-at-deutsche-telekom-4386366897,2026-03-26T10:57:14.690819+00:00
0,Tester | Austria,linkedin,Software Test Engineer & Documentation Writer (w/m/d),Delegate Group,"Vienna, Vienna, Austria",On-site,Full-time,"Ci/Cd, Continuous Testing, Playwright, Selenium, Test Automation","R, Sql Server, Azure, Oracle, Docker, Kanban, Sql, Devops, Associate, Microservices",German,,,Recent,https://at.linkedin.com/jobs/view/software-test-engineer-documentation-writer-w-m-d-at-delegate-group-4379825967,2026-03-26T10:57:14.690978+00:00
0,Tester | Austria,linkedin,Test & System Engineer,Akkodis,"Vienna, Austria",Remote,Internship,,,German,,,Recent,https://at.linkedin.com/jobs/view/test-system-engineer-at-akkodis-4389195188,2026-03-26T10:57:14.691131+00:00
0,Tester | Austria,linkedin,Test Engineer Embedded Software,SBG Associates,"Vienna, Austria",Remote,Full-time,"C, C++, Embedded Systems, Firmware",,English,,,Recent,https://at.linkedin.com/jobs/view/test-engineer-embedded-software-at-sbg-associates-4386673278,2026-03-26T10:57:14.691282+00:00
0,Tester | Austria,linkedin,Reliability & Parametric Test Engineer (ONSITE in Switzerland),Gramian Consulting,Austria,On-site,Contract,"C, Python","R, Linux",English,,,Recent,https://at.linkedin.com/jobs/view/reliability-parametric-test-engineer-onsite-in-switzerland-at-gramian-consulting-4386064487,2026-03-26T10:57:14.691433+00:00
0,Tester | Switzerland,linkedin,Test Engineer,Antaes Consulting,Zürich Metropolitan Area,On-site,Full-time,,,English,,,Recent,https://ch.linkedin.com/jobs/view/test-engineer-at-antaes-consulting-4387096005,2026-03-26T10:57:17.100121+00:00
0,Tester | Switzerland,linkedin,Software Test Engineer (a),StaffLnk GmbH,"Berne, Switzerland",On-site,Full-time,,,English,,,Recent,https://ch.linkedin.com/jobs/view/software-test-engineer-a-at-stafflnk-gmbh-4378901898,2026-03-26T10:57:17.100311+00:00
0,Tester | Switzerland,linkedin,Software Tester,yiuu.io | Sandro Toneatto Consulting,"Zurich, Zurich, Switzerland",On-site,Full-time,,,English,,,Recent,https://ch.linkedin.com/jobs/view/software-tester-at-yiuu-io-sandro-toneatto-consulting-4389186046,2026-03-26T10:57:17.100479+00:00
0,Tester | Switzerland,linkedin,Test Engineer (Contract),adesso Schweiz AG,"Bern, Berne, Switzerland",On-site,Contract,,,English,,,Recent,https://ch.linkedin.com/jobs/view/test-engineer-contract-at-adesso-schweiz-ag-4390011803,2026-03-26T10:57:17.100814+00:00
0,Tester | Switzerland,linkedin,Test Automation Engineer,Coopers Group AG,"Risch-Rotkreuz, Zug, Switzerland",On-site,Full-time,Test Automation,,English,,,Recent,https://ch.linkedin.com/jobs/view/test-automation-engineer-at-coopers-group-ag-4384481157,2026-03-26T10:57:17.100968+00:00
0,Tester | Switzerland,linkedin,Software Test Automation Engineer,AYES - Management & Technology Consulting,Switzerland,On-site,Full-time,Test Automation,,English,,,Recent,https://ch.linkedin.com/jobs/view/software-test-automation-engineer-at-ayes-management-technology-consulting-4383801077,2026-03-26T10:57:17.101119+00:00
0,Tester | Switzerland,linkedin,Tester Elettronico,Randstad Switzerland,"Bellinzona, Ticino, Switzerland",On-site,Full-time,,,English,,,Recent,https://ch.linkedin.com/jobs/view/tester-elettronico-at-randstad-switzerland-4380287430,2026-03-26T10:57:17.101438+00:00
0,Tester | Remote,linkedin,App-Tester  (m/w/d),clickworker,Germany,Remote,Full-time,,,English,,,Recent,https://de.linkedin.com/jobs/view/app-tester-m-w-d-at-clickworker-4375907759,2026-03-26T10:57:19.536081+00:00
0,Tester | Remote,linkedin,Quality Assurance Engineer (m/w/d),ISO-Gruppe,"Bonn, North Rhine-Westphalia, Germany",Remote,Full-time,,,English,,,Recent,https://de.linkedin.com/jobs/view/quality-assurance-engineer-m-w-d-at-iso-gruppe-4358570111,2026-03-26T10:57:19.536280+00:00
0,Tester | Remote,linkedin,Test Engineer (w/m/d) - Deutschlandweit,smapOne AG,Germany,Remote,Full-time,,,English,,,Recent,https://de.linkedin.com/jobs/view/test-engineer-w-m-d-deutschlandweit-at-smapone-ag-4373535881,2026-03-26T10:57:19.536443+00:00
0,Tester | Remote,linkedin,Test Engineer (all genders),DEVELOGIC - Subsea Technology,"Hamburg, Hamburg, Germany",Remote,Full-time,,,English,,,Recent,https://de.linkedin.com/jobs/view/test-engineer-all-genders-at-develogic-subsea-technology-4384249725,2026-03-26T10:57:19.536968+00:00
0,Tester | Remote,linkedin,Software Test Engineer (m/w/d) mit Karriereambitionen,Auralis Group,Germany,Remote,Full-time,,,German,,,Recent,https://de.linkedin.com/jobs/view/software-test-engineer-m-w-d-mit-karriereambitionen-at-auralis-group-4386665244,2026-03-26T10:57:19.537510+00:00
0,Tester | Remote,linkedin,Reliability & Parametric Test Engineer (ONSITE in Switzerland),Gramian Consulting,Germany,Remote,Full-time,,,English,,,Recent,https://de.linkedin.com/jobs/view/reliability-parametric-test-engineer-onsite-in-switzerland-at-gramian-consulting-4386058820,2026-03-26T10:57:19.537801+00:00
0,Tester | Slovakia,linkedin,Student SW Tester (Part-time position),Surglogs,Slovakia,On-site,Internship,,,English,,,Recent,https://sk.linkedin.com/jobs/view/student-sw-tester-part-time-position-at-surglogs-4380933837,2026-03-26T10:57:21.902515+00:00
0,Tester | Slovakia,linkedin,IT Tester ČSOB (m/ž),ČSOB Finančná skupina,"Bratislava, Slovakia",On-site,Full-time,,,English,,,Recent,https://sk.linkedin.com/jobs/view/it-tester-%C4%8Dsob-m-%C5%BE-at-%C4%8Dsob-finan%C4%8Dn%C3%A1-skupina-4354445255,2026-03-26T10:57:21.902716+00:00
0,Tester | Slovakia,linkedin,Manual QA Tester,Descartes Systems Group,"Žilina, Zilina, Slovakia",On-site,Full-time,,,English,,,Recent,https://sk.linkedin.com/jobs/view/manual-qa-tester-at-descartes-systems-group-4382115365,2026-03-26T10:57:21.903073+00:00
0,Tester | Slovakia,linkedin,Fresh Graduate - Software Test Engineer,Caterpillar Inc.,"Košice, Kosice, Slovakia",On-site,Full-time,,Graduate,English,,,Recent,https://sk.linkedin.com/jobs/view/fresh-graduate-software-test-engineer-at-caterpillar-inc-4388365868,2026-03-26T10:57:21.903250+00:00
0,Tester | Slovakia,linkedin,Test engineer,Magna International,"Kechnec, Kosice, Slovakia",On-site,Internship,,,English,,,Recent,https://sk.linkedin.com/jobs/view/test-engineer-at-magna-international-4219197667,2026-03-26T10:57:21.903415+00:00
0,Tester | Slovakia,linkedin,Test Engineer,Multitude,"Bratislava, Bratislava, Slovakia",On-site,Full-time,,,English,,,Recent,https://sk.linkedin.com/jobs/view/test-engineer-at-multitude-4379037173,2026-03-26T10:57:21.903566+00:00
0,Tester | Slovakia,linkedin,Test engineer-1,Magna International,"Kechnec, Kosice, Slovakia",On-site,Internship,,,English,,,Recent,https://sk.linkedin.com/jobs/view/test-engineer-1-at-magna-international-4284413507,2026-03-26T10:57:21.903717+00:00
0,Tester | Slovakia,linkedin,Agile Test Engineer,ESET,"Bratislava, Bratislava, Slovakia",On-site,Full-time,,Agile,English,,,Recent,https://sk.linkedin.com/jobs/view/agile-test-engineer-at-eset-4375989657,2026-03-26T10:57:21.903893+00:00
0,Tester | Slovakia,linkedin,Medior Agile Tester,ESET,"Bratislava, Bratislava, Slovakia",On-site,Full-time,,Agile,English,,,Recent,https://sk.linkedin.com/jobs/view/medior-agile-tester-at-eset-4374813990,2026-03-26T10:57:21.904056+00:00
0,Tester | Czech Republic,linkedin,QA Tester,Infosyp,"Santo Domingo de Guzmán, Distrito Nacional, Dominican Republic",On-site,Full-time,,,English,,,Recent,https://do.linkedin.com/jobs/view/qa-tester-at-infosyp-4380484222,2026-03-26T10:57:24.225271+00:00
0,Tester | Czech Republic,linkedin,Líder Tester Automatizador TI,Banco Popular Dominicano,"Santo Domingo, Dominican Republic",On-site,Full-time,,,English,,,Recent,https://do.linkedin.com/jobs/view/l%C3%ADder-tester-automatizador-ti-at-banco-popular-dominicano-4390034588,2026-03-26T10:57:24.225464+00:00
0,Tester | Czech Republic,linkedin,Test Engineer,Eaton,"Bajos de Haina, San Cristóbal, Dominican Republic",On-site,Full-time,,,English,,,Recent,https://do.linkedin.com/jobs/view/test-engineer-at-eaton-4353191207,2026-03-26T10:57:24.225636+00:00
0,Tester | Czech Republic,linkedin,Test Engineer,Rockwell Automation,"Santo Domingo, Distrito Nacional, Dominican Republic",On-site,Full-time,,,English,,,Recent,https://do.linkedin.com/jobs/view/test-engineer-at-rockwell-automation-4380581844,2026-03-26T10:57:24.225818+00:00
0,Tester | Czech Republic,linkedin,Software Development Engineer in Test,Origami Risk,"Santo Domingo, Distrito Nacional, Dominican Republic",On-site,Full-time,,,English,,,Recent,https://do.linkedin.com/jobs/view/software-development-engineer-in-test-at-origami-risk-4390621348,2026-03-26T10:57:24.225986+00:00
0,Tester | Czech Republic,linkedin,Técnico Electrónico II,Eaton,"Bajos de Haina, San Cristóbal, Dominican Republic",On-site,Full-time,,,English,,,Recent,https://do.linkedin.com/jobs/view/t%C3%A9cnico-electr%C3%B3nico-ii-at-eaton-4378934782,2026-03-26T10:57:24.226156+00:00
0,Tester | Czech Republic,linkedin,Coordinator.MFG.Maintenance,Eaton,"Santiago de los Caballeros, Santiago, Dominican Republic",On-site,Full-time,,,English,,,Recent,https://do.linkedin.com/jobs/view/coordinator-mfg-maintenance-at-eaton-4375530633,2026-03-26T10:57:24.226317+00:00
0,Tester | Poland,linkedin,Manual Tester,Jit Team,"Gdańsk, Pomorskie, Poland",On-site,Full-time,,,English,,,Recent,https://pl.linkedin.com/jobs/view/manual-tester-at-jit-team-4389792115,2026-03-26T10:57:26.637158+00:00
0,Tester | Poland,linkedin,Software Engineer in Test (f/m/n),InPost,"Cracow, Małopolskie, Poland",On-site,Full-time,,,English,,,Recent,https://pl.linkedin.com/jobs/view/software-engineer-in-test-f-m-n-at-inpost-4389192771,2026-03-26T10:57:26.637355+00:00
0,Tester | Poland,linkedin,Intermediate Test Engineer - OP02078,Dev.Pro,"Wrocław, Dolnośląskie, Poland",On-site,Full-time,,,English,,,Recent,https://pl.linkedin.com/jobs/view/intermediate-test-engineer-op02078-at-dev-pro-4384854473,2026-03-26T10:57:26.637523+00:00
0,Tester | Poland,linkedin,Software Test Engineer,Rho,Poland,On-site,Contract,Can,"R, Safe, Performance Testing, Sql, Snowflake, Agile",English,,,Recent,https://pl.linkedin.com/jobs/view/software-test-engineer-at-rho-4308483608,2026-03-26T10:57:26.637686+00:00
0,Tester | Poland,linkedin,Junior Test Specialist/QA Engineer (f/m),Netcompany,"Warsaw, Mazowieckie, Poland",On-site,Full-time,,Junior,English,,,Recent,https://pl.linkedin.com/jobs/view/junior-test-specialist-qa-engineer-f-m-at-netcompany-4388072621,2026-03-26T10:57:26.637865+00:00
0,Tester | Poland,linkedin,Software Test Engineer,Wipro,"Warsaw, Mazowieckie, Poland",Remote,Internship,Can,"Agile, Devops",English,,,Recent,https://pl.linkedin.com/jobs/view/software-test-engineer-at-wipro-4374597173,2026-03-26T10:57:26.638027+00:00
0,Tester | Poland,linkedin,Junior Video Game Tester (FPS Player),8Bit - Games Industry Recruitment,"Warsaw, Mazowieckie, Poland",On-site,Full-time,,Junior,English,,,Recent,https://pl.linkedin.com/jobs/view/junior-video-game-tester-fps-player-at-8bit-games-industry-recruitment-4377829596,2026-03-26T10:57:26.638179+00:00
0,Tester | Poland,linkedin,Test Engineer,Global Connect Technologies,Poland,On-site,Full-time,,,English,,,Recent,https://pl.linkedin.com/jobs/view/test-engineer-at-global-connect-technologies-4388130532,2026-03-26T10:57:26.638350+00:00
0,Tester | Poland,linkedin,QA Tester/ QA Testerka,ALVO Medical,"Śmigiel, Wielkopolskie, Poland",On-site,Full-time,,,English,,,Recent,https://pl.linkedin.com/jobs/view/qa-tester-qa-testerka-at-alvo-medical-4389782625,2026-03-26T10:57:26.638510+00:00
0,Tester | Poland,linkedin,"Tester / Testerka  - Wroclaw (Dolnośląskie), Polska",Astek,Wroclaw Metropolitan Area,On-site,Full-time,,,English,,,Recent,https://pl.linkedin.com/jobs/view/tester-testerka-wroclaw-dolno%C5%9Bl%C4%85skie-polska-at-astek-4358055143,2026-03-26T10:57:26.638669+00:00
0,Tester | USA,linkedin,[Entry Level] Software Tester,Lensa,"Bellevue, WA",On-site,Full-time,,,English,,,Recent,https://www.linkedin.com/jobs/view/entry-level-software-tester-at-lensa-4390330282,2026-03-26T10:57:29.098663+00:00
0,Tester | USA,linkedin,Manual Quality Assurance Tester,Creyos,United States,On-site,Full-time,,,English,,,Recent,https://www.linkedin.com/jobs/view/manual-quality-assurance-tester-at-creyos-4389792911,2026-03-26T10:57:29.098879+00:00
0,Tester | USA,linkedin,Functional Tester (Remote),Mind Computing,United States,Remote,Full-time,,,English,,,Recent,https://www.linkedin.com/jobs/view/functional-tester-remote-at-mind-computing-4390612375,2026-03-26T10:57:29.099193+00:00
0,Tester | USA,linkedin,Manual tester,BCforward,"Rochester, MN",On-site,Full-time,,,English,,,Recent,https://www.linkedin.com/jobs/view/manual-tester-at-bcforward-4382132487,2026-03-26T10:57:29.099348+00:00
0,Tester | USA,linkedin,Manual QA Analyst,Lensa,United States,On-site,Full-time,,,English,,,Recent,https://www.linkedin.com/jobs/view/manual-qa-analyst-at-lensa-4390319883,2026-03-26T10:57:29.099498+00:00
0,Tester | USA,linkedin,[Entry Level] Software Tester,Lensa,"Englewood Cliffs, NJ",On-site,Full-time,,,English,,,Recent,https://www.linkedin.com/jobs/view/entry-level-software-tester-at-lensa-4390810276,2026-03-26T10:57:29.099647+00:00
0,Tester | USA,linkedin,Junior Software Tester,Penta Research Incorporated,"Huntsville, AL",On-site,Full-time,,Junior,English,,,Recent,https://www.linkedin.com/jobs/view/junior-software-tester-at-penta-research-incorporated-4390660450,2026-03-26T10:57:29.099825+00:00
0,Tester | USA,linkedin,Manual Tester,Revel IT,"Columbus, OH",On-site,Full-time,,,English,,,Recent,https://www.linkedin.com/jobs/view/manual-tester-at-revel-it-4389789015,2026-03-26T10:57:29.099980+00:00
0,Tester | USA,linkedin,Software Test (QA) Engineer,The Mechanical Licensing Collective,United States,On-site,Full-time,,,English,,,Recent,https://www.linkedin.com/jobs/view/software-test-qa-engineer-at-the-mechanical-licensing-collective-4387993980,2026-03-26T10:57:29.100125+00:00
0,Tester | United Kingdom,linkedin,QA Tester,Methods,"London, England, United Kingdom",On-site,Full-time,,,English,,,Recent,https://uk.linkedin.com/jobs/view/qa-tester-at-methods-4374556931,2026-03-26T10:57:31.485297+00:00
0,Tester | United Kingdom,linkedin,QA Test Engineer,Partnerize,"Newcastle Upon Tyne, England, United Kingdom",On-site,Full-time,,,English,,,Recent,https://uk.linkedin.com/jobs/view/qa-test-engineer-at-partnerize-4386764771,2026-03-26T10:57:31.485483+00:00
0,Tester | United Kingdom,linkedin,Software Development Engineer In Test,Protect Line,United Kingdom,On-site,Full-time,,,English,,,Recent,https://uk.linkedin.com/jobs/view/software-development-engineer-in-test-at-protect-line-4387006623,2026-03-26T10:57:31.485642+00:00
0,Tester | United Kingdom,linkedin,Test Engineer,MacTaggart Scott,"Loanhead, Scotland, United Kingdom",On-site,Full-time,,,English,,,Recent,https://uk.linkedin.com/jobs/view/test-engineer-at-mactaggart-scott-4389462389,2026-03-26T10:57:31.485822+00:00
0,Tester | United Kingdom,linkedin,Junior QA / Software Tester,Apply4U | Apply4U | Human-Assisted AI Job & Recruitment Platform,United Kingdom,On-site,Full-time,,Junior,English,,,Recent,https://uk.linkedin.com/jobs/view/junior-qa-software-tester-at-apply4u-apply4u-human-assisted-ai-job-recruitment-platform-4385852492,2026-03-26T10:57:31.485981+00:00
0,Tester | United Kingdom,linkedin,Software Tester - Fully Remote,Nucleus Financial,United Kingdom,Remote,Full-time,,,English,,,Recent,https://uk.linkedin.com/jobs/view/software-tester-fully-remote-at-nucleus-financial-4389722009,2026-03-26T10:57:31.486128+00:00
0,Tester | United Kingdom,linkedin,Software Test Engineer,LRQA,"Birmingham, England, United Kingdom",On-site,Full-time,,,English,,,Recent,https://uk.linkedin.com/jobs/view/software-test-engineer-at-lrqa-4389069267,2026-03-26T10:57:31.486278+00:00
0,Tester | United Kingdom,linkedin,QA Manual Test Engineer,Expleo Group,"Birmingham, England, United Kingdom",On-site,Full-time,,,English,,,Recent,https://uk.linkedin.com/jobs/view/qa-manual-test-engineer-at-expleo-group-4383328507,2026-03-26T10:57:31.486441+00:00
0,Tester | United Kingdom,linkedin,QA Tester,Anson McCade,"England, United Kingdom",On-site,Full-time,,,English,,,Recent,https://uk.linkedin.com/jobs/view/qa-tester-at-anson-mccade-4382591708,2026-03-26T10:57:31.486762+00:00
0,QA Engineer | Germany,linkedin,Quality Assurance Engineer,iO Associates,"Göttingen, Lower Saxony, Germany",On-site,Full-time,,,English,,,Recent,https://de.linkedin.com/jobs/view/quality-assurance-engineer-at-io-associates-4388962416,2026-03-26T10:57:33.893788+00:00
0,QA Engineer | Germany,linkedin,QA Engineer,Westernacher Solutions,"Berlin, Germany",On-site,Full-time,,,English,,,Recent,https://de.linkedin.com/jobs/view/qa-engineer-at-westernacher-solutions-4385715894,2026-03-26T10:57:33.894107+00:00
0,QA Engineer | Germany,linkedin,Quality Assurance Engineer (f/m/d),Renesas Electronics,"Nabern, Baden-Württemberg, Germany",On-site,Full-time,,,English,,,Recent,https://de.linkedin.com/jobs/view/quality-assurance-engineer-f-m-d-at-renesas-electronics-4389742869,2026-03-26T10:57:33.894891+00:00
0,QA Engineer | Austria,linkedin,QA Engineer,ComeOn Group,"Graz, Styria, Austria",On-site,Full-time,,,English,,,Recent,https://at.linkedin.com/jobs/view/qa-engineer-at-comeon-group-4388961026,2026-03-26T10:57:36.255074+00:00
0,QA Engineer | Austria,linkedin,Software Quality Engineer,Ketryx,"Vienna, Vienna, Austria",On-site,Full-time,,,English,,,Recent,https://at.linkedin.com/jobs/view/software-quality-engineer-at-ketryx-4308973953,2026-03-26T10:57:36.255243+00:00
0,QA Engineer | Austria,linkedin,QA Engineer: Manual Testing (Mobile & Backend),Tractive,"Linz, Upper Austria, Austria",Remote,Full-time,,Manual Testing,English,,,Recent,https://at.linkedin.com/jobs/view/qa-engineer-manual-testing-mobile-backend-at-tractive-4389059370,2026-03-26T10:57:36.255554+00:00
0,QA Engineer | Austria,linkedin,QA Engineer (AI native),nyra health,"Vienna, Austria",On-site,Full-time,,,English,,,Recent,https://at.linkedin.com/jobs/view/qa-engineer-ai-native-at-nyra-health-4380894667,2026-03-26T10:57:36.256052+00:00
0,QA Engineer | Switzerland,linkedin,Ingénieur tests/Ingénieure tests,CLEEVEN,"Vaud, Switzerland",On-site,Full-time,,,English,,,Recent,https://ch.linkedin.com/jobs/view/ing%C3%A9nieur-tests-ing%C3%A9nieure-tests-at-cleeven-4389235202,2026-03-26T10:57:38.625715+00:00
0,QA Engineer | Switzerland,linkedin,Quality Assurance Engineer 100%,"Bodenmiller Recruitment GmbH | Recruitment for critical hires in Life Sciences, IT, and Engineering","Schaffhausen, Switzerland",Remote,Full-time,,,English,,,Recent,https://ch.linkedin.com/jobs/view/quality-assurance-engineer-100%25-at-bodenmiller-recruitment-gmbh-recruitment-for-critical-hires-in-life-sciences-it-and-engineering-4383310226,2026-03-26T10:57:38.625908+00:00
0,QA Engineer | Switzerland,linkedin,QA GDP Engineer,GXP CONSULTING Switzerland,Basel Metropolitan Area,On-site,Full-time,,,English,,,Recent,https://ch.linkedin.com/jobs/view/qa-gdp-engineer-at-gxp-consulting-switzerland-4384471873,2026-03-26T10:57:38.626075+00:00
0,QA Engineer | Switzerland,linkedin,QA Engineer,qiibee,Switzerland,On-site,Full-time,,,English,,,Recent,https://ch.linkedin.com/jobs/view/qa-engineer-at-qiibee-4381273286,2026-03-26T10:57:38.626228+00:00
0,QA Engineer | Switzerland,linkedin,Quality Assurance Engineer,Rayner,"St Gallen, Switzerland",On-site,Full-time,,,English,,,Recent,https://ch.linkedin.com/jobs/view/quality-assurance-engineer-at-rayner-4377842716,2026-03-26T10:57:38.626375+00:00
0,QA Engineer | Switzerland,linkedin,QA qualification engineer,agap2 Switzerland,"Basel, Basel, Switzerland",On-site,Full-time,,,English,,,Recent,https://ch.linkedin.com/jobs/view/qa-qualification-engineer-at-agap2-switzerland-4387567736,2026-03-26T10:57:38.626675+00:00
0,QA Engineer | Switzerland,linkedin,QA Engineer,WEDO,"Fribourg, Fribourg, Switzerland",On-site,Full-time,,,English,,,Recent,https://ch.linkedin.com/jobs/view/qa-engineer-at-wedo-4384804112,2026-03-26T10:57:38.627022+00:00
0,QA Engineer | Remote,linkedin,Entry-Level Quality Assurance Engineer,Prerana Energy Professional's Co-Op. Society,Germany,Remote,Full-time,,Entry-Level,English,,,Recent,https://de.linkedin.com/jobs/view/entry-level-quality-assurance-engineer-at-prerana-energy-professional-s-co-op-society-4390838320,2026-03-26T10:57:40.974116+00:00
0,QA Engineer | Remote,linkedin,"QA Engineer (freelance contract, full-time)",Lumiform,Germany,Remote,Contract,,,English,,,Recent,https://de.linkedin.com/jobs/view/qa-engineer-freelance-contract-full-time-at-lumiform-4375538991,2026-03-26T10:57:40.974277+00:00
0,QA Engineer | Remote,linkedin,QA Specialist / QA Engineer - Freelanceship - 100% remote,Accelerated,Germany,Remote,Contract,,,English,,,Recent,https://de.linkedin.com/jobs/view/qa-specialist-qa-engineer-freelanceship-100%25-remote-at-accelerated-4375554271,2026-03-26T10:57:40.974428+00:00
0,QA Engineer | Remote,linkedin,QA Testing Engineer/in (Remote - 20h) Werkstudent/in,HeroSoftware GmbH - Shopify Apps,Germany,Remote,Internship,,Working Student,English,,,Recent,https://de.linkedin.com/jobs/view/qa-testing-engineer-in-remote-20h-werkstudent-in-at-herosoftware-gmbh-shopify-apps-4382505253,2026-03-26T10:57:40.974733+00:00
0,QA Engineer | Slovakia,linkedin,QA Engineer - Manual,OAK'S LAB,Slovakia,On-site,Full-time,,,English,,,Recent,https://sk.linkedin.com/jobs/view/qa-engineer-manual-at-oak-s-lab-4388578535,2026-03-26T10:57:43.354462+00:00
0,QA Engineer | Slovakia,linkedin,Quality Assurance Engineer,AT&T,"Košice, Kosice, Slovakia",On-site,Full-time,,,English,,,Recent,https://sk.linkedin.com/jobs/view/quality-assurance-engineer-at-at-t-4386166069,2026-03-26T10:57:43.354846+00:00
0,QA Engineer | Slovakia,linkedin,QA Engineer,Swiss Re,"Bratislava, Bratislava, Slovakia",On-site,Full-time,,,English,,,Recent,https://sk.linkedin.com/jobs/view/qa-engineer-at-swiss-re-4366871953,2026-03-26T10:57:43.355180+00:00
0,QA Engineer | Slovakia,linkedin,Manual QA Engineer (Middle) ID51808,AgileEngine,"Bratislava, Bratislava, Slovakia",On-site,Full-time,,,English,,,Recent,https://sk.linkedin.com/jobs/view/manual-qa-engineer-middle-id51808-at-agileengine-4377642193,2026-03-26T10:57:43.355333+00:00
0,QA Engineer | Slovakia,linkedin,Quality Assurance Automation Engineer,Billdu,Bratislava Metropolitan Area,On-site,Full-time,,,English,,,Recent,https://sk.linkedin.com/jobs/view/quality-assurance-automation-engineer-at-billdu-4385255789,2026-03-26T10:57:43.355487+00:00
0,QA Engineer | Slovakia,linkedin,QA Engineer (Hybrid set up),Swiss Re,"Bratislava, Bratislava, Slovakia",Hybrid,Full-time,,,English,,,Recent,https://sk.linkedin.com/jobs/view/qa-engineer-hybrid-set-up-at-swiss-re-4384997742,2026-03-26T10:57:43.355640+00:00
0,QA Engineer | Slovakia,linkedin,QA Engineer,GymBeam,"Košice, Kosice, Slovakia",On-site,Full-time,,,English,,,Recent,https://sk.linkedin.com/jobs/view/qa-engineer-at-gymbeam-4389482755,2026-03-26T10:57:43.355967+00:00
0,QA Engineer | Czech Republic,linkedin,Ingeniero de Pruebas QA Manual,Infosyp,"Santo Domingo de Guzmán, Distrito Nacional, Dominican Republic",On-site,Full-time,,,English,,,Recent,https://do.linkedin.com/jobs/view/ingeniero-de-pruebas-qa-manual-at-infosyp-4380483272,2026-03-26T10:57:45.731094+00:00
0,QA Engineer | Czech Republic,linkedin,Quality Assurance Engineer - Trabajo Remoto,BairesDev,"Santo Domingo, Distrito Nacional, Dominican Republic",On-site,Full-time,,,English,,,Recent,https://do.linkedin.com/jobs/view/quality-assurance-engineer-trabajo-remoto-at-bairesdev-4388912629,2026-03-26T10:57:45.731285+00:00
0,QA Engineer | Czech Republic,linkedin,Ingeniero de QA (República Dominicana),GBM,Dominican Republic,On-site,Full-time,,,English,,,Recent,https://do.linkedin.com/jobs/view/ingeniero-de-qa-rep%C3%BAblica-dominicana-at-gbm-4387773579,2026-03-26T10:57:45.731605+00:00
0,QA Engineer | Czech Republic,linkedin,Future QA Engineer Opportunities (Gaming Industry),Perform,Dominican Republic,On-site,Full-time,,,English,,,Recent,https://do.linkedin.com/jobs/view/future-qa-engineer-opportunities-gaming-industry-at-perform-4344181481,2026-03-26T10:57:45.731939+00:00
0,QA Engineer | Czech Republic,linkedin,测试工程师 - 逆变器,TÜV NORD China,"アト・マジョール州, Hato Mayor, Dominican Republic",On-site,Full-time,,,English,,,Recent,https://do.linkedin.com/jobs/view/%E6%B5%8B%E8%AF%95%E5%B7%A5%E7%A8%8B%E5%B8%88-%E9%80%86%E5%8F%98%E5%99%A8-at-t%C3%BCv-nord-china-4390345979,2026-03-26T10:57:45.732242+00:00
0,QA Engineer | Czech Republic,linkedin,芯片SLT测试工程师7853,UNISOC,"アト・マジョール州, Hato Mayor, Dominican Republic",On-site,Full-time,,,English,,,Recent,https://do.linkedin.com/jobs/view/%E8%8A%AF%E7%89%87slt%E6%B5%8B%E8%AF%95%E5%B7%A5%E7%A8%8B%E5%B8%887853-at-unisoc-4384176134,2026-03-26T10:57:45.732400+00:00
0,QA Engineer | Poland,linkedin,QA Engineer (m/f/d),SkyCell AG,Poland,On-site,Full-time,,,English,,,Recent,https://pl.linkedin.com/jobs/view/qa-engineer-m-f-d-at-skycell-ag-4389476857,2026-03-26T10:57:48.092724+00:00
0,QA Engineer | Poland,linkedin,QA Engineer,VIATechnik,"Katowice, Śląskie, Poland",On-site,Full-time,,,English,,,Recent,https://pl.linkedin.com/jobs/view/qa-engineer-at-viatechnik-4387253762,2026-03-26T10:57:48.092923+00:00
0,QA Engineer | Poland,linkedin,QA Engineer (f/m/d),ITRex Group,Poland,On-site,Full-time,,,English,,,Recent,https://pl.linkedin.com/jobs/view/qa-engineer-f-m-d-at-itrex-group-4386900562,2026-03-26T10:57:48.093091+00:00
0,QA Engineer | Poland,linkedin,Junior QA Engineer/ QA Engineer,Amelco Limited,"Warsaw, Mazowieckie, Poland",On-site,Full-time,,Junior,English,,,Recent,https://pl.linkedin.com/jobs/view/junior-qa-engineer-qa-engineer-at-amelco-limited-4387705392,2026-03-26T10:57:48.093247+00:00
0,QA Engineer | Poland,linkedin,Trainee QA Engineer (Internship),Zaelab,Poland,On-site,Internship,,"Trainee, Internship",English,,,Recent,https://pl.linkedin.com/jobs/view/trainee-qa-engineer-internship-at-zaelab-4390850222,2026-03-26T10:57:48.093731+00:00
0,QA Engineer | Poland,linkedin,QA Analyst (Manual & Automation)/ I,Inetum,"Warsaw, Mazowieckie, Poland",On-site,Full-time,,,English,,,Recent,https://pl.linkedin.com/jobs/view/qa-analyst-manual-automation-i-at-inetum-4373813470,2026-03-26T10:57:48.093905+00:00
0,QA Engineer | USA,linkedin,QA Engineer,MrBeast,United States,On-site,Full-time,,,English,,,Recent,https://www.linkedin.com/jobs/view/qa-engineer-at-mrbeast-4367342975,2026-03-26T10:57:50.524612+00:00
0,QA Engineer | USA,linkedin,"Junior QA Engineer – Recent Grads, This One's for You!",Teak,United States,On-site,Full-time,,Junior,English,,,Recent,https://www.linkedin.com/jobs/view/junior-qa-engineer-%E2%80%93-recent-grads-this-one-s-for-you%21-at-teak-4379436451,2026-03-26T10:57:50.524816+00:00
0,QA Engineer | USA,linkedin,"Junior QA Engineer – Recent Grads, This One's for You",Teak,United States,On-site,Full-time,,Junior,English,,,Recent,https://www.linkedin.com/jobs/view/junior-qa-engineer-%E2%80%93-recent-grads-this-one-s-for-you-at-teak-4383435639,2026-03-26T10:57:50.524988+00:00
0,QA Engineer | USA,linkedin,Quality Assurance Engineer,The Bexar Company,"Grand Prairie, TX",On-site,Full-time,,,English,,,Recent,https://www.linkedin.com/jobs/view/quality-assurance-engineer-at-the-bexar-company-4379085580,2026-03-26T10:57:50.525152+00:00
0,QA Engineer | USA,linkedin,Quality Assurance Engineer,SIMARN Solutions,"Englewood, NJ",On-site,Full-time,,,English,,,Recent,https://www.linkedin.com/jobs/view/quality-assurance-engineer-at-simarn-solutions-4389205527,2026-03-26T10:57:50.525318+00:00
0,QA Engineer | USA,linkedin,Junior QA Engineer (Entry-Level),CloudBerry,United States,On-site,Full-time,,"Junior, Entry-Level",English,,,Recent,https://www.linkedin.com/jobs/view/junior-qa-engineer-entry-level-at-cloudberry-4379916350,2026-03-26T10:57:50.525469+00:00
0,QA Engineer | USA,linkedin,Quality Assurance Engineer,NEXXTA,"Nashotah, WI",On-site,Full-time,,,English,,,Recent,https://www.linkedin.com/jobs/view/quality-assurance-engineer-at-nexxta-4389213823,2026-03-26T10:57:50.525626+00:00
0,QA Engineer | USA,linkedin,Quality Assurance Engineer,The Bexar Company,"Grand Prairie, TX",On-site,Full-time,,,English,,,Recent,https://www.linkedin.com/jobs/view/quality-assurance-engineer-at-the-bexar-company-4389008230,2026-03-26T10:57:50.525798+00:00
0,QA Engineer | USA,linkedin,Junior Manual QA Engineer,Topstep,United States,On-site,Full-time,,Junior,English,,,Recent,https://www.linkedin.com/jobs/view/junior-manual-qa-engineer-at-topstep-4386555245,2026-03-26T10:57:50.525956+00:00
0,QA Engineer | United Kingdom,linkedin,Quality Assurance (QA) Engineer,hackajob,"Manchester, England, United Kingdom",On-site,Full-time,,,English,,,Recent,https://uk.linkedin.com/jobs/view/quality-assurance-qa-engineer-at-hackajob-4381077057,2026-03-26T10:57:52.889970+00:00
0,QA Engineer | United Kingdom,linkedin,QA Engineer,DOHE,United Kingdom,On-site,Full-time,,,English,,,Recent,https://uk.linkedin.com/jobs/view/qa-engineer-at-dohe-4378768794,2026-03-26T10:57:52.890155+00:00
0,QA Engineer | United Kingdom,linkedin,Quality Assurance Engineer,Coforge,"Telford, England, United Kingdom",On-site,Full-time,,,English,,,Recent,https://uk.linkedin.com/jobs/view/quality-assurance-engineer-at-coforge-4378832906,2026-03-26T10:57:52.890807+00:00
0,QA Engineer | United Kingdom,linkedin,Quality Assurance Engineer,Navantia UK,"Fife, Scotland, United Kingdom",On-site,Full-time,,,English,,,Recent,https://uk.linkedin.com/jobs/view/quality-assurance-engineer-at-navantia-uk-4372239824,2026-03-26T10:57:52.890969+00:00
0,QA Engineer | United Kingdom,linkedin,Quality Assurance Engineer,Cadillac Formula 1® Team,"Silverstone, England, United Kingdom",On-site,Full-time,,,English,,,Recent,https://uk.linkedin.com/jobs/view/quality-assurance-engineer-at-cadillac-formula-1%C2%AE-team-4388913171,2026-03-26T10:57:52.891412+00:00
0,Test Engineer | Germany,linkedin,Software Tester – Quality Assurance (m/w/d),WSCAD: AI-Powered Electrical CAD,"Bergkirchen, Bavaria, Germany",On-site,Full-time,,,English,,,Recent,https://de.linkedin.com/jobs/view/software-tester-%E2%80%93-quality-assurance-m-w-d-at-wscad-ai-powered-electrical-cad-4380955213,2026-03-26T10:57:55.352494+00:00
0,Test Engineer | Germany,linkedin,QA Engineer,Almedia,"Berlin, Germany",On-site,Full-time,,,English,,,Recent,https://de.linkedin.com/jobs/view/qa-engineer-at-almedia-4339366784,2026-03-26T10:57:55.352652+00:00
0,Test Engineer | Germany,linkedin,Quality Assurance Engineer,PSD Group,"Dortmund, North Rhine-Westphalia, Germany",On-site,Full-time,,,English,,,Recent,https://de.linkedin.com/jobs/view/quality-assurance-engineer-at-psd-group-4338425753,2026-03-26T10:57:55.352982+00:00
0,Test Engineer | Switzerland,linkedin,Software Engineer,Pascal Dietrich Consulting AG,"Thun, Berne, Switzerland",On-site,Full-time,,,English,,,Recent,https://ch.linkedin.com/jobs/view/software-engineer-at-pascal-dietrich-consulting-ag-4386674987,2026-03-26T10:58:00.107275+00:00
0,Test Engineer | Czech Republic,linkedin,AUTOMATION PROGRAMMER,Bellmer Czech Republic,Dominican Republic,On-site,Full-time,,,English,,,Recent,https://do.linkedin.com/jobs/view/automation-programmer-at-bellmer-czech-republic-4389236304,2026-03-26T10:58:07.378345+00:00
0,Test Engineer | Czech Republic,linkedin,Software Engineer,Tata Communications,"Santo Domingo, Distrito Nacional, Dominican Republic",On-site,Full-time,,,English,,,Recent,https://do.linkedin.com/jobs/view/software-engineer-at-tata-communications-4383373744,2026-03-26T10:58:07.378499+00:00
0,Test Engineer | Czech Republic,linkedin,Ingeniero de Datos (Junior) - Trabajo Remoto,BairesDev,"Santo Domingo, Dominican Republic",On-site,Full-time,,Junior,English,,,Recent,https://do.linkedin.com/jobs/view/ingeniero-de-datos-junior-trabajo-remoto-at-bairesdev-4388981563,2026-03-26T10:58:07.378648+00:00
0,Test Engineer | Poland,linkedin,Software Development Engineer in Test (Python),SQUAD,"Wrocław, Dolnośląskie, Poland",On-site,Full-time,Python,,English,,,Recent,https://pl.linkedin.com/jobs/view/software-development-engineer-in-test-python-at-squad-4389283991,2026-03-26T10:58:09.773579+00:00
0,Test Engineer | Poland,linkedin,Quality Assurance Engineer,STAGE24.PL,"Poznań, Wielkopolskie, Poland",On-site,Full-time,,,English,,,Recent,https://pl.linkedin.com/jobs/view/quality-assurance-engineer-at-stage24-pl-4386837726,2026-03-26T10:58:09.774576+00:00
0,Test Engineer | Poland,linkedin,Quality Assurance Engineer,PHOENIX 7,Lublin Metropolitan Area,On-site,Full-time,,,English,,,Recent,https://pl.linkedin.com/jobs/view/quality-assurance-engineer-at-phoenix-7-4384721220,2026-03-26T10:58:09.774734+00:00
0,Test Engineer | USA,linkedin,Junior Engineer ($140k-$150k) at Canopy Labs,Jack & Jill,"San Francisco, CA",On-site,Full-time,,Junior,English,,,Recent,https://www.linkedin.com/jobs/view/junior-engineer-%24140k-%24150k-at-canopy-labs-at-jack-jill-4389212158,2026-03-26T10:58:12.385466+00:00
0,Test Engineer | USA,linkedin,Entry-Level Software Engineer,BW Design Group,"St Louis, MO",On-site,Full-time,,Entry-Level,English,,,Recent,https://www.linkedin.com/jobs/view/entry-level-software-engineer-at-bw-design-group-4388970354,2026-03-26T10:58:12.386003+00:00
0,Test Engineer | USA,linkedin,QA Engineer,Comfrt,United States,On-site,Full-time,,,English,,,Recent,https://www.linkedin.com/jobs/view/qa-engineer-at-comfrt-4388572052,2026-03-26T10:58:12.386598+00:00
0,Test Engineer | USA,linkedin,Software Quality Assurance Tester,Techstand LLC,"Michigan, United States",On-site,Full-time,,,English,,,Recent,https://www.linkedin.com/jobs/view/software-quality-assurance-tester-at-techstand-llc-4388993609,2026-03-26T10:58:12.386756+00:00
0,Test Engineer | United Kingdom,linkedin,Software Quality Assurance Engineer,"PACE Anti-Piracy, Inc","Glasgow, Scotland, United Kingdom",On-site,Full-time,,,English,,,Recent,https://uk.linkedin.com/jobs/view/software-quality-assurance-engineer-at-pace-anti-piracy-inc-4389715408,2026-03-26T10:58:14.886781+00:00
0,Test Engineer | United Kingdom,linkedin,Software Quality Manual Test Analyst,Perspectum Ltd,"Oxford, England, United Kingdom",On-site,Full-time,,,English,,,Recent,https://uk.linkedin.com/jobs/view/software-quality-manual-test-analyst-at-perspectum-ltd-4389697264,2026-03-26T10:58:14.886965+00:00
0,Test Engineer | United Kingdom,linkedin,Software Engineer,_nology,"England, United Kingdom",On-site,Full-time,,,English,,,Recent,https://uk.linkedin.com/jobs/view/software-engineer-at-nology-4388904688,2026-03-26T10:58:14.887586+00:00
0,Testingenieur | Germany,linkedin,TCMS Test Engineer,SEGULA Technologies,"Mannheim, Baden-Württemberg, Germany",On-site,Full-time,,,English,,,Recent,https://de.linkedin.com/jobs/view/tcms-test-engineer-at-segula-technologies-4378948527,2026-03-26T10:58:17.318146+00:00
0,Testingenieur | Germany,linkedin,"Testingenieur (m/w/d) Chassis, Body, Infotainment (ID: 22219)",Da Vinci Engineering GmbH,"Munich, Bavaria, Germany",On-site,Full-time,,,English,,,Recent,https://de.linkedin.com/jobs/view/testingenieur-m-w-d-chassis-body-infotainment-id-22219-at-da-vinci-engineering-gmbh-4387351276,2026-03-26T10:58:17.318505+00:00
0,Testingenieur | Germany,linkedin,CQV & CSV Engineering Opportunities – Germany,KPC International,"Frankfurt, Hesse, Germany",On-site,Internship,,,English,,,Recent,https://de.linkedin.com/jobs/view/cqv-csv-engineering-opportunities-%E2%80%93-germany-at-kpc-international-4225886744,2026-03-26T10:58:17.318663+00:00
0,Testingenieur | Germany,linkedin,Automotive Manufacturing Product Testing Engineer (m/f/d) – Jülich,Quanta Computer Inc. 廣達電腦,"Jülich, North Rhine-Westphalia, Germany",On-site,Full-time,,,English,,,Recent,https://de.linkedin.com/jobs/view/automotive-manufacturing-product-testing-engineer-m-f-d-%E2%80%93-j%C3%BClich-at-quanta-computer-inc-%E5%BB%A3%E9%81%94%E9%9B%BB%E8%85%A6-4385735537,2026-03-26T10:58:17.318849+00:00
0,Testingenieur | Germany,linkedin,Entwicklungsingenieur (w/m/d) Funktionale Sicherheit und Komponentenentwicklung,Daimler Buses GmbH,"Neu Ulm, Bavaria, Germany",On-site,Full-time,,,German,,,Recent,https://de.linkedin.com/jobs/view/entwicklungsingenieur-w-m-d-funktionale-sicherheit-und-komponentenentwicklung-at-daimler-buses-gmbh-4389583923,2026-03-26T10:58:17.319015+00:00
0,Testingenieur | Germany,linkedin,Testingenieur*in Elektromechanik / Hardware Test Engineer,TWK,"Düsseldorf, North Rhine-Westphalia, Germany",On-site,Full-time,,,English,,,Recent,https://de.linkedin.com/jobs/view/testingenieur-in-elektromechanik-hardware-test-engineer-at-twk-4377721114,2026-03-26T10:58:17.319180+00:00
0,Testingenieur | Germany,linkedin,Junior Entwicklungs- und Testingenieur für aktive Mikrowellengeräte (m/w/d) (ID: 22110),Da Vinci Engineering GmbH,"Backnang, Baden-Württemberg, Germany",On-site,Full-time,,"R, Junior",German,,,Recent,https://de.linkedin.com/jobs/view/junior-entwicklungs-und-testingenieur-f%C3%BCr-aktive-mikrowellenger%C3%A4te-m-w-d-id-22110-at-da-vinci-engineering-gmbh-4368592256,2026-03-26T10:58:17.319340+00:00
0,Testingenieur | Germany,linkedin,Testingenieur – Mechanical Engineering / Systemtests (all gender),ALTEN Germany,"Hamburg, Hamburg, Germany",On-site,Full-time,,,English,,,Recent,https://de.linkedin.com/jobs/view/testingenieur-%E2%80%93-mechanical-engineering-systemtests-all-gender-at-alten-germany-4373680351,2026-03-26T10:58:17.319501+00:00
0,Testingenieur | Germany,linkedin,Ingenieur (w/m/d) Steuerungsentwicklung,XENON Automation,"Dresden, Saxony, Germany",On-site,Full-time,,,English,,,Recent,https://de.linkedin.com/jobs/view/ingenieur-w-m-d-steuerungsentwicklung-at-xenon-automation-4389480498,2026-03-26T10:58:17.319660+00:00
0,Testingenieur | Austria,linkedin,Supplier Test Engineer (all genders),Lam Research,"Villach, Carinthia, Austria",On-site,Full-time,,,English,,,Recent,https://at.linkedin.com/jobs/view/supplier-test-engineer-all-genders-at-lam-research-4377926919,2026-03-26T10:58:19.706837+00:00
0,Testingenieur | Austria,linkedin,Work at PSI Austria,PSI Software – Process Industries & Metals,"Graz, Styria, Austria",On-site,Full-time,,,English,,,Recent,https://at.linkedin.com/jobs/view/work-at-psi-austria-at-psi-software-%E2%80%93-process-industries-metals-4381841539,2026-03-26T10:58:19.707356+00:00
0,Testingenieur | Austria,linkedin,Quality Engineer - Functional Test (m/f/d),Deutsche Telekom,"Fünfkirchen, Lower Austria, Austria",On-site,Full-time,,,English,,,Recent,https://at.linkedin.com/jobs/view/quality-engineer-functional-test-m-f-d-at-deutsche-telekom-4390355472,2026-03-26T10:58:19.708150+00:00
0,Testingenieur | Austria,linkedin,Q&A Engineer (w/m/d),XXXLdigital – Part of XXXL Group,"Wels, Upper Austria, Austria",On-site,Full-time,,,English,,,Recent,https://at.linkedin.com/jobs/view/q-a-engineer-w-m-d-at-xxxldigital-%E2%80%93-part-of-xxxl-group-4353034093,2026-03-26T10:58:19.708307+00:00
0,Testingenieur | Switzerland,linkedin,Test Engineer in Avionics & Instrumentation,ISATI Engineering Solutions,"Zurich, Zurich, Switzerland",On-site,Full-time,,,English,,,Recent,https://ch.linkedin.com/jobs/view/test-engineer-in-avionics-instrumentation-at-isati-engineering-solutions-4390600330,2026-03-26T10:58:22.142504+00:00
0,Testingenieur | Switzerland,linkedin,"Industrialization, Electronics Test Engineer",ANYbotics,"Zurich, Zurich, Switzerland",On-site,Full-time,,,English,,,Recent,https://ch.linkedin.com/jobs/view/industrialization-electronics-test-engineer-at-anybotics-4378614840,2026-03-26T10:58:22.143179+00:00
0,Testingenieur | Switzerland,linkedin,Responsable de Tests,PrimeIT Switzerland,"Geneva, Switzerland",On-site,Full-time,,,English,,,Recent,https://ch.linkedin.com/jobs/view/responsable-de-tests-at-primeit-switzerland-4371002302,2026-03-26T10:58:22.143640+00:00
0,Testingenieur | Remote,linkedin,Design Engineer,vvd,Germany,On-site,Contract,"Can, Claude, Cursor, Go, Typescript",React,English,,,Recent,https://de.linkedin.com/jobs/view/design-engineer-at-vvd-4386302599,2026-03-26T10:58:24.537627+00:00
0,Testingenieur | Remote,linkedin,Mobile Device Management (iOS oder Android) (m/w/d),ZABEL,Hannover-Braunschweig-Göttingen-Wolfsburg Region,Remote,Full-time,,,English,,,Recent,https://de.linkedin.com/jobs/view/mobile-device-management-ios-oder-android-m-w-d-at-zabel-4386035954,2026-03-26T10:58:24.538789+00:00
0,Testingenieur | Remote,linkedin,System- und Testingenieur Funkkommunikationssysteme (all gender) 300,ALTEN Germany,"Stuttgart, Baden-Württemberg, Germany",Remote,Full-time,,,German,,,Recent,https://de.linkedin.com/jobs/view/system-und-testingenieur-funkkommunikationssysteme-all-gender-300-at-alten-germany-4361021637,2026-03-26T10:58:24.538953+00:00
0,Testingenieur | Slovakia,linkedin,Automatizačný softvérový inžinier,Hoval Energy Recovery,"Istebné, Zilina, Slovakia",On-site,Full-time,,,English,,,Recent,https://sk.linkedin.com/jobs/view/automatiza%C4%8Dn%C3%BD-softv%C3%A9rov%C3%BD-in%C5%BEinier-at-hoval-energy-recovery-4382510757,2026-03-26T10:58:26.932067+00:00
0,Testingenieur | Slovakia,linkedin,Automatizačný softvérový inžinier,Hoval Romania,"Istebné, Zilina, Slovakia",On-site,Full-time,,,English,,,Recent,https://sk.linkedin.com/jobs/view/automatiza%C4%8Dn%C3%BD-softv%C3%A9rov%C3%BD-in%C5%BEinier-at-hoval-romania-4382490406,2026-03-26T10:58:26.932238+00:00
0,Testingenieur | Slovakia,linkedin,AOSP DEVELOPER - AUTOMOTIVE DOMAIN - CZECHIA BASED PROJECT,Quest Global,Slovakia,On-site,Contract,,,English,,,Recent,https://sk.linkedin.com/jobs/view/aosp-developer-automotive-domain-czechia-based-project-at-quest-global-4362200771,2026-03-26T10:58:26.932399+00:00
0,Testingenieur | Slovakia,linkedin,Automatizačný softvérový inžinier,Hoval Hrvatska,"Istebné, Zilina, Slovakia",On-site,Full-time,,,English,,,Recent,https://sk.linkedin.com/jobs/view/automatiza%C4%8Dn%C3%BD-softv%C3%A9rov%C3%BD-in%C5%BEinier-at-hoval-hrvatska-4383849585,2026-03-26T10:58:26.933046+00:00
0,Testingenieur | Czech Republic,linkedin,硬件NPI工程师8052,UNISOC,"アト・マジョール州, Hato Mayor, Dominican Republic",On-site,Full-time,,,English,,,Recent,https://do.linkedin.com/jobs/view/%E7%A1%AC%E4%BB%B6npi%E5%B7%A5%E7%A8%8B%E5%B8%888052-at-unisoc-4384162904,2026-03-26T10:58:29.335934+00:00
0,Testingenieur | Czech Republic,linkedin,硬件NPI工程师(008102),UNISOC,"アト・マジョール州, Hato Mayor, Dominican Republic",On-site,Full-time,,,English,,,Recent,https://do.linkedin.com/jobs/view/%E7%A1%AC%E4%BB%B6npi%E5%B7%A5%E7%A8%8B%E5%B8%88-008102-at-unisoc-4387808983,2026-03-26T10:58:29.336091+00:00
0,Testingenieur | Czech Republic,linkedin,高低速接口工程师8049,UNISOC,"アト・マジョール州, Hato Mayor, Dominican Republic",On-site,Full-time,,,English,,,Recent,https://do.linkedin.com/jobs/view/%E9%AB%98%E4%BD%8E%E9%80%9F%E6%8E%A5%E5%8F%A3%E5%B7%A5%E7%A8%8B%E5%B8%888049-at-unisoc-4384164940,2026-03-26T10:58:29.336250+00:00
0,Testingenieur | Poland,linkedin,Mechanical Designer / Test Engineer (f/m),Airbus Helicopters,"Łódź, Łódzkie, Poland",On-site,Full-time,,,English,,,Recent,https://pl.linkedin.com/jobs/view/mechanical-designer-test-engineer-f-m-at-airbus-helicopters-4378564274,2026-03-26T10:58:31.736195+00:00
0,Testingenieur | Poland,linkedin,Tester Manulny Ferryt (M/K),Astek,Poland,On-site,Full-time,,,English,,,Recent,https://pl.linkedin.com/jobs/view/tester-manulny-ferryt-m-k-at-astek-4384487803,2026-03-26T10:58:31.736689+00:00
0,Testingenieur | Poland,linkedin,Junior Application Engineer,WNS,Kielce Metropolitan Area,On-site,Full-time,,Junior,English,,,Recent,https://pl.linkedin.com/jobs/view/junior-application-engineer-at-wns-4386776226,2026-03-26T10:58:31.736864+00:00
0,Testingenieur | Poland,linkedin,Software Test Engineer,Omada,"Warsaw, Mazowieckie, Poland",On-site,Full-time,,,English,,,Recent,https://pl.linkedin.com/jobs/view/software-test-engineer-at-omada-4389053753,2026-03-26T10:58:31.737013+00:00
0,Testingenieur | USA,linkedin,Mechanical Test Engineer,Applus+ Laboratories,"Houston, TX",On-site,Full-time,,,English,,,Recent,https://www.linkedin.com/jobs/view/mechanical-test-engineer-at-applus%2B-laboratories-4125985556,2026-03-26T10:58:34.265771+00:00
0,Testingenieur | USA,linkedin,Quality Assurance Engineer (Manufacturing),PLP,"Mayfield, OH",On-site,Full-time,,,English,,,Recent,https://www.linkedin.com/jobs/view/quality-assurance-engineer-manufacturing-at-plp-4388954763,2026-03-26T10:58:34.265944+00:00
0,Testingenieur | USA,linkedin,Software Test Engineer,Abbott,"Pleasanton, CA",On-site,Full-time,,,English,,,Recent,https://www.linkedin.com/jobs/view/software-test-engineer-at-abbott-4389278139,2026-03-26T10:58:34.266116+00:00
0,Testingenieur | USA,linkedin,Mechanical Engineer - Testing and Assembly,"TechSource, Inc","Los Alamos, NM",On-site,Full-time,,Assembly,English,,,Recent,https://www.linkedin.com/jobs/view/mechanical-engineer-testing-and-assembly-at-techsource-inc-4383338319,2026-03-26T10:58:34.266278+00:00
0,Testingenieur | USA,linkedin,Quality Assurance Engineer,BrainRobotics,"Austin, TX",On-site,Full-time,,,English,,,Recent,https://www.linkedin.com/jobs/view/quality-assurance-engineer-at-brainrobotics-4389091989,2026-03-26T10:58:34.266432+00:00
0,Testingenieur | USA,linkedin,Mechanical Test Engineer (Entry-Level),IRPI,"Wilsonville, OR",On-site,Full-time,,Entry-Level,English,,,Recent,https://www.linkedin.com/jobs/view/mechanical-test-engineer-entry-level-at-irpi-4383848129,2026-03-26T10:58:34.266582+00:00
0,Testingenieur | USA,linkedin,SDET Engineer,Vidorra Consulting Group,"Plano, TX",On-site,Full-time,,,English,,,Recent,https://www.linkedin.com/jobs/view/sdet-engineer-at-vidorra-consulting-group-4386685667,2026-03-26T10:58:34.266736+00:00
0,Testingenieur | USA,linkedin,Manual Test Engineer,Open Systems Technologies Corporation,"Annapolis Junction, MD",On-site,Full-time,,,English,,,Recent,https://www.linkedin.com/jobs/view/manual-test-engineer-at-open-systems-technologies-corporation-4389070700,2026-03-26T10:58:34.267063+00:00
0,Testingenieur | United Kingdom,linkedin,Mechanical Test Engineer,BSI,"Hemel Hempstead, England, United Kingdom",On-site,Contract,,,English,,,Recent,https://uk.linkedin.com/jobs/view/mechanical-test-engineer-at-bsi-3841320068,2026-03-26T10:58:36.738057+00:00
0,Testingenieur | United Kingdom,linkedin,Test Engineer,SEGULA Technologies,"Aylesbury, England, United Kingdom",On-site,Contract,,R,English,,,Recent,https://uk.linkedin.com/jobs/view/test-engineer-at-segula-technologies-4388485030,2026-03-26T10:58:36.738215+00:00
0,Testingenieur | United Kingdom,linkedin,Application Engineer,PLM Central Ltd,"Watford, England, United Kingdom",On-site,Full-time,,,English,,,Recent,https://uk.linkedin.com/jobs/view/application-engineer-at-plm-central-ltd-4390376365,2026-03-26T10:58:36.738756+00:00
0,Testingenieur | United Kingdom,linkedin,Junior Test Engineer,Experis UK,"Christchurch, England, United Kingdom",On-site,Full-time,,"Performance Testing, Manual Testing, Junior",English,,,Recent,https://uk.linkedin.com/jobs/view/junior-test-engineer-at-experis-uk-4389563690,2026-03-26T10:58:36.739392+00:00
0,Test Automation | Austria,linkedin,Testing Manager (all genders),Viewpointsystem,"Vienna, Vienna, Austria",On-site,Full-time,,,English,,,Recent,https://at.linkedin.com/jobs/view/testing-manager-all-genders-at-viewpointsystem-4380292301,2026-03-26T10:58:41.551255+00:00
0,Test Automation | Switzerland,linkedin,Testing,Ampegon,"Baden, Aargau, Switzerland",On-site,Full-time,,,English,,,Recent,https://ch.linkedin.com/jobs/view/testing-at-ampegon-4350701131,2026-03-26T10:58:43.926274+00:00
0,Test Automation | Switzerland,linkedin,Product Quality Engineering - QC,Manpower Switzerland,Basel Metropolitan Area,On-site,Full-time,,,English,,,Recent,https://ch.linkedin.com/jobs/view/product-quality-engineering-qc-at-manpower-switzerland-4383126782,2026-03-26T10:58:43.926910+00:00
0,Test Automation | Remote,linkedin,Test Automation Engineer (m/w/d),SPIRIT-ONSIDE Consulting GmbH,Germany,Remote,Full-time,Test Automation,,English,,,Recent,https://de.linkedin.com/jobs/view/test-automation-engineer-m-w-d-at-spirit-onside-consulting-gmbh-4374812688,2026-03-26T10:58:46.306656+00:00
0,Test Automation | Remote,linkedin,Quality Engineer (m/w/d) | HR SaaS | Full Remote | Top Company,Kooku Recruiting GmbH,"Offenbach, Hesse, Germany",Remote,Full-time,,,English,,,Recent,https://de.linkedin.com/jobs/view/quality-engineer-m-w-d-hr-saas-full-remote-top-company-at-kooku-recruiting-gmbh-4389006863,2026-03-26T10:58:46.307284+00:00
0,Test Automation | Slovakia,linkedin,Junior Test Automation Engineer,IBM,"Bratislava, Bratislava, Slovakia",On-site,Full-time,Test Automation,Junior,English,,,Recent,https://sk.linkedin.com/jobs/view/junior-test-automation-engineer-at-ibm-4388336260,2026-03-26T10:58:48.673690+00:00
0,Test Automation | Slovakia,linkedin,Chief Technology Officer (CTO) at Telehealth Platform,Mind Friend,"Bratislava, Bratislava, Slovakia",On-site,Full-time,,,English,,,Recent,https://sk.linkedin.com/jobs/view/chief-technology-officer-cto-at-telehealth-platform-at-mind-friend-4389211294,2026-03-26T10:58:48.674027+00:00
0,Test Automation | Czech Republic,linkedin,QA Automation/Developer,Tu Empleo RD,"Santo Domingo Este, Santo Domingo, Dominican Republic",On-site,Full-time,,,English,,,Recent,https://do.linkedin.com/jobs/view/qa-automation-developer-at-tu-empleo-rd-4388384567,2026-03-26T10:58:51.034372+00:00
0,Test Automation | Czech Republic,linkedin,Analista de Calidad (Almacén),Tu Empleo RD,"Santo Domingo Este, Santo Domingo, Dominican Republic",On-site,Full-time,,,English,,,Recent,https://do.linkedin.com/jobs/view/analista-de-calidad-almac%C3%A9n-at-tu-empleo-rd-4390369111,2026-03-26T10:58:51.034530+00:00
0,Test Automation | Czech Republic,linkedin,QA Analista Funcional Republica Dominicana,Agilesoft,Dominican Republic,On-site,Full-time,,,English,,,Recent,https://do.linkedin.com/jobs/view/qa-analista-funcional-republica-dominicana-at-agilesoft-4384274923,2026-03-26T10:58:51.034861+00:00
0,Test Automation | Czech Republic,linkedin,Aprendiz de QA,Babel,"Santo Domingo, Distrito Nacional, Dominican Republic",On-site,Full-time,,,English,,,Recent,https://do.linkedin.com/jobs/view/aprendiz-de-qa-at-babel-4370737100,2026-03-26T10:58:51.035175+00:00
0,Test Automation | Czech Republic,linkedin,Quality Analyst (SANTIAGO),One Park Financial,"Santiago de los Caballeros, Santiago, Dominican Republic",On-site,Full-time,,,English,,,Recent,https://do.linkedin.com/jobs/view/quality-analyst-santiago-at-one-park-financial-4390626481,2026-03-26T10:58:51.035330+00:00
0,Test Automation | Czech Republic,linkedin,Quality Analyst,One Park Financial,"Santo Domingo, Distrito Nacional, Dominican Republic",On-site,Full-time,,,English,,,Recent,https://do.linkedin.com/jobs/view/quality-analyst-at-one-park-financial-4390631358,2026-03-26T10:58:51.035482+00:00
0,Test Automation | Poland,linkedin,Sr Engineer - Software QA,Xperi Inc.,"Warsaw, Mazowieckie, Poland",On-site,Full-time,,,English,,,Recent,https://pl.linkedin.com/jobs/view/sr-engineer-software-qa-at-xperi-inc-4385696609,2026-03-26T10:58:53.457030+00:00
0,Test Automation | Poland,linkedin,Manager - Quality Assurance,Xperi Inc.,"Warsaw, Mazowieckie, Poland",On-site,Full-time,,,English,,,Recent,https://pl.linkedin.com/jobs/view/manager-quality-assurance-at-xperi-inc-4377391461,2026-03-26T10:58:53.457829+00:00
0,Test Automation | USA,linkedin,QA Automation Tester,nLeague,"Hartford, CT",On-site,Full-time,,,English,,,Recent,https://www.linkedin.com/jobs/view/qa-automation-tester-at-nleague-4385113850,2026-03-26T10:58:56.000719+00:00
0,Test Automation | USA,linkedin,Junior Quality Assurance (QA) Analyst,Mployer,"Nashville, TN",On-site,Full-time,,Junior,English,,,Recent,https://www.linkedin.com/jobs/view/junior-quality-assurance-qa-analyst-at-mployer-4385274824,2026-03-26T10:58:56.001354+00:00
0,Test Automation | USA,linkedin,QA Automation Tester - Remote US,Smile Digital Health,United States,Remote,Full-time,,,English,,,Recent,https://www.linkedin.com/jobs/view/qa-automation-tester-remote-us-at-smile-digital-health-4386389854,2026-03-26T10:58:56.001649+00:00
0,Test Automation | United Kingdom,linkedin,Test Automation Engineer,Deloitte,"Glasgow, Scotland, United Kingdom",On-site,Full-time,Test Automation,,English,,,Recent,https://uk.linkedin.com/jobs/view/test-automation-engineer-at-deloitte-4383541540,2026-03-26T10:58:58.430776+00:00
0,Test Automation | United Kingdom,linkedin,Test Automation Specialist,Coforge,"Sheffield, England, United Kingdom",On-site,Full-time,Test Automation,,English,,,Recent,https://uk.linkedin.com/jobs/view/test-automation-specialist-at-coforge-4389582934,2026-03-26T10:58:58.431606+00:00
0,Test Automation | United Kingdom,linkedin,QA Engineer (Automation),esure Group,"Southport, England, United Kingdom",On-site,Full-time,,,English,,,Recent,https://uk.linkedin.com/jobs/view/qa-engineer-automation-at-esure-group-4380272158,2026-03-26T10:58:58.431936+00:00
0,Python Developer | Germany,linkedin,Full Stack Engineer,Deel,Germany,On-site,Full-time,,,English,,,Recent,https://de.linkedin.com/jobs/view/full-stack-engineer-at-deel-4314534359,2026-03-26T10:59:00.879030+00:00
0,Python Developer | Germany,linkedin,Python/Django (Bootstrap) Entwickler (m/w/d) nach Lindau Bodensee,Seller Math,"Lindau, Bavaria, Germany",On-site,Full-time,Python,Django,English,,,Recent,https://de.linkedin.com/jobs/view/python-django-bootstrap-entwickler-m-w-d-nach-lindau-bodensee-at-seller-math-4386686732,2026-03-26T10:59:00.879213+00:00
0,Python Developer | Germany,linkedin,Python Developer | Remote,Crossing Hurdles,Germany,Remote,Full-time,Python,,English,,,Recent,https://de.linkedin.com/jobs/view/python-developer-remote-at-crossing-hurdles-4370016911,2026-03-26T10:59:00.879371+00:00
0,Python Developer | Germany,linkedin,Python Developer | Remote,Crossing Hurdles,Germany,Remote,Full-time,Python,,English,,,Recent,https://de.linkedin.com/jobs/view/python-developer-remote-at-crossing-hurdles-4382848413,2026-03-26T10:59:00.879520+00:00
0,Python Developer | Germany,linkedin,Python Engineer,Contiamo,"Berlin, Berlin, Germany",On-site,Full-time,Python,,English,,,Recent,https://de.linkedin.com/jobs/view/python-engineer-at-contiamo-4379119880,2026-03-26T10:59:00.879670+00:00
0,Python Developer | Germany,linkedin,Python Developer,PURVIEW,"Bavaria, Germany",On-site,Full-time,Python,,English,,,Recent,https://de.linkedin.com/jobs/view/python-developer-at-purview-4386883148,2026-03-26T10:59:00.879839+00:00
0,Python Developer | Germany,linkedin,Python Engineer (AI / Web Infra),BlockDelta,"Berlin, Berlin, Germany",On-site,Full-time,Python,,English,,,Recent,https://de.linkedin.com/jobs/view/python-engineer-ai-web-infra-at-blockdelta-4390486922,2026-03-26T10:59:00.880001+00:00
0,Python Developer | Germany,linkedin,Python Developer,HCLTech,"Cologne, North Rhine-Westphalia, Germany",On-site,Full-time,Python,,English,,,Recent,https://de.linkedin.com/jobs/view/python-developer-at-hcltech-4382284368,2026-03-26T10:59:00.880154+00:00
0,Python Developer | Germany,linkedin,Python Developer,La Fosse,Germany,On-site,Full-time,Python,,English,,,Recent,https://de.linkedin.com/jobs/view/python-developer-at-la-fosse-4376485802,2026-03-26T10:59:00.880305+00:00
0,Python Developer | Germany,linkedin,Full Stack Developer (m/w/d) - Data & AI Plattform „Agora“,SKOPOS,"Aachen, North Rhine-Westphalia, Germany",On-site,Full-time,,,English,,,Recent,https://de.linkedin.com/jobs/view/full-stack-developer-m-w-d-data-ai-plattform-%E2%80%9Eagora%E2%80%9C-at-skopos-4387020882,2026-03-26T10:59:00.880458+00:00
0,Python Developer | Austria,linkedin,Python Developer | Remote,Crossing Hurdles,Austria,Remote,Full-time,Python,,English,,,Recent,https://at.linkedin.com/jobs/view/python-developer-remote-at-crossing-hurdles-4382857147,2026-03-26T10:59:03.324266+00:00
0,Python Developer | Austria,linkedin,Mechanical Engineer (Python) - Freelance AI Trainer,Mindrift,Austria,On-site,Contract,Python,,English,,,Recent,https://at.linkedin.com/jobs/view/mechanical-engineer-python-freelance-ai-trainer-at-mindrift-4389085257,2026-03-26T10:59:03.324451+00:00
0,Python Developer | Austria,linkedin,Full Stack Engineer,Deel,Austria,On-site,Full-time,,,English,,,Recent,https://at.linkedin.com/jobs/view/full-stack-engineer-at-deel-4314519616,2026-03-26T10:59:03.324609+00:00
0,Python Developer | Austria,linkedin,Freelance Data Science Engineer (Python & SQL),Mindrift,Austria,On-site,Contract,Python,"Data Science, Sql",English,,,Recent,https://at.linkedin.com/jobs/view/freelance-data-science-engineer-python-sql-at-mindrift-4389491488,2026-03-26T10:59:03.324781+00:00
0,Python Developer | Austria,linkedin,Python Developer (m/f/d),netcup,"Klagenfurt, Carinthia, Austria",On-site,Full-time,Python,,English,,,Recent,https://at.linkedin.com/jobs/view/python-developer-m-f-d-at-netcup-4377576625,2026-03-26T10:59:03.324942+00:00
0,Python Developer | Austria,linkedin,Software Engineer - Python - Cloud - graduate level,Canonical,"Vienna, Vienna, Austria",On-site,Full-time,Python,Graduate,English,,,Recent,https://at.linkedin.com/jobs/view/software-engineer-python-cloud-graduate-level-at-canonical-4389952665,2026-03-26T10:59:03.325097+00:00
0,Python Developer | Austria,linkedin,Freelance AI Evaluation Engineer (Python/Full-Stack),Mindrift,Austria,On-site,Contract,Python,,English,,,Recent,https://at.linkedin.com/jobs/view/freelance-ai-evaluation-engineer-python-full-stack-at-mindrift-4389000083,2026-03-26T10:59:03.325730+00:00
0,Python Developer | Switzerland,linkedin,CodeNext - Software Engineer (Python),Sonar,"Geneva, Geneva, Switzerland",On-site,Full-time,Python,,English,,,Recent,https://ch.linkedin.com/jobs/view/codenext-software-engineer-python-at-sonar-4297261847,2026-03-26T10:59:05.726273+00:00
0,Python Developer | Switzerland,linkedin,"Professional Web Developer (Python/JavaScript, 80%-100%, Remote within Switzerland) - ID260210",Adfinis,Switzerland,Remote,Full-time,"Javascript, Python",,English,,,Recent,https://ch.linkedin.com/jobs/view/professional-web-developer-python-javascript-80%25-100%25-remote-within-switzerland-id260210-at-adfinis-4387273796,2026-03-26T10:59:05.726452+00:00
0,Python Developer | Switzerland,linkedin,Python Software Engineer,Jobgether,Switzerland,On-site,Full-time,Python,,English,,,Recent,https://ch.linkedin.com/jobs/view/python-software-engineer-at-jobgether-4390492157,2026-03-26T10:59:05.726671+00:00
0,Python Developer | Switzerland,linkedin,Développeur Python/Développeuse Python,Qim info,"Geneva, Switzerland",On-site,Full-time,Python,,English,,,Recent,https://ch.linkedin.com/jobs/view/d%C3%A9veloppeur-python-d%C3%A9veloppeuse-python-at-qim-info-4383551383,2026-03-26T10:59:05.726978+00:00
0,Python Developer | Switzerland,linkedin,Python Developer  (80% remote),Ivy Partners,"Valais, Switzerland",Remote,Full-time,Python,,English,,,Recent,https://ch.linkedin.com/jobs/view/python-developer-80%25-remote-at-ivy-partners-4378373740,2026-03-26T10:59:05.727184+00:00
0,Python Developer | Switzerland,linkedin,Backend Python Developer – 6877,CTC Resourcing Solutions,"Basel, Switzerland",On-site,Full-time,Python,,English,,,Recent,https://ch.linkedin.com/jobs/view/backend-python-developer-%E2%80%93-6877-at-ctc-resourcing-solutions-4379039599,2026-03-26T10:59:05.727341+00:00
0,Python Developer | Switzerland,linkedin,"Backend Software Engineer, Python",Cradle,"Zurich, Zurich, Switzerland",On-site,Full-time,Python,,English,,,Recent,https://ch.linkedin.com/jobs/view/backend-software-engineer-python-at-cradle-4377592944,2026-03-26T10:59:05.727498+00:00
0,Python Developer | Switzerland,linkedin,Python Software Engineer - Digital Assets,IMC Trading,"Zug, Switzerland",On-site,Full-time,Python,,English,,,Recent,https://ch.linkedin.com/jobs/view/python-software-engineer-digital-assets-at-imc-trading-4308011222,2026-03-26T10:59:05.727648+00:00
0,Python Developer | Switzerland,linkedin,Python Developer 80% - 100%,PSI Paul Scherrer Institut,"Villigen, Aargau, Switzerland",Remote,Full-time,Python,,English,,,Recent,https://ch.linkedin.com/jobs/view/python-developer-80%25-100%25-at-psi-paul-scherrer-institut-4384152200,2026-03-26T10:59:05.727832+00:00
0,Python Developer | Remote,linkedin,Python Developer Remote,Mercor,Germany,Remote,Full-time,Python,,English,,,Recent,https://de.linkedin.com/jobs/view/python-developer-remote-at-mercor-4389473660,2026-03-26T10:59:08.248947+00:00
0,Python Developer | Remote,linkedin,Backend Developer (m/f/d),AllCloud,Germany,Remote,Full-time,,,English,,,Recent,https://de.linkedin.com/jobs/view/backend-developer-m-f-d-at-allcloud-4338908583,2026-03-26T10:59:08.249100+00:00
0,Python Developer | Remote,linkedin,Junior Backend Developer (Python) (m/w/d) 20h Stellenbeschreibung READ DESCRIPTION before,uNaice GmbH,Germany,Remote,Full-time,Python,Junior,English,,,Recent,https://de.linkedin.com/jobs/view/junior-backend-developer-python-m-w-d-20h-stellenbeschreibung-read-description-before-at-unaice-gmbh-4385746489,2026-03-26T10:59:08.249251+00:00
0,Python Developer | Remote,linkedin,Freelance Data Science Engineer (Python & SQL),Mindrift,Germany,Remote,Contract,Python,"Data Science, Sql",English,,,Recent,https://de.linkedin.com/jobs/view/freelance-data-science-engineer-python-sql-at-mindrift-4389491520,2026-03-26T10:59:08.249410+00:00
0,Python Developer | Remote,linkedin,Freelance Data Science Engineer (Python & SQL),Mindrift,"Munich, Bavaria, Germany",Remote,Contract,Python,"Data Science, Sql",English,,,Recent,https://de.linkedin.com/jobs/view/freelance-data-science-engineer-python-sql-at-mindrift-4389487761,2026-03-26T10:59:08.249569+00:00
0,Python Developer | Slovakia,linkedin,Junior Full-Stack Developer,Swiss Re,"Bratislava, Bratislava, Slovakia",On-site,Full-time,,Junior,English,,,Recent,https://sk.linkedin.com/jobs/view/junior-full-stack-developer-at-swiss-re-4388924020,2026-03-26T10:59:10.621891+00:00
0,Python Developer | Slovakia,linkedin,Full Stack Engineer,Deel,Slovakia,On-site,Full-time,,,English,,,Recent,https://sk.linkedin.com/jobs/view/full-stack-engineer-at-deel-4314538265,2026-03-26T10:59:10.622063+00:00
0,Python Developer | Slovakia,linkedin,Python Software Developer,Nokia,"Bratislava, Bratislava, Slovakia",On-site,Full-time,Python,,English,,,Recent,https://sk.linkedin.com/jobs/view/python-software-developer-at-nokia-4289894545,2026-03-26T10:59:10.622222+00:00
0,Python Developer | Slovakia,linkedin,Full-Stack Developer (Python + JS),GoReel,Slovakia,On-site,Full-time,Python,,English,,,Recent,https://sk.linkedin.com/jobs/view/full-stack-developer-python-%2B-js-at-goreel-4378381916,2026-03-26T10:59:10.622381+00:00
0,Python Developer | Slovakia,linkedin,Python Software Engineer,ESET,"Bratislava, Bratislava, Slovakia",On-site,Full-time,Python,,English,,,Recent,https://sk.linkedin.com/jobs/view/python-software-engineer-at-eset-4292497215,2026-03-26T10:59:10.622537+00:00
0,Python Developer | Slovakia,linkedin,"Junior AI Engineer – Python, GenAI & Machine Learning (m/f)",PwC Slovakia,"Bratislava, Bratislava, Slovakia",On-site,Full-time,Python,"Machine Learning, Junior",English,,,Recent,https://sk.linkedin.com/jobs/view/junior-ai-engineer-%E2%80%93-python-genai-machine-learning-m-f-at-pwc-slovakia-4328270572,2026-03-26T10:59:10.622692+00:00
0,Python Developer | Slovakia,linkedin,Software Engineer - Python,Legend,"Bratislava, Bratislava, Slovakia",On-site,Full-time,Python,,English,,,Recent,https://sk.linkedin.com/jobs/view/software-engineer-python-at-legend-4371203262,2026-03-26T10:59:10.622877+00:00
0,Python Developer | Slovakia,linkedin,Python Developer – meteorologické modelovanie,MicroStep-MIS,"Bratislava, Bratislava, Slovakia",On-site,Full-time,Python,,English,,,Recent,https://sk.linkedin.com/jobs/view/python-developer-%E2%80%93-meteorologick%C3%A9-modelovanie-at-microstep-mis-4383552379,2026-03-26T10:59:10.623043+00:00
0,Python Developer | Slovakia,linkedin,Python Software Engineer,ESET,"Bratislava, Bratislava, Slovakia",On-site,Full-time,Python,,English,,,Recent,https://sk.linkedin.com/jobs/view/python-software-engineer-at-eset-4385085021,2026-03-26T10:59:10.623208+00:00
0,Python Developer | Czech Republic,linkedin,Full Stack Developer,Flatiron Software,Dominican Republic,On-site,Full-time,,,English,,,Recent,https://do.linkedin.com/jobs/view/full-stack-developer-at-flatiron-software-4389229737,2026-03-26T10:59:12.976271+00:00
0,Python Developer | Czech Republic,linkedin,DESARROLLADOR BACK-END (QIK),Banco Popular Dominicano,"Santo Domingo, Distrito Nacional, Dominican Republic",On-site,Full-time,,,English,,,Recent,https://do.linkedin.com/jobs/view/desarrollador-back-end-qik-at-banco-popular-dominicano-4387989552,2026-03-26T10:59:12.976464+00:00
0,Python Developer | Czech Republic,linkedin,Fullstack C# Developer - Work from home - Talent Connection,Nearsure,"Santo Domingo, Dominican Republic",On-site,Full-time,C,C#,English,,,Recent,https://do.linkedin.com/jobs/view/fullstack-c%23-developer-work-from-home-talent-connection-at-nearsure-4388981361,2026-03-26T10:59:12.976638+00:00
0,Python Developer | Czech Republic,linkedin,Junior Full Stack Engineer (R&D Team) (BPO Industry),Linuo Group,"Santo Domingo, Distrito Nacional, Dominican Republic",On-site,Full-time,,"R, Junior",English,,,Recent,https://do.linkedin.com/jobs/view/junior-full-stack-engineer-r-d-team-bpo-industry-at-linuo-group-4377697907,2026-03-26T10:59:12.976818+00:00
0,Python Developer | Czech Republic,linkedin,AI/ML Engineer,Perform,"Santo Domingo, Distrito Nacional, Dominican Republic",On-site,Full-time,,,English,,,Recent,https://do.linkedin.com/jobs/view/ai-ml-engineer-at-perform-4389598414,2026-03-26T10:59:12.976983+00:00
0,Python Developer | Czech Republic,linkedin,Back End Developer,SmartEnergy.com,"Santo Domingo, Distrito Nacional, Dominican Republic",On-site,Full-time,,,English,,,Recent,https://do.linkedin.com/jobs/view/back-end-developer-at-smartenergy-com-4387880600,2026-03-26T10:59:12.977139+00:00
0,Python Developer | Czech Republic,linkedin,Web Developer Junior (WordPress / Elementor) – Full Time,Every Corner Connect,"Santo Domingo, Distrito Nacional, Dominican Republic",On-site,Full-time,,Junior,English,,,Recent,https://do.linkedin.com/jobs/view/web-developer-junior-wordpress-elementor-%E2%80%93-full-time-at-every-corner-connect-4389906520,2026-03-26T10:59:12.977451+00:00
0,Python Developer | Czech Republic,linkedin,AI/ML Engineer,Perform,Dominican Republic,On-site,Full-time,,,English,,,Recent,https://do.linkedin.com/jobs/view/ai-ml-engineer-at-perform-4344260713,2026-03-26T10:59:12.977617+00:00
0,Python Developer | Poland,linkedin,Python Developer,AppTailors,Poland,On-site,Full-time,Python,,English,,,Recent,https://pl.linkedin.com/jobs/view/python-developer-at-apptailors-4387098131,2026-03-26T10:59:15.372240+00:00
0,Python Developer | Poland,linkedin,Software Engineer (Python) - AI Platform,Revolut,Poland,On-site,Full-time,Python,,English,,,Recent,https://pl.linkedin.com/jobs/view/software-engineer-python-ai-platform-at-revolut-4250500721,2026-03-26T10:59:15.372430+00:00
0,Python Developer | Poland,linkedin,Backend Python Engineer,Billennium,Poland,On-site,Full-time,Python,,English,,,Recent,https://pl.linkedin.com/jobs/view/backend-python-engineer-at-billennium-4389084382,2026-03-26T10:59:15.372595+00:00
0,Python Developer | Poland,linkedin,Python Fullstack Developer,Ework Group,Warsaw Metropolitan Area,On-site,Full-time,Python,,English,,,Recent,https://pl.linkedin.com/jobs/view/python-fullstack-developer-at-ework-group-4381473986,2026-03-26T10:59:15.372772+00:00
0,Python Developer | Poland,linkedin,Python Developer,EY,"Katowice, Śląskie, Poland",On-site,Full-time,Python,,English,,,Recent,https://pl.linkedin.com/jobs/view/python-developer-at-ey-4388955348,2026-03-26T10:59:15.372939+00:00
0,Python Developer | Poland,linkedin,Software Engineer (4/5) — Developer Platform,Netflix,"Warsaw, Mazowieckie, Poland",On-site,Full-time,,,English,,,Recent,https://pl.linkedin.com/jobs/view/software-engineer-4-5-%E2%80%94-developer-platform-at-netflix-4193468200,2026-03-26T10:59:15.373104+00:00
0,Python Developer | Poland,linkedin,Junior Python Developer - Freelance,Netguru,"Poznań, Wielkopolskie, Poland",On-site,Contract,Python,Junior,English,,,Recent,https://pl.linkedin.com/jobs/view/junior-python-developer-freelance-at-netguru-4378361589,2026-03-26T10:59:15.373271+00:00
0,Python Developer | Poland,linkedin,Python Developer,Talent Complete,Poland,On-site,Full-time,Python,,English,,,Recent,https://pl.linkedin.com/jobs/view/python-developer-at-talent-complete-4386328777,2026-03-26T10:59:15.373431+00:00
0,Python Developer | Poland,linkedin,"Software Engineer (Python) - Relocation to Poland, Spain, or UAE",Revolut,Poland,On-site,Full-time,Python,,English,,,Recent,https://pl.linkedin.com/jobs/view/software-engineer-python-relocation-to-poland-spain-or-uae-at-revolut-4372826534,2026-03-26T10:59:15.373778+00:00
0,Python Developer | USA,linkedin,Junior Front Office Python Developer (0-2 years) – Global Macro Hedge Fund – Up to $175k TC,Mondrian Alpha,"New York, United States",On-site,Full-time,Python,Junior,English,,,Recent,https://www.linkedin.com/jobs/view/junior-front-office-python-developer-0-2-years-%E2%80%93-global-macro-hedge-fund-%E2%80%93-up-to-%24175k-tc-at-mondrian-alpha-4387008020,2026-03-26T10:59:17.954171+00:00
0,Python Developer | USA,linkedin,Python Developer,Proven Recruiting,"San Diego, CA",On-site,Full-time,Python,,English,,,Recent,https://www.linkedin.com/jobs/view/python-developer-at-proven-recruiting-4389230792,2026-03-26T10:59:17.954379+00:00
0,Python Developer | USA,linkedin,Python Software Engineer - Ai Training,YO IT Consulting,"Seattle, WA",On-site,Full-time,Python,,English,,,Recent,https://www.linkedin.com/jobs/view/python-software-engineer-ai-training-at-yo-it-consulting-4387540597,2026-03-26T10:59:17.954548+00:00
0,Python Developer | USA,linkedin,Python Developer Intern,Precisely,United States,On-site,Internship,Python,Intern,English,,,Recent,https://www.linkedin.com/jobs/view/python-developer-intern-at-precisely-4382115210,2026-03-26T10:59:17.954713+00:00
0,Python Developer | USA,linkedin,Python Developer,Insight Global,"Jersey City, NJ",On-site,Full-time,Python,,English,,,Recent,https://www.linkedin.com/jobs/view/python-developer-at-insight-global-4388955090,2026-03-26T10:59:17.954894+00:00
0,Python Developer | USA,linkedin,Python Developer,Insight Global,"Plano, TX",On-site,Full-time,Python,,English,,,Recent,https://www.linkedin.com/jobs/view/python-developer-at-insight-global-4388943657,2026-03-26T10:59:17.955056+00:00
0,Python Developer | USA,linkedin,Gen AI Engineer (Python),CoreTek Labs,"Wilmington, DE",On-site,Full-time,Python,,English,,,Recent,https://www.linkedin.com/jobs/view/gen-ai-engineer-python-at-coretek-labs-4388987360,2026-03-26T10:59:17.955222+00:00
0,Python Developer | USA,linkedin,Backend Engineer Intern,Tinder,"Los Angeles, CA",On-site,Internship,,Intern,English,,,Recent,https://www.linkedin.com/jobs/view/backend-engineer-intern-at-tinder-4324000392,2026-03-26T10:59:17.955379+00:00
0,Python Developer | USA,linkedin,Python Developer,Tata Consultancy Services,"San Jose, CA",On-site,Full-time,Python,,English,,,Recent,https://www.linkedin.com/jobs/view/python-developer-at-tata-consultancy-services-4389304501,2026-03-26T10:59:17.955535+00:00
0,Python Developer | USA,linkedin,Python Software Engineer - Ai Training,YO IT Consulting,"San Jose, CA",On-site,Full-time,Python,,English,,,Recent,https://www.linkedin.com/jobs/view/python-software-engineer-ai-training-at-yo-it-consulting-4387538712,2026-03-26T10:59:17.955693+00:00
0,Python Developer | United Kingdom,linkedin,Software Engineer (Python) - AI Platform,Revolut,United Kingdom,On-site,Full-time,Python,,English,,,Recent,https://uk.linkedin.com/jobs/view/software-engineer-python-ai-platform-at-revolut-4250197984,2026-03-26T10:59:20.426323+00:00
0,Python Developer | United Kingdom,linkedin,Software Engineer (Python),Darktrace,"Cambridge, England, United Kingdom",On-site,Full-time,Python,,English,,,Recent,https://uk.linkedin.com/jobs/view/software-engineer-python-at-darktrace-4342950512,2026-03-26T10:59:20.426527+00:00
0,Python Developer | United Kingdom,linkedin,Python Developer,hackajob,"London, England, United Kingdom",On-site,Full-time,Python,,English,,,Recent,https://uk.linkedin.com/jobs/view/python-developer-at-hackajob-4382830401,2026-03-26T10:59:20.426697+00:00
0,Python Developer | United Kingdom,linkedin,Python Software Engineer,Prima,"London, England, United Kingdom",On-site,Full-time,Python,,English,,,Recent,https://uk.linkedin.com/jobs/view/python-software-engineer-at-prima-4149696449,2026-03-26T10:59:20.426883+00:00
0,Python Developer | United Kingdom,linkedin,Python Developer,Wipro,"London Area, United Kingdom",On-site,Full-time,Python,,English,,,Recent,https://uk.linkedin.com/jobs/view/python-developer-at-wipro-4384455997,2026-03-26T10:59:20.427046+00:00
0,Python Developer | United Kingdom,linkedin,Full Stack Engineer (£70k-£110k + 0.2-0.75% Equity) at Godiligent.ai,Jack & Jill,"London Area, United Kingdom",On-site,Full-time,,,English,,,Recent,https://uk.linkedin.com/jobs/view/full-stack-engineer-%C2%A370k-%C2%A3110k-%2B-0-2-0-75%25-equity-at-godiligent-ai-at-jack-jill-4389403334,2026-03-26T10:59:20.427210+00:00
0,Python Developer | United Kingdom,linkedin,Python Developer,numi,"London Area, United Kingdom",On-site,Full-time,Python,,English,,,Recent,https://uk.linkedin.com/jobs/view/python-developer-at-numi-4320569358,2026-03-26T10:59:20.427387+00:00
0,Python Developer | United Kingdom,linkedin,Python Engineer,Tata Consultancy Services,"Belfast, Northern Ireland, United Kingdom",On-site,Full-time,Python,,English,,,Recent,https://uk.linkedin.com/jobs/view/python-engineer-at-tata-consultancy-services-4388690682,2026-03-26T10:59:20.427553+00:00
0,Python Developer | United Kingdom,linkedin,Python Developer,hackajob,United Kingdom,On-site,Full-time,Python,,English,,,Recent,https://uk.linkedin.com/jobs/view/python-developer-at-hackajob-4382823552,2026-03-26T10:59:20.427812+00:00
0,Python Developer | United Kingdom,linkedin,Python Data Engineer - Systematic Trading Data Team - Hedge Fund - London Office,Stanford Black Limited,"City Of London, England, United Kingdom",On-site,Full-time,Python,,English,,,Recent,https://uk.linkedin.com/jobs/view/python-data-engineer-systematic-trading-data-team-hedge-fund-london-office-at-stanford-black-limited-4386686226,2026-03-26T10:59:20.428040+00:00
0,Python Test | Austria,linkedin,Quality Engineer (m/w/d),Vusion,"Fernitz-Mellach, Styria, Austria",On-site,Full-time,,,English,,,Recent,https://at.linkedin.com/jobs/view/quality-engineer-m-w-d-at-vusion-4380690033,2026-03-26T10:59:25.278299+00:00
0,Python Test | Switzerland,linkedin,Automation Engineer,CLEEVEN,"Basel, Switzerland",On-site,Contract,,,English,,,Recent,https://ch.linkedin.com/jobs/view/automation-engineer-at-cleeven-4384362531,2026-03-26T10:59:27.679960+00:00
0,Python Test | Switzerland,linkedin,Test Automation Engineer (m/f/d) - 860049/1,Hays,"Risch-Rotkreuz, Zug, Switzerland",On-site,Full-time,Test Automation,,English,,,Recent,https://ch.linkedin.com/jobs/view/test-automation-engineer-m-f-d-860049-1-at-hays-4389997827,2026-03-26T10:59:27.680111+00:00
0,Python Test | Remote,linkedin,Software Testing Analyst,Alignerr,Germany,Remote,Full-time,,,English,,,Recent,https://de.linkedin.com/jobs/view/software-testing-analyst-at-alignerr-4389051098,2026-03-26T10:59:30.067675+00:00
0,Python Test | Slovakia,linkedin,Quality Assurance Automation Engineer,Billdu,"Bratislava, Bratislava, Slovakia",On-site,Full-time,,,English,,,Recent,https://sk.linkedin.com/jobs/view/quality-assurance-automation-engineer-at-billdu-4387888986,2026-03-26T10:59:32.444298+00:00
0,Python Test | Slovakia,linkedin,Junior Automation Engineer,Swiss Re,"Bratislava, Bratislava, Slovakia",On-site,Full-time,,Junior,English,,,Recent,https://sk.linkedin.com/jobs/view/junior-automation-engineer-at-swiss-re-4369559502,2026-03-26T10:59:32.444604+00:00
0,Python Test | Slovakia,linkedin,Junior Test Automation Engineer,IBM,"Košice, Kosice, Slovakia",On-site,Full-time,Test Automation,Junior,English,,,Recent,https://sk.linkedin.com/jobs/view/junior-test-automation-engineer-at-ibm-4388328650,2026-03-26T10:59:32.444922+00:00
0,Python Test | Czech Republic,linkedin,Manufacturing Engineer I 2do turno,Medtronic,"San Isidro, Santo Domingo, Dominican Republic",On-site,Full-time,,,English,,,Recent,https://do.linkedin.com/jobs/view/manufacturing-engineer-i-2do-turno-at-medtronic-4380761740,2026-03-26T10:59:34.813309+00:00
0,Python Test | Czech Republic,linkedin,Trainee in Application Lab,STMicroelectronics,"Batey 8, Independencia Province, Dominican Republic",On-site,Full-time,,Trainee,English,,,Recent,https://do.linkedin.com/jobs/view/trainee-in-application-lab-at-stmicroelectronics-4377848452,2026-03-26T10:59:34.813467+00:00
0,Python Test | Czech Republic,linkedin,Sr. SDET (Gaming Industry),Perform,Dominican Republic,On-site,Full-time,,,English,,,Recent,https://do.linkedin.com/jobs/view/sr-sdet-gaming-industry-at-perform-4362287427,2026-03-26T10:59:34.813620+00:00
0,Python Test | Czech Republic,linkedin,"Eng I, Software Quality, APM, Temporary",BD,Dominican Republic,On-site,Full-time,,,English,,,Recent,https://do.linkedin.com/jobs/view/eng-i-software-quality-apm-temporary-at-bd-4377424260,2026-03-26T10:59:34.814106+00:00
0,Python Test | Czech Republic,linkedin,Quality Engineer III,Nissha Medical Technologies,Dominican Republic,On-site,Full-time,,,English,,,Recent,https://do.linkedin.com/jobs/view/quality-engineer-iii-at-nissha-medical-technologies-4388364407,2026-03-26T10:59:34.814414+00:00
0,Python Test | Poland,linkedin,Intermediate Test Engineer Automation (Python) - OP02085,Dev.Pro,"Wrocław, Dolnośląskie, Poland",On-site,Full-time,Python,,English,,,Recent,https://pl.linkedin.com/jobs/view/intermediate-test-engineer-automation-python-op02085-at-dev-pro-4390325844,2026-03-26T10:59:37.207404+00:00
0,Python Test | Poland,linkedin,Junior QA Engineer (Automation) – Remote,Indivd,Poland,Remote,Full-time,,Junior,English,,,Recent,https://pl.linkedin.com/jobs/view/junior-qa-engineer-automation-%E2%80%93-remote-at-indivd-4379444416,2026-03-26T10:59:37.207718+00:00
0,Python Test | USA,linkedin,QA Engineer,Scion Staffing,"Dallas, TX",On-site,Full-time,,,English,,,Recent,https://www.linkedin.com/jobs/view/qa-engineer-at-scion-staffing-4388550668,2026-03-26T10:59:39.750302+00:00
0,Python Test | USA,linkedin,QA Engineer,Talener,"New York, United States",On-site,Full-time,,,English,,,Recent,https://www.linkedin.com/jobs/view/qa-engineer-at-talener-4390366400,2026-03-26T10:59:39.750613+00:00
0,Python Test | USA,linkedin,QA Automation Engineer,GovCon Associates LLC,United States,On-site,Full-time,,,English,,,Recent,https://www.linkedin.com/jobs/view/qa-automation-engineer-at-govcon-associates-llc-4387895511,2026-03-26T10:59:39.750937+00:00
0,Python Test | USA,linkedin,Quality Assurance Engineer,Go Offer,United States,On-site,Full-time,Go,,English,,,Recent,https://www.linkedin.com/jobs/view/quality-assurance-engineer-at-go-offer-4387131143,2026-03-26T10:59:39.751084+00:00
0,Python Test | USA,linkedin,Sr. Software QA Engineer,KPI Solutions,"Sharonville, OH",On-site,Full-time,,,English,,,Recent,https://www.linkedin.com/jobs/view/sr-software-qa-engineer-at-kpi-solutions-4389760300,2026-03-26T10:59:39.751233+00:00
0,Python Test | United Kingdom,linkedin,QA Test Engineer,Leo Recruitment Limited,"Poole, England, United Kingdom",On-site,Full-time,,,English,,,Recent,https://uk.linkedin.com/jobs/view/qa-test-engineer-at-leo-recruitment-limited-4383339453,2026-03-26T10:59:42.225941+00:00
0,Firmware Engineer | Germany,linkedin,Software Embedded Engineer,Corsair,"Landshut, Bavaria, Germany",On-site,Full-time,,,English,,,Recent,https://de.linkedin.com/jobs/view/software-embedded-engineer-at-corsair-4351784200,2026-03-26T10:59:44.623938+00:00
0,Firmware Engineer | Germany,linkedin,Embedded Software-Entwickler (m/w/d),Bytec Medizintechnik GmbH,"Eschweiler, North Rhine-Westphalia, Germany",On-site,Full-time,,,English,,,Recent,https://de.linkedin.com/jobs/view/embedded-software-entwickler-m-w-d-at-bytec-medizintechnik-gmbh-4386111911,2026-03-26T10:59:44.624129+00:00
0,Firmware Engineer | Germany,linkedin,Embedded Software Ingenieur (w/m/d),XTENDED ENGINEERING GMBH,"Munich, Bavaria, Germany",On-site,Full-time,,,English,,,Recent,https://de.linkedin.com/jobs/view/embedded-software-ingenieur-w-m-d-at-xtended-engineering-gmbh-4384883199,2026-03-26T10:59:44.624448+00:00
0,Firmware Engineer | Germany,linkedin,Embedded Software Developer - Freelance / Teilzeit / Nebenberuflich Selbständig,Software Engineering Weber GmbH,"Kempten, Bavaria, Germany",On-site,Contract,,,English,,,Recent,https://de.linkedin.com/jobs/view/embedded-software-developer-freelance-teilzeit-nebenberuflich-selbst%C3%A4ndig-at-software-engineering-weber-gmbh-4384462636,2026-03-26T10:59:44.624599+00:00
0,Firmware Engineer | Germany,linkedin,Embedded Software / Firmware Developer (m/w/d),secunet Security Networks AG,"Berlin, Berlin, Germany",On-site,Full-time,Firmware,,English,,,Recent,https://de.linkedin.com/jobs/view/embedded-software-firmware-developer-m-w-d-at-secunet-security-networks-ag-4375269838,2026-03-26T10:59:44.624771+00:00
0,Firmware Engineer | Germany,linkedin,Software Engineer - iOS (m/f/d),Flink,"Berlin, Berlin, Germany",On-site,Full-time,,,English,,,Recent,https://de.linkedin.com/jobs/view/software-engineer-ios-m-f-d-at-flink-4387935962,2026-03-26T10:59:44.624932+00:00
0,Firmware Engineer | Germany,linkedin,Embedded Software Engineer,ZeroPhase,"Dortmund, North Rhine-Westphalia, Germany",On-site,Full-time,,,English,,,Recent,https://de.linkedin.com/jobs/view/embedded-software-engineer-at-zerophase-4387963833,2026-03-26T10:59:44.625079+00:00
0,Firmware Engineer | Germany,linkedin,Embedded Firmware Engineer (6-months limited contract),Bragi,Germany,On-site,Contract,Firmware,,English,,,Recent,https://de.linkedin.com/jobs/view/embedded-firmware-engineer-6-months-limited-contract-at-bragi-4381733845,2026-03-26T10:59:44.625224+00:00
0,Firmware Engineer | Germany,linkedin,Software Engineer (Java & or Angular),Shiftmove,"Berlin, Berlin, Germany",On-site,Full-time,Java,Angular,English,,,Recent,https://de.linkedin.com/jobs/view/software-engineer-java-or-angular-at-shiftmove-4378326003,2026-03-26T10:59:44.625375+00:00
0,Firmware Engineer | Austria,linkedin,Firmware Engineer (m/f/d),EVK,"Raaba, Styria, Austria",On-site,Full-time,Firmware,,English,,,Recent,https://at.linkedin.com/jobs/view/firmware-engineer-m-f-d-at-evk-4390162635,2026-03-26T10:59:46.996052+00:00
0,Firmware Engineer | Austria,linkedin,Firmware Engineer (m/w/d),EVK,"Raaba, Styria, Austria",On-site,Full-time,Firmware,,English,,,Recent,https://at.linkedin.com/jobs/view/firmware-engineer-m-w-d-at-evk-4390001759,2026-03-26T10:59:46.996240+00:00
0,Firmware Engineer | Austria,linkedin,Software Engineer - Early Career (m/f/x),Dynatrace,"Hagenberg im Mühlkreis, Upper Austria, Austria",On-site,Full-time,,,English,,,Recent,https://at.linkedin.com/jobs/view/software-engineer-early-career-m-f-x-at-dynatrace-4389223817,2026-03-26T10:59:46.996404+00:00
0,Firmware Engineer | Austria,linkedin,C++ Embedded Software Engineer (ESP32) (m/f/x),go-e,Greater Graz,On-site,Full-time,"C, C++, Go",Esp32,English,,,Recent,https://at.linkedin.com/jobs/view/c%2B%2B-embedded-software-engineer-esp32-m-f-x-at-go-e-4387415157,2026-03-26T10:59:46.996569+00:00
0,Firmware Engineer | Austria,linkedin,C++ Embedded Software Engineer (ESP32) (m/f/x),go-e,"Graz, Styria, Austria",On-site,Full-time,"C, C++, Go",Esp32,English,,,Recent,https://at.linkedin.com/jobs/view/c%2B%2B-embedded-software-engineer-esp32-m-f-x-at-go-e-4386884431,2026-03-26T10:59:46.996722+00:00
0,Firmware Engineer | Austria,linkedin,Mobile Software Engineer,Jobgether,Austria,Remote,Full-time,,,English,,,Recent,https://at.linkedin.com/jobs/view/mobile-software-engineer-at-jobgether-4390105558,2026-03-26T10:59:46.996894+00:00
0,Firmware Engineer | Austria,linkedin,Embedded Software Engineer (full-time)  (f/m/d),TriLite Technologies,"Vienna, Vienna, Austria",On-site,Full-time,,,English,,,Recent,https://at.linkedin.com/jobs/view/embedded-software-engineer-full-time-f-m-d-at-trilite-technologies-4385036296,2026-03-26T10:59:46.997048+00:00
0,Firmware Engineer | Austria,linkedin,Embedded Systems Engineer @ DEWETRON GmbH,DEVjobs,"Graz, Styria, Austria",On-site,Full-time,Embedded Systems,,English,,,Recent,https://at.linkedin.com/jobs/view/embedded-systems-engineer-%40-dewetron-gmbh-at-devjobs-4388691496,2026-03-26T10:59:46.997354+00:00
0,Firmware Engineer | Austria,linkedin,Software Engineer,coop.unlimited,"Graz, Styria, Austria",On-site,Full-time,,,English,,,Recent,https://at.linkedin.com/jobs/view/software-engineer-at-coop-unlimited-4386673218,2026-03-26T10:59:46.997515+00:00
0,Firmware Engineer | Switzerland,linkedin,Embedded Software Engineer – e-Bike Systems,Specialized Bicycle Components,"Cham, Zug, Switzerland",On-site,Full-time,,,English,,,Recent,https://ch.linkedin.com/jobs/view/embedded-software-engineer-%E2%80%93-e-bike-systems-at-specialized-bicycle-components-4249261377,2026-03-26T10:59:49.398494+00:00
0,Firmware Engineer | Switzerland,linkedin,Junior Software Engineer Low Latency Trading,Digital Wave Finance AG,"Zug, Zug, Switzerland",On-site,Full-time,,Junior,English,,,Recent,https://ch.linkedin.com/jobs/view/junior-software-engineer-low-latency-trading-at-digital-wave-finance-ag-4386311276,2026-03-26T10:59:49.398693+00:00
0,Firmware Engineer | Switzerland,linkedin,Embedded Systems Engineer (EP-LCB-2026-89-GRAE),CERN,"Geneva, Geneva, Switzerland",On-site,Full-time,Embedded Systems,,English,,,Recent,https://ch.linkedin.com/jobs/view/embedded-systems-engineer-ep-lcb-2026-89-grae-at-cern-4389187198,2026-03-26T10:59:49.398884+00:00
0,Firmware Engineer | Switzerland,linkedin,Embedded Engineer,NielsenIQ,"Kriegstetten, Solothurn, Switzerland",On-site,Full-time,,,English,,,Recent,https://ch.linkedin.com/jobs/view/embedded-engineer-at-nielseniq-4382425033,2026-03-26T10:59:49.399043+00:00
0,Firmware Engineer | Switzerland,linkedin,Mobile Software Engineer,Jobgether,Switzerland,Remote,Full-time,,,English,,,Recent,https://ch.linkedin.com/jobs/view/mobile-software-engineer-at-jobgether-4390103678,2026-03-26T10:59:49.399193+00:00
0,Firmware Engineer | Switzerland,linkedin,Embedded Software Engineer – e Bike Systems (80–100%),Specialized Bicycle Components,"Cham, Zug, Switzerland",Remote,Full-time,,,English,,,Recent,https://ch.linkedin.com/jobs/view/embedded-software-engineer-%E2%80%93-e-bike-systems-80%E2%80%93100%25-at-specialized-bicycle-components-4371434879,2026-03-26T10:59:49.399350+00:00
0,Firmware Engineer | Switzerland,linkedin,Embedded Firmware Design Engineer 80-100% (m/w/d),QUMEA,"Solothurn, Solothurn, Switzerland",Remote,Full-time,Firmware,,English,,,Recent,https://ch.linkedin.com/jobs/view/embedded-firmware-design-engineer-80-100%25-m-w-d-at-qumea-4385473420,2026-03-26T10:59:49.399838+00:00
0,Firmware Engineer | Switzerland,linkedin,AI Software Engineer,Avaloq,"Zurich, Zurich, Switzerland",On-site,Full-time,,,English,,,Recent,https://ch.linkedin.com/jobs/view/ai-software-engineer-at-avaloq-4386670259,2026-03-26T10:59:49.400007+00:00
0,Firmware Engineer | Remote,linkedin,Embedded Softwareentwickler (m/w/d),ICT Digital Solutions GmbH,Germany,Remote,Full-time,,,English,,,Recent,https://de.linkedin.com/jobs/view/embedded-softwareentwickler-m-w-d-at-ict-digital-solutions-gmbh-4383656322,2026-03-26T10:59:51.843103+00:00
0,Firmware Engineer | Remote,linkedin,Software engineer (m/f/d),ng-voice,Germany,Remote,Full-time,,,English,,,Recent,https://de.linkedin.com/jobs/view/software-engineer-m-f-d-at-ng-voice-4386664948,2026-03-26T10:59:51.843264+00:00
0,Firmware Engineer | Remote,linkedin,Freelance Embedded Software Engineer,Vivid Resourcing,Germany,Remote,Contract,,,English,,,Recent,https://de.linkedin.com/jobs/view/freelance-embedded-software-engineer-at-vivid-resourcing-4383759739,2026-03-26T10:59:51.843580+00:00
0,Firmware Engineer | Remote,linkedin,Software Engineer - Backend,MAM Gruppe,Germany,Remote,Full-time,,,English,,,Recent,https://de.linkedin.com/jobs/view/software-engineer-backend-at-mam-gruppe-4388959216,2026-03-26T10:59:51.843739+00:00
0,Firmware Engineer | Remote,linkedin,Software Engineer | Remote,Crossing Hurdles,Germany,Remote,Contract,"C, C++, Java, Javascript, Python",,English,,,Recent,https://de.linkedin.com/jobs/view/software-engineer-remote-at-crossing-hurdles-4382849391,2026-03-26T10:59:51.844381+00:00
0,Firmware Engineer | Slovakia,linkedin,Software Engineer,Cisco,"Bratislava, Bratislava, Slovakia",Hybrid,Contract,"C, C++, Cursor, Java, Javascript, Python","Git, Sql, Node.Js, Devops, Microservices, Nosql",English,,,Recent,https://sk.linkedin.com/jobs/view/software-engineer-at-cisco-4369673005,2026-03-26T10:59:54.217549+00:00
0,Firmware Engineer | Slovakia,linkedin,Fresh Graduate - Software Engineer,Caterpillar Inc.,"Košice, Kosice, Slovakia",On-site,Contract,"Arm, Can, Java, Javascript, Typescript","Agile, Aws, Graduate, Azure, Angular, Junior, Sql, Nosql, Scrum, React",English,,,Recent,https://sk.linkedin.com/jobs/view/fresh-graduate-software-engineer-at-caterpillar-inc-4388377491,2026-03-26T10:59:54.218104+00:00
0,Firmware Engineer | Slovakia,linkedin,Software Engineer (Angular),Solar Turbines,"Košice, Kosice, Slovakia",Remote,Full-time,"Can, Ci/Cd, Jenkins, Typescript","Azure, Angular, Git, Devops, Agile",English,,,Recent,https://sk.linkedin.com/jobs/view/software-engineer-angular-at-solar-turbines-4389235778,2026-03-26T10:59:54.218275+00:00
0,Firmware Engineer | Slovakia,linkedin,Embedded Engineer,Ciklum,"Bratislava, Slovakia",On-site,Full-time,,,English,,,Recent,https://sk.linkedin.com/jobs/view/embedded-engineer-at-ciklum-4384462402,2026-03-26T10:59:54.218651+00:00
0,Firmware Engineer | Czech Republic,linkedin,"Full Stack Software Engineer - React, Next, Node / Remote LATAM",Zarego,"Santo Domingo, Distrito Nacional, Dominican Republic",Remote,Full-time,,React,English,,,Recent,https://do.linkedin.com/jobs/view/full-stack-software-engineer-react-next-node-remote-latam-at-zarego-4387741009,2026-03-26T10:59:56.606131+00:00
0,Firmware Engineer | Czech Republic,linkedin,Software Engineer Backend,Babel,"Santo Domingo, Distrito Nacional, Dominican Republic",On-site,Full-time,,,English,,,Recent,https://do.linkedin.com/jobs/view/software-engineer-backend-at-babel-4387965574,2026-03-26T10:59:56.606286+00:00
0,Firmware Engineer | Czech Republic,linkedin,Remote Software Engineer (AI Code Evaluation),Braintrust,Dominican Republic,Remote,Full-time,,,English,,,Recent,https://do.linkedin.com/jobs/view/remote-software-engineer-ai-code-evaluation-at-braintrust-4387630699,2026-03-26T10:59:56.606600+00:00
0,Firmware Engineer | Czech Republic,linkedin,"Full Stack Software Engineer for AI Training (Remote, Flexible, 100+ openings)",Braintrust,Dominican Republic,Remote,Full-time,,,English,,,Recent,https://do.linkedin.com/jobs/view/full-stack-software-engineer-for-ai-training-remote-flexible-100%2B-openings-at-braintrust-4387238624,2026-03-26T10:59:56.606767+00:00
0,Firmware Engineer | Czech Republic,linkedin,Go Software Engineer - Remote - Latin America,FullStack,Dominican Republic,Remote,Full-time,Go,,English,,,Recent,https://do.linkedin.com/jobs/view/go-software-engineer-remote-latin-america-at-fullstack-4374161770,2026-03-26T10:59:56.606938+00:00
0,Firmware Engineer | Czech Republic,linkedin,Go Software Engineer - Remote - Latin America,FullStack,"Santo Domingo Oeste, Santo Domingo, Dominican Republic",Remote,Full-time,Go,,English,,,Recent,https://do.linkedin.com/jobs/view/go-software-engineer-remote-latin-america-at-fullstack-4374159836,2026-03-26T10:59:56.607100+00:00
0,Firmware Engineer | Poland,linkedin,"Software Engineer (Java) - Relocation to Poland, Spain, or UAE",Revolut,Poland,On-site,Full-time,Java,,English,,,Recent,https://pl.linkedin.com/jobs/view/software-engineer-java-relocation-to-poland-spain-or-uae-at-revolut-3845490363,2026-03-26T10:59:59.050426+00:00
0,Firmware Engineer | Poland,linkedin,Junior Software Engineer Low Latency Trading,Digital Wave Finance AG,"Warsaw, Mazowieckie, Poland",On-site,Full-time,,Junior,English,,,Recent,https://pl.linkedin.com/jobs/view/junior-software-engineer-low-latency-trading-at-digital-wave-finance-ag-4386310340,2026-03-26T10:59:59.050591+00:00
0,Firmware Engineer | Poland,linkedin,Software Engineer (Android),Revolut,Poland,On-site,Full-time,,,English,,,Recent,https://pl.linkedin.com/jobs/view/software-engineer-android-at-revolut-4190975735,2026-03-26T10:59:59.050769+00:00
0,Firmware Engineer | Poland,linkedin,"Software Engineer, FinOps",Samba TV,"Warsaw, Mazowieckie, Poland",On-site,Full-time,,,English,,,Recent,https://pl.linkedin.com/jobs/view/software-engineer-finops-at-samba-tv-4312933080,2026-03-26T10:59:59.050929+00:00
0,Firmware Engineer | Poland,linkedin,Junior Software Engineer,Asana,"Warsaw, Mazowieckie, Poland",On-site,Full-time,,"Junior, Asana",English,,,Recent,https://pl.linkedin.com/jobs/view/junior-software-engineer-at-asana-4315919819,2026-03-26T10:59:59.051088+00:00
0,Firmware Engineer | Poland,linkedin,Junior Software Engineer (Java),Revolut,Poland,On-site,Full-time,Java,Junior,English,,,Recent,https://pl.linkedin.com/jobs/view/junior-software-engineer-java-at-revolut-4382448447,2026-03-26T10:59:59.051400+00:00
0,Firmware Engineer | Poland,linkedin,Embedded Software Engineer,Verkada,"Krakowski, Małopolskie, Poland",On-site,Full-time,,,English,,,Recent,https://pl.linkedin.com/jobs/view/embedded-software-engineer-at-verkada-4365303970,2026-03-26T10:59:59.051552+00:00
0,Firmware Engineer | USA,linkedin,Embedded Software Engineer,Meta,"Sunnyvale, CA",On-site,Full-time,,,English,,,Recent,https://www.linkedin.com/jobs/view/embedded-software-engineer-at-meta-4301499980,2026-03-26T11:00:01.592499+00:00
0,Firmware Engineer | USA,linkedin,Embedded Software Engineer,Meta,"Redmond, WA",On-site,Full-time,,,English,,,Recent,https://www.linkedin.com/jobs/view/embedded-software-engineer-at-meta-4301812138,2026-03-26T11:00:01.592662+00:00
0,Firmware Engineer | USA,linkedin,"Software Engineer, Rider",Lyft,"New York, NY",On-site,Full-time,,,English,,,Recent,https://www.linkedin.com/jobs/view/software-engineer-rider-at-lyft-4382127500,2026-03-26T11:00:01.592839+00:00
0,Firmware Engineer | USA,linkedin,Embedded Software Engineer,Meta,"San Diego, CA",On-site,Full-time,,,English,,,Recent,https://www.linkedin.com/jobs/view/embedded-software-engineer-at-meta-4301812137,2026-03-26T11:00:01.593000+00:00
0,Firmware Engineer | USA,linkedin,Embedded Software Engineer,Meta,"Austin, TX",On-site,Full-time,,,English,,,Recent,https://www.linkedin.com/jobs/view/embedded-software-engineer-at-meta-4301819047,2026-03-26T11:00:01.593155+00:00
0,Firmware Engineer | USA,linkedin,Embedded Software Engineer Intern,Nuro,"Mountain View, CA",On-site,Internship,,Intern,English,,,Recent,https://www.linkedin.com/jobs/view/embedded-software-engineer-intern-at-nuro-4360007303,2026-03-26T11:00:01.593315+00:00
0,Firmware Engineer | USA,linkedin,Software Engineer - Applications,LinkedIn,"Mountain View, CA",On-site,Full-time,,,English,,,Recent,https://www.linkedin.com/jobs/view/software-engineer-applications-at-linkedin-4390655211,2026-03-26T11:00:01.593470+00:00
0,Firmware Engineer | USA,linkedin,Embedded Software Engineer,ATX Networks Corp.,"Duluth, GA",On-site,Full-time,,,English,,,Recent,https://www.linkedin.com/jobs/view/embedded-software-engineer-at-atx-networks-corp-4388935686,2026-03-26T11:00:01.593623+00:00
0,Firmware Engineer | USA,linkedin,Embedded Software Engineer,Wing,"Palo Alto, CA",On-site,Full-time,,,English,,,Recent,https://www.linkedin.com/jobs/view/embedded-software-engineer-at-wing-4344488460,2026-03-26T11:00:01.593800+00:00
0,Firmware Engineer | United Kingdom,linkedin,"Software Engineer, New Grad",Deliveroo,"London, England, United Kingdom",On-site,Full-time,,,English,,,Recent,https://uk.linkedin.com/jobs/view/software-engineer-new-grad-at-deliveroo-4379662791,2026-03-26T11:00:04.059340+00:00
0,Firmware Engineer | United Kingdom,linkedin,Junior Software Engineer,Tripadvisor,"London, England, United Kingdom",On-site,Full-time,,Junior,English,,,Recent,https://uk.linkedin.com/jobs/view/junior-software-engineer-at-tripadvisor-4314044699,2026-03-26T11:00:04.059684+00:00
0,Firmware Engineer | United Kingdom,linkedin,Embedded Software Engineer Intern (12 months),SLB,"Stonehouse, England, United Kingdom",On-site,Internship,,Intern,English,,,Recent,https://uk.linkedin.com/jobs/view/embedded-software-engineer-intern-12-months-at-slb-4383032783,2026-03-26T11:00:04.060026+00:00
0,Firmware Engineer | United Kingdom,linkedin,Software Engineer,hackajob,"Manchester, England, United Kingdom",On-site,Full-time,,,English,,,Recent,https://uk.linkedin.com/jobs/view/software-engineer-at-hackajob-4383500450,2026-03-26T11:00:04.060184+00:00
0,Firmware Engineer | United Kingdom,linkedin,Software Engineer,Red Bull Racing & Red Bull Technology,"Milton Keynes, England, United Kingdom",On-site,Full-time,,,English,,,Recent,https://uk.linkedin.com/jobs/view/software-engineer-at-red-bull-racing-red-bull-technology-4375990471,2026-03-26T11:00:04.060331+00:00
0,Firmware Engineer | United Kingdom,linkedin,Software Engineer - London,Zopa Bank,"London, England, United Kingdom",On-site,Full-time,,,English,,,Recent,https://uk.linkedin.com/jobs/view/software-engineer-london-at-zopa-bank-4036813631,2026-03-26T11:00:04.060478+00:00
0,Firmware Engineer | United Kingdom,linkedin,Embedded Software Engineer,Belcan,"Portsmouth, England, United Kingdom",On-site,Full-time,,,English,,,Recent,https://uk.linkedin.com/jobs/view/embedded-software-engineer-at-belcan-4386850342,2026-03-26T11:00:04.060627+00:00
0,Firmware Engineer | United Kingdom,linkedin,Junior Firmware Engineers,General Dynamics UK Limited,"Hastings, England, United Kingdom",On-site,Full-time,Firmware,Junior,English,,,Recent,https://uk.linkedin.com/jobs/view/junior-firmware-engineers-at-general-dynamics-uk-limited-4389570160,2026-03-26T11:00:04.060798+00:00
