relevance_score,search_criteria,provider,title,company,location,work_location_type,employment_type,matching_skills,missing_skills,detected_languages,matched_roles,salary_hint,posted_at_relative,link,scraped_at
44,Python Developer | Poland,linkedin,Senior Python Software Engineer,Intellias,Poland,On-site,Full-time,Python,Senior,English,Senior,,Recent,https://pl.linkedin.com/jobs/view/senior-python-software-engineer-at-intellias-4393508691,2026-04-02T10:58:34.393893+00:00
29,Tester | United Kingdom,linkedin,Software Tester,Intellect Group,"Oxfordshire, England, United Kingdom",On-site,Full-time,,,English,,,Recent,https://uk.linkedin.com/jobs/view/software-tester-at-intellect-group-4387440591,2026-04-02T10:56:51.494841+00:00
29,QA Engineer | United Kingdom,linkedin,QA Engineer,McKenzie Intelligence Services,"Greater London, England, United Kingdom",On-site,Full-time,,,English,,,Recent,https://uk.linkedin.com/jobs/view/qa-engineer-at-mckenzie-intelligence-services-4394603889,2026-04-02T10:57:12.732202+00:00
29,Firmware Engineer | Germany,linkedin,Embedded Software Engineer,NXP Semiconductors,"Hamburg, Hamburg, Germany",On-site,Full-time,,,English,,,Recent,https://de.linkedin.com/jobs/view/embedded-software-engineer-at-nxp-semiconductors-4393236614,2026-04-02T10:59:03.326775+00:00
29,Firmware Engineer | Austria,linkedin,Internship: Embedded Software Developer (m/f/d),NXP Semiconductors,"Gratkorn, Styria, Austria",On-site,Internship,,Internship,English,,,Recent,https://at.linkedin.com/jobs/view/internship-embedded-software-developer-m-f-d-at-nxp-semiconductors-4385349797,2026-04-02T10:59:05.670640+00:00
29,Firmware Engineer | Austria,linkedin,Software Engineer (w/m/d),Porsche Holding,"Salzburg, Austria",On-site,Full-time,,,English,,,Recent,https://at.linkedin.com/jobs/view/software-engineer-w-m-d-at-porsche-holding-4377874958,2026-04-02T10:59:05.670796+00:00
14,Tester | Austria,linkedin,Senior Software Engineer in Test (Full-Stack/Python),Mindrift,Austria,On-site,Contract,"Can, Ci/Cd, Github Actions, Pytest, Python, Test Automation","Senior, Expert, React, Github, Docker",English,"Expert, Senior",,Recent,https://at.linkedin.com/jobs/view/senior-software-engineer-in-test-full-stack-python-at-mindrift-4392341261,2026-04-02T10:56:34.976587+00:00
14,Tester | Austria,linkedin,Test Engineer (all genders),Lam Research,Greater Salzburg,Remote,Full-time,"C, C++, Python",Lead,English,Lead,,Recent,https://at.linkedin.com/jobs/view/test-engineer-all-genders-at-lam-research-4390983718,2026-04-02T10:56:34.976892+00:00
14,Tester | Switzerland,linkedin,Expert Test Engineer (Contract),adesso Schweiz AG,"Bern, Berne, Switzerland",On-site,Contract,,Expert,English,Expert,,Recent,https://ch.linkedin.com/jobs/view/expert-test-engineer-contract-at-adesso-schweiz-ag-4391078761,2026-04-02T10:56:37.300558+00:00
14,Tester | Remote,linkedin,Senior Software Engineer in Test (Full-Stack/Python),Mindrift,"Berlin, Berlin, Germany",Remote,Full-time,Python,Senior,English,Senior,,Recent,https://de.linkedin.com/jobs/view/senior-software-engineer-in-test-full-stack-python-at-mindrift-4392337663,2026-04-02T10:56:39.655721+00:00
14,Tester | Remote,linkedin,Senior Software Engineer in Test (Full-Stack/Python),Mindrift,"Frankfurt am Main, Hesse, Germany",Remote,Full-time,Python,Senior,English,Senior,,Recent,https://de.linkedin.com/jobs/view/senior-software-engineer-in-test-full-stack-python-at-mindrift-4392338469,2026-04-02T10:56:39.656028+00:00
14,Tester | Remote,linkedin,Senior Software Engineer in Test (Full-Stack/Python),Mindrift,"Hamburg, Hamburg, Germany",Remote,Full-time,Python,Senior,English,Senior,,Recent,https://de.linkedin.com/jobs/view/senior-software-engineer-in-test-full-stack-python-at-mindrift-4392334764,2026-04-02T10:56:39.656208+00:00
14,Tester | Slovakia,linkedin,Senior Software Engineer in Test,Filevine,"Bratislava, Bratislava, Slovakia",On-site,Full-time,,Senior,English,Senior,,Recent,https://sk.linkedin.com/jobs/view/senior-software-engineer-in-test-at-filevine-4380694723,2026-04-02T10:56:42.021017+00:00
14,QA Engineer | Austria,linkedin,Senior Quality Assurance Engineer,Bybit EU,"Vienna, Austria",On-site,Full-time,,Senior,English,Senior,,Recent,https://at.linkedin.com/jobs/view/senior-quality-assurance-engineer-at-bybit-eu-4389567167,2026-04-02T10:56:56.183808+00:00
14,QA Engineer | Remote,linkedin,Senior Automation QA Engineer,MLabs,Germany,Remote,Full-time,,Senior,English,Senior,,Recent,https://de.linkedin.com/jobs/view/senior-automation-qa-engineer-at-mlabs-4394608529,2026-04-02T10:57:00.875492+00:00
14,QA Engineer | Remote,linkedin,Senior QA Engineer (m/w/d),Fairsource,Germany,Remote,Full-time,,Senior,English,Senior,,Recent,https://de.linkedin.com/jobs/view/senior-qa-engineer-m-w-d-at-fairsource-4382782610,2026-04-02T10:57:00.876296+00:00
14,QA Engineer | Remote,linkedin,Senior Quality Assurance Engineer,HiveMQ,"Berlin, Berlin, Germany",Remote,Full-time,,Senior,English,Senior,,Recent,https://de.linkedin.com/jobs/view/senior-quality-assurance-engineer-at-hivemq-4364406728,2026-04-02T10:57:00.876445+00:00
14,QA Engineer | Slovakia,linkedin,Expert Quality Assurance (QA) Engineer,Qualco Group,"Bratislava, Bratislava, Slovakia",On-site,Full-time,,Expert,English,Expert,,Recent,https://sk.linkedin.com/jobs/view/expert-quality-assurance-qa-engineer-at-qualco-group-4381409824,2026-04-02T10:57:03.237593+00:00
14,QA Engineer | Poland,linkedin,Senior QA Engineer,Rydoo,"Warsaw, Mazowieckie, Poland",On-site,Full-time,,Senior,English,Senior,,Recent,https://pl.linkedin.com/jobs/view/senior-qa-engineer-at-rydoo-4383329264,2026-04-02T10:57:07.947443+00:00
14,QA Engineer | Poland,linkedin,Senior QA Engineer (Manual),Fluxon,Poland,On-site,Full-time,,Senior,English,Senior,,Recent,https://pl.linkedin.com/jobs/view/senior-qa-engineer-manual-at-fluxon-4393541256,2026-04-02T10:57:07.948559+00:00
14,QA Engineer | United Kingdom,linkedin,Senior QA Engineer,White Rose Education,"Leeds, England, United Kingdom",On-site,Full-time,,Senior,English,Senior,,Recent,https://uk.linkedin.com/jobs/view/senior-qa-engineer-at-white-rose-education-4383701609,2026-04-02T10:57:12.731856+00:00
14,QA Engineer | United Kingdom,linkedin,Senior Quality Assurance Engineer,Indra Group UK & Ireland,"Market Deeping, England, United Kingdom",On-site,Full-time,,Senior,English,Senior,,Recent,https://uk.linkedin.com/jobs/view/senior-quality-assurance-engineer-at-indra-group-uk-ireland-4395293172,2026-04-02T10:57:12.732361+00:00
14,QA Engineer | United Kingdom,linkedin,Senior QA Engineer,MILE,"London, England, United Kingdom",On-site,Full-time,,Senior,English,Senior,,Recent,https://uk.linkedin.com/jobs/view/senior-qa-engineer-at-mile-4385321758,2026-04-02T10:57:12.732974+00:00
14,Test Engineer | Remote,linkedin,Senior Pega CDH Test Engineer,Coforge,Frankfurt Rhine-Main Metropolitan Area,Remote,Full-time,,Senior,English,Senior,,Recent,https://de.linkedin.com/jobs/view/senior-pega-cdh-test-engineer-at-coforge-4389806639,2026-04-02T10:57:22.147997+00:00
14,Test Engineer | Czech Republic,linkedin,Software Engineer - Code QA Expert,Mercor,Dominican Republic,On-site,Full-time,,Expert,English,Expert,,Recent,https://do.linkedin.com/jobs/view/software-engineer-code-qa-expert-at-mercor-4391160844,2026-04-02T10:57:26.913254+00:00
14,Test Engineer | United Kingdom,linkedin,Senior Test Engineer,Kainos,United Kingdom,On-site,Full-time,,Senior,English,Senior,,Recent,https://uk.linkedin.com/jobs/view/senior-test-engineer-at-kainos-4384047666,2026-04-02T10:57:34.270031+00:00
14,Testingenieur | Germany,linkedin,Senior Testingenieur:in,STAR Specialists,"Schongau, Bavaria, Germany",On-site,Full-time,,Senior,English,Senior,,Recent,https://de.linkedin.com/jobs/view/senior-testingenieur-in-at-star-specialists-4396426981,2026-04-02T10:57:36.661120+00:00
14,Testingenieur | USA,linkedin,R&D Mechanical Engineer - Testing and Subsea,Halliburton,"Carrollton, TX",On-site,Contract,,"R, Lead",English,Lead,,Recent,https://www.linkedin.com/jobs/view/r-d-mechanical-engineer-testing-and-subsea-at-halliburton-4392489666,2026-04-02T10:57:53.377578+00:00
14,Testingenieur | United Kingdom,linkedin,Test Engineer,BSI,"Hemel Hempstead, England, United Kingdom",On-site,Contract,Can,"Senior, Expert",English,"Expert, Senior",,Recent,https://uk.linkedin.com/jobs/view/test-engineer-at-bsi-4385947198,2026-04-02T10:57:55.776998+00:00
14,Testingenieur | United Kingdom,linkedin,Electronics Test & Repair Engineer,Redline Group - Specialist Recruitment for Technology & Electronics Companies,"Birmingham, England, United Kingdom",On-site,Contract,,"Senior, Expert, Assembly",English,"Expert, Senior",,Recent,https://uk.linkedin.com/jobs/view/electronics-test-repair-engineer-at-redline-group-specialist-recruitment-for-technology-electronics-companies-4392677478,2026-04-02T10:57:55.777181+00:00
14,Testingenieur | United Kingdom,linkedin,Test Engineer - PPE,BSI,"Hemel Hempstead, England, United Kingdom",On-site,Contract,Can,"Senior, Expert",English,"Expert, Senior",,Recent,https://uk.linkedin.com/jobs/view/test-engineer-ppe-at-bsi-4372575424,2026-04-02T10:57:55.777343+00:00
14,Test Automation | Germany,linkedin,Senior QA Test Automation Engineer (all genders),JustPlay,"Grünwald, Bavaria, Germany",On-site,Full-time,Test Automation,Senior,English,Senior,,Recent,https://de.linkedin.com/jobs/view/senior-qa-test-automation-engineer-all-genders-at-justplay-4394947658,2026-04-02T10:57:58.237948+00:00
14,Test Automation | Germany,linkedin,Senior Quality Assurance Engineer,SGI,"Berlin, Germany",On-site,Full-time,,Senior,English,Senior,,Recent,https://de.linkedin.com/jobs/view/senior-quality-assurance-engineer-at-sgi-4363260868,2026-04-02T10:57:58.238907+00:00
14,Test Automation | Austria,linkedin,Test Manager (m/f/d),Deutsche Telekom,"Fünfkirchen, Lower Austria, Austria",Remote,Internship,,R,German,Test Manager,,Recent,https://at.linkedin.com/jobs/view/test-manager-m-f-d-at-deutsche-telekom-4390352534,2026-04-02T10:58:00.589877+00:00
14,Test Automation | Austria,linkedin,Senior Test Automation Engineer,AVILOO Battery Diagnostics,"Laxenburg, Lower Austria, Austria",On-site,Full-time,Test Automation,Senior,English,Senior,,Recent,https://at.linkedin.com/jobs/view/senior-test-automation-engineer-at-aviloo-battery-diagnostics-4378165473,2026-04-02T10:58:00.590661+00:00
14,Test Automation | Switzerland,linkedin,Senior Quality Control (QC) Project Lead,Eumedica Pharmaceuticals AG,"Basel, Basel, Switzerland",On-site,Contract,,"Senior, Lead",English,"Lead, Senior",,Recent,https://ch.linkedin.com/jobs/view/senior-quality-control-qc-project-lead-at-eumedica-pharmaceuticals-ag-4390145265,2026-04-02T10:58:02.957692+00:00
14,Test Automation | Switzerland,linkedin,Test Manager,Sixsentix,"Zurich, Switzerland",On-site,Full-time,,,English,Test Manager,,Recent,https://ch.linkedin.com/jobs/view/test-manager-at-sixsentix-4392279589,2026-04-02T10:58:02.958373+00:00
14,Test Automation | Switzerland,linkedin,Senior Quality Analyst,RBW Consulting,"Lachen, Schwyz, Switzerland",On-site,Full-time,,Senior,English,Senior,,Recent,https://ch.linkedin.com/jobs/view/senior-quality-analyst-at-rbw-consulting-4353430000,2026-04-02T10:58:02.958680+00:00
14,Test Automation | Switzerland,linkedin,Senior QA expert,Proclinical Staffing,"Aargau, Switzerland",On-site,Full-time,,"Senior, Expert",English,"Expert, Senior",,Recent,https://ch.linkedin.com/jobs/view/senior-qa-expert-at-proclinical-staffing-4393516593,2026-04-02T10:58:02.958833+00:00
14,Test Automation | Remote,linkedin,Senior Software Engineer in Test (Full-Stack/Python),Mindrift,"Stuttgart, Baden-Württemberg, Germany",Remote,Full-time,Python,Senior,English,Senior,,Recent,https://de.linkedin.com/jobs/view/senior-software-engineer-in-test-full-stack-python-at-mindrift-4392332940,2026-04-02T10:58:05.334510+00:00
14,Test Automation | Remote,linkedin,Senior Software Engineer in Test (Full-Stack/Python),Mindrift,"Munich, Bavaria, Germany",Remote,Full-time,Python,Senior,English,Senior,,Recent,https://de.linkedin.com/jobs/view/senior-software-engineer-in-test-full-stack-python-at-mindrift-4392327952,2026-04-02T10:58:05.334822+00:00
14,Test Automation | Remote,linkedin,Senior Software Engineer in Test (Full-Stack/Python),Mindrift,Germany,Remote,Full-time,Python,Senior,English,Senior,,Recent,https://de.linkedin.com/jobs/view/senior-software-engineer-in-test-full-stack-python-at-mindrift-4392336745,2026-04-02T10:58:05.334978+00:00
14,Test Automation | Slovakia,linkedin,Senior QA Automation Engineer,Hotovo,"Košice, Kosice, Slovakia",On-site,Full-time,,Senior,English,Senior,,Recent,https://sk.linkedin.com/jobs/view/senior-qa-automation-engineer-at-hotovo-4384485200,2026-04-02T10:58:07.691441+00:00
14,Test Automation | Czech Republic,linkedin,QA Lead,Powdevs,Dominican Republic,On-site,Full-time,,Lead,English,"Lead, QA Lead",,Recent,https://do.linkedin.com/jobs/view/qa-lead-at-powdevs-4383781317,2026-04-02T10:58:10.037088+00:00
14,Test Automation | Poland,linkedin,Senior Automation QA Engineer,MLabs,Poland,On-site,Full-time,,Senior,English,Senior,,Recent,https://pl.linkedin.com/jobs/view/senior-automation-qa-engineer-at-mlabs-4394611318,2026-04-02T10:58:12.429635+00:00
14,Test Automation | Poland,linkedin,Senior Manual Tester,Jit Team,"Gdynia, Pomorskie, Poland",On-site,Full-time,,Senior,English,Senior,,Recent,https://pl.linkedin.com/jobs/view/senior-manual-tester-at-jit-team-4387885097,2026-04-02T10:58:12.430615+00:00
14,Test Automation | United Kingdom,linkedin,Senior Quality Engineer,Opus 2,"Edinburgh, Scotland, United Kingdom",On-site,Full-time,,Senior,English,Senior,,Recent,https://uk.linkedin.com/jobs/view/senior-quality-engineer-at-opus-2-4384317705,2026-04-02T10:58:17.445539+00:00
14,Test Automation | United Kingdom,linkedin,Senior Quality Assurance Analyst (Customer Operations),Kroo Bank,"London, England, United Kingdom",On-site,Full-time,,Senior,English,Senior,,Recent,https://uk.linkedin.com/jobs/view/senior-quality-assurance-analyst-customer-operations-at-kroo-bank-4387808621,2026-04-02T10:58:17.445700+00:00
14,Test Automation | United Kingdom,linkedin,Senior QA Engineer,MILE,"Manchester, England, United Kingdom",On-site,Full-time,,Senior,English,Senior,,Recent,https://uk.linkedin.com/jobs/view/senior-qa-engineer-at-mile-4385326493,2026-04-02T10:58:17.446196+00:00
14,Test Automation | United Kingdom,linkedin,Senior QA Analyst,Rebellion,"Oxford, England, United Kingdom",On-site,Full-time,,Senior,English,Senior,,Recent,https://uk.linkedin.com/jobs/view/senior-qa-analyst-at-rebellion-4383721363,2026-04-02T10:58:17.446353+00:00
14,Test Automation | United Kingdom,linkedin,Senior Test Analyst,RedRock Consulting,"City Of Bristol, England, United Kingdom",On-site,Full-time,,Senior,English,Senior,,Recent,https://uk.linkedin.com/jobs/view/senior-test-analyst-at-redrock-consulting-4393005541,2026-04-02T10:58:17.446655+00:00
14,Test Automation | United Kingdom,linkedin,Senior QA Engineer,MILE,"Sheffield, England, United Kingdom",On-site,Full-time,,Senior,English,Senior,,Recent,https://uk.linkedin.com/jobs/view/senior-qa-engineer-at-mile-4385333171,2026-04-02T10:58:17.446805+00:00
14,Python Developer | Austria,linkedin,Senior Python Developer (m/f/d) - Dataspaces Project (REF5277D),Deutsche Telekom,"Fünfkirchen, Lower Austria, Austria",On-site,Contract,Python,Senior,English,Senior,,Recent,https://at.linkedin.com/jobs/view/senior-python-developer-m-f-d-dataspaces-project-ref5277d-at-deutsche-telekom-4390303244,2026-04-02T10:58:22.313196+00:00
14,Python Developer | Switzerland,linkedin,Senior Frontend Software Engineer,lastminute.com,"Chiasso, Ticino, Switzerland",On-site,Full-time,,Senior,English,Senior,,Recent,https://ch.linkedin.com/jobs/view/senior-frontend-software-engineer-at-lastminute-com-4395033341,2026-04-02T10:58:24.751497+00:00
14,Python Developer | Poland,linkedin,Senior Python Developer,R Systems,Poland,On-site,Full-time,Python,"Senior, R",English,Senior,,Recent,https://pl.linkedin.com/jobs/view/senior-python-developer-at-r-systems-4385001808,2026-04-02T10:58:34.394879+00:00
14,Python Developer | Poland,linkedin,Python Developer - Senior,SOFTSWISS,"Poznań, Wielkopolskie, Poland",On-site,Full-time,Python,Senior,English,Senior,,Recent,https://pl.linkedin.com/jobs/view/python-developer-senior-at-softswiss-4392458388,2026-04-02T10:58:34.395026+00:00
14,Python Developer | USA,linkedin,Senior Python Software Engineer,hackajob,"Raleigh, NC",On-site,Full-time,Python,Senior,English,Senior,,Recent,https://www.linkedin.com/jobs/view/senior-python-software-engineer-at-hackajob-4382234929,2026-04-02T10:58:36.864615+00:00
14,Python Developer | United Kingdom,linkedin,Senior Python Engineer (FastAPI / Python),Photoroom,"London, England, United Kingdom",On-site,Full-time,Python,"Senior, Fastapi",English,Senior,,Recent,https://uk.linkedin.com/jobs/view/senior-python-engineer-fastapi-python-at-photoroom-4393943499,2026-04-02T10:58:39.344223+00:00
14,Python Test | Switzerland,linkedin,Senior Test Automation Engineer / QA Lead (m/w/d),PEAX AG,"Lucerne, Lucerne, Switzerland",On-site,Full-time,Test Automation,"Senior, Lead",English,"Lead, QA Lead, Senior",,Recent,https://ch.linkedin.com/jobs/view/senior-test-automation-engineer-qa-lead-m-w-d-at-peax-ag-4385092784,2026-04-02T10:58:46.480837+00:00
14,Python Test | Slovakia,linkedin,Senior Automation QA Engineer / SDET (Python),Binance,"Bratislava, Bratislava, Slovakia",On-site,Full-time,Python,Senior,English,Senior,,Recent,https://sk.linkedin.com/jobs/view/senior-automation-qa-engineer-sdet-python-at-binance-4251138358,2026-04-02T10:58:51.187223+00:00
14,Python Test | Czech Republic,linkedin,Senior SDET,Perform,Dominican Republic,On-site,Full-time,,Senior,English,Senior,,Recent,https://do.linkedin.com/jobs/view/senior-sdet-at-perform-4344131612,2026-04-02T10:58:53.573757+00:00
14,Python Test | Poland,linkedin,Senior Software Engineer in Test (Full-Stack/Python),Mindrift,Poland,On-site,Full-time,Python,Senior,English,Senior,,Recent,https://pl.linkedin.com/jobs/view/senior-software-engineer-in-test-full-stack-python-at-mindrift-4392335852,2026-04-02T10:58:55.942684+00:00
14,Python Test | United Kingdom,linkedin,Senior Software Engineer in Test (Full-Stack/Python),Mindrift,"London, England, United Kingdom",On-site,Full-time,Python,Senior,English,Senior,,Recent,https://uk.linkedin.com/jobs/view/senior-software-engineer-in-test-full-stack-python-at-mindrift-4392337638,2026-04-02T10:59:00.946135+00:00
14,Python Test | United Kingdom,linkedin,Senior Software Engineer in Test (Full-Stack/Python),Mindrift,"Glasgow, Scotland, United Kingdom",On-site,Full-time,Python,Senior,English,Senior,,Recent,https://uk.linkedin.com/jobs/view/senior-software-engineer-in-test-full-stack-python-at-mindrift-4392329908,2026-04-02T10:59:00.946292+00:00
14,Python Test | United Kingdom,linkedin,Senior Software Engineer in Test (Full-Stack/Python),Mindrift,"Birmingham, England, United Kingdom",On-site,Full-time,Python,Senior,English,Senior,,Recent,https://uk.linkedin.com/jobs/view/senior-software-engineer-in-test-full-stack-python-at-mindrift-4392342231,2026-04-02T10:59:00.946600+00:00
14,Python Test | United Kingdom,linkedin,Senior Software Engineer in Test (Full-Stack/Python),Mindrift,"Manchester, England, United Kingdom",On-site,Full-time,Python,Senior,English,Senior,,Recent,https://uk.linkedin.com/jobs/view/senior-software-engineer-in-test-full-stack-python-at-mindrift-4392339407,2026-04-02T10:59:00.946752+00:00
14,Firmware Engineer | Germany,linkedin,Senior Software Engineer - Nvidia Platform,Autobrains Technologies,"Munich, Bavaria, Germany",On-site,Full-time,,Senior,English,Senior,,Recent,https://de.linkedin.com/jobs/view/senior-software-engineer-nvidia-platform-at-autobrains-technologies-4380448307,2026-04-02T10:59:03.327439+00:00
14,Firmware Engineer | Germany,linkedin,Senior Software Engineer,Christy Media Solutions,"Munich, Bavaria, Germany",On-site,Full-time,,Senior,English,Senior,,Recent,https://de.linkedin.com/jobs/view/senior-software-engineer-at-christy-media-solutions-4395056715,2026-04-02T10:59:03.327902+00:00
14,Firmware Engineer | Austria,linkedin,Automotive Senior Firmware Engineer (f/m/d),Easelink,"Graz, Styria, Austria",On-site,Full-time,Firmware,Senior,English,Senior,,Recent,https://at.linkedin.com/jobs/view/automotive-senior-firmware-engineer-f-m-d-at-easelink-4395808299,2026-04-02T10:59:05.670949+00:00
14,Firmware Engineer | Switzerland,linkedin,"Senior Software Engineer, Capture",Advertima,"Zurich, Zurich, Switzerland",On-site,Full-time,,Senior,English,Senior,,Recent,https://ch.linkedin.com/jobs/view/senior-software-engineer-capture-at-advertima-4381748584,2026-04-02T10:59:08.024451+00:00
14,Firmware Engineer | Remote,linkedin,Senior Software Engineer,Keyfactor,"Aachen, North Rhine-Westphalia, Germany",Remote,Full-time,,Senior,English,Senior,,Recent,https://de.linkedin.com/jobs/view/senior-software-engineer-at-keyfactor-4382455794,2026-04-02T10:59:10.411264+00:00
14,Firmware Engineer | Remote,linkedin,Senior Embedded Engineer (m/w/d),QAVION GROUP,Germany,Remote,Full-time,,Senior,English,Senior,,Recent,https://de.linkedin.com/jobs/view/senior-embedded-engineer-m-w-d-at-qavion-group-4384798011,2026-04-02T10:59:10.411573+00:00
14,Firmware Engineer | Remote,linkedin,Senior Software Engineer (.Net),MLabs,Germany,Remote,Full-time,,Senior,English,Senior,,Recent,https://de.linkedin.com/jobs/view/senior-software-engineer-net-at-mlabs-4394602862,2026-04-02T10:59:10.411876+00:00
14,Firmware Engineer | Remote,linkedin,Senior Software Engineer,Morgan King Technology,"Berlin, Germany",Remote,Full-time,,Senior,English,Senior,,Recent,https://de.linkedin.com/jobs/view/senior-software-engineer-at-morgan-king-technology-4387804529,2026-04-02T10:59:10.412027+00:00
14,Firmware Engineer | Remote,linkedin,Senior Software Engineer,Opulent Mind,Germany,Remote,Full-time,,Senior,English,Senior,,Recent,https://de.linkedin.com/jobs/view/senior-software-engineer-at-opulent-mind-4393293818,2026-04-02T10:59:10.412233+00:00
14,Firmware Engineer | Remote,linkedin,Senior Software Engineer - 120k€ - 150k€ im ersten Jahr möglich. Starte jetzt mit uns durch!,The Associated Engineers Group,Germany,Remote,Full-time,,Senior,English,Senior,,Recent,https://de.linkedin.com/jobs/view/senior-software-engineer-120k%E2%82%AC-150k%E2%82%AC-im-ersten-jahr-m%C3%B6glich-starte-jetzt-mit-uns-durch%21-at-the-associated-engineers-group-4388746685,2026-04-02T10:59:10.412382+00:00
14,Firmware Engineer | Slovakia,linkedin,Java/Kotlin Software Engineer,Innovatrics,"Bratislava, Slovakia",Remote,Contract,"Can, Ci/Cd, Java","Grafana, Kotlin, Gcp, Lead, Kubernetes, Jira, Senior, Aws, Spring Boot, Junior",English,"Lead, Senior",,Recent,https://sk.linkedin.com/jobs/view/java-kotlin-software-engineer-at-innovatrics-4388091516,2026-04-02T10:59:12.787245+00:00
14,Firmware Engineer | Slovakia,linkedin,Software Engineer,Ohpen,"Bratislava, Slovakia",Hybrid,Internship,"C, C++, Java, Rust","Senior, Aws, Spring Boot, Terraform",English,Senior,,Recent,https://sk.linkedin.com/jobs/view/software-engineer-at-ohpen-4384459298,2026-04-02T10:59:12.787439+00:00
14,Firmware Engineer | Slovakia,linkedin,Python Software Engineer - Biometric Tooling in R&D,Innovatrics,"Bratislava, Bratislava, Slovakia",On-site,Internship,"Can, Ci/Cd, Pytest, Python","Senior, R, Pandas, Gitlab, Kubernetes, Gitlab Ci, Linux, Docker",English,Senior,,Recent,https://sk.linkedin.com/jobs/view/python-software-engineer-biometric-tooling-in-r-d-at-innovatrics-4393528928,2026-04-02T10:59:12.787926+00:00
14,Firmware Engineer | Slovakia,linkedin,Embedded Engineer,Ciklum,"Bratislava, Slovakia",Remote,Contract,"C, C++, Can, Embedded Systems","Senior, Agile, C#",English,Senior,,Recent,https://sk.linkedin.com/jobs/view/embedded-engineer-at-ciklum-4384462402,2026-04-02T10:59:12.788423+00:00
14,Firmware Engineer | Czech Republic,linkedin,Senior Software Engineer,CrecerLab,"Santo Domingo, Distrito Nacional, Dominican Republic",On-site,Full-time,,Senior,English,Senior,,Recent,https://do.linkedin.com/jobs/view/senior-software-engineer-at-crecerlab-4386540400,2026-04-02T10:59:15.169141+00:00
14,Firmware Engineer | Poland,linkedin,Senior C++ Software Engineer,Inetum,"Szczecin, Zachodniopomorskie, Poland",On-site,Full-time,"C, C++",Senior,English,Senior,,Recent,https://pl.linkedin.com/jobs/view/senior-c%2B%2B-software-engineer-at-inetum-4393531577,2026-04-02T10:59:17.629860+00:00
14,Firmware Engineer | USA,linkedin,Senior Software Engineer - Applications,LinkedIn,"Mountain View, CA",On-site,Full-time,,Senior,English,Senior,,Recent,https://www.linkedin.com/jobs/view/senior-software-engineer-applications-at-linkedin-4391882674,2026-04-02T10:59:20.188874+00:00
0,Tester | Germany,linkedin,QA Manual Tester (all genders),JustPlay,"Grünwald, Bavaria, Germany",Remote,Contract,,"Jira, Agile, Regression Testing",English,,,Recent,https://de.linkedin.com/jobs/view/qa-manual-tester-all-genders-at-justplay-4394943732,2026-04-02T10:56:32.625144+00:00
0,Tester | Germany,linkedin,Software Engineer in Test (Berlin),Cresta,"Berlin, Berlin, Germany",On-site,Contract,"Can, Ci/Cd, Go, Playwright, Typescript","Grafana, Datadog, Cypress, Manual Testing",English,,,Recent,https://de.linkedin.com/jobs/view/software-engineer-in-test-berlin-at-cresta-4343158227,2026-04-02T10:56:32.625349+00:00
0,Tester | Germany,linkedin,QA Tester (f/m/d),justDice,"Hamburg, Hamburg, Germany",Remote,Full-time,Test Automation,"Rest Api, Manual Testing, Agile, React",English,,,Recent,https://de.linkedin.com/jobs/view/qa-tester-f-m-d-at-justdice-4384028500,2026-04-02T10:56:32.625515+00:00
0,Tester | Germany,linkedin,Software Tester / QA Engineer (m/w/d),tolltickets GmbH,Greater Munich Metropolitan Area,Hybrid,Contract,,"Jira, Postman, Sql",English,,,Recent,https://de.linkedin.com/jobs/view/software-tester-qa-engineer-m-w-d-at-tolltickets-gmbh-4388688806,2026-04-02T10:56:32.625666+00:00
0,Tester | Germany,linkedin,Software Tester (m/w/d),Bizerba,"Balingen, Baden-Württemberg, Germany",Hybrid,Full-time,Test Automation,"R, Linux",German,,,Recent,https://de.linkedin.com/jobs/view/software-tester-m-w-d-at-bizerba-4369545776,2026-04-02T10:56:32.625818+00:00
0,Tester | Germany,linkedin,TEST LIAC,Recruitee Middleware RSC Test Company,"Berlin, Berlin, Germany",On-site,Full-time,,,English,,,Recent,https://de.linkedin.com/jobs/view/test-liac-at-recruitee-middleware-rsc-test-company-4389082342,2026-04-02T10:56:32.625978+00:00
0,Tester | Germany,linkedin,Quality Assurance Tester,"Delta System & Software, Inc.",Germany,On-site,Full-time,,,English,,,Recent,https://de.linkedin.com/jobs/view/quality-assurance-tester-at-delta-system-software-inc-4392448509,2026-04-02T10:56:32.626159+00:00
0,Tester | Germany,linkedin,Software Test Engineer (m/w/d) – Banking  (ID: 22229),Da Vinci Engineering GmbH,"Karlsruhe, Baden-Württemberg, Germany",On-site,Internship,,"R, Scrum, Confluence, Postman, Kanban, Associate, Jira",German,,,Recent,https://de.linkedin.com/jobs/view/software-test-engineer-m-w-d-%E2%80%93-banking-id-22229-at-da-vinci-engineering-gmbh-4387962742,2026-04-02T10:56:32.626317+00:00
0,Tester | Germany,linkedin,Software Test Engineer (m/w/d) – Banking (ID: 22230),Da Vinci Engineering GmbH,"Münster, North Rhine-Westphalia, Germany",On-site,Internship,,"R, Scrum, Confluence, Postman, Kanban, Associate, Jira",German,,,Recent,https://de.linkedin.com/jobs/view/software-test-engineer-m-w-d-%E2%80%93-banking-id-22230-at-da-vinci-engineering-gmbh-4387968513,2026-04-02T10:56:32.626481+00:00
0,Tester | Germany,linkedin,Test Engineer (m/w/d),Schotstek GmbH,"Schweinfurt, Bavaria, Germany",On-site,Full-time,,,English,,,Recent,https://de.linkedin.com/jobs/view/test-engineer-m-w-d-at-schotstek-gmbh-4395670539,2026-04-02T10:56:32.626642+00:00
0,Tester | Austria,linkedin,Junior Test Engineer (w/m/d),Pankl Aerospace Systems,"Bruck an der Mur, Styria, Austria",Remote,Full-time,,"Junior, R, Associate",German,,,Recent,https://at.linkedin.com/jobs/view/junior-test-engineer-w-m-d-at-pankl-aerospace-systems-4383709885,2026-04-02T10:56:34.975560+00:00
0,Tester | Austria,linkedin,Junior Test Engineer (w/m/d),Pankl Turbosystems GmbH,"Bruck an der Mur, Styria, Austria",Remote,Full-time,,"Junior, R, Associate",German,,,Recent,https://at.linkedin.com/jobs/view/junior-test-engineer-w-m-d-at-pankl-turbosystems-gmbh-4380268475,2026-04-02T10:56:34.975756+00:00
0,Tester | Austria,linkedin,Software Tester*in,Agrarmarkt Austria,"Vienna, Vienna, Austria",Hybrid,Internship,,R,German,,,Recent,https://at.linkedin.com/jobs/view/software-tester-in-at-agrarmarkt-austria-4381271914,2026-04-02T10:56:34.975918+00:00
0,Tester | Austria,linkedin,Test Automation Engineer (m/f/d),Deutsche Telekom,"Fünfkirchen, Lower Austria, Austria",On-site,Full-time,"Ci/Cd, Java, Playwright, Selenium, Test Automation","R, Cypress",German,,,Recent,https://at.linkedin.com/jobs/view/test-automation-engineer-m-f-d-at-deutsche-telekom-4386366897,2026-04-02T10:56:34.976103+00:00
0,Tester | Austria,linkedin,Software Test Engineer & Documentation Writer (w/m/d),Delegate Group,"Vienna, Vienna, Austria",On-site,Full-time,"Ci/Cd, Continuous Testing, Playwright, Selenium, Test Automation","Sql Server, R, Scrum, Oracle, Associate, Kanban, Azure, Microservices, Sql, Docker",German,,,Recent,https://at.linkedin.com/jobs/view/software-test-engineer-documentation-writer-w-m-d-at-delegate-group-4379825967,2026-04-02T10:56:34.976278+00:00
0,Tester | Austria,linkedin,Test & System Engineer,Akkodis,"Vienna, Austria",Remote,Internship,,,German,,,Recent,https://at.linkedin.com/jobs/view/test-system-engineer-at-akkodis-4389195188,2026-04-02T10:56:34.976434+00:00
0,Tester | Austria,linkedin,Test Engineer | all genders,Single Use Support,"Kufstein, Tyrol, Austria",Remote,Internship,,"Stress Testing, R, Associate",German,,,Recent,https://at.linkedin.com/jobs/view/test-engineer-all-genders-at-single-use-support-4393581172,2026-04-02T10:56:34.976740+00:00
0,Tester | Austria,linkedin,QA Specialist (all genders),Journi,"Vienna, Vienna, Austria",Remote,Contract,"Can, Go",Jira,English,,,Recent,https://at.linkedin.com/jobs/view/qa-specialist-all-genders-at-journi-4379900168,2026-04-02T10:56:34.977065+00:00
0,Tester | Switzerland,linkedin,Test Engineer,KEYTEO,"Zurich, Switzerland",On-site,Full-time,,,English,,,Recent,https://ch.linkedin.com/jobs/view/test-engineer-at-keyteo-4395007966,2026-04-02T10:56:37.299103+00:00
0,Tester | Switzerland,linkedin,Test Engineer,Antaes Consulting,Zürich Metropolitan Area,On-site,Full-time,,,English,,,Recent,https://ch.linkedin.com/jobs/view/test-engineer-at-antaes-consulting-4387096005,2026-04-02T10:56:37.299291+00:00
0,Tester | Switzerland,linkedin,Software Tester,yiuu.io | Sandro Toneatto Consulting,"Zurich, Zurich, Switzerland",On-site,Full-time,,,English,,,Recent,https://ch.linkedin.com/jobs/view/software-tester-at-yiuu-io-sandro-toneatto-consulting-4389186046,2026-04-02T10:56:37.299460+00:00
0,Tester | Switzerland,linkedin,Test Engineer (ASAP),Ivy Partners,"Bern, Berne, Switzerland",On-site,Full-time,,,English,,,Recent,https://ch.linkedin.com/jobs/view/test-engineer-asap-at-ivy-partners-4392939196,2026-04-02T10:56:37.299623+00:00
0,Tester | Switzerland,linkedin,Test Engineer (AI),Sixsentix,"Zurich, Switzerland",On-site,Full-time,,,English,,,Recent,https://ch.linkedin.com/jobs/view/test-engineer-ai-at-sixsentix-4392275860,2026-04-02T10:56:37.299775+00:00
0,Tester | Switzerland,linkedin,Software Test Engineer (a),StaffLnk GmbH,"Berne, Switzerland",On-site,Full-time,,,English,,,Recent,https://ch.linkedin.com/jobs/view/software-test-engineer-a-at-stafflnk-gmbh-4378901898,2026-04-02T10:56:37.299920+00:00
0,Tester | Switzerland,linkedin,Test Engineer (Contract),adesso Schweiz AG,"Bern, Berne, Switzerland",On-site,Contract,,,English,,,Recent,https://ch.linkedin.com/jobs/view/test-engineer-contract-at-adesso-schweiz-ag-4390011803,2026-04-02T10:56:37.300092+00:00
0,Tester | Switzerland,linkedin,Software Test Automation Engineer,AYES - Management & Technology Consulting,Switzerland,On-site,Full-time,Test Automation,,English,,,Recent,https://ch.linkedin.com/jobs/view/software-test-automation-engineer-at-ayes-management-technology-consulting-4383801077,2026-04-02T10:56:37.300254+00:00
0,Tester | Switzerland,linkedin,Test Automation Engineer,Coopers Group AG,"Risch-Rotkreuz, Zug, Switzerland",On-site,Full-time,Test Automation,,English,,,Recent,https://ch.linkedin.com/jobs/view/test-automation-engineer-at-coopers-group-ag-4384481157,2026-04-02T10:56:37.300408+00:00
0,Tester | Remote,linkedin,App-Tester  (m/w/d),clickworker,Germany,Remote,Full-time,,,English,,,Recent,https://de.linkedin.com/jobs/view/app-tester-m-w-d-at-clickworker-4394071756,2026-04-02T10:56:39.654903+00:00
0,Tester | Remote,linkedin,Junior Quality Assurance / App Tester (m/w/d) Remote,Endo Health GmbH,Germany,Remote,Full-time,,Junior,English,,,Recent,https://de.linkedin.com/jobs/view/junior-quality-assurance-app-tester-m-w-d-remote-at-endo-health-gmbh-4391092609,2026-04-02T10:56:39.655082+00:00
0,Tester | Remote,linkedin,Quality Assurance Engineer (m/w/d),ISO-Gruppe,"Bonn, North Rhine-Westphalia, Germany",Remote,Full-time,,,English,,,Recent,https://de.linkedin.com/jobs/view/quality-assurance-engineer-m-w-d-at-iso-gruppe-4358570111,2026-04-02T10:56:39.655246+00:00
0,Tester | Remote,linkedin,QA/Test Automation Engineer (all genders) - Remote - EU,Doozer Real Estate Systems GmbH,Germany,Remote,Full-time,Test Automation,,English,,,Recent,https://de.linkedin.com/jobs/view/qa-test-automation-engineer-all-genders-remote-eu-at-doozer-real-estate-systems-gmbh-4396159611,2026-04-02T10:56:39.655407+00:00
0,Tester | Remote,linkedin,Test Engineer (w/m/d) - Deutschlandweit,smapOne AG,Germany,Remote,Full-time,,,English,,,Recent,https://de.linkedin.com/jobs/view/test-engineer-w-m-d-deutschlandweit-at-smapone-ag-4373535881,2026-04-02T10:56:39.655564+00:00
0,Tester | Remote,linkedin,Test Engineer (all genders),DEVELOGIC - Subsea Technology,"Hamburg, Hamburg, Germany",Remote,Full-time,,,English,,,Recent,https://de.linkedin.com/jobs/view/test-engineer-all-genders-at-develogic-subsea-technology-4384249725,2026-04-02T10:56:39.655878+00:00
0,Tester | Slovakia,linkedin,Junior Tester,Expersoft Systems,"Bratislava, Bratislava, Slovakia",On-site,Full-time,,Junior,English,,,Recent,https://sk.linkedin.com/jobs/view/junior-tester-at-expersoft-systems-4391706383,2026-04-02T10:56:42.020654+00:00
0,Tester | Slovakia,linkedin,IT Tester ČSOB (m/ž),ČSOB Finančná skupina,"Bratislava, Slovakia",On-site,Full-time,,,English,,,Recent,https://sk.linkedin.com/jobs/view/it-tester-%C4%8Dsob-m-%C5%BE-at-%C4%8Dsob-finan%C4%8Dn%C3%A1-skupina-4354445255,2026-04-02T10:56:42.020844+00:00
0,Tester | Slovakia,linkedin,Manual QA Tester,Descartes Systems Group,"Žilina, Zilina, Slovakia",On-site,Full-time,,,English,,,Recent,https://sk.linkedin.com/jobs/view/manual-qa-tester-at-descartes-systems-group-4382115365,2026-04-02T10:56:42.021208+00:00
0,Tester | Slovakia,linkedin,Manual Tester (42273),CoolPeople,"Bratislava, Bratislava, Slovakia",On-site,Full-time,,,English,,,Recent,https://sk.linkedin.com/jobs/view/manual-tester-42273-at-coolpeople-4394648971,2026-04-02T10:56:42.021382+00:00
0,Tester | Slovakia,linkedin,Test engineer,Magna International,"Kechnec, Kosice, Slovakia",On-site,Internship,,,English,,,Recent,https://sk.linkedin.com/jobs/view/test-engineer-at-magna-international-4219197667,2026-04-02T10:56:42.021540+00:00
0,Tester | Slovakia,linkedin,Fresh Graduate - Software Test Engineer,Caterpillar Inc.,"Košice, Kosice, Slovakia",On-site,Full-time,,Graduate,English,,,Recent,https://sk.linkedin.com/jobs/view/fresh-graduate-software-test-engineer-at-caterpillar-inc-4388365868,2026-04-02T10:56:42.021707+00:00
0,Tester | Slovakia,linkedin,Test Engineer,Multitude,"Bratislava, Bratislava, Slovakia",On-site,Full-time,,,English,,,Recent,https://sk.linkedin.com/jobs/view/test-engineer-at-multitude-4379037173,2026-04-02T10:56:42.021870+00:00
0,Tester | Slovakia,linkedin,Test engineer-1,Magna International,"Kechnec, Kosice, Slovakia",On-site,Internship,,,English,,,Recent,https://sk.linkedin.com/jobs/view/test-engineer-1-at-magna-international-4284413507,2026-04-02T10:56:42.022022+00:00
0,Tester | Slovakia,linkedin,Agile Test Engineer,ESET,"Bratislava, Bratislava, Slovakia",On-site,Full-time,,Agile,English,,,Recent,https://sk.linkedin.com/jobs/view/agile-test-engineer-at-eset-4375989657,2026-04-02T10:56:42.022210+00:00
0,Tester | Czech Republic,linkedin,QA Tester,Infosyp,"Santo Domingo de Guzmán, Distrito Nacional, Dominican Republic",On-site,Full-time,,,English,,,Recent,https://do.linkedin.com/jobs/view/qa-tester-at-infosyp-4380484222,2026-04-02T10:56:44.330886+00:00
0,Tester | Czech Republic,linkedin,Líder Tester Automatizador TI,Banco Popular Dominicano,"Santo Domingo, Dominican Republic",On-site,Full-time,,,English,,,Recent,https://do.linkedin.com/jobs/view/l%C3%ADder-tester-automatizador-ti-at-banco-popular-dominicano-4390034588,2026-04-02T10:56:44.331099+00:00
0,Tester | Czech Republic,linkedin,Test Engineer,Eaton,"Bajos de Haina, San Cristóbal, Dominican Republic",On-site,Full-time,,,English,,,Recent,https://do.linkedin.com/jobs/view/test-engineer-at-eaton-4353191207,2026-04-02T10:56:44.331272+00:00
0,Tester | Czech Republic,linkedin,Software Development Engineer in Test (SDET),Flash,"Santo Domingo, Distrito Nacional, Dominican Republic",On-site,Full-time,,,English,,,Recent,https://do.linkedin.com/jobs/view/software-development-engineer-in-test-sdet-at-flash-4391531625,2026-04-02T10:56:44.331440+00:00
0,Tester | Czech Republic,linkedin,Software Development Engineer in Test,Origami Risk,"Santo Domingo, Distrito Nacional, Dominican Republic",On-site,Full-time,,,English,,,Recent,https://do.linkedin.com/jobs/view/software-development-engineer-in-test-at-origami-risk-4390621348,2026-04-02T10:56:44.331604+00:00
0,Tester | Czech Republic,linkedin,Coordinator.MFG.Maintenance,Eaton,"Santiago de los Caballeros, Santiago, Dominican Republic",On-site,Full-time,,,English,,,Recent,https://do.linkedin.com/jobs/view/coordinator-mfg-maintenance-at-eaton-4391057283,2026-04-02T10:56:44.331763+00:00
0,Tester | Czech Republic,linkedin,Coordinator.MFG.Maintenance,Eaton,"Santiago de los Caballeros, Santiago, Dominican Republic",On-site,Full-time,,,English,,,Recent,https://do.linkedin.com/jobs/view/coordinator-mfg-maintenance-at-eaton-4375530633,2026-04-02T10:56:44.331920+00:00
0,Tester | Poland,linkedin,Manual Tester,Jit Team,"Gdańsk, Pomorskie, Poland",On-site,Full-time,,,English,,,Recent,https://pl.linkedin.com/jobs/view/manual-tester-at-jit-team-4389792115,2026-04-02T10:56:46.683830+00:00
0,Tester | Poland,linkedin,Manual Tester,neXa,"Warsaw, Mazowieckie, Poland",On-site,Full-time,,,English,,,Recent,https://pl.linkedin.com/jobs/view/manual-tester-at-nexa-4394625572,2026-04-02T10:56:46.684024+00:00
0,Tester | Poland,linkedin,Software Engineer in Test,Senovo IT Ltd,Poland,On-site,Full-time,,,English,,,Recent,https://pl.linkedin.com/jobs/view/software-engineer-in-test-at-senovo-it-ltd-4392886128,2026-04-02T10:56:46.684211+00:00
0,Tester | Poland,linkedin,Software Engineer in Test (f/m/n),InPost,"Cracow, Małopolskie, Poland",On-site,Full-time,,,English,,,Recent,https://pl.linkedin.com/jobs/view/software-engineer-in-test-f-m-n-at-inpost-4389192771,2026-04-02T10:56:46.684372+00:00
0,Tester | Poland,linkedin,Software Test Engineer,Rho,Poland,On-site,Full-time,,,English,,,Recent,https://pl.linkedin.com/jobs/view/software-test-engineer-at-rho-4308483608,2026-04-02T10:56:46.684538+00:00
0,Tester | Poland,linkedin,Junior Test Specialist/QA Engineer (f/m),Netcompany,"Warsaw, Mazowieckie, Poland",On-site,Full-time,,Junior,English,,,Recent,https://pl.linkedin.com/jobs/view/junior-test-specialist-qa-engineer-f-m-at-netcompany-4388072621,2026-04-02T10:56:46.684700+00:00
0,Tester | Poland,linkedin,Test Engineer,Global Connect Technologies,Poland,On-site,Full-time,,,English,,,Recent,https://pl.linkedin.com/jobs/view/test-engineer-at-global-connect-technologies-4388130532,2026-04-02T10:56:46.684858+00:00
0,Tester | Poland,linkedin,QA Tester/ QA Testerka,ALVO Medical,"Śmigiel, Wielkopolskie, Poland",On-site,Full-time,,,English,,,Recent,https://pl.linkedin.com/jobs/view/qa-tester-qa-testerka-at-alvo-medical-4389782625,2026-04-02T10:56:46.685034+00:00
0,Tester | Poland,linkedin,"Tester / Testerka  - Wroclaw (Dolnośląskie), Polska",Astek,Wroclaw Metropolitan Area,On-site,Full-time,,,English,,,Recent,https://pl.linkedin.com/jobs/view/tester-testerka-wroclaw-dolno%C5%9Bl%C4%85skie-polska-at-astek-4358055143,2026-04-02T10:56:46.685223+00:00
0,Tester | Poland,linkedin,Test Engineer,CGI,"Warsaw, Mazowieckie, Poland",On-site,Full-time,,,English,,,Recent,https://pl.linkedin.com/jobs/view/test-engineer-at-cgi-4389250087,2026-04-02T10:56:46.685385+00:00
0,Tester | USA,linkedin,Manual Quality Assurance Tester,Creyos,United States,On-site,Full-time,,,English,,,Recent,https://www.linkedin.com/jobs/view/manual-quality-assurance-tester-at-creyos-4389792911,2026-04-02T10:56:49.082556+00:00
0,Tester | USA,linkedin,QA Manual Tester,Kaizen Analytix,"Chicago, IL",On-site,Full-time,,,English,,,Recent,https://www.linkedin.com/jobs/view/qa-manual-tester-at-kaizen-analytix-4392759522,2026-04-02T10:56:49.082739+00:00
0,Tester | USA,linkedin,Test Engineer,GCyber,"Washington, DC",On-site,Full-time,,,English,,,Recent,https://www.linkedin.com/jobs/view/test-engineer-at-gcyber-4393944229,2026-04-02T10:56:49.082900+00:00
0,Tester | USA,linkedin,Manual Tester,Revel IT,"Columbus, OH",On-site,Full-time,,,English,,,Recent,https://www.linkedin.com/jobs/view/manual-tester-at-revel-it-4389789015,2026-04-02T10:56:49.083080+00:00
0,Tester | USA,linkedin,QA Tester,Kforce Inc,"North Palm Beach, FL",On-site,Full-time,,,English,,,Recent,https://www.linkedin.com/jobs/view/qa-tester-at-kforce-inc-4366936340,2026-04-02T10:56:49.083241+00:00
0,Tester | USA,linkedin,Manual QA Tester (ServiceNow),Agility Partners,"Columbus, OH",On-site,Full-time,,,English,,,Recent,https://www.linkedin.com/jobs/view/manual-qa-tester-servicenow-at-agility-partners-4387454351,2026-04-02T10:56:49.083396+00:00
0,Tester | USA,linkedin,QA Manual Tester,KellyMitchell Group,"Maryland Heights, MO",On-site,Full-time,,,English,,,Recent,https://www.linkedin.com/jobs/view/qa-manual-tester-at-kellymitchell-group-4385101466,2026-04-02T10:56:49.083555+00:00
0,Tester | USA,linkedin,Quality Assurance Engineer,hackajob,"Washington, DC",On-site,Full-time,,,English,,,Recent,https://www.linkedin.com/jobs/view/quality-assurance-engineer-at-hackajob-4392431381,2026-04-02T10:56:49.083716+00:00
0,Tester | USA,linkedin,Software Test (QA) Engineer,The Mechanical Licensing Collective,United States,On-site,Full-time,,,English,,,Recent,https://www.linkedin.com/jobs/view/software-test-qa-engineer-at-the-mechanical-licensing-collective-4387993980,2026-04-02T10:56:49.083865+00:00
0,Tester | USA,linkedin,Junior Software Tester,Penta Research Incorporated,"Huntsville, AL",On-site,Full-time,,Junior,English,,,Recent,https://www.linkedin.com/jobs/view/junior-software-tester-at-penta-research-incorporated-4390660450,2026-04-02T10:56:49.084010+00:00
0,Tester | United Kingdom,linkedin,Test Engineer,BSI,"Hemel Hempstead, England, United Kingdom",On-site,Full-time,,,English,,,Recent,https://uk.linkedin.com/jobs/view/test-engineer-at-bsi-4367290557,2026-04-02T10:56:51.493992+00:00
0,Tester | United Kingdom,linkedin,QA Tester,Methods,"London, England, United Kingdom",On-site,Full-time,,,English,,,Recent,https://uk.linkedin.com/jobs/view/qa-tester-at-methods-4374556931,2026-04-02T10:56:51.494206+00:00
0,Tester | United Kingdom,linkedin,Software Development Engineer in Test (SDET),Commify,"Nottingham, England, United Kingdom",On-site,Full-time,,,English,,,Recent,https://uk.linkedin.com/jobs/view/software-development-engineer-in-test-sdet-at-commify-4393598011,2026-04-02T10:56:51.494372+00:00
0,Tester | United Kingdom,linkedin,Junior QA / Software Tester,Apply4U | Apply4U | Human-Assisted AI Job & Recruitment Platform,United Kingdom,On-site,Full-time,,Junior,English,,,Recent,https://uk.linkedin.com/jobs/view/junior-qa-software-tester-at-apply4u-apply4u-human-assisted-ai-job-recruitment-platform-4385852492,2026-04-02T10:56:51.494526+00:00
0,Tester | United Kingdom,linkedin,Software Tester,Europa Worldwide Group,"Osberton, England, United Kingdom",On-site,Full-time,,,English,,,Recent,https://uk.linkedin.com/jobs/view/software-tester-at-europa-worldwide-group-4394656468,2026-04-02T10:56:51.494686+00:00
0,Tester | United Kingdom,linkedin,Software Engineer in Test,Plan A Digital,"London Area, United Kingdom",On-site,Full-time,,,English,,,Recent,https://uk.linkedin.com/jobs/view/software-engineer-in-test-at-plan-a-digital-4393515574,2026-04-02T10:56:51.494996+00:00
0,Tester | United Kingdom,linkedin,QA Manual Test Engineer,Expleo Group,"Birmingham, England, United Kingdom",On-site,Full-time,,,English,,,Recent,https://uk.linkedin.com/jobs/view/qa-manual-test-engineer-at-expleo-group-4383328507,2026-04-02T10:56:51.495181+00:00
0,Tester | United Kingdom,linkedin,Software Engineer in Test,Christopher Ali,United Kingdom,On-site,Full-time,,,English,,,Recent,https://uk.linkedin.com/jobs/view/software-engineer-in-test-at-christopher-ali-4385949588,2026-04-02T10:56:51.495337+00:00
0,Tester | United Kingdom,linkedin,QA Tester,Anson McCade,"England, United Kingdom",On-site,Full-time,,,English,,,Recent,https://uk.linkedin.com/jobs/view/qa-tester-at-anson-mccade-4382591708,2026-04-02T10:56:51.495490+00:00
0,QA Engineer | Germany,linkedin,QA Engineer,COLIBRIX ONE,"Berlin, Berlin, Germany",On-site,Full-time,,,English,,,Recent,https://de.linkedin.com/jobs/view/qa-engineer-at-colibrix-one-4393513659,2026-04-02T10:56:53.819563+00:00
0,QA Engineer | Germany,linkedin,QA Engineer,mediaire,"Berlin, Berlin, Germany",On-site,Full-time,,,English,,,Recent,https://de.linkedin.com/jobs/view/qa-engineer-at-mediaire-4395029802,2026-04-02T10:56:53.819746+00:00
0,QA Engineer | Germany,linkedin,QA Engineer,Westernacher Solutions,"Berlin, Germany",On-site,Full-time,,,English,,,Recent,https://de.linkedin.com/jobs/view/qa-engineer-at-westernacher-solutions-4385715894,2026-04-02T10:56:53.819900+00:00
0,QA Engineer | Germany,linkedin,Quality Assurance Engineer (f/m/d),Renesas Electronics,"Nabern, Baden-Württemberg, Germany",On-site,Full-time,,,English,,,Recent,https://de.linkedin.com/jobs/view/quality-assurance-engineer-f-m-d-at-renesas-electronics-4389742869,2026-04-02T10:56:53.820554+00:00
0,QA Engineer | Austria,linkedin,QA Engineer,ComeOn Group,"Graz, Styria, Austria",On-site,Full-time,,,English,,,Recent,https://at.linkedin.com/jobs/view/qa-engineer-at-comeon-group-4388961026,2026-04-02T10:56:56.183459+00:00
0,QA Engineer | Austria,linkedin,Software Quality Engineer,Ketryx,"Vienna, Vienna, Austria",On-site,Full-time,,,English,,,Recent,https://at.linkedin.com/jobs/view/software-quality-engineer-at-ketryx-4308973953,2026-04-02T10:56:56.183648+00:00
0,QA Engineer | Austria,linkedin,QA Engineer: Manual Testing (Mobile & Backend),Tractive,"Linz, Upper Austria, Austria",Remote,Full-time,,Manual Testing,English,,,Recent,https://at.linkedin.com/jobs/view/qa-engineer-manual-testing-mobile-backend-at-tractive-4389059370,2026-04-02T10:56:56.184160+00:00
0,QA Engineer | Austria,linkedin,QA Engineer (m/w/d),RINGANA,"Vienna, Vienna, Austria",On-site,Full-time,,,English,,,Recent,https://at.linkedin.com/jobs/view/qa-engineer-m-w-d-at-ringana-4353952752,2026-04-02T10:56:56.184477+00:00
0,QA Engineer | Austria,linkedin,Quality Assurance Engineer,ENPULSION,"Vienna, Austria",On-site,Full-time,,,English,,,Recent,https://at.linkedin.com/jobs/view/quality-assurance-engineer-at-enpulsion-4390134808,2026-04-02T10:56:56.184628+00:00
0,QA Engineer | Austria,linkedin,Junior QA Engineer - Zutrittskontrollsysteme,PKE Holding AG,"Vienna, Vienna, Austria",On-site,Full-time,,Junior,English,,,Recent,https://at.linkedin.com/jobs/view/junior-qa-engineer-zutrittskontrollsysteme-at-pke-holding-ag-4387103203,2026-04-02T10:56:56.184930+00:00
0,QA Engineer | Switzerland,linkedin,Quality Assurance Engineer,Crypto Finance Group,"Zurich, Zurich, Switzerland",On-site,Full-time,,,English,,,Recent,https://ch.linkedin.com/jobs/view/quality-assurance-engineer-at-crypto-finance-group-4393566743,2026-04-02T10:56:58.498022+00:00
0,QA Engineer | Switzerland,linkedin,Quality Assurance Engineer 100%,"Bodenmiller Recruitment GmbH | Recruitment for critical hires in Life Sciences, IT, and Engineering","Schaffhausen, Switzerland",Remote,Full-time,,,English,,,Recent,https://ch.linkedin.com/jobs/view/quality-assurance-engineer-100%25-at-bodenmiller-recruitment-gmbh-recruitment-for-critical-hires-in-life-sciences-it-and-engineering-4383310226,2026-04-02T10:56:58.498208+00:00
0,QA Engineer | Switzerland,linkedin,QA GDP Engineer,GXP CONSULTING Switzerland,Basel Metropolitan Area,On-site,Full-time,,,English,,,Recent,https://ch.linkedin.com/jobs/view/qa-gdp-engineer-at-gxp-consulting-switzerland-4384471873,2026-04-02T10:56:58.498367+00:00
0,QA Engineer | Switzerland,linkedin,QA Engineer,qiibee,Switzerland,On-site,Full-time,,,English,,,Recent,https://ch.linkedin.com/jobs/view/qa-engineer-at-qiibee-4381273286,2026-04-02T10:56:58.498674+00:00
0,QA Engineer | Switzerland,linkedin,QA  Qualifizierungsingenieur (m/w/d),TechFirm Engineering,Zürich Metropolitan Area,On-site,Full-time,,,English,,,Recent,https://ch.linkedin.com/jobs/view/qa%E2%80%AF-qualifizierungsingenieur-m-w-d-at-techfirm-engineering-4393596303,2026-04-02T10:56:58.498832+00:00
0,QA Engineer | Switzerland,linkedin,QA qualification engineer,agap2 Switzerland,"Basel, Basel, Switzerland",On-site,Full-time,,,English,,,Recent,https://ch.linkedin.com/jobs/view/qa-qualification-engineer-at-agap2-switzerland-4395569488,2026-04-02T10:56:58.499168+00:00
0,QA Engineer | Remote,linkedin,QA Specialist / QA Engineer - Freelanceship - 100% remote,Accelerated,Germany,Remote,Contract,,,English,,,Recent,https://de.linkedin.com/jobs/view/qa-specialist-qa-engineer-freelanceship-100%25-remote-at-accelerated-4393717565,2026-04-02T10:57:00.875651+00:00
0,QA Engineer | Remote,linkedin,QA Engineer,Kaleris,"Flensburg, Schleswig-Holstein, Germany",Remote,Full-time,,,English,,,Recent,https://de.linkedin.com/jobs/view/qa-engineer-at-kaleris-4367057238,2026-04-02T10:57:00.875954+00:00
0,QA Engineer | Slovakia,linkedin,QA Engineer,Ruby Labs,Slovakia,On-site,Full-time,,Ruby,English,,,Recent,https://sk.linkedin.com/jobs/view/qa-engineer-at-ruby-labs-4393566607,2026-04-02T10:57:03.237779+00:00
0,QA Engineer | Slovakia,linkedin,QA Engineer,BlueThrone,"Košice, Kosice, Slovakia",On-site,Full-time,,,English,,,Recent,https://sk.linkedin.com/jobs/view/qa-engineer-at-bluethrone-4391888317,2026-04-02T10:57:03.237940+00:00
0,QA Engineer | Slovakia,linkedin,QA Engineer,BlueThrone,"Bratislava, Bratislava, Slovakia",On-site,Full-time,,,English,,,Recent,https://sk.linkedin.com/jobs/view/qa-engineer-at-bluethrone-4391874648,2026-04-02T10:57:03.238136+00:00
0,QA Engineer | Slovakia,linkedin,QA Engineer,Swiss Re,"Bratislava, Bratislava, Slovakia",On-site,Full-time,,,English,,,Recent,https://sk.linkedin.com/jobs/view/qa-engineer-at-swiss-re-4366871953,2026-04-02T10:57:03.238296+00:00
0,QA Engineer | Slovakia,linkedin,Quality Assurance Automation Engineer,Billdu,Bratislava Metropolitan Area,On-site,Full-time,,,English,,,Recent,https://sk.linkedin.com/jobs/view/quality-assurance-automation-engineer-at-billdu-4385255789,2026-04-02T10:57:03.238449+00:00
0,QA Engineer | Slovakia,linkedin,QA Engineer (Hybrid set up),Swiss Re,"Bratislava, Bratislava, Slovakia",Hybrid,Full-time,,,English,,,Recent,https://sk.linkedin.com/jobs/view/qa-engineer-hybrid-set-up-at-swiss-re-4384997742,2026-04-02T10:57:03.238602+00:00
0,QA Engineer | Slovakia,linkedin,Quality Assurance Engineer,AT&T,"Košice, Kosice, Slovakia",On-site,Full-time,,,English,,,Recent,https://sk.linkedin.com/jobs/view/quality-assurance-engineer-at-at-t-4386166069,2026-04-02T10:57:03.238758+00:00
0,QA Engineer | Slovakia,linkedin,Junior Test Automation Engineer,IBM,"Bratislava, Bratislava, Slovakia",On-site,Full-time,Test Automation,Junior,English,,,Recent,https://sk.linkedin.com/jobs/view/junior-test-automation-engineer-at-ibm-4388336260,2026-04-02T10:57:03.239087+00:00
0,QA Engineer | Czech Republic,linkedin,Ingeniero de Pruebas QA Manual,Infosyp,"Santo Domingo de Guzmán, Distrito Nacional, Dominican Republic",On-site,Full-time,,,English,,,Recent,https://do.linkedin.com/jobs/view/ingeniero-de-pruebas-qa-manual-at-infosyp-4380483272,2026-04-02T10:57:05.591215+00:00
0,QA Engineer | Czech Republic,linkedin,Quality Assurance Engineer - Trabajo Remoto,BairesDev,"Santo Domingo, Distrito Nacional, Dominican Republic",On-site,Full-time,,,English,,,Recent,https://do.linkedin.com/jobs/view/quality-assurance-engineer-trabajo-remoto-at-bairesdev-4391885543,2026-04-02T10:57:05.591408+00:00
0,QA Engineer | Czech Republic,linkedin,Future QA Engineer Opportunities (Gaming Industry),Perform,Dominican Republic,On-site,Full-time,,,English,,,Recent,https://do.linkedin.com/jobs/view/future-qa-engineer-opportunities-gaming-industry-at-perform-4344181481,2026-04-02T10:57:05.591627+00:00
0,QA Engineer | Czech Republic,linkedin,Ingeniero de QA (República Dominicana),GBM,Dominican Republic,On-site,Full-time,,,English,,,Recent,https://do.linkedin.com/jobs/view/ingeniero-de-qa-rep%C3%BAblica-dominicana-at-gbm-4387773579,2026-04-02T10:57:05.591791+00:00
0,QA Engineer | Czech Republic,linkedin,Software Quality Assurance Engineer,GBH,Dominican Republic,On-site,Full-time,,,English,,,Recent,https://do.linkedin.com/jobs/view/software-quality-assurance-engineer-at-gbh-4393211166,2026-04-02T10:57:05.591947+00:00
0,QA Engineer | Czech Republic,linkedin,Frontend Automation Testing Engineer - Remote - Latin America,FullStack,"Santo Domingo, Dominican Republic",Remote,Full-time,,,English,,,Recent,https://do.linkedin.com/jobs/view/frontend-automation-testing-engineer-remote-latin-america-at-fullstack-4393967675,2026-04-02T10:57:05.592443+00:00
0,QA Engineer | Czech Republic,linkedin,Frontend Automation Testing Engineer - Remote - Latin America,FullStack,Dominican Republic,Remote,Full-time,,,English,,,Recent,https://do.linkedin.com/jobs/view/frontend-automation-testing-engineer-remote-latin-america-at-fullstack-4393963671,2026-04-02T10:57:05.592596+00:00
0,QA Engineer | Czech Republic,linkedin,Frontend Automation Testing Engineer - Remote - Latin America,FullStack,"San Pedro de Macorís, San Pedro de Macorís, Dominican Republic",Remote,Full-time,,,English,,,Recent,https://do.linkedin.com/jobs/view/frontend-automation-testing-engineer-remote-latin-america-at-fullstack-4393966620,2026-04-02T10:57:05.592747+00:00
0,QA Engineer | Poland,linkedin,QA Engineer,COLIBRIX ONE,"Warsaw, Mazowieckie, Poland",On-site,Full-time,,,English,,,Recent,https://pl.linkedin.com/jobs/view/qa-engineer-at-colibrix-one-4393513653,2026-04-02T10:57:07.947089+00:00
0,QA Engineer | Poland,linkedin,Quality Assurance Engineer,La Fosse,Poland,On-site,Full-time,,,English,,,Recent,https://pl.linkedin.com/jobs/view/quality-assurance-engineer-at-la-fosse-4392443447,2026-04-02T10:57:07.947281+00:00
0,QA Engineer | Poland,linkedin,Junior QA Engineer/ QA Engineer,Amelco Limited,"Warsaw, Mazowieckie, Poland",On-site,Full-time,,Junior,English,,,Recent,https://pl.linkedin.com/jobs/view/junior-qa-engineer-qa-engineer-at-amelco-limited-4387705392,2026-04-02T10:57:07.947601+00:00
0,QA Engineer | Poland,linkedin,QA Engineer,VIATechnik,"Katowice, Śląskie, Poland",On-site,Full-time,,,English,,,Recent,https://pl.linkedin.com/jobs/view/qa-engineer-at-viatechnik-4387253762,2026-04-02T10:57:07.947756+00:00
0,QA Engineer | Poland,linkedin,QA Engineer (m/f/d),SkyCell AG,Poland,On-site,Full-time,,,English,,,Recent,https://pl.linkedin.com/jobs/view/qa-engineer-m-f-d-at-skycell-ag-4389476857,2026-04-02T10:57:07.947916+00:00
0,QA Engineer | Poland,linkedin,QA Engineer,AirHelp,"Cracow, Małopolskie, Poland",On-site,Full-time,,,English,,,Recent,https://pl.linkedin.com/jobs/view/qa-engineer-at-airhelp-4395280465,2026-04-02T10:57:07.948089+00:00
0,QA Engineer | Poland,linkedin,QA Engineer,AirHelp,"Gdańsk, Pomorskie, Poland",On-site,Full-time,,,English,,,Recent,https://pl.linkedin.com/jobs/view/qa-engineer-at-airhelp-4392598928,2026-04-02T10:57:07.948251+00:00
0,QA Engineer | USA,linkedin,QA Engineer,MrBeast,United States,On-site,Full-time,,,English,,,Recent,https://www.linkedin.com/jobs/view/qa-engineer-at-mrbeast-4367342975,2026-04-02T10:57:10.405465+00:00
0,QA Engineer | USA,linkedin,Selenium Tester,BCforward,"Inver Grove Heights, MN",On-site,Full-time,Selenium,,English,,,Recent,https://www.linkedin.com/jobs/view/selenium-tester-at-bcforward-4393582275,2026-04-02T10:57:10.405817+00:00
0,QA Engineer | USA,linkedin,"Junior QA Engineer – Recent Grads, This One's for You!",Teak,United States,On-site,Full-time,,Junior,English,,,Recent,https://www.linkedin.com/jobs/view/junior-qa-engineer-%E2%80%93-recent-grads-this-one-s-for-you%21-at-teak-4379436451,2026-04-02T10:57:10.405977+00:00
0,QA Engineer | USA,linkedin,QA / QC Engineer - Construction,Sobha Realty,"Plano, TX",On-site,Full-time,,,English,,,Recent,https://www.linkedin.com/jobs/view/qa-qc-engineer-construction-at-sobha-realty-4393590115,2026-04-02T10:57:10.406170+00:00
0,QA Engineer | USA,linkedin,Junior Quality Assurance Automation Engineer,Fora Travel,"New York, NY",On-site,Full-time,,Junior,English,,,Recent,https://www.linkedin.com/jobs/view/junior-quality-assurance-automation-engineer-at-fora-travel-4396160265,2026-04-02T10:57:10.406324+00:00
0,QA Engineer | USA,linkedin,Quality Assurance Engineer,CPI Security,"Charlotte, NC",On-site,Full-time,,,English,,,Recent,https://www.linkedin.com/jobs/view/quality-assurance-engineer-at-cpi-security-4392944799,2026-04-02T10:57:10.406489+00:00
0,QA Engineer | USA,linkedin,Quality Assurance Engineer,swipejobs,"Henrietta, NY",On-site,Full-time,,,English,,,Recent,https://www.linkedin.com/jobs/view/quality-assurance-engineer-at-swipejobs-4392435738,2026-04-02T10:57:10.406644+00:00
0,QA Engineer | USA,linkedin,Quality Assurance Engineer,Quanta Manufacturing Fremont,"Fremont, CA",On-site,Full-time,,,English,,,Recent,https://www.linkedin.com/jobs/view/quality-assurance-engineer-at-quanta-manufacturing-fremont-4392103646,2026-04-02T10:57:10.406800+00:00
0,QA Engineer | USA,linkedin,Quality Assurance Engineer,The Bexar Company,"Grand Prairie, TX",On-site,Full-time,,,English,,,Recent,https://www.linkedin.com/jobs/view/quality-assurance-engineer-at-the-bexar-company-4389008230,2026-04-02T10:57:10.406954+00:00
0,QA Engineer | United Kingdom,linkedin,Quality Assurance Engineer,Accelero,"Basingstoke, England, United Kingdom",On-site,Full-time,,,English,,,Recent,https://uk.linkedin.com/jobs/view/quality-assurance-engineer-at-accelero-4392918513,2026-04-02T10:57:12.731499+00:00
0,QA Engineer | United Kingdom,linkedin,Safety Test Engineer,Vallum Associates,"Gaydon, England, United Kingdom",On-site,Full-time,,,English,,,Recent,https://uk.linkedin.com/jobs/view/safety-test-engineer-at-vallum-associates-4393286820,2026-04-02T10:57:12.731694+00:00
0,QA Engineer | United Kingdom,linkedin,Test and Quality Engineer (Northern Ireland),Resonate Testing Ltd,"Newry, Northern Ireland, United Kingdom",On-site,Full-time,,,English,,,Recent,https://uk.linkedin.com/jobs/view/test-and-quality-engineer-northern-ireland-at-resonate-testing-ltd-4393559721,2026-04-02T10:57:12.732013+00:00
0,QA Engineer | United Kingdom,linkedin,Quality Assurance Engineer,Navantia UK,"Fife, Scotland, United Kingdom",On-site,Full-time,,,English,,,Recent,https://uk.linkedin.com/jobs/view/quality-assurance-engineer-at-navantia-uk-4372239824,2026-04-02T10:57:12.732517+00:00
0,QA Engineer | United Kingdom,linkedin,Junior Manual QA Engineer,Xantura Limited,"Greater London, England, United Kingdom",On-site,Full-time,,Junior,English,,,Recent,https://uk.linkedin.com/jobs/view/junior-manual-qa-engineer-at-xantura-limited-4384471417,2026-04-02T10:57:12.732666+00:00
0,QA Engineer | United Kingdom,linkedin,Quality Assurance Engineer,Owen Daniels,"Fareham, England, United Kingdom",On-site,Full-time,,,English,,,Recent,https://uk.linkedin.com/jobs/view/quality-assurance-engineer-at-owen-daniels-4395634475,2026-04-02T10:57:12.732820+00:00
0,Test Engineer | Germany,linkedin,QA Engineer,Almedia,"Berlin, Germany",On-site,Full-time,,,English,,,Recent,https://de.linkedin.com/jobs/view/qa-engineer-at-almedia-4339366784,2026-04-02T10:57:15.115234+00:00
0,Test Engineer | Germany,linkedin,Quality Assurance Engineer,PSD Group,"Dortmund, North Rhine-Westphalia, Germany",On-site,Full-time,,,English,,,Recent,https://de.linkedin.com/jobs/view/quality-assurance-engineer-at-psd-group-4338425753,2026-04-02T10:57:15.115387+00:00
0,Test Engineer | Germany,linkedin,QA Software Tester (m/f/x),Atolls,"Berlin, Germany",On-site,Full-time,,,English,,,Recent,https://de.linkedin.com/jobs/view/qa-software-tester-m-f-x-at-atolls-4392999744,2026-04-02T10:57:15.115537+00:00
0,Test Engineer | Austria,linkedin,Junior Test Analyst (m/f/d),Deutsche Telekom,"Fünfkirchen, Lower Austria, Austria",On-site,Full-time,,Junior,English,,,Recent,https://at.linkedin.com/jobs/view/junior-test-analyst-m-f-d-at-deutsche-telekom-4392937753,2026-04-02T10:57:17.454749+00:00
0,Test Engineer | Austria,linkedin,整车质量分析工程师（奥地利）,SUPERPANTHER,Linz-Wels-Steyr Area,On-site,Full-time,,,English,,,Recent,https://at.linkedin.com/jobs/view/%E6%95%B4%E8%BD%A6%E8%B4%A8%E9%87%8F%E5%88%86%E6%9E%90%E5%B7%A5%E7%A8%8B%E5%B8%88%EF%BC%88%E5%A5%A5%E5%9C%B0%E5%88%A9%EF%BC%89-at-superpanther-4392175974,2026-04-02T10:57:17.455396+00:00
0,Test Engineer | Slovakia,linkedin,"Resident Engineer (Automotive Industry-Quality Managment-Malacky, Bratislava)",ACCU,Bratislava Metropolitan Area,On-site,Full-time,,,English,,,Recent,https://sk.linkedin.com/jobs/view/resident-engineer-automotive-industry-quality-managment-malacky-bratislava-at-accu-4392191128,2026-04-02T10:57:24.533770+00:00
0,Test Engineer | Slovakia,linkedin,Solution Design Engineer,Freshfields,"Bratislava, Slovakia",On-site,Full-time,,,English,,,Recent,https://sk.linkedin.com/jobs/view/solution-design-engineer-at-freshfields-4393519997,2026-04-02T10:57:24.533925+00:00
0,Test Engineer | Czech Republic,linkedin,Software Engineer - Fully Remote,Mercor,Dominican Republic,Remote,Full-time,,,English,,,Recent,https://do.linkedin.com/jobs/view/software-engineer-fully-remote-at-mercor-4391166612,2026-04-02T10:57:26.912601+00:00
0,Test Engineer | Poland,linkedin,Engineer - SDET,Xperi Inc.,"Warsaw, Mazowieckie, Poland",On-site,Full-time,,,English,,,Recent,https://pl.linkedin.com/jobs/view/engineer-sdet-at-xperi-inc-4392848349,2026-04-02T10:57:29.271634+00:00
0,Test Engineer | Poland,linkedin,QA Manual Engineer,Xebia,"Warsaw, Mazowieckie, Poland",On-site,Full-time,,,English,,,Recent,https://pl.linkedin.com/jobs/view/qa-manual-engineer-at-xebia-4393978612,2026-04-02T10:57:29.272659+00:00
0,Test Engineer | USA,linkedin,Software Engineer - Applications,LinkedIn,"Mountain View, CA",On-site,Full-time,,,English,,,Recent,https://www.linkedin.com/jobs/view/software-engineer-applications-at-linkedin-4391881641,2026-04-02T10:57:31.838182+00:00
0,Test Engineer | USA,linkedin,Entry Level Software Engineer,Emonics LLC,"Seattle, WA",On-site,Full-time,,,English,,,Recent,https://www.linkedin.com/jobs/view/entry-level-software-engineer-at-emonics-llc-4392423928,2026-04-02T10:57:31.838691+00:00
0,Test Engineer | USA,linkedin,QA Engineer,Agility Partners,United States,On-site,Full-time,,,English,,,Recent,https://www.linkedin.com/jobs/view/qa-engineer-at-agility-partners-4392934132,2026-04-02T10:57:31.839004+00:00
0,Test Engineer | USA,linkedin,Entry Level Software Engineer,Emonics LLC,"Austin, Texas Metropolitan Area",On-site,Full-time,,,English,,,Recent,https://www.linkedin.com/jobs/view/entry-level-software-engineer-at-emonics-llc-4392446207,2026-04-02T10:57:31.839188+00:00
0,Test Engineer | USA,linkedin,Entry Level Software Engineer,Emonics LLC,"San Francisco, CA",On-site,Full-time,,,English,,,Recent,https://www.linkedin.com/jobs/view/entry-level-software-engineer-at-emonics-llc-4392431676,2026-04-02T10:57:31.839345+00:00
0,Test Engineer | United Kingdom,linkedin,Software Quality Assurance Engineer,"PACE Anti-Piracy, Inc","Glasgow, Scotland, United Kingdom",On-site,Full-time,,,English,,,Recent,https://uk.linkedin.com/jobs/view/software-quality-assurance-engineer-at-pace-anti-piracy-inc-4389715408,2026-04-02T10:57:34.269575+00:00
0,Test Engineer | United Kingdom,linkedin,QA Engineer,Opus Recruitment Solutions,"Oxfordshire, England, United Kingdom",On-site,Full-time,,,English,,,Recent,https://uk.linkedin.com/jobs/view/qa-engineer-at-opus-recruitment-solutions-4392192500,2026-04-02T10:57:34.269880+00:00
0,Testingenieur | Germany,linkedin,CQV & CSV Engineering Opportunities – Germany,KPC International,"Frankfurt, Hesse, Germany",On-site,Internship,,,English,,,Recent,https://de.linkedin.com/jobs/view/cqv-csv-engineering-opportunities-%E2%80%93-germany-at-kpc-international-4225886744,2026-04-02T10:57:36.659897+00:00
0,Testingenieur | Germany,linkedin,Testingenieur*in Elektromechanik / Hardware Test Engineer,TWK,"Düsseldorf, North Rhine-Westphalia, Germany",On-site,Full-time,,,English,,,Recent,https://de.linkedin.com/jobs/view/testingenieur-in-elektromechanik-hardware-test-engineer-at-twk-4396850635,2026-04-02T10:57:36.660118+00:00
0,Testingenieur | Germany,linkedin,TCMS Test Engineer,SEGULA Technologies,"Mannheim, Baden-Württemberg, Germany",On-site,Full-time,,,English,,,Recent,https://de.linkedin.com/jobs/view/tcms-test-engineer-at-segula-technologies-4378948527,2026-04-02T10:57:36.660300+00:00
0,Testingenieur | Germany,linkedin,Testingenieur – Mechanical Engineering / Systemtests (all gender),ALTEN Germany,"Hamburg, Hamburg, Germany",On-site,Full-time,,,English,,,Recent,https://de.linkedin.com/jobs/view/testingenieur-%E2%80%93-mechanical-engineering-systemtests-all-gender-at-alten-germany-4373680351,2026-04-02T10:57:36.660462+00:00
0,Testingenieur | Germany,linkedin,Junior Entwicklungs- und Testingenieur für aktive Mikrowellengeräte (m/w/d) (ID: 22110),Da Vinci Engineering GmbH,"Backnang, Baden-Württemberg, Germany",On-site,Full-time,,"Junior, R",German,,,Recent,https://de.linkedin.com/jobs/view/junior-entwicklungs-und-testingenieur-f%C3%BCr-aktive-mikrowellenger%C3%A4te-m-w-d-id-22110-at-da-vinci-engineering-gmbh-4368592256,2026-04-02T10:57:36.660625+00:00
0,Testingenieur | Germany,linkedin,Entwicklungsingenieur Reklamationsmanagement (all gender) 200,ALTEN Germany,"Munich, Bavaria, Germany",On-site,Full-time,,,English,,,Recent,https://de.linkedin.com/jobs/view/entwicklungsingenieur-reklamationsmanagement-all-gender-200-at-alten-germany-4359833213,2026-04-02T10:57:36.661279+00:00
0,Testingenieur | Germany,linkedin,Test Engineer Schienenfahrzeuge (all gender),ALTEN,"Salzgitter, Lower Saxony, Germany",On-site,Full-time,,,English,,,Recent,https://de.linkedin.com/jobs/view/test-engineer-schienenfahrzeuge-all-gender-at-alten-4392264916,2026-04-02T10:57:36.661436+00:00
0,Testingenieur | Austria,linkedin,Supplier Test Engineer (all genders),Lam Research,"Villach, Carinthia, Austria",On-site,Full-time,,,English,,,Recent,https://at.linkedin.com/jobs/view/supplier-test-engineer-all-genders-at-lam-research-4377926919,2026-04-02T10:57:38.999344+00:00
0,Testingenieur | Austria,linkedin,Work at PSI Austria,PSI Software – Process Industries & Metals,"Graz, Styria, Austria",On-site,Full-time,,,English,,,Recent,https://at.linkedin.com/jobs/view/work-at-psi-austria-at-psi-software-%E2%80%93-process-industries-metals-4381841539,2026-04-02T10:57:38.999532+00:00
0,Testingenieur | Austria,linkedin,Softwareingenieur:in,Wallner Automation GmbH,"Eugendorf, Salzburg, Austria",On-site,Full-time,,,English,,,Recent,https://at.linkedin.com/jobs/view/softwareingenieur-in-at-wallner-automation-gmbh-4385742672,2026-04-02T10:57:39.000519+00:00
0,Testingenieur | Austria,linkedin,SQA Ingenieur (m/w/d),SEGULA Technologies,"Graz, Styria, Austria",On-site,Full-time,,,English,,,Recent,https://at.linkedin.com/jobs/view/sqa-ingenieur-m-w-d-at-segula-technologies-4385504193,2026-04-02T10:57:39.000671+00:00
0,Testingenieur | Switzerland,linkedin,Ingénieur tests/Ingénieure tests,CLEEVEN,"Vaud, Switzerland",On-site,Full-time,,,English,,,Recent,https://ch.linkedin.com/jobs/view/ing%C3%A9nieur-tests-ing%C3%A9nieure-tests-at-cleeven-4389235202,2026-04-02T10:57:41.352629+00:00
0,Testingenieur | Switzerland,linkedin,Test Engineer in Avionics & Instrumentation,ISATI Engineering Solutions,"Zurich, Zurich, Switzerland",On-site,Full-time,,,English,,,Recent,https://ch.linkedin.com/jobs/view/test-engineer-in-avionics-instrumentation-at-isati-engineering-solutions-4390600330,2026-04-02T10:57:41.352817+00:00
0,Testingenieur | Switzerland,linkedin,Ingénieur d’assurance qualité/Ingénieure d’assurance qualité,CLEEVEN,"Vaud, Switzerland",On-site,Full-time,,,English,,,Recent,https://ch.linkedin.com/jobs/view/ing%C3%A9nieur-d%E2%80%99assurance-qualit%C3%A9-ing%C3%A9nieure-d%E2%80%99assurance-qualit%C3%A9-at-cleeven-4389218845,2026-04-02T10:57:41.353161+00:00
0,Testingenieur | Switzerland,linkedin,Responsable de Tests,PrimeIT Switzerland,"Geneva, Switzerland",On-site,Full-time,,,English,,,Recent,https://ch.linkedin.com/jobs/view/responsable-de-tests-at-primeit-switzerland-4371002302,2026-04-02T10:57:41.353322+00:00
0,Testingenieur | Switzerland,linkedin,Testing-Spezialisten:in im Bereich Workplace / End User Computing,Coopers Group AG,"Chur, Graubünden, Switzerland",On-site,Full-time,,,English,,,Recent,https://ch.linkedin.com/jobs/view/testing-spezialisten-in-im-bereich-workplace-end-user-computing-at-coopers-group-ag-4396462256,2026-04-02T10:57:41.353626+00:00
0,Testingenieur | Switzerland,linkedin,AI Speech Tester (Italian native speaker - Switzerland regional variant),TSMG Holding,"Lugano, Ticino, Switzerland",On-site,Full-time,,,English,,,Recent,https://ch.linkedin.com/jobs/view/ai-speech-tester-italian-native-speaker-switzerland-regional-variant-at-tsmg-holding-4383384373,2026-04-02T10:57:41.353782+00:00
0,Testingenieur | Switzerland,linkedin,AI Speech Tester (Italian native speaker - Switzerland regional variant),TSMG Holding,"Bellinzona, Ticino, Switzerland",On-site,Full-time,,,English,,,Recent,https://ch.linkedin.com/jobs/view/ai-speech-tester-italian-native-speaker-switzerland-regional-variant-at-tsmg-holding-4383377773,2026-04-02T10:57:41.353934+00:00
0,Testingenieur | Switzerland,linkedin,R&D,Medacta Italia,"Rancate, Ticino, Switzerland",On-site,Full-time,,R,English,,,Recent,https://ch.linkedin.com/jobs/view/r-d-at-medacta-italia-4391617667,2026-04-02T10:57:41.354104+00:00
0,Testingenieur | Remote,linkedin,Design Engineer,vvd,Germany,Remote,Full-time,,,English,,,Recent,https://de.linkedin.com/jobs/view/design-engineer-at-vvd-4386302599,2026-04-02T10:57:43.696513+00:00
0,Testingenieur | Remote,linkedin,Mobile Device Management (iOS oder Android) (m/w/d),ZABEL,Hannover-Braunschweig-Göttingen-Wolfsburg Region,Remote,Full-time,,,English,,,Recent,https://de.linkedin.com/jobs/view/mobile-device-management-ios-oder-android-m-w-d-at-zabel-4386035954,2026-04-02T10:57:43.697175+00:00
0,Testingenieur | Remote,linkedin,System- und Testingenieur Funkkommunikationssysteme (all gender) 300,ALTEN Germany,"Stuttgart, Baden-Württemberg, Germany",Remote,Full-time,,,German,,,Recent,https://de.linkedin.com/jobs/view/system-und-testingenieur-funkkommunikationssysteme-all-gender-300-at-alten-germany-4361021637,2026-04-02T10:57:43.697337+00:00
0,Testingenieur | Slovakia,linkedin,Automatizačný softvérový inžinier,Hoval Energy Recovery,"Istebné, Zilina, Slovakia",On-site,Full-time,,,English,,,Recent,https://sk.linkedin.com/jobs/view/automatiza%C4%8Dn%C3%BD-softv%C3%A9rov%C3%BD-in%C5%BEinier-at-hoval-energy-recovery-4382510757,2026-04-02T10:57:46.051353+00:00
0,Testingenieur | Slovakia,linkedin,AOSP DEVELOPER - AUTOMOTIVE DOMAIN - CZECHIA BASED PROJECT,Quest Global,Slovakia,On-site,Contract,,,English,,,Recent,https://sk.linkedin.com/jobs/view/aosp-developer-automotive-domain-czechia-based-project-at-quest-global-4362200771,2026-04-02T10:57:46.051549+00:00
0,Testingenieur | Slovakia,linkedin,Automatizačný softvérový inžinier,Hoval Romania,"Istebné, Zilina, Slovakia",On-site,Full-time,,,English,,,Recent,https://sk.linkedin.com/jobs/view/automatiza%C4%8Dn%C3%BD-softv%C3%A9rov%C3%BD-in%C5%BEinier-at-hoval-romania-4382490406,2026-04-02T10:57:46.051714+00:00
0,Testingenieur | Slovakia,linkedin,Automatizačný softvérový inžinier,Hoval Hrvatska,"Istebné, Zilina, Slovakia",On-site,Full-time,,,English,,,Recent,https://sk.linkedin.com/jobs/view/automatiza%C4%8Dn%C3%BD-softv%C3%A9rov%C3%BD-in%C5%BEinier-at-hoval-hrvatska-4383849585,2026-04-02T10:57:46.052683+00:00
0,Testingenieur | Slovakia,linkedin,Test Engineer,Magna International,"Kechnec, Kosice, Slovakia",On-site,Internship,,,English,,,Recent,https://sk.linkedin.com/jobs/view/test-engineer-at-magna-international-4394620575,2026-04-02T10:57:46.052838+00:00
0,Testingenieur | Czech Republic,linkedin,3D ROBOT PROGRAMMER,Bellmer Czech Republic,Dominican Republic,On-site,Full-time,,,English,,,Recent,https://do.linkedin.com/jobs/view/3d-robot-programmer-at-bellmer-czech-republic-4389226597,2026-04-02T10:57:48.447503+00:00
0,Testingenieur | Czech Republic,linkedin,硬件NPI工程师8052,UNISOC,"アト・マジョール州, Hato Mayor, Dominican Republic",On-site,Full-time,,,English,,,Recent,https://do.linkedin.com/jobs/view/%E7%A1%AC%E4%BB%B6npi%E5%B7%A5%E7%A8%8B%E5%B8%888052-at-unisoc-4384162904,2026-04-02T10:57:48.447659+00:00
0,Testingenieur | Czech Republic,linkedin,测试工程师 - 逆变器,TÜV NORD China,"アト・マジョール州, Hato Mayor, Dominican Republic",On-site,Full-time,,,English,,,Recent,https://do.linkedin.com/jobs/view/%E6%B5%8B%E8%AF%95%E5%B7%A5%E7%A8%8B%E5%B8%88-%E9%80%86%E5%8F%98%E5%99%A8-at-t%C3%BCv-nord-china-4390345979,2026-04-02T10:57:48.447821+00:00
0,Testingenieur | Czech Republic,linkedin,AUTOMATION PROGRAMMER,Bellmer Czech Republic,Dominican Republic,On-site,Full-time,,,English,,,Recent,https://do.linkedin.com/jobs/view/automation-programmer-at-bellmer-czech-republic-4389236304,2026-04-02T10:57:48.447983+00:00
0,Testingenieur | Czech Republic,linkedin,硬件NPI工程师(008102),UNISOC,"アト・マジョール州, Hato Mayor, Dominican Republic",On-site,Full-time,,,English,,,Recent,https://do.linkedin.com/jobs/view/%E7%A1%AC%E4%BB%B6npi%E5%B7%A5%E7%A8%8B%E5%B8%88-008102-at-unisoc-4387808983,2026-04-02T10:57:48.448324+00:00
0,Testingenieur | Poland,linkedin,Mechanical Designer / Test Engineer (f/m),Airbus Helicopters,"Łódź, Łódzkie, Poland",On-site,Full-time,,,English,,,Recent,https://pl.linkedin.com/jobs/view/mechanical-designer-test-engineer-f-m-at-airbus-helicopters-4378564274,2026-04-02T10:57:50.826000+00:00
0,Testingenieur | Poland,linkedin,Junior Application Engineer,WNS,Kielce Metropolitan Area,On-site,Full-time,,Junior,English,,,Recent,https://pl.linkedin.com/jobs/view/junior-application-engineer-at-wns-4386776226,2026-04-02T10:57:50.826521+00:00
0,Testingenieur | Poland,linkedin,Tester Manulny Ferryt (M/K),Astek,Poland,On-site,Full-time,,,English,,,Recent,https://pl.linkedin.com/jobs/view/tester-manulny-ferryt-m-k-at-astek-4384487803,2026-04-02T10:57:50.826672+00:00
0,Testingenieur | Poland,linkedin,QA Engineer,BlueThrone,"Warsaw, Mazowieckie, Poland",On-site,Full-time,,,English,,,Recent,https://pl.linkedin.com/jobs/view/qa-engineer-at-bluethrone-4391880411,2026-04-02T10:57:50.826970+00:00
0,Testingenieur | USA,linkedin,Junior Software Test Engineer,IERUS Technologies Inc,"Huntsville, AL",On-site,Full-time,,Junior,English,,,Recent,https://www.linkedin.com/jobs/view/junior-software-test-engineer-at-ierus-technologies-inc-4393906514,2026-04-02T10:57:53.376248+00:00
0,Testingenieur | USA,linkedin,Software Test Engineer,Beckman Coulter Life Sciences,"Indianapolis, IN",On-site,Full-time,,,English,,,Recent,https://www.linkedin.com/jobs/view/software-test-engineer-at-beckman-coulter-life-sciences-4396142764,2026-04-02T10:57:53.376438+00:00
0,Testingenieur | USA,linkedin,AI/ML engineering / Data Scientist (Need TX locals),Mindfore Technologies,"Austin, TX",On-site,Full-time,,,English,,,Recent,https://www.linkedin.com/jobs/view/ai-ml-engineering-data-scientist-need-tx-locals-at-mindfore-technologies-4393933868,2026-04-02T10:57:53.376595+00:00
0,Testingenieur | USA,linkedin,Quality Assurance Engineer (Manufacturing),PLP,"Mayfield, OH",On-site,Full-time,,,English,,,Recent,https://www.linkedin.com/jobs/view/quality-assurance-engineer-manufacturing-at-plp-4388954763,2026-04-02T10:57:53.376751+00:00
0,Testingenieur | USA,linkedin,Mechanical Test Engineer,Applus+ Laboratories,"Houston, TX",On-site,Full-time,,,English,,,Recent,https://www.linkedin.com/jobs/view/mechanical-test-engineer-at-applus%2B-laboratories-4125985556,2026-04-02T10:57:53.376903+00:00
0,Testingenieur | USA,linkedin,LGV CS Programmer,E80 Group,"Chicago, IL",On-site,Full-time,,,English,,,Recent,https://www.linkedin.com/jobs/view/lgv-cs-programmer-at-e80-group-4392580638,2026-04-02T10:57:53.377262+00:00
0,Testingenieur | United Kingdom,linkedin,Test Technician - Manufacturing Engineering - Bolton,Bauer Media Outdoor UK,"Bolton, England, United Kingdom",Remote,Full-time,Can,Engineering Manager,English,,,Recent,https://uk.linkedin.com/jobs/view/test-technician-manufacturing-engineering-bolton-at-bauer-media-outdoor-uk-4389499710,2026-04-02T10:57:55.776805+00:00
0,Testingenieur | United Kingdom,linkedin,Test Engineer,SEGULA Technologies,"Aylesbury, England, United Kingdom",On-site,Contract,,R,English,,,Recent,https://uk.linkedin.com/jobs/view/test-engineer-at-segula-technologies-4388485030,2026-04-02T10:57:55.777498+00:00
0,Testingenieur | United Kingdom,linkedin,Test Engineer,Resonate Testing Ltd,"Newry, Northern Ireland, United Kingdom",On-site,Contract,,Safe,English,,,Recent,https://uk.linkedin.com/jobs/view/test-engineer-at-resonate-testing-ltd-4391572681,2026-04-02T10:57:55.777646+00:00
0,Testingenieur | United Kingdom,linkedin,Mechanical Test Engineer,IC Resources,"Cheltenham, England, United Kingdom",On-site,Full-time,,"R, Mil",English,,,Recent,https://uk.linkedin.com/jobs/view/mechanical-test-engineer-at-ic-resources-4395275793,2026-04-02T10:57:55.777795+00:00
0,Testingenieur | United Kingdom,linkedin,Test Engineer - Personal Safety Team (PPE) - Future Talent Pipeline,BSI,"Hemel Hempstead, England, United Kingdom",On-site,Contract,Can,,English,,,Recent,https://uk.linkedin.com/jobs/view/test-engineer-personal-safety-team-ppe-future-talent-pipeline-at-bsi-4383956793,2026-04-02T10:57:55.777947+00:00
0,Testingenieur | United Kingdom,linkedin,Junior Test Engineer,Experis UK,"Christchurch, England, United Kingdom",On-site,Full-time,,"Junior, Performance Testing, Manual Testing",English,,,Recent,https://uk.linkedin.com/jobs/view/junior-test-engineer-at-experis-uk-4389563690,2026-04-02T10:57:55.778132+00:00
0,Test Automation | Austria,linkedin,Testing Manager (all genders),Viewpointsystem,"Vienna, Vienna, Austria",On-site,Full-time,,,English,,,Recent,https://at.linkedin.com/jobs/view/testing-manager-all-genders-at-viewpointsystem-4380292301,2026-04-02T10:58:00.590824+00:00
0,Test Automation | Switzerland,linkedin,Head of Quality Assurance & Client Onboarding,Avaloq,"Bioggio, Ticino, Switzerland",On-site,Full-time,,Head Of,English,,,Recent,https://ch.linkedin.com/jobs/view/head-of-quality-assurance-client-onboarding-at-avaloq-4396436515,2026-04-02T10:58:02.957877+00:00
0,Test Automation | Switzerland,linkedin,Software Test Automation Engineer (Professional),Infometis,"Zurich, Zurich, Switzerland",On-site,Full-time,Test Automation,,English,,,Recent,https://ch.linkedin.com/jobs/view/software-test-automation-engineer-professional-at-infometis-4394143888,2026-04-02T10:58:02.958985+00:00
0,Test Automation | Switzerland,linkedin,Test Analyst,Hays,Geneva Metropolitan Area,On-site,Full-time,,,English,,,Recent,https://ch.linkedin.com/jobs/view/test-analyst-at-hays-4381405973,2026-04-02T10:58:02.959166+00:00
0,Test Automation | Remote,linkedin,Automation Developer,Extra & Bold Design GmbH,Germany,Remote,Full-time,,,English,,,Recent,https://de.linkedin.com/jobs/view/automation-developer-at-extra-bold-design-gmbh-4391858270,2026-04-02T10:58:05.335149+00:00
0,Test Automation | Slovakia,linkedin,Chief Technology Officer (CTO) at Telehealth Platform,Mind Friend,"Bratislava, Bratislava, Slovakia",On-site,Full-time,,,English,,,Recent,https://sk.linkedin.com/jobs/view/chief-technology-officer-cto-at-telehealth-platform-at-mind-friend-4389211294,2026-04-02T10:58:07.691605+00:00
0,Test Automation | Slovakia,linkedin,Experienced Software Test Engineer (Cypress),localhost.company,"Košice, Kosice, Slovakia",On-site,Full-time,,Cypress,English,,,Recent,https://sk.linkedin.com/jobs/view/experienced-software-test-engineer-cypress-at-localhost-company-4386674039,2026-04-02T10:58:07.691916+00:00
0,Test Automation | Czech Republic,linkedin,QA Analista Funcional Republica Dominicana,Agilesoft,Dominican Republic,On-site,Full-time,,,English,,,Recent,https://do.linkedin.com/jobs/view/qa-analista-funcional-republica-dominicana-at-agilesoft-4384274923,2026-04-02T10:58:10.037246+00:00
0,Test Automation | Czech Republic,linkedin,Quality Analyst (SANTIAGO),One Park Financial,"Santiago de los Caballeros, Santiago, Dominican Republic",On-site,Full-time,,,English,,,Recent,https://do.linkedin.com/jobs/view/quality-analyst-santiago-at-one-park-financial-4390626481,2026-04-02T10:58:10.037401+00:00
0,Test Automation | Czech Republic,linkedin,Aprendiz de QA,Babel,"Santo Domingo, Distrito Nacional, Dominican Republic",On-site,Full-time,,,English,,,Recent,https://do.linkedin.com/jobs/view/aprendiz-de-qa-at-babel-4370737100,2026-04-02T10:58:10.037553+00:00
0,Test Automation | Czech Republic,linkedin,Quality Analyst,One Park Financial,"Santo Domingo, Distrito Nacional, Dominican Republic",On-site,Full-time,,,English,,,Recent,https://do.linkedin.com/jobs/view/quality-analyst-at-one-park-financial-4390631358,2026-04-02T10:58:10.037704+00:00
0,Test Automation | Poland,linkedin,QA Analyst (Manual & Automation)/ I,Inetum,"Warsaw, Mazowieckie, Poland",On-site,Full-time,,,English,,,Recent,https://pl.linkedin.com/jobs/view/qa-analyst-manual-automation-i-at-inetum-4373813470,2026-04-02T10:58:12.429803+00:00
0,Test Automation | Poland,linkedin,Sr Engineer - Software QA,Xperi Inc.,"Warsaw, Mazowieckie, Poland",On-site,Full-time,,,English,,,Recent,https://pl.linkedin.com/jobs/view/sr-engineer-software-qa-at-xperi-inc-4385696609,2026-04-02T10:58:12.429963+00:00
0,Test Automation | Poland,linkedin,Test Automation Specialist,Digital Service Group,Poland,On-site,Full-time,Test Automation,,English,,,Recent,https://pl.linkedin.com/jobs/view/test-automation-specialist-at-digital-service-group-4395694870,2026-04-02T10:58:12.430462+00:00
0,Test Automation | Poland,linkedin,Sr Engineer - Software QA,Xperi Inc.,"Warsaw, Mazowieckie, Poland",On-site,Full-time,,,English,,,Recent,https://pl.linkedin.com/jobs/view/sr-engineer-software-qa-at-xperi-inc-4380687880,2026-04-02T10:58:12.430764+00:00
0,Test Automation | Poland,linkedin,Quality Assurance Engineer,STAGE24.PL,"Poznań, Wielkopolskie, Poland",On-site,Full-time,,,English,,,Recent,https://pl.linkedin.com/jobs/view/quality-assurance-engineer-at-stage24-pl-4386837726,2026-04-02T10:58:12.430912+00:00
0,Test Automation | USA,linkedin,QA Automation Tester,nLeague,"Hartford, CT",On-site,Full-time,,,English,,,Recent,https://www.linkedin.com/jobs/view/qa-automation-tester-at-nleague-4385113850,2026-04-02T10:58:14.946674+00:00
0,Test Automation | USA,linkedin,QA Automation Engineer,ClassWallet,United States,On-site,Full-time,,,English,,,Recent,https://www.linkedin.com/jobs/view/qa-automation-engineer-at-classwallet-4391777521,2026-04-02T10:58:14.946828+00:00
0,Test Automation | USA,linkedin,QA Analyst I,Filevine,United States,On-site,Full-time,,,English,,,Recent,https://www.linkedin.com/jobs/view/qa-analyst-i-at-filevine-4391155833,2026-04-02T10:58:14.946977+00:00
0,Test Automation | USA,linkedin,Software QA Tester,Blazel,"Palo Alto, CA",On-site,Full-time,,,English,,,Recent,https://www.linkedin.com/jobs/view/software-qa-tester-at-blazel-4390977197,2026-04-02T10:58:14.947147+00:00
0,Test Automation | USA,linkedin,Quality Assurance Tester,MenuFit,United States,On-site,Full-time,,,English,,,Recent,https://www.linkedin.com/jobs/view/quality-assurance-tester-at-menufit-4391957937,2026-04-02T10:58:14.947294+00:00
0,Test Automation | USA,linkedin,Quality Assurance Analyst (Manual) – 18-Month Contract (Remote),PolicyMe,"Ontario, CA",Remote,Contract,,,English,,,Recent,https://www.linkedin.com/jobs/view/quality-assurance-analyst-manual-%E2%80%93-18-month-contract-remote-at-policyme-4391178062,2026-04-02T10:58:14.947439+00:00
0,Test Automation | USA,linkedin,Manual/Automation QA,Kforce Inc,"Charlotte, NC",On-site,Full-time,,,English,,,Recent,https://www.linkedin.com/jobs/view/manual-automation-qa-at-kforce-inc-4388380953,2026-04-02T10:58:14.947737+00:00
0,Test Automation | United Kingdom,linkedin,Test Automation Engineer,Deloitte,"Glasgow, Scotland, United Kingdom",On-site,Full-time,Test Automation,,English,,,Recent,https://uk.linkedin.com/jobs/view/test-automation-engineer-at-deloitte-4383541540,2026-04-02T10:58:17.445351+00:00
0,Test Automation | United Kingdom,linkedin,QA Engineer (Automation),esure Group,"Southport, England, United Kingdom",On-site,Full-time,,,English,,,Recent,https://uk.linkedin.com/jobs/view/qa-engineer-automation-at-esure-group-4380272158,2026-04-02T10:58:17.446503+00:00
0,Python Developer | Germany,linkedin,Freelance Data Science Engineer (Python & SQL),Mindrift,"Berlin, Berlin, Germany",On-site,Contract,Python,"Data Science, Sql",English,,,Recent,https://de.linkedin.com/jobs/view/freelance-data-science-engineer-python-sql-at-mindrift-4393519232,2026-04-02T10:58:19.863849+00:00
0,Python Developer | Germany,linkedin,Freelance Data Science Engineer (Python & SQL),Mindrift,"Frankfurt am Main, Hesse, Germany",On-site,Contract,Python,"Data Science, Sql",English,,,Recent,https://de.linkedin.com/jobs/view/freelance-data-science-engineer-python-sql-at-mindrift-4393520147,2026-04-02T10:58:19.864053+00:00
0,Python Developer | Germany,linkedin,Freelance Data Science Engineer (Python & SQL),Mindrift,"Hamburg, Hamburg, Germany",On-site,Contract,Python,"Data Science, Sql",English,,,Recent,https://de.linkedin.com/jobs/view/freelance-data-science-engineer-python-sql-at-mindrift-4393518250,2026-04-02T10:58:19.864231+00:00
0,Python Developer | Germany,linkedin,Freelance Data Science Engineer (Python & SQL),Mindrift,"Stuttgart, Baden-Württemberg, Germany",On-site,Contract,Python,"Data Science, Sql",English,,,Recent,https://de.linkedin.com/jobs/view/freelance-data-science-engineer-python-sql-at-mindrift-4393512379,2026-04-02T10:58:19.864387+00:00
0,Python Developer | Germany,linkedin,Freelance Data Science Engineer (Python & SQL),Mindrift,Germany,On-site,Contract,Python,"Data Science, Sql",English,,,Recent,https://de.linkedin.com/jobs/view/freelance-data-science-engineer-python-sql-at-mindrift-4393504834,2026-04-02T10:58:19.864546+00:00
0,Python Developer | Germany,linkedin,Freelance Data Science Engineer (Python & SQL),Mindrift,"Munich, Bavaria, Germany",On-site,Contract,Python,"Data Science, Sql",English,,,Recent,https://de.linkedin.com/jobs/view/freelance-data-science-engineer-python-sql-at-mindrift-4393503852,2026-04-02T10:58:19.864700+00:00
0,Python Developer | Germany,linkedin,Python Developer (gn),ControlExpert GmbH,"Düsseldorf, North Rhine-Westphalia, Germany",On-site,Full-time,Python,,English,,,Recent,https://de.linkedin.com/jobs/view/python-developer-gn-at-controlexpert-gmbh-4395032590,2026-04-02T10:58:19.864846+00:00
0,Python Developer | Germany,linkedin,Back-End Engineer - Team Agents,Taktile,"Berlin, Berlin, Germany",On-site,Full-time,,,English,,,Recent,https://de.linkedin.com/jobs/view/back-end-engineer-team-agents-at-taktile-4392985823,2026-04-02T10:58:19.864996+00:00
0,Python Developer | Germany,linkedin,Fullstack Engineer – Python / React (all genders),Kertos,"Berlin, Berlin, Germany",On-site,Full-time,Python,React,English,,,Recent,https://de.linkedin.com/jobs/view/fullstack-engineer-%E2%80%93-python-react-all-genders-at-kertos-4395881218,2026-04-02T10:58:19.865175+00:00
0,Python Developer | Germany,linkedin,Python Developer | Remote,Crossing Hurdles,Germany,Remote,Full-time,Python,,English,,,Recent,https://de.linkedin.com/jobs/view/python-developer-remote-at-crossing-hurdles-4370016911,2026-04-02T10:58:19.865338+00:00
0,Python Developer | Austria,linkedin,Freelance Data Science Engineer (Python & SQL),Mindrift,Austria,On-site,Contract,Python,"Data Science, Sql",English,,,Recent,https://at.linkedin.com/jobs/view/freelance-data-science-engineer-python-sql-at-mindrift-4393514345,2026-04-02T10:58:22.312356+00:00
0,Python Developer | Austria,linkedin,Python Developer | Remote,Crossing Hurdles,Austria,Remote,Full-time,Python,,English,,,Recent,https://at.linkedin.com/jobs/view/python-developer-remote-at-crossing-hurdles-4382857147,2026-04-02T10:58:22.312536+00:00
0,Python Developer | Austria,linkedin,Backend Developer (m/f/d),AllCloud,Austria,On-site,Full-time,,,English,,,Recent,https://at.linkedin.com/jobs/view/backend-developer-m-f-d-at-allcloud-4391581141,2026-04-02T10:58:22.312704+00:00
0,Python Developer | Austria,linkedin,Python Software Engineer,Jobgether,Austria,On-site,Full-time,Python,,English,,,Recent,https://at.linkedin.com/jobs/view/python-software-engineer-at-jobgether-4390702162,2026-04-02T10:58:22.312861+00:00
0,Python Developer | Austria,linkedin,Software Engineer - Python - Cloud - graduate level,Canonical,"Vienna, Vienna, Austria",On-site,Full-time,Python,Graduate,English,,,Recent,https://at.linkedin.com/jobs/view/software-engineer-python-cloud-graduate-level-at-canonical-4389952665,2026-04-02T10:58:22.313014+00:00
0,Python Developer | Austria,linkedin,Freelance AI Evaluation Engineer (Python/Full-Stack),Mindrift,Austria,On-site,Contract,Python,,English,,,Recent,https://at.linkedin.com/jobs/view/freelance-ai-evaluation-engineer-python-full-stack-at-mindrift-4392345194,2026-04-02T10:58:22.313512+00:00
0,Python Developer | Austria,linkedin,Fullstack-EntwicklerIn eHealth Bildverarbeitung (m/w/d),PARATUS,"Vienna, Austria",On-site,Full-time,,,English,,,Recent,https://at.linkedin.com/jobs/view/fullstack-entwicklerin-ehealth-bildverarbeitung-m-w-d-at-paratus-4395007934,2026-04-02T10:58:22.313659+00:00
0,Python Developer | Austria,linkedin,Python Developer – Focus on Data Analysis (m/f/d),netcup,"Klagenfurt, Carinthia, Austria",On-site,Full-time,Python,,English,,,Recent,https://at.linkedin.com/jobs/view/python-developer-%E2%80%93-focus-on-data-analysis-m-f-d-at-netcup-4387689048,2026-04-02T10:58:22.313810+00:00
0,Python Developer | Switzerland,linkedin,(Junior) Full Stack Developer 80-100% (f/m/d),LGT Private Banking,"Zurich, Zurich, Switzerland",Remote,Full-time,,Junior,English,,,Recent,https://ch.linkedin.com/jobs/view/junior-full-stack-developer-80-100%25-f-m-d-at-lgt-private-banking-4393519950,2026-04-02T10:58:24.750339+00:00
0,Python Developer | Switzerland,linkedin,Software Engineer (Python & DevOps) (SY-EPC-CCS-2026-86-GRAE),CERN,"Geneva, Geneva, Switzerland",On-site,Full-time,Python,Devops,English,,,Recent,https://ch.linkedin.com/jobs/view/software-engineer-python-devops-sy-epc-ccs-2026-86-grae-at-cern-4395683087,2026-04-02T10:58:24.750526+00:00
0,Python Developer | Switzerland,linkedin,Web Developer (Remote),Twine,Switzerland,Remote,Full-time,,,English,,,Recent,https://ch.linkedin.com/jobs/view/web-developer-remote-at-twine-4395041248,2026-04-02T10:58:24.750689+00:00
0,Python Developer | Switzerland,linkedin,Python Software Engineer,Jobgether,Switzerland,On-site,Full-time,Python,,English,,,Recent,https://ch.linkedin.com/jobs/view/python-software-engineer-at-jobgether-4390492157,2026-04-02T10:58:24.750839+00:00
0,Python Developer | Switzerland,linkedin,Backend Entwickler 80 - 100%,Fincons Group,"Bern, Berne, Switzerland",Remote,Full-time,,,English,,,Recent,https://ch.linkedin.com/jobs/view/backend-entwickler-80-100%25-at-fincons-group-4395046745,2026-04-02T10:58:24.750992+00:00
0,Python Developer | Switzerland,linkedin,"Professional Web Developer (Python/JavaScript, 80%-100%, Remote within Switzerland) - ID260210",Adfinis,Switzerland,Remote,Full-time,"Javascript, Python",,English,,,Recent,https://ch.linkedin.com/jobs/view/professional-web-developer-python-javascript-80%25-100%25-remote-within-switzerland-id260210-at-adfinis-4387273796,2026-04-02T10:58:24.751171+00:00
0,Python Developer | Switzerland,linkedin,Développeur Python/Développeuse Python,Qim info,"Geneva, Switzerland",On-site,Full-time,Python,,English,,,Recent,https://ch.linkedin.com/jobs/view/d%C3%A9veloppeur-python-d%C3%A9veloppeuse-python-at-qim-info-4383551383,2026-04-02T10:58:24.751337+00:00
0,Python Developer | Switzerland,linkedin,Python Software Engineer - Digital Assets,IMC Trading,"Zug, Switzerland",On-site,Full-time,Python,,English,,,Recent,https://ch.linkedin.com/jobs/view/python-software-engineer-digital-assets-at-imc-trading-4308011222,2026-04-02T10:58:24.751651+00:00
0,Python Developer | Switzerland,linkedin,Fullstack Software Developer,OK JOB SA,"Neuchâtel, Neuchâtel, Switzerland",On-site,Full-time,,,English,,,Recent,https://ch.linkedin.com/jobs/view/fullstack-software-developer-at-ok-job-sa-4392397744,2026-04-02T10:58:24.751805+00:00
0,Python Developer | Remote,linkedin,Python Developer Remote,Mercor,Germany,Remote,Full-time,Python,,English,,,Recent,https://de.linkedin.com/jobs/view/python-developer-remote-at-mercor-4389473660,2026-04-02T10:58:27.248767+00:00
0,Python Developer | Remote,linkedin,Python Software Engineer,Jobgether,Germany,Remote,Full-time,Python,,English,,,Recent,https://de.linkedin.com/jobs/view/python-software-engineer-at-jobgether-4390491166,2026-04-02T10:58:27.248910+00:00
0,Python Developer | Remote,linkedin,Backend Developer (m/f/d),AllCloud,Germany,Remote,Full-time,,,English,,,Recent,https://de.linkedin.com/jobs/view/backend-developer-m-f-d-at-allcloud-4338908583,2026-04-02T10:58:27.249076+00:00
0,Python Developer | Slovakia,linkedin,Python Software Developer,Nokia,"Bratislava, Bratislava, Slovakia",On-site,Full-time,Python,,English,,,Recent,https://sk.linkedin.com/jobs/view/python-software-developer-at-nokia-4289894545,2026-04-02T10:58:29.584072+00:00
0,Python Developer | Slovakia,linkedin,Software Engineer - Python,Legend,"Bratislava, Bratislava, Slovakia",On-site,Full-time,Python,,English,,,Recent,https://sk.linkedin.com/jobs/view/software-engineer-python-at-legend-4371203262,2026-04-02T10:58:29.584263+00:00
0,Python Developer | Slovakia,linkedin,Python Software Engineer,ESET,"Bratislava, Bratislava, Slovakia",On-site,Full-time,Python,,English,,,Recent,https://sk.linkedin.com/jobs/view/python-software-engineer-at-eset-4385085021,2026-04-02T10:58:29.584424+00:00
0,Python Developer | Slovakia,linkedin,"Junior AI Engineer – Python, GenAI & Machine Learning (m/f)",PwC Slovakia,"Bratislava, Bratislava, Slovakia",On-site,Full-time,Python,"Junior, Machine Learning",English,,,Recent,https://sk.linkedin.com/jobs/view/junior-ai-engineer-%E2%80%93-python-genai-machine-learning-m-f-at-pwc-slovakia-4328270572,2026-04-02T10:58:29.584576+00:00
0,Python Developer | Slovakia,linkedin,Python Software Engineer,ESET,"Bratislava, Bratislava, Slovakia",On-site,Full-time,Python,,English,,,Recent,https://sk.linkedin.com/jobs/view/python-software-engineer-at-eset-4292497215,2026-04-02T10:58:29.584741+00:00
0,Python Developer | Slovakia,linkedin,Python Developer – meteorologické modelovanie,MicroStep-MIS,"Bratislava, Bratislava, Slovakia",On-site,Full-time,Python,,English,,,Recent,https://sk.linkedin.com/jobs/view/python-developer-%E2%80%93-meteorologick%C3%A9-modelovanie-at-microstep-mis-4383552379,2026-04-02T10:58:29.584898+00:00
0,Python Developer | Slovakia,linkedin,"Junior AI Engineer – Python, GenAI & Machine Learning (m/f)",PwC Slovakia,"Košice, Kosice, Slovakia",On-site,Full-time,Python,"Junior, Machine Learning",English,,,Recent,https://sk.linkedin.com/jobs/view/junior-ai-engineer-%E2%80%93-python-genai-machine-learning-m-f-at-pwc-slovakia-4328290382,2026-04-02T10:58:29.585078+00:00
0,Python Developer | Slovakia,linkedin,Software Engineer - Python - Cloud - graduate level,Canonical,"Bratislava, Bratislava, Slovakia",On-site,Full-time,Python,Graduate,English,,,Recent,https://sk.linkedin.com/jobs/view/software-engineer-python-cloud-graduate-level-at-canonical-4389952662,2026-04-02T10:58:29.585250+00:00
0,Python Developer | Slovakia,linkedin,Python Engineer,Swiss Re,"Bratislava, Bratislava, Slovakia",On-site,Full-time,Python,,English,,,Recent,https://sk.linkedin.com/jobs/view/python-engineer-at-swiss-re-4325749432,2026-04-02T10:58:29.585409+00:00
0,Python Developer | Slovakia,linkedin,"AI Engineer – Python, GenAI & Machine Learning (m/f)",PwC Slovakia,"Bratislava, Bratislava, Slovakia",On-site,Full-time,Python,Machine Learning,English,,,Recent,https://sk.linkedin.com/jobs/view/ai-engineer-%E2%80%93-python-genai-machine-learning-m-f-at-pwc-slovakia-4315741635,2026-04-02T10:58:29.585559+00:00
0,Python Developer | Czech Republic,linkedin,DESARROLLADOR BACK-END (QIK),Banco Popular Dominicano,"Santo Domingo, Distrito Nacional, Dominican Republic",On-site,Full-time,,,English,,,Recent,https://do.linkedin.com/jobs/view/desarrollador-back-end-qik-at-banco-popular-dominicano-4387989552,2026-04-02T10:58:31.964633+00:00
0,Python Developer | Czech Republic,linkedin,Sr. Full Stack Engineer (Angular/Java/Typescript) - SaaS,Truelogic Software,Dominican Republic,On-site,Full-time,"Java, Typescript",Angular,English,,,Recent,https://do.linkedin.com/jobs/view/sr-full-stack-engineer-angular-java-typescript-saas-at-truelogic-software-4392989730,2026-04-02T10:58:31.964829+00:00
0,Python Developer | Czech Republic,linkedin,Web Developer Junior (WordPress / Elementor) – Full Time,Every Corner Connect,"Santo Domingo, Distrito Nacional, Dominican Republic",On-site,Full-time,,Junior,English,,,Recent,https://do.linkedin.com/jobs/view/web-developer-junior-wordpress-elementor-%E2%80%93-full-time-at-every-corner-connect-4389906520,2026-04-02T10:58:31.964996+00:00
0,Python Developer | Czech Republic,linkedin,Líder Desarrollador Back-End,Banco Popular Dominicano,"Santo Domingo, Distrito Nacional, Dominican Republic",On-site,Full-time,,,English,,,Recent,https://do.linkedin.com/jobs/view/l%C3%ADder-desarrollador-back-end-at-banco-popular-dominicano-4392678000,2026-04-02T10:58:31.965192+00:00
0,Python Developer | Czech Republic,linkedin,Back End Developer,SmartEnergy.com,"Santo Domingo, Distrito Nacional, Dominican Republic",On-site,Full-time,,,English,,,Recent,https://do.linkedin.com/jobs/view/back-end-developer-at-smartenergy-com-4387880600,2026-04-02T10:58:31.965353+00:00
0,Python Developer | Czech Republic,linkedin,AI/ML Engineer,Perform,Dominican Republic,On-site,Full-time,,,English,,,Recent,https://do.linkedin.com/jobs/view/ai-ml-engineer-at-perform-4344260713,2026-04-02T10:58:31.965511+00:00
0,Python Developer | Czech Republic,linkedin,"Full Stack Software Engineer for AI Training (Remote, Flexible, 100+ openings)",Braintrust,Dominican Republic,Remote,Full-time,,,English,,,Recent,https://do.linkedin.com/jobs/view/full-stack-software-engineer-for-ai-training-remote-flexible-100%2B-openings-at-braintrust-4387238624,2026-04-02T10:58:31.965667+00:00
0,Python Developer | Czech Republic,linkedin,"Full Stack Software Engineer - React, Next, Node / Remote LATAM",Zarego,"Santo Domingo, Distrito Nacional, Dominican Republic",Remote,Full-time,,React,English,,,Recent,https://do.linkedin.com/jobs/view/full-stack-software-engineer-react-next-node-remote-latam-at-zarego-4391927261,2026-04-02T10:58:31.965822+00:00
0,Python Developer | Poland,linkedin,Software Engineer (Python) - AI Platform,Revolut,Poland,On-site,Full-time,Python,,English,,,Recent,https://pl.linkedin.com/jobs/view/software-engineer-python-ai-platform-at-revolut-4250500721,2026-04-02T10:58:34.393700+00:00
0,Python Developer | Poland,linkedin,Python Fullstack Developer,Ework Group,Warsaw Metropolitan Area,On-site,Full-time,Python,,English,,,Recent,https://pl.linkedin.com/jobs/view/python-fullstack-developer-at-ework-group-4381473986,2026-04-02T10:58:34.394082+00:00
0,Python Developer | Poland,linkedin,Software Engineer (4/5) — Developer Platform,Netflix,"Warsaw, Mazowieckie, Poland",On-site,Full-time,,,English,,,Recent,https://pl.linkedin.com/jobs/view/software-engineer-4-5-%E2%80%94-developer-platform-at-netflix-4193468200,2026-04-02T10:58:34.394245+00:00
0,Python Developer | Poland,linkedin,Python Engineer,GRAI,"Warsaw, Mazowieckie, Poland",On-site,Full-time,Python,,English,,,Recent,https://pl.linkedin.com/jobs/view/python-engineer-at-grai-4391894867,2026-04-02T10:58:34.394416+00:00
0,Python Developer | Poland,linkedin,Python Developer,IT Factory,"Warsaw, Mazowieckie, Poland",On-site,Full-time,Python,,English,,,Recent,https://pl.linkedin.com/jobs/view/python-developer-at-it-factory-4393297158,2026-04-02T10:58:34.394576+00:00
0,Python Developer | Poland,linkedin,"Software Engineer (Python) - Relocation to Poland, Spain, or UAE",Revolut,Poland,On-site,Full-time,Python,,English,,,Recent,https://pl.linkedin.com/jobs/view/software-engineer-python-relocation-to-poland-spain-or-uae-at-revolut-4372826534,2026-04-02T10:58:34.394727+00:00
0,Python Developer | Poland,linkedin,Python Engineer - Freelance (Hybrid work in Warsaw),Netguru,Poland,Hybrid,Contract,Python,,English,,,Recent,https://pl.linkedin.com/jobs/view/python-engineer-freelance-hybrid-work-in-warsaw-at-netguru-4392910362,2026-04-02T10:58:34.395211+00:00
0,Python Developer | USA,linkedin,Python Developer,Infosys,"Jersey City, NJ",On-site,Full-time,Python,,English,,,Recent,https://www.linkedin.com/jobs/view/python-developer-at-infosys-4395872445,2026-04-02T10:58:36.864113+00:00
0,Python Developer | USA,linkedin,Freelance Data Science Engineer (Python & SQL),Mindrift,"Texas, United States",On-site,Contract,Python,"Data Science, Sql",English,,,Recent,https://www.linkedin.com/jobs/view/freelance-data-science-engineer-python-sql-at-mindrift-4393510381,2026-04-02T10:58:36.864298+00:00
0,Python Developer | USA,linkedin,Freelance Data Science Engineer (Python & SQL),Mindrift,"Minnesota, United States",On-site,Contract,Python,"Data Science, Sql",English,,,Recent,https://www.linkedin.com/jobs/view/freelance-data-science-engineer-python-sql-at-mindrift-4393514276,2026-04-02T10:58:36.864461+00:00
0,Python Developer | USA,linkedin,Freelance Data Science Engineer (Python & SQL),Mindrift,"Michigan, United States",On-site,Contract,Python,"Data Science, Sql",English,,,Recent,https://www.linkedin.com/jobs/view/freelance-data-science-engineer-python-sql-at-mindrift-4393521078,2026-04-02T10:58:36.864771+00:00
0,Python Developer | USA,linkedin,Freelance Data Science Engineer (Python & SQL),Mindrift,"Alabama, United States",On-site,Contract,Python,"Data Science, Sql",English,,,Recent,https://www.linkedin.com/jobs/view/freelance-data-science-engineer-python-sql-at-mindrift-4393500834,2026-04-02T10:58:36.864923+00:00
0,Python Developer | USA,linkedin,Robotics Software Engineer (Python),US Tech Solutions,"Ankeny, IA",On-site,Full-time,Python,,English,,,Recent,https://www.linkedin.com/jobs/view/robotics-software-engineer-python-at-us-tech-solutions-4392440346,2026-04-02T10:58:36.865097+00:00
0,Python Developer | USA,linkedin,Software Developer – Python & DevOps,KSM Technology Partners,"Audubon, PA",Hybrid,Contract,"Ci/Cd, Java, Python, Unit Testing","Scrum, Aws, Agile, Gcp, Azure, Flask, React, Github, Devops, Kubernetes",English,,,Recent,https://www.linkedin.com/jobs/view/software-developer-%E2%80%93-python-devops-at-ksm-technology-partners-4389767335,2026-04-02T10:58:36.865253+00:00
0,Python Developer | USA,linkedin,Freelance Data Science Engineer (Python & SQL),Mindrift,"Kentucky, United States",On-site,Contract,Python,"Data Science, Sql",English,,,Recent,https://www.linkedin.com/jobs/view/freelance-data-science-engineer-python-sql-at-mindrift-4393507470,2026-04-02T10:58:36.865412+00:00
0,Python Developer | USA,linkedin,Freelance Data Science Engineer (Python & SQL),Mindrift,"Arizona, United States",On-site,Contract,Python,"Data Science, Sql",English,,,Recent,https://www.linkedin.com/jobs/view/freelance-data-science-engineer-python-sql-at-mindrift-4393523012,2026-04-02T10:58:36.865563+00:00
0,Python Developer | United Kingdom,linkedin,Software Engineer (Python) - AI Platform,Revolut,United Kingdom,On-site,Full-time,Python,,English,,,Recent,https://uk.linkedin.com/jobs/view/software-engineer-python-ai-platform-at-revolut-4250197984,2026-04-02T10:58:39.343355+00:00
0,Python Developer | United Kingdom,linkedin,Freelance Data Science Engineer (Python & SQL),Mindrift,United Kingdom,On-site,Contract,Python,"Data Science, Sql",English,,,Recent,https://uk.linkedin.com/jobs/view/freelance-data-science-engineer-python-sql-at-mindrift-4393523018,2026-04-02T10:58:39.343547+00:00
0,Python Developer | United Kingdom,linkedin,Python Software Engineer – Up to £120K + Bonus & Benefits – London (Flexible Working),Hunter Bond,"London Area, United Kingdom",On-site,Full-time,Python,,English,,,Recent,https://uk.linkedin.com/jobs/view/python-software-engineer-%E2%80%93-up-to-%C2%A3120k-%2B-bonus-benefits-%E2%80%93-london-flexible-working-at-hunter-bond-4395882151,2026-04-02T10:58:39.343714+00:00
0,Python Developer | United Kingdom,linkedin,Freelance Data Science Engineer (Python & SQL),Mindrift,"Glasgow, Scotland, United Kingdom",On-site,Contract,Python,"Data Science, Sql",English,,,Recent,https://uk.linkedin.com/jobs/view/freelance-data-science-engineer-python-sql-at-mindrift-4393514283,2026-04-02T10:58:39.343887+00:00
0,Python Developer | United Kingdom,linkedin,Python Developer,Runtime Group Ltd,"London Area, United Kingdom",On-site,Full-time,Python,,English,,,Recent,https://uk.linkedin.com/jobs/view/python-developer-at-runtime-group-ltd-4393286664,2026-04-02T10:58:39.344056+00:00
0,Python Developer | United Kingdom,linkedin,Python Software Engineer – Quantitative Hedge Fund : £120-180k,Hunter Bond,"London Area, United Kingdom",On-site,Full-time,Python,,English,,,Recent,https://uk.linkedin.com/jobs/view/python-software-engineer-%E2%80%93-quantitative-hedge-fund-%C2%A3120-180k-at-hunter-bond-4395872613,2026-04-02T10:58:39.344376+00:00
0,Python Developer | United Kingdom,linkedin,Freelance Data Science Engineer (Python & SQL),Mindrift,"London, England, United Kingdom",On-site,Contract,Python,"Data Science, Sql",English,,,Recent,https://uk.linkedin.com/jobs/view/freelance-data-science-engineer-python-sql-at-mindrift-4393509479,2026-04-02T10:58:39.344534+00:00
0,Python Developer | United Kingdom,linkedin,Python Software Engineer – Up to £150K + Bonus & Benefits – London,Hunter Bond,"London Area, United Kingdom",On-site,Full-time,Python,,English,,,Recent,https://uk.linkedin.com/jobs/view/python-software-engineer-%E2%80%93-up-to-%C2%A3150k-%2B-bonus-benefits-%E2%80%93-london-at-hunter-bond-4395881310,2026-04-02T10:58:39.344690+00:00
0,Python Developer | United Kingdom,linkedin,Python Software Engineer,Prima,"London, England, United Kingdom",On-site,Full-time,Python,,English,,,Recent,https://uk.linkedin.com/jobs/view/python-software-engineer-at-prima-4149696449,2026-04-02T10:58:39.344846+00:00
0,Python Test | Austria,linkedin,Quality Engineer (m/w/d),Vusion,"Fernitz-Mellach, Styria, Austria",On-site,Full-time,,,English,,,Recent,https://at.linkedin.com/jobs/view/quality-engineer-m-w-d-at-vusion-4380690033,2026-04-02T10:58:44.146561+00:00
0,Python Test | Austria,linkedin,Softwaretester (d/w/m),hello again,"Leonding, Upper Austria, Austria",Remote,Internship,"Javascript, Python, Selenium, Test Automation","R, Appium, Scrum, Bdd, Agile, Kanban, React",German,,,Recent,https://at.linkedin.com/jobs/view/softwaretester-d-w-m-at-hello-again-4396649547,2026-04-02T10:58:44.147425+00:00
0,Python Test | Remote,linkedin,Software Test Engineer (m/w/d) mit Karriereambitionen,Auralis Group,Germany,Remote,Full-time,,,German,,,Recent,https://de.linkedin.com/jobs/view/software-test-engineer-m-w-d-mit-karriereambitionen-at-auralis-group-4386665244,2026-04-02T10:58:48.850969+00:00
0,Python Test | Slovakia,linkedin,Quality Assurance Automation Engineer,Billdu,"Bratislava, Bratislava, Slovakia",On-site,Full-time,,,English,,,Recent,https://sk.linkedin.com/jobs/view/quality-assurance-automation-engineer-at-billdu-4387888986,2026-04-02T10:58:51.186895+00:00
0,Python Test | Slovakia,linkedin,SW Test engineer (automation),ESET,"Bratislava, Bratislava, Slovakia",On-site,Full-time,,,English,,,Recent,https://sk.linkedin.com/jobs/view/sw-test-engineer-automation-at-eset-4382568751,2026-04-02T10:58:51.187065+00:00
0,Python Test | Czech Republic,linkedin,Trainee in Application Lab,STMicroelectronics,"Batey 8, Independencia Province, Dominican Republic",On-site,Full-time,,Trainee,English,,,Recent,https://do.linkedin.com/jobs/view/trainee-in-application-lab-at-stmicroelectronics-4377848452,2026-04-02T10:58:53.573447+00:00
0,Python Test | Czech Republic,linkedin,Sr. SDET (Gaming Industry),Perform,Dominican Republic,On-site,Full-time,,,English,,,Recent,https://do.linkedin.com/jobs/view/sr-sdet-gaming-industry-at-perform-4362287427,2026-04-02T10:58:53.573604+00:00
0,Python Test | Czech Republic,linkedin,QA Automation Developer / R + D - Remote Work,BairesDev,"Santo Domingo, Dominican Republic",Remote,Full-time,,R,English,,,Recent,https://do.linkedin.com/jobs/view/qa-automation-developer-r-%2B-d-remote-work-at-bairesdev-4391883234,2026-04-02T10:58:53.573911+00:00
0,Python Test | Czech Republic,linkedin,Manufacturing Engineer I,Nissha Medical Technologies,Dominican Republic,On-site,Full-time,,,English,,,Recent,https://do.linkedin.com/jobs/view/manufacturing-engineer-i-at-nissha-medical-technologies-4383889059,2026-04-02T10:58:53.574235+00:00
0,Python Test | Czech Republic,linkedin,Quality Engineer III,Nissha Medical Technologies,Dominican Republic,On-site,Full-time,,,English,,,Recent,https://do.linkedin.com/jobs/view/quality-engineer-iii-at-nissha-medical-technologies-4388364407,2026-04-02T10:58:53.574533+00:00
0,Python Test | Poland,linkedin,Intermediate Test Engineer Automation (Python) - OP02085,Dev.Pro,"Wrocław, Dolnośląskie, Poland",On-site,Full-time,Python,,English,,,Recent,https://pl.linkedin.com/jobs/view/intermediate-test-engineer-automation-python-op02085-at-dev-pro-4390325844,2026-04-02T10:58:55.943002+00:00
0,Python Test | Poland,linkedin,Junior QA Engineer (Automation) – Remote,Indivd,Poland,Remote,Full-time,,Junior,English,,,Recent,https://pl.linkedin.com/jobs/view/junior-qa-engineer-automation-%E2%80%93-remote-at-indivd-4379444416,2026-04-02T10:58:55.943505+00:00
0,Python Test | USA,linkedin,Quality Assurance Automation Engineer,Persistent Systems,"Charlotte, NC",On-site,Full-time,,,English,,,Recent,https://www.linkedin.com/jobs/view/quality-assurance-automation-engineer-at-persistent-systems-4391942503,2026-04-02T10:58:58.492165+00:00
0,Python Test | USA,linkedin,Software Quality Engineer I,Abbott,"Los Angeles, CA",On-site,Full-time,,,English,,,Recent,https://www.linkedin.com/jobs/view/software-quality-engineer-i-at-abbott-4394989246,2026-04-02T10:58:58.492334+00:00
0,Python Test | USA,linkedin,QA Manual Test Engineer,Premier Group,United States,On-site,Full-time,,,English,,,Recent,https://www.linkedin.com/jobs/view/qa-manual-test-engineer-at-premier-group-4393961122,2026-04-02T10:58:58.492491+00:00
0,Python Test | USA,linkedin,QA Automation Engineer,Brandt Information Services,United States,On-site,Full-time,,,English,,,Recent,https://www.linkedin.com/jobs/view/qa-automation-engineer-at-brandt-information-services-4391726175,2026-04-02T10:58:58.492644+00:00
0,Python Test | USA,linkedin,Associate Software QA Engineer,DigiCert,"Lehi, UT",On-site,Full-time,,Associate,English,,,Recent,https://www.linkedin.com/jobs/view/associate-software-qa-engineer-at-digicert-4392878646,2026-04-02T10:58:58.492797+00:00
0,Python Test | USA,linkedin,QA Test Engineer,Lumafield,"San Francisco, CA",On-site,Full-time,,,English,,,Recent,https://www.linkedin.com/jobs/view/qa-test-engineer-at-lumafield-4374308517,2026-04-02T10:58:58.492946+00:00
0,Python Test | USA,linkedin,Quality Assurance Engineer,Enexus Global Inc.,"Fremont, CA",On-site,Full-time,,,English,,,Recent,https://www.linkedin.com/jobs/view/quality-assurance-engineer-at-enexus-global-inc-4392471189,2026-04-02T10:58:58.493120+00:00
0,Python Test | United Kingdom,linkedin,Quality Assurance Automation Engineer,develop,"Newcastle Upon Tyne, England, United Kingdom",On-site,Full-time,,,English,,,Recent,https://uk.linkedin.com/jobs/view/quality-assurance-automation-engineer-at-develop-4383098142,2026-04-02T10:59:00.947065+00:00
0,Firmware Engineer | Germany,linkedin,C++ Software Engineer,develop,"Mannheim, Baden-Württemberg, Germany",On-site,Full-time,"C, C++",,English,,,Recent,https://de.linkedin.com/jobs/view/c%2B%2B-software-engineer-at-develop-4392544764,2026-04-02T10:59:03.326586+00:00
0,Firmware Engineer | Germany,linkedin,C++ Software Engineer,develop,"Karlsruhe, Baden-Württemberg, Germany",On-site,Full-time,"C, C++",,English,,,Recent,https://de.linkedin.com/jobs/view/c%2B%2B-software-engineer-at-develop-4392538982,2026-04-02T10:59:03.326939+00:00
0,Firmware Engineer | Germany,linkedin,Software Embedded Engineer,Corsair,"Landshut, Bavaria, Germany",On-site,Full-time,,,English,,,Recent,https://de.linkedin.com/jobs/view/software-embedded-engineer-at-corsair-4351784200,2026-04-02T10:59:03.327123+00:00
0,Firmware Engineer | Germany,linkedin,Embedded Software-Entwickler (m/w/d),Bytec Medizintechnik GmbH,"Eschweiler, North Rhine-Westphalia, Germany",On-site,Full-time,,,English,,,Recent,https://de.linkedin.com/jobs/view/embedded-software-entwickler-m-w-d-at-bytec-medizintechnik-gmbh-4386111911,2026-04-02T10:59:03.327281+00:00
0,Firmware Engineer | Germany,linkedin,Embedded Softwareentwickler (w/m/d),KISTERS Group,"Aachen, North Rhine-Westphalia, Germany",On-site,Full-time,,,English,,,Recent,https://de.linkedin.com/jobs/view/embedded-softwareentwickler-w-m-d-at-kisters-group-4392525864,2026-04-02T10:59:03.327595+00:00
0,Firmware Engineer | Germany,linkedin,Embedded Software Engineer (m/f/d),Novanta Inc.,"Berlin, Berlin, Germany",On-site,Full-time,,,English,,,Recent,https://de.linkedin.com/jobs/view/embedded-software-engineer-m-f-d-at-novanta-inc-4385674990,2026-04-02T10:59:03.327749+00:00
0,Firmware Engineer | Germany,linkedin,Embedded Software Developer - Freelance / Teilzeit / Nebenberuflich Selbständig,Software Engineering Weber GmbH,"Kempten, Bavaria, Germany",On-site,Contract,,,English,,,Recent,https://de.linkedin.com/jobs/view/embedded-software-developer-freelance-teilzeit-nebenberuflich-selbst%C3%A4ndig-at-software-engineering-weber-gmbh-4384462636,2026-04-02T10:59:03.328069+00:00
0,Firmware Engineer | Austria,linkedin,Firmware Engineer (m/f/d),EVK,"Raaba, Styria, Austria",On-site,Full-time,Firmware,,English,,,Recent,https://at.linkedin.com/jobs/view/firmware-engineer-m-f-d-at-evk-4390162635,2026-04-02T10:59:05.669810+00:00
0,Firmware Engineer | Austria,linkedin,Firmware Engineer (m/w/d),EVK,"Raaba, Styria, Austria",On-site,Full-time,Firmware,,English,,,Recent,https://at.linkedin.com/jobs/view/firmware-engineer-m-w-d-at-evk-4390001759,2026-04-02T10:59:05.669997+00:00
0,Firmware Engineer | Austria,linkedin,C++ Embedded Software Engineer (ESP32) (m/f/x),go-e,Greater Graz,On-site,Full-time,"C, C++, Go",Esp32,English,,,Recent,https://at.linkedin.com/jobs/view/c%2B%2B-embedded-software-engineer-esp32-m-f-x-at-go-e-4387415157,2026-04-02T10:59:05.670181+00:00
0,Firmware Engineer | Austria,linkedin,"Embedded Engineer, Camera",Snap Inc.,"Vienna, Austria",On-site,Full-time,,,English,,,Recent,https://at.linkedin.com/jobs/view/embedded-engineer-camera-at-snap-inc-4388925028,2026-04-02T10:59:05.670338+00:00
0,Firmware Engineer | Austria,linkedin,Embedded Software Engineer (full-time)  (f/m/d),TriLite Technologies,"Vienna, Vienna, Austria",On-site,Full-time,,,English,,,Recent,https://at.linkedin.com/jobs/view/embedded-software-engineer-full-time-f-m-d-at-trilite-technologies-4385036296,2026-04-02T10:59:05.670487+00:00
0,Firmware Engineer | Austria,linkedin,"Embedded Engineer, Camera",Snap Inc.,"Vienna, Vienna, Austria",On-site,Full-time,,,English,,,Recent,https://at.linkedin.com/jobs/view/embedded-engineer-camera-at-snap-inc-4343180012,2026-04-02T10:59:05.671124+00:00
0,Firmware Engineer | Austria,linkedin,Embedded Systems Engineer @ DEWETRON GmbH,DEVjobs,"Graz, Styria, Austria",On-site,Full-time,Embedded Systems,,English,,,Recent,https://at.linkedin.com/jobs/view/embedded-systems-engineer-%40-dewetron-gmbh-at-devjobs-4392195227,2026-04-02T10:59:05.671274+00:00
0,Firmware Engineer | Switzerland,linkedin,Embedded Software Engineer – e-Bike Systems,Specialized Bicycle Components,"Cham, Zug, Switzerland",On-site,Full-time,,,English,,,Recent,https://ch.linkedin.com/jobs/view/embedded-software-engineer-%E2%80%93-e-bike-systems-at-specialized-bicycle-components-4249261377,2026-04-02T10:59:08.023108+00:00
0,Firmware Engineer | Switzerland,linkedin,Junior Software Engineer Low Latency Trading,Digital Wave Finance AG,"Zug, Zug, Switzerland",On-site,Full-time,,Junior,English,,,Recent,https://ch.linkedin.com/jobs/view/junior-software-engineer-low-latency-trading-at-digital-wave-finance-ag-4386311276,2026-04-02T10:59:08.023307+00:00
0,Firmware Engineer | Switzerland,linkedin,Embedded Engineer,NielsenIQ,"Kriegstetten, Solothurn, Switzerland",On-site,Full-time,,,English,,,Recent,https://ch.linkedin.com/jobs/view/embedded-engineer-at-nielseniq-4382425033,2026-04-02T10:59:08.023475+00:00
0,Firmware Engineer | Switzerland,linkedin,Embedded Systems Engineer (EP-LCB-2026-89-GRAE),CERN,"Geneva, Geneva, Switzerland",On-site,Full-time,Embedded Systems,,English,,,Recent,https://ch.linkedin.com/jobs/view/embedded-systems-engineer-ep-lcb-2026-89-grae-at-cern-4389187198,2026-04-02T10:59:08.023633+00:00
0,Firmware Engineer | Switzerland,linkedin,Embedded Software Engineer,Parker Hannifin,"Fribourg, Fribourg, Switzerland",On-site,Full-time,,,English,,,Recent,https://ch.linkedin.com/jobs/view/embedded-software-engineer-at-parker-hannifin-4393950140,2026-04-02T10:59:08.023789+00:00
0,Firmware Engineer | Switzerland,linkedin,Embedded Firmware Design Engineer 80-100% (m/w/d),QUMEA,"Solothurn, Solothurn, Switzerland",Remote,Full-time,Firmware,,English,,,Recent,https://ch.linkedin.com/jobs/view/embedded-firmware-design-engineer-80-100%25-m-w-d-at-qumea-4385473420,2026-04-02T10:59:08.023945+00:00
0,Firmware Engineer | Switzerland,linkedin,Junior Embedded Software Engineer (C/C++) (m/w/d),Cicor Group,"Bronschhofen, St Gallen, Switzerland",On-site,Full-time,"C, C++",Junior,English,,,Recent,https://ch.linkedin.com/jobs/view/junior-embedded-software-engineer-c-c%2B%2B-m-w-d-at-cicor-group-4389452944,2026-04-02T10:59:08.024142+00:00
0,Firmware Engineer | Switzerland,linkedin,Firmware Developer Microcontrollers,SII Group Switzerland,"Berne, Switzerland",On-site,Full-time,Firmware,,English,,,Recent,https://ch.linkedin.com/jobs/view/firmware-developer-microcontrollers-at-sii-group-switzerland-4396661718,2026-04-02T10:59:08.024300+00:00
0,Firmware Engineer | Switzerland,linkedin,"Software Engineer, Wireless and IoT",Cisco,"Écublens, Vaud, Switzerland",On-site,Full-time,,,English,,,Recent,https://ch.linkedin.com/jobs/view/software-engineer-wireless-and-iot-at-cisco-4367616184,2026-04-02T10:59:08.024602+00:00
0,Firmware Engineer | Remote,linkedin,Embedded Firmware Engineer (6-months limited contract),Bragi,Germany,Remote,Contract,Firmware,,English,,,Recent,https://de.linkedin.com/jobs/view/embedded-firmware-engineer-6-months-limited-contract-at-bragi-4381733845,2026-04-02T10:59:10.410868+00:00
0,Firmware Engineer | Remote,linkedin,Embedded Softwareentwickler (m/w/d),ICT Digital Solutions GmbH,Germany,Remote,Full-time,,,English,,,Recent,https://de.linkedin.com/jobs/view/embedded-softwareentwickler-m-w-d-at-ict-digital-solutions-gmbh-4383656322,2026-04-02T10:59:10.411087+00:00
0,Firmware Engineer | Remote,linkedin,Freelance Embedded Software Engineer,Vivid Resourcing,Germany,Remote,Contract,,,English,,,Recent,https://de.linkedin.com/jobs/view/freelance-embedded-software-engineer-at-vivid-resourcing-4383759739,2026-04-02T10:59:10.411422+00:00
0,Firmware Engineer | Remote,linkedin,Software Engineer (Backend focused),Pubgenius Inc.,"Berlin, Berlin, Germany",Remote,Full-time,,,English,,,Recent,https://de.linkedin.com/jobs/view/software-engineer-backend-focused-at-pubgenius-inc-4382987359,2026-04-02T10:59:10.411724+00:00
0,Firmware Engineer | Slovakia,linkedin,Software Engineer - Fully Remote,Mercor,Slovakia,Remote,Contract,"C, C++, Java, Javascript, Python",,English,,,Recent,https://sk.linkedin.com/jobs/view/software-engineer-fully-remote-at-mercor-4391176295,2026-04-02T10:59:12.787773+00:00
0,Firmware Engineer | Slovakia,linkedin,Software Engineer,Cisco,"Bratislava, Bratislava, Slovakia",Hybrid,Contract,"C, C++, Cursor, Java, Javascript, Python","Git, Devops, Node.Js, Microservices, Sql, Nosql",English,,,Recent,https://sk.linkedin.com/jobs/view/software-engineer-at-cisco-4369673005,2026-04-02T10:59:12.788107+00:00
0,Firmware Engineer | Slovakia,linkedin,Fresh Graduate - Software Engineer,Caterpillar Inc.,"Košice, Kosice, Slovakia",On-site,Contract,"Arm, Can, Java, Javascript, Typescript","Scrum, Angular, Aws, Graduate, Agile, Azure, React, Junior, Sql, Nosql",English,,,Recent,https://sk.linkedin.com/jobs/view/fresh-graduate-software-engineer-at-caterpillar-inc-4388377491,2026-04-02T10:59:12.788263+00:00
0,Firmware Engineer | Slovakia,linkedin,Java Software Engineer (Slovakia),Polystar | Elisa Industriq,"Bratislava, Bratislava, Slovakia",Remote,Internship,"Can, Java","Linux, Kubernetes",English,,,Recent,https://sk.linkedin.com/jobs/view/java-software-engineer-slovakia-at-polystar-elisa-industriq-4390601809,2026-04-02T10:59:12.788573+00:00
0,Firmware Engineer | Slovakia,linkedin,C++ Software engineer - ESET PROTECT on-prem,ESET,"Bratislava, Bratislava, Slovakia",On-site,Full-time,"C, C++, Can, Python, Rust, Unit Testing","Agile, Linux, Sql, Nosql",English,,,Recent,https://sk.linkedin.com/jobs/view/c%2B%2B-software-engineer-eset-protect-on-prem-at-eset-4380693947,2026-04-02T10:59:12.788722+00:00
0,Firmware Engineer | Czech Republic,linkedin,Software Engineer,Tata Communications,"Santo Domingo, Distrito Nacional, Dominican Republic",On-site,Internship,"Claude, Cursor, Unit Testing","Agile, Scrum, Sql",English,,,Recent,https://do.linkedin.com/jobs/view/software-engineer-at-tata-communications-4383373744,2026-04-02T10:59:15.168184+00:00
0,Firmware Engineer | Czech Republic,linkedin,Software Engineer,Mercor,Dominican Republic,On-site,Full-time,,,English,,,Recent,https://do.linkedin.com/jobs/view/software-engineer-at-mercor-4391157924,2026-04-02T10:59:15.168341+00:00
0,Firmware Engineer | Czech Republic,linkedin,Java Software Engineer,Mercor,Dominican Republic,On-site,Full-time,Java,,English,,,Recent,https://do.linkedin.com/jobs/view/java-software-engineer-at-mercor-4391163689,2026-04-02T10:59:15.168496+00:00
0,Firmware Engineer | Czech Republic,linkedin,"Software Development Engineer (Santo Domingo, DO)",Parking Network B.V.,"Santo Domingo, Distrito Nacional, Dominican Republic",On-site,Full-time,,,English,,,Recent,https://do.linkedin.com/jobs/view/software-development-engineer-santo-domingo-do-at-parking-network-b-v-4391712256,2026-04-02T10:59:15.168652+00:00
0,Firmware Engineer | Czech Republic,linkedin,Embedded Software Design Engineer - Black Boxes,Honeywell Aerospace Technologies,Dominican Republic,On-site,Full-time,,,English,,,Recent,https://do.linkedin.com/jobs/view/embedded-software-design-engineer-black-boxes-at-honeywell-aerospace-technologies-4394654383,2026-04-02T10:59:15.168963+00:00
0,Firmware Engineer | Poland,linkedin,"Software Engineer (Java) - Relocation to Poland, Spain, or UAE",Revolut,Poland,On-site,Full-time,Java,,English,,,Recent,https://pl.linkedin.com/jobs/view/software-engineer-java-relocation-to-poland-spain-or-uae-at-revolut-3845490363,2026-04-02T10:59:17.629697+00:00
0,Firmware Engineer | Poland,linkedin,Junior Software Engineer Low Latency Trading,Digital Wave Finance AG,"Warsaw, Mazowieckie, Poland",On-site,Full-time,,Junior,English,,,Recent,https://pl.linkedin.com/jobs/view/junior-software-engineer-low-latency-trading-at-digital-wave-finance-ag-4386310340,2026-04-02T10:59:17.630033+00:00
0,Firmware Engineer | Poland,linkedin,Software Backend Engineer,Logz.io,"Warsaw, Mazowieckie, Poland",On-site,Full-time,,,English,,,Recent,https://pl.linkedin.com/jobs/view/software-backend-engineer-at-logz-io-4395663493,2026-04-02T10:59:17.630223+00:00
0,Firmware Engineer | Poland,linkedin,Junior Software Engineer,Asana,"Warsaw, Mazowieckie, Poland",On-site,Full-time,,"Junior, Asana",English,,,Recent,https://pl.linkedin.com/jobs/view/junior-software-engineer-at-asana-4315919819,2026-04-02T10:59:17.630379+00:00
0,Firmware Engineer | Poland,linkedin,Embedded Software Engineer,Ascendion,"Kraków, Łódzkie, Poland",On-site,Full-time,,,English,,,Recent,https://pl.linkedin.com/jobs/view/embedded-software-engineer-at-ascendion-4393282701,2026-04-02T10:59:17.630533+00:00
0,Firmware Engineer | Poland,linkedin,Software Engineer (Android),Revolut,Poland,On-site,Full-time,,,English,,,Recent,https://pl.linkedin.com/jobs/view/software-engineer-android-at-revolut-4190975735,2026-04-02T10:59:17.630693+00:00
0,Firmware Engineer | Poland,linkedin,"Embedded Software Developer C++ (he/she) - Krakow, Poland",Astek,"Cracow, Małopolskie, Poland",On-site,Full-time,"C, C++",,English,,,Recent,https://pl.linkedin.com/jobs/view/embedded-software-developer-c%2B%2B-he-she-krakow-poland-at-astek-4395067240,2026-04-02T10:59:17.630846+00:00
0,Firmware Engineer | Poland,linkedin,Software Engineer - AI Platform,CaptivateIQ,Cracow Metropolitan Area,On-site,Full-time,,,English,,,Recent,https://pl.linkedin.com/jobs/view/software-engineer-ai-platform-at-captivateiq-4393211618,2026-04-02T10:59:17.631004+00:00
0,Firmware Engineer | USA,linkedin,Embedded Software Engineer,Meta,"New York, NY",On-site,Full-time,,,English,,,Recent,https://www.linkedin.com/jobs/view/embedded-software-engineer-at-meta-4301803390,2026-04-02T10:59:20.187699+00:00
0,Firmware Engineer | USA,linkedin,Software Engineer I,Sony Interactive Entertainment,Los Angeles Metropolitan Area,On-site,Full-time,,,English,,,Recent,https://www.linkedin.com/jobs/view/software-engineer-i-at-sony-interactive-entertainment-4395175124,2026-04-02T10:59:20.187889+00:00
0,Firmware Engineer | USA,linkedin,Embedded Software Engineer,Meta,"Burlingame, CA",On-site,Full-time,,,English,,,Recent,https://www.linkedin.com/jobs/view/embedded-software-engineer-at-meta-4301819047,2026-04-02T10:59:20.188073+00:00
0,Firmware Engineer | USA,linkedin,"Software Engineer, Rider",Lyft,"New York, NY",On-site,Full-time,,,English,,,Recent,https://www.linkedin.com/jobs/view/software-engineer-rider-at-lyft-4382127500,2026-04-02T10:59:20.188251+00:00
0,Firmware Engineer | USA,linkedin,Embedded Software Engineer,Meta,"Sunnyvale, CA",On-site,Full-time,,,English,,,Recent,https://www.linkedin.com/jobs/view/embedded-software-engineer-at-meta-4301499980,2026-04-02T10:59:20.188408+00:00
0,Firmware Engineer | USA,linkedin,Embedded Software Engineer,Meta,"Redmond, WA",On-site,Full-time,,,English,,,Recent,https://www.linkedin.com/jobs/view/embedded-software-engineer-at-meta-4301812138,2026-04-02T10:59:20.188565+00:00
0,Firmware Engineer | USA,linkedin,Embedded Software Engineer Intern,Nuro,"Mountain View, CA",On-site,Internship,,Intern,English,,,Recent,https://www.linkedin.com/jobs/view/embedded-software-engineer-intern-at-nuro-4360007303,2026-04-02T10:59:20.188716+00:00
0,Firmware Engineer | USA,linkedin,Embedded Software Engineer,Bose Corporation,"Binghamton, NY",On-site,Full-time,,,English,,,Recent,https://www.linkedin.com/jobs/view/embedded-software-engineer-at-bose-corporation-4378118478,2026-04-02T10:59:20.189033+00:00
0,Firmware Engineer | USA,linkedin,Embedded Software Engineer,Wing,"Palo Alto, CA",On-site,Full-time,,,English,,,Recent,https://www.linkedin.com/jobs/view/embedded-software-engineer-at-wing-4344488460,2026-04-02T10:59:20.189215+00:00
0,Firmware Engineer | United Kingdom,linkedin,Embedded Software Engineer,LEX Diagnostics,"Melbourn, England, United Kingdom",On-site,Full-time,,,English,,,Recent,https://uk.linkedin.com/jobs/view/embedded-software-engineer-at-lex-diagnostics-4390898021,2026-04-02T10:59:22.612352+00:00
0,Firmware Engineer | United Kingdom,linkedin,"Software Engineer, New Grad",Deliveroo,"London, England, United Kingdom",On-site,Full-time,,,English,,,Recent,https://uk.linkedin.com/jobs/view/software-engineer-new-grad-at-deliveroo-4379662791,2026-04-02T10:59:22.612539+00:00
0,Firmware Engineer | United Kingdom,linkedin,Embedded Software Engineer Intern (12 months),SLB,"Stonehouse, England, United Kingdom",On-site,Internship,,Intern,English,,,Recent,https://uk.linkedin.com/jobs/view/embedded-software-engineer-intern-12-months-at-slb-4383032783,2026-04-02T10:59:22.612700+00:00
0,Firmware Engineer | United Kingdom,linkedin,"Software Engineer, Product",Meta,"London, England, United Kingdom",On-site,Full-time,,,English,,,Recent,https://uk.linkedin.com/jobs/view/software-engineer-product-at-meta-4254318562,2026-04-02T10:59:22.612859+00:00
0,Firmware Engineer | United Kingdom,linkedin,Software Engineer - London,Zopa Bank,"London, England, United Kingdom",On-site,Full-time,,,English,,,Recent,https://uk.linkedin.com/jobs/view/software-engineer-london-at-zopa-bank-4036813631,2026-04-02T10:59:22.613008+00:00
0,Firmware Engineer | United Kingdom,linkedin,"Software Engineer, Infrastructure",Meta,United Kingdom,On-site,Full-time,,,English,,,Recent,https://uk.linkedin.com/jobs/view/software-engineer-infrastructure-at-meta-4254319485,2026-04-02T10:59:22.613187+00:00
0,Firmware Engineer | United Kingdom,linkedin,Junior Embedded Software Engineer,ghd,"Cambridgeshire, England, United Kingdom",On-site,Full-time,,Junior,English,,,Recent,https://uk.linkedin.com/jobs/view/junior-embedded-software-engineer-at-ghd-4389715710,2026-04-02T10:59:22.613345+00:00
0,Firmware Engineer | United Kingdom,linkedin,Embedded Software Engineer,Innovate,"London Area, United Kingdom",On-site,Full-time,,,English,,,Recent,https://uk.linkedin.com/jobs/view/embedded-software-engineer-at-innovate-4390322434,2026-04-02T10:59:22.613501+00:00
0,Firmware Engineer | United Kingdom,linkedin,Embedded Software Engineer,Belcan,"Portsmouth, England, United Kingdom",On-site,Full-time,,,English,,,Recent,https://uk.linkedin.com/jobs/view/embedded-software-engineer-at-belcan-4386850342,2026-04-02T10:59:22.613649+00:00
0,Firmware Engineer | United Kingdom,linkedin,Software Engineer (Android),Dojo,"London, England, United Kingdom",On-site,Full-time,,,English,,,Recent,https://uk.linkedin.com/jobs/view/software-engineer-android-at-dojo-4392406027,2026-04-02T10:59:22.613799+00:00
