relevance_score,search_criteria,provider,title,company,location,work_location_type,employment_type,matching_skills,missing_skills,detected_languages,matched_roles,salary_hint,posted_at_relative,link,scraped_at
29,Test Engineer | Switzerland,linkedin,"Software Engineer, Search Quality",Google,"Zurich, Zurich, Switzerland",On-site,Full-time,,,English,,,Recent,https://ch.linkedin.com/jobs/view/software-engineer-search-quality-at-google-4377718927,2026-03-05T10:37:43.549795+00:00
29,Testingenieur | Germany,linkedin,"Test Engineer (Ingolstadt, Automotive)",Intellias,"Ingolstadt, Bavaria, Germany",On-site,Full-time,,,English,,,Recent,https://de.linkedin.com/jobs/view/test-engineer-ingolstadt-automotive-at-intellias-4369202080,2026-03-05T10:38:00.399315+00:00
29,Testingenieur | USA,linkedin,Mechanical Testing Engineer,Google,"Mountain View, CA",On-site,Contract,Can,Assembly,English,,,Recent,https://www.linkedin.com/jobs/view/mechanical-testing-engineer-at-google-4371550470,2026-03-05T10:38:17.150776+00:00
29,Test Automation | Germany,linkedin,Test Automation Specialist,Intellias,"Ingolstadt, Bavaria, Germany",On-site,Full-time,Test Automation,,English,,,Recent,https://de.linkedin.com/jobs/view/test-automation-specialist-at-intellias-4371073208,2026-03-05T10:38:21.996641+00:00
29,Test Automation | USA,linkedin,Software QA Automation Engineer,Apple,"Cupertino, CA",On-site,Full-time,,,English,,,Recent,https://www.linkedin.com/jobs/view/software-qa-automation-engineer-at-apple-4377658214,2026-03-05T10:38:38.806485+00:00
29,Firmware Engineer | Austria,linkedin,"Software Development Engineer, Firmware",Apple,"Linz, Upper Austria, Austria",On-site,Full-time,Firmware,,English,,,Recent,https://at.linkedin.com/jobs/view/software-development-engineer-firmware-at-apple-4369118407,2026-03-05T10:39:29.199567+00:00
29,Firmware Engineer | Switzerland,linkedin,Embedded Software Developer 80-100%,Siemens,"Zug, Zug, Switzerland",Remote,Full-time,,,English,,,Recent,https://ch.linkedin.com/jobs/view/embedded-software-developer-80-100%25-at-siemens-4379458674,2026-03-05T10:39:31.585587+00:00
14,Tester | Germany,linkedin,Game QA Tester,welevel,"Munich, Bavaria, Germany",On-site,Internship,,"Senior, Lead, Regression Testing",English,"Lead, Senior",,Recent,https://de.linkedin.com/jobs/view/game-qa-tester-at-welevel-4371993029,2026-03-05T10:36:56.163945+00:00
14,Tester | Germany,linkedin,Software Test Engineer,Jefferson Wolfe Consulting,"Berlin, Germany",Hybrid,Contract,"Ci/Cd, Continuous Testing, Python, Robot Framework, Test Automation","R, Cucumber, Postman, Expert, Grafana, Docker, Testng, Gitlab Ci, Restassured, Prometheus",English,Expert,,Recent,https://de.linkedin.com/jobs/view/software-test-engineer-at-jefferson-wolfe-consulting-4379174895,2026-03-05T10:36:56.164093+00:00
14,Tester | Austria,linkedin,Software Tester/Test Engineer (m/w/d),SPAR ICS - Information & Communication Services,"Salzburg, Salzburg, Austria",Remote,Internship,"Ci/Cd, Playwright, Test Automation","R, Junior, Senior, Devops, Scrum",German,Senior,,Recent,https://at.linkedin.com/jobs/view/software-tester-test-engineer-m-w-d-at-spar-ics-information-communication-services-4373379029,2026-03-05T10:36:58.504972+00:00
14,Tester | Austria,linkedin,Quality Assurance Specialist (Software Tester) (m/f/d) - Freelancer,Roche,"Vienna, Vienna, Austria",Remote,Contract,Can,"Freelancer, Agile",English,Freelancer,,Recent,https://at.linkedin.com/jobs/view/quality-assurance-specialist-software-tester-m-f-d-freelancer-at-roche-4375047176,2026-03-05T10:36:58.505578+00:00
14,Tester | Austria,linkedin,Senior Software Tester*in (m/w/d),Value Dimensions Management Services GmbH,"Vienna, Vienna, Austria",On-site,Full-time,"Selenium, Test Automation","R, Sql, Senior, Php, Associate",German,Senior,,Recent,https://at.linkedin.com/jobs/view/senior-software-tester-in-m-w-d-at-value-dimensions-management-services-gmbh-4379556072,2026-03-05T10:36:58.505717+00:00
14,Tester | Austria,linkedin,Test Engineer (f/m/d),Hilti Austria Industrie GmbH,"Lanzenkirchen, Lower Austria, Austria",On-site,Contract,Can,"Lead, Safe",English,Lead,,Recent,https://at.linkedin.com/jobs/view/test-engineer-f-m-d-at-hilti-austria-industrie-gmbh-4363227484,2026-03-05T10:36:58.505862+00:00
14,Tester | Switzerland,linkedin,Senior Test Engineer,H55,"Sion, Valais, Switzerland",Hybrid,Contract,"Can, System Testing","Head Of, Assembly, Senior, Safe",English,Senior,,Recent,https://ch.linkedin.com/jobs/view/senior-test-engineer-at-h55-4375428762,2026-03-05T10:37:00.857742+00:00
14,Tester | Switzerland,linkedin,IT Business Consultant – Software Tester,Forty2 AG,"Lausanne, Vaud, Switzerland",On-site,Full-time,,Consultant,English,Consultant,,Recent,https://ch.linkedin.com/jobs/view/it-business-consultant-%E2%80%93-software-tester-at-forty2-ag-4377720142,2026-03-05T10:37:00.858489+00:00
14,Tester | Slovakia,linkedin,Senior Quality Assurance Tester,Avenga,"Bratislava, Slovakia",On-site,Full-time,,Senior,English,Senior,,Recent,https://sk.linkedin.com/jobs/view/senior-quality-assurance-tester-at-avenga-4359843321,2026-03-05T10:37:05.549046+00:00
14,Tester | Czech Republic,linkedin,Senior QA Engineer - ServiceNow (Test Automation) - Finance,Truelogic Software,Dominican Republic,On-site,Full-time,Test Automation,Senior,English,Senior,,Recent,https://do.linkedin.com/jobs/view/senior-qa-engineer-servicenow-test-automation-finance-at-truelogic-software-4371242203,2026-03-05T10:37:07.868034+00:00
14,Tester | Czech Republic,linkedin,Senior Industrialization Test Engineer,Eaton,"Santo Domingo, Distrito Nacional, Dominican Republic",On-site,Full-time,,Senior,English,Senior,,Recent,https://do.linkedin.com/jobs/view/senior-industrialization-test-engineer-at-eaton-4356700885,2026-03-05T10:37:07.868214+00:00
14,Tester | United Kingdom,linkedin,Senior Data Manual Tester,Solirius Reply,"London, England, United Kingdom",On-site,Full-time,,Senior,English,Senior,,Recent,https://uk.linkedin.com/jobs/view/senior-data-manual-tester-at-solirius-reply-4368654186,2026-03-05T10:37:15.195251+00:00
14,QA Engineer | Germany,linkedin,Senior Quality Assurance Engineer,SGI,"Berlin, Germany",On-site,Full-time,,Senior,English,Senior,,Recent,https://de.linkedin.com/jobs/view/senior-quality-assurance-engineer-at-sgi-4363260868,2026-03-05T10:37:17.544006+00:00
14,QA Engineer | Austria,linkedin,Senior Test Automation Engineer (m/w/d),Deutsche Telekom,"Fünfkirchen, Lower Austria, Austria",On-site,Full-time,Test Automation,Senior,English,Senior,,Recent,https://at.linkedin.com/jobs/view/senior-test-automation-engineer-m-w-d-at-deutsche-telekom-4376801923,2026-03-05T10:37:19.907803+00:00
14,QA Engineer | Slovakia,linkedin,Expert Quality Assurance (QA) Engineer,Qualco Group,"Bratislava, Bratislava, Slovakia",On-site,Full-time,,Expert,English,Expert,,Recent,https://sk.linkedin.com/jobs/view/expert-quality-assurance-qa-engineer-at-qualco-group-4381409824,2026-03-05T10:37:26.936858+00:00
14,QA Engineer | Slovakia,linkedin,Senior QA Engineer,NATEK,"Bratislava, Slovakia",On-site,Full-time,,Senior,English,Senior,,Recent,https://sk.linkedin.com/jobs/view/senior-qa-engineer-at-natek-4361805031,2026-03-05T10:37:26.937160+00:00
14,QA Engineer | Slovakia,linkedin,Senior QA Automation Engineer (E2E Test Automation Engineer),Deutsche Telekom IT Solutions Slovakia,"Košice-Juh, Kosice, Slovakia",On-site,Full-time,Test Automation,Senior,English,Senior,,Recent,https://sk.linkedin.com/jobs/view/senior-qa-automation-engineer-e2e-test-automation-engineer-at-deutsche-telekom-it-solutions-slovakia-4378638366,2026-03-05T10:37:26.937448+00:00
14,QA Engineer | Slovakia,linkedin,Senior Quality Assurance Engineer,NATEK,"Bratislava, Slovakia",On-site,Full-time,,Senior,English,Senior,,Recent,https://sk.linkedin.com/jobs/view/senior-quality-assurance-engineer-at-natek-4361075753,2026-03-05T10:37:26.937593+00:00
14,QA Engineer | Poland,linkedin,Senior/Lead QA,neXa,"Cracow, Małopolskie, Poland",On-site,Full-time,,"Senior, Lead",English,"Lead, Senior",,Recent,https://pl.linkedin.com/jobs/view/senior-lead-qa-at-nexa-4380314267,2026-03-05T10:37:31.654632+00:00
14,QA Engineer | USA,linkedin,Senior Quality Assurance Engineer,"TherapyNotes, LLC",United States,On-site,Full-time,,Senior,English,Senior,,Recent,https://www.linkedin.com/jobs/view/senior-quality-assurance-engineer-at-therapynotes-llc-4379189874,2026-03-05T10:37:34.057307+00:00
14,QA Engineer | USA,linkedin,Senior Quality Assurance Engineer,"TherapyNotes, LLC","Horsham, PA",On-site,Full-time,,Senior,English,Senior,,Recent,https://www.linkedin.com/jobs/view/senior-quality-assurance-engineer-at-therapynotes-llc-4379199377,2026-03-05T10:37:34.057448+00:00
14,Test Engineer | Austria,linkedin,Senior Python Engineer - Functional Testing Project via Mindrift,Mindrift,Austria,On-site,Contract,Python,Senior,English,Senior,,Recent,https://at.linkedin.com/jobs/view/senior-python-engineer-functional-testing-project-via-mindrift-at-mindrift-4380189554,2026-03-05T10:37:41.172271+00:00
14,Test Engineer | Austria,linkedin,"Senior Python Engineer - AI Testing Project (Freelance, Mindrift)",Mindrift,Austria,On-site,Contract,Python,Senior,English,Senior,,Recent,https://at.linkedin.com/jobs/view/senior-python-engineer-ai-testing-project-freelance-mindrift-at-mindrift-4380307581,2026-03-05T10:37:41.172412+00:00
14,Test Engineer | Remote,linkedin,Senior Python Engineer - Functional Testing Project via Mindrift,Mindrift,"Cologne, North Rhine-Westphalia, Germany",Remote,Contract,Python,Senior,English,Senior,,Recent,https://de.linkedin.com/jobs/view/senior-python-engineer-functional-testing-project-via-mindrift-at-mindrift-4380190604,2026-03-05T10:37:45.908766+00:00
14,Testingenieur | Austria,linkedin,Testmanager:in mit Erfahrung in Testautomatisierung (w/m/d),Flughafen Wien - Vienna Airport,"Schwechat, Lower Austria, Austria",On-site,Full-time,Test Automation,,German,Test Manager,,Recent,https://at.linkedin.com/jobs/view/testmanager-in-mit-erfahrung-in-testautomatisierung-w-m-d-at-flughafen-wien-vienna-airport-4373326709,2026-03-05T10:38:02.758710+00:00
14,Testingenieur | Slovakia,linkedin,Application Engineer ( Junior - Senior),Optotune,"Trnava, Trnava Region, Slovakia",On-site,Full-time,,"Junior, Senior",English,Senior,,Recent,https://sk.linkedin.com/jobs/view/application-engineer-junior-senior-at-optotune-4361781454,2026-03-05T10:38:09.845064+00:00
14,Testingenieur | USA,linkedin,Quality Assurance - Lead (Healthcare),Techstra Solutions,"Pittsburgh, PA",On-site,Full-time,,Lead,English,Lead,,Recent,https://www.linkedin.com/jobs/view/quality-assurance-lead-healthcare-at-techstra-solutions-4378546399,2026-03-05T10:38:17.150222+00:00
14,Testingenieur | USA,linkedin,Chief Test Engineer,"Cape Henry Associates, Acquired by JANUS Research Group","Aurora, CO",On-site,Contract,Can,"Expert, Lead, Express, Senior, Contractor",English,"Contractor, Expert, Lead, Senior",,Recent,https://www.linkedin.com/jobs/view/chief-test-engineer-at-cape-henry-associates-acquired-by-janus-research-group-4368738745,2026-03-05T10:38:17.150636+00:00
14,Testingenieur | USA,linkedin,Test Engineer,Tata Technologies,"Columbus, IN",On-site,Contract,,"Lead, Matlab",English,Lead,,Recent,https://www.linkedin.com/jobs/view/test-engineer-at-tata-technologies-4379928544,2026-03-05T10:38:17.151063+00:00
14,Testingenieur | United Kingdom,linkedin,Junior Test Engineer,Neat,"Cambridge, England, United Kingdom",Hybrid,Internship,"Can, Go, Playwright, Python, Selenium, Typescript","Regression Testing, Jira, Junior, Expert, Agile, Scrum, Manual Testing",English,Expert,,Recent,https://uk.linkedin.com/jobs/view/junior-test-engineer-at-neat-4378895012,2026-03-05T10:38:19.578520+00:00
14,Testingenieur | United Kingdom,linkedin,Test Engineer,BSI,"Hemel Hempstead, England, United Kingdom",On-site,Contract,Can,"Senior, Expert",English,"Expert, Senior",,Recent,https://uk.linkedin.com/jobs/view/test-engineer-at-bsi-4367290557,2026-03-05T10:38:19.578657+00:00
14,Testingenieur | United Kingdom,linkedin,Test Engineer - PPE,BSI,"Hemel Hempstead, England, United Kingdom",On-site,Contract,Can,"Senior, Expert",English,"Expert, Senior",,Recent,https://uk.linkedin.com/jobs/view/test-engineer-ppe-at-bsi-4372575424,2026-03-05T10:38:19.578928+00:00
14,Testingenieur | United Kingdom,linkedin,Test Engineer,Lorien,"Manchester, England, United Kingdom",Hybrid,Contract,,"Senior, Agile, Regression Testing, Jira",English,Senior,,Recent,https://uk.linkedin.com/jobs/view/test-engineer-at-lorien-4380381084,2026-03-05T10:38:19.579207+00:00
14,Test Automation | Germany,linkedin,Senior QA & Test Automation Lead (m/f/d),Nagarro,Germany,On-site,Full-time,Test Automation,"Senior, Lead",English,"Lead, Senior",,Recent,https://de.linkedin.com/jobs/view/senior-qa-test-automation-lead-m-f-d-at-nagarro-4367528203,2026-03-05T10:38:21.996348+00:00
14,Test Automation | Germany,linkedin,Senior QA Automation Engineer,1GLOBAL,"Berlin, Berlin, Germany",On-site,Full-time,,Senior,English,Senior,,Recent,https://de.linkedin.com/jobs/view/senior-qa-automation-engineer-at-1global-4370672251,2026-03-05T10:38:21.996775+00:00
14,Test Automation | Austria,linkedin,Senior QA & Test Automation Lead (all genders),Nagarro,Austria,On-site,Full-time,Test Automation,"Senior, Lead",English,"Lead, Senior",,Recent,https://at.linkedin.com/jobs/view/senior-qa-test-automation-lead-all-genders-at-nagarro-4374319944,2026-03-05T10:38:24.377695+00:00
14,Test Automation | Austria,linkedin,Test Manager (m/w/d),Deutsche Telekom,"Fünfkirchen, Lower Austria, Austria",On-site,Full-time,,,English,Test Manager,,Recent,https://at.linkedin.com/jobs/view/test-manager-m-w-d-at-deutsche-telekom-4376822062,2026-03-05T10:38:24.378302+00:00
14,Test Automation | Austria,linkedin,Senior Test Automation Engineer,AVILOO Battery Diagnostics,"Laxenburg, Lower Austria, Austria",On-site,Full-time,Test Automation,Senior,English,Senior,,Recent,https://at.linkedin.com/jobs/view/senior-test-automation-engineer-at-aviloo-battery-diagnostics-4378165473,2026-03-05T10:38:24.378442+00:00
14,Test Automation | Austria,linkedin,Lead QA Specialist - Remote,Jobgether,Austria,Remote,Full-time,,Lead,English,Lead,,Recent,https://at.linkedin.com/jobs/view/lead-qa-specialist-remote-at-jobgether-4379744462,2026-03-05T10:38:24.378708+00:00
14,Test Automation | Switzerland,linkedin,Senior Test Automation Engineer / QA Lead (m/w/d),PEAX AG,"Lucerne, Lucerne, Switzerland",On-site,Full-time,Test Automation,"Senior, Lead",English,"Lead, QA Lead, Senior",,Recent,https://ch.linkedin.com/jobs/view/senior-test-automation-engineer-qa-lead-m-w-d-at-peax-ag-4372369646,2026-03-05T10:38:26.765080+00:00
14,Test Automation | Switzerland,linkedin,Senior Quality Analyst,RBW Consulting,"Lachen, Schwyz, Switzerland",On-site,Full-time,,Senior,English,Senior,,Recent,https://ch.linkedin.com/jobs/view/senior-quality-analyst-at-rbw-consulting-4353430000,2026-03-05T10:38:26.765762+00:00
14,Test Automation | Switzerland,linkedin,Senior Test automation Engineer,SGI,"Zurich, Zurich, Switzerland",On-site,Full-time,Test Automation,Senior,English,Senior,,Recent,https://ch.linkedin.com/jobs/view/senior-test-automation-engineer-at-sgi-4369374892,2026-03-05T10:38:26.765899+00:00
14,Test Automation | Switzerland,linkedin,Test Manager (h/f),Redsen,Lausanne Metropolitan Area,On-site,Full-time,,,English,Test Manager,,Recent,https://ch.linkedin.com/jobs/view/test-manager-h-f-at-redsen-4372697439,2026-03-05T10:38:26.766183+00:00
14,Test Automation | Slovakia,linkedin,Supply Quality Manager - Senior,Kanadevia Inova,"Bratislava, Bratislava, Slovakia",On-site,Full-time,,Senior,English,Senior,,Recent,https://sk.linkedin.com/jobs/view/supply-quality-manager-senior-at-kanadevia-inova-4371448286,2026-03-05T10:38:31.518038+00:00
14,Test Automation | Poland,linkedin,Quality Assurance Lead,GB2B - GamingB2B,Warsaw Metropolitan Area,On-site,Full-time,,Lead,English,Lead,,Recent,https://pl.linkedin.com/jobs/view/quality-assurance-lead-at-gb2b-gamingb2b-4377711024,2026-03-05T10:38:36.284484+00:00
14,Test Automation | United Kingdom,linkedin,Lead Test Automation Engineer,Inspiretec,"Cardiff, Wales, United Kingdom",On-site,Full-time,Test Automation,Lead,English,Lead,,Recent,https://uk.linkedin.com/jobs/view/lead-test-automation-engineer-at-inspiretec-4375616141,2026-03-05T10:38:41.209302+00:00
14,Test Automation | United Kingdom,linkedin,Senior Quality Assurance Tester,Dlala Studios,"Witham, England, United Kingdom",On-site,Full-time,,Senior,English,Senior,,Recent,https://uk.linkedin.com/jobs/view/senior-quality-assurance-tester-at-dlala-studios-4378767706,2026-03-05T10:38:41.209737+00:00
14,Test Automation | United Kingdom,linkedin,"Senior Automation Tester - Flutter, Agentic AI & API Systems",DeliveryApp,"Manchester, England, United Kingdom",On-site,Full-time,,Senior,English,Senior,,Recent,https://uk.linkedin.com/jobs/view/senior-automation-tester-flutter-agentic-ai-api-systems-at-deliveryapp-4378790054,2026-03-05T10:38:41.209872+00:00
14,Python Developer | Germany,linkedin,Senior Python Engineer,Contiamo,"Berlin, Berlin, Germany",On-site,Full-time,Python,Senior,English,Senior,,Recent,https://de.linkedin.com/jobs/view/senior-python-engineer-at-contiamo-4377727532,2026-03-05T10:38:43.598701+00:00
14,Python Developer | Switzerland,linkedin,Senior Back-End Engineer (Python),ZYTLYN Technologies,"Geneva, Geneva, Switzerland",On-site,Full-time,Python,Senior,English,Senior,,Recent,https://ch.linkedin.com/jobs/view/senior-back-end-engineer-python-at-zytlyn-technologies-4373925817,2026-03-05T10:38:48.329521+00:00
14,Python Developer | Slovakia,linkedin,Senior Python Engineer,AIApply,Bratislava Metropolitan Area,On-site,Full-time,Python,Senior,English,Senior,,Recent,https://sk.linkedin.com/jobs/view/senior-python-engineer-at-aiapply-4368804402,2026-03-05T10:38:53.064735+00:00
14,Python Test | Remote,linkedin,"Senior Python Engineer - AI Testing Project (Freelance, Mindrift)",Mindrift,"Berlin, Berlin, Germany",Remote,Contract,Python,Senior,English,Senior,,Recent,https://de.linkedin.com/jobs/view/senior-python-engineer-ai-testing-project-freelance-mindrift-at-mindrift-4380187692,2026-03-05T10:39:12.437790+00:00
14,Python Test | Czech Republic,linkedin,Senior Quality Engineer,BD Nogales Norte,"Santo Domingo, Distrito Nacional, Dominican Republic",On-site,Full-time,,Senior,English,Senior,,Recent,https://do.linkedin.com/jobs/view/senior-quality-engineer-at-bd-nogales-norte-4378364739,2026-03-05T10:39:17.115416+00:00
14,Firmware Engineer | Germany,linkedin,Senior Software Engineer,Zeta Global,"Berlin, Germany",On-site,Full-time,,Senior,English,Senior,,Recent,https://de.linkedin.com/jobs/view/senior-software-engineer-at-zeta-global-4377397408,2026-03-05T10:39:26.831389+00:00
14,Firmware Engineer | Germany,linkedin,"Senior Software Engineer, Java/Kotlin - (Fintech)",Delivery Hero,"Berlin, Berlin, Germany",On-site,Full-time,Java,"Senior, Kotlin",English,Senior,,Recent,https://de.linkedin.com/jobs/view/senior-software-engineer-java-kotlin-fintech-at-delivery-hero-4377757864,2026-03-05T10:39:26.831560+00:00
14,Firmware Engineer | Switzerland,linkedin,Senior Software Engineer,Ripple,"Geneva, Geneva, Switzerland",On-site,Full-time,,Senior,English,Senior,,Recent,https://ch.linkedin.com/jobs/view/senior-software-engineer-at-ripple-4377610063,2026-03-05T10:39:31.585856+00:00
14,Firmware Engineer | Remote,linkedin,Senior Embedded Engineer (m/w/d),QAVION GROUP,Germany,Remote,Full-time,,Senior,English,Senior,,Recent,https://de.linkedin.com/jobs/view/senior-embedded-engineer-m-w-d-at-qavion-group-4364577288,2026-03-05T10:39:34.005787+00:00
14,Firmware Engineer | Remote,linkedin,Senior Backend Software Engineer (Golang),Emma – The Sleep Company,"Frankfurt, Hesse, Germany",Remote,Full-time,,"Senior, Golang",English,Senior,,Recent,https://de.linkedin.com/jobs/view/senior-backend-software-engineer-golang-at-emma-%E2%80%93-the-sleep-company-4380143222,2026-03-05T10:39:34.005918+00:00
14,Firmware Engineer | Remote,linkedin,Senior Software Engineer - 120k€ - 150k€ im ersten Jahr möglich. Starte jetzt mit uns durch!,The Associated Engineers Group,Germany,Remote,Full-time,,Senior,English,Senior,,Recent,https://de.linkedin.com/jobs/view/senior-software-engineer-120k%E2%82%AC-150k%E2%82%AC-im-ersten-jahr-m%C3%B6glich-starte-jetzt-mit-uns-durch%21-at-the-associated-engineers-group-4374722905,2026-03-05T10:39:34.006058+00:00
14,Firmware Engineer | Slovakia,linkedin,Software Engineer (Mid-Senior Level),Innovatrics,"Bratislava, Slovakia",On-site,Full-time,,Senior,English,Senior,,Recent,https://sk.linkedin.com/jobs/view/software-engineer-mid-senior-level-at-innovatrics-4375210171,2026-03-05T10:39:36.336879+00:00
14,Firmware Engineer | Slovakia,linkedin,Senior Software Engineer / Backend,Hotovo,"Košice, Kosice, Slovakia",On-site,Full-time,,Senior,English,Senior,,Recent,https://sk.linkedin.com/jobs/view/senior-software-engineer-backend-at-hotovo-4358093268,2026-03-05T10:39:36.337431+00:00
14,Firmware Engineer | Czech Republic,linkedin,Senior Embedded Firmware Engineer - Remote - Latin America,FullStack,"Santo Domingo Oeste, Santo Domingo, Dominican Republic",Remote,Contract,"C, C++, Can, Dsp, Embedded Systems, Firmware","Esp32, Senior",English,Senior,,Recent,https://do.linkedin.com/jobs/view/senior-embedded-firmware-engineer-remote-latin-america-at-fullstack-4370563225,2026-03-05T10:39:38.686105+00:00
14,Firmware Engineer | Czech Republic,linkedin,Senior Embedded Firmware Engineer - Remote - Latin America,FullStack,Dominican Republic,Remote,Contract,"C, C++, Can, Dsp, Embedded Systems, Firmware","Esp32, Senior",English,Senior,,Recent,https://do.linkedin.com/jobs/view/senior-embedded-firmware-engineer-remote-latin-america-at-fullstack-4370553738,2026-03-05T10:39:38.686527+00:00
14,Firmware Engineer | Czech Republic,linkedin,Senior Embedded Firmware Engineer - Remote - Latin America,FullStack,"San Pedro de Macorís, San Pedro de Macorís, Dominican Republic",Remote,Contract,"C, C++, Can, Dsp, Embedded Systems, Firmware","Esp32, Senior",English,Senior,,Recent,https://do.linkedin.com/jobs/view/senior-embedded-firmware-engineer-remote-latin-america-at-fullstack-4370568118,2026-03-05T10:39:38.686662+00:00
14,Firmware Engineer | Czech Republic,linkedin,Senior Embedded Firmware Engineer - Remote - Latin America,FullStack,"Higüey, La Altagracia, Dominican Republic",Remote,Contract,"C, C++, Can, Dsp, Embedded Systems, Firmware","Esp32, Senior",English,Senior,,Recent,https://do.linkedin.com/jobs/view/senior-embedded-firmware-engineer-remote-latin-america-at-fullstack-4370568110,2026-03-05T10:39:38.686814+00:00
14,Firmware Engineer | Czech Republic,linkedin,Senior Embedded Firmware Engineer - Remote - Latin America,FullStack,"Santo Domingo Este, Santo Domingo, Dominican Republic",Remote,Contract,"C, C++, Can, Dsp, Embedded Systems, Firmware","Esp32, Senior",English,Senior,,Recent,https://do.linkedin.com/jobs/view/senior-embedded-firmware-engineer-remote-latin-america-at-fullstack-4370561266,2026-03-05T10:39:38.686956+00:00
14,Firmware Engineer | Czech Republic,linkedin,Senior Embedded Firmware Engineer - Remote - Latin America,FullStack,"San Cristóbal, San Cristóbal, Dominican Republic",Remote,Full-time,Firmware,Senior,English,Senior,,Recent,https://do.linkedin.com/jobs/view/senior-embedded-firmware-engineer-remote-latin-america-at-fullstack-4370570028,2026-03-05T10:39:38.687089+00:00
14,Firmware Engineer | United Kingdom,linkedin,"Senior Software Engineer, £70,000 to £85,000, UK",Lifted,"Greater London, England, United Kingdom",On-site,Full-time,,Senior,English,Senior,,Recent,https://uk.linkedin.com/jobs/view/senior-software-engineer-%C2%A370-000-to-%C2%A385-000-uk-at-lifted-4372742578,2026-03-05T10:39:45.950651+00:00
0,Tester | Germany,linkedin,Software Engineer in Test (Berlin),Cresta,"Berlin, Berlin, Germany",On-site,Contract,"Can, Ci/Cd, Go, Playwright, Typescript","Datadog, Cypress, Grafana, Manual Testing",English,,,Recent,https://de.linkedin.com/jobs/view/software-engineer-in-test-berlin-at-cresta-4343158227,2026-03-05T10:36:56.163472+00:00
0,Tester | Germany,linkedin,Junior QA Tester,Haystack,Berlin Metropolitan Area,Hybrid,Full-time,"Playwright, Selenium, Test Automation","Junior, Agile",English,,,Recent,https://de.linkedin.com/jobs/view/junior-qa-tester-at-haystack-4379465933,2026-03-05T10:36:56.163653+00:00
0,Tester | Germany,linkedin,Software Test Engineer (m/w/d),LACROIX,"Cologne, North Rhine-Westphalia, Germany",Remote,Internship,"Pytest, Python","R, Confluence, Jira, Linux, Gitlab, Associate",German,,,Recent,https://de.linkedin.com/jobs/view/software-test-engineer-m-w-d-at-lacroix-4371758144,2026-03-05T10:36:56.163806+00:00
0,Tester | Germany,linkedin,QA Engineer,Assemblio,"Stuttgart, Baden-Württemberg, Germany",On-site,Full-time,"Ci/Cd, Integration Testing","Grpc, Cypress, Devops",English,,,Recent,https://de.linkedin.com/jobs/view/qa-engineer-at-assemblio-4376728345,2026-03-05T10:36:56.164241+00:00
0,Tester | Germany,linkedin,Quality Assurance Tester (m/f/d),MoPla Solutions GmbH,"Augsburg, Bavaria, Germany",Remote,Full-time,,"Postman, Kanban, Agile, Manual Testing, Scrum",English,,,Recent,https://de.linkedin.com/jobs/view/quality-assurance-tester-m-f-d-at-mopla-solutions-gmbh-4375222169,2026-03-05T10:36:56.164377+00:00
0,Tester | Germany,linkedin,Software Tester (m/w/d),Bizerba,"Balingen, Baden-Württemberg, Germany",Hybrid,Full-time,Test Automation,"R, Linux",German,,,Recent,https://de.linkedin.com/jobs/view/software-tester-m-w-d-at-bizerba-4369545776,2026-03-05T10:36:56.164515+00:00
0,Tester | Germany,linkedin,Software Tester (m/w/d),HMG Systems Engineering GmbH,"Fürth, Bavaria, Germany",On-site,Full-time,,,English,,,Recent,https://de.linkedin.com/jobs/view/software-tester-m-w-d-at-hmg-systems-engineering-gmbh-4374884564,2026-03-05T10:36:56.164652+00:00
0,Tester | Austria,linkedin,Software Tester/Test Engineer (m/w/d),SPAR ICS - Information & Communication Services,"Vienna, Vienna, Austria",On-site,Full-time,,,English,,,Recent,https://at.linkedin.com/jobs/view/software-tester-test-engineer-m-w-d-at-spar-ics-information-communication-services-4373378049,2026-03-05T10:36:58.504805+00:00
0,Tester | Austria,linkedin,Test Engineer,Noir,"Linz, Upper Austria, Austria",Hybrid,Full-time,"Ci/Cd, Jenkins, Selenium, Test Automation","Regression Testing, Jira, Postman, Agile, Scrum",English,,,Recent,https://at.linkedin.com/jobs/view/test-engineer-at-noir-4378769598,2026-03-05T10:36:58.505125+00:00
0,Tester | Austria,linkedin,Software Tester (m/w/x) in Teilzeit (24h/Woche),SCHUHFRIED GmbH,"Mödling, Lower Austria, Austria",Remote,Full-time,"Playwright, Test Automation","R, Jira, Scrum",German,,,Recent,https://at.linkedin.com/jobs/view/software-tester-m-w-x-in-teilzeit-24h-woche-at-schuhfried-gmbh-4378946205,2026-03-05T10:36:58.505277+00:00
0,Tester | Austria,linkedin,QA Specialist (all genders),Journi,"Vienna, Vienna, Austria",Remote,Contract,"Can, Go",Jira,English,,,Recent,https://at.linkedin.com/jobs/view/qa-specialist-all-genders-at-journi-4379900168,2026-03-05T10:36:58.505426+00:00
0,Tester | Austria,linkedin,Software Tester:in (M/W/D)*,TGW Logistics,"Marchtrenk, Upper Austria, Austria",Remote,Full-time,"C, Javascript","R, Vue.Js, Cypress, C#",German,,,Recent,https://at.linkedin.com/jobs/view/software-tester-in-m-w-d-at-tgw-logistics-4375257894,2026-03-05T10:36:58.506004+00:00
0,Tester | Austria,linkedin,Test Automation Engineer (m/f/d),TTControl,"Vienna, Vienna, Austria",Remote,Contract,"Can, Ci/Cd, Embedded Systems, Hil, Jenkins, Pytest, Python, System Testing, Test Automation","R, Mysql, Php",English,,,Recent,https://at.linkedin.com/jobs/view/test-automation-engineer-m-f-d-at-ttcontrol-4375026634,2026-03-05T10:36:58.506146+00:00
0,Tester | Switzerland,linkedin,Software Tester,yiuu.io | Sandro Toneatto Consulting,"Zurich, Zurich, Switzerland",On-site,Full-time,,,English,,,Recent,https://ch.linkedin.com/jobs/view/software-tester-at-yiuu-io-sandro-toneatto-consulting-4364753057,2026-03-05T10:37:00.857901+00:00
0,Tester | Switzerland,linkedin,Software Test Engineer (a),StaffLnk GmbH,"Berne, Switzerland",On-site,Full-time,,,English,,,Recent,https://ch.linkedin.com/jobs/view/software-test-engineer-a-at-stafflnk-gmbh-4378901898,2026-03-05T10:37:00.858046+00:00
0,Tester | Switzerland,linkedin,Test Automation Engineer,ASTRELYA,"Geneva, Switzerland",On-site,Full-time,Test Automation,,English,,,Recent,https://ch.linkedin.com/jobs/view/test-automation-engineer-at-astrelya-4358299052,2026-03-05T10:37:00.858197+00:00
0,Tester | Switzerland,linkedin,T24 Test Analyst,SGI,"Zurich, Zurich, Switzerland",On-site,Full-time,,,English,,,Recent,https://ch.linkedin.com/jobs/view/t24-test-analyst-at-sgi-4375670964,2026-03-05T10:37:00.858343+00:00
0,Tester | Switzerland,linkedin,Test Engineer / System-Ingenieur Fahrzeugsoftware (w/m/d),Randstad Switzerland,"Thurgau, Switzerland",On-site,Full-time,,,English,,,Recent,https://ch.linkedin.com/jobs/view/test-engineer-system-ingenieur-fahrzeugsoftware-w-m-d-at-randstad-switzerland-4363909299,2026-03-05T10:37:00.858638+00:00
0,Tester | Switzerland,linkedin,Software Test Engineer (m/w/d),Nexplore AG,"Berne, Switzerland",On-site,Full-time,,,English,,,Recent,https://ch.linkedin.com/jobs/view/software-test-engineer-m-w-d-at-nexplore-ag-4373941982,2026-03-05T10:37:00.858790+00:00
0,Tester | Switzerland,linkedin,Test Engineer,Transgourmet/Prodega Schweiz,"Berne, Switzerland",On-site,Full-time,,,English,,,Recent,https://ch.linkedin.com/jobs/view/test-engineer-at-transgourmet-prodega-schweiz-4373330476,2026-03-05T10:37:00.858929+00:00
0,Tester | Switzerland,linkedin,Professional Test Engineer (m/w/d) - Frontend & Backend (80%) (Ref.Nr.: 46233),Wavestone,"Bern, Berne, Switzerland",On-site,Full-time,,,English,,,Recent,https://ch.linkedin.com/jobs/view/professional-test-engineer-m-w-d-frontend-backend-80%25-ref-nr-46233-at-wavestone-4375553622,2026-03-05T10:37:00.859064+00:00
0,Tester | Remote,linkedin,App-Tester  (m/w/d),clickworker,Germany,Remote,Full-time,,,English,,,Recent,https://de.linkedin.com/jobs/view/app-tester-m-w-d-at-clickworker-4375907759,2026-03-05T10:37:03.218897+00:00
0,Tester | Remote,linkedin,Quality Assurance Engineer (m/w/d),ISO-Gruppe,"Bonn, North Rhine-Westphalia, Germany",Remote,Full-time,,,English,,,Recent,https://de.linkedin.com/jobs/view/quality-assurance-engineer-m-w-d-at-iso-gruppe-4358570111,2026-03-05T10:37:03.219057+00:00
0,Tester | Remote,linkedin,Test Engineer (w/m/d) - Deutschlandweit,smapOne AG,Germany,Remote,Full-time,,,English,,,Recent,https://de.linkedin.com/jobs/view/test-engineer-w-m-d-deutschlandweit-at-smapone-ag-4373535881,2026-03-05T10:37:03.219214+00:00
0,Tester | Remote,linkedin,Test Case Engineer (m/w/d),citema systems GmbH,Germany,Remote,Full-time,,,English,,,Recent,https://de.linkedin.com/jobs/view/test-case-engineer-m-w-d-at-citema-systems-gmbh-4375507904,2026-03-05T10:37:03.219356+00:00
0,Tester | Remote,linkedin,AI Chatbot Tester,Alignerr,Germany,Remote,Full-time,,,English,,,Recent,https://de.linkedin.com/jobs/view/ai-chatbot-tester-at-alignerr-4379283703,2026-03-05T10:37:03.219490+00:00
0,Tester | Remote,linkedin,Flight Test Quality Engineer (m/w/d),XTENDED ENGINEERING GMBH,"Munich, Bavaria, Germany",Remote,Full-time,,,English,,,Recent,https://de.linkedin.com/jobs/view/flight-test-quality-engineer-m-w-d-at-xtended-engineering-gmbh-4378393752,2026-03-05T10:37:03.219626+00:00
0,Tester | Remote,linkedin,Test Automation Engineer (m/w/d),SPIRIT-ONSIDE Consulting GmbH,Germany,Remote,Full-time,Test Automation,,English,,,Recent,https://de.linkedin.com/jobs/view/test-automation-engineer-m-w-d-at-spirit-onside-consulting-gmbh-4374812688,2026-03-05T10:37:03.219760+00:00
0,Tester | Remote,linkedin,Web-Penetration-Tester (m/w/d) - 100 % Home-Office möglich,Pentest Factory GmbH,Germany,Remote,Full-time,,,English,,,Recent,https://de.linkedin.com/jobs/view/web-penetration-tester-m-w-d-100-%25-home-office-m%C3%B6glich-at-pentest-factory-gmbh-4373440268,2026-03-05T10:37:03.219891+00:00
0,Tester | Remote,linkedin,Software Test Engineer (m/w/d),FEV etamax GmbH,"Bremen, Bremen, Germany",Remote,Full-time,,,English,,,Recent,https://de.linkedin.com/jobs/view/software-test-engineer-m-w-d-at-fev-etamax-gmbh-4374013619,2026-03-05T10:37:03.220031+00:00
0,Tester | Slovakia,linkedin,Student SW Tester (Part-time position),Surglogs,Slovakia,On-site,Internship,,,English,,,Recent,https://sk.linkedin.com/jobs/view/student-sw-tester-part-time-position-at-surglogs-4380933837,2026-03-05T10:37:05.548575+00:00
0,Tester | Slovakia,linkedin,Test Engineer,ComAp Group,"Košice, Kosice, Slovakia",On-site,Full-time,,,English,,,Recent,https://sk.linkedin.com/jobs/view/test-engineer-at-comap-group-4377776144,2026-03-05T10:37:05.548743+00:00
0,Tester | Slovakia,linkedin,Junior Agile Tester,ESET,"Bratislava, Bratislava, Slovakia",On-site,Full-time,,"Junior, Agile",English,,,Recent,https://sk.linkedin.com/jobs/view/junior-agile-tester-at-eset-4374813990,2026-03-05T10:37:05.548897+00:00
0,Tester | Slovakia,linkedin,IT Tester ČSOB (m/ž),ČSOB Finančná skupina,"Bratislava, Slovakia",On-site,Full-time,,,English,,,Recent,https://sk.linkedin.com/jobs/view/it-tester-%C4%8Dsob-m-%C5%BE-at-%C4%8Dsob-finan%C4%8Dn%C3%A1-skupina-4354445255,2026-03-05T10:37:05.549204+00:00
0,Tester | Slovakia,linkedin,IT Tester,GRAINTECH,"Bratislava, Slovakia",On-site,Full-time,,,English,,,Recent,https://sk.linkedin.com/jobs/view/it-tester-at-graintech-4378906482,2026-03-05T10:37:05.549350+00:00
0,Tester | Slovakia,linkedin,Software Test Engineer (all genders),StreamUnlimited - #1 in Embedded Streaming / Voice Assistant Technology,"Bratislava, Bratislava, Slovakia",On-site,Full-time,,,English,,,Recent,https://sk.linkedin.com/jobs/view/software-test-engineer-all-genders-at-streamunlimited-%231-in-embedded-streaming-voice-assistant-technology-4374832623,2026-03-05T10:37:05.549488+00:00
0,Tester | Slovakia,linkedin,Test engineer,Magna International,"Kechnec, Kosice, Slovakia",On-site,Internship,,,English,,,Recent,https://sk.linkedin.com/jobs/view/test-engineer-at-magna-international-4219197667,2026-03-05T10:37:05.549631+00:00
0,Tester | Slovakia,linkedin,Software Test Engineer,Takeda,"Bratislava, Bratislava, Slovakia",On-site,Full-time,,,English,,,Recent,https://sk.linkedin.com/jobs/view/software-test-engineer-at-takeda-4361028383,2026-03-05T10:37:05.549767+00:00
0,Tester | Slovakia,linkedin,Test engineer-1,Magna International,"Kechnec, Kosice, Slovakia",On-site,Internship,,,English,,,Recent,https://sk.linkedin.com/jobs/view/test-engineer-1-at-magna-international-4284413507,2026-03-05T10:37:05.549909+00:00
0,Tester | Czech Republic,linkedin,TESTER DESARROLLO SISTEMAS AGILE,Banco Popular Dominicano,"Santo Domingo, Distrito Nacional, Dominican Republic",On-site,Full-time,,Agile,English,,,Recent,https://do.linkedin.com/jobs/view/tester-desarrollo-sistemas-agile-at-banco-popular-dominicano-4374026679,2026-03-05T10:37:07.867724+00:00
0,Tester | Czech Republic,linkedin,Software Development Engineer in Test,Origami Risk,"Santo Domingo, Distrito Nacional, Dominican Republic",On-site,Full-time,,,English,,,Recent,https://do.linkedin.com/jobs/view/software-development-engineer-in-test-at-origami-risk-4375488057,2026-03-05T10:37:07.867891+00:00
0,Tester | Czech Republic,linkedin,Coordinator.MFG.Maintenance,Eaton,"Santiago de los Caballeros, Santiago, Dominican Republic",On-site,Full-time,,,English,,,Recent,https://do.linkedin.com/jobs/view/coordinator-mfg-maintenance-at-eaton-4375530633,2026-03-05T10:37:07.868361+00:00
0,Tester | Poland,linkedin,QA / Manual Tester,Vendo,"Warsaw, Mazowieckie, Poland",On-site,Full-time,,,English,,,Recent,https://pl.linkedin.com/jobs/view/qa-manual-tester-at-vendo-4371293516,2026-03-05T10:37:10.208096+00:00
0,Tester | Poland,linkedin,Manual Tester,ipracujzdalnie.pl,"Warsaw, Mazowieckie, Poland",On-site,Full-time,,,English,,,Recent,https://pl.linkedin.com/jobs/view/manual-tester-at-ipracujzdalnie-pl-4376817360,2026-03-05T10:37:10.208266+00:00
0,Tester | Poland,linkedin,Manual Tester,ipracujzdalnie.pl,"Cracow, Małopolskie, Poland",On-site,Full-time,,,English,,,Recent,https://pl.linkedin.com/jobs/view/manual-tester-at-ipracujzdalnie-pl-4376809585,2026-03-05T10:37:10.208411+00:00
0,Tester | Poland,linkedin,Manual Tester,ipracujzdalnie.pl,"Wrocław, Dolnośląskie, Poland",On-site,Full-time,,,English,,,Recent,https://pl.linkedin.com/jobs/view/manual-tester-at-ipracujzdalnie-pl-4376806903,2026-03-05T10:37:10.208555+00:00
0,Tester | Poland,linkedin,Manual Tester,ipracujzdalnie.pl,"Poznań, Wielkopolskie, Poland",On-site,Full-time,,,English,,,Recent,https://pl.linkedin.com/jobs/view/manual-tester-at-ipracujzdalnie-pl-4378376979,2026-03-05T10:37:10.208698+00:00
0,Tester | Poland,linkedin,Junior Game Tester (FPS Player),8Bit - Games Industry Recruitment,"Warsaw, Mazowieckie, Poland",On-site,Full-time,,Junior,English,,,Recent,https://pl.linkedin.com/jobs/view/junior-game-tester-fps-player-at-8bit-games-industry-recruitment-4377829596,2026-03-05T10:37:10.208835+00:00
0,Tester | Poland,linkedin,Manual Tester,ipracujzdalnie.pl,"Gdańsk, Pomorskie, Poland",On-site,Full-time,,,English,,,Recent,https://pl.linkedin.com/jobs/view/manual-tester-at-ipracujzdalnie-pl-4376817359,2026-03-05T10:37:10.208974+00:00
0,Tester | Poland,linkedin,Manual Tester,ipracujzdalnie.pl,"Rzeszów, Podkarpackie, Poland",On-site,Full-time,,,English,,,Recent,https://pl.linkedin.com/jobs/view/manual-tester-at-ipracujzdalnie-pl-4376807853,2026-03-05T10:37:10.209118+00:00
0,Tester | Poland,linkedin,Manual Tester,ipracujzdalnie.pl,"Białystok, Podlaskie, Poland",On-site,Full-time,,,English,,,Recent,https://pl.linkedin.com/jobs/view/manual-tester-at-ipracujzdalnie-pl-4376823266,2026-03-05T10:37:10.209276+00:00
0,Tester | Poland,linkedin,Manual Tester,ipracujzdalnie.pl,"Łódź, Łódzkie, Poland",On-site,Full-time,,,English,,,Recent,https://pl.linkedin.com/jobs/view/manual-tester-at-ipracujzdalnie-pl-4376816514,2026-03-05T10:37:10.209423+00:00
0,Tester | USA,linkedin,Remote Manual QA Tester,Lensa,"Hartford, CT",Remote,Full-time,,,English,,,Recent,https://www.linkedin.com/jobs/view/remote-manual-qa-tester-at-lensa-4381160036,2026-03-05T10:37:12.816407+00:00
0,Tester | USA,linkedin,Software Tester (Applicant Pro),isolved,United States,On-site,Full-time,,,English,,,Recent,https://www.linkedin.com/jobs/view/software-tester-applicant-pro-at-isolved-4377021286,2026-03-05T10:37:12.816567+00:00
0,Tester | USA,linkedin,Software Quality Assurance (SQA) Manual Tester,Noblesoft Solutions,"St. Petersburg, FL",On-site,Full-time,,,English,,,Recent,https://www.linkedin.com/jobs/view/software-quality-assurance-sqa-manual-tester-at-noblesoft-solutions-4375795159,2026-03-05T10:37:12.816712+00:00
0,Tester | USA,linkedin,Entry-Level Software Tester,Ace IT Careers,"Greenville, SC",On-site,Full-time,,Entry-Level,English,,,Recent,https://www.linkedin.com/jobs/view/entry-level-software-tester-at-ace-it-careers-4368820668,2026-03-05T10:37:12.816849+00:00
0,Tester | USA,linkedin,Software QA Tester,ShipperHQ,"Austin, TX",On-site,Full-time,,,English,,,Recent,https://www.linkedin.com/jobs/view/software-qa-tester-at-shipperhq-4373466667,2026-03-05T10:37:12.816992+00:00
0,Tester | USA,linkedin,Entry-Level Software Tester,Ace IT Careers,"Columbia, SC",On-site,Full-time,,Entry-Level,English,,,Recent,https://www.linkedin.com/jobs/view/entry-level-software-tester-at-ace-it-careers-4368824643,2026-03-05T10:37:12.817127+00:00
0,Tester | USA,linkedin,Quality Assurance Tester- Junior (Remote),ICF,"Montgomery, AL",Remote,Full-time,,Junior,English,,,Recent,https://www.linkedin.com/jobs/view/quality-assurance-tester-junior-remote-at-icf-4380027225,2026-03-05T10:37:12.817284+00:00
0,Tester | USA,linkedin,QA (Manual)Tester,"Akumen, Inc.","Washington, DC",On-site,Full-time,,,English,,,Recent,https://www.linkedin.com/jobs/view/qa-manual-tester-at-akumen-inc-4377194379,2026-03-05T10:37:12.817417+00:00
0,Tester | USA,linkedin,Entry-Level Software Tester,Ace IT Careers,"Normal, IL",On-site,Full-time,,Entry-Level,English,,,Recent,https://www.linkedin.com/jobs/view/entry-level-software-tester-at-ace-it-careers-4368829551,2026-03-05T10:37:12.817548+00:00
0,Tester | USA,linkedin,Entry-Level Software Tester,Ace IT Careers,"Montgomery, AL",On-site,Full-time,,Entry-Level,English,,,Recent,https://www.linkedin.com/jobs/view/entry-level-software-tester-at-ace-it-careers-4368814722,2026-03-05T10:37:12.817680+00:00
0,Tester | United Kingdom,linkedin,Test Engineer,Hamiltonian Dynamics,"Manchester, England, United Kingdom",On-site,Full-time,,,English,,,Recent,https://uk.linkedin.com/jobs/view/test-engineer-at-hamiltonian-dynamics-4370527081,2026-03-05T10:37:15.195416+00:00
0,Tester | United Kingdom,linkedin,Junior Software Tester,Apply4U | Apply4U | Human-Assisted AI Job & Recruitment Platform,United Kingdom,On-site,Full-time,,Junior,English,,,Recent,https://uk.linkedin.com/jobs/view/junior-software-tester-at-apply4u-apply4u-human-assisted-ai-job-recruitment-platform-4371404856,2026-03-05T10:37:15.195556+00:00
0,Tester | United Kingdom,linkedin,Test Engineer,Amber Labs,"Manchester Area, United Kingdom",On-site,Full-time,,,English,,,Recent,https://uk.linkedin.com/jobs/view/test-engineer-at-amber-labs-4379921893,2026-03-05T10:37:15.195694+00:00
0,Tester | United Kingdom,linkedin,Quality Engineer : Manual Software Testing (Hybrid),TipTopJob,"Durham, England, United Kingdom",Hybrid,Full-time,,,English,,,Recent,https://uk.linkedin.com/jobs/view/quality-engineer-manual-software-testing-hybrid-at-tiptopjob-4378665703,2026-03-05T10:37:15.195833+00:00
0,Tester | United Kingdom,linkedin,QA Tester,Haystack,United Kingdom,On-site,Full-time,,,English,,,Recent,https://uk.linkedin.com/jobs/view/qa-tester-at-haystack-4377925613,2026-03-05T10:37:15.195974+00:00
0,Tester | United Kingdom,linkedin,Software Engineer in Test,Christopher Ali,United Kingdom,On-site,Full-time,,,English,,,Recent,https://uk.linkedin.com/jobs/view/software-engineer-in-test-at-christopher-ali-4371511617,2026-03-05T10:37:15.196116+00:00
0,Tester | United Kingdom,linkedin,Software Test Engineer,"Halian | Managed Services, Recruitment Agency & Contract Staffing","Bracknell, England, United Kingdom",On-site,Contract,,,English,,,Recent,https://uk.linkedin.com/jobs/view/software-test-engineer-at-halian-managed-services-recruitment-agency-contract-staffing-4378886736,2026-03-05T10:37:15.196263+00:00
0,Tester | United Kingdom,linkedin,Quality Assurance Tester,TechNET IT Recruitment Ltd,United Kingdom,On-site,Full-time,,,English,,,Recent,https://uk.linkedin.com/jobs/view/quality-assurance-tester-at-technet-it-recruitment-ltd-4378170741,2026-03-05T10:37:15.196402+00:00
0,Tester | United Kingdom,linkedin,Test Engineer,Wipro,"London Area, United Kingdom",On-site,Full-time,,,English,,,Recent,https://uk.linkedin.com/jobs/view/test-engineer-at-wipro-4364799058,2026-03-05T10:37:15.196538+00:00
0,QA Engineer | Germany,linkedin,Entry-Level Quality Assurance Engineer,W Budapest,Germany,On-site,Full-time,,Entry-Level,English,,,Recent,https://de.linkedin.com/jobs/view/entry-level-quality-assurance-engineer-at-w-budapest-4380405403,2026-03-05T10:37:17.542081+00:00
0,QA Engineer | Germany,linkedin,Electrical QA/QC Engineer,Talent Hired,"Frankfurt, Hesse, Germany",On-site,Full-time,,,English,,,Recent,https://de.linkedin.com/jobs/view/electrical-qa-qc-engineer-at-talent-hired-4380342848,2026-03-05T10:37:17.542250+00:00
0,QA Engineer | Germany,linkedin,QA Engineer,Westernacher Solutions,"Berlin, Germany",On-site,Full-time,,,English,,,Recent,https://de.linkedin.com/jobs/view/qa-engineer-at-westernacher-solutions-4372474254,2026-03-05T10:37:17.544162+00:00
0,QA Engineer | Austria,linkedin,1046 | Middle+ Manual QA Engineer,Intetics,Austria,On-site,Full-time,,,English,,,Recent,https://at.linkedin.com/jobs/view/1046-middle%2B-manual-qa-engineer-at-intetics-4375130797,2026-03-05T10:37:19.906931+00:00
0,QA Engineer | Austria,linkedin,Software Quality Engineer,Ketryx,"Vienna, Vienna, Austria",On-site,Full-time,,,English,,,Recent,https://at.linkedin.com/jobs/view/software-quality-engineer-at-ketryx-4308973953,2026-03-05T10:37:19.907097+00:00
0,QA Engineer | Austria,linkedin,Procurement Quality Assurance Engineer,Mane Contract Services,"Salzburg, Austria",On-site,Contract,,,English,,,Recent,https://at.linkedin.com/jobs/view/procurement-quality-assurance-engineer-at-mane-contract-services-4374880986,2026-03-05T10:37:19.907250+00:00
0,QA Engineer | Austria,linkedin,QA Engineer (AI native),nyra health,"Vienna, Austria",On-site,Full-time,,,English,,,Recent,https://at.linkedin.com/jobs/view/qa-engineer-ai-native-at-nyra-health-4376668094,2026-03-05T10:37:19.907385+00:00
0,QA Engineer | Austria,linkedin,AI QA Engineer (all genders),TeamViewer,"Linz, Upper Austria, Austria",On-site,Full-time,,,English,,,Recent,https://at.linkedin.com/jobs/view/ai-qa-engineer-all-genders-at-teamviewer-4380325973,2026-03-05T10:37:19.907525+00:00
0,QA Engineer | Austria,linkedin,QA Engineer (m/w/d),RINGANA,"Vienna, Vienna, Austria",On-site,Full-time,,,English,,,Recent,https://at.linkedin.com/jobs/view/qa-engineer-m-w-d-at-ringana-4353952752,2026-03-05T10:37:19.907939+00:00
0,QA Engineer | Austria,linkedin,Junior QA Engineer (m/w/d) & Support - Fremdsystemanbindungen,PKE Holding AG,"Vienna, Vienna, Austria",On-site,Full-time,,Junior,English,,,Recent,https://at.linkedin.com/jobs/view/junior-qa-engineer-m-w-d-support-fremdsystemanbindungen-at-pke-holding-ag-4368218180,2026-03-05T10:37:19.908070+00:00
0,QA Engineer | Austria,linkedin,Software QA Engineer (Embedded Systems),Berkeley Square - Talent Specialists in IT & Engineering,"Vorarlberg, Austria",On-site,Full-time,Embedded Systems,,English,,,Recent,https://at.linkedin.com/jobs/view/software-qa-engineer-embedded-systems-at-berkeley-square-talent-specialists-in-it-engineering-4372602220,2026-03-05T10:37:19.908226+00:00
0,QA Engineer | Switzerland,linkedin,Quality Assurance Engineer,Crypto Finance Group,"Zurich, Zurich, Switzerland",On-site,Full-time,,,English,,,Recent,https://ch.linkedin.com/jobs/view/quality-assurance-engineer-at-crypto-finance-group-4368652016,2026-03-05T10:37:22.253394+00:00
0,QA Engineer | Switzerland,linkedin,QA Software Engineer,Bucher + Suter,Greater Bern Area,On-site,Full-time,,,English,,,Recent,https://ch.linkedin.com/jobs/view/qa-software-engineer-at-bucher-%2B-suter-4377833517,2026-03-05T10:37:22.253551+00:00
0,QA Engineer | Switzerland,linkedin,QA Engineer,qiibee,Switzerland,On-site,Full-time,,,English,,,Recent,https://ch.linkedin.com/jobs/view/qa-engineer-at-qiibee-4361047476,2026-03-05T10:37:22.253685+00:00
0,QA Engineer | Switzerland,linkedin,Quality Assurance Engineer,Rayner,"St Gallen, Switzerland",On-site,Full-time,,,English,,,Recent,https://ch.linkedin.com/jobs/view/quality-assurance-engineer-at-rayner-4377842716,2026-03-05T10:37:22.253816+00:00
0,QA Engineer | Switzerland,linkedin,Ingénieur tests/Ingénieure tests,CLEEVEN,"Vaud, Switzerland",On-site,Full-time,,,English,,,Recent,https://ch.linkedin.com/jobs/view/ing%C3%A9nieur-tests-ing%C3%A9nieure-tests-at-cleeven-4375822030,2026-03-05T10:37:22.254088+00:00
0,QA Engineer | Switzerland,linkedin,Testingenieur (Strukturmechanik),arko GmbH,"Zug, Zug, Switzerland",On-site,Full-time,,,English,,,Recent,https://ch.linkedin.com/jobs/view/testingenieur-strukturmechanik-at-arko-gmbh-4380550663,2026-03-05T10:37:22.254242+00:00
0,QA Engineer | Switzerland,linkedin,QA qualification engineer,agap2 Switzerland,"Basel, Basel, Switzerland",On-site,Full-time,,,English,,,Recent,https://ch.linkedin.com/jobs/view/qa-qualification-engineer-at-agap2-switzerland-4378135906,2026-03-05T10:37:22.254379+00:00
0,QA Engineer | Switzerland,linkedin,Ingénieur tests/Ingénieure tests,API SA,"Lausanne, Vaud, Switzerland",On-site,Full-time,,,English,,,Recent,https://ch.linkedin.com/jobs/view/ing%C3%A9nieur-tests-ing%C3%A9nieure-tests-at-api-sa-4380948448,2026-03-05T10:37:22.254516+00:00
0,QA Engineer | Remote,linkedin,"QA Engineer (freelance contract, full-time)",Lumiform,Germany,Remote,Contract,,,English,,,Recent,https://de.linkedin.com/jobs/view/qa-engineer-freelance-contract-full-time-at-lumiform-4375538991,2026-03-05T10:37:24.584869+00:00
0,QA Engineer | Remote,linkedin,QA Engineer (Part-Time),Twine,Germany,Remote,Full-time,,,English,,,Recent,https://de.linkedin.com/jobs/view/qa-engineer-part-time-at-twine-4364425081,2026-03-05T10:37:24.585010+00:00
0,QA Engineer | Remote,linkedin,QA Specialist / QA Engineer - Freelanceship - 100% remote,Accelerated,Germany,Remote,Contract,,,English,,,Recent,https://de.linkedin.com/jobs/view/qa-specialist-qa-engineer-freelanceship-100%25-remote-at-accelerated-4375554271,2026-03-05T10:37:24.585289+00:00
0,QA Engineer | Slovakia,linkedin,1046 | Middle+ Manual QA Engineer,Intetics,Slovakia,On-site,Full-time,,,English,,,Recent,https://sk.linkedin.com/jobs/view/1046-middle%2B-manual-qa-engineer-at-intetics-4375133703,2026-03-05T10:37:26.936687+00:00
0,QA Engineer | Slovakia,linkedin,QA Automation Engineer,Deutsche Telekom IT Solutions Slovakia,"Košice, Kosice, Slovakia",On-site,Full-time,,,English,,,Recent,https://sk.linkedin.com/jobs/view/qa-automation-engineer-at-deutsche-telekom-it-solutions-slovakia-4368617661,2026-03-05T10:37:26.937302+00:00
0,QA Engineer | Slovakia,linkedin,Quality Assurance Engineer,NATEK,"Bratislava, Slovakia",On-site,Full-time,,,English,,,Recent,https://sk.linkedin.com/jobs/view/quality-assurance-engineer-at-natek-4361788231,2026-03-05T10:37:26.937733+00:00
0,QA Engineer | Slovakia,linkedin,Manual QA Engineer (Middle) ID51808,AgileEngine,"Bratislava, Bratislava, Slovakia",On-site,Full-time,,,English,,,Recent,https://sk.linkedin.com/jobs/view/manual-qa-engineer-middle-id51808-at-agileengine-4377642193,2026-03-05T10:37:26.937870+00:00
0,QA Engineer | Slovakia,linkedin,QA Engineer,Swiss Re,"Bratislava, Bratislava, Slovakia",On-site,Full-time,,,English,,,Recent,https://sk.linkedin.com/jobs/view/qa-engineer-at-swiss-re-4366871953,2026-03-05T10:37:26.938006+00:00
0,QA Engineer | Czech Republic,linkedin,Quality Assurance Engineer - Trabajo Remoto,BairesDev,"Santo Domingo, Distrito Nacional, Dominican Republic",On-site,Full-time,,,English,,,Recent,https://do.linkedin.com/jobs/view/quality-assurance-engineer-trabajo-remoto-at-bairesdev-4378847798,2026-03-05T10:37:29.270463+00:00
0,QA Engineer | Czech Republic,linkedin,Software QA Engineer - La Vega,Champro,"La Vega, La Vega, Dominican Republic",On-site,Full-time,,,English,,,Recent,https://do.linkedin.com/jobs/view/software-qa-engineer-la-vega-at-champro-4373865392,2026-03-05T10:37:29.270628+00:00
0,QA Engineer | Czech Republic,linkedin,Ingeniero QA,GBM,Dominican Republic,On-site,Full-time,,,English,,,Recent,https://do.linkedin.com/jobs/view/ingeniero-qa-at-gbm-4375742926,2026-03-05T10:37:29.270774+00:00
0,QA Engineer | Czech Republic,linkedin,Automated Testing Engineer (Remote),KAIZEN Asset Management Services,Dominican Republic,Remote,Full-time,,,English,,,Recent,https://do.linkedin.com/jobs/view/automated-testing-engineer-remote-at-kaizen-asset-management-services-4372251269,2026-03-05T10:37:29.270914+00:00
0,QA Engineer | Czech Republic,linkedin,Ingeniero QA,Infosyp,"Santiago de los Caballeros, Santiago, Dominican Republic",On-site,Full-time,,,English,,,Recent,https://do.linkedin.com/jobs/view/ingeniero-qa-at-infosyp-4372540809,2026-03-05T10:37:29.271051+00:00
0,QA Engineer | Czech Republic,linkedin,QA Automation Engineer,CrecerLab,"Santo Domingo, Distrito Nacional, Dominican Republic",On-site,Full-time,,,English,,,Recent,https://do.linkedin.com/jobs/view/qa-automation-engineer-at-crecerlab-4372777377,2026-03-05T10:37:29.271195+00:00
0,QA Engineer | Czech Republic,linkedin,Future QA Engineer Opportunities (Gaming Industry),Perform,Dominican Republic,On-site,Full-time,,,English,,,Recent,https://do.linkedin.com/jobs/view/future-qa-engineer-opportunities-gaming-industry-at-perform-4344181481,2026-03-05T10:37:29.271329+00:00
0,QA Engineer | Czech Republic,linkedin,Quality Assurance Support Engineer - EPlan,Eaton,"Santo Domingo, Distrito Nacional, Dominican Republic",On-site,Full-time,,,English,,,Recent,https://do.linkedin.com/jobs/view/quality-assurance-support-engineer-eplan-at-eaton-4361782243,2026-03-05T10:37:29.271603+00:00
0,QA Engineer | Czech Republic,linkedin,Sr. SDET (Gaming Industry),Perform,"Santo Domingo, Distrito Nacional, Dominican Republic",On-site,Full-time,,,English,,,Recent,https://do.linkedin.com/jobs/view/sr-sdet-gaming-industry-at-perform-4370707897,2026-03-05T10:37:29.271738+00:00
0,QA Engineer | Poland,linkedin,QA Engineer,ALGOTEQUE Innovation Hub,"Warsaw, Mazowieckie, Poland",On-site,Full-time,,,English,,,Recent,https://pl.linkedin.com/jobs/view/qa-engineer-at-algoteque-innovation-hub-4380137514,2026-03-05T10:37:31.654856+00:00
0,QA Engineer | Poland,linkedin,Middle Quality Assurance Automation Engineer (with Manual),Forte Group,Poland,On-site,Full-time,,,English,,,Recent,https://pl.linkedin.com/jobs/view/middle-quality-assurance-automation-engineer-with-manual-at-forte-group-4380341242,2026-03-05T10:37:31.655003+00:00
0,QA Engineer | Poland,linkedin,Automated QA– Growing Tech Startup ( Poland Remote),Pacaya HR Experts,Poland,Remote,Full-time,,,English,,,Recent,https://pl.linkedin.com/jobs/view/automated-qa%E2%80%93-growing-tech-startup-poland-remote-at-pacaya-hr-experts-4379425804,2026-03-05T10:37:31.655155+00:00
0,QA Engineer | Poland,linkedin,Junior QA Engineer (Automation) – Remote,Indivd,Poland,Remote,Full-time,,Junior,English,,,Recent,https://pl.linkedin.com/jobs/view/junior-qa-engineer-automation-%E2%80%93-remote-at-indivd-4379444416,2026-03-05T10:37:31.655303+00:00
0,QA Engineer | Poland,linkedin,Junior QA Engineer/ QA Engineer,Amelco Limited,"Warsaw, Mazowieckie, Poland",On-site,Full-time,,Junior,English,,,Recent,https://pl.linkedin.com/jobs/view/junior-qa-engineer-qa-engineer-at-amelco-limited-4372850135,2026-03-05T10:37:31.655446+00:00
0,QA Engineer | Poland,linkedin,Flight Software Test Automation Engineer,ICEYE,"Warsaw, Mazowieckie, Poland",On-site,Full-time,Test Automation,,English,,,Recent,https://pl.linkedin.com/jobs/view/flight-software-test-automation-engineer-at-iceye-4380316646,2026-03-05T10:37:31.655588+00:00
0,QA Engineer | Poland,linkedin,Quality Assurance Automation Engineer,UniSysTech Consulting,Poland,On-site,Full-time,,,English,,,Recent,https://pl.linkedin.com/jobs/view/quality-assurance-automation-engineer-at-unisystech-consulting-4378828932,2026-03-05T10:37:31.655722+00:00
0,QA Engineer | Poland,linkedin,Junior Test Specialist/QA Engineer (f/m),Netcompany,"Warsaw, Mazowieckie, Poland",On-site,Full-time,,Junior,English,,,Recent,https://pl.linkedin.com/jobs/view/junior-test-specialist-qa-engineer-f-m-at-netcompany-4364598006,2026-03-05T10:37:31.655856+00:00
0,QA Engineer | Poland,linkedin,QA Manual,GamblingCareers.com,"Cracow, Małopolskie, Poland",On-site,Full-time,,,English,,,Recent,https://pl.linkedin.com/jobs/view/qa-manual-at-gamblingcareers-com-4379733327,2026-03-05T10:37:31.655992+00:00
0,QA Engineer | USA,linkedin,QA Engineer,MrBeast,United States,On-site,Full-time,,,English,,,Recent,https://www.linkedin.com/jobs/view/qa-engineer-at-mrbeast-4367342975,2026-03-05T10:37:34.056980+00:00
0,QA Engineer | USA,linkedin,Quality Assurance Engineer,Joulé,"Portage, MI",On-site,Full-time,,,English,,,Recent,https://www.linkedin.com/jobs/view/quality-assurance-engineer-at-joul%C3%A9-4379968613,2026-03-05T10:37:34.057153+00:00
0,QA Engineer | USA,linkedin,Junior QA Engineer,Teak,United States,On-site,Full-time,,Junior,English,,,Recent,https://www.linkedin.com/jobs/view/junior-qa-engineer-at-teak-4379436451,2026-03-05T10:37:34.057586+00:00
0,QA Engineer | USA,linkedin,Quality Assurance Automation Engineer,Prominent,"Greenwood Village, CO",On-site,Full-time,,,English,,,Recent,https://www.linkedin.com/jobs/view/quality-assurance-automation-engineer-at-prominent-4377784866,2026-03-05T10:37:34.057719+00:00
0,QA Engineer | USA,linkedin,Manual QA Engineer,Raya,"Los Angeles, CA",On-site,Full-time,,,English,,,Recent,https://www.linkedin.com/jobs/view/manual-qa-engineer-at-raya-4379784717,2026-03-05T10:37:34.057853+00:00
0,QA Engineer | USA,linkedin,Software Quality Assurance Tester,Red Oak Technologies,"Lakewood, CO",On-site,Full-time,,,English,,,Recent,https://www.linkedin.com/jobs/view/software-quality-assurance-tester-at-red-oak-technologies-4379423764,2026-03-05T10:37:34.057994+00:00
0,QA Engineer | USA,linkedin,QA Engineer,NRG Energy,"Utah, United States",On-site,Full-time,,,English,,,Recent,https://www.linkedin.com/jobs/view/qa-engineer-at-nrg-energy-4378127511,2026-03-05T10:37:34.058133+00:00
0,QA Engineer | USA,linkedin,QA Engineer,Vivint,"Lehi, UT",On-site,Full-time,,,English,,,Recent,https://www.linkedin.com/jobs/view/qa-engineer-at-vivint-4378132736,2026-03-05T10:37:34.058277+00:00
0,QA Engineer | United Kingdom,linkedin,Quality Assurance Engineer,Coforge,"Telford, England, United Kingdom",On-site,Full-time,,,English,,,Recent,https://uk.linkedin.com/jobs/view/quality-assurance-engineer-at-coforge-4378832906,2026-03-05T10:37:36.410126+00:00
0,QA Engineer | United Kingdom,linkedin,Mid-level QA Engineer,hackajob,"Sheffield, England, United Kingdom",On-site,Full-time,,Mid-Level,English,,,Recent,https://uk.linkedin.com/jobs/view/mid-level-qa-engineer-at-hackajob-4378288958,2026-03-05T10:37:36.410309+00:00
0,QA Engineer | United Kingdom,linkedin,Quality Assurance Specialist,Pulse Recruit,"London Area, United Kingdom",On-site,Full-time,,,English,,,Recent,https://uk.linkedin.com/jobs/view/quality-assurance-specialist-at-pulse-recruit-4378197691,2026-03-05T10:37:36.410447+00:00
0,QA Engineer | United Kingdom,linkedin,Manual QA Engineer,Swap,"London, England, United Kingdom",On-site,Full-time,,,English,,,Recent,https://uk.linkedin.com/jobs/view/manual-qa-engineer-at-swap-4378831452,2026-03-05T10:37:36.410584+00:00
0,QA Engineer | United Kingdom,linkedin,QA Engineer,DOHE,United Kingdom,On-site,Full-time,,,English,,,Recent,https://uk.linkedin.com/jobs/view/qa-engineer-at-dohe-4378768794,2026-03-05T10:37:36.410855+00:00
0,QA Engineer | United Kingdom,linkedin,QA Engineer,LDMS,"Cardiff, Wales, United Kingdom",On-site,Full-time,,,English,,,Recent,https://uk.linkedin.com/jobs/view/qa-engineer-at-ldms-4373929610,2026-03-05T10:37:36.410986+00:00
0,QA Engineer | United Kingdom,linkedin,Junior QA Engineer,Mercury,"Coleshill, England, United Kingdom",On-site,Full-time,,Junior,English,,,Recent,https://uk.linkedin.com/jobs/view/junior-qa-engineer-at-mercury-4374502415,2026-03-05T10:37:36.411115+00:00
0,QA Engineer | United Kingdom,linkedin,Quality Assurance Engineer,Macstaff,"Plymouth, England, United Kingdom",On-site,Full-time,,,English,,,Recent,https://uk.linkedin.com/jobs/view/quality-assurance-engineer-at-macstaff-4377707988,2026-03-05T10:37:36.411257+00:00
0,QA Engineer | United Kingdom,linkedin,QA Engineer - Payments,Crisil,"London Area, United Kingdom",On-site,Full-time,,,English,,,Recent,https://uk.linkedin.com/jobs/view/qa-engineer-payments-at-crisil-4380190841,2026-03-05T10:37:36.411395+00:00
0,Test Engineer | Germany,linkedin,Quality Assurance Engineer,PSD Group,"Dortmund, North Rhine-Westphalia, Germany",On-site,Full-time,,,English,,,Recent,https://de.linkedin.com/jobs/view/quality-assurance-engineer-at-psd-group-4338425753,2026-03-05T10:37:38.806514+00:00
0,Test Engineer | Germany,linkedin,Software Engineer,Global Fintech Talent,"Frankfurt, Hesse, Germany",On-site,Full-time,,,English,,,Recent,https://de.linkedin.com/jobs/view/software-engineer-at-global-fintech-talent-4377390204,2026-03-05T10:37:38.806817+00:00
0,Test Engineer | Austria,linkedin,Software Developer (Remote),MindFriend PRO,"Vienna, Vienna, Austria",Remote,Full-time,,,English,,,Recent,https://at.linkedin.com/jobs/view/software-developer-remote-at-mindfriend-pro-4371461003,2026-03-05T10:37:41.172982+00:00
0,Test Engineer | Austria,linkedin,Project Quality Engineer (m/f/x),Hirschmann Automotive,"Rankweil, Vorarlberg, Austria",On-site,Contract,,,English,,,Recent,https://at.linkedin.com/jobs/view/project-quality-engineer-m-f-x-at-hirschmann-automotive-4380382189,2026-03-05T10:37:41.173116+00:00
0,Test Engineer | Switzerland,linkedin,Ingénieur tests/Ingénieure tests Junior,API SA,"Vaud, Switzerland",On-site,Full-time,,Junior,English,,,Recent,https://ch.linkedin.com/jobs/view/ing%C3%A9nieur-tests-ing%C3%A9nieure-tests-junior-at-api-sa-4379914928,2026-03-05T10:37:43.550065+00:00
0,Test Engineer | Switzerland,linkedin,Ingénieur de test Junior (H/F),WIT PARTNERS SA,"Vaud, Switzerland",On-site,Full-time,,Junior,English,,,Recent,https://ch.linkedin.com/jobs/view/ing%C3%A9nieur-de-test-junior-h-f-at-wit-partners-sa-4377390272,2026-03-05T10:37:43.550217+00:00
0,Test Engineer | Switzerland,linkedin,Quality Engineer,Flexsis Schweiz,"Schaffhausen, Switzerland",On-site,Full-time,,,English,,,Recent,https://ch.linkedin.com/jobs/view/quality-engineer-at-flexsis-schweiz-4380314078,2026-03-05T10:37:43.550628+00:00
0,Test Engineer | Remote,linkedin,"Manual Quality Assurance Engineer, Web Core Product",Speechify,"Berlin, Germany",Remote,Full-time,,,English,,,Recent,https://de.linkedin.com/jobs/view/manual-quality-assurance-engineer-web-core-product-at-speechify-4373567343,2026-03-05T10:37:45.908604+00:00
0,Test Engineer | Czech Republic,linkedin,"Engineer I, Quality",BD Nogales Norte,"Distrito Nacional, Dominican Republic",On-site,Full-time,,,English,,,Recent,https://do.linkedin.com/jobs/view/engineer-i-quality-at-bd-nogales-norte-4381176773,2026-03-05T10:37:50.590623+00:00
0,Test Engineer | Czech Republic,linkedin,AI Analyst & Prompt Engineering Specialist,TP,"Santo Domingo, Distrito Nacional, Dominican Republic",On-site,Full-time,Prompt Engineering,,English,,,Recent,https://do.linkedin.com/jobs/view/ai-analyst-prompt-engineering-specialist-at-tp-4379928994,2026-03-05T10:37:50.590767+00:00
0,Test Engineer | Czech Republic,linkedin,"Engineer I, Quality (Temporary)",BD Nogales Norte,"Distrito Nacional, Dominican Republic",On-site,Full-time,,,English,,,Recent,https://do.linkedin.com/jobs/view/engineer-i-quality-temporary-at-bd-nogales-norte-4371671763,2026-03-05T10:37:50.590903+00:00
0,Test Engineer | Czech Republic,linkedin,Ingeniero de Datos (Junior) - Trabajo Remoto,BairesDev,"Santo Domingo, Dominican Republic",On-site,Full-time,,Junior,English,,,Recent,https://do.linkedin.com/jobs/view/ingeniero-de-datos-junior-trabajo-remoto-at-bairesdev-4378835695,2026-03-05T10:37:50.591326+00:00
0,Test Engineer | Poland,linkedin,Software Engineer In Test - SDET (Poland),Codup,Poland,On-site,Full-time,,,English,,,Recent,https://pl.linkedin.com/jobs/view/software-engineer-in-test-sdet-poland-at-codup-4372770617,2026-03-05T10:37:53.034504+00:00
0,Test Engineer | Poland,linkedin,Software Test Engineer,Rho,Poland,On-site,Full-time,,,English,,,Recent,https://pl.linkedin.com/jobs/view/software-test-engineer-at-rho-4308483608,2026-03-05T10:37:53.035208+00:00
0,Test Engineer | Poland,linkedin,1046 | Middle+ Manual QA Engineer,Intetics,Poland,On-site,Full-time,,,English,,,Recent,https://pl.linkedin.com/jobs/view/1046-middle%2B-manual-qa-engineer-at-intetics-4375141407,2026-03-05T10:37:53.035484+00:00
0,Test Engineer | USA,linkedin,Junior QA Engineer (Entry-Level),CloudBerry,United States,On-site,Full-time,,"Junior, Entry-Level",English,,,Recent,https://www.linkedin.com/jobs/view/junior-qa-engineer-entry-level-at-cloudberry-4379916350,2026-03-05T10:37:55.617620+00:00
0,Test Engineer | USA,linkedin,Entry Level Software Engineer,Emonics LLC,"San Francisco, CA",On-site,Full-time,,,English,,,Recent,https://www.linkedin.com/jobs/view/entry-level-software-engineer-at-emonics-llc-4378845513,2026-03-05T10:37:55.618183+00:00
0,Test Engineer | USA,linkedin,Entry Level Software Engineer,Emonics LLC,"Washington, DC",On-site,Full-time,,,English,,,Recent,https://www.linkedin.com/jobs/view/entry-level-software-engineer-at-emonics-llc-4378840590,2026-03-05T10:37:55.618321+00:00
0,Test Engineer | USA,linkedin,Entry Level Software Engineer,Emonics LLC,"San Diego, CA",On-site,Full-time,,,English,,,Recent,https://www.linkedin.com/jobs/view/entry-level-software-engineer-at-emonics-llc-4378849430,2026-03-05T10:37:55.618457+00:00
0,Test Engineer | United Kingdom,linkedin,"QA Engineer (Manual) | Wokingham/Hybrid | £55,000 - £65,000",Opus Recruitment Solutions,"Wokingham, England, United Kingdom",Hybrid,Full-time,,,English,,,Recent,https://uk.linkedin.com/jobs/view/qa-engineer-manual-wokingham-hybrid-%C2%A355-000-%C2%A365-000-at-opus-recruitment-solutions-4379198001,2026-03-05T10:37:58.004931+00:00
0,Test Engineer | United Kingdom,linkedin,UI Engineer - Hedge Fund - £300k,Paragon Alpha - Hedge Fund Talent Business,"London Area, United Kingdom",On-site,Full-time,,,English,,,Recent,https://uk.linkedin.com/jobs/view/ui-engineer-hedge-fund-%C2%A3300k-at-paragon-alpha-hedge-fund-talent-business-4379906651,2026-03-05T10:37:58.005077+00:00
0,Test Engineer | United Kingdom,linkedin,"Software Engineer - Python, Automation",Roku,"Cambridge, England, United Kingdom",On-site,Full-time,Python,,English,,,Recent,https://uk.linkedin.com/jobs/view/software-engineer-python-automation-at-roku-4378849265,2026-03-05T10:37:58.005231+00:00
0,Testingenieur | Germany,linkedin,Testingenieur – Mechanical Engineering / Systemtests (all gender),ALTEN,"Hamburg, Hamburg, Germany",On-site,Full-time,,,English,,,Recent,https://de.linkedin.com/jobs/view/testingenieur-%E2%80%93-mechanical-engineering-systemtests-all-gender-at-alten-4373103421,2026-03-05T10:38:00.399477+00:00
0,Testingenieur | Germany,linkedin,CQV & CSV Engineering Opportunities – Germany,KPC International,"Frankfurt, Hesse, Germany",On-site,Internship,,,English,,,Recent,https://de.linkedin.com/jobs/view/cqv-csv-engineering-opportunities-%E2%80%93-germany-at-kpc-international-4225886744,2026-03-05T10:38:00.399626+00:00
0,Testingenieur | Germany,linkedin,Versuchsingenieur/-techniker (m/w/d),Rheinmetall,"Unterlüß, Lower Saxony, Germany",On-site,Full-time,,,English,,,Recent,https://de.linkedin.com/jobs/view/versuchsingenieur-techniker-m-w-d-at-rheinmetall-4376662404,2026-03-05T10:38:00.399772+00:00
0,Testingenieur | Germany,linkedin,Testingenieur/-techniker (m/w/d),Novoferm tormatic GmbH,"Dortmund, North Rhine-Westphalia, Germany",On-site,Full-time,,,English,,,Recent,https://de.linkedin.com/jobs/view/testingenieur-techniker-m-w-d-at-novoferm-tormatic-gmbh-4379362142,2026-03-05T10:38:00.399916+00:00
0,Testingenieur | Germany,linkedin,Prototype & Test Engineer (m/f/d),NVision Imaging Technologies,"Ulm, Baden-Württemberg, Germany",On-site,Full-time,,,English,,,Recent,https://de.linkedin.com/jobs/view/prototype-test-engineer-m-f-d-at-nvision-imaging-technologies-4373436102,2026-03-05T10:38:00.400062+00:00
0,Testingenieur | Germany,linkedin,Test Field Engineer - Prüffeldtechniker,EarthStream Global,"Brilon, North Rhine-Westphalia, Germany",On-site,Full-time,,,English,,,Recent,https://de.linkedin.com/jobs/view/test-field-engineer-pr%C3%BCffeldtechniker-at-earthstream-global-4372502017,2026-03-05T10:38:00.400211+00:00
0,Testingenieur | Germany,linkedin,(Junior) System- / Applikationsingenieur (m/w/d),TRIMET Aluminium SE,"Essen, North Rhine-Westphalia, Germany",On-site,Full-time,,Junior,English,,,Recent,https://de.linkedin.com/jobs/view/junior-system-applikationsingenieur-m-w-d-at-trimet-aluminium-se-4378915263,2026-03-05T10:38:00.400356+00:00
0,Testingenieur | Germany,linkedin,Testingenieur Schienenfahrzeuge (all gender),ALTEN,"Salzgitter, Lower Saxony, Germany",On-site,Full-time,,,English,,,Recent,https://de.linkedin.com/jobs/view/testingenieur-schienenfahrzeuge-all-gender-at-alten-4372688765,2026-03-05T10:38:00.400497+00:00
0,Testingenieur | Germany,linkedin,Unsolicited,Dive CAE,"Berlin, Berlin, Germany",On-site,Full-time,,,English,,,Recent,https://de.linkedin.com/jobs/view/unsolicited-at-dive-cae-4373101666,2026-03-05T10:38:00.400635+00:00
0,Testingenieur | Austria,linkedin,Supplier Test Engineer (all genders),Lam Research,"Villach, Carinthia, Austria",On-site,Full-time,,,English,,,Recent,https://at.linkedin.com/jobs/view/supplier-test-engineer-all-genders-at-lam-research-4377926919,2026-03-05T10:38:02.758119+00:00
0,Testingenieur | Austria,linkedin,Junior Testingenieurin / Testingenieur (m/w/d),Miba Cooling Austria (former DAU GmbH & Co KG),"Kirchbach, Carinthia, Austria",On-site,Full-time,,Junior,English,,,Recent,https://at.linkedin.com/jobs/view/junior-testingenieurin-testingenieur-m-w-d-at-miba-cooling-austria-former-dau-gmbh-co-kg-4363373717,2026-03-05T10:38:02.758857+00:00
0,Testingenieur | Austria,linkedin,(Junior) Product Developer - Medical Technology (m/w/d),Lohmann & Rauscher Österreich,"Schönau an der Triesting, Lower Austria, Austria",On-site,Full-time,,Junior,German,,,Recent,https://at.linkedin.com/jobs/view/junior-product-developer-medical-technology-m-w-d-at-lohmann-rauscher-%C3%B6sterreich-4366717813,2026-03-05T10:38:02.759147+00:00
0,Testingenieur | Austria,linkedin,(Junior) Product Developer - Medical Technology (m/w/d),Lohmann & Rauscher Österreich,"Schönau an der Triesting, Lower Austria, Austria",On-site,Full-time,,Junior,German,,,Recent,https://at.linkedin.com/jobs/view/junior-product-developer-medical-technology-m-w-d-at-lohmann-rauscher-%C3%B6sterreich-4366724622,2026-03-05T10:38:02.759297+00:00
0,Testingenieur | Austria,linkedin,"Junior InSAR Engineer - 38,5 h/week (f/m/d)",AUGMENTERRA,"Salzburg, Salzburg, Austria",On-site,Full-time,,Junior,English,,,Recent,https://at.linkedin.com/jobs/view/junior-insar-engineer-38-5-h-week-f-m-d-at-augmenterra-4364793344,2026-03-05T10:38:02.759434+00:00
0,Testingenieur | Switzerland,linkedin,"Industrialization, Electronics Test Engineer",ANYbotics,"Zurich, Zurich, Switzerland",On-site,Full-time,,,English,,,Recent,https://ch.linkedin.com/jobs/view/industrialization-electronics-test-engineer-at-anybotics-4378614840,2026-03-05T10:38:05.139810+00:00
0,Testingenieur | Switzerland,linkedin,Test und Quality Engineer,ti&m,"Zurich, Zurich, Switzerland",On-site,Full-time,,,German,,,Recent,https://ch.linkedin.com/jobs/view/test-und-quality-engineer-at-ti-m-4374300155,2026-03-05T10:38:05.139945+00:00
0,Testingenieur | Switzerland,linkedin,Application Engineer,JobCourier,"Lugano, Ticino, Switzerland",On-site,Full-time,,,English,,,Recent,https://ch.linkedin.com/jobs/view/application-engineer-at-jobcourier-4370367543,2026-03-05T10:38:05.140365+00:00
0,Testingenieur | Remote,linkedin,Application Engineer,Vericut (CGTech Deutschland GmbH),Germany,Remote,Full-time,,,English,,,Recent,https://de.linkedin.com/jobs/view/application-engineer-at-vericut-cgtech-deutschland-gmbh-4372820606,2026-03-05T10:38:07.512847+00:00
0,Testingenieur | Remote,linkedin,System- und Testingenieur Funkkommunikationssysteme (all gender) 300,ALTEN Germany,"Stuttgart, Baden-Württemberg, Germany",Remote,Full-time,,,German,,,Recent,https://de.linkedin.com/jobs/view/system-und-testingenieur-funkkommunikationssysteme-all-gender-300-at-alten-germany-4361021637,2026-03-05T10:38:07.513204+00:00
0,Testingenieur | Remote,linkedin,SIM & Device Engineer (IoT),KORE,Germany,Remote,Full-time,,,English,,,Recent,https://de.linkedin.com/jobs/view/sim-device-engineer-iot-at-kore-4269230163,2026-03-05T10:38:07.513500+00:00
0,Testingenieur | Slovakia,linkedin,Agile Test Engineer,ESET,"Bratislava, Bratislava, Slovakia",On-site,Full-time,,Agile,English,,,Recent,https://sk.linkedin.com/jobs/view/agile-test-engineer-at-eset-4375989657,2026-03-05T10:38:09.845209+00:00
0,Testingenieur | Czech Republic,linkedin,PLC programátor (m/f/d),TE Connectivity,Dominican Republic,On-site,Full-time,,,English,,,Recent,https://do.linkedin.com/jobs/view/plc-program%C3%A1tor-m-f-d-at-te-connectivity-4369481033,2026-03-05T10:38:12.262024+00:00
0,Testingenieur | Czech Republic,linkedin,Estudiante/Recién graduado en Ingenieria de Sistemas,GBM,Dominican Republic,On-site,Full-time,,,English,,,Recent,https://do.linkedin.com/jobs/view/estudiante-reci%C3%A9n-graduado-en-ingenieria-de-sistemas-at-gbm-4375759096,2026-03-05T10:38:12.262316+00:00
0,Testingenieur | Czech Republic,linkedin,Líder de Proyectos Desarrollo de Sistemas,Banco Popular Dominicano,"Santo Domingo, Distrito Nacional, Dominican Republic",On-site,Full-time,,,English,,,Recent,https://do.linkedin.com/jobs/view/l%C3%ADder-de-proyectos-desarrollo-de-sistemas-at-banco-popular-dominicano-4378193117,2026-03-05T10:38:12.262464+00:00
0,Testingenieur | Poland,linkedin,Junior Test Engineer,Reply,Katowice Metropolitan Area,On-site,Full-time,,Junior,English,,,Recent,https://pl.linkedin.com/jobs/view/junior-test-engineer-at-reply-4377715846,2026-03-05T10:38:14.640727+00:00
0,Testingenieur | Poland,linkedin,TECHNOLOG (K/M),Łódzki Klaster ICT,"Białostoczek, Podlaskie, Poland",On-site,Full-time,,,English,,,Recent,https://pl.linkedin.com/jobs/view/technolog-k-m-at-%C5%82%C3%B3dzki-klaster-ict-4372814126,2026-03-05T10:38:14.641211+00:00
0,Testingenieur | Poland,linkedin,Staż w Dziale Inżynieryjnym,Corning Incorporated,"Mszczonów, Mazowieckie, Poland",On-site,Full-time,,,English,,,Recent,https://pl.linkedin.com/jobs/view/sta%C5%BC-w-dziale-in%C5%BCynieryjnym-at-corning-incorporated-4380026734,2026-03-05T10:38:14.641371+00:00
0,Testingenieur | Poland,linkedin,Mechanical Designer / Test Engineer (f/m),Airbus Helicopters,"Łódź, Łódzkie, Poland",On-site,Full-time,,,English,,,Recent,https://pl.linkedin.com/jobs/view/mechanical-designer-test-engineer-f-m-at-airbus-helicopters-4378564274,2026-03-05T10:38:14.641529+00:00
0,Testingenieur | Poland,linkedin,Inżynier testów produkcyjnych automotive (k/m),SEGULA Technologies,"Częstochowa, Śląskie, Poland",On-site,Full-time,,,English,,,Recent,https://pl.linkedin.com/jobs/view/in%C5%BCynier-test%C3%B3w-produkcyjnych-automotive-k-m-at-segula-technologies-4357509002,2026-03-05T10:38:14.641836+00:00
0,Testingenieur | Poland,linkedin,TECHNOLOG/TECHNOLOŻKA,Łódzki Klaster ICT,"Korzeniów, Podkarpackie, Poland",On-site,Full-time,,,English,,,Recent,https://pl.linkedin.com/jobs/view/technolog-technolo%C5%BCka-at-%C5%82%C3%B3dzki-klaster-ict-4374669850,2026-03-05T10:38:14.641990+00:00
0,Testingenieur | USA,linkedin,Mechanical Test Engineer,Applus+ Laboratories,"Houston, TX",On-site,Full-time,,,English,,,Recent,https://www.linkedin.com/jobs/view/mechanical-test-engineer-at-applus%2B-laboratories-4125985556,2026-03-05T10:38:17.150066+00:00
0,Testingenieur | USA,linkedin,Manufacturing Engineer - Powertrain/Test,Ford Motor Company,"Dearborn, MI",On-site,Full-time,,,English,,,Recent,https://www.linkedin.com/jobs/view/manufacturing-engineer-powertrain-test-at-ford-motor-company-4373887575,2026-03-05T10:38:17.150360+00:00
0,Testingenieur | USA,linkedin,Test Engineer I,Komatsu,"Tucson, AZ",On-site,Full-time,,,English,,,Recent,https://www.linkedin.com/jobs/view/test-engineer-i-at-komatsu-4379990124,2026-03-05T10:38:17.150503+00:00
0,Testingenieur | USA,linkedin,Test Engineer I – Early Career (2026 Starts),Blue Origin,"Lancaster, CA",On-site,Contract,Can,"Internship, Safe",English,,,Recent,https://www.linkedin.com/jobs/view/test-engineer-i-%E2%80%93-early-career-2026-starts-at-blue-origin-4353142610,2026-03-05T10:38:17.150913+00:00
0,Testingenieur | United Kingdom,linkedin,Mechanical Test Engineer,BSI,"Hemel Hempstead, England, United Kingdom",On-site,Contract,,,English,,,Recent,https://uk.linkedin.com/jobs/view/mechanical-test-engineer-at-bsi-3841320068,2026-03-05T10:38:19.578216+00:00
0,Testingenieur | United Kingdom,linkedin,"Electronics Assembly, Repair and Test Engineer",UKC Group,"Boreham, England, United Kingdom",On-site,Full-time,,Assembly,English,,,Recent,https://uk.linkedin.com/jobs/view/electronics-assembly-repair-and-test-engineer-at-ukc-group-4369721032,2026-03-05T10:38:19.578378+00:00
0,Testingenieur | United Kingdom,linkedin,Mobile Automation Test Engineer,Solirius Reply,"Coventry, England, United Kingdom",Remote,Full-time,,,English,,,Recent,https://uk.linkedin.com/jobs/view/mobile-automation-test-engineer-at-solirius-reply-4376807247,2026-03-05T10:38:19.579343+00:00
0,Testingenieur | United Kingdom,linkedin,Test Engineer,Instituto de Continuidad de Negocio,"Portsmouth, England, United Kingdom",On-site,Full-time,,,English,,,Recent,https://uk.linkedin.com/jobs/view/test-engineer-at-instituto-de-continuidad-de-negocio-4372195121,2026-03-05T10:38:19.579481+00:00
0,Test Automation | Switzerland,linkedin,Test Automation Specialist,Ubique Systems,"Zurich, Switzerland",On-site,Full-time,Test Automation,,English,,,Recent,https://ch.linkedin.com/jobs/view/test-automation-specialist-at-ubique-systems-4379832446,2026-03-05T10:38:26.765369+00:00
0,Test Automation | Switzerland,linkedin,Testing,Ampegon,"Baden, Aargau, Switzerland",On-site,Full-time,,,English,,,Recent,https://ch.linkedin.com/jobs/view/testing-at-ampegon-4350701131,2026-03-05T10:38:26.765629+00:00
0,Test Automation | Switzerland,linkedin,Test Automation Engineer (a),Gi Group,"Risch-Rotkreuz, Zug, Switzerland",On-site,Full-time,Test Automation,,English,,,Recent,https://ch.linkedin.com/jobs/view/test-automation-engineer-a-at-gi-group-4357559811,2026-03-05T10:38:26.766034+00:00
0,Test Automation | Remote,linkedin,Quality Assurance Specialist,MAK Technologies LLC,Germany,Remote,Full-time,,,English,,,Recent,https://de.linkedin.com/jobs/view/quality-assurance-specialist-at-mak-technologies-llc-4376766590,2026-03-05T10:38:29.166397+00:00
0,Test Automation | Slovakia,linkedin,Software Developer in Test (SDET),Fiserv,"Bratislava, Slovakia",On-site,Full-time,,,English,,,Recent,https://sk.linkedin.com/jobs/view/software-developer-in-test-sdet-at-fiserv-4372899045,2026-03-05T10:38:31.518321+00:00
0,Test Automation | Czech Republic,linkedin,Analista de Calidad,Quala,Dominican Republic,On-site,Full-time,,,English,,,Recent,https://do.linkedin.com/jobs/view/analista-de-calidad-at-quala-4374385837,2026-03-05T10:38:33.900796+00:00
0,Test Automation | Czech Republic,linkedin,Ingeniero/a QA Automatización,Agilesoft,Dominican Republic,On-site,Full-time,,,English,,,Recent,https://do.linkedin.com/jobs/view/ingeniero-a-qa-automatizaci%C3%B3n-at-agilesoft-4373339362,2026-03-05T10:38:33.901243+00:00
0,Test Automation | Czech Republic,linkedin,Quality Analyst,Advensus,"Distrito Nacional, Dominican Republic",On-site,Full-time,,,English,,,Recent,https://do.linkedin.com/jobs/view/quality-analyst-at-advensus-4378118106,2026-03-05T10:38:33.901523+00:00
0,Test Automation | Czech Republic,linkedin,QA Funcional Intermedio (Analista de Calidad de Software) Híbrido,OrionTek,"Santo Domingo de Guzmán, Distrito Nacional, Dominican Republic",On-site,Full-time,,,English,,,Recent,https://do.linkedin.com/jobs/view/qa-funcional-intermedio-analista-de-calidad-de-software-h%C3%ADbrido-at-oriontek-4371188284,2026-03-05T10:38:33.901654+00:00
0,Test Automation | Czech Republic,linkedin,Aprendiz de QA,Babel,"Santo Domingo, Distrito Nacional, Dominican Republic",On-site,Full-time,,,English,,,Recent,https://do.linkedin.com/jobs/view/aprendiz-de-qa-at-babel-4370737100,2026-03-05T10:38:33.901797+00:00
0,Test Automation | Czech Republic,linkedin,Analista de Calidad en la Gestión,Tu Empleo RD,"Santo Domingo Este, Santo Domingo, Dominican Republic",On-site,Full-time,,,English,,,Recent,https://do.linkedin.com/jobs/view/analista-de-calidad-en-la-gesti%C3%B3n-at-tu-empleo-rd-4380129440,2026-03-05T10:38:33.902073+00:00
0,Test Automation | Poland,linkedin,QA Analyst (Manual & Automation)/ I,Inetum,"Warsaw, Mazowieckie, Poland",On-site,Full-time,,,English,,,Recent,https://pl.linkedin.com/jobs/view/qa-analyst-manual-automation-i-at-inetum-4373813470,2026-03-05T10:38:36.283924+00:00
0,Test Automation | Poland,linkedin,Manager - Quality Assurance,Xperi Inc.,"Warsaw, Mazowieckie, Poland",On-site,Full-time,,,English,,,Recent,https://pl.linkedin.com/jobs/view/manager-quality-assurance-at-xperi-inc-4377391461,2026-03-05T10:38:36.284210+00:00
0,Test Automation | Poland,linkedin,QA Manual Tester (Desktop/Web applications),Inexto SA,"Cracow, Małopolskie, Poland",On-site,Full-time,,,English,,,Recent,https://pl.linkedin.com/jobs/view/qa-manual-tester%C2%A0-desktop-web-applications-at-inexto-sa-4374067677,2026-03-05T10:38:36.284343+00:00
0,Test Automation | Poland,linkedin,Quality Assurance Tester,Wipro,"Warsaw, Mazowieckie, Poland",On-site,Full-time,,,English,,,Recent,https://pl.linkedin.com/jobs/view/quality-assurance-tester-at-wipro-4371922742,2026-03-05T10:38:36.284619+00:00
0,Test Automation | USA,linkedin,Junior Test Automation Engineer,Largeton Group,"Charlotte, NC",On-site,Full-time,Test Automation,Junior,English,,,Recent,https://www.linkedin.com/jobs/view/junior-test-automation-engineer-at-largeton-group-4380529339,2026-03-05T10:38:38.805377+00:00
0,Test Automation | USA,linkedin,Manual and Automation Tester,"Seneca Resources Company, LLC","Virginia, United States",On-site,Full-time,,,English,,,Recent,https://www.linkedin.com/jobs/view/manual-and-automation-tester-at-seneca-resources-company-llc-4380566257,2026-03-05T10:38:38.805534+00:00
0,Test Automation | USA,linkedin,QA Tester,Samba Recovery,"Spring City, PA",On-site,Full-time,,,English,,,Recent,https://www.linkedin.com/jobs/view/qa-tester-at-samba-recovery-4378127225,2026-03-05T10:38:38.805674+00:00
0,Test Automation | USA,linkedin,QA Automation Engineer,GlobalPoint,"Charlotte, NC",On-site,Full-time,,,English,,,Recent,https://www.linkedin.com/jobs/view/qa-automation-engineer-at-globalpoint-4380976580,2026-03-05T10:38:38.805810+00:00
0,Test Automation | USA,linkedin,QA Automation Engineer,The Value Maximizer,"New York, NY",On-site,Full-time,,,English,,,Recent,https://www.linkedin.com/jobs/view/qa-automation-engineer-at-the-value-maximizer-4375430699,2026-03-05T10:38:38.805946+00:00
0,Test Automation | USA,linkedin,QA Automation Engineer,e123,"Laguna Hills, CA",On-site,Full-time,,,English,,,Recent,https://www.linkedin.com/jobs/view/qa-automation-engineer-at-e123-4378521080,2026-03-05T10:38:38.806074+00:00
0,Test Automation | USA,linkedin,QA Analyst,hackajob,United States,On-site,Full-time,,,English,,,Recent,https://www.linkedin.com/jobs/view/qa-analyst-at-hackajob-4379141374,2026-03-05T10:38:38.806218+00:00
0,Test Automation | USA,linkedin,Quality Assurance Analyst,LifeMD,"Lancaster, PA",On-site,Full-time,,,English,,,Recent,https://www.linkedin.com/jobs/view/quality-assurance-analyst-at-lifemd-4377892960,2026-03-05T10:38:38.806353+00:00
0,Test Automation | USA,linkedin,Quality Assurance Tester,Mployer,"Nashville, TN",On-site,Full-time,,,English,,,Recent,https://www.linkedin.com/jobs/view/quality-assurance-tester-at-mployer-4374306217,2026-03-05T10:38:38.806614+00:00
0,Test Automation | United Kingdom,linkedin,QA Test Analyst,SBS,"Yate, England, United Kingdom",On-site,Full-time,,,English,,,Recent,https://uk.linkedin.com/jobs/view/qa-test-analyst-at-sbs-4372797491,2026-03-05T10:38:41.209461+00:00
0,Test Automation | United Kingdom,linkedin,QA Engineer (Automation),esure Group,"Southport, England, United Kingdom",On-site,Full-time,,,English,,,Recent,https://uk.linkedin.com/jobs/view/qa-engineer-automation-at-esure-group-4374899573,2026-03-05T10:38:41.210015+00:00
0,Test Automation | United Kingdom,linkedin,QA Engineer (Automation),esure Group,"Glasgow, Scotland, United Kingdom",On-site,Full-time,,,English,,,Recent,https://uk.linkedin.com/jobs/view/qa-engineer-automation-at-esure-group-4375210517,2026-03-05T10:38:41.210158+00:00
0,Test Automation | United Kingdom,linkedin,QA Engineer (Automation),esure Group,"Manchester, England, United Kingdom",On-site,Full-time,,,English,,,Recent,https://uk.linkedin.com/jobs/view/qa-engineer-automation-at-esure-group-4375204506,2026-03-05T10:38:41.210299+00:00
0,Test Automation | United Kingdom,linkedin,Test Automation Engineer,Qurated,"Manchester Area, United Kingdom",On-site,Full-time,Test Automation,,English,,,Recent,https://uk.linkedin.com/jobs/view/test-automation-engineer-at-qurated-4375992291,2026-03-05T10:38:41.210434+00:00
0,Test Automation | United Kingdom,linkedin,Automation Test Analyst (Selenium) - New (REF9),RedRock Resourcing,"Bath, England, United Kingdom",On-site,Full-time,Selenium,,English,,,Recent,https://uk.linkedin.com/jobs/view/automation-test-analyst-selenium-new-ref9-at-redrock-resourcing-4378817047,2026-03-05T10:38:41.210567+00:00
0,Python Developer | Germany,linkedin,Freelance Data Science Engineer (Python & SQL),Mindrift,"Cologne, North Rhine-Westphalia, Germany",On-site,Contract,Python,"Data Science, Sql",English,,,Recent,https://de.linkedin.com/jobs/view/freelance-data-science-engineer-python-sql-at-mindrift-4380327621,2026-03-05T10:38:43.597844+00:00
0,Python Developer | Germany,linkedin,Freelance Data Science Engineer (Python & SQL),Mindrift,"Berlin, Berlin, Germany",On-site,Contract,Python,"Data Science, Sql",English,,,Recent,https://de.linkedin.com/jobs/view/freelance-data-science-engineer-python-sql-at-mindrift-4380321617,2026-03-05T10:38:43.598005+00:00
0,Python Developer | Germany,linkedin,Freelance Data Science Engineer (Python & SQL),Mindrift,Germany,On-site,Contract,Python,"Data Science, Sql",English,,,Recent,https://de.linkedin.com/jobs/view/freelance-data-science-engineer-python-sql-at-mindrift-4380313733,2026-03-05T10:38:43.598154+00:00
0,Python Developer | Germany,linkedin,Python Engineer,Contiamo,"Berlin, Berlin, Germany",On-site,Full-time,Python,,English,,,Recent,https://de.linkedin.com/jobs/view/python-engineer-at-contiamo-4379119880,2026-03-05T10:38:43.598288+00:00
0,Python Developer | Germany,linkedin,Freelance Data Science Engineer (Python & SQL),Mindrift,"Hamburg, Hamburg, Germany",On-site,Contract,Python,"Data Science, Sql",English,,,Recent,https://de.linkedin.com/jobs/view/freelance-data-science-engineer-python-sql-at-mindrift-4380324619,2026-03-05T10:38:43.598424+00:00
0,Python Developer | Germany,linkedin,Freelance Machine Learning Engineer (Python),Mindrift,Germany,On-site,Contract,Python,Machine Learning,English,,,Recent,https://de.linkedin.com/jobs/view/freelance-machine-learning-engineer-python-at-mindrift-4380366562,2026-03-05T10:38:43.598564+00:00
0,Python Developer | Germany,linkedin,Freelance Machine Learning Developer (Python),Mindrift,Germany,On-site,Contract,Python,Machine Learning,English,,,Recent,https://de.linkedin.com/jobs/view/freelance-machine-learning-developer-python-at-mindrift-4380371644,2026-03-05T10:38:43.598962+00:00
0,Python Developer | Germany,linkedin,Freelance Machine Learning Engineer (Python),Mindrift,"Berlin, Berlin, Germany",On-site,Contract,Python,Machine Learning,English,,,Recent,https://de.linkedin.com/jobs/view/freelance-machine-learning-engineer-python-at-mindrift-4380365594,2026-03-05T10:38:43.599096+00:00
0,Python Developer | Austria,linkedin,Freelance Data Science Engineer (Python & SQL),Mindrift,Austria,On-site,Contract,Python,"Data Science, Sql",English,,,Recent,https://at.linkedin.com/jobs/view/freelance-data-science-engineer-python-sql-at-mindrift-4380315789,2026-03-05T10:38:45.984947+00:00
0,Python Developer | Austria,linkedin,Freelance Machine Learning Developer (Python),Mindrift,Austria,On-site,Contract,Python,Machine Learning,English,,,Recent,https://at.linkedin.com/jobs/view/freelance-machine-learning-developer-python-at-mindrift-4380381606,2026-03-05T10:38:45.986720+00:00
0,Python Developer | Austria,linkedin,Freelance Machine Learning Engineer (Python),Mindrift,Austria,On-site,Contract,Python,Machine Learning,English,,,Recent,https://at.linkedin.com/jobs/view/freelance-machine-learning-engineer-python-at-mindrift-4380382186,2026-03-05T10:38:45.986869+00:00
0,Python Developer | Austria,linkedin,Python Developer (m/f/d),netcup,"Klagenfurt, Carinthia, Austria",On-site,Full-time,Python,,English,,,Recent,https://at.linkedin.com/jobs/view/python-developer-m-f-d-at-netcup-4377576625,2026-03-05T10:38:45.987006+00:00
0,Python Developer | Austria,linkedin,Python/JS Engineer – Annotator | Remote,Crossing Hurdles,Austria,Remote,Full-time,Python,,English,,,Recent,https://at.linkedin.com/jobs/view/python-js-engineer-%E2%80%93-annotator-remote-at-crossing-hurdles-4372078354,2026-03-05T10:38:45.987167+00:00
0,Python Developer | Austria,linkedin,Python Developer (m/w/d),NTS Netzwerk Telekom Service AG,"Vienna, Vienna, Austria",On-site,Full-time,Python,,English,,,Recent,https://at.linkedin.com/jobs/view/python-developer-m-w-d-at-nts-netzwerk-telekom-service-ag-4376207290,2026-03-05T10:38:45.987308+00:00
0,Python Developer | Austria,linkedin,Python Developer (m/w/d),NTS Netzwerk Telekom Service AG,"Graz, Styria, Austria",On-site,Full-time,Python,,English,,,Recent,https://at.linkedin.com/jobs/view/python-developer-m-w-d-at-nts-netzwerk-telekom-service-ag-4375997803,2026-03-05T10:38:45.987447+00:00
0,Python Developer | Austria,linkedin,Electrical Engineer with Python - Freelance AI Trainer,Mindrift,Austria,On-site,Contract,Python,,English,,,Recent,https://at.linkedin.com/jobs/view/electrical-engineer-with-python-freelance-ai-trainer-at-mindrift-4379789133,2026-03-05T10:38:45.987581+00:00
0,Python Developer | Austria,linkedin,Backend Developer (m/w/d),Loxone,"Kollerschlag, Upper Austria, Austria",On-site,Full-time,,,English,,,Recent,https://at.linkedin.com/jobs/view/backend-developer-m-w-d-at-loxone-4370700048,2026-03-05T10:38:45.987713+00:00
0,Python Developer | Austria,linkedin,Junior Full Stack Developer,Beyond Motion FlexCo,"Graz, Styria, Austria",On-site,Full-time,,Junior,English,,,Recent,https://at.linkedin.com/jobs/view/junior-full-stack-developer-at-beyond-motion-flexco-4369983371,2026-03-05T10:38:45.987848+00:00
0,Python Developer | Switzerland,linkedin,Backend Python Developer,Coopers Group AG,"Basel, Switzerland",On-site,Full-time,Python,,English,,,Recent,https://ch.linkedin.com/jobs/view/backend-python-developer-at-coopers-group-ag-4374563631,2026-03-05T10:38:48.329077+00:00
0,Python Developer | Switzerland,linkedin,Python Developer 80% - 100%,PSI Laboratory for Energy Systems Analysis (LEA),"Villigen, Aargau, Switzerland",Remote,Full-time,Python,,English,,,Recent,https://ch.linkedin.com/jobs/view/python-developer-80%25-100%25-at-psi-laboratory-for-energy-systems-analysis-lea-4373026952,2026-03-05T10:38:48.329248+00:00
0,Python Developer | Switzerland,linkedin,Python Developer  (80% remote),Ivy Partners,"Valais, Switzerland",Remote,Full-time,Python,,English,,,Recent,https://ch.linkedin.com/jobs/view/python-developer-80%25-remote-at-ivy-partners-4378373740,2026-03-05T10:38:48.329386+00:00
0,Python Developer | Switzerland,linkedin,Backend Python Developer – 6877,CTC Resourcing Solutions,"Basel, Switzerland",On-site,Full-time,Python,,English,,,Recent,https://ch.linkedin.com/jobs/view/backend-python-developer-%E2%80%93-6877-at-ctc-resourcing-solutions-4379039599,2026-03-05T10:38:48.329657+00:00
0,Python Developer | Switzerland,linkedin,Backend Python Developer (m/f/d),Datalynx AG,"Basel, Basel, Switzerland",On-site,Full-time,Python,,English,,,Recent,https://ch.linkedin.com/jobs/view/backend-python-developer-m-f-d-at-datalynx-ag-4376075872,2026-03-05T10:38:48.329800+00:00
0,Python Developer | Switzerland,linkedin,Backend Python Developer,JobCourier,"Basel, Basel, Switzerland",On-site,Full-time,Python,,English,,,Recent,https://ch.linkedin.com/jobs/view/backend-python-developer-at-jobcourier-4377627822,2026-03-05T10:38:48.329934+00:00
0,Python Developer | Switzerland,linkedin,"Backend Software Engineer, Python",Cradle,"Zurich, Zurich, Switzerland",On-site,Full-time,Python,,English,,,Recent,https://ch.linkedin.com/jobs/view/backend-software-engineer-python-at-cradle-4377592944,2026-03-05T10:38:48.330064+00:00
0,Python Developer | Switzerland,linkedin,Backend Software Engineer (Hosting),infomaniak | The Ethical Cloud,"Les Acacias, Neuchâtel, Switzerland",On-site,Full-time,,,English,,,Recent,https://ch.linkedin.com/jobs/view/backend-software-engineer-hosting-at-infomaniak-the-ethical-cloud-4380165855,2026-03-05T10:38:48.330205+00:00
0,Python Developer | Switzerland,linkedin,Python Software Engineer - Digital Assets,IMC Trading,"Zug, Zug, Switzerland",On-site,Full-time,Python,,English,,,Recent,https://ch.linkedin.com/jobs/view/python-software-engineer-digital-assets-at-imc-trading-4320553182,2026-03-05T10:38:48.330349+00:00
0,Python Developer | Remote,linkedin,Freelance Machine Learning Developer (Python),Mindrift,"Hamburg, Hamburg, Germany",Remote,Contract,Python,Machine Learning,English,,,Recent,https://de.linkedin.com/jobs/view/freelance-machine-learning-developer-python-at-mindrift-4380380453,2026-03-05T10:38:50.728065+00:00
0,Python Developer | Remote,linkedin,Freelance Machine Learning Developer (Python),Mindrift,"Cologne, North Rhine-Westphalia, Germany",Remote,Contract,Python,Machine Learning,English,,,Recent,https://de.linkedin.com/jobs/view/freelance-machine-learning-developer-python-at-mindrift-4380367670,2026-03-05T10:38:50.728206+00:00
0,Python Developer | Remote,linkedin,Freelance Machine Learning Developer (Python),Mindrift,"Berlin, Berlin, Germany",Remote,Contract,Python,Machine Learning,English,,,Recent,https://de.linkedin.com/jobs/view/freelance-machine-learning-developer-python-at-mindrift-4380383367,2026-03-05T10:38:50.728338+00:00
0,Python Developer | Slovakia,linkedin,Python Software Engineer,ESET,"Bratislava, Bratislava, Slovakia",On-site,Full-time,Python,,English,,,Recent,https://sk.linkedin.com/jobs/view/python-software-engineer-at-eset-4307549217,2026-03-05T10:38:53.064009+00:00
0,Python Developer | Slovakia,linkedin,Python Software Developer,Nokia,"Bratislava, Bratislava, Slovakia",On-site,Full-time,Python,,English,,,Recent,https://sk.linkedin.com/jobs/view/python-software-developer-at-nokia-4289894545,2026-03-05T10:38:53.064181+00:00
0,Python Developer | Slovakia,linkedin,Backend Software Engineer (Python),Innovatrics,"Bratislava, Bratislava, Slovakia",On-site,Full-time,Python,,English,,,Recent,https://sk.linkedin.com/jobs/view/backend-software-engineer-python-at-innovatrics-4373925805,2026-03-05T10:38:53.064325+00:00
0,Python Developer | Slovakia,linkedin,Full-Stack Developer (Python + JS),GoReel,Slovakia,On-site,Full-time,Python,,English,,,Recent,https://sk.linkedin.com/jobs/view/full-stack-developer-python-%2B-js-at-goreel-4378381916,2026-03-05T10:38:53.064466+00:00
0,Python Developer | Slovakia,linkedin,Python Software Engineer,ESET,"Bratislava, Bratislava, Slovakia",On-site,Full-time,Python,,English,,,Recent,https://sk.linkedin.com/jobs/view/python-software-engineer-at-eset-4292497215,2026-03-05T10:38:53.064605+00:00
0,Python Developer | Slovakia,linkedin,Software Engineer - Python,Legend,"Bratislava, Bratislava, Slovakia",On-site,Full-time,Python,,English,,,Recent,https://sk.linkedin.com/jobs/view/software-engineer-python-at-legend-4371203262,2026-03-05T10:38:53.064868+00:00
0,Python Developer | Slovakia,linkedin,Software Engineer (JavaScript/Python),ESET,"Bratislava, Bratislava, Slovakia",On-site,Full-time,"Javascript, Python",,English,,,Recent,https://sk.linkedin.com/jobs/view/software-engineer-javascript-python-at-eset-4352754566,2026-03-05T10:38:53.065002+00:00
0,Python Developer | Slovakia,linkedin,Python Engineer,Swiss Re,"Bratislava, Bratislava, Slovakia",On-site,Full-time,Python,,English,,,Recent,https://sk.linkedin.com/jobs/view/python-engineer-at-swiss-re-4325749432,2026-03-05T10:38:53.065142+00:00
0,Python Developer | Slovakia,linkedin,Full Stack Developer,butteland group,Bratislava Metropolitan Area,On-site,Full-time,,,English,,,Recent,https://sk.linkedin.com/jobs/view/full-stack-developer-at-butteland-group-4378192503,2026-03-05T10:38:53.065279+00:00
0,Python Developer | Czech Republic,linkedin,Junior Full Stack Engineer (R&D Team) (BPO Industry),Linuo Group,"Santo Domingo, Distrito Nacional, Dominican Republic",On-site,Full-time,,"Junior, R",English,,,Recent,https://do.linkedin.com/jobs/view/junior-full-stack-engineer-r-d-team-bpo-industry-at-linuo-group-4377697907,2026-03-05T10:38:55.442057+00:00
0,Python Developer | Czech Republic,linkedin,Full Stack Engineer (Remote),KAIZEN Asset Management Services,Dominican Republic,Remote,Full-time,,,English,,,Recent,https://do.linkedin.com/jobs/view/full-stack-engineer-remote-at-kaizen-asset-management-services-4372243612,2026-03-05T10:38:55.442242+00:00
0,Python Developer | Czech Republic,linkedin,Full Stack Developer,Flatiron Software,Dominican Republic,On-site,Full-time,,,English,,,Recent,https://do.linkedin.com/jobs/view/full-stack-developer-at-flatiron-software-4378357690,2026-03-05T10:38:55.442390+00:00
0,Python Developer | Czech Republic,linkedin,Líder Desarrollador Back-End,Banco Popular Dominicano,"Santo Domingo, Distrito Nacional, Dominican Republic",On-site,Full-time,,,English,,,Recent,https://do.linkedin.com/jobs/view/l%C3%ADder-desarrollador-back-end-at-banco-popular-dominicano-4373125330,2026-03-05T10:38:55.442530+00:00
0,Python Developer | Czech Republic,linkedin,Full-stack Angular Developer - Remote Work,BairesDev,Dominican Republic,Remote,Full-time,,Angular,English,,,Recent,https://do.linkedin.com/jobs/view/full-stack-angular-developer-remote-work-at-bairesdev-4379448155,2026-03-05T10:38:55.442672+00:00
0,Python Developer | Czech Republic,linkedin,AI/ML Engineer,Perform,Dominican Republic,On-site,Full-time,,,English,,,Recent,https://do.linkedin.com/jobs/view/ai-ml-engineer-at-perform-4344260713,2026-03-05T10:38:55.442809+00:00
0,Python Developer | Czech Republic,linkedin,Agentic Python Engineer - Remote - Latin America,FullStack,"Santo Domingo Este, Santo Domingo, Dominican Republic",Remote,Full-time,Python,,English,,,Recent,https://do.linkedin.com/jobs/view/agentic-python-engineer-remote-latin-america-at-fullstack-4315354864,2026-03-05T10:38:55.442946+00:00
0,Python Developer | Czech Republic,linkedin,Agentic Python Engineer - Remote - Latin America,FullStack,Dominican Republic,Remote,Full-time,Python,,English,,,Recent,https://do.linkedin.com/jobs/view/agentic-python-engineer-remote-latin-america-at-fullstack-4315360603,2026-03-05T10:38:55.443145+00:00
0,Python Developer | Czech Republic,linkedin,Agentic Python Engineer - Remote - Latin America,FullStack,"Santo Domingo, Dominican Republic",Remote,Full-time,Python,,English,,,Recent,https://do.linkedin.com/jobs/view/agentic-python-engineer-remote-latin-america-at-fullstack-4315356731,2026-03-05T10:38:55.443288+00:00
0,Python Developer | Czech Republic,linkedin,Full Stack Engineer,Origami Risk,"Santo Domingo, Distrito Nacional, Dominican Republic",On-site,Full-time,,,English,,,Recent,https://do.linkedin.com/jobs/view/full-stack-engineer-at-origami-risk-4376107256,2026-03-05T10:38:55.443418+00:00
0,Python Developer | Poland,linkedin,Freelance Data Science Engineer (Python & SQL),Mindrift,Poland,On-site,Contract,Python,"Data Science, Sql",English,,,Recent,https://pl.linkedin.com/jobs/view/freelance-data-science-engineer-python-sql-at-mindrift-4380332486,2026-03-05T10:38:57.916305+00:00
0,Python Developer | Poland,linkedin,Freelance Machine Learning Developer (Python),Mindrift,"Warsaw, Mazowieckie, Poland",On-site,Contract,Python,Machine Learning,English,,,Recent,https://pl.linkedin.com/jobs/view/freelance-machine-learning-developer-python-at-mindrift-4380371787,2026-03-05T10:38:57.916466+00:00
0,Python Developer | Poland,linkedin,Software Engineer (4/5) — Developer Platform,Netflix,"Warsaw, Mazowieckie, Poland",On-site,Full-time,,,English,,,Recent,https://pl.linkedin.com/jobs/view/software-engineer-4-5-%E2%80%94-developer-platform-at-netflix-4193468200,2026-03-05T10:38:57.916606+00:00
0,Python Developer | Poland,linkedin,Python Developer,Maxima Consulting,Poland,On-site,Full-time,Python,,English,,,Recent,https://pl.linkedin.com/jobs/view/python-developer-at-maxima-consulting-4380361207,2026-03-05T10:38:57.916760+00:00
0,Python Developer | Poland,linkedin,Mid Python Engineer,Infermedica,"Wrocław, Dolnośląskie, Poland",On-site,Full-time,Python,,English,,,Recent,https://pl.linkedin.com/jobs/view/mid-python-engineer-at-infermedica-4380398021,2026-03-05T10:38:57.916894+00:00
0,Python Developer | Poland,linkedin,Junior Python Developer - Freelance,Netguru,"Poznań, Wielkopolskie, Poland",On-site,Contract,Python,Junior,English,,,Recent,https://pl.linkedin.com/jobs/view/junior-python-developer-freelance-at-netguru-4378361589,2026-03-05T10:38:57.917038+00:00
0,Python Developer | Poland,linkedin,Python Developer,ALGOTEQUE Innovation Hub,"Warsaw, Mazowieckie, Poland",On-site,Full-time,Python,,English,,,Recent,https://pl.linkedin.com/jobs/view/python-developer-at-algoteque-innovation-hub-4380137532,2026-03-05T10:38:57.917186+00:00
0,Python Developer | Poland,linkedin,Python Developer,IT Factory,"Warsaw, Mazowieckie, Poland",On-site,Full-time,Python,,English,,,Recent,https://pl.linkedin.com/jobs/view/python-developer-at-it-factory-4380186261,2026-03-05T10:38:57.917326+00:00
0,Python Developer | Poland,linkedin,Freelance Data Science Engineer (Python & SQL),Mindrift,"Cracow, Małopolskie, Poland",On-site,Contract,Python,"Data Science, Sql",English,,,Recent,https://pl.linkedin.com/jobs/view/freelance-data-science-engineer-python-sql-at-mindrift-4380319715,2026-03-05T10:38:57.917461+00:00
0,Python Developer | Poland,linkedin,Freelance Data Science Engineer (Python & SQL),Mindrift,"Warsaw, Mazowieckie, Poland",On-site,Contract,Python,"Data Science, Sql",English,,,Recent,https://pl.linkedin.com/jobs/view/freelance-data-science-engineer-python-sql-at-mindrift-4380312820,2026-03-05T10:38:57.917600+00:00
0,Python Developer | USA,linkedin,Software Engineer -Python,Garmin,"Olathe, KS",On-site,Full-time,Python,,English,,,Recent,https://www.linkedin.com/jobs/view/software-engineer-python-at-garmin-4380152827,2026-03-05T10:39:00.465949+00:00
0,Python Developer | USA,linkedin,Python Developer,Constellation Inc,"Washington, DC",On-site,Full-time,Python,,English,,,Recent,https://www.linkedin.com/jobs/view/python-developer-at-constellation-inc-4378195657,2026-03-05T10:39:00.466112+00:00
0,Python Developer | USA,linkedin,Software Engineer - Python,PayPal,"San Jose, CA",On-site,Full-time,Python,,English,,,Recent,https://www.linkedin.com/jobs/view/software-engineer-python-at-paypal-4377754434,2026-03-05T10:39:00.466260+00:00
0,Python Developer | USA,linkedin,Fullstack Software Engineer,Hadrian,"Los Angeles, CA",On-site,Full-time,,,English,,,Recent,https://www.linkedin.com/jobs/view/fullstack-software-engineer-at-hadrian-4168110099,2026-03-05T10:39:00.466405+00:00
0,Python Developer | USA,linkedin,Python Developer,Crossing Hurdles,"California, United States",On-site,Full-time,Python,,English,,,Recent,https://www.linkedin.com/jobs/view/python-developer-at-crossing-hurdles-4379420257,2026-03-05T10:39:00.466543+00:00
0,Python Developer | USA,linkedin,Python AI Engineer,Tech Mahindra,"Cleveland, OH",On-site,Full-time,Python,,English,,,Recent,https://www.linkedin.com/jobs/view/python-ai-engineer-at-tech-mahindra-4378845802,2026-03-05T10:39:00.466683+00:00
0,Python Developer | USA,linkedin,Python Developer,Sparksoft Corporation,"Columbia, MD",On-site,Full-time,Python,,English,,,Recent,https://www.linkedin.com/jobs/view/python-developer-at-sparksoft-corporation-4380396966,2026-03-05T10:39:00.466819+00:00
0,Python Developer | USA,linkedin,Python Software Engineer (SWE) - Remote,North Star Staffing,United States,Remote,Full-time,Python,,English,,,Recent,https://www.linkedin.com/jobs/view/python-software-engineer-swe-remote-at-north-star-staffing-4379905833,2026-03-05T10:39:00.466964+00:00
0,Python Developer | USA,linkedin,Python Developer,Bright Vision Technologies,"Fairfax, VA",On-site,Full-time,Python,,English,,,Recent,https://www.linkedin.com/jobs/view/python-developer-at-bright-vision-technologies-4380517151,2026-03-05T10:39:00.467096+00:00
0,Python Developer | USA,linkedin,Software Engineer (Python) - Remote,Taskify AI,United States,Remote,Full-time,Python,,English,,,Recent,https://www.linkedin.com/jobs/view/software-engineer-python-remote-at-taskify-ai-4380383410,2026-03-05T10:39:00.467234+00:00
0,Python Developer | United Kingdom,linkedin,Python Developer,hackajob,"London, England, United Kingdom",On-site,Full-time,Python,,English,,,Recent,https://uk.linkedin.com/jobs/view/python-developer-at-hackajob-4378472866,2026-03-05T10:39:02.915773+00:00
0,Python Developer | United Kingdom,linkedin,Freelance Data Science Engineer (Python & SQL),Mindrift,United Kingdom,On-site,Contract,Python,"Data Science, Sql",English,,,Recent,https://uk.linkedin.com/jobs/view/freelance-data-science-engineer-python-sql-at-mindrift-4380331501,2026-03-05T10:39:02.916088+00:00
0,Python Developer | United Kingdom,linkedin,Python Software Engineer - Financial Systems,Validus Risk Management,"London, England, United Kingdom",On-site,Full-time,Python,,English,,,Recent,https://uk.linkedin.com/jobs/view/python-software-engineer-financial-systems-at-validus-risk-management-4380332733,2026-03-05T10:39:02.916243+00:00
0,Python Developer | United Kingdom,linkedin,Python Software Engineer – Quantitative Hedge Fund : £120-180k,Hunter Bond,"London Area, United Kingdom",On-site,Full-time,Python,,English,,,Recent,https://uk.linkedin.com/jobs/view/python-software-engineer-%E2%80%93-quantitative-hedge-fund-%C2%A3120-180k-at-hunter-bond-4378189356,2026-03-05T10:39:02.916387+00:00
0,Python Developer | United Kingdom,linkedin,Freelance Data Science Engineer (Python & SQL),Mindrift,United Kingdom,On-site,Contract,Python,"Data Science, Sql",English,,,Recent,https://uk.linkedin.com/jobs/view/freelance-data-science-engineer-python-sql-at-mindrift-4380323625,2026-03-05T10:39:02.916534+00:00
0,Python Developer | United Kingdom,linkedin,Python Developer,Ascendion,"Glasgow, Scotland, United Kingdom",On-site,Full-time,Python,,English,,,Recent,https://uk.linkedin.com/jobs/view/python-developer-at-ascendion-4379905414,2026-03-05T10:39:02.916669+00:00
0,Python Developer | United Kingdom,linkedin,"Software Developer (Python) - Up to £140,000 + Bonus + Package",Hunter Bond,"London, England, United Kingdom",On-site,Full-time,Python,,English,,,Recent,https://uk.linkedin.com/jobs/view/software-developer-python-up-to-%C2%A3140-000-%2B-bonus-%2B-package-at-hunter-bond-4377789629,2026-03-05T10:39:02.916811+00:00
0,Python Developer | United Kingdom,linkedin,Python Engineer,YLD,United Kingdom,On-site,Full-time,Python,,English,,,Recent,https://uk.linkedin.com/jobs/view/python-engineer-at-yld-4377728126,2026-03-05T10:39:02.916948+00:00
0,Python Developer | United Kingdom,linkedin,Python Software Engineer,Prima,"London, England, United Kingdom",On-site,Full-time,Python,,English,,,Recent,https://uk.linkedin.com/jobs/view/python-software-engineer-at-prima-4149696449,2026-03-05T10:39:02.917081+00:00
0,Python Test | Austria,linkedin,Quality Engineer (m/f/d),SEA.AI,"Linz, Upper Austria, Austria",On-site,Full-time,,,English,,,Recent,https://at.linkedin.com/jobs/view/quality-engineer-m-f-d-at-sea-ai-4373453620,2026-03-05T10:39:07.674786+00:00
0,Python Test | Austria,linkedin,Quality Engineer,Snap Inc.,"Vienna, Vienna, Austria",On-site,Full-time,,,English,,,Recent,https://at.linkedin.com/jobs/view/quality-engineer-at-snap-inc-4343677535,2026-03-05T10:39:07.675475+00:00
0,Python Test | Switzerland,linkedin,Assistant Business Analyst / QA,Qim info,"Lausanne, Vaud, Switzerland",On-site,Full-time,,,English,,,Recent,https://ch.linkedin.com/jobs/view/assistant-business-analyst-qa-at-qim-info-4377382281,2026-03-05T10:39:10.045425+00:00
0,Python Test | Czech Republic,linkedin,Prompt Engineer/ QA- Internship Fall (Contract Jan-Mar),Ethics Code,"Caleta, La Romana, Dominican Republic",On-site,Contract,,Internship,English,,,Recent,https://do.linkedin.com/jobs/view/prompt-engineer-qa-internship-fall-contract-jan-mar-at-ethics-code-4379294888,2026-03-05T10:39:17.114721+00:00
0,Python Test | Czech Republic,linkedin,Manufacturing Engineer I 2do turno,Medtronic,"San Isidro, Santo Domingo, Dominican Republic",On-site,Full-time,,,English,,,Recent,https://do.linkedin.com/jobs/view/manufacturing-engineer-i-2do-turno-at-medtronic-4380761740,2026-03-05T10:39:17.115132+00:00
0,Python Test | Czech Republic,linkedin,"Eng I, Software Quality, APM, Temporary",BD Nogales Norte,"Distrito Nacional, Dominican Republic",On-site,Full-time,,,English,,,Recent,https://do.linkedin.com/jobs/view/eng-i-software-quality-apm-temporary-at-bd-nogales-norte-4377555936,2026-03-05T10:39:17.115278+00:00
0,Python Test | Czech Republic,linkedin,Reporting Specialist,Thryv,Dominican Republic,On-site,Full-time,,,English,,,Recent,https://do.linkedin.com/jobs/view/reporting-specialist-at-thryv-4359001680,2026-03-05T10:39:17.115547+00:00
0,Python Test | Czech Republic,linkedin,Manufacturing Quality Engineer,Vertiv,Dominican Republic,On-site,Full-time,,,English,,,Recent,https://do.linkedin.com/jobs/view/manufacturing-quality-engineer-at-vertiv-4375447124,2026-03-05T10:39:17.115684+00:00
0,Python Test | Poland,linkedin,Junior QA Automation Engineer,Talan,"Warsaw, Mazowieckie, Poland",On-site,Full-time,,Junior,English,,,Recent,https://pl.linkedin.com/jobs/view/junior-qa-automation-engineer-at-talan-4367209775,2026-03-05T10:39:19.481229+00:00
0,Python Test | Poland,linkedin,Quality Engineer (Tester),act digital,Poland,On-site,Full-time,,,English,,,Recent,https://pl.linkedin.com/jobs/view/quality-engineer-tester-at-act-digital-4372884766,2026-03-05T10:39:19.481787+00:00
0,Python Test | Poland,linkedin,Intermediate Test Engineer Automation - OP02055,Dev.Pro,"Wrocław, Dolnośląskie, Poland",On-site,Full-time,,,English,,,Recent,https://pl.linkedin.com/jobs/view/intermediate-test-engineer-automation-op02055-at-dev-pro-4378758852,2026-03-05T10:39:19.481921+00:00
0,Python Test | Poland,linkedin,QA Automation Engineer,Fetcherr,"Warsaw, Mazowieckie, Poland",On-site,Full-time,,,English,,,Recent,https://pl.linkedin.com/jobs/view/qa-automation-engineer-at-fetcherr-4375236425,2026-03-05T10:39:19.482352+00:00
0,Python Test | USA,linkedin,"Quality Assurance Engineer ($80,000-$120,000)",New York Technology Partners,"Chicago, IL",On-site,Full-time,,,English,,,Recent,https://www.linkedin.com/jobs/view/quality-assurance-engineer-%2480-000-%24120-000-at-new-york-technology-partners-4377408127,2026-03-05T10:39:22.046351+00:00
0,Python Test | USA,linkedin,QA Automation Engineer,RSA Tech,United States,On-site,Full-time,,,English,,,Recent,https://www.linkedin.com/jobs/view/qa-automation-engineer-at-rsa-tech-4380023481,2026-03-05T10:39:22.046788+00:00
0,Python Test | USA,linkedin,Junior Software Quality Engineer,Helic & Co.,United States,On-site,Full-time,,Junior,English,,,Recent,https://www.linkedin.com/jobs/view/junior-software-quality-engineer-at-helic-co-4380942394,2026-03-05T10:39:22.046921+00:00
0,Python Test | USA,linkedin,QA Automation Analyst,MissionStaff,"Boca Raton, FL",On-site,Full-time,,,English,,,Recent,https://www.linkedin.com/jobs/view/qa-automation-analyst-at-missionstaff-4380933843,2026-03-05T10:39:22.047059+00:00
0,Python Test | USA,linkedin,QA Test Engineer,Lumafield,"San Francisco, CA",On-site,Full-time,,,English,,,Recent,https://www.linkedin.com/jobs/view/qa-test-engineer-at-lumafield-4374308517,2026-03-05T10:39:22.047200+00:00
0,Python Test | USA,linkedin,Test Automation Engineer,Ignite IT,"Suitland, MD",On-site,Full-time,Test Automation,,English,,,Recent,https://www.linkedin.com/jobs/view/test-automation-engineer-at-ignite-it-4377464768,2026-03-05T10:39:22.047462+00:00
0,Python Test | USA,linkedin,Software QA Engineer,LER TechForce,"Rochester Hills, MI",On-site,Full-time,,,English,,,Recent,https://www.linkedin.com/jobs/view/software-qa-engineer-at-ler-techforce-4378359192,2026-03-05T10:39:22.047596+00:00
0,Python Test | United Kingdom,linkedin,Quality Assurance Automation Engineer,Addition,"London Area, United Kingdom",On-site,Full-time,,,English,,,Recent,https://uk.linkedin.com/jobs/view/quality-assurance-automation-engineer-at-addition-4369102719,2026-03-05T10:39:24.459830+00:00
0,Python Test | United Kingdom,linkedin,QA Engineer,1inch,"London Area, United Kingdom",On-site,Full-time,,,English,,,Recent,https://uk.linkedin.com/jobs/view/qa-engineer-at-1inch-4374396524,2026-03-05T10:39:24.460499+00:00
0,Firmware Engineer | Germany,linkedin,Software Embedded Engineer,Corsair,"Landshut, Bavaria, Germany",On-site,Full-time,,,English,,,Recent,https://de.linkedin.com/jobs/view/software-embedded-engineer-at-corsair-4351784200,2026-03-05T10:39:26.831708+00:00
0,Firmware Engineer | Germany,linkedin,Embedded Software Entwickler Automotive (m/w/d),ACONEXT,"Munich, Bavaria, Germany",On-site,Full-time,,,English,,,Recent,https://de.linkedin.com/jobs/view/embedded-software-entwickler-automotive-m-w-d-at-aconext-4379959159,2026-03-05T10:39:26.831853+00:00
0,Firmware Engineer | Germany,linkedin,Software Engineer,Thorlabs,"Dortmund, North Rhine-Westphalia, Germany",On-site,Full-time,,,English,,,Recent,https://de.linkedin.com/jobs/view/software-engineer-at-thorlabs-4380903237,2026-03-05T10:39:26.831992+00:00
0,Firmware Engineer | Germany,linkedin,Embedded Software Ingenieur (w/m/d),XTENDED ENGINEERING GMBH,"Munich, Bavaria, Germany",On-site,Internship,"C, C++, Microcontroller, Rtos","R, Project Manager, Vxworks",German,,,Recent,https://de.linkedin.com/jobs/view/embedded-software-ingenieur-w-m-d-at-xtended-engineering-gmbh-4378392805,2026-03-05T10:39:26.832127+00:00
0,Firmware Engineer | Germany,linkedin,Embedded Software Entwickler (m/w/d),IRS Systementwicklung GmbH,"Wörth an der Donau, Bavaria, Germany",On-site,Full-time,,,German,,,Recent,https://de.linkedin.com/jobs/view/embedded-software-entwickler-m-w-d-at-irs-systementwicklung-gmbh-4364524730,2026-03-05T10:39:26.832269+00:00
0,Firmware Engineer | Germany,linkedin,FREELANCE - Embedded Engineer (m/w/x) - München,requisimus,"Esslingen, Baden-Württemberg, Germany",On-site,Contract,,,English,,,Recent,https://de.linkedin.com/jobs/view/freelance-embedded-engineer-m-w-x-m%C3%BCnchen-at-requisimus-4372465156,2026-03-05T10:39:26.832407+00:00
0,Firmware Engineer | Germany,linkedin,Embedded Software Entwickler (m/w/d),IRS Systementwicklung GmbH,"Wörth an der Donau, Bavaria, Germany",On-site,Full-time,,,German,,,Recent,https://de.linkedin.com/jobs/view/embedded-software-entwickler-m-w-d-at-irs-systementwicklung-gmbh-4378914219,2026-03-05T10:39:26.832545+00:00
0,Firmware Engineer | Germany,linkedin,Embedded Software Engineer (m/f/d) - ADAM Audio GmbH,Focusrite,"Berlin, Berlin, Germany",On-site,Full-time,,,English,,,Recent,https://de.linkedin.com/jobs/view/embedded-software-engineer-m-f-d-adam-audio-gmbh-at-focusrite-4373802816,2026-03-05T10:39:26.832680+00:00
0,Firmware Engineer | Austria,linkedin,"Embedded Engineer, C++",Snap Inc.,"Vienna, Austria",On-site,Full-time,"C, C++",,English,,,Recent,https://at.linkedin.com/jobs/view/embedded-engineer-c%2B%2B-at-snap-inc-4373352430,2026-03-05T10:39:29.198286+00:00
0,Firmware Engineer | Austria,linkedin,"Embedded Software Engineer, Operating System",Snap Inc.,"Vienna, Austria",On-site,Full-time,,,English,,,Recent,https://at.linkedin.com/jobs/view/embedded-software-engineer-operating-system-at-snap-inc-4373350021,2026-03-05T10:39:29.198445+00:00
0,Firmware Engineer | Austria,linkedin,"Embedded Engineer, Camera",Snap Inc.,"Vienna, Austria",On-site,Full-time,,,English,,,Recent,https://at.linkedin.com/jobs/view/embedded-engineer-camera-at-snap-inc-4373339352,2026-03-05T10:39:29.198584+00:00
0,Firmware Engineer | Austria,linkedin,"Embedded Engineer, C++",Snap Inc.,"Vienna, Vienna, Austria",On-site,Full-time,"C, C++",,English,,,Recent,https://at.linkedin.com/jobs/view/embedded-engineer-c%2B%2B-at-snap-inc-4343090410,2026-03-05T10:39:29.198724+00:00
0,Firmware Engineer | Austria,linkedin,Embedded Software Engineer (full-time)  (f/m/d),TriLite Technologies,"Vienna, Vienna, Austria",On-site,Full-time,,,English,,,Recent,https://at.linkedin.com/jobs/view/embedded-software-engineer-full-time-f-m-d-at-trilite-technologies-4364588916,2026-03-05T10:39:29.198859+00:00
0,Firmware Engineer | Austria,linkedin,Embedded Systems Engineer (HW & SW),Cellectric Biosciences,"Vienna, Austria",On-site,Full-time,Embedded Systems,,English,,,Recent,https://at.linkedin.com/jobs/view/embedded-systems-engineer-hw-sw-at-cellectric-biosciences-4375682410,2026-03-05T10:39:29.199000+00:00
0,Firmware Engineer | Austria,linkedin,"Embedded Engineer, Operating System",Snap Inc.,"Vienna, Vienna, Austria",On-site,Full-time,,,English,,,Recent,https://at.linkedin.com/jobs/view/embedded-engineer-operating-system-at-snap-inc-4318264468,2026-03-05T10:39:29.199142+00:00
0,Firmware Engineer | Austria,linkedin,Software Engineer,Talos Automation,"Styria, Austria",On-site,Full-time,,,English,,,Recent,https://at.linkedin.com/jobs/view/software-engineer-at-talos-automation-4375539342,2026-03-05T10:39:29.199287+00:00
0,Firmware Engineer | Austria,linkedin,Java Software Engineer (w/m/x),APC Business Services GmbH,"Vienna, Austria",On-site,Full-time,Java,,English,,,Recent,https://at.linkedin.com/jobs/view/java-software-engineer-w-m-x-at-apc-business-services-gmbh-4380320015,2026-03-05T10:39:29.199430+00:00
0,Firmware Engineer | Switzerland,linkedin,Embedded Software Engineer – e-Bike Systems,Specialized Bicycle Components,"Cham, Zug, Switzerland",On-site,Full-time,,,English,,,Recent,https://ch.linkedin.com/jobs/view/embedded-software-engineer-%E2%80%93-e-bike-systems-at-specialized-bicycle-components-4249261377,2026-03-05T10:39:31.584984+00:00
0,Firmware Engineer | Switzerland,linkedin,Embedded Software Engineer (R&D),rheonics,"Winterthur, Zurich, Switzerland",On-site,Full-time,,R,English,,,Recent,https://ch.linkedin.com/jobs/view/embedded-software-engineer-r-d-at-rheonics-4380301118,2026-03-05T10:39:31.585159+00:00
0,Firmware Engineer | Switzerland,linkedin,C++ Software Engineer (80%-100%) – Zug,Code Compass 🧭,"Zug, Switzerland",Remote,Full-time,"C, C++",,English,,,Recent,https://ch.linkedin.com/jobs/view/c%2B%2B-software-engineer-80%25-100%25-%E2%80%93-zug-at-code-compass-%F0%9F%A7%AD-4375542483,2026-03-05T10:39:31.585300+00:00
0,Firmware Engineer | Switzerland,linkedin,Embedded Software Engineer – e Bike Systems (80–100%),Specialized Bicycle Components,"Cham, Zug, Switzerland",Remote,Full-time,,,English,,,Recent,https://ch.linkedin.com/jobs/view/embedded-software-engineer-%E2%80%93-e-bike-systems-80%E2%80%93100%25-at-specialized-bicycle-components-4371434879,2026-03-05T10:39:31.585443+00:00
0,Firmware Engineer | Switzerland,linkedin,Junior Embedded Linux Engineer (f/m/d),Hexagon AB,"Zurich, Switzerland",On-site,Full-time,Embedded Linux,"Junior, Linux",English,,,Recent,https://ch.linkedin.com/jobs/view/junior-embedded-linux-engineer-f-m-d-at-hexagon-ab-4377379391,2026-03-05T10:39:31.585722+00:00
0,Firmware Engineer | Switzerland,linkedin,Software Engineer II,Ripple,"Geneva, Geneva, Switzerland",On-site,Full-time,,,English,,,Recent,https://ch.linkedin.com/jobs/view/software-engineer-ii-at-ripple-4370746954,2026-03-05T10:39:31.585992+00:00
0,Firmware Engineer | Switzerland,linkedin,"Software Engineer, Wireless and IoT",Cisco,"Écublens, Vaud, Switzerland",On-site,Full-time,,,English,,,Recent,https://ch.linkedin.com/jobs/view/software-engineer-wireless-and-iot-at-cisco-4367616184,2026-03-05T10:39:31.586276+00:00
0,Firmware Engineer | Remote,linkedin,Java Software Engineer | $80/hr Remote,Crossing Hurdles,Germany,Remote,Full-time,Java,,English,,,Recent,https://de.linkedin.com/jobs/view/java-software-engineer-%2480-hr-remote-at-crossing-hurdles-4379152859,2026-03-05T10:39:34.004936+00:00
0,Firmware Engineer | Remote,linkedin,Embedded Software Engineer,XpertDirect,"Munich, Bavaria, Germany",Remote,Full-time,,,English,,,Recent,https://de.linkedin.com/jobs/view/embedded-software-engineer-at-xpertdirect-4378164836,2026-03-05T10:39:34.005095+00:00
0,Firmware Engineer | Remote,linkedin,Embedded Softwareentwickler (m/w/d),ICT Digital Solutions GmbH,Germany,Remote,Full-time,,,English,,,Recent,https://de.linkedin.com/jobs/view/embedded-softwareentwickler-m-w-d-at-ict-digital-solutions-gmbh-4364111996,2026-03-05T10:39:34.005259+00:00
0,Firmware Engineer | Remote,linkedin,Software Engineer I - Entry Level,Mercor,Germany,Remote,Full-time,,,English,,,Recent,https://de.linkedin.com/jobs/view/software-engineer-i-entry-level-at-mercor-4380363244,2026-03-05T10:39:34.005393+00:00
0,Firmware Engineer | Remote,linkedin,Software Engineer (Backend focused),Pubgenius Inc.,"Berlin, Berlin, Germany",Remote,Full-time,,,English,,,Recent,https://de.linkedin.com/jobs/view/software-engineer-backend-focused-at-pubgenius-inc-4380550546,2026-03-05T10:39:34.005524+00:00
0,Firmware Engineer | Remote,linkedin,FRONTEND SOFTWARE ENGINEER (M/W/D),VAPA GmbH,Germany,Remote,Full-time,,,English,,,Recent,https://de.linkedin.com/jobs/view/frontend-software-engineer-m-w-d-at-vapa-gmbh-4377380645,2026-03-05T10:39:34.005657+00:00
0,Firmware Engineer | Slovakia,linkedin,Software Engineer,Cisco,"Bratislava, Bratislava, Slovakia",On-site,Full-time,,,English,,,Recent,https://sk.linkedin.com/jobs/view/software-engineer-at-cisco-4369673005,2026-03-05T10:39:36.336736+00:00
0,Firmware Engineer | Slovakia,linkedin,Software Engineer,Cisco,"Bratislava, Bratislava, Slovakia",On-site,Full-time,,,English,,,Recent,https://sk.linkedin.com/jobs/view/software-engineer-at-cisco-4369669372,2026-03-05T10:39:36.337018+00:00
0,Firmware Engineer | Slovakia,linkedin,Software Engineer,Cisco,"Bratislava, Bratislava, Slovakia",On-site,Full-time,,,English,,,Recent,https://sk.linkedin.com/jobs/view/software-engineer-at-cisco-4369656700,2026-03-05T10:39:36.337160+00:00
0,Firmware Engineer | Slovakia,linkedin,Internship – Java Software Engineer (Part-Time),Solar Turbines,"Košice, Kosice, Slovakia",On-site,Contract,"Can, Java","Internship, Sql, Aws, Rest Api, Agile, Intern, Spring Boot, Git",English,,,Recent,https://sk.linkedin.com/jobs/view/internship-%E2%80%93-java-software-engineer-part-time-at-solar-turbines-4376805061,2026-03-05T10:39:36.337572+00:00
0,Firmware Engineer | Slovakia,linkedin,Software Engineer,Cisco,"Bratislava, Bratislava, Slovakia",Hybrid,Full-time,"C, C++, Cursor, Java, Javascript, Python","Node.Js, Mysql, Git, Microservices, Devops, Postgresql",English,,,Recent,https://sk.linkedin.com/jobs/view/software-engineer-at-cisco-4369661629,2026-03-05T10:39:36.337711+00:00
0,Firmware Engineer | Czech Republic,linkedin,"Software Engineer, Platform & Integrations (Santo Domingo)",InvestorFlow,"Santo Domingo, Distrito Nacional, Dominican Republic",On-site,Full-time,"Ci/Cd, Python","Azure, Sql, Mysql, Redis, Agile, Docker, Kubernetes, Mongodb, Git, Django",English,,,Recent,https://do.linkedin.com/jobs/view/software-engineer-platform-integrations-santo-domingo-at-investorflow-4369943526,2026-03-05T10:39:38.686252+00:00
0,Firmware Engineer | Czech Republic,linkedin,"Software Engineer, Platform & Integrations",InvestorFlow,"Santiago de los Caballeros, Santiago, Dominican Republic",On-site,Full-time,"Ci/Cd, Python","Azure, Sql, Mysql, Redis, Agile, Docker, Kubernetes, Mongodb, Git, Django",English,,,Recent,https://do.linkedin.com/jobs/view/software-engineer-platform-integrations-at-investorflow-4369950238,2026-03-05T10:39:38.686390+00:00
0,Firmware Engineer | Czech Republic,linkedin,Software Engineer,Xploy Solutions,"Santo Domingo, Distrito Nacional, Dominican Republic",On-site,Full-time,Python,"Sql, Docker, Fastapi, Git, Flask",English,,,Recent,https://do.linkedin.com/jobs/view/software-engineer-at-xploy-solutions-4379694436,2026-03-05T10:39:38.687232+00:00
0,Firmware Engineer | Poland,linkedin,Java Software Engineer /1,Inetum,"Warsaw, Mazowieckie, Poland",On-site,Full-time,Java,,English,,,Recent,https://pl.linkedin.com/jobs/view/java-software-engineer-1-at-inetum-4380314544,2026-03-05T10:39:41.065876+00:00
0,Firmware Engineer | Poland,linkedin,Software engineer,Evernote,"Warsaw, Mazowieckie, Poland",On-site,Full-time,,,English,,,Recent,https://pl.linkedin.com/jobs/view/software-engineer-at-evernote-4377734010,2026-03-05T10:39:41.066020+00:00
0,Firmware Engineer | Poland,linkedin,Software engineer,Evernote,Poland,On-site,Full-time,,,English,,,Recent,https://pl.linkedin.com/jobs/view/software-engineer-at-evernote-4377736017,2026-03-05T10:39:41.066163+00:00
0,Firmware Engineer | Poland,linkedin,Graduate software engineer,Meetup,"Warsaw, Mazowieckie, Poland",On-site,Full-time,,Graduate,English,,,Recent,https://pl.linkedin.com/jobs/view/graduate-software-engineer-at-meetup-4377734013,2026-03-05T10:39:41.066301+00:00
0,Firmware Engineer | Poland,linkedin,Software engineer,Meetup,"Warsaw, Mazowieckie, Poland",On-site,Full-time,,,English,,,Recent,https://pl.linkedin.com/jobs/view/software-engineer-at-meetup-4377704976,2026-03-05T10:39:41.066442+00:00
0,Firmware Engineer | Poland,linkedin,Software engineer,Evernote,"Cracow, Małopolskie, Poland",On-site,Full-time,,,English,,,Recent,https://pl.linkedin.com/jobs/view/software-engineer-at-evernote-4377726133,2026-03-05T10:39:41.066577+00:00
0,Firmware Engineer | Poland,linkedin,Graduate software engineer,Evernote,Poland,On-site,Full-time,,Graduate,English,,,Recent,https://pl.linkedin.com/jobs/view/graduate-software-engineer-at-evernote-4377732051,2026-03-05T10:39:41.066712+00:00
0,Firmware Engineer | Poland,linkedin,Software engineer,Meetup,Poland,On-site,Full-time,,,English,,,Recent,https://pl.linkedin.com/jobs/view/software-engineer-at-meetup-4377732055,2026-03-05T10:39:41.066845+00:00
0,Firmware Engineer | Poland,linkedin,Software Engineer,Asana,"Warsaw, Mazowieckie, Poland",On-site,Full-time,,Asana,English,,,Recent,https://pl.linkedin.com/jobs/view/software-engineer-at-asana-4379300816,2026-03-05T10:39:41.066977+00:00
0,Firmware Engineer | USA,linkedin,New Grad Software Engineer,Authentic,"New York, NY",On-site,Full-time,,,English,,,Recent,https://www.linkedin.com/jobs/view/new-grad-software-engineer-at-authentic-4377107338,2026-03-05T10:39:43.571763+00:00
0,Firmware Engineer | USA,linkedin,Embedded Software Engineer,Meta,"Burlingame, CA",On-site,Full-time,,,English,,,Recent,https://www.linkedin.com/jobs/view/embedded-software-engineer-at-meta-4301803390,2026-03-05T10:39:43.571920+00:00
0,Firmware Engineer | USA,linkedin,Embedded Software Engineer,Meta,"Redmond, WA",On-site,Full-time,,,English,,,Recent,https://www.linkedin.com/jobs/view/embedded-software-engineer-at-meta-4301812138,2026-03-05T10:39:43.572060+00:00
0,Firmware Engineer | USA,linkedin,Embedded Software Engineer,Meta,"Sunnyvale, CA",On-site,Full-time,,,English,,,Recent,https://www.linkedin.com/jobs/view/embedded-software-engineer-at-meta-4301499980,2026-03-05T10:39:43.572206+00:00
0,Firmware Engineer | USA,linkedin,Software Engineer (New Grads) -  New York,Giga,"New York, NY",On-site,Full-time,,,English,,,Recent,https://www.linkedin.com/jobs/view/software-engineer-new-grads-new-york-at-giga-4374834620,2026-03-05T10:39:43.572335+00:00
0,Firmware Engineer | USA,linkedin,Embedded Software Engineer,Meta,"San Diego, CA",On-site,Full-time,,,English,,,Recent,https://www.linkedin.com/jobs/view/embedded-software-engineer-at-meta-4301812137,2026-03-05T10:39:43.572474+00:00
0,Firmware Engineer | USA,linkedin,Embedded Software Engineer,Meta,"Austin, TX",On-site,Full-time,,,English,,,Recent,https://www.linkedin.com/jobs/view/embedded-software-engineer-at-meta-4301819047,2026-03-05T10:39:43.572607+00:00
0,Firmware Engineer | USA,linkedin,Embedded Software Engineer Intern,Nuro,"Mountain View, CA",On-site,Internship,,Intern,English,,,Recent,https://www.linkedin.com/jobs/view/embedded-software-engineer-intern-at-nuro-4360007303,2026-03-05T10:39:43.572741+00:00
0,Firmware Engineer | USA,linkedin,Embedded Software Engineer,Wing,"Palo Alto, CA",On-site,Full-time,,,English,,,Recent,https://www.linkedin.com/jobs/view/embedded-software-engineer-at-wing-4344488460,2026-03-05T10:39:43.572880+00:00
0,Firmware Engineer | USA,linkedin,Embedded Software Engineer,Cisco,"Milpitas, CA",On-site,Full-time,,,English,,,Recent,https://www.linkedin.com/jobs/view/embedded-software-engineer-at-cisco-4343985681,2026-03-05T10:39:43.573012+00:00
0,Firmware Engineer | United Kingdom,linkedin,Embedded Software Engineer,Purposeology,"City Of London, England, United Kingdom",On-site,Full-time,,,English,,,Recent,https://uk.linkedin.com/jobs/view/embedded-software-engineer-at-purposeology-4378658539,2026-03-05T10:39:45.949913+00:00
0,Firmware Engineer | United Kingdom,linkedin,Embedded Systems & Software Developer (Graduate Junior),hireful,"Wolverhampton, England, United Kingdom",On-site,Full-time,Embedded Systems,"Junior, Graduate",English,,,Recent,https://uk.linkedin.com/jobs/view/embedded-systems-software-developer-graduate-junior-at-hireful-4377048822,2026-03-05T10:39:45.950077+00:00
0,Firmware Engineer | United Kingdom,linkedin,Junior Embedded Engineer,Purposeology,"Bristol, England, United Kingdom",On-site,Full-time,,Junior,English,,,Recent,https://uk.linkedin.com/jobs/view/junior-embedded-engineer-at-purposeology-4369983978,2026-03-05T10:39:45.950230+00:00
0,Firmware Engineer | United Kingdom,linkedin,"Software Engineer, Infrastructure",Meta,"London, England, United Kingdom",On-site,Full-time,,,English,,,Recent,https://uk.linkedin.com/jobs/view/software-engineer-infrastructure-at-meta-4254319485,2026-03-05T10:39:45.950367+00:00
0,Firmware Engineer | United Kingdom,linkedin,"Software Engineer, New Grad",Deliveroo,"London, England, United Kingdom",On-site,Full-time,,,English,,,Recent,https://uk.linkedin.com/jobs/view/software-engineer-new-grad-at-deliveroo-4379662791,2026-03-05T10:39:45.950506+00:00
0,Firmware Engineer | United Kingdom,linkedin,C++ Software Engineer,Gold Group Ltd,"Central Bedfordshire, England, United Kingdom",On-site,Full-time,"C, C++",,English,,,Recent,https://uk.linkedin.com/jobs/view/c%2B%2B-software-engineer-at-gold-group-ltd-4377360848,2026-03-05T10:39:45.950788+00:00
0,Firmware Engineer | United Kingdom,linkedin,Software Engineer (£50k + benefits),Manchester Digital,"Manchester, England, United Kingdom",On-site,Full-time,,,English,,,Recent,https://uk.linkedin.com/jobs/view/software-engineer-%C2%A350k-%2B-benefits-at-manchester-digital-4370656682,2026-03-05T10:39:45.950922+00:00
0,Firmware Engineer | United Kingdom,linkedin,Embedded Software Engineer,Purposeology,"Shrewsbury, England, United Kingdom",On-site,Full-time,,,English,,,Recent,https://uk.linkedin.com/jobs/view/embedded-software-engineer-at-purposeology-4370883915,2026-03-05T10:39:45.951059+00:00
0,Firmware Engineer | United Kingdom,linkedin,Software Engineer - London,Zopa Bank,"London, England, United Kingdom",On-site,Full-time,,,English,,,Recent,https://uk.linkedin.com/jobs/view/software-engineer-london-at-zopa-bank-4036813631,2026-03-05T10:39:45.951201+00:00
