relevance_score,search_criteria,provider,title,company,location,work_location_type,employment_type,matching_skills,missing_skills,detected_languages,matched_roles,salary_hint,posted_at_relative,link,scraped_at
44,Test Engineer | Switzerland,linkedin,"Software Engineer, Search Quality",Google,"Zurich, Zurich, Switzerland",Remote,Contract,,Lead,English,Lead,,Recent,https://ch.linkedin.com/jobs/view/software-engineer-search-quality-at-google-4377718927,2026-03-17T10:50:26.332796+00:00
29,Testingenieur | USA,linkedin,Entry Level Test Engineer,NXP Semiconductors,"Austin, TX",On-site,Full-time,,,English,,,Recent,https://www.linkedin.com/jobs/view/entry-level-test-engineer-at-nxp-semiconductors-4383792747,2026-03-17T10:51:00.414633+00:00
29,Firmware Engineer | Austria,linkedin,Internship: Embedded Software Developer (m/f/d),NXP Semiconductors,"Gratkorn, Styria, Austria",On-site,Internship,,Internship,English,,,Recent,https://at.linkedin.com/jobs/view/internship-embedded-software-developer-m-f-d-at-nxp-semiconductors-4385349797,2026-03-17T10:52:13.438190+00:00
29,Firmware Engineer | Remote,linkedin,Embedded Engineer,Intellias,Germany,Remote,Full-time,,,English,,,Recent,https://de.linkedin.com/jobs/view/embedded-engineer-at-intellias-4383707882,2026-03-17T10:52:18.281122+00:00
29,Firmware Engineer | USA,linkedin,"Software Engineer II, Early Career",Google,"New York, NY",On-site,Full-time,,,English,,,Recent,https://www.linkedin.com/jobs/view/software-engineer-ii-early-career-at-google-4383973345,2026-03-17T10:52:28.278202+00:00
14,Tester | Germany,linkedin,Game QA Tester,welevel,"Munich, Bavaria, Germany",On-site,Internship,,"Lead, Regression Testing, Senior",English,"Lead, Senior",,Recent,https://de.linkedin.com/jobs/view/game-qa-tester-at-welevel-4371993029,2026-03-17T10:49:38.605566+00:00
14,Tester | Austria,linkedin,Quality Assurance Specialist (Software Tester) (m/f/d) - Freelancer,Roche,"Vienna, Vienna, Austria",Remote,Contract,Can,"Agile, Freelancer",English,Freelancer,,Recent,https://at.linkedin.com/jobs/view/quality-assurance-specialist-software-tester-m-f-d-freelancer-at-roche-4375047176,2026-03-17T10:49:40.976649+00:00
14,Tester | Austria,linkedin,Senior Software Tester*in (m/w/d),Value Dimensions Management Services GmbH,"Vienna, Vienna, Austria",On-site,Full-time,"Selenium, Test Automation","Sql, Associate, Php, R, Senior",German,Senior,,Recent,https://at.linkedin.com/jobs/view/senior-software-tester-in-m-w-d-at-value-dimensions-management-services-gmbh-4379556072,2026-03-17T10:49:40.976780+00:00
14,Tester | Austria,linkedin,Senior Software Engineer in Test (Full-Stack/Python),Mindrift,Austria,On-site,Full-time,Python,Senior,English,Senior,,Recent,https://at.linkedin.com/jobs/view/senior-software-engineer-in-test-full-stack-python-at-mindrift-4385318008,2026-03-17T10:49:40.977039+00:00
14,Tester | Switzerland,linkedin,Senior Test Engineer,H55,"Sion, Valais, Switzerland",Hybrid,Contract,"Can, System Testing","Head Of, Assembly, Safe, Senior",English,Senior,,Recent,https://ch.linkedin.com/jobs/view/senior-test-engineer-at-h55-4375428762,2026-03-17T10:49:43.323951+00:00
14,Tester | Switzerland,linkedin,IT Business Consultant – Software Tester,Forty2 AG,"Lausanne, Vaud, Switzerland",On-site,Full-time,,Consultant,English,Consultant,,Recent,https://ch.linkedin.com/jobs/view/it-business-consultant-%E2%80%93-software-tester-at-forty2-ag-4377720142,2026-03-17T10:49:43.324840+00:00
14,Tester | Remote,linkedin,Senior Software Engineer in Test (Full-Stack/Python),Mindrift,"Hamburg, Hamburg, Germany",Remote,Full-time,Python,Senior,English,Senior,,Recent,https://de.linkedin.com/jobs/view/senior-software-engineer-in-test-full-stack-python-at-mindrift-4385195931,2026-03-17T10:49:45.672372+00:00
14,Tester | Remote,linkedin,Senior Software Engineer in Test (Full-Stack/Python),Mindrift,"Berlin, Berlin, Germany",Remote,Full-time,Python,Senior,English,Senior,,Recent,https://de.linkedin.com/jobs/view/senior-software-engineer-in-test-full-stack-python-at-mindrift-4385195928,2026-03-17T10:49:45.672664+00:00
14,Tester | Remote,linkedin,Senior Software Engineer in Test (Full-Stack/Python),Mindrift,"Munich, Bavaria, Germany",Remote,Full-time,Python,Senior,English,Senior,,Recent,https://de.linkedin.com/jobs/view/senior-software-engineer-in-test-full-stack-python-at-mindrift-4385196910,2026-03-17T10:49:45.672798+00:00
14,Tester | Remote,linkedin,Senior Software Engineer in Test (Full-Stack/Python),Mindrift,"Frankfurt am Main, Hesse, Germany",Remote,Full-time,Python,Senior,English,Senior,,Recent,https://de.linkedin.com/jobs/view/senior-software-engineer-in-test-full-stack-python-at-mindrift-4385199876,2026-03-17T10:49:45.672928+00:00
14,Tester | Remote,linkedin,Senior Software Engineer in Test (Full-Stack/Python),Mindrift,Germany,Remote,Full-time,Python,Senior,English,Senior,,Recent,https://de.linkedin.com/jobs/view/senior-software-engineer-in-test-full-stack-python-at-mindrift-4385304449,2026-03-17T10:49:45.673058+00:00
14,Tester | Slovakia,linkedin,Senior Software Engineer in Test,Filevine,"Bratislava, Bratislava, Slovakia",On-site,Full-time,,Senior,English,Senior,,Recent,https://sk.linkedin.com/jobs/view/senior-software-engineer-in-test-at-filevine-4380694723,2026-03-17T10:49:48.032983+00:00
14,Tester | Czech Republic,linkedin,Senior Industrialization Test Engineer,Eaton,"Santo Domingo, Distrito Nacional, Dominican Republic",On-site,Contract,"Can, Firmware, Python, Test Automation","Assembly, Lead, R, Senior",English,"Lead, Senior",,Recent,https://do.linkedin.com/jobs/view/senior-industrialization-test-engineer-at-eaton-4356700885,2026-03-17T10:49:50.347190+00:00
14,Tester | United Kingdom,linkedin,Senior Test Engineer,Kainos,United Kingdom,On-site,Full-time,,Senior,English,Senior,,Recent,https://uk.linkedin.com/jobs/view/senior-test-engineer-at-kainos-4384047666,2026-03-17T10:49:57.544191+00:00
14,Tester | United Kingdom,linkedin,QA Manual Test Engineer,Expleo Group,"Birmingham, England, United Kingdom",Remote,Contract,Unit Testing,"Senior, Regression Testing, Manual Testing, Junior",English,Senior,,Recent,https://uk.linkedin.com/jobs/view/qa-manual-test-engineer-at-expleo-group-4383328507,2026-03-17T10:49:57.544458+00:00
14,QA Engineer | Switzerland,linkedin,Senior PA/QA Engineer – Aerospace Sector,ALTEN,"Lausanne, Vaud, Switzerland",On-site,Full-time,,Senior,English,Senior,,Recent,https://ch.linkedin.com/jobs/view/senior-pa-qa-engineer-%E2%80%93-aerospace-sector-at-alten-4379878422,2026-03-17T10:50:04.685139+00:00
14,QA Engineer | Remote,linkedin,Senior QA Engineer (m/w/d),Fairsource,Germany,Remote,Full-time,,Senior,English,Senior,,Recent,https://de.linkedin.com/jobs/view/senior-qa-engineer-m-w-d-at-fairsource-4382782610,2026-03-17T10:50:07.050743+00:00
14,QA Engineer | Slovakia,linkedin,Expert Quality Assurance (QA) Engineer,Qualco Group,"Bratislava, Bratislava, Slovakia",On-site,Full-time,,Expert,English,Expert,,Recent,https://sk.linkedin.com/jobs/view/expert-quality-assurance-qa-engineer-at-qualco-group-4381409824,2026-03-17T10:50:09.454253+00:00
14,QA Engineer | Slovakia,linkedin,"Senior QA Engineer, IMF",Bloomreach,Slovakia,On-site,Full-time,,Senior,English,Senior,,Recent,https://sk.linkedin.com/jobs/view/senior-qa-engineer-imf-at-bloomreach-4383319917,2026-03-17T10:50:09.455036+00:00
14,QA Engineer | Slovakia,linkedin,Manual QA Engineer (Middle/Senior) ID48059,AgileEngine,"Bratislava, Bratislava, Slovakia",On-site,Full-time,,Senior,English,Senior,,Recent,https://sk.linkedin.com/jobs/view/manual-qa-engineer-middle-senior-id48059-at-agileengine-4376735337,2026-03-17T10:50:09.455169+00:00
14,QA Engineer | Slovakia,linkedin,Manual QA Engineer (Middle/Senior) ID48059,AgileEngine,"Trenčín, Trenciansky, Slovakia",On-site,Full-time,,Senior,English,Senior,,Recent,https://sk.linkedin.com/jobs/view/manual-qa-engineer-middle-senior-id48059-at-agileengine-4376400820,2026-03-17T10:50:09.455300+00:00
14,QA Engineer | Slovakia,linkedin,Manual QA Engineer (Middle/Senior) ID48059,AgileEngine,"Parovské Háje, Nitra Region, Slovakia",On-site,Full-time,,Senior,English,Senior,,Recent,https://sk.linkedin.com/jobs/view/manual-qa-engineer-middle-senior-id48059-at-agileengine-4379509237,2026-03-17T10:50:09.455453+00:00
14,QA Engineer | Czech Republic,linkedin,Senior QA Automation Engineer (Playwright),Lumenalta,Dominican Republic,On-site,Full-time,Playwright,Senior,English,Senior,,Recent,https://do.linkedin.com/jobs/view/senior-qa-automation-engineer-playwright-at-lumenalta-4386389694,2026-03-17T10:50:11.852371+00:00
14,QA Engineer | Poland,linkedin,Senior QA Engineer,Pismo,"Warsaw, Mazowieckie, Poland",On-site,Full-time,,Senior,English,Senior,,Recent,https://pl.linkedin.com/jobs/view/senior-qa-engineer-at-pismo-4379468216,2026-03-17T10:50:14.247691+00:00
14,QA Engineer | United Kingdom,linkedin,Senior QA Engineer,White Rose Education,"Leeds, England, United Kingdom",On-site,Full-time,,Senior,English,Senior,,Recent,https://uk.linkedin.com/jobs/view/senior-qa-engineer-at-white-rose-education-4383701609,2026-03-17T10:50:19.083077+00:00
14,QA Engineer | United Kingdom,linkedin,Senior QA Engineer,Anaplan,"Manchester, England, United Kingdom",On-site,Full-time,,Senior,English,Senior,,Recent,https://uk.linkedin.com/jobs/view/senior-qa-engineer-at-anaplan-4380285167,2026-03-17T10:50:19.083916+00:00
14,Testingenieur | Austria,linkedin,Senior Semiconductors Test Engineer - (ONSITE in Switzerland),Gramian Consulting,Austria,On-site,Full-time,,Senior,English,Senior,,Recent,https://at.linkedin.com/jobs/view/senior-semiconductors-test-engineer-onsite-in-switzerland-at-gramian-consulting-4382187810,2026-03-17T10:50:45.856448+00:00
14,Testingenieur | Austria,linkedin,Test Manager (m/f/d),Deutsche Telekom,"Fünfkirchen, Lower Austria, Austria",On-site,Full-time,,,English,Test Manager,,Recent,https://at.linkedin.com/jobs/view/test-manager-m-f-d-at-deutsche-telekom-4376822062,2026-03-17T10:50:45.856997+00:00
14,Testingenieur | Switzerland,linkedin,Testmanager:in,Hays,"Bern, Berne, Switzerland",On-site,Full-time,,,English,Test Manager,,Recent,https://ch.linkedin.com/jobs/view/testmanager-in-at-hays-4385328382,2026-03-17T10:50:48.229344+00:00
14,Testingenieur | Poland,linkedin,Test Manager (He/She) -,Astek,"Warsaw, Mazowieckie, Poland",On-site,Full-time,,,English,Test Manager,,Recent,https://pl.linkedin.com/jobs/view/test-manager-he-she-at-astek-4383177168,2026-03-17T10:50:57.887744+00:00
14,Testingenieur | USA,linkedin,Requirements Engineering Quality Assurance Lead,Spektrum,"Norfolk, VA",On-site,Full-time,,Lead,English,Lead,,Recent,https://www.linkedin.com/jobs/view/requirements-engineering-quality-assurance-lead-at-spektrum-4386392326,2026-03-17T10:51:00.414897+00:00
14,Testingenieur | United Kingdom,linkedin,Test Engineer,BSI,"Hemel Hempstead, England, United Kingdom",On-site,Contract,Can,"Expert, Senior",English,"Expert, Senior",,Recent,https://uk.linkedin.com/jobs/view/test-engineer-at-bsi-4367290557,2026-03-17T10:51:02.873402+00:00
14,Testingenieur | United Kingdom,linkedin,Test Engineer - PPE,BSI,"Hemel Hempstead, England, United Kingdom",On-site,Contract,Can,"Expert, Senior",English,"Expert, Senior",,Recent,https://uk.linkedin.com/jobs/view/test-engineer-ppe-at-bsi-4372575424,2026-03-17T10:51:02.873715+00:00
14,Testingenieur | United Kingdom,linkedin,Senior Test Engineer,BSI,"Hemel Hempstead, England, United Kingdom",On-site,Contract,Can,"Lead, Expert, Safe, Senior",English,"Expert, Lead, Senior",,Recent,https://uk.linkedin.com/jobs/view/senior-test-engineer-at-bsi-4366543025,2026-03-17T10:51:02.873976+00:00
14,Test Automation | Germany,linkedin,Senior Quality Assurance Engineer,SGI,"Berlin, Germany",On-site,Full-time,,Senior,English,Senior,,Recent,https://de.linkedin.com/jobs/view/senior-quality-assurance-engineer-at-sgi-4363260868,2026-03-17T10:51:05.354719+00:00
14,Test Automation | Germany,linkedin,Senior Quality Engineer,GLS/NXT,"Berlin, Berlin, Germany",On-site,Full-time,,Senior,English,Senior,,Recent,https://de.linkedin.com/jobs/view/senior-quality-engineer-at-gls-nxt-4381213320,2026-03-17T10:51:05.355243+00:00
14,Test Automation | Austria,linkedin,Senior Test Automation Engineer,AVILOO Battery Diagnostics,"Laxenburg, Lower Austria, Austria",On-site,Full-time,Test Automation,Senior,English,Senior,,Recent,https://at.linkedin.com/jobs/view/senior-test-automation-engineer-at-aviloo-battery-diagnostics-4378165473,2026-03-17T10:51:07.728521+00:00
14,Test Automation | Switzerland,linkedin,Senior Test Automation Engineer / QA Lead (m/w/d),PEAX AG,"Lucerne, Lucerne, Switzerland",On-site,Full-time,Test Automation,"Lead, Senior",English,"Lead, QA Lead, Senior",,Recent,https://ch.linkedin.com/jobs/view/senior-test-automation-engineer-qa-lead-m-w-d-at-peax-ag-4372369646,2026-03-17T10:51:10.099209+00:00
14,Test Automation | Switzerland,linkedin,Senior Quality Analyst,RBW Consulting,"Lachen, Schwyz, Switzerland",On-site,Full-time,,Senior,English,Senior,,Recent,https://ch.linkedin.com/jobs/view/senior-quality-analyst-at-rbw-consulting-4353430000,2026-03-17T10:51:10.099675+00:00
14,Test Automation | Switzerland,linkedin,Testmanager:in,Coopers Group AG,"Berne, Switzerland",On-site,Full-time,,,English,Test Manager,,Recent,https://ch.linkedin.com/jobs/view/testmanager-in-at-coopers-group-ag-4384072570,2026-03-17T10:51:10.100488+00:00
14,Test Automation | Remote,linkedin,Senior Software Engineer in Test (Full-Stack/Python),Mindrift,"Stuttgart, Baden-Württemberg, Germany",Remote,Full-time,Python,Senior,English,Senior,,Recent,https://de.linkedin.com/jobs/view/senior-software-engineer-in-test-full-stack-python-at-mindrift-4385307288,2026-03-17T10:51:12.485737+00:00
14,Test Automation | Slovakia,linkedin,ČSOB Test Manager (M/Ž),ČSOB Finančná skupina,"Bratislava, Slovakia",On-site,Full-time,,,English,Test Manager,,Recent,https://sk.linkedin.com/jobs/view/%C4%8Dsob-test-manager-m-%C5%BE-at-%C4%8Dsob-finan%C4%8Dn%C3%A1-skupina-4327891724,2026-03-17T10:51:14.858457+00:00
14,Test Automation | Czech Republic,linkedin,QA Lead,Powdevs,Dominican Republic,On-site,Full-time,,Lead,English,"Lead, QA Lead",,Recent,https://do.linkedin.com/jobs/view/qa-lead-at-powdevs-4383781317,2026-03-17T10:51:17.258970+00:00
14,Test Automation | United Kingdom,linkedin,Testing Lead,Deloitte,"Glasgow, Scotland, United Kingdom",On-site,Full-time,,Lead,English,Lead,,Recent,https://uk.linkedin.com/jobs/view/testing-lead-at-deloitte-4383546538,2026-03-17T10:51:24.693741+00:00
14,Test Automation | United Kingdom,linkedin,Senior Quality Assurance Tester,Dlala Studios,"Witham, England, United Kingdom",On-site,Full-time,,Senior,English,Senior,,Recent,https://uk.linkedin.com/jobs/view/senior-quality-assurance-tester-at-dlala-studios-4378767706,2026-03-17T10:51:24.693878+00:00
14,Test Automation | United Kingdom,linkedin,"Senior Automation Tester - Flutter, Agentic AI & API Systems",DeliveryApp,"Manchester, England, United Kingdom",On-site,Full-time,,Senior,English,Senior,,Recent,https://uk.linkedin.com/jobs/view/senior-automation-tester-flutter-agentic-ai-api-systems-at-deliveryapp-4378790054,2026-03-17T10:51:24.694145+00:00
14,Test Automation | United Kingdom,linkedin,Senior QA Engineer,MILE,"Sheffield, England, United Kingdom",On-site,Full-time,,Senior,English,Senior,,Recent,https://uk.linkedin.com/jobs/view/senior-qa-engineer-at-mile-4385333171,2026-03-17T10:51:24.694679+00:00
14,Python Developer | Germany,linkedin,Senior Python Developer,Hays,"Munich, Bavaria, Germany",On-site,Full-time,Python,Senior,English,Senior,,Recent,https://de.linkedin.com/jobs/view/senior-python-developer-at-hays-4383711338,2026-03-17T10:51:27.204210+00:00
14,Python Developer | Austria,linkedin,Senior Python Systems Developer - Functional Testing Project,Mindrift,Austria,On-site,Contract,Python,Senior,English,Senior,,Recent,https://at.linkedin.com/jobs/view/senior-python-systems-developer-functional-testing-project-at-mindrift-4386732819,2026-03-17T10:51:29.700416+00:00
14,Python Developer | Switzerland,linkedin,Senior Back-End Engineer (Python),ZYTLYN Technologies,"Geneva, Geneva, Switzerland",On-site,Full-time,Python,Senior,English,Senior,,Recent,https://ch.linkedin.com/jobs/view/senior-back-end-engineer-python-at-zytlyn-technologies-4373925817,2026-03-17T10:51:32.122066+00:00
14,Python Developer | Switzerland,linkedin,Co-Tech Lead & Senior Python Engineer,LocalBini,Sankt Gallen Metropolitan Area,On-site,Full-time,Python,"Tech Lead, Lead, Senior",English,"Lead, Senior",,Recent,https://ch.linkedin.com/jobs/view/co-tech-lead-senior-python-engineer-at-localbini-4379945063,2026-03-17T10:51:32.122608+00:00
14,Python Developer | Remote,linkedin,Senior Python Engineer (m/f/d),Redcare Pharmacy,"Berlin, Berlin, Germany",Remote,Full-time,Python,Senior,English,Senior,,Recent,https://de.linkedin.com/jobs/view/senior-python-engineer-m-f-d-at-redcare-pharmacy-4326465857,2026-03-17T10:51:34.590592+00:00
14,Python Developer | Slovakia,linkedin,Senior Python Software Engineer,Bloomreach,Slovakia,On-site,Full-time,Python,Senior,English,Senior,,Recent,https://sk.linkedin.com/jobs/view/senior-python-software-engineer-at-bloomreach-4365530614,2026-03-17T10:51:36.951639+00:00
14,Python Developer | Czech Republic,linkedin,AI/ML Engineer,Perform,Dominican Republic,On-site,Full-time,"Javascript, Nlp, Playwright, Python, Selenium","Lead, React, Machine Learning, Architect, Node.Js, Computer Vision, Aws",English,"Architect, Lead",,Recent,https://do.linkedin.com/jobs/view/ai-ml-engineer-at-perform-4344260713,2026-03-17T10:51:39.357352+00:00
14,Python Test | Austria,linkedin,Senior Software Tester / Test Lead (m/w/d),Evolit GmbH,"Vienna, Vienna, Austria",On-site,Full-time,,"Lead, Senior",English,"Lead, Senior",,Recent,https://at.linkedin.com/jobs/view/senior-software-tester-test-lead-m-w-d-at-evolit-gmbh-4384548446,2026-03-17T10:51:51.468174+00:00
14,Python Test | Switzerland,linkedin,Team Lead Quality Assurance (m/w/d) 80-100%,selekt,Lucerne Metropolitan Area,Remote,Full-time,,"Team Lead, Lead",English,Lead,,Recent,https://ch.linkedin.com/jobs/view/team-lead-quality-assurance-m-w-d-80-100%25-at-selekt-4385341340,2026-03-17T10:51:53.849467+00:00
14,Python Test | Slovakia,linkedin,Senior Automation QA Engineer / SDET (Python),Binance,"Bratislava, Bratislava, Slovakia",On-site,Full-time,Python,Senior,English,Senior,,Recent,https://sk.linkedin.com/jobs/view/senior-automation-qa-engineer-sdet-python-at-binance-4251138358,2026-03-17T10:51:58.624146+00:00
14,Python Test | Czech Republic,linkedin,Senior SDET,Perform,Dominican Republic,On-site,Full-time,,Senior,English,Senior,,Recent,https://do.linkedin.com/jobs/view/senior-sdet-at-perform-4344131612,2026-03-17T10:52:00.985753+00:00
14,Python Test | Poland,linkedin,Senior Software Engineer in Test (Full-Stack/Python),Mindrift,Poland,On-site,Full-time,Python,Senior,English,Senior,,Recent,https://pl.linkedin.com/jobs/view/senior-software-engineer-in-test-full-stack-python-at-mindrift-4385316019,2026-03-17T10:52:03.437463+00:00
14,Python Test | USA,linkedin,Junior Software Quality Engineer,Helic & Co.,United States,Remote,Internship,"Ci/Cd, Integration Testing, Java, Jenkins, Python, Selenium","Entry-Level, Scrum, Postman, Testng, Agile, Senior, Jira, Junit, Junior",English,Senior,,Recent,https://www.linkedin.com/jobs/view/junior-software-quality-engineer-at-helic-co-4386515639,2026-03-17T10:52:06.052952+00:00
14,Python Test | USA,linkedin,QA Lead,The Value Maximizer,"New York, NY",On-site,Full-time,,Lead,English,"Lead, QA Lead",,Recent,https://www.linkedin.com/jobs/view/qa-lead-at-the-value-maximizer-4384372339,2026-03-17T10:52:06.053606+00:00
14,Python Test | United Kingdom,linkedin,Senior Software Engineer in Test (Full-Stack/Python),Mindrift,"Glasgow, Scotland, United Kingdom",On-site,Full-time,Python,Senior,English,Senior,,Recent,https://uk.linkedin.com/jobs/view/senior-software-engineer-in-test-full-stack-python-at-mindrift-4385311160,2026-03-17T10:52:08.536885+00:00
14,Python Test | United Kingdom,linkedin,Senior Software Engineer in Test (Full-Stack/Python),Mindrift,"Birmingham, England, United Kingdom",On-site,Full-time,Python,Senior,English,Senior,,Recent,https://uk.linkedin.com/jobs/view/senior-software-engineer-in-test-full-stack-python-at-mindrift-4385301654,2026-03-17T10:52:08.537150+00:00
14,Firmware Engineer | Germany,linkedin,Senior Software Engineer - Nvidia Platform,Autobrains Technologies,"Munich, Bavaria, Germany",On-site,Full-time,,Senior,English,Senior,,Recent,https://de.linkedin.com/jobs/view/senior-software-engineer-nvidia-platform-at-autobrains-technologies-4380448307,2026-03-17T10:52:10.903223+00:00
14,Firmware Engineer | Switzerland,linkedin,"Senior Software Engineer, Capture",Advertima,"Zurich, Zurich, Switzerland",On-site,Full-time,,Senior,English,Senior,,Recent,https://ch.linkedin.com/jobs/view/senior-software-engineer-capture-at-advertima-4381748584,2026-03-17T10:52:15.818987+00:00
14,Firmware Engineer | Switzerland,linkedin,Senior Software Engineer,Ripple,"Geneva, Geneva, Switzerland",On-site,Full-time,,Senior,English,Senior,,Recent,https://ch.linkedin.com/jobs/view/senior-software-engineer-at-ripple-4377610063,2026-03-17T10:52:15.819119+00:00
14,Firmware Engineer | Remote,linkedin,Senior Embedded Firmware Engineer,Mercor,"Berlin, Berlin, Germany",Remote,Full-time,Firmware,Senior,English,Senior,,Recent,https://de.linkedin.com/jobs/view/senior-embedded-firmware-engineer-at-mercor-4383106790,2026-03-17T10:52:18.280684+00:00
14,Firmware Engineer | Remote,linkedin,Senior Embedded Engineer (m/w/d),QAVION GROUP,Germany,Remote,Full-time,,Senior,English,Senior,,Recent,https://de.linkedin.com/jobs/view/senior-embedded-engineer-m-w-d-at-qavion-group-4364577288,2026-03-17T10:52:18.281664+00:00
14,Firmware Engineer | Slovakia,linkedin,Software Engineer (Mid-Senior Level),Innovatrics,"Bratislava, Slovakia",On-site,Full-time,,Senior,English,Senior,,Recent,https://sk.linkedin.com/jobs/view/software-engineer-mid-senior-level-at-innovatrics-4375210171,2026-03-17T10:52:20.711149+00:00
14,Firmware Engineer | Czech Republic,linkedin,Senior Software Engineer,Spirit Technologies,"Santiago de los Caballeros, Santiago, Dominican Republic",Remote,Full-time,,Senior,English,Senior,,Recent,https://do.linkedin.com/jobs/view/senior-software-engineer-at-spirit-technologies-4386360120,2026-03-17T10:52:23.083371+00:00
14,Firmware Engineer | Czech Republic,linkedin,Senior Software Engineer,CrecerLab,"Santo Domingo, Distrito Nacional, Dominican Republic",On-site,Full-time,"C, C++, Ci/Cd, Java, Javascript, Python","Devops, Sql, C#, Linux, Product Owner, React, Gcp, Senior, Nosql, Aws",English,Senior,,Recent,https://do.linkedin.com/jobs/view/senior-software-engineer-at-crecerlab-4386540400,2026-03-17T10:52:23.083530+00:00
14,Firmware Engineer | Poland,linkedin,"Embedded Software Engineer, Ring",Ring,Gdansk Metropolitan Area,On-site,Full-time,"Arm, C, C++, Can, Embedded Linux, Firmware, I2C, Python, Spi, System Testing, Uart","Linux, Risc-V, Architect, Freertos, Aws",English,Architect,,Recent,https://pl.linkedin.com/jobs/view/embedded-software-engineer-ring-at-ring-4373538910,2026-03-17T10:52:25.558991+00:00
14,Firmware Engineer | Poland,linkedin,"Software Engineer, FinOps",Samba TV,"Warsaw, Mazowieckie, Poland",On-site,Contract,Python,"Terraform, Sql, Lead, Databricks, Snowflake, Gcp, Kubernetes, Aws",English,Lead,,Recent,https://pl.linkedin.com/jobs/view/software-engineer-finops-at-samba-tv-4312933080,2026-03-17T10:52:25.559280+00:00
14,Firmware Engineer | Poland,linkedin,Senior Software Engineer,GeekSoft Consulting,"Warsaw, Mazowieckie, Poland",On-site,Full-time,,Senior,English,Senior,,Recent,https://pl.linkedin.com/jobs/view/senior-software-engineer-at-geeksoft-consulting-4385202317,2026-03-17T10:52:25.560088+00:00
14,Firmware Engineer | United Kingdom,linkedin,"Senior Software Engineer, Embedded C++",Roku,"Cambridge, England, United Kingdom",On-site,Full-time,"C, C++",Senior,English,Senior,,Recent,https://uk.linkedin.com/jobs/view/senior-software-engineer-embedded-c%2B%2B-at-roku-4374730170,2026-03-17T10:52:30.705892+00:00
0,Tester | Germany,linkedin,Software Engineer in Test (Berlin),Cresta,"Berlin, Berlin, Germany",On-site,Contract,"Can, Ci/Cd, Go, Playwright, Typescript","Cypress, Grafana, Datadog, Manual Testing",English,,,Recent,https://de.linkedin.com/jobs/view/software-engineer-in-test-berlin-at-cresta-4343158227,2026-03-17T10:49:38.604700+00:00
0,Tester | Germany,linkedin,Junior Software QA Tester,Recare,Germany,Remote,Contract,Can,"Postman, Agile, Manual Testing, Jira, Working Student, Junior",English,,,Recent,https://de.linkedin.com/jobs/view/junior-software-qa-tester-at-recare-4381610592,2026-03-17T10:49:38.604876+00:00
0,Tester | Germany,linkedin,QA Tester (f/m/d),justDice,"Hamburg, Hamburg, Germany",Remote,Full-time,Test Automation,"React, Rest Api, Agile, Manual Testing",English,,,Recent,https://de.linkedin.com/jobs/view/qa-tester-f-m-d-at-justdice-4384028500,2026-03-17T10:49:38.605016+00:00
0,Tester | Germany,linkedin,Test Engineer,Netcom Engineering S.p.A. SB,"Ingolstadt, Bavaria, Germany",On-site,Contract,"Can, Python",Canoe,English,,,Recent,https://de.linkedin.com/jobs/view/test-engineer-at-netcom-engineering-s-p-a-sb-4373553619,2026-03-17T10:49:38.605152+00:00
0,Tester | Germany,linkedin,QA Manager / Software Tester (all genders),JAKALA,"Hamburg, Germany",Remote,Full-time,"Playwright, Selenium","Product Owner, R",German,,,Recent,https://de.linkedin.com/jobs/view/qa-manager-software-tester-all-genders-at-jakala-4384027574,2026-03-17T10:49:38.605287+00:00
0,Tester | Germany,linkedin,QA Engineer,Assemblio,"Stuttgart, Baden-Württemberg, Germany",On-site,Full-time,"Ci/Cd, Integration Testing","Devops, Grpc, Cypress",English,,,Recent,https://de.linkedin.com/jobs/view/qa-engineer-at-assemblio-4376728345,2026-03-17T10:49:38.605418+00:00
0,Tester | Germany,linkedin,Quality Assurance Tester (m/f/d),MoPla Solutions GmbH,"Augsburg, Bavaria, Germany",On-site,Full-time,,,English,,,Recent,https://de.linkedin.com/jobs/view/quality-assurance-tester-m-f-d-at-mopla-solutions-gmbh-4375222169,2026-03-17T10:49:38.605693+00:00
0,Tester | Germany,linkedin,Software Tester (m/w/d),The Adecco Group,Greater Kassel Area,On-site,Full-time,Can,R,German,,,Recent,https://de.linkedin.com/jobs/view/software-tester-m-w-d-at-the-adecco-group-4380442398,2026-03-17T10:49:38.605820+00:00
0,Tester | Germany,linkedin,App-Tester  (m/w/d),clickworker,Germany,On-site,Full-time,,,English,,,Recent,https://de.linkedin.com/jobs/view/app-tester-m-w-d-at-clickworker-4375907759,2026-03-17T10:49:38.605946+00:00
0,Tester | Austria,linkedin,Software Tester*in,Agrarmarkt Austria,"Vienna, Vienna, Austria",Hybrid,Internship,,R,German,,,Recent,https://at.linkedin.com/jobs/view/software-tester-in-at-agrarmarkt-austria-4381271914,2026-03-17T10:49:40.975763+00:00
0,Tester | Austria,linkedin,Junior Test Engineer (w/m/d),Pankl Turbosystems GmbH,"Bruck an der Mur, Styria, Austria",Remote,Full-time,,"Associate, R, Junior",German,,,Recent,https://at.linkedin.com/jobs/view/junior-test-engineer-w-m-d-at-pankl-turbosystems-gmbh-4380268475,2026-03-17T10:49:40.975935+00:00
0,Tester | Austria,linkedin,Test Automation Engineer (m/f/d),Deutsche Telekom,"Fünfkirchen, Lower Austria, Austria",On-site,Full-time,"Ci/Cd, Java, Playwright, Selenium, Test Automation","R, Cypress",German,,,Recent,https://at.linkedin.com/jobs/view/test-automation-engineer-m-f-d-at-deutsche-telekom-4386366897,2026-03-17T10:49:40.976085+00:00
0,Tester | Austria,linkedin,Test Engineer,Noir,"Linz, Upper Austria, Austria",Hybrid,Full-time,"Ci/Cd, Jenkins, Selenium, Test Automation","Scrum, Postman, Agile, Jira, Regression Testing",English,,,Recent,https://at.linkedin.com/jobs/view/test-engineer-at-noir-4385342432,2026-03-17T10:49:40.976225+00:00
0,Tester | Austria,linkedin,Junior Test Engineer (w/m/d),Pankl Aerospace Systems,"Bruck an der Mur, Styria, Austria",Remote,Full-time,,"Associate, R, Junior",German,,,Recent,https://at.linkedin.com/jobs/view/junior-test-engineer-w-m-d-at-pankl-aerospace-systems-4383709885,2026-03-17T10:49:40.976361+00:00
0,Tester | Austria,linkedin,Software Test Engineer & Documentation Writer (w/m/d),Delegate Group,"Vienna, Vienna, Austria",On-site,Full-time,"Ci/Cd, Continuous Testing, Playwright, Selenium, Test Automation","Scrum, Devops, Sql, Docker, Associate, Sql Server, Microservices, R, Oracle, Kanban",German,,,Recent,https://at.linkedin.com/jobs/view/software-test-engineer-documentation-writer-w-m-d-at-delegate-group-4379825967,2026-03-17T10:49:40.976514+00:00
0,Tester | Austria,linkedin,Reliability & Parametric Test Engineer (ONSITE in Switzerland),Gramian Consulting,Austria,On-site,Contract,"C, Python","Linux, R",English,,,Recent,https://at.linkedin.com/jobs/view/reliability-parametric-test-engineer-onsite-in-switzerland-at-gramian-consulting-4386064487,2026-03-17T10:49:40.976909+00:00
0,Tester | Switzerland,linkedin,Software Tester,yiuu.io | Sandro Toneatto Consulting,"Zurich, Zurich, Switzerland",On-site,Full-time,,,English,,,Recent,https://ch.linkedin.com/jobs/view/software-tester-at-yiuu-io-sandro-toneatto-consulting-4384460420,2026-03-17T10:49:43.324124+00:00
0,Tester | Switzerland,linkedin,Software Test Engineer (a),StaffLnk GmbH,"Berne, Switzerland",On-site,Full-time,,,English,,,Recent,https://ch.linkedin.com/jobs/view/software-test-engineer-a-at-stafflnk-gmbh-4378901898,2026-03-17T10:49:43.324277+00:00
0,Tester | Switzerland,linkedin,Software Test Automation Engineer,AYES - Management & Technology Consulting,Switzerland,On-site,Full-time,Test Automation,,English,,,Recent,https://ch.linkedin.com/jobs/view/software-test-automation-engineer-at-ayes-management-technology-consulting-4383801077,2026-03-17T10:49:43.324419+00:00
0,Tester | Switzerland,linkedin,T24 Test Analyst,SGI,"Zurich, Zurich, Switzerland",On-site,Full-time,,,English,,,Recent,https://ch.linkedin.com/jobs/view/t24-test-analyst-at-sgi-4375670964,2026-03-17T10:49:43.324574+00:00
0,Tester | Switzerland,linkedin,Software Test Engineer (m/w/d),Nexplore AG,"Berne, Switzerland",On-site,Full-time,,,English,,,Recent,https://ch.linkedin.com/jobs/view/software-test-engineer-m-w-d-at-nexplore-ag-4373941982,2026-03-17T10:49:43.324709+00:00
0,Tester | Switzerland,linkedin,Test und Quality Engineer,ti&m,"Zurich, Zurich, Switzerland",On-site,Full-time,,,German,,,Recent,https://ch.linkedin.com/jobs/view/test-und-quality-engineer-at-ti-m-4374300155,2026-03-17T10:49:43.324984+00:00
0,Tester | Switzerland,linkedin,Professional Test Engineer (m/w/d) - Frontend & Backend (80%) (Ref.Nr.: 46233),Wavestone,"Bern, Berne, Switzerland",On-site,Full-time,,,English,,,Recent,https://ch.linkedin.com/jobs/view/professional-test-engineer-m-w-d-frontend-backend-80%25-ref-nr-46233-at-wavestone-4375553622,2026-03-17T10:49:43.325124+00:00
0,Tester | Switzerland,linkedin,Test Engineer,Transgourmet/Prodega Schweiz,"Berne, Switzerland",On-site,Full-time,,,English,,,Recent,https://ch.linkedin.com/jobs/view/test-engineer-at-transgourmet-prodega-schweiz-4373330476,2026-03-17T10:49:43.325254+00:00
0,Tester | Remote,linkedin,Quality Assurance Engineer (m/w/d),ISO-Gruppe,"Bonn, North Rhine-Westphalia, Germany",Remote,Full-time,,,English,,,Recent,https://de.linkedin.com/jobs/view/quality-assurance-engineer-m-w-d-at-iso-gruppe-4358570111,2026-03-17T10:49:45.672094+00:00
0,Tester | Remote,linkedin,Test Engineer (w/m/d) - Deutschlandweit,smapOne AG,Germany,Remote,Full-time,,,English,,,Recent,https://de.linkedin.com/jobs/view/test-engineer-w-m-d-deutschlandweit-at-smapone-ag-4373535881,2026-03-17T10:49:45.672236+00:00
0,Tester | Remote,linkedin,Test Case Engineer (m/w/d),citema systems GmbH,Germany,Remote,Full-time,,,English,,,Recent,https://de.linkedin.com/jobs/view/test-case-engineer-m-w-d-at-citema-systems-gmbh-4375507904,2026-03-17T10:49:45.672526+00:00
0,Tester | Slovakia,linkedin,Student SW Tester (Part-time position),Surglogs,Slovakia,On-site,Internship,,,English,,,Recent,https://sk.linkedin.com/jobs/view/student-sw-tester-part-time-position-at-surglogs-4380933837,2026-03-17T10:49:48.032645+00:00
0,Tester | Slovakia,linkedin,IT Tester ČSOB (m/ž),ČSOB Finančná skupina,"Bratislava, Slovakia",On-site,Full-time,,,English,,,Recent,https://sk.linkedin.com/jobs/view/it-tester-%C4%8Dsob-m-%C5%BE-at-%C4%8Dsob-finan%C4%8Dn%C3%A1-skupina-4354445255,2026-03-17T10:49:48.032827+00:00
0,Tester | Slovakia,linkedin,Manual QA Tester,Descartes Systems Group,"Žilina, Zilina, Slovakia",On-site,Full-time,,,English,,,Recent,https://sk.linkedin.com/jobs/view/manual-qa-tester-at-descartes-systems-group-4382115365,2026-03-17T10:49:48.033124+00:00
0,Tester | Slovakia,linkedin,Test engineer,Magna International,"Kechnec, Kosice, Slovakia",On-site,Internship,,,English,,,Recent,https://sk.linkedin.com/jobs/view/test-engineer-at-magna-international-4219197667,2026-03-17T10:49:48.033263+00:00
0,Tester | Slovakia,linkedin,Test Engineer,Multitude,"Bratislava, Bratislava, Slovakia",On-site,Full-time,,,English,,,Recent,https://sk.linkedin.com/jobs/view/test-engineer-at-multitude-4379037173,2026-03-17T10:49:48.033400+00:00
0,Tester | Slovakia,linkedin,Test engineer-1,Magna International,"Kechnec, Kosice, Slovakia",On-site,Internship,,,English,,,Recent,https://sk.linkedin.com/jobs/view/test-engineer-1-at-magna-international-4284413507,2026-03-17T10:49:48.033542+00:00
0,Tester | Slovakia,linkedin,Agile Test Engineer,ESET,"Bratislava, Bratislava, Slovakia",On-site,Full-time,,Agile,English,,,Recent,https://sk.linkedin.com/jobs/view/agile-test-engineer-at-eset-4375989657,2026-03-17T10:49:48.033670+00:00
0,Tester | Slovakia,linkedin,Medior Agile Tester,ESET,"Bratislava, Bratislava, Slovakia",On-site,Full-time,,Agile,English,,,Recent,https://sk.linkedin.com/jobs/view/medior-agile-tester-at-eset-4374813990,2026-03-17T10:49:48.033807+00:00
0,Tester | Slovakia,linkedin,Automated Tester,CGI,"Bratislava 1, Bratislava, Slovakia",On-site,Full-time,,,English,,,Recent,https://sk.linkedin.com/jobs/view/automated-tester-at-cgi-4311705846,2026-03-17T10:49:48.033936+00:00
0,Tester | Czech Republic,linkedin,QA Tester,Infosyp,"Santo Domingo de Guzmán, Distrito Nacional, Dominican Republic",On-site,Full-time,,,English,,,Recent,https://do.linkedin.com/jobs/view/qa-tester-at-infosyp-4380484222,2026-03-17T10:49:50.346600+00:00
0,Tester | Czech Republic,linkedin,Test Engineer,Eaton,"Bajos de Haina, San Cristóbal, Dominican Republic",On-site,Full-time,,,English,,,Recent,https://do.linkedin.com/jobs/view/test-engineer-at-eaton-4353191207,2026-03-17T10:49:50.346778+00:00
0,Tester | Czech Republic,linkedin,Test Engineer,Rockwell Automation,"Santo Domingo, Distrito Nacional, Dominican Republic",On-site,Full-time,,,English,,,Recent,https://do.linkedin.com/jobs/view/test-engineer-at-rockwell-automation-4380581844,2026-03-17T10:49:50.346924+00:00
0,Tester | Czech Republic,linkedin,Software Development Engineer in Test,Origami Risk,"Santo Domingo, Distrito Nacional, Dominican Republic",On-site,Full-time,,,English,,,Recent,https://do.linkedin.com/jobs/view/software-development-engineer-in-test-at-origami-risk-4375488057,2026-03-17T10:49:50.347054+00:00
0,Tester | Czech Republic,linkedin,Técnico Electrónico II,Eaton,"Bajos de Haina, San Cristóbal, Dominican Republic",On-site,Full-time,,,English,,,Recent,https://do.linkedin.com/jobs/view/t%C3%A9cnico-electr%C3%B3nico-ii-at-eaton-4378934782,2026-03-17T10:49:50.347340+00:00
0,Tester | Czech Republic,linkedin,Coordinator.MFG.Maintenance,Eaton,"Santiago de los Caballeros, Santiago, Dominican Republic",On-site,Full-time,,,English,,,Recent,https://do.linkedin.com/jobs/view/coordinator-mfg-maintenance-at-eaton-4375530633,2026-03-17T10:49:50.347490+00:00
0,Tester | Poland,linkedin,Manual Tester,ipracujzdalnie.pl,"Warsaw, Mazowieckie, Poland",On-site,Full-time,,,English,,,Recent,https://pl.linkedin.com/jobs/view/manual-tester-at-ipracujzdalnie-pl-4376817360,2026-03-17T10:49:52.737869+00:00
0,Tester | Poland,linkedin,Manual Tester,ipracujzdalnie.pl,"Lublin, Lubelskie, Poland",On-site,Full-time,,,English,,,Recent,https://pl.linkedin.com/jobs/view/manual-tester-at-ipracujzdalnie-pl-4376828013,2026-03-17T10:49:52.738029+00:00
0,Tester | Poland,linkedin,Manual Tester,ipracujzdalnie.pl,"Rzeszów, Podkarpackie, Poland",On-site,Full-time,,,English,,,Recent,https://pl.linkedin.com/jobs/view/manual-tester-at-ipracujzdalnie-pl-4376807853,2026-03-17T10:49:52.738165+00:00
0,Tester | Poland,linkedin,Manual Tester,ipracujzdalnie.pl,"Białystok, Podlaskie, Poland",On-site,Full-time,,,English,,,Recent,https://pl.linkedin.com/jobs/view/manual-tester-at-ipracujzdalnie-pl-4376823266,2026-03-17T10:49:52.738311+00:00
0,Tester | Poland,linkedin,Manual Tester,ipracujzdalnie.pl,"Łódź, Łódzkie, Poland",On-site,Full-time,,,English,,,Recent,https://pl.linkedin.com/jobs/view/manual-tester-at-ipracujzdalnie-pl-4376816514,2026-03-17T10:49:52.738463+00:00
0,Tester | Poland,linkedin,Tester/ka manualny/a,Base.com,"Warsaw, Mazowieckie, Poland",On-site,Full-time,,,English,,,Recent,https://pl.linkedin.com/jobs/view/tester-ka-manualny-a-at-base-com-4383302255,2026-03-17T10:49:52.738600+00:00
0,Tester | Poland,linkedin,QA Manual Tester (Desktop/Web applications),Inexto SA,"Cracow, Małopolskie, Poland",On-site,Full-time,,,English,,,Recent,https://pl.linkedin.com/jobs/view/qa-manual-tester%C2%A0-desktop-web-applications-at-inexto-sa-4374067677,2026-03-17T10:49:52.738727+00:00
0,Tester | Poland,linkedin,Tester/ka manualny/a,Base.com,"Wrocław, Dolnośląskie, Poland",On-site,Full-time,,,English,,,Recent,https://pl.linkedin.com/jobs/view/tester-ka-manualny-a-at-base-com-4383305215,2026-03-17T10:49:52.738862+00:00
0,Tester | Poland,linkedin,Junior Test Specialist/QA Engineer (f/m),Netcompany,"Warsaw, Mazowieckie, Poland",On-site,Full-time,,Junior,English,,,Recent,https://pl.linkedin.com/jobs/view/junior-test-specialist-qa-engineer-f-m-at-netcompany-4364598006,2026-03-17T10:49:52.739005+00:00
0,Tester | Poland,linkedin,Intermediate Test Engineer - OP02078,Dev.Pro,"Wrocław, Dolnośląskie, Poland",On-site,Full-time,,,English,,,Recent,https://pl.linkedin.com/jobs/view/intermediate-test-engineer-op02078-at-dev-pro-4384854473,2026-03-17T10:49:52.739142+00:00
0,Tester | USA,linkedin,[Entry Level] Software Tester,Lensa,"Plano, TX",On-site,Full-time,,,English,,,Recent,https://www.linkedin.com/jobs/view/entry-level-software-tester-at-lensa-4386357364,2026-03-17T10:49:55.153892+00:00
0,Tester | USA,linkedin,[Entry Level] Software Tester,Lensa,"Bellevue, WA",On-site,Full-time,,,English,,,Recent,https://www.linkedin.com/jobs/view/entry-level-software-tester-at-lensa-4386357336,2026-03-17T10:49:55.154122+00:00
0,Tester | USA,linkedin,[Entry Level] Software Tester,Lensa,"Englewood Cliffs, NJ",On-site,Full-time,,,English,,,Recent,https://www.linkedin.com/jobs/view/entry-level-software-tester-at-lensa-4386361088,2026-03-17T10:49:55.154264+00:00
0,Tester | USA,linkedin,[Entry Level] Software Tester / Field Tester,Lensa,"Plano, TX",On-site,Full-time,,,English,,,Recent,https://www.linkedin.com/jobs/view/entry-level-software-tester-field-tester-at-lensa-4386350542,2026-03-17T10:49:55.154400+00:00
0,Tester | USA,linkedin,Manual tester,BCforward,"Rochester, MN",On-site,Full-time,,,English,,,Recent,https://www.linkedin.com/jobs/view/manual-tester-at-bcforward-4382132487,2026-03-17T10:49:55.154634+00:00
0,Tester | USA,linkedin,[Entry Level] Software Tester / Field Tester,Lensa,"Bellevue, WA",Remote,Contract,Can,Data Science,English,,,Recent,https://www.linkedin.com/jobs/view/entry-level-software-tester-field-tester-at-lensa-4386582490,2026-03-17T10:49:55.154863+00:00
0,Tester | USA,linkedin,Manual Test Engineer - Remote,Lensa,"Fairfax, VA",Remote,Full-time,,,English,,,Recent,https://www.linkedin.com/jobs/view/manual-test-engineer-remote-at-lensa-4386364031,2026-03-17T10:49:55.155069+00:00
0,Tester | USA,linkedin,QA Tester,KellyMitchell Group,"Gresham, OR",On-site,Full-time,,,English,,,Recent,https://www.linkedin.com/jobs/view/qa-tester-at-kellymitchell-group-4380367886,2026-03-17T10:49:55.155203+00:00
0,Tester | USA,linkedin,QA Manual Tester,KellyMitchell Group,"Maryland Heights, MO",On-site,Full-time,,,English,,,Recent,https://www.linkedin.com/jobs/view/qa-manual-tester-at-kellymitchell-group-4385101466,2026-03-17T10:49:55.155339+00:00
0,Tester | USA,linkedin,Quality Assurance Tester- Junior (Remote),ICF,"Dallas, TX",Remote,Full-time,,Junior,English,,,Recent,https://www.linkedin.com/jobs/view/quality-assurance-tester-junior-remote-at-icf-4380021461,2026-03-17T10:49:55.155485+00:00
0,Tester | United Kingdom,linkedin,QA Manual Tester,MCS Rental Software,"Maidenhead, England, United Kingdom",On-site,Full-time,,,English,,,Recent,https://uk.linkedin.com/jobs/view/qa-manual-tester-at-mcs-rental-software-4386722171,2026-03-17T10:49:57.543489+00:00
0,Tester | United Kingdom,linkedin,QA Tester,Methods,"London, England, United Kingdom",On-site,Full-time,,,English,,,Recent,https://uk.linkedin.com/jobs/view/qa-tester-at-methods-4374556931,2026-03-17T10:49:57.543656+00:00
0,Tester | United Kingdom,linkedin,Quality Engineer : Manual Software Testing (Hybrid),TipTopJob,"Durham, England, United Kingdom",Hybrid,Full-time,,,English,,,Recent,https://uk.linkedin.com/jobs/view/quality-engineer-manual-software-testing-hybrid-at-tiptopjob-4378665703,2026-03-17T10:49:57.543791+00:00
0,Tester | United Kingdom,linkedin,Test Engineer,Wipro,"London Area, United Kingdom",On-site,Full-time,,,English,,,Recent,https://uk.linkedin.com/jobs/view/test-engineer-at-wipro-4364799058,2026-03-17T10:49:57.543927+00:00
0,Tester | United Kingdom,linkedin,Software Test Engineer,"Halian | Managed Services, Recruitment Agency & Contract Staffing","Bracknell, England, United Kingdom",On-site,Contract,,,English,,,Recent,https://uk.linkedin.com/jobs/view/software-test-engineer-at-halian-managed-services-recruitment-agency-contract-staffing-4378886736,2026-03-17T10:49:57.544059+00:00
0,Tester | United Kingdom,linkedin,Junior QA / Software Tester,Apply4U | Apply4U | Human-Assisted AI Job & Recruitment Platform,United Kingdom,On-site,Full-time,,Junior,English,,,Recent,https://uk.linkedin.com/jobs/view/junior-qa-software-tester-at-apply4u-apply4u-human-assisted-ai-job-recruitment-platform-4385852492,2026-03-17T10:49:57.544317+00:00
0,Tester | United Kingdom,linkedin,QA Tester,Institute of Communication,"London, England, United Kingdom",On-site,Full-time,,,English,,,Recent,https://uk.linkedin.com/jobs/view/qa-tester-at-institute-of-communication-4384526318,2026-03-17T10:49:57.544593+00:00
0,Tester | United Kingdom,linkedin,QA Tester,Anson McCade,"England, United Kingdom",On-site,Full-time,,,English,,,Recent,https://uk.linkedin.com/jobs/view/qa-tester-at-anson-mccade-4382591708,2026-03-17T10:49:57.544725+00:00
0,QA Engineer | Germany,linkedin,Entry-Level Quality Assurance Engineer,Eon Weave Labs,Germany,On-site,Full-time,,Entry-Level,English,,,Recent,https://de.linkedin.com/jobs/view/entry-level-quality-assurance-engineer-at-eon-weave-labs-4384474048,2026-03-17T10:49:59.885325+00:00
0,QA Engineer | Germany,linkedin,QA Engineer,Westernacher Solutions,"Berlin, Germany",On-site,Full-time,,,English,,,Recent,https://de.linkedin.com/jobs/view/qa-engineer-at-westernacher-solutions-4372474254,2026-03-17T10:49:59.885534+00:00
0,QA Engineer | Germany,linkedin,Entry-Level Quality Assurance Engineer,ACTalent Solutions Partners,"Berlin, Berlin, Germany",On-site,Full-time,,Entry-Level,English,,,Recent,https://de.linkedin.com/jobs/view/entry-level-quality-assurance-engineer-at-actalent-solutions-partners-4385680817,2026-03-17T10:49:59.885943+00:00
0,QA Engineer | Austria,linkedin,Software Quality Engineer,Ketryx,"Vienna, Vienna, Austria",On-site,Full-time,,,English,,,Recent,https://at.linkedin.com/jobs/view/software-quality-engineer-at-ketryx-4308973953,2026-03-17T10:50:02.280224+00:00
0,QA Engineer | Austria,linkedin,QA Engineer (AI native),nyra health,"Vienna, Austria",On-site,Full-time,,,English,,,Recent,https://at.linkedin.com/jobs/view/qa-engineer-ai-native-at-nyra-health-4380894667,2026-03-17T10:50:02.280701+00:00
0,QA Engineer | Austria,linkedin,QA Engineer - Manual Testing (Mobile & Backend),Tractive,"Linz, Upper Austria, Austria",Remote,Full-time,,Manual Testing,English,,,Recent,https://at.linkedin.com/jobs/view/qa-engineer-manual-testing-mobile-backend-at-tractive-4383036532,2026-03-17T10:50:02.280967+00:00
0,QA Engineer | Austria,linkedin,Software QA Engineer (Embedded Systems),Berkeley Square - Talent Specialists in IT & Engineering,"Vorarlberg, Austria",On-site,Full-time,Embedded Systems,,English,,,Recent,https://at.linkedin.com/jobs/view/software-qa-engineer-embedded-systems-at-berkeley-square-talent-specialists-in-it-engineering-4372602220,2026-03-17T10:50:02.281100+00:00
0,QA Engineer | Austria,linkedin,QA Engineer (m/w/d),RINGANA,"Vienna, Vienna, Austria",On-site,Full-time,,,English,,,Recent,https://at.linkedin.com/jobs/view/qa-engineer-m-w-d-at-ringana-4353952752,2026-03-17T10:50:02.281227+00:00
0,QA Engineer | Austria,linkedin,Quality Assurance Engineer (all genders),TeamViewer,"Linz, Upper Austria, Austria",On-site,Full-time,,,English,,,Recent,https://at.linkedin.com/jobs/view/quality-assurance-engineer-all-genders-at-teamviewer-4380586162,2026-03-17T10:50:02.281354+00:00
0,QA Engineer | Austria,linkedin,Supplier Test Engineer (all genders),Lam Research,"Villach, Carinthia, Austria",On-site,Full-time,,,English,,,Recent,https://at.linkedin.com/jobs/view/supplier-test-engineer-all-genders-at-lam-research-4377926919,2026-03-17T10:50:02.281500+00:00
0,QA Engineer | Switzerland,linkedin,Quality Assurance Engineer 100%,"Bodenmiller Recruitment GmbH | Recruitment for critical hires in Life Sciences, IT, and Engineering","Schaffhausen, Switzerland",Remote,Full-time,,,English,,,Recent,https://ch.linkedin.com/jobs/view/quality-assurance-engineer-100%25-at-bodenmiller-recruitment-gmbh-recruitment-for-critical-hires-in-life-sciences-it-and-engineering-4383310226,2026-03-17T10:50:04.684065+00:00
0,QA Engineer | Switzerland,linkedin,QA Software Engineer,Bucher + Suter,Greater Bern Area,On-site,Full-time,,,English,,,Recent,https://ch.linkedin.com/jobs/view/qa-software-engineer-at-bucher-%2B-suter-4377833517,2026-03-17T10:50:04.684209+00:00
0,QA Engineer | Switzerland,linkedin,QA Engineer,qiibee,Switzerland,On-site,Full-time,,,English,,,Recent,https://ch.linkedin.com/jobs/view/qa-engineer-at-qiibee-4381273286,2026-03-17T10:50:04.684340+00:00
0,QA Engineer | Switzerland,linkedin,Quality Assurance Engineer,Rayner,"St Gallen, Switzerland",On-site,Full-time,,,English,,,Recent,https://ch.linkedin.com/jobs/view/quality-assurance-engineer-at-rayner-4377842716,2026-03-17T10:50:04.684482+00:00
0,QA Engineer | Switzerland,linkedin,Ingénieur tests/Ingénieure tests,CLEEVEN,"Vaud, Switzerland",On-site,Full-time,,,English,,,Recent,https://ch.linkedin.com/jobs/view/ing%C3%A9nieur-tests-ing%C3%A9nieure-tests-at-cleeven-4375822030,2026-03-17T10:50:04.684613+00:00
0,QA Engineer | Switzerland,linkedin,QA qualification engineer,agap2 Switzerland,"Basel, Basel, Switzerland",On-site,Full-time,,,English,,,Recent,https://ch.linkedin.com/jobs/view/qa-qualification-engineer-at-agap2-switzerland-4384446012,2026-03-17T10:50:04.684750+00:00
0,QA Engineer | Switzerland,linkedin,Ingénieur tests/Ingénieure tests,API SA,"Lausanne, Vaud, Switzerland",On-site,Full-time,,,English,,,Recent,https://ch.linkedin.com/jobs/view/ing%C3%A9nieur-tests-ing%C3%A9nieure-tests-at-api-sa-4380948448,2026-03-17T10:50:04.684882+00:00
0,QA Engineer | Switzerland,linkedin,QA Engineer,WEDO,"Fribourg, Fribourg, Switzerland",On-site,Full-time,,,English,,,Recent,https://ch.linkedin.com/jobs/view/qa-engineer-at-wedo-4384804112,2026-03-17T10:50:04.685010+00:00
0,QA Engineer | Remote,linkedin,"QA Engineer (freelance contract, full-time)",Lumiform,Germany,Remote,Contract,,,English,,,Recent,https://de.linkedin.com/jobs/view/qa-engineer-freelance-contract-full-time-at-lumiform-4375538991,2026-03-17T10:50:07.049753+00:00
0,QA Engineer | Remote,linkedin,QA Testing Engineer (Remote -Teilzeit),HeroSoftware GmbH - Shopify Apps,Germany,Remote,Full-time,,,English,,,Recent,https://de.linkedin.com/jobs/view/qa-testing-engineer-remote-teilzeit-at-herosoftware-gmbh-shopify-apps-4382015789,2026-03-17T10:50:07.049957+00:00
0,QA Engineer | Remote,linkedin,QA Specialist / QA Engineer - Freelanceship - 100% remote,Accelerated,Germany,Remote,Contract,,,English,,,Recent,https://de.linkedin.com/jobs/view/qa-specialist-qa-engineer-freelanceship-100%25-remote-at-accelerated-4375554271,2026-03-17T10:50:07.050170+00:00
0,QA Engineer | Remote,linkedin,QA Testing Engineer/in (Remote - 20h) Werkstudent/in,HeroSoftware GmbH - Shopify Apps,Germany,Remote,Internship,,Working Student,English,,,Recent,https://de.linkedin.com/jobs/view/qa-testing-engineer-in-remote-20h-werkstudent-in-at-herosoftware-gmbh-shopify-apps-4382505253,2026-03-17T10:50:07.050949+00:00
0,QA Engineer | Slovakia,linkedin,QA Engineer,Swiss Re,"Bratislava, Bratislava, Slovakia",On-site,Full-time,,,English,,,Recent,https://sk.linkedin.com/jobs/view/qa-engineer-at-swiss-re-4366871953,2026-03-17T10:50:09.454424+00:00
0,QA Engineer | Slovakia,linkedin,Quality Assurance Automation Engineer,Billdu,Bratislava Metropolitan Area,On-site,Full-time,,,English,,,Recent,https://sk.linkedin.com/jobs/view/quality-assurance-automation-engineer-at-billdu-4385255789,2026-03-17T10:50:09.454626+00:00
0,QA Engineer | Slovakia,linkedin,Manual QA Engineer (Middle) ID51808,AgileEngine,"Bratislava, Bratislava, Slovakia",On-site,Full-time,,,English,,,Recent,https://sk.linkedin.com/jobs/view/manual-qa-engineer-middle-id51808-at-agileengine-4377642193,2026-03-17T10:50:09.454765+00:00
0,QA Engineer | Slovakia,linkedin,QA Engineer (Hybrid set up),Swiss Re,"Bratislava, Bratislava, Slovakia",Hybrid,Full-time,,,English,,,Recent,https://sk.linkedin.com/jobs/view/qa-engineer-hybrid-set-up-at-swiss-re-4384997742,2026-03-17T10:50:09.454896+00:00
0,QA Engineer | Czech Republic,linkedin,Ingeniero de Pruebas QA Manual,Infosyp,"Santo Domingo de Guzmán, Distrito Nacional, Dominican Republic",On-site,Full-time,,,English,,,Recent,https://do.linkedin.com/jobs/view/ingeniero-de-pruebas-qa-manual-at-infosyp-4380483272,2026-03-17T10:50:11.851227+00:00
0,QA Engineer | Czech Republic,linkedin,Software QA Engineer - La Vega,Champro,"La Vega, La Vega, Dominican Republic",On-site,Full-time,,,English,,,Recent,https://do.linkedin.com/jobs/view/software-qa-engineer-la-vega-at-champro-4373865392,2026-03-17T10:50:11.851404+00:00
0,QA Engineer | Czech Republic,linkedin,Ingeniero QA,GBM,Dominican Republic,On-site,Full-time,,,English,,,Recent,https://do.linkedin.com/jobs/view/ingeniero-qa-at-gbm-4375742926,2026-03-17T10:50:11.851565+00:00
0,QA Engineer | Czech Republic,linkedin,Quality Assurance Engineer - Trabajo Remoto,BairesDev,"Santo Domingo, Distrito Nacional, Dominican Republic",On-site,Full-time,,,English,,,Recent,https://do.linkedin.com/jobs/view/quality-assurance-engineer-trabajo-remoto-at-bairesdev-4385286652,2026-03-17T10:50:11.851702+00:00
0,QA Engineer | Czech Republic,linkedin,Ingeniero QA,Infosyp,"Santiago de los Caballeros, Santiago, Dominican Republic",On-site,Full-time,,,English,,,Recent,https://do.linkedin.com/jobs/view/ingeniero-qa-at-infosyp-4372540809,2026-03-17T10:50:11.851836+00:00
0,QA Engineer | Czech Republic,linkedin,Future QA Engineer Opportunities (Gaming Industry),Perform,Dominican Republic,On-site,Full-time,,,English,,,Recent,https://do.linkedin.com/jobs/view/future-qa-engineer-opportunities-gaming-industry-at-perform-4344181481,2026-03-17T10:50:11.852102+00:00
0,QA Engineer | Czech Republic,linkedin,芯片SLT测试工程师7853,UNISOC,"アト・マジョール州, Hato Mayor, Dominican Republic",On-site,Full-time,,,English,,,Recent,https://do.linkedin.com/jobs/view/%E8%8A%AF%E7%89%87slt%E6%B5%8B%E8%AF%95%E5%B7%A5%E7%A8%8B%E5%B8%887853-at-unisoc-4384176134,2026-03-17T10:50:11.852515+00:00
0,QA Engineer | Poland,linkedin,Junior QA Engineer/ QA Engineer,Amelco Limited,"Warsaw, Mazowieckie, Poland",On-site,Full-time,,Junior,English,,,Recent,https://pl.linkedin.com/jobs/view/junior-qa-engineer-qa-engineer-at-amelco-limited-4372850135,2026-03-17T10:50:14.247353+00:00
0,QA Engineer | Poland,linkedin,(800) QA Automation Engineer,Altoros,"Warsaw, Mazowieckie, Poland",On-site,Internship,"C, Ci/Cd, Github Actions, Java, Javascript, Jenkins, Playwright, Python, Selenium, Test Automation, Typescript","Restassured, Gitlab, Azure, C#, Cypress, Devops, Github, Gitlab Ci",English,,,Recent,https://pl.linkedin.com/jobs/view/800-qa-automation-engineer-at-altoros-4384165271,2026-03-17T10:50:14.247827+00:00
0,QA Engineer | Poland,linkedin,"QA Engineer (worldwide remote, work anywhere)",CloudLinux,"Warsaw, Mazowieckie, Poland",Remote,Full-time,,,English,,,Recent,https://pl.linkedin.com/jobs/view/qa-engineer-worldwide-remote-work-anywhere-at-cloudlinux-4375544173,2026-03-17T10:50:14.247959+00:00
0,QA Engineer | Poland,linkedin,QA Engineer/Analyst (Junior/Regular)/ Inetum,Inetum,"Warsaw, Mazowieckie, Poland",On-site,Full-time,,Junior,English,,,Recent,https://pl.linkedin.com/jobs/view/qa-engineer-analyst-junior-regular-inetum-at-inetum-4373817307,2026-03-17T10:50:14.248091+00:00
0,QA Engineer | Poland,linkedin,QA Analyst (Manual & Automation)/ I,Inetum,"Warsaw, Mazowieckie, Poland",On-site,Full-time,,,English,,,Recent,https://pl.linkedin.com/jobs/view/qa-analyst-manual-automation-i-at-inetum-4373813470,2026-03-17T10:50:14.248223+00:00
0,QA Engineer | Poland,linkedin,QA Engineer,1inch,Cracow Metropolitan Area,On-site,Full-time,,,English,,,Recent,https://pl.linkedin.com/jobs/view/qa-engineer-at-1inch-4372005936,2026-03-17T10:50:14.248353+00:00
0,QA Engineer | Poland,linkedin,Manual QA Engineer for IOS Application,Zoolatech,Poland,On-site,Full-time,,,English,,,Recent,https://pl.linkedin.com/jobs/view/manual-qa-engineer-for-ios-application-at-zoolatech-4375216779,2026-03-17T10:50:14.248638+00:00
0,QA Engineer | USA,linkedin,QA Engineer,MrBeast,United States,On-site,Full-time,,,English,,,Recent,https://www.linkedin.com/jobs/view/qa-engineer-at-mrbeast-4367342975,2026-03-17T10:50:16.644723+00:00
0,QA Engineer | USA,linkedin,"Junior QA Engineer – Recent Grads, This One's for You!",Teak,United States,On-site,Full-time,,Junior,English,,,Recent,https://www.linkedin.com/jobs/view/junior-qa-engineer-%E2%80%93-recent-grads-this-one-s-for-you%21-at-teak-4379436451,2026-03-17T10:50:16.644894+00:00
0,QA Engineer | USA,linkedin,"Junior QA Engineer – Recent Grads, This One's for You",Teak,United States,On-site,Full-time,,Junior,English,,,Recent,https://www.linkedin.com/jobs/view/junior-qa-engineer-%E2%80%93-recent-grads-this-one-s-for-you-at-teak-4383435639,2026-03-17T10:50:16.645045+00:00
0,QA Engineer | USA,linkedin,Quality Assurance Engineer,The Bexar Company,"Grand Prairie, TX",On-site,Full-time,,,English,,,Recent,https://www.linkedin.com/jobs/view/quality-assurance-engineer-at-the-bexar-company-4379085580,2026-03-17T10:50:16.645187+00:00
0,QA Engineer | USA,linkedin,Junior QA Engineer (Entry-Level),CloudBerry,United States,On-site,Full-time,,"Entry-Level, Junior",English,,,Recent,https://www.linkedin.com/jobs/view/junior-qa-engineer-entry-level-at-cloudberry-4379916350,2026-03-17T10:50:16.645320+00:00
0,QA Engineer | USA,linkedin,Quality Assurance Engineer,The Bexar Company,"Grand Prairie, TX",On-site,Full-time,,,English,,,Recent,https://www.linkedin.com/jobs/view/quality-assurance-engineer-at-the-bexar-company-4382196421,2026-03-17T10:50:16.645466+00:00
0,QA Engineer | USA,linkedin,QA Engineer II,Acorns,United States,On-site,Full-time,,,English,,,Recent,https://www.linkedin.com/jobs/view/qa-engineer-ii-at-acorns-4362339582,2026-03-17T10:50:16.645734+00:00
0,QA Engineer | USA,linkedin,Junior Manual QA Engineer,Topstep,United States,On-site,Full-time,,Junior,English,,,Recent,https://www.linkedin.com/jobs/view/junior-manual-qa-engineer-at-topstep-4386555245,2026-03-17T10:50:16.646002+00:00
0,QA Engineer | United Kingdom,linkedin,QA Engineer,DOHE,United Kingdom,On-site,Full-time,,,English,,,Recent,https://uk.linkedin.com/jobs/view/qa-engineer-at-dohe-4378768794,2026-03-17T10:50:19.082903+00:00
0,QA Engineer | United Kingdom,linkedin,QA Engineer,LDMS,"Cardiff, Wales, United Kingdom",On-site,Full-time,,,English,,,Recent,https://uk.linkedin.com/jobs/view/qa-engineer-at-ldms-4373929610,2026-03-17T10:50:19.083225+00:00
0,QA Engineer | United Kingdom,linkedin,Quality Assurance Engineer,Mindera,"London, England, United Kingdom",On-site,Full-time,,,English,,,Recent,https://uk.linkedin.com/jobs/view/quality-assurance-engineer-at-mindera-4383147154,2026-03-17T10:50:19.083364+00:00
0,QA Engineer | United Kingdom,linkedin,QA Engineer (Manual + Automation),Rightangled,"Hammersmith, England, United Kingdom",On-site,Full-time,,,English,,,Recent,https://uk.linkedin.com/jobs/view/qa-engineer-manual-%2B-automation-at-rightangled-4386383614,2026-03-17T10:50:19.083529+00:00
0,QA Engineer | United Kingdom,linkedin,Quality Assurance Engineer,Navantia UK,"Fife, Scotland, United Kingdom",On-site,Full-time,,,English,,,Recent,https://uk.linkedin.com/jobs/view/quality-assurance-engineer-at-navantia-uk-4372239824,2026-03-17T10:50:19.083661+00:00
0,QA Engineer | United Kingdom,linkedin,QA Engineer,1inch,"London Area, United Kingdom",On-site,Full-time,,,English,,,Recent,https://uk.linkedin.com/jobs/view/qa-engineer-at-1inch-4374396524,2026-03-17T10:50:19.083787+00:00
0,QA Engineer | United Kingdom,linkedin,Quality Assurance Engineer,Coforge,"Telford, England, United Kingdom",On-site,Full-time,,,English,,,Recent,https://uk.linkedin.com/jobs/view/quality-assurance-engineer-at-coforge-4378832906,2026-03-17T10:50:19.084041+00:00
0,QA Engineer | United Kingdom,linkedin,Test Automation Engineer,Deloitte,"Glasgow, Scotland, United Kingdom",On-site,Full-time,Test Automation,,English,,,Recent,https://uk.linkedin.com/jobs/view/test-automation-engineer-at-deloitte-4383541540,2026-03-17T10:50:19.084169+00:00
0,Test Engineer | Germany,linkedin,Quality Assurance Engineer,PSD Group,"Dortmund, North Rhine-Westphalia, Germany",On-site,Full-time,,,English,,,Recent,https://de.linkedin.com/jobs/view/quality-assurance-engineer-at-psd-group-4338425753,2026-03-17T10:50:21.523745+00:00
0,Test Engineer | Germany,linkedin,QA Engineer,Almedia,"Berlin, Germany",On-site,Full-time,,,English,,,Recent,https://de.linkedin.com/jobs/view/qa-engineer-at-almedia-4339366784,2026-03-17T10:50:21.523873+00:00
0,Test Engineer | Germany,linkedin,Software Engineer for AI/ML applications,Starion,"Darmstadt, Hesse, Germany",On-site,Full-time,,,English,,,Recent,https://de.linkedin.com/jobs/view/software-engineer-for-ai-ml-applications-at-starion-4383706779,2026-03-17T10:50:21.523995+00:00
0,Test Engineer | Austria,linkedin,SQA Ingenieur (m/w/d),SEGULA Technologies,"Graz, Styria, Austria",On-site,Full-time,,,English,,,Recent,https://at.linkedin.com/jobs/view/sqa-ingenieur-m-w-d-at-segula-technologies-4385504193,2026-03-17T10:50:23.928019+00:00
0,Test Engineer | Austria,linkedin,Software Developer (m/w/x),philoro EDELMETALLE,"Korneuburg, Lower Austria, Austria",On-site,Full-time,,,English,,,Recent,https://at.linkedin.com/jobs/view/software-developer-m-w-x-at-philoro-edelmetalle-4375532912,2026-03-17T10:50:23.928281+00:00
0,Test Engineer | Remote,linkedin,"Manual Quality Assurance Engineer, Web Core Product",Speechify,"Berlin, Germany",Remote,Full-time,,,English,,,Recent,https://de.linkedin.com/jobs/view/manual-quality-assurance-engineer-web-core-product-at-speechify-4373567343,2026-03-17T10:50:28.717028+00:00
0,Test Engineer | Remote,linkedin,Software Engineer (Code QA),Mercor,"Berlin, Berlin, Germany",Remote,Full-time,,,English,,,Recent,https://de.linkedin.com/jobs/view/software-engineer-code-qa-at-mercor-4383105898,2026-03-17T10:50:28.717159+00:00
0,Test Engineer | Slovakia,linkedin,Supplier Quality Engineer,Yanfeng,"Námestovo, Zilina, Slovakia",On-site,Full-time,,,English,,,Recent,https://sk.linkedin.com/jobs/view/supplier-quality-engineer-at-yanfeng-4382288205,2026-03-17T10:50:31.082844+00:00
0,Test Engineer | Slovakia,linkedin,Agile Test Engineer (zástup za MD),ESET,"Bratislava, Bratislava, Slovakia",On-site,Full-time,,Agile,English,,,Recent,https://sk.linkedin.com/jobs/view/agile-test-engineer-z%C3%A1stup-za-md-at-eset-4384081351,2026-03-17T10:50:31.084097+00:00
0,Test Engineer | Czech Republic,linkedin,Test Phenom,Ministry of the Interior of the Czech Republic,Dominican Republic,On-site,Full-time,,,English,,,Recent,https://do.linkedin.com/jobs/view/test-phenom-at-ministry-of-the-interior-of-the-czech-republic-4383782700,2026-03-17T10:50:33.436893+00:00
0,Test Engineer | Poland,linkedin,Manual Tester,ipracujzdalnie.pl,"Wrocław, Dolnośląskie, Poland",On-site,Full-time,,,English,,,Recent,https://pl.linkedin.com/jobs/view/manual-tester-at-ipracujzdalnie-pl-4376806903,2026-03-17T10:50:35.900008+00:00
0,Test Engineer | Poland,linkedin,Manual Tester,ipracujzdalnie.pl,"Katowice, Śląskie, Poland",On-site,Full-time,,,English,,,Recent,https://pl.linkedin.com/jobs/view/manual-tester-at-ipracujzdalnie-pl-4376811627,2026-03-17T10:50:35.900181+00:00
0,Test Engineer | Poland,linkedin,Manual Tester,ipracujzdalnie.pl,"Poznań, Wielkopolskie, Poland",Remote,Contract,Can,"Scrum, Sql, Agile, Manual Testing",English,,,Recent,https://pl.linkedin.com/jobs/view/manual-tester-at-ipracujzdalnie-pl-4378376979,2026-03-17T10:50:35.900315+00:00
0,Test Engineer | Poland,linkedin,Software Test Engineer,Rho,Poland,On-site,Full-time,,,English,,,Recent,https://pl.linkedin.com/jobs/view/software-test-engineer-at-rho-4308483608,2026-03-17T10:50:35.900728+00:00
0,Test Engineer | Poland,linkedin,Manual/Functional Test Engineer,KBC Technologies Group,Warsaw Metropolitan Area,Remote,Full-time,"Pytest, Selenium","Devops, Appium",English,,,Recent,https://pl.linkedin.com/jobs/view/manual-functional-test-engineer-at-kbc-technologies-group-4383158165,2026-03-17T10:50:35.901001+00:00
0,Test Engineer | Poland,linkedin,Manual Tester,ipracujzdalnie.pl,"Gdańsk, Pomorskie, Poland",On-site,Full-time,,,English,,,Recent,https://pl.linkedin.com/jobs/view/manual-tester-at-ipracujzdalnie-pl-4376817359,2026-03-17T10:50:35.901132+00:00
0,Test Engineer | Poland,linkedin,"Non-Functional Tester - Gdansk, Poland",Astek,"Gdańsk, Pomorskie, Poland",On-site,Full-time,,,English,,,Recent,https://pl.linkedin.com/jobs/view/non-functional-tester-gdansk-poland-at-astek-4347405370,2026-03-17T10:50:35.901264+00:00
0,Test Engineer | USA,linkedin,Manual QA Engineer,Kira,"New York, NY",On-site,Full-time,,,English,,,Recent,https://www.linkedin.com/jobs/view/manual-qa-engineer-at-kira-4383827042,2026-03-17T10:50:38.489967+00:00
0,Test Engineer | USA,linkedin,Quality Assurance Engineer,"MS Shift, Inc.","New York, NY",On-site,Full-time,,,English,,,Recent,https://www.linkedin.com/jobs/view/quality-assurance-engineer-at-ms-shift-inc-4383720565,2026-03-17T10:50:38.490241+00:00
0,Test Engineer | USA,linkedin,Software Quality Assurance Test Engineer,Liberty Defense,"Boston, MA",On-site,Full-time,,,English,,,Recent,https://www.linkedin.com/jobs/view/software-quality-assurance-test-engineer-at-liberty-defense-4375471470,2026-03-17T10:50:38.490777+00:00
0,Test Engineer | USA,linkedin,Quality Assurance Engineer,Global Connect Technologies,"Santa Clara, CA",On-site,Full-time,,,English,,,Recent,https://www.linkedin.com/jobs/view/quality-assurance-engineer-at-global-connect-technologies-4383739747,2026-03-17T10:50:38.490909+00:00
0,Test Engineer | United Kingdom,linkedin,Software Tester,Stratospherec Limited,"Horsham, England, United Kingdom",On-site,Full-time,,,English,,,Recent,https://uk.linkedin.com/jobs/view/software-tester-at-stratospherec-limited-4382083164,2026-03-17T10:50:40.934543+00:00
0,Test Engineer | United Kingdom,linkedin,Software Quality Assurance Engineer,FastDox,"Wilmslow, England, United Kingdom",On-site,Full-time,,,English,,,Recent,https://uk.linkedin.com/jobs/view/software-quality-assurance-engineer-at-fastdox-4381434207,2026-03-17T10:50:40.934673+00:00
0,Testingenieur | Germany,linkedin,Avionics Hardware Engineer (Integrated System Testing) (m/f/d),Isar Aerospace,"Munich, Bavaria, Germany",On-site,Full-time,System Testing,,English,,,Recent,https://de.linkedin.com/jobs/view/avionics-hardware-engineer-integrated-system-testing-m-f-d-at-isar-aerospace-4386560373,2026-03-17T10:50:43.385025+00:00
0,Testingenieur | Germany,linkedin,CQV & CSV Engineering Opportunities – Germany,KPC International,"Frankfurt, Hesse, Germany",On-site,Internship,,,English,,,Recent,https://de.linkedin.com/jobs/view/cqv-csv-engineering-opportunities-%E2%80%93-germany-at-kpc-international-4225886744,2026-03-17T10:50:43.385196+00:00
0,Testingenieur | Germany,linkedin,Testingenieur – Mechanical Engineering / Systemtests (all gender),ALTEN,"Hamburg, Hamburg, Germany",On-site,Full-time,,,English,,,Recent,https://de.linkedin.com/jobs/view/testingenieur-%E2%80%93-mechanical-engineering-systemtests-all-gender-at-alten-4373103421,2026-03-17T10:50:43.385346+00:00
0,Testingenieur | Germany,linkedin,Testingenieur – Mechanical Engineering / Systemtests (all gender),ALTEN Germany,"Hamburg, Hamburg, Germany",On-site,Full-time,,,English,,,Recent,https://de.linkedin.com/jobs/view/testingenieur-%E2%80%93-mechanical-engineering-systemtests-all-gender-at-alten-germany-4373680351,2026-03-17T10:50:43.385505+00:00
0,Testingenieur | Germany,linkedin,Testingenieur*in Elektromechanik / Hardware Test Engineer,TWK,"Düsseldorf, North Rhine-Westphalia, Germany",On-site,Full-time,,,English,,,Recent,https://de.linkedin.com/jobs/view/testingenieur-in-elektromechanik-hardware-test-engineer-at-twk-4377721114,2026-03-17T10:50:43.385646+00:00
0,Testingenieur | Germany,linkedin,TCMS Test Engineer,SEGULA Technologies,"Mannheim, Baden-Württemberg, Germany",On-site,Full-time,,,English,,,Recent,https://de.linkedin.com/jobs/view/tcms-test-engineer-at-segula-technologies-4378948527,2026-03-17T10:50:43.385787+00:00
0,Testingenieur | Germany,linkedin,Test Field Engineer - Prüffeldtechniker,EarthStream Global,"Brilon, North Rhine-Westphalia, Germany",On-site,Full-time,,,English,,,Recent,https://de.linkedin.com/jobs/view/test-field-engineer-pr%C3%BCffeldtechniker-at-earthstream-global-4372502017,2026-03-17T10:50:43.385923+00:00
0,Testingenieur | Germany,linkedin,Propulsion Test Engineer (m/f/d),Isar Aerospace,"Ottobrunn, Bavaria, Germany",On-site,Full-time,,,English,,,Recent,https://de.linkedin.com/jobs/view/propulsion-test-engineer-m-f-d-at-isar-aerospace-4386554629,2026-03-17T10:50:43.386060+00:00
0,Testingenieur | Germany,linkedin,Junior Entwicklungs- und Testingenieur für aktive Mikrowellengeräte (m/w/d) (ID: 22110),Da Vinci Engineering GmbH,"Backnang, Baden-Württemberg, Germany",On-site,Full-time,,"R, Junior",German,,,Recent,https://de.linkedin.com/jobs/view/junior-entwicklungs-und-testingenieur-f%C3%BCr-aktive-mikrowellenger%C3%A4te-m-w-d-id-22110-at-da-vinci-engineering-gmbh-4368592256,2026-03-17T10:50:43.386189+00:00
0,Testingenieur | Germany,linkedin,Unsolicited,Dive CAE,"Berlin, Berlin, Germany",On-site,Full-time,,,English,,,Recent,https://de.linkedin.com/jobs/view/unsolicited-at-dive-cae-4373101666,2026-03-17T10:50:43.386324+00:00
0,Testingenieur | Austria,linkedin,Work at PSI Austria,PSI Software – Process Industries & Metals,"Graz, Styria, Austria",On-site,Full-time,,,English,,,Recent,https://at.linkedin.com/jobs/view/work-at-psi-austria-at-psi-software-%E2%80%93-process-industries-metals-4381841539,2026-03-17T10:50:45.856587+00:00
0,Testingenieur | Austria,linkedin,Automatisierungstechniker (m/w/d),LearningSuite,"Graz, Styria, Austria",On-site,Full-time,,,English,,,Recent,https://at.linkedin.com/jobs/view/automatisierungstechniker-m-w-d-at-learningsuite-4386339289,2026-03-17T10:50:45.856730+00:00
0,Testingenieur | Austria,linkedin,(Junior) Product Developer - Medical Technology (m/w/d),Lohmann & Rauscher Österreich,"Schönau an der Triesting, Lower Austria, Austria",On-site,Full-time,,Junior,German,,,Recent,https://at.linkedin.com/jobs/view/junior-product-developer-medical-technology-m-w-d-at-lohmann-rauscher-%C3%B6sterreich-4366717813,2026-03-17T10:50:45.857134+00:00
0,Testingenieur | Austria,linkedin,(Junior) Product Developer - Medical Technology (m/w/d),Lohmann & Rauscher Österreich,"Schönau an der Triesting, Lower Austria, Austria",On-site,Full-time,,Junior,German,,,Recent,https://at.linkedin.com/jobs/view/junior-product-developer-medical-technology-m-w-d-at-lohmann-rauscher-%C3%B6sterreich-4366724622,2026-03-17T10:50:45.857272+00:00
0,Testingenieur | Switzerland,linkedin,"Industrialization, Electronics Test Engineer",ANYbotics,"Zurich, Zurich, Switzerland",On-site,Full-time,,,English,,,Recent,https://ch.linkedin.com/jobs/view/industrialization-electronics-test-engineer-at-anybotics-4378614840,2026-03-17T10:50:48.229489+00:00
0,Testingenieur | Switzerland,linkedin,R&D,Medacta Italia,"Rancate, Ticino, Switzerland",On-site,Full-time,,R,English,,,Recent,https://ch.linkedin.com/jobs/view/r-d-at-medacta-italia-4385238707,2026-03-17T10:50:48.229756+00:00
0,Testingenieur | Switzerland,linkedin,Ingénieur d’assurance qualité/Ingénieure d’assurance qualité,CLEEVEN,"Vaud, Switzerland",On-site,Full-time,,,English,,,Recent,https://ch.linkedin.com/jobs/view/ing%C3%A9nieur-d%E2%80%99assurance-qualit%C3%A9-ing%C3%A9nieure-d%E2%80%99assurance-qualit%C3%A9-at-cleeven-4375806763,2026-03-17T10:50:48.230149+00:00
0,Testingenieur | Switzerland,linkedin,AI Speech Tester (Italian native speaker - Switzerland regional variant),TSMG Holding,"Bellinzona, Ticino, Switzerland",On-site,Full-time,,,English,,,Recent,https://ch.linkedin.com/jobs/view/ai-speech-tester-italian-native-speaker-switzerland-regional-variant-at-tsmg-holding-4383377773,2026-03-17T10:50:48.230287+00:00
0,Testingenieur | Remote,linkedin,Application Engineer,Vericut (CGTech Deutschland GmbH),Germany,Remote,Full-time,,,English,,,Recent,https://de.linkedin.com/jobs/view/application-engineer-at-vericut-cgtech-deutschland-gmbh-4372820606,2026-03-17T10:50:50.693800+00:00
0,Testingenieur | Remote,linkedin,Design Engineer,vvd,Germany,Remote,Full-time,,,English,,,Recent,https://de.linkedin.com/jobs/view/design-engineer-at-vvd-4386302599,2026-03-17T10:50:50.693969+00:00
0,Testingenieur | Remote,linkedin,Mobile Device Management (iOS oder Android) (m/w/d),ZABEL,Hannover-Braunschweig-Göttingen-Wolfsburg Region,Remote,Full-time,,,English,,,Recent,https://de.linkedin.com/jobs/view/mobile-device-management-ios-oder-android-m-w-d-at-zabel-4386035954,2026-03-17T10:50:50.694638+00:00
0,Testingenieur | Remote,linkedin,System- und Testingenieur Funkkommunikationssysteme (all gender) 300,ALTEN Germany,"Stuttgart, Baden-Württemberg, Germany",Remote,Full-time,,,German,,,Recent,https://de.linkedin.com/jobs/view/system-und-testingenieur-funkkommunikationssysteme-all-gender-300-at-alten-germany-4361021637,2026-03-17T10:50:50.694774+00:00
0,Testingenieur | Slovakia,linkedin,Automatizačný softvérový inžinier,Hoval Energy Recovery,"Istebné, Zilina, Slovakia",On-site,Full-time,,,English,,,Recent,https://sk.linkedin.com/jobs/view/automatiza%C4%8Dn%C3%BD-softv%C3%A9rov%C3%BD-in%C5%BEinier-at-hoval-energy-recovery-4382510757,2026-03-17T10:50:53.082810+00:00
0,Testingenieur | Slovakia,linkedin,Automatizačný softvérový inžinier,Hoval Romania,"Istebné, Zilina, Slovakia",On-site,Full-time,,,English,,,Recent,https://sk.linkedin.com/jobs/view/automatiza%C4%8Dn%C3%BD-softv%C3%A9rov%C3%BD-in%C5%BEinier-at-hoval-romania-4382490406,2026-03-17T10:50:53.082992+00:00
0,Testingenieur | Slovakia,linkedin,AOSP DEVELOPER - AUTOMOTIVE DOMAIN - CZECHIA BASED PROJECT,Quest Global,Slovakia,On-site,Contract,,,English,,,Recent,https://sk.linkedin.com/jobs/view/aosp-developer-automotive-domain-czechia-based-project-at-quest-global-4362200771,2026-03-17T10:50:53.083140+00:00
0,Testingenieur | Slovakia,linkedin,Automatizačný softvérový inžinier,Hoval Hrvatska,"Istebné, Zilina, Slovakia",On-site,Full-time,,,English,,,Recent,https://sk.linkedin.com/jobs/view/automatiza%C4%8Dn%C3%BD-softv%C3%A9rov%C3%BD-in%C5%BEinier-at-hoval-hrvatska-4383849585,2026-03-17T10:50:53.083279+00:00
0,Testingenieur | Slovakia,linkedin,Testing Engineer - Commisioning,Schaeffler,"Kysucké Nové Mesto, Zilina, Slovakia",On-site,Full-time,,,English,,,Recent,https://sk.linkedin.com/jobs/view/testing-engineer-commisioning-at-schaeffler-4370529030,2026-03-17T10:50:53.083951+00:00
0,Testingenieur | Czech Republic,linkedin,硬件NPI工程师8052,UNISOC,"アト・マジョール州, Hato Mayor, Dominican Republic",On-site,Full-time,,,English,,,Recent,https://do.linkedin.com/jobs/view/%E7%A1%AC%E4%BB%B6npi%E5%B7%A5%E7%A8%8B%E5%B8%888052-at-unisoc-4384162904,2026-03-17T10:50:55.446923+00:00
0,Testingenieur | Czech Republic,linkedin,高低速接口工程师8049,UNISOC,"アト・マジョール州, Hato Mayor, Dominican Republic",On-site,Full-time,,,English,,,Recent,https://do.linkedin.com/jobs/view/%E9%AB%98%E4%BD%8E%E9%80%9F%E6%8E%A5%E5%8F%A3%E5%B7%A5%E7%A8%8B%E5%B8%888049-at-unisoc-4384164940,2026-03-17T10:50:55.447331+00:00
0,Testingenieur | Poland,linkedin,Mechanical Designer / Test Engineer (f/m),Airbus Helicopters,"Łódź, Łódzkie, Poland",On-site,Full-time,,,English,,,Recent,https://pl.linkedin.com/jobs/view/mechanical-designer-test-engineer-f-m-at-airbus-helicopters-4378564274,2026-03-17T10:50:57.886605+00:00
0,Testingenieur | Poland,linkedin,Inżynier testów produkcyjnych automotive (k/m),SEGULA Technologies,"Częstochowa, Śląskie, Poland",On-site,Full-time,,,English,,,Recent,https://pl.linkedin.com/jobs/view/in%C5%BCynier-test%C3%B3w-produkcyjnych-automotive-k-m-at-segula-technologies-4357509002,2026-03-17T10:50:57.886782+00:00
0,Testingenieur | Poland,linkedin,QA Test Engineer - ServiceNow - Open for European candidates,All European Careers,Warsaw Metropolitan Area,On-site,Full-time,,,English,,,Recent,https://pl.linkedin.com/jobs/view/qa-test-engineer-servicenow-open-for-european-candidates-at-all-european-careers-4382299984,2026-03-17T10:50:57.886933+00:00
0,Testingenieur | USA,linkedin,QA Engineer (Manual + Automation),The AES Group,"Jacksonville, FL",On-site,Full-time,,,English,,,Recent,https://www.linkedin.com/jobs/view/qa-engineer-manual-%2B-automation-at-the-aes-group-4382260136,2026-03-17T10:51:00.414029+00:00
0,Testingenieur | USA,linkedin,Mechanical Test Engineer,Applus+ Laboratories,"Houston, TX",On-site,Full-time,,,English,,,Recent,https://www.linkedin.com/jobs/view/mechanical-test-engineer-at-applus%2B-laboratories-4125985556,2026-03-17T10:51:00.414198+00:00
0,Testingenieur | USA,linkedin,Mechanical Test Engineer (Entry-Level),IRPI,"Wilsonville, OR",On-site,Full-time,,Entry-Level,English,,,Recent,https://www.linkedin.com/jobs/view/mechanical-test-engineer-entry-level-at-irpi-4383848129,2026-03-17T10:51:00.414345+00:00
0,Testingenieur | USA,linkedin,Mechanical Engineer - Testing and Assembly,"TechSource, Inc","Los Alamos, NM",On-site,Full-time,,Assembly,English,,,Recent,https://www.linkedin.com/jobs/view/mechanical-engineer-testing-and-assembly-at-techsource-inc-4383338319,2026-03-17T10:51:00.414496+00:00
0,Testingenieur | USA,linkedin,Test Engineer I – Early Career (2026 Starts),Blue Origin,"Lancaster, CA",On-site,Contract,Can,"Internship, Safe",English,,,Recent,https://www.linkedin.com/jobs/view/test-engineer-i-%E2%80%93-early-career-2026-starts-at-blue-origin-4353142610,2026-03-17T10:51:00.415028+00:00
0,Testingenieur | USA,linkedin,Quality Assurance Engineer -Manufacturing,"KEB America, Inc.","Shakopee, MN",On-site,Full-time,Can,Assembly,English,,,Recent,https://www.linkedin.com/jobs/view/quality-assurance-engineer-manufacturing-at-keb-america-inc-4386506027,2026-03-17T10:51:00.415331+00:00
0,Testingenieur | United Kingdom,linkedin,Mechanical Test Engineer,BSI,"Hemel Hempstead, England, United Kingdom",On-site,Contract,,,English,,,Recent,https://uk.linkedin.com/jobs/view/mechanical-test-engineer-at-bsi-3841320068,2026-03-17T10:51:02.873229+00:00
0,Testingenieur | United Kingdom,linkedin,Graduate Test Engineer in Food Innovation and Process,targetjobs UK,"Hitchin, England, United Kingdom",On-site,Contract,,"Jira, Graduate, R",English,,,Recent,https://uk.linkedin.com/jobs/view/graduate-test-engineer-in-food-innovation-and-process-at-targetjobs-uk-4374329549,2026-03-17T10:51:02.873568+00:00
0,Testingenieur | United Kingdom,linkedin,Test Engineer,E3 Recruitment,"Leeds, England, United Kingdom",On-site,Internship,Can,"Graduate, R",English,,,Recent,https://uk.linkedin.com/jobs/view/test-engineer-at-e3-recruitment-4384469050,2026-03-17T10:51:02.873847+00:00
0,Testingenieur | United Kingdom,linkedin,Mobile Automation Test Engineer,Solirius Reply,"Coventry, England, United Kingdom",Remote,Contract,"C, Ci/Cd, Playwright","Devops, Sql, C#, Databricks, Agile, Performance Testing, Bdd, Appium, Jira, Azure",English,,,Recent,https://uk.linkedin.com/jobs/view/mobile-automation-test-engineer-at-solirius-reply-4376807247,2026-03-17T10:51:02.874105+00:00
0,Testingenieur | United Kingdom,linkedin,Test Engineer - Personal Safety Team (PPE) - Future Talent Pipeline,BSI,"Hemel Hempstead, England, United Kingdom",On-site,Contract,Can,,English,,,Recent,https://uk.linkedin.com/jobs/view/test-engineer-personal-safety-team-ppe-future-talent-pipeline-at-bsi-4383956793,2026-03-17T10:51:02.874242+00:00
0,Testingenieur | United Kingdom,linkedin,AVP – Quality Assurance & Testing,i3,"City Of London, England, United Kingdom",On-site,Full-time,,,English,,,Recent,https://uk.linkedin.com/jobs/view/avp-%E2%80%93-quality-assurance-testing-at-i3-4377774473,2026-03-17T10:51:02.874375+00:00
0,Testingenieur | United Kingdom,linkedin,Test and Qualification Engineer,Tiger Resourcing Group,"Brighton, England, United Kingdom",On-site,Full-time,,,English,,,Recent,https://uk.linkedin.com/jobs/view/test-and-qualification-engineer-at-tiger-resourcing-group-4379895041,2026-03-17T10:51:02.874532+00:00
0,Test Automation | Austria,linkedin,Testing Manager (all genders),Viewpointsystem,"Vienna, Vienna, Austria",On-site,Full-time,,,English,,,Recent,https://at.linkedin.com/jobs/view/testing-manager-all-genders-at-viewpointsystem-4380292301,2026-03-17T10:51:07.728250+00:00
0,Test Automation | Switzerland,linkedin,Testing,Ampegon,"Baden, Aargau, Switzerland",On-site,Full-time,,,English,,,Recent,https://ch.linkedin.com/jobs/view/testing-at-ampegon-4350701131,2026-03-17T10:51:10.099540+00:00
0,Test Automation | Switzerland,linkedin,Product Quality Engineering - QC,Manpower Switzerland,Basel Metropolitan Area,On-site,Full-time,,,English,,,Recent,https://ch.linkedin.com/jobs/view/product-quality-engineering-qc-at-manpower-switzerland-4383126782,2026-03-17T10:51:10.099810+00:00
0,Test Automation | Switzerland,linkedin,Test Analyst,Hays,Geneva Metropolitan Area,On-site,Full-time,,,English,,,Recent,https://ch.linkedin.com/jobs/view/test-analyst-at-hays-4381405973,2026-03-17T10:51:10.099957+00:00
0,Test Automation | Switzerland,linkedin,Responsable de Tests,PrimeIT Switzerland,"Geneva, Switzerland",On-site,Full-time,,,English,,,Recent,https://ch.linkedin.com/jobs/view/responsable-de-tests-at-primeit-switzerland-4371002302,2026-03-17T10:51:10.100220+00:00
0,Test Automation | Switzerland,linkedin,Test Analyst,Antaes Consulting,Lausanne Metropolitan Area,On-site,Full-time,,,English,,,Recent,https://ch.linkedin.com/jobs/view/test-analyst-at-antaes-consulting-4378944555,2026-03-17T10:51:10.100346+00:00
0,Test Automation | Slovakia,linkedin,Software Developer in Test (SDET),Fiserv,"Bratislava, Slovakia",On-site,Full-time,,,English,,,Recent,https://sk.linkedin.com/jobs/view/software-developer-in-test-sdet-at-fiserv-4372899045,2026-03-17T10:51:14.858028+00:00
0,Test Automation | Czech Republic,linkedin,Analista de Calidad,Quala,Dominican Republic,On-site,Full-time,,,English,,,Recent,https://do.linkedin.com/jobs/view/analista-de-calidad-at-quala-4374385837,2026-03-17T10:51:17.257843+00:00
0,Test Automation | Czech Republic,linkedin,QA Analista Funcional Republica Dominicana,Agilesoft,Dominican Republic,On-site,Full-time,"C, Selenium",Postman,English,,,Recent,https://do.linkedin.com/jobs/view/qa-analista-funcional-republica-dominicana-at-agilesoft-4384274923,2026-03-17T10:51:17.258158+00:00
0,Test Automation | Czech Republic,linkedin,Aprendiz de QA,Babel,"Santo Domingo, Distrito Nacional, Dominican Republic",On-site,Full-time,,,English,,,Recent,https://do.linkedin.com/jobs/view/aprendiz-de-qa-at-babel-4370737100,2026-03-17T10:51:17.258713+00:00
0,Test Automation | Czech Republic,linkedin,Quality Assurance Analyst,GBS Dominican Republic,"Santiago, Dominican Republic",On-site,Full-time,,,English,,,Recent,https://do.linkedin.com/jobs/view/quality-assurance-analyst-at-gbs-dominican-republic-4375884151,2026-03-17T10:51:17.259098+00:00
0,Test Automation | Poland,linkedin,Quality Assurance Tester,Wipro,"Warsaw, Mazowieckie, Poland",On-site,Full-time,,,English,,,Recent,https://pl.linkedin.com/jobs/view/quality-assurance-tester-at-wipro-4371922742,2026-03-17T10:51:19.703044+00:00
0,Test Automation | Poland,linkedin,Manager - Quality Assurance,Xperi Inc.,"Warsaw, Mazowieckie, Poland",On-site,Full-time,,,English,,,Recent,https://pl.linkedin.com/jobs/view/manager-quality-assurance-at-xperi-inc-4377391461,2026-03-17T10:51:19.703466+00:00
0,Test Automation | USA,linkedin,QA Automation Tester,nLeague,"Hartford, CT",On-site,Full-time,,,English,,,Recent,https://www.linkedin.com/jobs/view/qa-automation-tester-at-nleague-4385113850,2026-03-17T10:51:22.270042+00:00
0,Test Automation | USA,linkedin,QA Automation Tester - Remote US,Smile Digital Health,United States,Remote,Full-time,,,English,,,Recent,https://www.linkedin.com/jobs/view/qa-automation-tester-remote-us-at-smile-digital-health-4386389854,2026-03-17T10:51:22.270317+00:00
0,Test Automation | USA,linkedin,Quality Assurance Analyst,Directors Investment Group,"Abilene, TX",On-site,Full-time,,,English,,,Recent,https://www.linkedin.com/jobs/view/quality-assurance-analyst-at-directors-investment-group-4386590418,2026-03-17T10:51:22.270737+00:00
0,Test Automation | USA,linkedin,Manual and Automation Tester,"PlanIT Group, LLC","Washington, DC",On-site,Full-time,,,English,,,Recent,https://www.linkedin.com/jobs/view/manual-and-automation-tester-at-planit-group-llc-4381425440,2026-03-17T10:51:22.270998+00:00
0,Test Automation | USA,linkedin,Quality Assurance Analyst II,TheIncLab,"Nashville, TN",On-site,Full-time,,,English,,,Recent,https://www.linkedin.com/jobs/view/quality-assurance-analyst-ii-at-theinclab-4381487956,2026-03-17T10:51:22.271129+00:00
0,Test Automation | United Kingdom,linkedin,QA Engineer (Automation),esure Group,"Southport, England, United Kingdom",On-site,Full-time,,,English,,,Recent,https://uk.linkedin.com/jobs/view/qa-engineer-automation-at-esure-group-4380272158,2026-03-17T10:51:24.694012+00:00
0,Test Automation | United Kingdom,linkedin,Test Automation Engineer,Qurated,"Manchester Area, United Kingdom",On-site,Full-time,Test Automation,,English,,,Recent,https://uk.linkedin.com/jobs/view/test-automation-engineer-at-qurated-4375992291,2026-03-17T10:51:24.694282+00:00
0,Test Automation | United Kingdom,linkedin,QA Analyst,Rebellion,"Oxford, England, United Kingdom",On-site,Full-time,,,English,,,Recent,https://uk.linkedin.com/jobs/view/qa-analyst-at-rebellion-4386311769,2026-03-17T10:51:24.694551+00:00
0,Python Developer | Germany,linkedin,Python Developer,HCLTech,"Cologne, North Rhine-Westphalia, Germany",On-site,Full-time,Python,,English,,,Recent,https://de.linkedin.com/jobs/view/python-developer-at-hcltech-4382284368,2026-03-17T10:51:27.203902+00:00
0,Python Developer | Germany,linkedin,Python Developer | Remote,Crossing Hurdles,Germany,Remote,Full-time,Python,,English,,,Recent,https://de.linkedin.com/jobs/view/python-developer-remote-at-crossing-hurdles-4384231902,2026-03-17T10:51:27.204073+00:00
0,Python Developer | Germany,linkedin,Python Developer | Remote,Crossing Hurdles,Germany,Remote,Full-time,Python,,English,,,Recent,https://de.linkedin.com/jobs/view/python-developer-remote-at-crossing-hurdles-4370016911,2026-03-17T10:51:27.204345+00:00
0,Python Developer | Germany,linkedin,Python Developer | Remote,Crossing Hurdles,Germany,Remote,Full-time,Python,,English,,,Recent,https://de.linkedin.com/jobs/view/python-developer-remote-at-crossing-hurdles-4382848413,2026-03-17T10:51:27.204485+00:00
0,Python Developer | Germany,linkedin,Python Engineer,Contiamo,"Berlin, Berlin, Germany",On-site,Full-time,Python,,English,,,Recent,https://de.linkedin.com/jobs/view/python-engineer-at-contiamo-4379119880,2026-03-17T10:51:27.204612+00:00
0,Python Developer | Germany,linkedin,Python/JS Engineer | Remote,Crossing Hurdles,Germany,Remote,Full-time,Python,,English,,,Recent,https://de.linkedin.com/jobs/view/python-js-engineer-remote-at-crossing-hurdles-4372073574,2026-03-17T10:51:27.204736+00:00
0,Python Developer | Germany,linkedin,Python Developer,La Fosse,Germany,On-site,Full-time,Python,,English,,,Recent,https://de.linkedin.com/jobs/view/python-developer-at-la-fosse-4376485802,2026-03-17T10:51:27.204867+00:00
0,Python Developer | Germany,linkedin,Backend Engineer (FastAPI),Almedia,"Berlin, Germany",On-site,Full-time,,Fastapi,English,,,Recent,https://de.linkedin.com/jobs/view/backend-engineer-fastapi-at-almedia-4381487971,2026-03-17T10:51:27.204992+00:00
0,Python Developer | Germany,linkedin,Python Developer Remote,Mercor,Germany,Remote,Full-time,Python,,English,,,Recent,https://de.linkedin.com/jobs/view/python-developer-remote-at-mercor-4386028330,2026-03-17T10:51:27.205116+00:00
0,Python Developer | Austria,linkedin,Python Developer | Remote,Crossing Hurdles,Austria,Remote,Full-time,Python,,English,,,Recent,https://at.linkedin.com/jobs/view/python-developer-remote-at-crossing-hurdles-4382857147,2026-03-17T10:51:29.699300+00:00
0,Python Developer | Austria,linkedin,Python Developer (m/f/d),netcup,"Klagenfurt, Carinthia, Austria",On-site,Full-time,Python,,English,,,Recent,https://at.linkedin.com/jobs/view/python-developer-m-f-d-at-netcup-4377576625,2026-03-17T10:51:29.699484+00:00
0,Python Developer | Austria,linkedin,Backend Developer (m/f/d),AllCloud,Austria,On-site,Full-time,,,English,,,Recent,https://at.linkedin.com/jobs/view/backend-developer-m-f-d-at-allcloud-4366124327,2026-03-17T10:51:29.699627+00:00
0,Python Developer | Austria,linkedin,Python/TypeScript Engineer | Remote,Crossing Hurdles,Austria,Remote,Full-time,"Python, Typescript",,English,,,Recent,https://at.linkedin.com/jobs/view/python-typescript-engineer-remote-at-crossing-hurdles-4372080400,2026-03-17T10:51:29.699762+00:00
0,Python Developer | Austria,linkedin,Python Developer (m/w/d),NTS Netzwerk Telekom Service AG,"Vienna, Vienna, Austria",On-site,Full-time,Python,,English,,,Recent,https://at.linkedin.com/jobs/view/python-developer-m-w-d-at-nts-netzwerk-telekom-service-ag-4376207290,2026-03-17T10:51:29.699895+00:00
0,Python Developer | Austria,linkedin,Python Developer (m/w/d),NTS Netzwerk Telekom Service AG,"Graz, Styria, Austria",On-site,Full-time,Python,,English,,,Recent,https://at.linkedin.com/jobs/view/python-developer-m-w-d-at-nts-netzwerk-telekom-service-ag-4375997803,2026-03-17T10:51:29.700027+00:00
0,Python Developer | Austria,linkedin,Freelance AI Evaluation Engineer (Python/Full-Stack),Mindrift,Austria,On-site,Contract,Python,,English,,,Recent,https://at.linkedin.com/jobs/view/freelance-ai-evaluation-engineer-python-full-stack-at-mindrift-4385326719,2026-03-17T10:51:29.700158+00:00
0,Python Developer | Austria,linkedin,Electrical Engineer with Python - Freelance AI Trainer,Mindrift,Austria,On-site,Contract,Python,,English,,,Recent,https://at.linkedin.com/jobs/view/electrical-engineer-with-python-freelance-ai-trainer-at-mindrift-4386050982,2026-03-17T10:51:29.700288+00:00
0,Python Developer | Switzerland,linkedin,Backend Python Developer,Coopers Group AG,"Basel, Switzerland",On-site,Full-time,Python,,English,,,Recent,https://ch.linkedin.com/jobs/view/backend-python-developer-at-coopers-group-ag-4374563631,2026-03-17T10:51:32.121334+00:00
0,Python Developer | Switzerland,linkedin,CodeNext - Software Engineer (Python),Sonar,"Geneva, Geneva, Switzerland",On-site,Full-time,Python,,English,,,Recent,https://ch.linkedin.com/jobs/view/codenext-software-engineer-python-at-sonar-4297261847,2026-03-17T10:51:32.121519+00:00
0,Python Developer | Switzerland,linkedin,Junior Web Developer – Remote,Twine,Switzerland,Remote,Full-time,,Junior,English,,,Recent,https://ch.linkedin.com/jobs/view/junior-web-developer-%E2%80%93-remote-at-twine-4384039356,2026-03-17T10:51:32.121655+00:00
0,Python Developer | Switzerland,linkedin,Développeur Python/Développeuse Python,Qim info,"Geneva, Switzerland",On-site,Full-time,Python,,English,,,Recent,https://ch.linkedin.com/jobs/view/d%C3%A9veloppeur-python-d%C3%A9veloppeuse-python-at-qim-info-4383551383,2026-03-17T10:51:32.121795+00:00
0,Python Developer | Switzerland,linkedin,Python Developer  (80% remote),Ivy Partners,"Valais, Switzerland",Remote,Full-time,Python,,English,,,Recent,https://ch.linkedin.com/jobs/view/python-developer-80%25-remote-at-ivy-partners-4378373740,2026-03-17T10:51:32.121933+00:00
0,Python Developer | Switzerland,linkedin,Backend Python Developer – 6877,CTC Resourcing Solutions,"Basel, Switzerland",On-site,Full-time,Python,,English,,,Recent,https://ch.linkedin.com/jobs/view/backend-python-developer-%E2%80%93-6877-at-ctc-resourcing-solutions-4379039599,2026-03-17T10:51:32.122199+00:00
0,Python Developer | Switzerland,linkedin,"Backend Software Engineer, Python",Cradle,"Zurich, Zurich, Switzerland",On-site,Full-time,Python,,English,,,Recent,https://ch.linkedin.com/jobs/view/backend-software-engineer-python-at-cradle-4377592944,2026-03-17T10:51:32.122332+00:00
0,Python Developer | Switzerland,linkedin,Python Software Engineer - Digital Assets,IMC Trading,"Zug, Switzerland",On-site,Full-time,Python,,English,,,Recent,https://ch.linkedin.com/jobs/view/python-software-engineer-digital-assets-at-imc-trading-4308011222,2026-03-17T10:51:32.122473+00:00
0,Python Developer | Remote,linkedin,Python/TypeScript Engineer | Remote,Crossing Hurdles,Germany,Remote,Full-time,"Python, Typescript",,English,,,Recent,https://de.linkedin.com/jobs/view/python-typescript-engineer-remote-at-crossing-hurdles-4372092399,2026-03-17T10:51:34.590322+00:00
0,Python Developer | Remote,linkedin,Junior Backend Developer (Python) (m/w/d) 20h Stellenbeschreibung READ DESCRIPTION before,uNaice GmbH,Germany,Remote,Full-time,Python,Junior,English,,,Recent,https://de.linkedin.com/jobs/view/junior-backend-developer-python-m-w-d-20h-stellenbeschreibung-read-description-before-at-unaice-gmbh-4372489890,2026-03-17T10:51:34.590458+00:00
0,Python Developer | Remote,linkedin,AI SWE,PUNKU.AI,Germany,Remote,Full-time,,,English,,,Recent,https://de.linkedin.com/jobs/view/ai-swe-at-punku-ai-4381244906,2026-03-17T10:51:34.590721+00:00
0,Python Developer | Slovakia,linkedin,Python Software Engineer,ESET,"Bratislava, Bratislava, Slovakia",On-site,Full-time,Python,,English,,,Recent,https://sk.linkedin.com/jobs/view/python-software-engineer-at-eset-4307549217,2026-03-17T10:51:36.950359+00:00
0,Python Developer | Slovakia,linkedin,Backend Software Engineer (Python),Innovatrics,"Bratislava, Bratislava, Slovakia",On-site,Full-time,Python,,English,,,Recent,https://sk.linkedin.com/jobs/view/backend-software-engineer-python-at-innovatrics-4373925805,2026-03-17T10:51:36.950544+00:00
0,Python Developer | Slovakia,linkedin,Python Software Developer,Nokia,"Bratislava, Bratislava, Slovakia",On-site,Full-time,Python,,English,,,Recent,https://sk.linkedin.com/jobs/view/python-software-developer-at-nokia-4289894545,2026-03-17T10:51:36.950683+00:00
0,Python Developer | Slovakia,linkedin,Full-Stack Developer (Python + JS),GoReel,Slovakia,On-site,Full-time,Python,,English,,,Recent,https://sk.linkedin.com/jobs/view/full-stack-developer-python-%2B-js-at-goreel-4378381916,2026-03-17T10:51:36.950821+00:00
0,Python Developer | Slovakia,linkedin,Python Software Engineer,ESET,"Bratislava, Bratislava, Slovakia",On-site,Full-time,Python,,English,,,Recent,https://sk.linkedin.com/jobs/view/python-software-engineer-at-eset-4292497215,2026-03-17T10:51:36.950961+00:00
0,Python Developer | Slovakia,linkedin,Software Engineer - Python,Legend,"Bratislava, Bratislava, Slovakia",On-site,Full-time,Python,,English,,,Recent,https://sk.linkedin.com/jobs/view/software-engineer-python-at-legend-4371203262,2026-03-17T10:51:36.951091+00:00
0,Python Developer | Slovakia,linkedin,Python Developer – meteorologické modelovanie,MicroStep-MIS,"Bratislava, Bratislava, Slovakia",On-site,Full-time,Python,,English,,,Recent,https://sk.linkedin.com/jobs/view/python-developer-%E2%80%93-meteorologick%C3%A9-modelovanie-at-microstep-mis-4383552379,2026-03-17T10:51:36.951223+00:00
0,Python Developer | Slovakia,linkedin,Software Engineer (JavaScript/Python),ESET,"Bratislava, Bratislava, Slovakia",On-site,Full-time,"Javascript, Python",,English,,,Recent,https://sk.linkedin.com/jobs/view/software-engineer-javascript-python-at-eset-4352754566,2026-03-17T10:51:36.951367+00:00
0,Python Developer | Slovakia,linkedin,Python Engineer,Swiss Re,"Bratislava, Bratislava, Slovakia",On-site,Full-time,Python,,English,,,Recent,https://sk.linkedin.com/jobs/view/python-engineer-at-swiss-re-4325749432,2026-03-17T10:51:36.951509+00:00
0,Python Developer | Czech Republic,linkedin,Junior Full Stack Engineer (R&D Team) (BPO Industry),Linuo Group,"Santo Domingo, Distrito Nacional, Dominican Republic",On-site,Full-time,,"R, Junior",English,,,Recent,https://do.linkedin.com/jobs/view/junior-full-stack-engineer-r-d-team-bpo-industry-at-linuo-group-4377697907,2026-03-17T10:51:39.356768+00:00
0,Python Developer | Czech Republic,linkedin,Full Stack Developer,Flatiron Software,Dominican Republic,On-site,Full-time,,,English,,,Recent,https://do.linkedin.com/jobs/view/full-stack-developer-at-flatiron-software-4378357690,2026-03-17T10:51:39.356939+00:00
0,Python Developer | Czech Republic,linkedin,Full Stack Developer,TP,"Santo Domingo, Distrito Nacional, Dominican Republic",On-site,Full-time,,,English,,,Recent,https://do.linkedin.com/jobs/view/full-stack-developer-at-tp-4386379125,2026-03-17T10:51:39.357080+00:00
0,Python Developer | Czech Republic,linkedin,Líder Desarrollador Back-End,Banco Popular Dominicano,"Santo Domingo, Distrito Nacional, Dominican Republic",On-site,Full-time,"C, Java, Python","C#, Angular",English,,,Recent,https://do.linkedin.com/jobs/view/l%C3%ADder-desarrollador-back-end-at-banco-popular-dominicano-4373125330,2026-03-17T10:51:39.357215+00:00
0,Python Developer | Czech Republic,linkedin,Full Stack Developer (React/Redux),Perform,"Santo Domingo, Distrito Nacional, Dominican Republic",On-site,Full-time,,React,English,,,Recent,https://do.linkedin.com/jobs/view/full-stack-developer-react-redux-at-perform-4382438183,2026-03-17T10:51:39.357497+00:00
0,Python Developer | Czech Republic,linkedin,Agentic Python Engineer - Remote - Latin America,FullStack,"Santo Domingo Este, Santo Domingo, Dominican Republic",Remote,Full-time,Python,,English,,,Recent,https://do.linkedin.com/jobs/view/agentic-python-engineer-remote-latin-america-at-fullstack-4315354864,2026-03-17T10:51:39.357631+00:00
0,Python Developer | Czech Republic,linkedin,Agentic Python Engineer - Remote - Latin America,FullStack,Dominican Republic,Remote,Contract,"Can, Claude, Cursor, Python","Scrum, Flask, Django, Agile, Fastapi",English,,,Recent,https://do.linkedin.com/jobs/view/agentic-python-engineer-remote-latin-america-at-fullstack-4315360603,2026-03-17T10:51:39.357763+00:00
0,Python Developer | Czech Republic,linkedin,Agentic Python Engineer - Remote - Latin America,FullStack,"Santo Domingo, Dominican Republic",Remote,Full-time,Python,,English,,,Recent,https://do.linkedin.com/jobs/view/agentic-python-engineer-remote-latin-america-at-fullstack-4315356731,2026-03-17T10:51:39.357892+00:00
0,Python Developer | Czech Republic,linkedin,Agentic Python Engineer - Remote - Latin America,FullStack,"Bonao, Monseñor Nouel, Dominican Republic",Remote,Full-time,Python,,English,,,Recent,https://do.linkedin.com/jobs/view/agentic-python-engineer-remote-latin-america-at-fullstack-4315355798,2026-03-17T10:51:39.358021+00:00
0,Python Developer | Poland,linkedin,Python Fullstack Developer,Ework Group,Warsaw Metropolitan Area,On-site,Full-time,Python,,English,,,Recent,https://pl.linkedin.com/jobs/view/python-fullstack-developer-at-ework-group-4381473986,2026-03-17T10:51:41.798170+00:00
0,Python Developer | Poland,linkedin,Python Developer,Remote People,Poland,Remote,Full-time,Python,,English,,,Recent,https://pl.linkedin.com/jobs/view/python-developer-at-remote-people-4383486923,2026-03-17T10:51:41.798343+00:00
0,Python Developer | Poland,linkedin,Software Engineer (4/5) — Developer Platform,Netflix,"Warsaw, Mazowieckie, Poland",On-site,Full-time,,,English,,,Recent,https://pl.linkedin.com/jobs/view/software-engineer-4-5-%E2%80%94-developer-platform-at-netflix-4193468200,2026-03-17T10:51:41.798501+00:00
0,Python Developer | Poland,linkedin,Junior Python Developer - Freelance,Netguru,"Poznań, Wielkopolskie, Poland",On-site,Contract,Python,Junior,English,,,Recent,https://pl.linkedin.com/jobs/view/junior-python-developer-freelance-at-netguru-4378361589,2026-03-17T10:51:41.798646+00:00
0,Python Developer | Poland,linkedin,Python Developer,AppTailors,Poland,On-site,Full-time,Python,,English,,,Recent,https://pl.linkedin.com/jobs/view/python-developer-at-apptailors-4373757825,2026-03-17T10:51:41.798778+00:00
0,Python Developer | Poland,linkedin,Python Pytest Developer,HCLTech,Gdansk Metropolitan Area,On-site,Full-time,"Pytest, Python",,English,,,Recent,https://pl.linkedin.com/jobs/view/python-pytest-developer-at-hcltech-4382439342,2026-03-17T10:51:41.798906+00:00
0,Python Developer | Poland,linkedin,Junior Python Developer,EPAM Systems,Cracow Metropolitan Area,On-site,Full-time,Python,Junior,English,,,Recent,https://pl.linkedin.com/jobs/view/junior-python-developer-at-epam-systems-4382758951,2026-03-17T10:51:41.799038+00:00
0,Python Developer | Poland,linkedin,Python Developer,EY,"Katowice, Śląskie, Poland",On-site,Full-time,Python,,English,,,Recent,https://pl.linkedin.com/jobs/view/python-developer-at-ey-4323275169,2026-03-17T10:51:41.799168+00:00
0,Python Developer | Poland,linkedin,Full Stack Developer – Fixed Income Technology (Mid‑Level),Cantor Fitzgerald,"Warsaw, Mazowieckie, Poland",On-site,Full-time,,,English,,,Recent,https://pl.linkedin.com/jobs/view/full-stack-developer-%E2%80%93-fixed-income-technology-mid%E2%80%91level-at-cantor-fitzgerald-4378841673,2026-03-17T10:51:41.799304+00:00
0,Python Developer | Poland,linkedin,Python Developer,Hyland,Poland,On-site,Full-time,Python,,English,,,Recent,https://pl.linkedin.com/jobs/view/python-developer-at-hyland-4380464155,2026-03-17T10:51:41.799453+00:00
0,Python Developer | USA,linkedin,Software Engineer - Python,PayPal,"San Jose, CA",On-site,Full-time,Python,,English,,,Recent,https://www.linkedin.com/jobs/view/software-engineer-python-at-paypal-4377754434,2026-03-17T10:51:44.259969+00:00
0,Python Developer | USA,linkedin,"Python Engineer, Truework",Tessera Data,"San Francisco, CA",On-site,Full-time,Python,,English,,,Recent,https://www.linkedin.com/jobs/view/python-engineer-truework-at-tessera-data-4385556811,2026-03-17T10:51:44.260135+00:00
0,Python Developer | USA,linkedin,Software Engineer - BE Python,PayPal,"San Jose, CA",On-site,Full-time,Python,,English,,,Recent,https://www.linkedin.com/jobs/view/software-engineer-be-python-at-paypal-4363081581,2026-03-17T10:51:44.260278+00:00
0,Python Developer | USA,linkedin,Python Developer Intern,Precisely,United States,On-site,Internship,Python,Intern,English,,,Recent,https://www.linkedin.com/jobs/view/python-developer-intern-at-precisely-4382115210,2026-03-17T10:51:44.260420+00:00
0,Python Developer | USA,linkedin,Backend Engineer Intern,Tinder,"Los Angeles, CA",On-site,Internship,,Intern,English,,,Recent,https://www.linkedin.com/jobs/view/backend-engineer-intern-at-tinder-4324000392,2026-03-17T10:51:44.260570+00:00
0,Python Developer | USA,linkedin,Junior Full Stack Engineer ($250k - $300k salary),Baton Corporation,"New York, NY",On-site,Full-time,,Junior,English,,,Recent,https://www.linkedin.com/jobs/view/junior-full-stack-engineer-%24250k-%24300k-salary-at-baton-corporation-4373590558,2026-03-17T10:51:44.260699+00:00
0,Python Developer | USA,linkedin,Backend Engineer Intern,Tinder,"Palo Alto, CA",On-site,Internship,,Intern,English,,,Recent,https://www.linkedin.com/jobs/view/backend-engineer-intern-at-tinder-4323730907,2026-03-17T10:51:44.260827+00:00
0,Python Developer | USA,linkedin,Python Developer,The Value Maximizer,"New Jersey, United States",On-site,Full-time,Python,,English,,,Recent,https://www.linkedin.com/jobs/view/python-developer-at-the-value-maximizer-4386519926,2026-03-17T10:51:44.260953+00:00
0,Python Developer | USA,linkedin,Python Developer,The Value Maximizer,"Austin, TX",On-site,Full-time,Python,,English,,,Recent,https://www.linkedin.com/jobs/view/python-developer-at-the-value-maximizer-4386541065,2026-03-17T10:51:44.261082+00:00
0,Python Developer | USA,linkedin,Python Developer,LTIMindtree,"Tampa, FL",On-site,Full-time,Python,,English,,,Recent,https://www.linkedin.com/jobs/view/python-developer-at-ltimindtree-4367597139,2026-03-17T10:51:44.261208+00:00
0,Python Developer | United Kingdom,linkedin,Python Software Engineer,Prima,"London, England, United Kingdom",On-site,Full-time,Python,,English,,,Recent,https://uk.linkedin.com/jobs/view/python-software-engineer-at-prima-4149696449,2026-03-17T10:51:46.649242+00:00
0,Python Developer | United Kingdom,linkedin,Python Software Engineer (Contract),McGregor Boyall,"City Of London, England, United Kingdom",On-site,Contract,Python,,English,,,Recent,https://uk.linkedin.com/jobs/view/python-software-engineer-contract-at-mcgregor-boyall-4382447094,2026-03-17T10:51:46.649415+00:00
0,Python Developer | United Kingdom,linkedin,Python Developer,numi,"London Area, United Kingdom",On-site,Full-time,Python,,English,,,Recent,https://uk.linkedin.com/jobs/view/python-developer-at-numi-4320569358,2026-03-17T10:51:46.649567+00:00
0,Python Developer | United Kingdom,linkedin,Python Developer,Spectrum IT Recruitment,"Oxford, England, United Kingdom",On-site,Full-time,Python,,English,,,Recent,https://uk.linkedin.com/jobs/view/python-developer-at-spectrum-it-recruitment-4382409153,2026-03-17T10:51:46.649702+00:00
0,Python Developer | United Kingdom,linkedin,Python Developer,Thyme,"London Area, United Kingdom",On-site,Full-time,Python,,English,,,Recent,https://uk.linkedin.com/jobs/view/python-developer-at-thyme-4356516754,2026-03-17T10:51:46.649832+00:00
0,Python Developer | United Kingdom,linkedin,Python Developer,Synechron,"London Area, United Kingdom",On-site,Full-time,Python,,English,,,Recent,https://uk.linkedin.com/jobs/view/python-developer-at-synechron-4382056724,2026-03-17T10:51:46.649963+00:00
0,Python Developer | United Kingdom,linkedin,Python Developer,Lendable,"London, England, United Kingdom",On-site,Full-time,Python,,English,,,Recent,https://uk.linkedin.com/jobs/view/python-developer-at-lendable-4368755260,2026-03-17T10:51:46.650086+00:00
0,Python Developer | United Kingdom,linkedin,Python Developer,Digital Waffle,United Kingdom,On-site,Full-time,Python,,English,,,Recent,https://uk.linkedin.com/jobs/view/python-developer-at-digital-waffle-4383121452,2026-03-17T10:51:46.650213+00:00
0,Python Developer | United Kingdom,linkedin,Back End Developer - Python,Movement8,"London Area, United Kingdom",On-site,Full-time,Python,,English,,,Recent,https://uk.linkedin.com/jobs/view/back-end-developer-python-at-movement8-4382047060,2026-03-17T10:51:46.650339+00:00
0,Python Developer | United Kingdom,linkedin,Python Developer,Saragossa,"London Area, United Kingdom",On-site,Full-time,Python,,English,,,Recent,https://uk.linkedin.com/jobs/view/python-developer-at-saragossa-4361044786,2026-03-17T10:51:46.650478+00:00
0,Python Test | Austria,linkedin,Quality Engineer (m/f/d),SEA.AI,"Linz, Upper Austria, Austria",On-site,Full-time,,,English,,,Recent,https://at.linkedin.com/jobs/view/quality-engineer-m-f-d-at-sea-ai-4373453620,2026-03-17T10:51:51.467233+00:00
0,Python Test | Austria,linkedin,Quality Engineer (m/w/d),Vusion,"Fernitz-Mellach, Styria, Austria",On-site,Full-time,,,English,,,Recent,https://at.linkedin.com/jobs/view/quality-engineer-m-w-d-at-vusion-4380690033,2026-03-17T10:51:51.467521+00:00
0,Python Test | Switzerland,linkedin,Ingénieur tests logiciels/Ingénieure tests logiciels,CLEEVEN,"Basel, Switzerland",On-site,Full-time,,,English,,,Recent,https://ch.linkedin.com/jobs/view/ing%C3%A9nieur-tests-logiciels-ing%C3%A9nieure-tests-logiciels-at-cleeven-4361946393,2026-03-17T10:51:53.849867+00:00
0,Python Test | Switzerland,linkedin,Automation Engineer,CLEEVEN,"Zurich, Switzerland",On-site,Full-time,,,English,,,Recent,https://ch.linkedin.com/jobs/view/automation-engineer-at-cleeven-4374793430,2026-03-17T10:51:53.850123+00:00
0,Python Test | Slovakia,linkedin,SW Test engineer (automation),ESET,"Bratislava, Bratislava, Slovakia",On-site,Full-time,,,English,,,Recent,https://sk.linkedin.com/jobs/view/sw-test-engineer-automation-at-eset-4382568751,2026-03-17T10:51:58.624558+00:00
0,Python Test | Czech Republic,linkedin,Manufacturing Quality Engineer,Vertiv,Dominican Republic,On-site,Full-time,,,English,,,Recent,https://do.linkedin.com/jobs/view/manufacturing-quality-engineer-at-vertiv-4375447124,2026-03-17T10:52:00.985341+00:00
0,Python Test | Czech Republic,linkedin,Trainee in Application Lab,STMicroelectronics,"Batey 8, Independencia Province, Dominican Republic",On-site,Full-time,,Trainee,English,,,Recent,https://do.linkedin.com/jobs/view/trainee-in-application-lab-at-stmicroelectronics-4377848452,2026-03-17T10:52:00.985490+00:00
0,Python Test | Czech Republic,linkedin,Sr. SDET (Gaming Industry),Perform,Dominican Republic,On-site,Full-time,,,English,,,Recent,https://do.linkedin.com/jobs/view/sr-sdet-gaming-industry-at-perform-4362287427,2026-03-17T10:52:00.985624+00:00
0,Python Test | Czech Republic,linkedin,"Eng I, Software Quality, APM, Temporary",BD,Dominican Republic,On-site,Full-time,,,English,,,Recent,https://do.linkedin.com/jobs/view/eng-i-software-quality-apm-temporary-at-bd-4377424260,2026-03-17T10:52:00.986136+00:00
0,Python Test | Czech Republic,linkedin,IT Business Analyst,PST.AG,"Santo Domingo, Distrito Nacional, Dominican Republic",On-site,Full-time,,,English,,,Recent,https://do.linkedin.com/jobs/view/it-business-analyst-at-pst-ag-4380003233,2026-03-17T10:52:00.986264+00:00
0,Python Test | Poland,linkedin,Junior QA Engineer (Automation) – Remote,Indivd,Poland,Remote,Full-time,,Junior,English,,,Recent,https://pl.linkedin.com/jobs/view/junior-qa-engineer-automation-%E2%80%93-remote-at-indivd-4379444416,2026-03-17T10:52:03.437175+00:00
0,Python Test | Poland,linkedin,Junior QA Automation Engineer,Talan,"Warsaw, Mazowieckie, Poland",On-site,Full-time,,Junior,English,,,Recent,https://pl.linkedin.com/jobs/view/junior-qa-automation-engineer-at-talan-4367209775,2026-03-17T10:52:03.437316+00:00
0,Python Test | Poland,linkedin,Quality Engineer (Tester),act digital,Poland,On-site,Full-time,,,English,,,Recent,https://pl.linkedin.com/jobs/view/quality-engineer-tester-at-act-digital-4372884766,2026-03-17T10:52:03.437852+00:00
0,Python Test | Poland,linkedin,Quality Engineer,"Pyramid Consulting, Inc",Wroclaw Metropolitan Area,On-site,Full-time,,,English,,,Recent,https://pl.linkedin.com/jobs/view/quality-engineer-at-pyramid-consulting-inc-4379914302,2026-03-17T10:52:03.437980+00:00
0,Python Test | Poland,linkedin,Quality Assurance Automation Engineer,5V Video,Poland,On-site,Full-time,,,English,,,Recent,https://pl.linkedin.com/jobs/view/quality-assurance-automation-engineer-at-5v-video-4385253113,2026-03-17T10:52:03.438111+00:00
0,Python Test | USA,linkedin,Software Test (QA) Engineer,The Mechanical Licensing Collective,"Nashville, TN",On-site,Full-time,,,English,,,Recent,https://www.linkedin.com/jobs/view/software-test-qa-engineer-at-the-mechanical-licensing-collective-4383316258,2026-03-17T10:52:06.052553+00:00
0,Python Test | USA,linkedin,Software QA Analyst II,SmartLight Analytics,"Tulsa, OK",On-site,Full-time,,,English,,,Recent,https://www.linkedin.com/jobs/view/software-qa-analyst-ii-at-smartlight-analytics-4384078678,2026-03-17T10:52:06.052694+00:00
0,Python Test | USA,linkedin,QA Engineer,Fastbreak AI,"Charlotte, NC",On-site,Full-time,,,English,,,Recent,https://www.linkedin.com/jobs/view/qa-engineer-at-fastbreak-ai-4383154289,2026-03-17T10:52:06.053082+00:00
0,Python Test | USA,linkedin,Software Quality Engineer,BioHorizons,"Birmingham, AL",On-site,Full-time,,,English,,,Recent,https://www.linkedin.com/jobs/view/software-quality-engineer-at-biohorizons-4386516515,2026-03-17T10:52:06.053205+00:00
0,Python Test | USA,linkedin,Quality Assurance Engineer,Enexus Global Inc.,"Fremont, CA",On-site,Full-time,,,English,,,Recent,https://www.linkedin.com/jobs/view/quality-assurance-engineer-at-enexus-global-inc-4385636185,2026-03-17T10:52:06.053333+00:00
0,Python Test | USA,linkedin,Quality Engineer (Automation + AI Testing),Capgemini,"New York, United States",On-site,Full-time,,,English,,,Recent,https://www.linkedin.com/jobs/view/quality-engineer-automation-%2B-ai-testing-at-capgemini-4382898507,2026-03-17T10:52:06.053474+00:00
0,Python Test | United Kingdom,linkedin,QA Test Engineer,Leo Recruitment Limited,"Poole, England, United Kingdom",On-site,Full-time,,,English,,,Recent,https://uk.linkedin.com/jobs/view/qa-test-engineer-at-leo-recruitment-limited-4383339453,2026-03-17T10:52:08.536757+00:00
0,Firmware Engineer | Germany,linkedin,Embedded Software Entwickler (m/w/d),IRS Systementwicklung GmbH,"Wörth an der Donau, Bavaria, Germany",On-site,Full-time,,,German,,,Recent,https://de.linkedin.com/jobs/view/embedded-software-entwickler-m-w-d-at-irs-systementwicklung-gmbh-4384039215,2026-03-17T10:52:10.902621+00:00
0,Firmware Engineer | Germany,linkedin,Software Embedded Engineer,Corsair,"Landshut, Bavaria, Germany",On-site,Full-time,,,English,,,Recent,https://de.linkedin.com/jobs/view/software-embedded-engineer-at-corsair-4351784200,2026-03-17T10:52:10.902796+00:00
0,Firmware Engineer | Germany,linkedin,Embedded Software Ingenieur (w/m/d),XTENDED ENGINEERING GMBH,"Munich, Bavaria, Germany",On-site,Full-time,,,English,,,Recent,https://de.linkedin.com/jobs/view/embedded-software-ingenieur-w-m-d-at-xtended-engineering-gmbh-4384883199,2026-03-17T10:52:10.902946+00:00
0,Firmware Engineer | Germany,linkedin,Embedded-Software-Entwickler - Batteriemanagementsystem (m/w/d),Othmerding Maschinenbau GmbH & Co. KG,"Ascheberg, North Rhine-Westphalia, Germany",On-site,Full-time,,,English,,,Recent,https://de.linkedin.com/jobs/view/embedded-software-entwickler-batteriemanagementsystem-m-w-d-at-othmerding-maschinenbau-gmbh-co-kg-4384019375,2026-03-17T10:52:10.903087+00:00
0,Firmware Engineer | Germany,linkedin,FREELANCE - Embedded Engineer (m/w/x) - München,requisimus,"Esslingen, Baden-Württemberg, Germany",On-site,Contract,,,English,,,Recent,https://de.linkedin.com/jobs/view/freelance-embedded-engineer-m-w-x-m%C3%BCnchen-at-requisimus-4372465156,2026-03-17T10:52:10.903360+00:00
0,Firmware Engineer | Germany,linkedin,Embedded Software Engineer - Sensor Fusion,STARK,"Berlin, Berlin, Germany",On-site,Full-time,,,English,,,Recent,https://de.linkedin.com/jobs/view/embedded-software-engineer-sensor-fusion-at-stark-4385532838,2026-03-17T10:52:10.903510+00:00
0,Firmware Engineer | Germany,linkedin,Embedded Software Developer - Freelance / Teilzeit / Nebenberuflich Selbständig,Software Engineering Weber GmbH,"Kempten, Bavaria, Germany",On-site,Contract,,,English,,,Recent,https://de.linkedin.com/jobs/view/embedded-software-developer-freelance-teilzeit-nebenberuflich-selbst%C3%A4ndig-at-software-engineering-weber-gmbh-4381200541,2026-03-17T10:52:10.903644+00:00
0,Firmware Engineer | Germany,linkedin,Embedded Software Engineer (m/f/d) - ADAM Audio GmbH,Focusrite,"Berlin, Berlin, Germany",On-site,Full-time,,,English,,,Recent,https://de.linkedin.com/jobs/view/embedded-software-engineer-m-f-d-adam-audio-gmbh-at-focusrite-4373802816,2026-03-17T10:52:10.903784+00:00
0,Firmware Engineer | Germany,linkedin,Embedded Software-Entwickler (m/w/d),Bytec Medizintechnik GmbH,"Eschweiler, North Rhine-Westphalia, Germany",On-site,Full-time,,,English,,,Recent,https://de.linkedin.com/jobs/view/embedded-software-entwickler-m-w-d-at-bytec-medizintechnik-gmbh-4383090141,2026-03-17T10:52:10.903915+00:00
0,Firmware Engineer | Austria,linkedin,Embedded Software Developer (f/m/d),Knorr-Bremse Lisieux – Systèmes pour Véhicules Utilitaires,"Mödling, Lower Austria, Austria",On-site,Full-time,,,English,,,Recent,https://at.linkedin.com/jobs/view/embedded-software-developer-f-m-d-at-knorr-bremse-lisieux-%E2%80%93-syst%C3%A8mes-pour-v%C3%A9hicules-utilitaires-4383042743,2026-03-17T10:52:13.437581+00:00
0,Firmware Engineer | Austria,linkedin,"Embedded Engineer, C++",Snap Inc.,"Vienna, Austria",On-site,Full-time,"C, C++",,English,,,Recent,https://at.linkedin.com/jobs/view/embedded-engineer-c%2B%2B-at-snap-inc-4373352430,2026-03-17T10:52:13.437761+00:00
0,Firmware Engineer | Austria,linkedin,"Embedded Software Engineer, Operating System",Snap Inc.,"Vienna, Austria",On-site,Full-time,,,English,,,Recent,https://at.linkedin.com/jobs/view/embedded-software-engineer-operating-system-at-snap-inc-4373350021,2026-03-17T10:52:13.437907+00:00
0,Firmware Engineer | Austria,linkedin,"Embedded Engineer, Camera",Snap Inc.,"Vienna, Austria",On-site,Full-time,,,English,,,Recent,https://at.linkedin.com/jobs/view/embedded-engineer-camera-at-snap-inc-4373339352,2026-03-17T10:52:13.438051+00:00
0,Firmware Engineer | Austria,linkedin,Embedded Software Engineer (full-time)  (f/m/d),TriLite Technologies,"Vienna, Vienna, Austria",On-site,Full-time,,,English,,,Recent,https://at.linkedin.com/jobs/view/embedded-software-engineer-full-time-f-m-d-at-trilite-technologies-4364588916,2026-03-17T10:52:13.438322+00:00
0,Firmware Engineer | Austria,linkedin,Embedded Software Entwickler (w/m/d),Knorr-Bremse AG,"Mödling, Lower Austria, Austria",On-site,Full-time,,,English,,,Recent,https://at.linkedin.com/jobs/view/embedded-software-entwickler-w-m-d-at-knorr-bremse-ag-4383941891,2026-03-17T10:52:13.438467+00:00
0,Firmware Engineer | Austria,linkedin,Embedded Systems Engineer (HW & SW),Cellectric Biosciences,"Vienna, Austria",On-site,Full-time,Embedded Systems,,English,,,Recent,https://at.linkedin.com/jobs/view/embedded-systems-engineer-hw-sw-at-cellectric-biosciences-4375682410,2026-03-17T10:52:13.438600+00:00
0,Firmware Engineer | Austria,linkedin,Software Engineer,Talos Automation,"Styria, Austria",On-site,Full-time,,,English,,,Recent,https://at.linkedin.com/jobs/view/software-engineer-at-talos-automation-4375539342,2026-03-17T10:52:13.438729+00:00
0,Firmware Engineer | Austria,linkedin,Embedded Software Engineer (all genders),Beyond Gravity,"Vienna, Vienna, Austria",On-site,Full-time,,,English,,,Recent,https://at.linkedin.com/jobs/view/embedded-software-engineer-all-genders-at-beyond-gravity-4381414954,2026-03-17T10:52:13.438853+00:00
0,Firmware Engineer | Switzerland,linkedin,Junior Software Engineer Low Latency Trading,Digital Wave Finance AG,"Zug, Zug, Switzerland",On-site,Full-time,,Junior,English,,,Recent,https://ch.linkedin.com/jobs/view/junior-software-engineer-low-latency-trading-at-digital-wave-finance-ag-4386311276,2026-03-17T10:52:15.818100+00:00
0,Firmware Engineer | Switzerland,linkedin,Embedded Software Engineer – e-Bike Systems,Specialized Bicycle Components,"Cham, Zug, Switzerland",On-site,Full-time,,,English,,,Recent,https://ch.linkedin.com/jobs/view/embedded-software-engineer-%E2%80%93-e-bike-systems-at-specialized-bicycle-components-4249261377,2026-03-17T10:52:15.818276+00:00
0,Firmware Engineer | Switzerland,linkedin,Embedded Engineer,NielsenIQ,"Kriegstetten, Solothurn, Switzerland",On-site,Full-time,,,English,,,Recent,https://ch.linkedin.com/jobs/view/embedded-engineer-at-nielseniq-4382425033,2026-03-17T10:52:15.818427+00:00
0,Firmware Engineer | Switzerland,linkedin,Embedded Software Ingenieur,inesco energy,"Solothurn, Solothurn, Switzerland",On-site,Full-time,,,English,,,Recent,https://ch.linkedin.com/jobs/view/embedded-software-ingenieur-at-inesco-energy-4386317156,2026-03-17T10:52:15.818583+00:00
0,Firmware Engineer | Switzerland,linkedin,Embedded Software Engineer – e Bike Systems (80–100%),Specialized Bicycle Components,"Cham, Zug, Switzerland",Remote,Full-time,,,English,,,Recent,https://ch.linkedin.com/jobs/view/embedded-software-engineer-%E2%80%93-e-bike-systems-80%E2%80%93100%25-at-specialized-bicycle-components-4371434879,2026-03-17T10:52:15.818715+00:00
0,Firmware Engineer | Switzerland,linkedin,C++ Software Engineer (80%-100%),Code Compass 🧭,"Zurich, Switzerland",Remote,Full-time,"C, C++",,English,,,Recent,https://ch.linkedin.com/jobs/view/c%2B%2B-software-engineer-80%25-100%25-at-code-compass-%F0%9F%A7%AD-4383109841,2026-03-17T10:52:15.818850+00:00
0,Firmware Engineer | Switzerland,linkedin,Software Engineer,Nozomi Networks,"Mendrisio, Ticino, Switzerland",On-site,Full-time,,,English,,,Recent,https://ch.linkedin.com/jobs/view/software-engineer-at-nozomi-networks-4246266605,2026-03-17T10:52:15.819250+00:00
0,Firmware Engineer | Remote,linkedin,Embedded Softwareentwickler (m/w/d),ICT Digital Solutions GmbH,Germany,Remote,Full-time,,,English,,,Recent,https://de.linkedin.com/jobs/view/embedded-softwareentwickler-m-w-d-at-ict-digital-solutions-gmbh-4383656322,2026-03-17T10:52:18.280850+00:00
0,Firmware Engineer | Remote,linkedin,Embedded Firmware Engineer (6-months limited contract),Bragi,Germany,Remote,Contract,Firmware,,English,,,Recent,https://de.linkedin.com/jobs/view/embedded-firmware-engineer-6-months-limited-contract-at-bragi-4381733845,2026-03-17T10:52:18.280987+00:00
0,Firmware Engineer | Remote,linkedin,Embedded Software Engineer,XpertDirect,"Munich, Bavaria, Germany",Remote,Full-time,,,English,,,Recent,https://de.linkedin.com/jobs/view/embedded-software-engineer-at-xpertdirect-4378164836,2026-03-17T10:52:18.281254+00:00
0,Firmware Engineer | Remote,linkedin,Freelance Embedded Software Engineer,Vivid Resourcing,Germany,Remote,Contract,,,English,,,Recent,https://de.linkedin.com/jobs/view/freelance-embedded-software-engineer-at-vivid-resourcing-4383759739,2026-03-17T10:52:18.281385+00:00
0,Firmware Engineer | Remote,linkedin,Software Engineer (m/w/d),IBB Institut für Berufliche Bildung AG,"Berlin, Berlin, Germany",Remote,Full-time,,R,English,,,Recent,https://de.linkedin.com/jobs/view/software-engineer-m-w-d-at-ibb-institut-f%C3%BCr-berufliche-bildung-ag-4384843676,2026-03-17T10:52:18.281527+00:00
0,Firmware Engineer | Remote,linkedin,Java Software Engineer | Remote,Crossing Hurdles,Germany,Remote,Full-time,Java,,English,,,Recent,https://de.linkedin.com/jobs/view/java-software-engineer-remote-at-crossing-hurdles-4384228987,2026-03-17T10:52:18.281790+00:00
0,Firmware Engineer | Remote,linkedin,Software Engineer | Remote,Crossing Hurdles,Germany,Remote,Full-time,,,English,,,Recent,https://de.linkedin.com/jobs/view/software-engineer-remote-at-crossing-hurdles-4382849391,2026-03-17T10:52:18.281917+00:00
0,Firmware Engineer | Slovakia,linkedin,Software Engineer,Eleveo,Kosice Metropolitan Area,On-site,Full-time,,,English,,,Recent,https://sk.linkedin.com/jobs/view/software-engineer-at-eleveo-4379863032,2026-03-17T10:52:20.711003+00:00
0,Firmware Engineer | Slovakia,linkedin,Software Engineer,Cisco,"Bratislava, Bratislava, Slovakia",On-site,Full-time,,,English,,,Recent,https://sk.linkedin.com/jobs/view/software-engineer-at-cisco-4369673005,2026-03-17T10:52:20.711293+00:00
0,Firmware Engineer | Slovakia,linkedin,Software Engineer,Cisco,"Bratislava, Bratislava, Slovakia",On-site,Full-time,,,English,,,Recent,https://sk.linkedin.com/jobs/view/software-engineer-at-cisco-4369669372,2026-03-17T10:52:20.711429+00:00
0,Firmware Engineer | Slovakia,linkedin,Java Software Engineer,ITmatch,"Bratislava, Slovakia",On-site,Full-time,Java,,English,,,Recent,https://sk.linkedin.com/jobs/view/java-software-engineer-at-itmatch-4384142226,2026-03-17T10:52:20.711711+00:00
0,Firmware Engineer | Slovakia,linkedin,Software Engineer,Cisco,"Bratislava, Bratislava, Slovakia",On-site,Full-time,,,English,,,Recent,https://sk.linkedin.com/jobs/view/software-engineer-at-cisco-4369661629,2026-03-17T10:52:20.711843+00:00
0,Firmware Engineer | Slovakia,linkedin,C++ Software engineer - ESET PROTECT on-prem,ESET,"Bratislava, Bratislava, Slovakia",On-site,Full-time,"C, C++",,English,,,Recent,https://sk.linkedin.com/jobs/view/c%2B%2B-software-engineer-eset-protect-on-prem-at-eset-4380693947,2026-03-17T10:52:20.711972+00:00
0,Firmware Engineer | Slovakia,linkedin,Internship Software Engineer,Nokia,"Bratislava, Bratislava, Slovakia",On-site,Internship,,Internship,English,,,Recent,https://sk.linkedin.com/jobs/view/internship-software-engineer-at-nokia-4309299176,2026-03-17T10:52:20.712103+00:00
0,Firmware Engineer | Czech Republic,linkedin,Software Engineer,Tata Communications,"Santo Domingo, Distrito Nacional, Dominican Republic",On-site,Full-time,,,English,,,Recent,https://do.linkedin.com/jobs/view/software-engineer-at-tata-communications-4383373744,2026-03-17T10:52:23.082999+00:00
0,Firmware Engineer | Czech Republic,linkedin,PHP Software Engineer - Remote - Latin America,FullStack,"Santo Domingo Oeste, Santo Domingo, Dominican Republic",Remote,Contract,"Can, Ci/Cd, Claude, Cursor, Javascript","Scrum, Linux, Docker, React, Agile, Php, Node.Js, Mysql, Git, Jira",English,,,Recent,https://do.linkedin.com/jobs/view/php-software-engineer-remote-latin-america-at-fullstack-4383777403,2026-03-17T10:52:23.083796+00:00
0,Firmware Engineer | Czech Republic,linkedin,Mobile Software Engineer - Remote - Latin America,FullStack,"Santo Domingo Oeste, Santo Domingo, Dominican Republic",Remote,Contract,"Can, Claude, Cursor","Scrum, Angular, Agile, Kotlin, Git, Swift",English,,,Recent,https://do.linkedin.com/jobs/view/mobile-software-engineer-remote-latin-america-at-fullstack-4382119204,2026-03-17T10:52:23.083931+00:00
0,Firmware Engineer | Czech Republic,linkedin,Mobile Software Engineer - Remote - Latin America,FullStack,Dominican Republic,Remote,Contract,"Can, Claude, Cursor","Scrum, Angular, Agile, Kotlin, Git, Swift",English,,,Recent,https://do.linkedin.com/jobs/view/mobile-software-engineer-remote-latin-america-at-fullstack-4382115453,2026-03-17T10:52:23.084060+00:00
0,Firmware Engineer | Czech Republic,linkedin,Mobile Software Engineer - Remote - Latin America,FullStack,"Santo Domingo, Dominican Republic",Remote,Contract,"Can, Claude, Cursor","Scrum, Angular, Agile, Kotlin, Git, Swift",English,,,Recent,https://do.linkedin.com/jobs/view/mobile-software-engineer-remote-latin-america-at-fullstack-4382123011,2026-03-17T10:52:23.084189+00:00
0,Firmware Engineer | Czech Republic,linkedin,Mobile Software Engineer - Remote - Latin America,FullStack,"Santo Domingo Este, Santo Domingo, Dominican Republic",Remote,Contract,"Can, Claude, Cursor","Scrum, Angular, Agile, Kotlin, Git, Swift",English,,,Recent,https://do.linkedin.com/jobs/view/mobile-software-engineer-remote-latin-america-at-fullstack-4382105916,2026-03-17T10:52:23.084316+00:00
0,Firmware Engineer | Poland,linkedin,Junior Software Engineer Low Latency Trading,Digital Wave Finance AG,"Warsaw, Mazowieckie, Poland",On-site,Contract,"C, C++, Python, Shell","Github, Junior",English,,,Recent,https://pl.linkedin.com/jobs/view/junior-software-engineer-low-latency-trading-at-digital-wave-finance-ag-4386310340,2026-03-17T10:52:25.559131+00:00
0,Firmware Engineer | Poland,linkedin,Junior Software Engineer,Asana,"Warsaw, Mazowieckie, Poland",On-site,Full-time,,"Asana, Junior",English,,,Recent,https://pl.linkedin.com/jobs/view/junior-software-engineer-at-asana-4315919819,2026-03-17T10:52:25.559412+00:00
0,Firmware Engineer | Poland,linkedin,Mid Engineer - Embedded C++ Engineer,Xperi Inc.,"Warsaw, Mazowieckie, Poland",On-site,Full-time,"C, C++",,English,,,Recent,https://pl.linkedin.com/jobs/view/mid-engineer-embedded-c%2B%2B-engineer-at-xperi-inc-4384249507,2026-03-17T10:52:25.559558+00:00
0,Firmware Engineer | Poland,linkedin,Embedded Software Engineer,Verkada,"Krakowski, Małopolskie, Poland",On-site,Full-time,,,English,,,Recent,https://pl.linkedin.com/jobs/view/embedded-software-engineer-at-verkada-4365303970,2026-03-17T10:52:25.559692+00:00
0,Firmware Engineer | Poland,linkedin,Software Engineer,Netguru,Poland,On-site,Full-time,,,English,,,Recent,https://pl.linkedin.com/jobs/view/software-engineer-at-netguru-4380789885,2026-03-17T10:52:25.559828+00:00
0,Firmware Engineer | Poland,linkedin,Software Engineer,Asana,"Warsaw, Mazowieckie, Poland",On-site,Full-time,,Asana,English,,,Recent,https://pl.linkedin.com/jobs/view/software-engineer-at-asana-4315918840,2026-03-17T10:52:25.559959+00:00
0,Firmware Engineer | USA,linkedin,Embedded Software Engineer,Meta,"Burlingame, CA",On-site,Full-time,,,English,,,Recent,https://www.linkedin.com/jobs/view/embedded-software-engineer-at-meta-4301803390,2026-03-17T10:52:28.277096+00:00
0,Firmware Engineer | USA,linkedin,New Grad Software Engineer,Authentic,"New York, NY",On-site,Full-time,,,English,,,Recent,https://www.linkedin.com/jobs/view/new-grad-software-engineer-at-authentic-4377107338,2026-03-17T10:52:28.277259+00:00
0,Firmware Engineer | USA,linkedin,Software Engineer (New Grads) -  New York,Giga,"New York, NY",On-site,Full-time,,,English,,,Recent,https://www.linkedin.com/jobs/view/software-engineer-new-grads-new-york-at-giga-4374834620,2026-03-17T10:52:28.277390+00:00
0,Firmware Engineer | USA,linkedin,Embedded Software Engineer,Meta,"Redmond, WA",On-site,Full-time,,,English,,,Recent,https://www.linkedin.com/jobs/view/embedded-software-engineer-at-meta-4301812138,2026-03-17T10:52:28.277558+00:00
0,Firmware Engineer | USA,linkedin,Embedded Software Engineer,Meta,"Sunnyvale, CA",On-site,Full-time,,,English,,,Recent,https://www.linkedin.com/jobs/view/embedded-software-engineer-at-meta-4301499980,2026-03-17T10:52:28.277693+00:00
0,Firmware Engineer | USA,linkedin,"Software Engineer, Rider",Lyft,"New York, NY",On-site,Full-time,,,English,,,Recent,https://www.linkedin.com/jobs/view/software-engineer-rider-at-lyft-4382127500,2026-03-17T10:52:28.277820+00:00
0,Firmware Engineer | USA,linkedin,Embedded Software Engineer,Meta,"San Diego, CA",On-site,Full-time,,,English,,,Recent,https://www.linkedin.com/jobs/view/embedded-software-engineer-at-meta-4301812137,2026-03-17T10:52:28.277951+00:00
0,Firmware Engineer | USA,linkedin,Embedded Software Engineer,Meta,"Austin, TX",On-site,Full-time,,,English,,,Recent,https://www.linkedin.com/jobs/view/embedded-software-engineer-at-meta-4301819047,2026-03-17T10:52:28.278076+00:00
0,Firmware Engineer | USA,linkedin,Embedded Software Engineer Intern,Nuro,"Mountain View, CA",On-site,Internship,,Intern,English,,,Recent,https://www.linkedin.com/jobs/view/embedded-software-engineer-intern-at-nuro-4360007303,2026-03-17T10:52:28.278329+00:00
0,Firmware Engineer | United Kingdom,linkedin,"Software Engineer, New Grad",Deliveroo,"London, England, United Kingdom",On-site,Full-time,,,English,,,Recent,https://uk.linkedin.com/jobs/view/software-engineer-new-grad-at-deliveroo-4379662791,2026-03-17T10:52:30.704650+00:00
0,Firmware Engineer | United Kingdom,linkedin,Embedded Systems & Software Developer (Graduate Junior),hireful,"Wolverhampton, England, United Kingdom",On-site,Full-time,Embedded Systems,"Graduate, Junior",English,,,Recent,https://uk.linkedin.com/jobs/view/embedded-systems-software-developer-graduate-junior-at-hireful-4377048822,2026-03-17T10:52:30.704815+00:00
0,Firmware Engineer | United Kingdom,linkedin,Embedded Software Engineer,Purposeology,"City Of London, England, United Kingdom",On-site,Full-time,,,English,,,Recent,https://uk.linkedin.com/jobs/view/embedded-software-engineer-at-purposeology-4378658539,2026-03-17T10:52:30.704951+00:00
0,Firmware Engineer | United Kingdom,linkedin,"Software Engineer, Infrastructure",Meta,"London, England, United Kingdom",On-site,Full-time,,,English,,,Recent,https://uk.linkedin.com/jobs/view/software-engineer-infrastructure-at-meta-4254319485,2026-03-17T10:52:30.705104+00:00
0,Firmware Engineer | United Kingdom,linkedin,Embedded Software Engineer - C++,AGI Group,"Royston, England, United Kingdom",On-site,Full-time,"C, C++",,English,,,Recent,https://uk.linkedin.com/jobs/view/embedded-software-engineer-c%2B%2B-at-agi-group-4385336201,2026-03-17T10:52:30.705241+00:00
0,Firmware Engineer | United Kingdom,linkedin,Embedded Software Engineer Intern (12 months),SLB,"Stonehouse, England, United Kingdom",On-site,Internship,,Intern,English,,,Recent,https://uk.linkedin.com/jobs/view/embedded-software-engineer-intern-12-months-at-slb-4383032783,2026-03-17T10:52:30.705370+00:00
0,Firmware Engineer | United Kingdom,linkedin,Junior Software Engineer,Tripadvisor,"London, England, United Kingdom",On-site,Full-time,,Junior,English,,,Recent,https://uk.linkedin.com/jobs/view/junior-software-engineer-at-tripadvisor-4314044699,2026-03-17T10:52:30.705517+00:00
0,Firmware Engineer | United Kingdom,linkedin,Software Engineer,Red Bull Racing & Red Bull Technology,"Milton Keynes, England, United Kingdom",On-site,Full-time,,,English,,,Recent,https://uk.linkedin.com/jobs/view/software-engineer-at-red-bull-racing-red-bull-technology-4375990471,2026-03-17T10:52:30.705644+00:00
0,Firmware Engineer | United Kingdom,linkedin,Software Engineer - London,Zopa Bank,"London, England, United Kingdom",On-site,Full-time,,,English,,,Recent,https://uk.linkedin.com/jobs/view/software-engineer-london-at-zopa-bank-4036813631,2026-03-17T10:52:30.705767+00:00
