relevance_score,search_criteria,provider,title,company,location,work_location_type,employment_type,matching_skills,missing_skills,detected_languages,matched_roles,salary_hint,posted_at_relative,link,scraped_at
44,Python Test | Germany,linkedin,Senior Software Developer,NVIDIA,"Hamburg, Hamburg, Germany",On-site,Full-time,,Senior,English,Senior,,Recent,https://de.linkedin.com/jobs/view/senior-software-developer-at-nvidia-4453603443,2026-08-17T10:37:33.940376+00:00
44,Firmware Engineer | Slovakia,linkedin,Senior Software Engineer,Siemens,"Bratislava, Bratislava, Slovakia",On-site,Full-time,,Senior,English,Senior,,Recent,https://sk.linkedin.com/jobs/view/senior-software-engineer-at-siemens-4446795747,2026-08-17T10:38:05.563266+00:00
29,Tester | Slovakia,linkedin,Test Professional (m/f/d),Siemens Healthineers,"Košice, Kosice, Slovakia",On-site,Full-time,,,English,,,Recent,https://sk.linkedin.com/jobs/view/test-professional-m-f-d-at-siemens-healthineers-4431961974,2026-08-17T10:35:30.870556+00:00
29,Tester | Slovakia,linkedin,Test inžinier pre vývoj elektronických systémov (ž/m),Siemens,"Bratislava, Bratislava, Slovakia",On-site,Full-time,,,English,,,Recent,https://sk.linkedin.com/jobs/view/test-in%C5%BEinier-pre-v%C3%BDvoj-elektronick%C3%BDch-syst%C3%A9mov-%C5%BE-m-at-siemens-4445738791,2026-08-17T10:35:30.872144+00:00
29,Test Engineer | USA,linkedin,"Test Engineer, Amazon Devices Reverse Logistics",Amazon Lab126,"Lexington, KY",On-site,Full-time,,,English,,,Recent,https://www.linkedin.com/jobs/view/test-engineer-amazon-devices-reverse-logistics-at-amazon-lab126-4443041070,2026-08-17T10:36:22.656429+00:00
29,Testingenieur | Slovakia,linkedin,Tester s nemeckým jazykom (ž/m),Siemens,"Žilina, Zilina, Slovakia",On-site,Full-time,,,English,,,Recent,https://sk.linkedin.com/jobs/view/tester-s-nemeck%C3%BDm-jazykom-%C5%BE-m-at-siemens-4423952200,2026-08-17T10:36:37.362223+00:00
29,Python Test | Poland,linkedin,Python Engineer — Evaluator Library,Intellias,Poland,On-site,Full-time,Python,,English,,,Recent,https://pl.linkedin.com/jobs/view/python-engineer-%E2%80%94-evaluator-library-at-intellias-4444565640,2026-08-17T10:37:48.309122+00:00
29,Firmware Engineer | Germany,linkedin,"Firmware Engineer, Amazon Robotics",Amazon,"Munich, Bavaria, Germany",On-site,Full-time,Firmware,,English,,,Recent,https://de.linkedin.com/jobs/view/firmware-engineer-amazon-robotics-at-amazon-4443058110,2026-08-17T10:37:55.843483+00:00
29,Firmware Engineer | Austria,linkedin,Embedded Crypto Software Developer (m/f/d),NXP Semiconductors,"Gratkorn, Styria, Austria",On-site,Full-time,,,English,,,Recent,https://at.linkedin.com/jobs/view/embedded-crypto-software-developer-m-f-d-at-nxp-semiconductors-4431883741,2026-08-17T10:37:58.306987+00:00
29,Firmware Engineer | Slovakia,linkedin,Software Developer for product Zephyr,Siemens Healthineers,"Košice, Kosice, Slovakia",On-site,Full-time,,Zephyr,English,,,Recent,https://sk.linkedin.com/jobs/view/software-developer-for-product-zephyr-at-siemens-healthineers-4446241568,2026-08-17T10:38:05.562733+00:00
29,Firmware Engineer | Slovakia,linkedin,C++ Developer (ž/m),Siemens,"Žilina, Zilina, Slovakia",Remote,Full-time,"C, C++","R, Git",English,,,Recent,https://sk.linkedin.com/jobs/view/c%2B%2B-developer-%C5%BE-m-at-siemens-4404730366,2026-08-17T10:38:05.563584+00:00
29,Firmware Engineer | Poland,linkedin,"Embedded Software Engineer II, Ring, Ring",Amazon,Gdansk Metropolitan Area,On-site,Full-time,,,English,,,Recent,https://pl.linkedin.com/jobs/view/embedded-software-engineer-ii-ring-ring-at-amazon-4443040904,2026-08-17T10:38:10.403763+00:00
29,Firmware Engineer | Poland,linkedin,"Embedded Software Dev Engineer, Ring Devices",Amazon,Gdansk Metropolitan Area,On-site,Full-time,"Arm, C, C++, Embedded Linux, Firmware, I2C, Python, Spi, System Testing, Uart","Freertos, Git, Linux, Aws",English,,,Recent,https://pl.linkedin.com/jobs/view/embedded-software-dev-engineer-ring-devices-at-amazon-4443038197,2026-08-17T10:38:10.404331+00:00
29,Firmware Engineer | USA,linkedin,Firmware Engineer II,Nice/SpeakerCraft Audio Solutions,"Kent, WA",On-site,Full-time,Firmware,,English,,,Recent,https://www.linkedin.com/jobs/view/firmware-engineer-ii-at-nice-speakercraft-audio-solutions-4451206392,2026-08-17T10:38:12.876342+00:00
29,Firmware Engineer | United Kingdom,linkedin,"Embedded Software Engineer, Ring",Amazon,"Cambridge, England, United Kingdom",On-site,Full-time,,,English,,,Recent,https://uk.linkedin.com/jobs/view/embedded-software-engineer-ring-at-amazon-4443037143,2026-08-17T10:38:15.325537+00:00
14,Tester | Germany,linkedin,Softwaretester (m/w/d),FERCHAU,"Lübeck, Schleswig-Holstein, Germany",Remote,Contract,Test Automation,"R, Expert",German,Expert,,Recent,https://de.linkedin.com/jobs/view/softwaretester-m-w-d-at-ferchau-4438589012,2026-08-17T10:35:21.024853+00:00
14,Tester | Austria,linkedin,Test Engineer,SCIENTIFIC GAMES,"Vienna, Austria",Remote,Contract,,"Agile, Scrum, Linux, Kanban, Jira, Cucumber, Expert",English,Expert,,Recent,https://at.linkedin.com/jobs/view/test-engineer-at-scientific-games-4447950790,2026-08-17T10:35:23.522158+00:00
14,Tester | Austria,linkedin,SOFTWARETESTER:IN (W/M/X),IT-Services der Sozialversicherung GmbH,"Vienna, Vienna, Austria",Remote,Full-time,"Java, Playwright, Selenium, Test Automation, Typescript","Restassured, Architect, Junit, Jira, Postman, Bdd, Confluence, Associate, R, Zephyr",German,"Architect, Expert",,Recent,https://at.linkedin.com/jobs/view/softwaretester-in-w-m-x-at-it-services-der-sozialversicherung-gmbh-4427933384,2026-08-17T10:35:23.522479+00:00
14,Tester | Austria,linkedin,Junior Software Test Engineer (m/w/d),TECCON Consulting GmbH,"Gleisdorf, Styria, Austria",Remote,Full-time,"C, Test Automation","Agile, Architect, Sql Server, Scrum, Kanban, Junior, C#, R, Sql, Expert",German,"Architect, Expert",,Recent,https://at.linkedin.com/jobs/view/junior-software-test-engineer-m-w-d-at-teccon-consulting-gmbh-4437026598,2026-08-17T10:35:23.522802+00:00
14,Tester | Czech Republic,linkedin,Senior Automation Tester in JS,EPAM Systems,Dominican Republic,On-site,Full-time,,Senior,English,Senior,,Recent,https://do.linkedin.com/jobs/view/senior-automation-tester-in-js-at-epam-systems-4450148695,2026-08-17T10:35:33.466574+00:00
14,QA Engineer | Switzerland,linkedin,QA Engineer – eBanking (Private Banking / Wealth Management) - Consultant,UBP - Union Bancaire Privée,"Geneva, Geneva, Switzerland",On-site,Full-time,,Consultant,English,Consultant,,Recent,https://ch.linkedin.com/jobs/view/qa-engineer-%E2%80%93-ebanking-private-banking-wealth-management-consultant-at-ubp-union-bancaire-priv%C3%A9e-4442101947,2026-08-17T10:35:48.586333+00:00
14,QA Engineer | Slovakia,linkedin,Senior Quality Assurance Engineer,UNIQA Group Services,"Nitra Region, Slovakia",On-site,Full-time,,Senior,English,Senior,,Recent,https://sk.linkedin.com/jobs/view/senior-quality-assurance-engineer-at-uniqa-group-services-4431527332,2026-08-17T10:35:53.325309+00:00
14,QA Engineer | Czech Republic,linkedin,Quality Engineer II,Integer Holdings Corporation,"Santo Domingo, Distrito Nacional, Dominican Republic",On-site,Contract,Can,"Assembly, Lead, Associate",English,Lead,,Recent,https://do.linkedin.com/jobs/view/quality-engineer-ii-at-integer-holdings-corporation-4414629902,2026-08-17T10:35:55.740846+00:00
14,Testingenieur | Czech Republic,linkedin,Lead Software Engineer in Test (SDET),Flash,"Santo Domingo, Distrito Nacional, Dominican Republic",Remote,Contract,"C, Ci/Cd, Github Copilot, Java, Playwright, Python, Selenium, Test Automation, Typescript","Principal, Oracle, Linux, C#, Sql, Cypress, Docker, Engineering Manager, Senior, Aws",English,"Architect, Consultant, Expert, Lead, Principal, Senior",,Recent,https://do.linkedin.com/jobs/view/lead-software-engineer-in-test-sdet-at-flash-4414922814,2026-08-17T10:36:39.767869+00:00
14,Testingenieur | Poland,linkedin,Quality Assurance Engineer – Senior / Mid / Junior,Kidde Global Solutions,"Gdańsk, Pomorskie, Poland",Hybrid,Contract,"Embedded Systems, Firmware, Python, Test Automation","Mid-Level, Jira, Senior, Junior, Performance Testing, Confluence, R, Internship",English,Senior,,Recent,https://pl.linkedin.com/jobs/view/quality-assurance-engineer-%E2%80%93-senior-mid-junior-at-kidde-global-solutions-4449856648,2026-08-17T10:36:42.303250+00:00
14,Testingenieur | USA,linkedin,Test Engineer-Aurora,AUMOVIO,"New Braunfels, TX",Remote,Contract,"C, C++, Can, Python","Contractor, Safe, Matlab, C#, R",English,Contractor,,Recent,https://www.linkedin.com/jobs/view/test-engineer-aurora-at-aumovio-4452660067,2026-08-17T10:36:44.820543+00:00
14,Testingenieur | USA,linkedin,Test Engineer L1,Transdev North America,"Atwater, CA",Remote,Contract,"C, C++, Python, Test Automation","Staff, Lead, Safe, Matlab",English,"Lead, Staff",,Recent,https://www.linkedin.com/jobs/view/test-engineer-l1-at-transdev-north-america-4455247150,2026-08-17T10:36:44.821102+00:00
14,Testingenieur | United Kingdom,linkedin,System Verification Engineer,CMR Surgical,"Cambridge, England, United Kingdom",On-site,Full-time,Python,Lead,English,Lead,,Recent,https://uk.linkedin.com/jobs/view/system-verification-engineer-at-cmr-surgical-4445514290,2026-08-17T10:36:47.482111+00:00
14,Test Automation | Germany,linkedin,Senior Test Automation Engineer/Software Development Engineer in Test (d/f/m),Leapsome,"Berlin, Germany",On-site,Full-time,Test Automation,Senior,English,Senior,,Recent,https://de.linkedin.com/jobs/view/senior-test-automation-engineer-software-development-engineer-in-test-d-f-m-at-leapsome-4319406597,2026-08-17T10:36:50.006658+00:00
14,Test Automation | Germany,linkedin,Test Automation Engineer (w/m/d),HUK-COBURG,"Coburg, Bavaria, Germany",Remote,Contract,"Ci/Cd, Java, Javascript, Python, Robot Framework, Selenium, Test Automation","Scrum, Kanban, Junit, Appium, R",German,Test Manager,,Recent,https://de.linkedin.com/jobs/view/test-automation-engineer-w-m-d-at-huk-coburg-4438497294,2026-08-17T10:36:50.006852+00:00
14,Test Automation | Germany,linkedin,Senior Software Engineer in Test (f/m/d/x),EMIL Group,"Berlin, Berlin, Germany",On-site,Full-time,,Senior,English,Senior,,Recent,https://de.linkedin.com/jobs/view/senior-software-engineer-in-test-f-m-d-x-at-emil-group-4444389488,2026-08-17T10:36:50.007297+00:00
14,Test Automation | Germany,linkedin,Senior Test Automation Engineer (m/w/d),CompuGroup Medical SE & Co. KGaA,"Berlin, Germany",On-site,Full-time,Test Automation,Senior,English,Senior,,Recent,https://de.linkedin.com/jobs/view/senior-test-automation-engineer-m-w-d-at-compugroup-medical-se-co-kgaa-4435037687,2026-08-17T10:36:50.008413+00:00
14,Test Automation | Austria,linkedin,Agile Senior Software Testautomation Engineer (m/w/x),ÖBB,"Leopoldstadt, Vienna, Austria",On-site,Full-time,,"Agile, Senior",English,Senior,,Recent,https://at.linkedin.com/jobs/view/agile-senior-software-testautomation-engineer-m-w-x-at-%C3%B6bb-4446756955,2026-08-17T10:36:52.470120+00:00
14,Test Automation | Austria,linkedin,SENIOR TESTAUTOMATION ENGINEER (M/W/D),Ivm Consulting Co,"Vienna, Vienna, Austria",On-site,Full-time,,Senior,English,Senior,,Recent,https://at.linkedin.com/jobs/view/senior-testautomation-engineer-m-w-d-at-ivm-consulting-co-4449483224,2026-08-17T10:36:52.470619+00:00
14,Test Automation | Austria,linkedin,Senior Software Engineer in Test,Vertice,"Linz, Upper Austria, Austria",On-site,Full-time,,Senior,English,Senior,,Recent,https://at.linkedin.com/jobs/view/senior-software-engineer-in-test-at-vertice-4447993485,2026-08-17T10:36:52.470926+00:00
14,Test Automation | Switzerland,linkedin,Senior Test Automation Engineer (with test management skills),EPAM Systems,"Geneva, Geneva, Switzerland",On-site,Full-time,Test Automation,Senior,English,Senior,,Recent,https://ch.linkedin.com/jobs/view/senior-test-automation-engineer-with-test-management-skills-at-epam-systems-4450167257,2026-08-17T10:36:54.984862+00:00
14,Test Automation | Slovakia,linkedin,Senior Software Test Automation Engineer (Full Stack),Solar Turbines,"Košice, Kosice, Slovakia",On-site,Full-time,Test Automation,Senior,English,Senior,,Recent,https://sk.linkedin.com/jobs/view/senior-software-test-automation-engineer-full-stack-at-solar-turbines-4455236476,2026-08-17T10:36:59.746530+00:00
14,Test Automation | Slovakia,linkedin,Lead Software Test Engineer,Caterpillar Inc.,"Košice, Kosice, Slovakia",On-site,Full-time,,Lead,English,Lead,,Recent,https://sk.linkedin.com/jobs/view/lead-software-test-engineer-at-caterpillar-inc-4447087941,2026-08-17T10:36:59.747388+00:00
14,Test Automation | Czech Republic,linkedin,Senior Software Development Engineer in Test,Episode Six,"Santo Domingo Este, Santo Domingo, Dominican Republic",On-site,Full-time,,Senior,English,Senior,,Recent,https://do.linkedin.com/jobs/view/senior-software-development-engineer-in-test-at-episode-six-4446542170,2026-08-17T10:37:02.092149+00:00
14,Test Automation | Poland,linkedin,Senior Test Automation Engineer,AMD,"Gdańsk, Pomorskie, Poland",On-site,Full-time,Test Automation,Senior,English,Senior,,Recent,https://pl.linkedin.com/jobs/view/senior-test-automation-engineer-at-amd-4427348897,2026-08-17T10:37:04.547957+00:00
14,Test Automation | Poland,linkedin,Test Automation Engineer/IT Test Manager (M/F/D),DSV - Global Transport and Logistics,"Warsaw, Mazowieckie, Poland",Remote,Contract,"C, Ci/Cd, Go, Java, Javascript, Playwright, Python, Selenium, Test Automation, Typescript","Agile, Cypress, Git, Scrum, Devops, Appium, C#, Manual Testing",English,Test Manager,,Recent,https://pl.linkedin.com/jobs/view/test-automation-engineer-it-test-manager-m-f-d-at-dsv-global-transport-and-logistics-4439162204,2026-08-17T10:37:04.549549+00:00
14,Test Automation | USA,linkedin,Senior Automation Test Engineer,Motional,"Las Vegas, NV",On-site,Full-time,,Senior,English,Senior,,Recent,https://www.linkedin.com/jobs/view/senior-automation-test-engineer-at-motional-4397062662,2026-08-17T10:37:07.039643+00:00
14,Test Automation | USA,linkedin,Senior Test Automation Engineer,CGI,"Salt Lake City, UT",On-site,Full-time,Test Automation,Senior,English,Senior,,Recent,https://www.linkedin.com/jobs/view/senior-test-automation-engineer-at-cgi-4430734501,2026-08-17T10:37:07.040467+00:00
14,Test Automation | United Kingdom,linkedin,Senior QA Engineer,Bellrock Group,"Liverpool, England, United Kingdom",On-site,Full-time,,Senior,English,Senior,,Recent,https://uk.linkedin.com/jobs/view/senior-qa-engineer-at-bellrock-group-4442168127,2026-08-17T10:37:09.548984+00:00
14,Python Developer | Austria,linkedin,Senior Python Developer,DL Remote,"Graz, Styria, Austria",Remote,Full-time,Python,Senior,English,Senior,,Recent,https://at.linkedin.com/jobs/view/senior-python-developer-at-dl-remote-4452729864,2026-08-17T10:37:14.470937+00:00
14,Python Developer | Austria,linkedin,Senior Python Entwickler:in (m/w/d),NovaLabs GmbH,"Graz, Styria, Austria",On-site,Full-time,Python,Senior,English,Senior,,Recent,https://at.linkedin.com/jobs/view/senior-python-entwickler-in-m-w-d-at-novalabs-gmbh-4445091137,2026-08-17T10:37:14.471453+00:00
14,Python Developer | Switzerland,linkedin,"Backend Software Engineer, Python",Cradle,"Zurich, Zurich, Switzerland",Remote,Full-time,"Can, Python","Machine Learning, Expert",English,Expert,,Recent,https://ch.linkedin.com/jobs/view/backend-software-engineer-python-at-cradle-4443771872,2026-08-17T10:37:16.936098+00:00
14,Python Developer | Czech Republic,linkedin,Senior Full Stack Engineer (Backend-Focused),Applaudo,Dominican Republic,On-site,Full-time,,Senior,English,Senior,,Recent,https://do.linkedin.com/jobs/view/senior-full-stack-engineer-backend-focused-at-applaudo-4444988382,2026-08-17T10:37:24.149041+00:00
14,Python Developer | Poland,linkedin,Python Developer,EPAM Systems,"Gdańsk, Pomorskie, Poland",Remote,Full-time,"Ci/Cd, Github Actions, Java, Python, Typescript","Team Lead, Agile, Splunk, Github, Lead, Gcp, Azure, Sql, Aws",English,Lead,,Recent,https://pl.linkedin.com/jobs/view/python-developer-at-epam-systems-4450158860,2026-08-17T10:37:26.657052+00:00
14,Python Test | Germany,linkedin,Senior Software Engineer – Python Automation & Optical Testing,HCLTech,"Nuremberg, Bavaria, Germany",On-site,Full-time,Python,Senior,English,Senior,,Recent,https://de.linkedin.com/jobs/view/senior-software-engineer-%E2%80%93-python-automation-optical-testing-at-hcltech-4450323535,2026-08-17T10:37:33.940692+00:00
14,Firmware Engineer | Austria,linkedin,Embedded Linux Engineer (m/f/d),MED-EL,"Innsbruck, Tyrol, Austria",On-site,Internship,"C, C++, Can, Ci/Cd, Embedded Linux, I2C, Rust, Spi, Uart","Architect, Git, Linux",English,Architect,,Recent,https://at.linkedin.com/jobs/view/embedded-linux-engineer-m-f-d-at-med-el-4443302841,2026-08-17T10:37:58.306351+00:00
14,Firmware Engineer | Slovakia,linkedin,Senior Embedded Engineer,Ciklum,"Bratislava, Slovakia",On-site,Full-time,,Senior,English,Senior,,Recent,https://sk.linkedin.com/jobs/view/senior-embedded-engineer-at-ciklum-4437769182,2026-08-17T10:38:05.562381+00:00
14,Firmware Engineer | Slovakia,linkedin,R&D: Electronics System Architect (m/ž),ZKW,"Topoľčany, Nitra Region, Slovakia",On-site,Full-time,,"R, Architect, System Architect",English,"Architect, System Architect",,Recent,https://sk.linkedin.com/jobs/view/r-d-electronics-system-architect-m-%C5%BE-at-zkw-4445504341,2026-08-17T10:38:05.563097+00:00
14,Firmware Engineer | Slovakia,linkedin,Senior C/C++ Software Engineer,Frequentis,"Bratislava, Bratislava, Slovakia",On-site,Full-time,"C, C++",Senior,English,Senior,,Recent,https://sk.linkedin.com/jobs/view/senior-c-c%2B%2B-software-engineer-at-frequentis-4439990845,2026-08-17T10:38:05.563424+00:00
14,Firmware Engineer | Czech Republic,linkedin,Lead Firmware Engineer,Eaton,"Santo Domingo, Distrito Nacional, Dominican Republic",On-site,Full-time,Firmware,Lead,English,Lead,,Recent,https://do.linkedin.com/jobs/view/lead-firmware-engineer-at-eaton-4450819024,2026-08-17T10:38:07.923337+00:00
14,Firmware Engineer | Poland,linkedin,Firmware Engineer – Senior / Mid / Junior,Kidde Global Solutions,"Gdańsk, Pomorskie, Poland",On-site,Full-time,Firmware,"Senior, Junior",English,Senior,,Recent,https://pl.linkedin.com/jobs/view/firmware-engineer-%E2%80%93-senior-mid-junior-at-kidde-global-solutions-4449874215,2026-08-17T10:38:10.403560+00:00
14,Firmware Engineer | United Kingdom,linkedin,Senior Firmware Engineer,Jackson Hogg,"Stockton-On-Tees, England, United Kingdom",On-site,Full-time,Firmware,Senior,English,Senior,,Recent,https://uk.linkedin.com/jobs/view/senior-firmware-engineer-at-jackson-hogg-4442035555,2026-08-17T10:38:15.326369+00:00
0,Tester | Germany,linkedin,Junior Quality Assurance Tester,Swift Games,"Berlin, Germany",Remote,Full-time,"Can, Cursor","Agile, Gitlab, Devops, Swift, Jira, Junior, Sql",English,,,Recent,https://de.linkedin.com/jobs/view/junior-quality-assurance-tester-at-swift-games-4441044199,2026-08-17T10:35:21.023427+00:00
0,Tester | Germany,linkedin,Software Tester (m/w/d),metamorphosis GmbH,"Paderborn, North Rhine-Westphalia, Germany",On-site,Full-time,,R,German,,,Recent,https://de.linkedin.com/jobs/view/software-tester-m-w-d-at-metamorphosis-gmbh-4449098850,2026-08-17T10:35:21.023638+00:00
0,Tester | Germany,linkedin,Test Analyst & Engineer (m/w/d),Telekom MMS,"Berlin, Berlin, Germany",Remote,Full-time,"Playwright, Prompt Engineering, Selenium, Test Automation","Agile, Cypress, Jira, Zephyr, R",German,,,Recent,https://de.linkedin.com/jobs/view/test-analyst-engineer-m-w-d-at-telekom-mms-4448424865,2026-08-17T10:35:21.023817+00:00
0,Tester | Germany,linkedin,Agile Tester (m/w/d),secunet Security Networks AG,"Berlin, Germany",Remote,Full-time,"Bash, Python, Test Automation","Agile, Groovy, Linux, Scrum, Jira, Confluence, R",German,,,Recent,https://de.linkedin.com/jobs/view/agile-tester-m-w-d-at-secunet-security-networks-ag-4446760897,2026-08-17T10:35:21.023985+00:00
0,Tester | Germany,linkedin,Test Analyst & Engineer (m/w/d),Telekom MMS,"Rostock, Mecklenburg-West Pomerania, Germany",Remote,Full-time,"Playwright, Prompt Engineering, Selenium, Test Automation","Agile, Cypress, Jira, Zephyr, R",German,,,Recent,https://de.linkedin.com/jobs/view/test-analyst-engineer-m-w-d-at-telekom-mms-4448437009,2026-08-17T10:35:21.024183+00:00
0,Tester | Germany,linkedin,Software Tester (all genders),GK Software,"St. Ingbert, Saarland, Germany",Remote,Contract,,R,German,,,Recent,https://de.linkedin.com/jobs/view/software-tester-all-genders-at-gk-software-4375013194,2026-08-17T10:35:21.024349+00:00
0,Tester | Germany,linkedin,Softwaretester (m/w/d) - Berlin,Nexus AG,"Berlin, Berlin, Germany",On-site,Full-time,C,"Oracle, Associate, C#, R, Sql",German,,,Recent,https://de.linkedin.com/jobs/view/softwaretester-m-w-d-berlin-at-nexus-ag-4447354524,2026-08-17T10:35:21.024525+00:00
0,Tester | Germany,linkedin,Tester:in,Investigo,"Nuremberg, Bavaria, Germany",On-site,Full-time,,,English,,,Recent,https://de.linkedin.com/jobs/view/tester-in-at-investigo-4447531635,2026-08-17T10:35:21.024690+00:00
0,Tester | Germany,linkedin,Graduate - Quality Assurance Analyst (all genders),Distribusion Technologies,"Berlin, Berlin, Germany",On-site,Full-time,,Graduate,English,,,Recent,https://de.linkedin.com/jobs/view/graduate-quality-assurance-analyst-all-genders-at-distribusion-technologies-4448191887,2026-08-17T10:35:21.025043+00:00
0,Tester | Austria,linkedin,Software Tester (Analytics & GUI),MXP,"Graz, Styria, Austria",On-site,Contract,"Ci/Cd, Playwright, Test Automation",Cypress,English,,,Recent,https://at.linkedin.com/jobs/view/software-tester-analytics-gui-at-mxp-4443115368,2026-08-17T10:35:23.521773+00:00
0,Tester | Austria,linkedin,"(Junior) Software Tester
Product Quality Engineer",evon,"Sankt Ruprecht an der Raab, Styria, Austria",Remote,Internship,C,"Sql Server, Junior, C#, R, Sql",German,,,Recent,https://at.linkedin.com/jobs/view/junior-software-tester%0Aproduct-quality-engineer-at-evon-4448566895,2026-08-17T10:35:23.521964+00:00
0,Tester | Austria,linkedin,Testing Manager (all genders) - Bug Hunter,Viewpointsystem,"Vienna, Vienna, Austria",On-site,Internship,"Can, Firmware, I2C, Python, Spi","Arduino, Assembly",English,,,Recent,https://at.linkedin.com/jobs/view/testing-manager-all-genders-bug-hunter-at-viewpointsystem-4445511461,2026-08-17T10:35:23.522321+00:00
0,Tester | Austria,linkedin,Software Test Engineer (f/m/x),Anton Paar,"Graz, Styria, Austria",On-site,Internship,"C, Java, Python, Selenium, Test Automation","Testng, Agile, Scrum, Kanban, Junit, C#",English,,,Recent,https://at.linkedin.com/jobs/view/software-test-engineer-f-m-x-at-anton-paar-4447910385,2026-08-17T10:35:23.522647+00:00
0,Tester | Austria,linkedin,Software Test Engineer (f/m/d),SCIENTIFIC GAMES,"Vienna, Austria",Remote,Contract,Jenkins,"Agile, Gitlab, Docker, Scrum, Linux, Kanban, Openshift, Jira",English,,,Recent,https://at.linkedin.com/jobs/view/software-test-engineer-f-m-d-at-scientific-games-4452395395,2026-08-17T10:35:23.522963+00:00
0,Tester | Austria,linkedin,Software Tester / QA Engineer (m/w/d),XIMES GmbH,"Vienna, Austria",Remote,Internship,Python,"Kubernetes, Devops, Jira, Ansible, Postgresql, R",German,,,Recent,https://at.linkedin.com/jobs/view/software-tester-qa-engineer-m-w-d-at-ximes-gmbh-4455181848,2026-08-17T10:35:23.523229+00:00
0,Tester | Switzerland,linkedin,PeopleSoft Tester- Time and Labor,"Bart & Associates, Inc.","Fully, Valais, Switzerland",On-site,Full-time,"Ci/Cd, Test Automation","Agile, Waterfall, Sql",English,,,Recent,https://ch.linkedin.com/jobs/view/peoplesoft-tester-time-and-labor-at-bart-associates-inc-4410843014,2026-08-17T10:35:26.083611+00:00
0,Tester | Switzerland,linkedin,Test Engineer,Rapinno Tech Solutions GmbH,"Zurich, Switzerland",On-site,Full-time,,,English,,,Recent,https://ch.linkedin.com/jobs/view/test-engineer-at-rapinno-tech-solutions-gmbh-4452710451,2026-08-17T10:35:26.083798+00:00
0,Tester | Switzerland,linkedin,System / Network Tester,AYES - Management & Technology Consulting,"Zurich, Switzerland",On-site,Full-time,,,English,,,Recent,https://ch.linkedin.com/jobs/view/system-network-tester-at-ayes-management-technology-consulting-4445475806,2026-08-17T10:35:26.083967+00:00
0,Tester | Switzerland,linkedin,Test Engineer Web Applications (m/w/d),Rocken®,"Winterthur, Zurich, Switzerland",Remote,Internship,Typescript,"Cypress, Intern, R, Sql",German,,,Recent,https://ch.linkedin.com/jobs/view/test-engineer-web-applications-m-w-d-at-rocken%C2%AE-4453700845,2026-08-17T10:35:26.084164+00:00
0,Tester | Switzerland,linkedin,Quality Assurance Engineer,HCLTech,"Bioggio, Ticino, Switzerland",On-site,Full-time,,,English,,,Recent,https://ch.linkedin.com/jobs/view/quality-assurance-engineer-at-hcltech-4449807384,2026-08-17T10:35:26.084338+00:00
0,Tester | Switzerland,linkedin,Test Engineer,Transgourmet/Prodega Schweiz,"Berne, Switzerland",On-site,Full-time,,,English,,,Recent,https://ch.linkedin.com/jobs/view/test-engineer-at-transgourmet-prodega-schweiz-4450065781,2026-08-17T10:35:26.084491+00:00
0,Tester | Switzerland,linkedin,Junior Software Test Engineer (m/f/d) 40-60%,Noir,"Zurich, Zurich, Switzerland",On-site,Full-time,,Junior,English,,,Recent,https://ch.linkedin.com/jobs/view/junior-software-test-engineer-m-f-d-40-60%25-at-noir-4454539749,2026-08-17T10:35:26.084658+00:00
0,Tester | Switzerland,linkedin,Software Test/Analyst Engineer,Inpeco,"Novazzano, Ticino, Switzerland",On-site,Full-time,,,English,,,Recent,https://ch.linkedin.com/jobs/view/software-test-analyst-engineer-at-inpeco-4449667998,2026-08-17T10:35:26.084822+00:00
0,Tester | Switzerland,linkedin,Test Automation Specialist,Ampstek,"Zurich, Switzerland",On-site,Full-time,Test Automation,,English,,,Recent,https://ch.linkedin.com/jobs/view/test-automation-specialist-at-ampstek-4452398125,2026-08-17T10:35:26.084977+00:00
0,Tester | Switzerland,linkedin,QA Engineer – Mobile Testing,Specialized Bicycle Components,"Cham, Zug, Switzerland",Remote,Full-time,,,English,,,Recent,https://ch.linkedin.com/jobs/view/qa-engineer-%E2%80%93-mobile-testing-at-specialized-bicycle-components-4419855030,2026-08-17T10:35:26.085162+00:00
0,Tester | Slovakia,linkedin,Agile Test Engineer - Medior (m/f/n),ESET,"Bratislava, Bratislava, Slovakia",On-site,Full-time,,Agile,English,,,Recent,https://sk.linkedin.com/jobs/view/agile-test-engineer-medior-m-f-n-at-eset-4445540260,2026-08-17T10:35:30.870762+00:00
0,Tester | Slovakia,linkedin,Integration Tester,Avenga,"Bratislava, Bratislava, Slovakia",On-site,Full-time,,,English,,,Recent,https://sk.linkedin.com/jobs/view/integration-tester-at-avenga-4331424497,2026-08-17T10:35:30.870934+00:00
0,Tester | Slovakia,linkedin,Software QA Specialist,Descartes Systems Group,"Žilina, Zilina, Slovakia",On-site,Full-time,,,English,,,Recent,https://sk.linkedin.com/jobs/view/software-qa-specialist-at-descartes-systems-group-4382115365,2026-08-17T10:35:30.871130+00:00
0,Tester | Slovakia,linkedin,Software Test Analyst,Descartes Systems Group,"Žilina, Zilina, Slovakia",On-site,Full-time,,,English,,,Recent,https://sk.linkedin.com/jobs/view/software-test-analyst-at-descartes-systems-group-4438273257,2026-08-17T10:35:30.871302+00:00
0,Tester | Slovakia,linkedin,Software Test Engineer,Sensoneo,"Bratislava, Slovakia",On-site,Full-time,,,English,,,Recent,https://sk.linkedin.com/jobs/view/software-test-engineer-at-sensoneo-4445877933,2026-08-17T10:35:30.871466+00:00
0,Tester | Slovakia,linkedin,Software Test Engineer (m/ž),MicroStep-MIS,"Bratislava, Bratislava, Slovakia",On-site,Full-time,,,English,,,Recent,https://sk.linkedin.com/jobs/view/software-test-engineer-m-%C5%BE-at-microstep-mis-4445971352,2026-08-17T10:35:30.871625+00:00
0,Tester | Slovakia,linkedin,Agile Test Engineer (m/f/n),ESET,"Košice, Kosice, Slovakia",On-site,Full-time,,Agile,English,,,Recent,https://sk.linkedin.com/jobs/view/agile-test-engineer-m-f-n-at-eset-4405175696,2026-08-17T10:35:30.871799+00:00
0,Tester | Slovakia,linkedin,Junior QA Engineer,GoReel,Slovakia,On-site,Full-time,,Junior,English,,,Recent,https://sk.linkedin.com/jobs/view/junior-qa-engineer-at-goreel-4452467343,2026-08-17T10:35:30.871962+00:00
0,Tester | Czech Republic,linkedin,Quality Assurance Engineer - Trabajo Remoto,BairesDev,"Santo Domingo, Distrito Nacional, Dominican Republic",On-site,Full-time,,,English,,,Recent,https://do.linkedin.com/jobs/view/quality-assurance-engineer-trabajo-remoto-at-bairesdev-4451428025,2026-08-17T10:35:33.466387+00:00
0,Tester | Czech Republic,linkedin,"Mobile Automation Engineer (OTE $33,000/year USD), @CXT Software",CXT Software,Dominican Republic,Remote,Full-time,,,English,,,Recent,https://do.linkedin.com/jobs/view/mobile-automation-engineer-ote-%2433-000-year-usd-%40cxt-software-at-cxt-software-4452475784,2026-08-17T10:35:33.466747+00:00
0,Tester | Czech Republic,linkedin,Quality Automation Engineer,Flash,"Santo Domingo, Distrito Nacional, Dominican Republic",On-site,Full-time,,,English,,,Recent,https://do.linkedin.com/jobs/view/quality-automation-engineer-at-flash-4449448358,2026-08-17T10:35:33.466917+00:00
0,Tester | Czech Republic,linkedin,Data QA Engineer – Enterprise Data | DR,Truelogic Software,Dominican Republic,On-site,Full-time,,,English,,,Recent,https://do.linkedin.com/jobs/view/data-qa-engineer-%E2%80%93-enterprise-data-dr-at-truelogic-software-4449980059,2026-08-17T10:35:33.467105+00:00
0,Tester | Czech Republic,linkedin,Penetration Testing Engineer,VuWorks,Dominican Republic,On-site,Full-time,,,English,,,Recent,https://do.linkedin.com/jobs/view/penetration-testing-engineer-at-vuworks-4453699280,2026-08-17T10:35:33.467286+00:00
0,Tester | Czech Republic,linkedin,Remote - Quality Assurance & Process Analyst,"World Business Lenders, LLC","Las Salinas, Barahona Province, Dominican Republic",Remote,Full-time,,,English,,,Recent,https://do.linkedin.com/jobs/view/remote-quality-assurance-process-analyst-at-world-business-lenders-llc-4454051809,2026-08-17T10:35:33.467453+00:00
0,Tester | Czech Republic,linkedin,Software Development Engineer in Test,Origami Risk,"Santo Domingo, Distrito Nacional, Dominican Republic",On-site,Full-time,,,English,,,Recent,https://do.linkedin.com/jobs/view/software-development-engineer-in-test-at-origami-risk-4446340469,2026-08-17T10:35:33.467615+00:00
0,Tester | Czech Republic,linkedin,Lab Operations Technician,Eaton,"Bajos de Haina, San Cristóbal, Dominican Republic",On-site,Full-time,,,English,,,Recent,https://do.linkedin.com/jobs/view/lab-operations-technician-at-eaton-4444123698,2026-08-17T10:35:33.467775+00:00
0,Tester | Czech Republic,linkedin,Quality Engineering Technician,Convatec,"San Cristóbal, San Cristóbal, Dominican Republic",On-site,Full-time,,,English,,,Recent,https://do.linkedin.com/jobs/view/quality-engineering-technician-at-convatec-4449441376,2026-08-17T10:35:33.467936+00:00
0,Tester | Poland,linkedin,Test Specialist,Icotera,"Szczecin, Zachodniopomorskie, Poland",On-site,Full-time,,,English,,,Recent,https://pl.linkedin.com/jobs/view/test-specialist-at-icotera-4447504836,2026-08-17T10:35:36.142261+00:00
0,Tester | Poland,linkedin,Junior Manual Tester (f/m/x),Sii Poland,"Łódź, Łódzkie, Poland",On-site,Full-time,,Junior,English,,,Recent,https://pl.linkedin.com/jobs/view/junior-manual-tester-f-m-x-at-sii-poland-4446235764,2026-08-17T10:35:36.142456+00:00
0,Tester | Poland,linkedin,Manual Tester (f/m/x),Sii Poland,"Białystok, Podlaskie, Poland",On-site,Full-time,,,English,,,Recent,https://pl.linkedin.com/jobs/view/manual-tester-f-m-x-at-sii-poland-4442834780,2026-08-17T10:35:36.142633+00:00
0,Tester | Poland,linkedin,Automation Tester,NATEK,Poznan Metropolitan Area,On-site,Full-time,,,English,,,Recent,https://pl.linkedin.com/jobs/view/automation-tester-at-natek-4404993649,2026-08-17T10:35:36.142801+00:00
0,Tester | Poland,linkedin,Junior Manual Tester,Jit Team,"Warsaw, Mazowieckie, Poland",On-site,Full-time,,Junior,English,,,Recent,https://pl.linkedin.com/jobs/view/junior-manual-tester-at-jit-team-4446736404,2026-08-17T10:35:36.142975+00:00
0,Tester | Poland,linkedin,Quality Assurance Tester,Ubique Systems,"Krakowski, Małopolskie, Poland",On-site,Full-time,,,English,,,Recent,https://pl.linkedin.com/jobs/view/quality-assurance-tester-at-ubique-systems-4450899030,2026-08-17T10:35:36.143164+00:00
0,Tester | Poland,linkedin,Tester Manualny / Testerka Manualna,Finture,"Warsaw, Mazowieckie, Poland",On-site,Full-time,,,English,,,Recent,https://pl.linkedin.com/jobs/view/tester-manualny-testerka-manualna%C2%A0-at-finture-4448890327,2026-08-17T10:35:36.143326+00:00
0,Tester | Poland,linkedin,Test Engineer- Tieto Tech Consulting (m/f/d),Tieto,"Szczecin, Zachodniopomorskie, Poland",On-site,Full-time,,,English,,,Recent,https://pl.linkedin.com/jobs/view/test-engineer-tieto-tech-consulting-m-f-d-at-tieto-4449632501,2026-08-17T10:35:36.143505+00:00
0,Tester | Poland,linkedin,Tester Manualny / Testerka Manualna,Finture,"Warsaw, Mazowieckie, Poland",On-site,Full-time,,,English,,,Recent,https://pl.linkedin.com/jobs/view/tester-manualny-testerka-manualna-at-finture-4454587396,2026-08-17T10:35:36.143666+00:00
0,Tester | Poland,linkedin,System Tester,Ericsson,"Cracow, Małopolskie, Poland",On-site,Full-time,,,English,,,Recent,https://pl.linkedin.com/jobs/view/system-tester-at-ericsson-4445171374,2026-08-17T10:35:36.143824+00:00
0,Tester | USA,linkedin,Tester,Teamware Solutions,"Naperville, IL",On-site,Full-time,,,English,,,Recent,https://www.linkedin.com/jobs/view/tester-at-teamware-solutions-4454061384,2026-08-17T10:35:38.655679+00:00
0,Tester | USA,linkedin,User Acceptance Tester,YoungWilliams,"Ridgeland, MS",On-site,Full-time,,,English,,,Recent,https://www.linkedin.com/jobs/view/user-acceptance-tester-at-youngwilliams-4449116977,2026-08-17T10:35:38.655875+00:00
0,Tester | USA,linkedin,Marine Product Tester,Navico Group,"Tulsa, OK",On-site,Full-time,,,English,,,Recent,https://www.linkedin.com/jobs/view/marine-product-tester-at-navico-group-4427196398,2026-08-17T10:35:38.656071+00:00
0,Tester | USA,linkedin,Manual Tester,Tata Consultancy Services,"Chaska, MN",On-site,Full-time,,,English,,,Recent,https://www.linkedin.com/jobs/view/manual-tester-at-tata-consultancy-services-4444806149,2026-08-17T10:35:38.656239+00:00
0,Tester | USA,linkedin,Test Technician,Gather AI,Greater Pittsburgh Region,On-site,Full-time,,,English,,,Recent,https://www.linkedin.com/jobs/view/test-technician-at-gather-ai-4431278411,2026-08-17T10:35:38.656397+00:00
0,Tester | USA,linkedin,Software Test Engineer,Boeing,"Hazelwood, MO",On-site,Full-time,,,English,,,Recent,https://www.linkedin.com/jobs/view/software-test-engineer-at-boeing-4450154526,2026-08-17T10:35:38.656562+00:00
0,Tester | USA,linkedin,Test Analyst,RAZOR,"Colorado Springs, CO",On-site,Full-time,,,English,,,Recent,https://www.linkedin.com/jobs/view/test-analyst-at-razor-4449746736,2026-08-17T10:35:38.656721+00:00
0,Tester | USA,linkedin,Vehicle QA Tester,Capgemini Engineering,"Mendon, UT",On-site,Full-time,,,English,,,Recent,https://www.linkedin.com/jobs/view/vehicle-qa-tester-at-capgemini-engineering-4443437141,2026-08-17T10:35:38.656885+00:00
0,Tester | USA,linkedin,Quality Assurance Specialist,Ateeca Inc,"Columbus, OH",On-site,Full-time,,,English,,,Recent,https://www.linkedin.com/jobs/view/quality-assurance-specialist-at-ateeca-inc-4451192690,2026-08-17T10:35:38.657066+00:00
0,Tester | USA,linkedin,Software Application Tester,Boeing,"Scott AFB, IL",On-site,Full-time,,,English,,,Recent,https://www.linkedin.com/jobs/view/software-application-tester-at-boeing-4434854958,2026-08-17T10:35:38.657226+00:00
0,Tester | United Kingdom,linkedin,Automation Tester - Newcastle,Accenture,"Newcastle Upon Tyne, England, United Kingdom",On-site,Full-time,,,English,,,Recent,https://uk.linkedin.com/jobs/view/automation-tester-newcastle-at-accenture-4442630293,2026-08-17T10:35:41.169752+00:00
0,Tester | United Kingdom,linkedin,Automation Tester - Newcastle,Accenture UK & Ireland,"Newcastle Upon Tyne, England, United Kingdom",On-site,Full-time,,,English,,,Recent,https://uk.linkedin.com/jobs/view/automation-tester-newcastle-at-accenture-uk-ireland-4453257875,2026-08-17T10:35:41.169945+00:00
0,Tester | United Kingdom,linkedin,QA Analyst - Web,Booker,"Wellingborough, England, United Kingdom",On-site,Full-time,,,English,,,Recent,https://uk.linkedin.com/jobs/view/qa-analyst-web-at-booker-4448524981,2026-08-17T10:35:41.170145+00:00
0,Tester | United Kingdom,linkedin,Test Engineer,Noir,"Bournemouth, England, United Kingdom",On-site,Full-time,,,English,,,Recent,https://uk.linkedin.com/jobs/view/test-engineer-at-noir-4454049806,2026-08-17T10:35:41.170312+00:00
0,Tester | United Kingdom,linkedin,QA - Device Tester,Radius,"Crewe, England, United Kingdom",On-site,Full-time,,,English,,,Recent,https://uk.linkedin.com/jobs/view/qa-device-tester-at-radius-4441648486,2026-08-17T10:35:41.170481+00:00
0,Tester | United Kingdom,linkedin,Test Analyst,NEC Software Solutions,"Bracknell, England, United Kingdom",On-site,Full-time,,,English,,,Recent,https://uk.linkedin.com/jobs/view/test-analyst-at-nec-software-solutions-4452714121,2026-08-17T10:35:41.170644+00:00
0,Tester | United Kingdom,linkedin,Test Engineer,Version 1,"Newcastle Upon Tyne, England, United Kingdom",On-site,Full-time,,,English,,,Recent,https://uk.linkedin.com/jobs/view/test-engineer-at-version-1-4451236707,2026-08-17T10:35:41.170799+00:00
0,Tester | United Kingdom,linkedin,QA Test Engineer,Leo Recruitment Limited,"Poole, England, United Kingdom",On-site,Full-time,,,English,,,Recent,https://uk.linkedin.com/jobs/view/qa-test-engineer-at-leo-recruitment-limited-4448353646,2026-08-17T10:35:41.170956+00:00
0,Tester | United Kingdom,linkedin,Test Engineer,Version 1,"Edinburgh, Scotland, United Kingdom",On-site,Full-time,,,English,,,Recent,https://uk.linkedin.com/jobs/view/test-engineer-at-version-1-4451239665,2026-08-17T10:35:41.171135+00:00
0,Tester | United Kingdom,linkedin,Test Analyst (Trust Retail),Trust Payments,"Bournemouth, England, United Kingdom",On-site,Full-time,,,English,,,Recent,https://uk.linkedin.com/jobs/view/test-analyst-trust-retail-at-trust-payments-4443294298,2026-08-17T10:35:41.171294+00:00
0,QA Engineer | Germany,linkedin,Quality Assurance Engineer,Quantum Machines,"Stuttgart, Baden-Württemberg, Germany",On-site,Full-time,,,English,,,Recent,https://de.linkedin.com/jobs/view/quality-assurance-engineer-at-quantum-machines-4439443736,2026-08-17T10:35:43.664921+00:00
0,QA Engineer | Germany,linkedin,QA Engineer (all genders) 4-Tage-Woche,Fp GmbH,Greater Leipzig Area,On-site,Full-time,,,English,,,Recent,https://de.linkedin.com/jobs/view/qa-engineer-all-genders-4-tage-woche-at-fp-gmbh-4445192570,2026-08-17T10:35:43.665140+00:00
0,QA Engineer | Germany,linkedin,QA Engineer,InCycling GmbH,"Erfurt, Thuringia, Germany",On-site,Full-time,,,English,,,Recent,https://de.linkedin.com/jobs/view/qa-engineer-at-incycling-gmbh-4448408838,2026-08-17T10:35:43.665302+00:00
0,QA Engineer | Germany,linkedin,QA Engineer (Settlement & Reporting) (m/f/d),Riverty,"Berlin, Germany",On-site,Full-time,,,English,,,Recent,https://de.linkedin.com/jobs/view/qa-engineer-settlement-reporting-m-f-d-at-riverty-4453377065,2026-08-17T10:35:43.665460+00:00
0,QA Engineer | Germany,linkedin,Quality Engineer,Gallup,"Berlin, Berlin, Germany",On-site,Full-time,,,English,,,Recent,https://de.linkedin.com/jobs/view/quality-engineer-at-gallup-4450806064,2026-08-17T10:35:43.665620+00:00
0,QA Engineer | Germany,linkedin,QA Engineer,GSOBA,Frankfurt Rhine-Main Metropolitan Area,On-site,Full-time,,,English,,,Recent,https://de.linkedin.com/jobs/view/qa-engineer-at-gsoba-4418537148,2026-08-17T10:35:43.665777+00:00
0,QA Engineer | Germany,linkedin,QA Automation Engineer (IDEA Ultimate QA),JetBrains,"Berlin, Berlin, Germany",On-site,Full-time,,,English,,,Recent,https://de.linkedin.com/jobs/view/qa-automation-engineer-idea-ultimate-qa-at-jetbrains-4449857015,2026-08-17T10:35:43.665935+00:00
0,QA Engineer | Germany,linkedin,Software Test Engineer (m/w/d),BITE GmbH,"Neu Ulm, Bavaria, Germany",On-site,Full-time,,,English,,,Recent,https://de.linkedin.com/jobs/view/software-test-engineer-m-w-d-at-bite-gmbh-4447088283,2026-08-17T10:35:43.666128+00:00
0,QA Engineer | Germany,linkedin,QA Engineer (m/w/d),Instaffo,"Stuttgart, Baden-Württemberg, Germany",On-site,Full-time,,,English,,,Recent,https://de.linkedin.com/jobs/view/qa-engineer-m-w-d-at-instaffo-4404303652,2026-08-17T10:35:43.666289+00:00
0,QA Engineer | Germany,linkedin,Software Quality Engineer - Adobe Premiere Pro,Adobe,"Hamburg, Hamburg, Germany",On-site,Full-time,,,English,,,Recent,https://de.linkedin.com/jobs/view/software-quality-engineer-adobe-premiere-pro-at-adobe-4453015028,2026-08-17T10:35:43.666458+00:00
0,QA Engineer | Austria,linkedin,QA Engineer & Testautomation (m/w/d) - PAM Parking - SaaS,PKE,"Klagenfurt, Carinthia, Austria",On-site,Full-time,,,English,,,Recent,https://at.linkedin.com/jobs/view/qa-engineer-testautomation-m-w-d-pam-parking-saas-at-pke-4450351790,2026-08-17T10:35:46.100346+00:00
0,QA Engineer | Austria,linkedin,Software Test Engineer (w/m/d),Bachmann electronic GmbH,"Feldkirch, Vorarlberg, Austria",On-site,Full-time,,,English,,,Recent,https://at.linkedin.com/jobs/view/software-test-engineer-w-m-d-at-bachmann-electronic-gmbh-4444429315,2026-08-17T10:35:46.100672+00:00
0,QA Engineer | Austria,linkedin,Software Quality Engineer (m/w/d),MED-EL,"Innsbruck, Tyrol, Austria",On-site,Full-time,,,English,,,Recent,https://at.linkedin.com/jobs/view/software-quality-engineer-m-w-d-at-med-el-4336125828,2026-08-17T10:35:46.101179+00:00
0,QA Engineer | Austria,linkedin,Test & Validation Engineer (m/w/d),S.I.E,"Lustenau, Vorarlberg, Austria",On-site,Full-time,,,English,,,Recent,https://at.linkedin.com/jobs/view/test-validation-engineer-m-w-d-at-s-i-e-4443499778,2026-08-17T10:35:46.101339+00:00
0,QA Engineer | Austria,linkedin,Software Test Engineer & Documentation Writer (w/m/d),Delegate Group,"Vienna, Vienna, Austria",On-site,Full-time,,,English,,,Recent,https://at.linkedin.com/jobs/view/software-test-engineer-documentation-writer-w-m-d-at-delegate-group-4447386784,2026-08-17T10:35:46.101497+00:00
0,QA Engineer | Austria,linkedin,Test Automation Engineer C# (m/f/x),ADMIRAL Technologies,"Vienna, Austria",On-site,Full-time,"C, Test Automation",C#,English,,,Recent,https://at.linkedin.com/jobs/view/test-automation-engineer-c%23-m-f-x-at-admiral-technologies-4443871193,2026-08-17T10:35:46.101657+00:00
0,QA Engineer | Switzerland,linkedin,Application QA Engineer (Mid-Level),Prospera AI,"Fully, Valais, Switzerland",On-site,Full-time,,Mid-Level,English,,,Recent,https://ch.linkedin.com/jobs/view/application-qa-engineer-mid-level-at-prospera-ai-4448206225,2026-08-17T10:35:48.584782+00:00
0,QA Engineer | Switzerland,linkedin,SDET / QA Automation Engineer,DonTouch SA,"Chiasso, Ticino, Switzerland",On-site,Full-time,,,English,,,Recent,https://ch.linkedin.com/jobs/view/sdet-qa-automation-engineer-at-dontouch-sa-4452448275,2026-08-17T10:35:48.585171+00:00
0,QA Engineer | Switzerland,linkedin,Test Automation Engineer,Phenomenix,"Bern, Berne, Switzerland",On-site,Full-time,Test Automation,,English,,,Recent,https://ch.linkedin.com/jobs/view/test-automation-engineer-at-phenomenix-4444252239,2026-08-17T10:35:48.585501+00:00
0,QA Engineer | Switzerland,linkedin,Software Test & Validation Engineer,Harmattan AI,"Lausanne, Vaud, Switzerland",On-site,Full-time,,,English,,,Recent,https://ch.linkedin.com/jobs/view/software-test-validation-engineer-at-harmattan-ai-4398385941,2026-08-17T10:35:48.585983+00:00
0,QA Engineer | Slovakia,linkedin,Test Automation Engineer,Frequentis,"Bratislava, Bratislava, Slovakia",On-site,Full-time,Test Automation,,English,,,Recent,https://sk.linkedin.com/jobs/view/test-automation-engineer-at-frequentis-4451413103,2026-08-17T10:35:53.324628+00:00
0,QA Engineer | Slovakia,linkedin,Agile Test Engineer (m/f/n),ESET,"Bratislava, Bratislava, Slovakia",On-site,Full-time,,Agile,English,,,Recent,https://sk.linkedin.com/jobs/view/agile-test-engineer-m-f-n-at-eset-4405185637,2026-08-17T10:35:53.324799+00:00
0,QA Engineer | Slovakia,linkedin,Middle QA Automation Engineer ID81304,AgileEngine,"Bratislava, Bratislava, Slovakia",On-site,Full-time,,,English,,,Recent,https://sk.linkedin.com/jobs/view/middle-qa-automation-engineer-id81304-at-agileengine-4448526380,2026-08-17T10:35:53.324962+00:00
0,QA Engineer | Slovakia,linkedin,Quality Assurance Engineer,Swiss Re,"Bratislava, Bratislava, Slovakia",On-site,Full-time,,,English,,,Recent,https://sk.linkedin.com/jobs/view/quality-assurance-engineer-at-swiss-re-4442045150,2026-08-17T10:35:53.325149+00:00
0,QA Engineer | Slovakia,linkedin,QA Engineer (43365),CoolPeople Technology,"Bratislava, Bratislava, Slovakia",On-site,Full-time,,,English,,,Recent,https://sk.linkedin.com/jobs/view/qa-engineer-43365-at-coolpeople-technology-4445961017,2026-08-17T10:35:53.325661+00:00
0,QA Engineer | Slovakia,linkedin,Experienced Test Automation Engineer,Accenture na Slovensku,"Bratislava, Bratislava, Slovakia",On-site,Full-time,Test Automation,,English,,,Recent,https://sk.linkedin.com/jobs/view/experienced-test-automation-engineer-at-accenture-na-slovensku-4439873951,2026-08-17T10:35:53.326202+00:00
0,QA Engineer | Czech Republic,linkedin,Quality Engineer II-2,Integer Holdings Corporation,"Santo Domingo, Distrito Nacional, Dominican Republic",On-site,Full-time,,,English,,,Recent,https://do.linkedin.com/jobs/view/quality-engineer-ii-2-at-integer-holdings-corporation-4414630897,2026-08-17T10:35:55.741025+00:00
0,QA Engineer | Czech Republic,linkedin,Quality Engineer,PCS Wireless,"Praderas del Este, Santo Domingo, Dominican Republic",On-site,Full-time,,,English,,,Recent,https://do.linkedin.com/jobs/view/quality-engineer-at-pcs-wireless-4437323183,2026-08-17T10:35:55.741188+00:00
0,QA Engineer | Czech Republic,linkedin,Complaints Engineer I,Convatec,"San Cristóbal, San Cristóbal, Dominican Republic",On-site,Full-time,,,English,,,Recent,https://do.linkedin.com/jobs/view/complaints-engineer-i-at-convatec-4442789598,2026-08-17T10:35:55.741344+00:00
0,QA Engineer | Czech Republic,linkedin,Quality engineer,Eaton,"Bajos de Haina, San Cristóbal, Dominican Republic",On-site,Full-time,,,English,,,Recent,https://do.linkedin.com/jobs/view/quality-engineer-at-eaton-4434551306,2026-08-17T10:35:55.741501+00:00
0,QA Engineer | Poland,linkedin,QA Engineer,Sportradar,"Warsaw, Mazowieckie, Poland",On-site,Full-time,,,English,,,Recent,https://pl.linkedin.com/jobs/view/qa-engineer-at-sportradar-4455259228,2026-08-17T10:35:58.202371+00:00
0,QA Engineer | Poland,linkedin,QA Engineer (Mid),Telemedi - assistance & digital health platform,"Warsaw, Mazowieckie, Poland",On-site,Full-time,,,English,,,Recent,https://pl.linkedin.com/jobs/view/qa-engineer-mid-at-telemedi-assistance-digital-health-platform-4453672902,2026-08-17T10:35:58.202565+00:00
0,QA Engineer | Poland,linkedin,General QA Engineer (AI track),SQUAD,"Gdańsk, Pomorskie, Poland",On-site,Full-time,,,English,,,Recent,https://pl.linkedin.com/jobs/view/general-qa-engineer-ai-track-at-squad-4449048901,2026-08-17T10:35:58.202735+00:00
0,QA Engineer | Poland,linkedin,Manual QA Engineer,The Travel Corporation,"Katowice, Śląskie, Poland",On-site,Full-time,,,English,,,Recent,https://pl.linkedin.com/jobs/view/manual-qa-engineer-at-the-travel-corporation-4448264993,2026-08-17T10:35:58.202908+00:00
0,QA Engineer | Poland,linkedin,Quality Assurance Engineer (QA),Tickmill,"Warsaw, Mazowieckie, Poland",On-site,Full-time,,,English,,,Recent,https://pl.linkedin.com/jobs/view/quality-assurance-engineer-qa-at-tickmill-4385011025,2026-08-17T10:35:58.203101+00:00
0,QA Engineer | Poland,linkedin,QA Engineer (Junior),Telemedi - assistance & digital health platform,"Warsaw, Mazowieckie, Poland",On-site,Full-time,,Junior,English,,,Recent,https://pl.linkedin.com/jobs/view/qa-engineer-junior-at-telemedi-assistance-digital-health-platform-4454545181,2026-08-17T10:35:58.203258+00:00
0,QA Engineer | Poland,linkedin,QA Engineer (m/f/d),Aras Corporation,"Cracow, Małopolskie, Poland",On-site,Full-time,,,English,,,Recent,https://pl.linkedin.com/jobs/view/qa-engineer-m-f-d-at-aras-corporation-4434729551,2026-08-17T10:35:58.203417+00:00
0,QA Engineer | Poland,linkedin,QA Automation Engineer,NTFY - Nice To Fit You,"Warsaw, Mazowieckie, Poland",On-site,Full-time,,,English,,,Recent,https://pl.linkedin.com/jobs/view/qa-automation-engineer-at-ntfy-nice-to-fit-you-4443367150,2026-08-17T10:35:58.203577+00:00
0,QA Engineer | Poland,linkedin,Quality Engineer (Java),Kingfisher plc,"Cracow, Małopolskie, Poland",On-site,Full-time,Java,,English,,,Recent,https://pl.linkedin.com/jobs/view/quality-engineer-java-at-kingfisher-plc-4428962929,2026-08-17T10:35:58.203735+00:00
0,QA Engineer | Poland,linkedin,Quality Engineer,Kingfisher plc,"Cracow, Małopolskie, Poland",On-site,Full-time,,,English,,,Recent,https://pl.linkedin.com/jobs/view/quality-engineer-at-kingfisher-plc-4428827601,2026-08-17T10:35:58.203895+00:00
0,QA Engineer | USA,linkedin,Quality & Reliability Engineer,MrBeast,San Angelo Area,On-site,Full-time,,,English,,,Recent,https://www.linkedin.com/jobs/view/quality-reliability-engineer-at-mrbeast-4451495620,2026-08-17T10:36:00.725779+00:00
0,QA Engineer | USA,linkedin,QA Engineer,Exacta Systems,"Austin, TX",On-site,Full-time,,,English,,,Recent,https://www.linkedin.com/jobs/view/qa-engineer-at-exacta-systems-4382210948,2026-08-17T10:36:00.725965+00:00
0,QA Engineer | USA,linkedin,QA Engineer,Boom,"Austin, TX",On-site,Full-time,,,English,,,Recent,https://www.linkedin.com/jobs/view/qa-engineer-at-boom-4413360961,2026-08-17T10:36:00.726149+00:00
0,QA Engineer | USA,linkedin,Testing & QA Engineer (Mid-Level),Baserock AI,"Leawood, KS",On-site,Full-time,,Mid-Level,English,,,Recent,https://www.linkedin.com/jobs/view/testing-qa-engineer-mid-level-at-baserock-ai-4446854603,2026-08-17T10:36:00.726306+00:00
0,QA Engineer | USA,linkedin,Quality Assurance Engineer,Workday,"Mason, OH",On-site,Full-time,,,English,,,Recent,https://www.linkedin.com/jobs/view/quality-assurance-engineer-at-workday-4451007463,2026-08-17T10:36:00.726463+00:00
0,QA Engineer | USA,linkedin,IT Quality Assurance Engineer,"Maverik, Inc.","Salt Lake City, UT",On-site,Full-time,,,English,,,Recent,https://www.linkedin.com/jobs/view/it-quality-assurance-engineer-at-maverik-inc-4453255976,2026-08-17T10:36:00.726618+00:00
0,QA Engineer | USA,linkedin,Product Quality Engineer,Rently,"Camarillo, CA",On-site,Full-time,,,English,,,Recent,https://www.linkedin.com/jobs/view/product-quality-engineer-at-rently-4453164211,2026-08-17T10:36:00.726771+00:00
0,QA Engineer | USA,linkedin,QA Testing Engineer - Device Connectivity,Getinge,"Streetsboro, OH",On-site,Full-time,,,English,,,Recent,https://www.linkedin.com/jobs/view/qa-testing-engineer-device-connectivity-at-getinge-4432268851,2026-08-17T10:36:00.726926+00:00
0,QA Engineer | USA,linkedin,Quality Assurance Engineer,Point Predictive,"San Diego, CA",On-site,Full-time,,,English,,,Recent,https://www.linkedin.com/jobs/view/quality-assurance-engineer-at-point-predictive-4449676007,2026-08-17T10:36:00.727105+00:00
0,QA Engineer | USA,linkedin,Software Quality Engineer II,Airlines Reporting Corporation (ARC),"Louisville, KY",On-site,Full-time,,,English,,,Recent,https://www.linkedin.com/jobs/view/software-quality-engineer-ii-at-airlines-reporting-corporation-arc-4447996714,2026-08-17T10:36:00.727258+00:00
0,QA Engineer | United Kingdom,linkedin,QA Engineer,Waracle,"Dundee, Scotland, United Kingdom",On-site,Full-time,,,English,,,Recent,https://uk.linkedin.com/jobs/view/qa-engineer-at-waracle-4453078460,2026-08-17T10:36:03.196523+00:00
0,QA Engineer | United Kingdom,linkedin,QA Engineer,Waracle,"Glasgow, Scotland, United Kingdom",On-site,Full-time,,,English,,,Recent,https://uk.linkedin.com/jobs/view/qa-engineer-at-waracle-4453082410,2026-08-17T10:36:03.196705+00:00
0,QA Engineer | United Kingdom,linkedin,"Software Engineer, Quality",Unity,"Brighton, England, United Kingdom",On-site,Full-time,,,English,,,Recent,https://uk.linkedin.com/jobs/view/software-engineer-quality-at-unity-4450078972,2026-08-17T10:36:03.196867+00:00
0,QA Engineer | United Kingdom,linkedin,QA Automation Engineer – Newcastle (Hybrid Remote) - £45k,Ada Meher,"Newcastle Upon Tyne, England, United Kingdom",Remote,Full-time,,,English,,,Recent,https://uk.linkedin.com/jobs/view/qa-automation-engineer-%E2%80%93-newcastle-hybrid-remote-%C2%A345k-at-ada-meher-4450814392,2026-08-17T10:36:03.197055+00:00
0,QA Engineer | United Kingdom,linkedin,Test Engineer,Sage,"Newcastle Upon Tyne, England, United Kingdom",On-site,Full-time,,,English,,,Recent,https://uk.linkedin.com/jobs/view/test-engineer-at-sage-4437170352,2026-08-17T10:36:03.197382+00:00
0,QA Engineer | United Kingdom,linkedin,QA Engineer,Indra Group UK & Ireland,"Bournemouth, England, United Kingdom",On-site,Full-time,,,English,,,Recent,https://uk.linkedin.com/jobs/view/qa-engineer-at-indra-group-uk-ireland-4445200049,2026-08-17T10:36:03.197542+00:00
0,QA Engineer | United Kingdom,linkedin,Quality Engineer,Xplor Technologies,"Newcastle Upon Tyne, England, United Kingdom",On-site,Full-time,,,English,,,Recent,https://uk.linkedin.com/jobs/view/quality-engineer-at-xplor-technologies-4449619162,2026-08-17T10:36:03.197705+00:00
0,QA Engineer | United Kingdom,linkedin,QA Engineer,Reassured,"Basingstoke, England, United Kingdom",Remote,Full-time,"Ci/Cd, Java, Jenkins, Selenium","Mysql, Agile, Gitlab, Gitlab Ci, Devops, Azure, Jira, Sql, Postman",English,,,Recent,https://uk.linkedin.com/jobs/view/qa-engineer-at-reassured-4442818255,2026-08-17T10:36:03.197862+00:00
0,QA Engineer | United Kingdom,linkedin,Junior Quality Assurance Engineer,OneClickComply®,"Sunderland, England, United Kingdom",On-site,Full-time,,Junior,English,,,Recent,https://uk.linkedin.com/jobs/view/junior-quality-assurance-engineer-at-oneclickcomply%C2%AE-4447264697,2026-08-17T10:36:03.198033+00:00
0,Test Engineer | Germany,linkedin,Test Engineer (m/w/d),Seeing Machines,"Berlin, Germany",On-site,Full-time,,,English,,,Recent,https://de.linkedin.com/jobs/view/test-engineer-m-w-d-at-seeing-machines-4449012970,2026-08-17T10:36:05.651673+00:00
0,Test Engineer | Germany,linkedin,Test Engineer (m/f/d) - Production,Quantum Systems,Greater Munich Metropolitan Area,On-site,Full-time,,,English,,,Recent,https://de.linkedin.com/jobs/view/test-engineer-m-f-d-production-at-quantum-systems-4450694818,2026-08-17T10:36:05.651863+00:00
0,Test Engineer | Germany,linkedin,Test Engineer (m/w/d),citema systems GmbH,"Berlin, Berlin, Germany",On-site,Full-time,,,English,,,Recent,https://de.linkedin.com/jobs/view/test-engineer-m-w-d-at-citema-systems-gmbh-4443350743,2026-08-17T10:36:05.652057+00:00
0,Test Engineer | Germany,linkedin,Test Engineer,APRIORI - business solutions AG,"Berlin, Germany",On-site,Full-time,,,English,,,Recent,https://de.linkedin.com/jobs/view/test-engineer-at-apriori-business-solutions-ag-4441512535,2026-08-17T10:36:05.652228+00:00
0,Test Engineer | Germany,linkedin,Hardware Test Engineer (all gender),ALTEN,"Böblingen, Baden-Württemberg, Germany",On-site,Full-time,,,English,,,Recent,https://de.linkedin.com/jobs/view/hardware-test-engineer-all-gender-at-alten-4448014519,2026-08-17T10:36:05.652389+00:00
0,Test Engineer | Germany,linkedin,Verification Engineer (all genders),Philips,"Hamburg, Hamburg, Germany",On-site,Full-time,,,English,,,Recent,https://de.linkedin.com/jobs/view/verification-engineer-all-genders-at-philips-4442678250,2026-08-17T10:36:05.652561+00:00
0,Test Engineer | Germany,linkedin,Systems Test Engineer (m/w/d),Bertrandt Group,"Hamburg, Hamburg, Germany",On-site,Full-time,,,English,,,Recent,https://de.linkedin.com/jobs/view/systems-test-engineer-m-w-d-at-bertrandt-group-4451692513,2026-08-17T10:36:05.652719+00:00
0,Test Engineer | Germany,linkedin,Robotics Test Engineer (m/f/d) - Quality & Safety,Agile Robots SE,"Munich, Bavaria, Germany",On-site,Full-time,,Agile,English,,,Recent,https://de.linkedin.com/jobs/view/robotics-test-engineer-m-f-d-quality-safety-at-agile-robots-se-4449200244,2026-08-17T10:36:05.652882+00:00
0,Test Engineer | Germany,linkedin,(Junior) Test Engineer POS,attocube systems,"Haar, Bavaria, Germany",On-site,Full-time,,Junior,English,,,Recent,https://de.linkedin.com/jobs/view/junior-test-engineer-pos-at-attocube-systems-4444595793,2026-08-17T10:36:05.653061+00:00
0,Test Engineer | Germany,linkedin,Testengineer (m/w/d) 2 Jahre befristet,WMF Professional Coffee Machines,"Geislingen an der Steige, Baden-Württemberg, Germany",On-site,Contract,,,German,,,Recent,https://de.linkedin.com/jobs/view/testengineer-m-w-d-2-jahre-befristet-at-wmf-professional-coffee-machines-4454307154,2026-08-17T10:36:05.653216+00:00
0,Test Engineer | Austria,linkedin,Test Engineer,CNH,"Sankt Valentin, Lower Austria, Austria",On-site,Full-time,,,English,,,Recent,https://at.linkedin.com/jobs/view/test-engineer-at-cnh-4437448387,2026-08-17T10:36:08.091465+00:00
0,Test Engineer | Austria,linkedin,Test Engineer (all genders),Lam Research,"Villach, Carinthia, Austria",On-site,Full-time,,,English,,,Recent,https://at.linkedin.com/jobs/view/test-engineer-all-genders-at-lam-research-4428714676,2026-08-17T10:36:08.091631+00:00
0,Test Engineer | Austria,linkedin,MedTech Test & Verification Engineer (m/w/d),Combyn Health Care GmbH,Greater Graz,On-site,Full-time,,,English,,,Recent,https://at.linkedin.com/jobs/view/medtech-test-verification-engineer-m-w-d-at-combyn-health-care-gmbh-4447335571,2026-08-17T10:36:08.091793+00:00
0,Test Engineer | Austria,linkedin,Test Engineer,ENPULSION,"Vienna, Vienna, Austria",On-site,Full-time,,,English,,,Recent,https://at.linkedin.com/jobs/view/test-engineer-at-enpulsion-4440148776,2026-08-17T10:36:08.091955+00:00
0,Test Engineer | Austria,linkedin,Test Automation Engineer,Delta Electronics EMEA,"Vienna, Vienna, Austria",On-site,Full-time,Test Automation,,English,,,Recent,https://at.linkedin.com/jobs/view/test-automation-engineer-at-delta-electronics-emea-4442094269,2026-08-17T10:36:08.092143+00:00
0,Test Engineer | Austria,linkedin,"System Test Engineer - Measurement Devices, 80-100% (f/m/x)",OMICRON electronics,"Klaus, Vorarlberg, Austria",Remote,Full-time,,,English,,,Recent,https://at.linkedin.com/jobs/view/system-test-engineer-measurement-devices-80-100%25-f-m-x-at-omicron-electronics-4448181782,2026-08-17T10:36:08.092298+00:00
0,Test Engineer | Austria,linkedin,Test Engineer Embedded Software,SBG Associates,"Vienna, Austria",On-site,Full-time,,,English,,,Recent,https://at.linkedin.com/jobs/view/test-engineer-embedded-software-at-sbg-associates-4442804847,2026-08-17T10:36:08.092793+00:00
0,Test Engineer | Switzerland,linkedin,"Testing Engineer (Zürich, 100%)",Loki Robotics,"Zurich, Zurich, Switzerland",Remote,Full-time,,,English,,,Recent,https://ch.linkedin.com/jobs/view/testing-engineer-z%C3%BCrich-100%25-at-loki-robotics-4446119836,2026-08-17T10:36:10.552384+00:00
0,Test Engineer | Switzerland,linkedin,System Test Engineer,GXP CONSULTING Switzerland,Lausanne Metropolitan Area,On-site,Full-time,,,English,,,Recent,https://ch.linkedin.com/jobs/view/system-test-engineer-at-gxp-consulting-switzerland-4441804377,2026-08-17T10:36:10.552578+00:00
0,Test Engineer | Switzerland,linkedin,Verification & Testing Engineer,ANYbotics,"Zurich, Zurich, Switzerland",On-site,Full-time,,,English,,,Recent,https://ch.linkedin.com/jobs/view/verification-testing-engineer-at-anybotics-4443525412,2026-08-17T10:36:10.552742+00:00
0,Test Engineer | Switzerland,linkedin,Robotics Test Engineer,ANYbotics,"Zurich, Zurich, Switzerland",On-site,Full-time,,,English,,,Recent,https://ch.linkedin.com/jobs/view/robotics-test-engineer-at-anybotics-4447710272,2026-08-17T10:36:10.552907+00:00
0,Test Engineer | Switzerland,linkedin,System Validation Engineer,Specialized Bicycle Components,"Cham, Zug, Switzerland",On-site,Full-time,,,English,,,Recent,https://ch.linkedin.com/jobs/view/system-validation-engineer-at-specialized-bicycle-components-4413407950,2026-08-17T10:36:10.553090+00:00
0,Test Engineer | Switzerland,linkedin,System Test Engineer - Humanoid (human),NEURA Robotics,"Zurich, Zurich, Switzerland",On-site,Full-time,,,English,,,Recent,https://ch.linkedin.com/jobs/view/system-test-engineer-humanoid-human-at-neura-robotics-4443924573,2026-08-17T10:36:10.553253+00:00
0,Test Engineer | Switzerland,linkedin,System Test Engineer - Humanoid (Mensch),NEURA Robotics,"Zurich, Zurich, Switzerland",On-site,Full-time,,,English,,,Recent,https://ch.linkedin.com/jobs/view/system-test-engineer-humanoid-mensch-at-neura-robotics-4443922654,2026-08-17T10:36:10.553413+00:00
0,Test Engineer | Switzerland,linkedin,Test Engineer (m/f/d),Variosystems,"Steinach, St Gallen, Switzerland",On-site,Full-time,,,English,,,Recent,https://ch.linkedin.com/jobs/view/test-engineer-m-f-d-at-variosystems-4431272390,2026-08-17T10:36:10.553732+00:00
0,Test Engineer | Switzerland,linkedin,Final Test Engineer (m/w/d),Bruker,"Thun, Berne, Switzerland",On-site,Full-time,,,English,,,Recent,https://ch.linkedin.com/jobs/view/final-test-engineer-m-w-d-at-bruker-4444337309,2026-08-17T10:36:10.553886+00:00
0,Test Engineer | Slovakia,linkedin,Test Engineer,Vertiv,"Nové Mesto nad Váhom, Trenciansky, Slovakia",On-site,Contract,,R,English,,,Recent,https://sk.linkedin.com/jobs/view/test-engineer-at-vertiv-4430484432,2026-08-17T10:36:15.284226+00:00
0,Test Engineer | Slovakia,linkedin,Testovací inžinier pre HMI a PLC (Alarm & Function Testing) (m/ž),Valicare Slovakia,"Trenčianska Turná, Trenciansky, Slovakia",On-site,Full-time,,,English,,,Recent,https://sk.linkedin.com/jobs/view/testovac%C3%AD-in%C5%BEinier-pre-hmi-a-plc-alarm-function-testing-m-%C5%BE-at-valicare-slovakia-4452729290,2026-08-17T10:36:15.285286+00:00
0,Test Engineer | Slovakia,linkedin,Test Engineer,onsemi Slovakia,"Piešťany, Trnava Region, Slovakia",On-site,Full-time,,,English,,,Recent,https://sk.linkedin.com/jobs/view/test-engineer-at-onsemi-slovakia-4450670282,2026-08-17T10:36:15.285602+00:00
0,Test Engineer | Slovakia,linkedin,Controller Tester,Vertiv,"Nové Mesto nad Váhom, Trenciansky, Slovakia",On-site,Full-time,,,English,,,Recent,https://sk.linkedin.com/jobs/view/controller-tester-at-vertiv-4368667919,2026-08-17T10:36:15.285763+00:00
0,Test Engineer | Czech Republic,linkedin,分析测试工程师,Yanyi New Materials,"アト・マジョール州, Hato Mayor, Dominican Republic",On-site,Full-time,,,English,,,Recent,https://do.linkedin.com/jobs/view/%E5%88%86%E6%9E%90%E6%B5%8B%E8%AF%95%E5%B7%A5%E7%A8%8B%E5%B8%88-at-yanyi-new-materials-4440159674,2026-08-17T10:36:17.678026+00:00
0,Test Engineer | Czech Republic,linkedin,Quality Engineer I,Jabil,"Santo Domingo, Dominican Republic",On-site,Full-time,,,English,,,Recent,https://do.linkedin.com/jobs/view/quality-engineer-i-at-jabil-4446083249,2026-08-17T10:36:17.678200+00:00
0,Test Engineer | Poland,linkedin,Test Engineer / Inżynier Testu,NES Fircroft,Warsaw Metropolitan Area,On-site,Full-time,,,English,,,Recent,https://pl.linkedin.com/jobs/view/test-engineer-in%C5%BCynier-testu-at-nes-fircroft-4444963675,2026-08-17T10:36:20.176534+00:00
0,Test Engineer | Poland,linkedin,Test Engineer,BorgWarner,"Błonie, Mazowieckie, Poland",On-site,Full-time,,,English,,,Recent,https://pl.linkedin.com/jobs/view/test-engineer-at-borgwarner-4437021834,2026-08-17T10:36:20.176737+00:00
0,Test Engineer | Poland,linkedin,Test & Validation Engineer,Lyten,"Gdańsk, Pomorskie, Poland",On-site,Full-time,,,English,,,Recent,https://pl.linkedin.com/jobs/view/test-validation-engineer-at-lyten-4428074180,2026-08-17T10:36:20.176910+00:00
0,Test Engineer | Poland,linkedin,Field Test Engineer (m/f/d),ATMOS Space Cargo,Cracow Metropolitan Area,On-site,Full-time,,,English,,,Recent,https://pl.linkedin.com/jobs/view/field-test-engineer-m-f-d-at-atmos-space-cargo-4440476405,2026-08-17T10:36:20.177264+00:00
0,Test Engineer | Poland,linkedin,Test Engineer- Manual 4G/5G - Tieto Tech Consulting (m/f/d),Tieto,"Szczecin, Zachodniopomorskie, Poland",On-site,Full-time,,,English,,,Recent,https://pl.linkedin.com/jobs/view/test-engineer-manual-4g-5g-tieto-tech-consulting-m-f-d-at-tieto-4430474499,2026-08-17T10:36:20.177417+00:00
0,Test Engineer | Poland,linkedin,System Test Engineer,Rockwell Automation,"Katowice, Śląskie, Poland",On-site,Full-time,,,English,,,Recent,https://pl.linkedin.com/jobs/view/system-test-engineer-at-rockwell-automation-4446816811,2026-08-17T10:36:20.177573+00:00
0,Test Engineer | Poland,linkedin,Junior Test Engineer,ABB,"Aleksandrów Łódzki, Łódzkie, Poland",On-site,Full-time,,Junior,English,,,Recent,https://pl.linkedin.com/jobs/view/junior-test-engineer-at-abb-4454026716,2026-08-17T10:36:20.177737+00:00
0,Test Engineer | Poland,linkedin,Manufacturing Test Development Engineer,Aptiv,Gdansk Metropolitan Area,On-site,Full-time,,,English,,,Recent,https://pl.linkedin.com/jobs/view/manufacturing-test-development-engineer-at-aptiv-4454592384,2026-08-17T10:36:20.177899+00:00
0,Test Engineer | Poland,linkedin,Manufacturing Test Engineer,Lyten,"Gdańsk, Pomorskie, Poland",On-site,Full-time,,,English,,,Recent,https://pl.linkedin.com/jobs/view/manufacturing-test-engineer-at-lyten-4414718256,2026-08-17T10:36:20.178082+00:00
0,Test Engineer | USA,linkedin,Test Engineer II,"NEOEx Systems, Inc.","Elyria, OH",On-site,Full-time,,,English,,,Recent,https://www.linkedin.com/jobs/view/test-engineer-ii-at-neoex-systems-inc-4447520809,2026-08-17T10:36:22.655870+00:00
0,Test Engineer | USA,linkedin,Firmware Test Engineer,Cricut,"South Jordan, UT",On-site,Full-time,Firmware,,English,,,Recent,https://www.linkedin.com/jobs/view/firmware-test-engineer-at-cricut-4441081555,2026-08-17T10:36:22.656098+00:00
0,Test Engineer | USA,linkedin,Test Engineer,Qualitrol,"Fairport, NY",On-site,Full-time,,,English,,,Recent,https://www.linkedin.com/jobs/view/test-engineer-at-qualitrol-4448640576,2026-08-17T10:36:22.656269+00:00
0,Test Engineer | USA,linkedin,Test Engineer-Aurora,AUMOVIO,"New Braunfels, TX",On-site,Full-time,,,English,,,Recent,https://www.linkedin.com/jobs/view/test-engineer-aurora-at-aumovio-4452654086,2026-08-17T10:36:22.656589+00:00
0,Test Engineer | USA,linkedin,Test Engineer II,Honeywell Aerospace,"South Bend, IN",On-site,Full-time,,,English,,,Recent,https://www.linkedin.com/jobs/view/test-engineer-ii-at-honeywell-aerospace-4443515972,2026-08-17T10:36:22.656742+00:00
0,Test Engineer | USA,linkedin,Operations Test Engineer,Bedrock Robotics,"Lockhart, TX",On-site,Full-time,,,English,,,Recent,https://www.linkedin.com/jobs/view/operations-test-engineer-at-bedrock-robotics-4446456354,2026-08-17T10:36:22.656899+00:00
0,Test Engineer | USA,linkedin,Systems Verification & Validation Engineer,Cricut,"South Jordan, UT",On-site,Full-time,,,English,,,Recent,https://www.linkedin.com/jobs/view/systems-verification-validation-engineer-at-cricut-4449828006,2026-08-17T10:36:22.657090+00:00
0,Test Engineer | USA,linkedin,Test Engineer,Shinkei,"El Segundo, CA",On-site,Full-time,,,English,,,Recent,https://www.linkedin.com/jobs/view/test-engineer-at-shinkei-4438856183,2026-08-17T10:36:22.657249+00:00
0,Test Engineer | United Kingdom,linkedin,Test Engineer,IC Resources,"Bournemouth, England, United Kingdom",On-site,Full-time,"C, C++, Embedded Systems, Python",,English,,,Recent,https://uk.linkedin.com/jobs/view/test-engineer-at-ic-resources-4444472786,2026-08-17T10:36:25.173267+00:00
0,Test Engineer | United Kingdom,linkedin,Test Engineer,Ooni,"Broxburn, Scotland, United Kingdom",On-site,Full-time,,,English,,,Recent,https://uk.linkedin.com/jobs/view/test-engineer-at-ooni-4446196855,2026-08-17T10:36:25.173465+00:00
0,Test Engineer | United Kingdom,linkedin,Hardware Quality Assurance Engineer,TAIT,"Haverhill, England, United Kingdom",On-site,Full-time,,,English,,,Recent,https://uk.linkedin.com/jobs/view/hardware-quality-assurance-engineer-at-tait-4436464958,2026-08-17T10:36:25.173635+00:00
0,Test Engineer | United Kingdom,linkedin,Test Engineer,Össur,"Livingston, Scotland, United Kingdom",On-site,Full-time,,,English,,,Recent,https://uk.linkedin.com/jobs/view/test-engineer-at-%C3%B6ssur-4448015226,2026-08-17T10:36:25.173802+00:00
0,Test Engineer | United Kingdom,linkedin,Test Engineer,Kareera,"Reading, England, United Kingdom",On-site,Full-time,,,English,,,Recent,https://uk.linkedin.com/jobs/view/test-engineer-at-kareera-4452238388,2026-08-17T10:36:25.173964+00:00
0,Test Engineer | United Kingdom,linkedin,Test Engineer,L3Harris Technologies,"Brighton, England, United Kingdom",On-site,Full-time,,,English,,,Recent,https://uk.linkedin.com/jobs/view/test-engineer-at-l3harris-technologies-4439336096,2026-08-17T10:36:25.174425+00:00
0,Test Engineer | United Kingdom,linkedin,Test and Validation Engineer,Textron,Greater Ipswich Area,On-site,Full-time,,,English,,,Recent,https://uk.linkedin.com/jobs/view/test-and-validation-engineer-at-textron-4451417490,2026-08-17T10:36:25.174745+00:00
0,Testingenieur | Germany,linkedin,Test Engineer (f/m/x),ZEISS Group,"Oberkochen, Baden-Württemberg, Germany",On-site,Full-time,,,English,,,Recent,https://de.linkedin.com/jobs/view/test-engineer-f-m-x-at-zeiss-group-4447506267,2026-08-17T10:36:27.650712+00:00
0,Testingenieur | Germany,linkedin,Testingenieur (m/w/d),FERCHAU,"Stuttgart, Baden-Württemberg, Germany",On-site,Full-time,,,English,,,Recent,https://de.linkedin.com/jobs/view/testingenieur-m-w-d-at-ferchau-4438571739,2026-08-17T10:36:27.650911+00:00
0,Testingenieur | Germany,linkedin,Testingenieur (m/w/d),FERCHAU,"Lübeck, Schleswig-Holstein, Germany",On-site,Full-time,,,English,,,Recent,https://de.linkedin.com/jobs/view/testingenieur-m-w-d-at-ferchau-4438575734,2026-08-17T10:36:27.651112+00:00
0,Testingenieur | Germany,linkedin,Testingenieur (m/w/d),YER Deutschland,"Wedel, Schleswig-Holstein, Germany",On-site,Full-time,,,English,,,Recent,https://de.linkedin.com/jobs/view/testingenieur-m-w-d-at-yer-deutschland-4445501770,2026-08-17T10:36:27.651594+00:00
0,Testingenieur | Germany,linkedin,Test Engineer - Power Electronics (m/w/d),Saab,"Nuremberg, Bavaria, Germany",On-site,Full-time,,,English,,,Recent,https://de.linkedin.com/jobs/view/test-engineer-power-electronics-m-w-d-at-saab-4452445764,2026-08-17T10:36:27.651905+00:00
0,Testingenieur | Germany,linkedin,Systemtester Vernetzte Systeme (m/w/d),Rheinmetall,"Bremen, Bremen, Germany",On-site,Full-time,,,English,,,Recent,https://de.linkedin.com/jobs/view/systemtester-vernetzte-systeme-m-w-d-at-rheinmetall-4419601781,2026-08-17T10:36:27.652254+00:00
0,Testingenieur | Austria,linkedin,Test Engineer (m/w/x),ÖBB,"Leopoldstadt, Vienna, Austria",On-site,Full-time,,,English,,,Recent,https://at.linkedin.com/jobs/view/test-engineer-m-w-x-at-%C3%B6bb-4453567798,2026-08-17T10:36:30.128943+00:00
0,Testingenieur | Austria,linkedin,Testing Engineer (all genders),NEVEON,"Linz, Upper Austria, Austria",On-site,Full-time,,,English,,,Recent,https://at.linkedin.com/jobs/view/testing-engineer-all-genders-at-neveon-4442638766,2026-08-17T10:36:30.129583+00:00
0,Testingenieur | Austria,linkedin,Software Test Engineer w/m/d,Besi Austria GmbH,"Radfeld, Tyrol, Austria",On-site,Full-time,,,English,,,Recent,https://at.linkedin.com/jobs/view/software-test-engineer-w-m-d-at-besi-austria-gmbh-4455136385,2026-08-17T10:36:30.129743+00:00
0,Testingenieur | Austria,linkedin,Integration Test Engineer (all genders) - DE,Frequentis,"Vienna, Austria",On-site,Full-time,,,English,,,Recent,https://at.linkedin.com/jobs/view/integration-test-engineer-all-genders-de-at-frequentis-4443791981,2026-08-17T10:36:30.129899+00:00
0,Testingenieur | Switzerland,linkedin,Testingenieur Technisches Labor (w/m/d) 100% - Schaerer AG,Schaerer Ltd,"Solothurn, Solothurn, Switzerland",Remote,Full-time,,,English,,,Recent,https://ch.linkedin.com/jobs/view/testingenieur-technisches-labor-w-m-d-100%25-schaerer-ag-at-schaerer-ltd-4418175565,2026-08-17T10:36:32.570447+00:00
0,Testingenieur | Switzerland,linkedin,Testingenieur*in Hardware (w/m/d),Endress+Hauser Group,"Reinach, Basel-Country, Switzerland",On-site,Full-time,,,English,,,Recent,https://ch.linkedin.com/jobs/view/testingenieur-in-hardware-w-m-d-at-endress%2Bhauser-group-4440975027,2026-08-17T10:36:32.570930+00:00
0,Testingenieur | Czech Republic,linkedin,广发-测试工程师,NStarts Consultants Co Ltd (Hong Kong Branch),"アト・マジョール州, Hato Mayor, Dominican Republic",On-site,Full-time,,,English,,,Recent,https://do.linkedin.com/jobs/view/%E5%B9%BF%E5%8F%91-%E6%B5%8B%E8%AF%95%E5%B7%A5%E7%A8%8B%E5%B8%88-at-nstarts-consultants-co-ltd-hong-kong-branch-4450918456,2026-08-17T10:36:39.767700+00:00
0,Testingenieur | Poland,linkedin,Test&Validation Engineer (M/F/D),Valeo,"Czechowice-Dziedzice, Śląskie, Poland",Remote,Internship,,,English,,,Recent,https://pl.linkedin.com/jobs/view/test-validation-engineer-m-f-d-at-valeo-4362375870,2026-08-17T10:36:42.303924+00:00
0,Testingenieur | Poland,linkedin,Test & Validation Engineer - Mechatronics Systems (M/F/D),Valeo,"Czechowice-Dziedzice, Śląskie, Poland",Remote,Contract,"C, Can, Python","Canoe, R",English,,,Recent,https://pl.linkedin.com/jobs/view/test-validation-engineer-mechatronics-systems-m-f-d-at-valeo-4436392193,2026-08-17T10:36:42.304131+00:00
0,Testingenieur | Poland,linkedin,Validation Test Engineer,Capgemini Engineering,"Katowice, Śląskie, Poland",Remote,Contract,"Can, Pytest, Robot Framework","Canoe, R",English,,,Recent,https://pl.linkedin.com/jobs/view/validation-test-engineer-at-capgemini-engineering-4447550948,2026-08-17T10:36:42.304462+00:00
0,Testingenieur | USA,linkedin,Systems Test Engineer,Philips,"Bothell, WA",On-site,Contract,"Can, Embedded Systems, System Testing",R,English,,,Recent,https://www.linkedin.com/jobs/view/systems-test-engineer-at-philips-4440786164,2026-08-17T10:36:44.820738+00:00
0,Testingenieur | USA,linkedin,Test Validation Engineer,"Denken Solutions, Inc.","San Mateo, CA",On-site,Full-time,"Can, Hil, Integration Testing, Python, Test Automation","Linux, Canoe, R",English,,,Recent,https://www.linkedin.com/jobs/view/test-validation-engineer-at-denken-solutions-inc-4453214035,2026-08-17T10:36:44.820907+00:00
0,Testingenieur | USA,linkedin,Test Engineer,Sanmina,"Fremont, CA",On-site,Full-time,,,English,,,Recent,https://www.linkedin.com/jobs/view/test-engineer-at-sanmina-4444989475,2026-08-17T10:36:44.821266+00:00
0,Testingenieur | USA,linkedin,Application Test Engineer,SK hynix America,"San Jose, CA",On-site,Full-time,,,English,,,Recent,https://www.linkedin.com/jobs/view/application-test-engineer-at-sk-hynix-america-4448661976,2026-08-17T10:36:44.821743+00:00
0,Testingenieur | USA,linkedin,"Systems Integration Test Engineer, Autonomy",Rivian,"Palo Alto, CA",On-site,Full-time,,,English,,,Recent,https://www.linkedin.com/jobs/view/systems-integration-test-engineer-autonomy-at-rivian-4446014777,2026-08-17T10:36:44.821901+00:00
0,Testingenieur | USA,linkedin,Test Engineer II,Hinge Health,"San Francisco, CA",On-site,Full-time,,,English,,,Recent,https://www.linkedin.com/jobs/view/test-engineer-ii-at-hinge-health-4450402423,2026-08-17T10:36:44.822088+00:00
0,Testingenieur | United Kingdom,linkedin,Embedded system Test Engineer,Qualitrol,"Glasgow, Scotland, United Kingdom",On-site,Full-time,,,English,,,Recent,https://uk.linkedin.com/jobs/view/embedded-system-test-engineer-at-qualitrol-4440528794,2026-08-17T10:36:47.480770+00:00
0,Testingenieur | United Kingdom,linkedin,Test and Validation Engineer,Textron,"Ipswich, England, United Kingdom",On-site,Full-time,,,English,,,Recent,https://uk.linkedin.com/jobs/view/test-and-validation-engineer-at-textron-4449570643,2026-08-17T10:36:47.480941+00:00
0,Testingenieur | United Kingdom,linkedin,Test Automation Engineer,Motorola Solutions,"Glasgow, Scotland, United Kingdom",On-site,Full-time,Test Automation,,English,,,Recent,https://uk.linkedin.com/jobs/view/test-automation-engineer-at-motorola-solutions-4443930025,2026-08-17T10:36:47.481616+00:00
0,Testingenieur | United Kingdom,linkedin,Test Automation Engineer,Motorola Solutions,"Edinburgh, Scotland, United Kingdom",On-site,Full-time,Test Automation,,English,,,Recent,https://uk.linkedin.com/jobs/view/test-automation-engineer-at-motorola-solutions-4423555739,2026-08-17T10:36:47.481933+00:00
0,Test Automation | Germany,linkedin,Automation & Validation Platform Engineer,Netfonds AG,"Hamburg, Germany",On-site,Full-time,,,English,,,Recent,https://de.linkedin.com/jobs/view/automation-validation-platform-engineer-at-netfonds-ag-4445485676,2026-08-17T10:36:50.007031+00:00
0,Test Automation | Germany,linkedin,Test Automation Engineer (all gender),ALTEN,"Nuremberg, Bavaria, Germany",On-site,Full-time,Test Automation,,English,,,Recent,https://de.linkedin.com/jobs/view/test-automation-engineer-all-gender-at-alten-4437003906,2026-08-17T10:36:50.007573+00:00
0,Test Automation | Germany,linkedin,Test Automation Engineer (m/f/d),Hogrefe Digital Solutions,"Göttingen, Lower Saxony, Germany",On-site,Full-time,Test Automation,,English,,,Recent,https://de.linkedin.com/jobs/view/test-automation-engineer-m-f-d-at-hogrefe-digital-solutions-4442398268,2026-08-17T10:36:50.007762+00:00
0,Test Automation | Germany,linkedin,Software Engineer in Test (Berlin),Cresta,"Berlin, Berlin, Germany",On-site,Full-time,,,English,,,Recent,https://de.linkedin.com/jobs/view/software-engineer-in-test-berlin-at-cresta-4343158227,2026-08-17T10:36:50.007929+00:00
0,Test Automation | Germany,linkedin,Test Automation Engineer (m/w/d),blackned GmbH,"Heimertingen, Bavaria, Germany",On-site,Full-time,Test Automation,,English,,,Recent,https://de.linkedin.com/jobs/view/test-automation-engineer-m-w-d-at-blackned-gmbh-4442605642,2026-08-17T10:36:50.008112+00:00
0,Test Automation | Germany,linkedin,Automation Engineer (m/f/d),endios GmbH,"Hamburg, Germany",On-site,Full-time,,,English,,,Recent,https://de.linkedin.com/jobs/view/automation-engineer-m-f-d-at-endios-gmbh-4451641189,2026-08-17T10:36:50.008265+00:00
0,Test Automation | Austria,linkedin,"Software Test Automation Engineer – Frontend, 80-100% (f/m/x)",OMICRON electronics,"Klaus, Vorarlberg, Austria",Remote,Full-time,Test Automation,,English,,,Recent,https://at.linkedin.com/jobs/view/software-test-automation-engineer-%E2%80%93-frontend-80-100%25-f-m-x-at-omicron-electronics-4448601414,2026-08-17T10:36:52.469730+00:00
0,Test Automation | Austria,linkedin,Test Automation Engineer (m/f/d),Atos,"Vienna, Vienna, Austria",On-site,Full-time,Test Automation,,English,,,Recent,https://at.linkedin.com/jobs/view/test-automation-engineer-m-f-d-at-atos-4425302065,2026-08-17T10:36:52.470295+00:00
0,Test Automation | Switzerland,linkedin,Test Automation Engineer,W3Global,"Zurich, Zurich, Switzerland",On-site,Full-time,Test Automation,,English,,,Recent,https://ch.linkedin.com/jobs/view/test-automation-engineer-at-w3global-4454387628,2026-08-17T10:36:54.983693+00:00
0,Test Automation | Switzerland,linkedin,Automation Test Engineer 80-100% (m/w/d),Rocken®,"Ostermundigen, Berne, Switzerland",Remote,Full-time,"Ci/Cd, Java, Playwright, Python, Selenium, Test Automation","Testng, Cypress, Devops, Azure, Junit, Jira, Zephyr, R",German,,,Recent,https://ch.linkedin.com/jobs/view/automation-test-engineer-80-100%25-m-w-d-at-rocken%C2%AE-4454219095,2026-08-17T10:36:54.983861+00:00
0,Test Automation | Switzerland,linkedin,Test Engineer,AARK Tech Solutions GmbH,"Zurich, Switzerland",On-site,Full-time,,,English,,,Recent,https://ch.linkedin.com/jobs/view/test-engineer-at-aark-tech-solutions-gmbh-4452701317,2026-08-17T10:36:54.984056+00:00
0,Test Automation | Switzerland,linkedin,Test Automation Engineer / Testingenieur (M/W),Expleo Group,"Bern, Berne, Switzerland",On-site,Full-time,Test Automation,,English,,,Recent,https://ch.linkedin.com/jobs/view/test-automation-engineer-testingenieur-m-w-at-expleo-group-4425699516,2026-08-17T10:36:54.984703+00:00
0,Test Automation | Switzerland,linkedin,Software Development Engineer - Testing,VAT GROUP,"Sennwald, St Gallen, Switzerland",On-site,Full-time,,,English,,,Recent,https://ch.linkedin.com/jobs/view/software-development-engineer-testing-at-vat-group-4445495284,2026-08-17T10:36:54.985055+00:00
0,Test Automation | Slovakia,linkedin,Test Automation Engineer,Avenga,"Bratislava, Bratislava, Slovakia",On-site,Full-time,Test Automation,,English,,,Recent,https://sk.linkedin.com/jobs/view/test-automation-engineer-at-avenga-4331424496,2026-08-17T10:36:59.746361+00:00
0,Test Automation | Poland,linkedin,Test Automation Engineer,Euroclear,"Cracow, Małopolskie, Poland",On-site,Full-time,Test Automation,,English,,,Recent,https://pl.linkedin.com/jobs/view/test-automation-engineer-at-euroclear-4401464092,2026-08-17T10:37:04.548193+00:00
0,Test Automation | Poland,linkedin,Test Automation Engineer,Deloitte,"Szczecin, Zachodniopomorskie, Poland",On-site,Full-time,Test Automation,,English,,,Recent,https://pl.linkedin.com/jobs/view/test-automation-engineer-at-deloitte-4433705503,2026-08-17T10:37:04.548533+00:00
0,Test Automation | Poland,linkedin,Test Automation Engineer,Deloitte,"Gdańsk, Pomorskie, Poland",On-site,Full-time,Test Automation,,English,,,Recent,https://pl.linkedin.com/jobs/view/test-automation-engineer-at-deloitte-4433191963,2026-08-17T10:37:04.548701+00:00
0,Test Automation | Poland,linkedin,Mid Test Automation Engineer (he/she) - Praca zdalna,Astek,"Warsaw, Mazowieckie, Poland",On-site,Full-time,Test Automation,,English,,,Recent,https://pl.linkedin.com/jobs/view/mid-test-automation-engineer-he-she-praca-zdalna-at-astek-4428250987,2026-08-17T10:37:04.548867+00:00
0,Test Automation | Poland,linkedin,Test Automation Engineer (all genders),Lufthansa Systems,Gdansk Metropolitan Area,On-site,Full-time,Test Automation,,English,,,Recent,https://pl.linkedin.com/jobs/view/test-automation-engineer-all-genders-at-lufthansa-systems-4451222090,2026-08-17T10:37:04.549060+00:00
0,Test Automation | Poland,linkedin,Software Developer In Test,Grand Parade,"Cracow, Małopolskie, Poland",On-site,Full-time,,,English,,,Recent,https://pl.linkedin.com/jobs/view/software-developer-in-test-at-grand-parade-4454244589,2026-08-17T10:37:04.549228+00:00
0,Test Automation | Poland,linkedin,QA Automation Engineer,Kramp,"Konin, Wielkopolskie, Poland",On-site,Full-time,,,English,,,Recent,https://pl.linkedin.com/jobs/view/qa-automation-engineer-at-kramp-4414669062,2026-08-17T10:37:04.549391+00:00
0,Test Automation | USA,linkedin,Quality Assurance Automation Engineer,STG,Salt Lake City Metropolitan Area,On-site,Full-time,,,English,,,Recent,https://www.linkedin.com/jobs/view/quality-assurance-automation-engineer-at-stg-4384368563,2026-08-17T10:37:07.039446+00:00
0,Test Automation | USA,linkedin,RPA / Test Automation Engineer,Vertiv,"Westerville, OH",On-site,Full-time,Test Automation,,English,,,Recent,https://www.linkedin.com/jobs/view/rpa-test-automation-engineer-at-vertiv-4427642573,2026-08-17T10:37:07.039803+00:00
0,Test Automation | USA,linkedin,Software Development Engineer in Test (SDET),Celtic Bank,"Salt Lake City, UT",On-site,Full-time,,,English,,,Recent,https://www.linkedin.com/jobs/view/software-development-engineer-in-test-sdet-at-celtic-bank-4444487874,2026-08-17T10:37:07.039963+00:00
0,Test Automation | USA,linkedin,Data Test Engineer,Achieve,"Tempe, AZ",On-site,Full-time,,,English,,,Recent,https://www.linkedin.com/jobs/view/data-test-engineer-at-achieve-4453727859,2026-08-17T10:37:07.040149+00:00
0,Test Automation | USA,linkedin,Sr. Software Engineer in Test,Sony Interactive Entertainment,"San Diego, CA",On-site,Full-time,,,English,,,Recent,https://www.linkedin.com/jobs/view/sr-software-engineer-in-test-at-sony-interactive-entertainment-4429895308,2026-08-17T10:37:07.040309+00:00
0,Test Automation | USA,linkedin,Software Engineer in Test (AI Automation Engineer),Adalta,"Denver, CO",On-site,Full-time,,,English,,,Recent,https://www.linkedin.com/jobs/view/software-engineer-in-test-ai-automation-engineer-at-adalta-4446791173,2026-08-17T10:37:07.040772+00:00
0,Test Automation | USA,linkedin,Software Development Engineer in Test,Definity,"Covington, KY",On-site,Full-time,,,English,,,Recent,https://www.linkedin.com/jobs/view/software-development-engineer-in-test-at-definity-4446210253,2026-08-17T10:37:07.040923+00:00
0,Test Automation | United Kingdom,linkedin,Software Development Engineer in Test,Crowdcube,"Cardiff, Wales, United Kingdom",On-site,Full-time,,,English,,,Recent,https://uk.linkedin.com/jobs/view/software-development-engineer-in-test-at-crowdcube-4451440339,2026-08-17T10:37:09.547848+00:00
0,Test Automation | United Kingdom,linkedin,Software Automation Engineer,Eden Scott,"Glasgow, Scotland, United Kingdom",On-site,Full-time,,,English,,,Recent,https://uk.linkedin.com/jobs/view/software-automation-engineer-at-eden-scott-4440130926,2026-08-17T10:37:09.548325+00:00
0,Test Automation | United Kingdom,linkedin,Test Automation Engineer,Motorola Solutions,"Glasgow, Scotland, United Kingdom",On-site,Full-time,Test Automation,,English,,,Recent,https://uk.linkedin.com/jobs/view/test-automation-engineer-at-motorola-solutions-4417300637,2026-08-17T10:37:09.548828+00:00
0,Test Automation | United Kingdom,linkedin,Software Engineer in Test,Symphony,"Belfast, Northern Ireland, United Kingdom",On-site,Full-time,,,English,,,Recent,https://uk.linkedin.com/jobs/view/software-engineer-in-test-at-symphony-4429539001,2026-08-17T10:37:09.549172+00:00
0,Test Automation | United Kingdom,linkedin,Automation Engineer,The Craneware Group,"Edinburgh, Scotland, United Kingdom",On-site,Full-time,,,English,,,Recent,https://uk.linkedin.com/jobs/view/automation-engineer-at-the-craneware-group-4442834167,2026-08-17T10:37:09.549329+00:00
0,Test Automation | United Kingdom,linkedin,Test Engineer,Murmuration,"Manchester, England, United Kingdom",On-site,Full-time,,,English,,,Recent,https://uk.linkedin.com/jobs/view/test-engineer-at-murmuration-4440479020,2026-08-17T10:37:09.549480+00:00
0,Python Developer | Germany,linkedin,Python Engineer (m/w/d),SOA Experts GmbH,"Hamburg, Germany",On-site,Full-time,Python,,English,,,Recent,https://de.linkedin.com/jobs/view/python-engineer-m-w-d-at-soa-experts-gmbh-4415771641,2026-08-17T10:37:12.016984+00:00
0,Python Developer | Germany,linkedin,Python Developer,Piper Maddox,"Düsseldorf, North Rhine-Westphalia, Germany",On-site,Full-time,Python,,English,,,Recent,https://de.linkedin.com/jobs/view/python-developer-at-piper-maddox-4446742179,2026-08-17T10:37:12.017205+00:00
0,Python Developer | Germany,linkedin,Python Software Engineer (m/w/d),Smart Systems Hub,"Dresden, Saxony, Germany",On-site,Full-time,Python,,English,,,Recent,https://de.linkedin.com/jobs/view/python-software-engineer-m-w-d-at-smart-systems-hub-4442846866,2026-08-17T10:37:12.017377+00:00
0,Python Developer | Germany,linkedin,Backend Engineer (Python) - Innovation Team,ETERNO,"Berlin, Berlin, Germany",On-site,Full-time,Python,,English,,,Recent,https://de.linkedin.com/jobs/view/backend-engineer-python-innovation-team-at-eterno-4445441091,2026-08-17T10:37:12.017536+00:00
0,Python Developer | Germany,linkedin,Python-Entwickler (m/w/d),DResearch Digital Media Systems GmbH,"Berlin, Berlin, Germany",On-site,Full-time,Python,,English,,,Recent,https://de.linkedin.com/jobs/view/python-entwickler-m-w-d-at-dresearch-digital-media-systems-gmbh-4448759326,2026-08-17T10:37:12.017691+00:00
0,Python Developer | Germany,linkedin,PYTHON ENGINEER (STREAMING / PERFORMANCE),Staige,"Essen, North Rhine-Westphalia, Germany",On-site,Full-time,Python,,English,,,Recent,https://de.linkedin.com/jobs/view/python-engineer-streaming-performance-at-staige-4451314566,2026-08-17T10:37:12.017846+00:00
0,Python Developer | Germany,linkedin,Backend Software Engineer,ACC Group AG,"Ulm, Baden-Württemberg, Germany",On-site,Full-time,,,English,,,Recent,https://de.linkedin.com/jobs/view/backend-software-engineer-at-acc-group-ag-4449409532,2026-08-17T10:37:12.018020+00:00
0,Python Developer | Germany,linkedin,Software Engineer / Python,Virtusa,"Munich, Bavaria, Germany",On-site,Full-time,Python,,English,,,Recent,https://de.linkedin.com/jobs/view/software-engineer-python-at-virtusa-4449804111,2026-08-17T10:37:12.018187+00:00
0,Python Developer | Germany,linkedin,Python Developer (m/w/d) - Django - €50k-€70k,Optimus Search,"Pforzheim, Baden-Württemberg, Germany",On-site,Full-time,Python,Django,English,,,Recent,https://de.linkedin.com/jobs/view/python-developer-m-w-d-django-%E2%82%AC50k-%E2%82%AC70k-at-optimus-search-4448084752,2026-08-17T10:37:12.018347+00:00
0,Python Developer | Germany,linkedin,Python Developer,Optimus Search,"Pforzheim, Baden-Württemberg, Germany",On-site,Full-time,Python,,English,,,Recent,https://de.linkedin.com/jobs/view/python-developer-at-optimus-search-4448015991,2026-08-17T10:37:12.018513+00:00
0,Python Developer | Austria,linkedin,"Software Engineer, Python (Asset Pricing & Hedging)",Bitpanda,"Vienna, Austria",On-site,Full-time,Python,,English,,,Recent,https://at.linkedin.com/jobs/view/software-engineer-python-asset-pricing-hedging-at-bitpanda-4443374034,2026-08-17T10:37:14.470075+00:00
0,Python Developer | Austria,linkedin,"Software Engineer, Python (Asset Pricing & Hedging)",Bitpanda LA,"Vienna, Vienna, Austria",On-site,Full-time,Python,,English,,,Recent,https://at.linkedin.com/jobs/view/software-engineer-python-asset-pricing-hedging-at-bitpanda-la-4444657984,2026-08-17T10:37:14.470271+00:00
0,Python Developer | Austria,linkedin,Backend Developer (Phyton/Odoo),Schrankerl,"Vienna, Vienna, Austria",On-site,Full-time,,,English,,,Recent,https://at.linkedin.com/jobs/view/backend-developer-phyton-odoo-at-schrankerl-4442807010,2026-08-17T10:37:14.470436+00:00
0,Python Developer | Austria,linkedin,Full Stack Developer:in (m/w/d),DIS AG,"Vienna, Austria",On-site,Full-time,,,English,,,Recent,https://at.linkedin.com/jobs/view/full-stack-developer-in-m-w-d-at-dis-ag-4444407919,2026-08-17T10:37:14.470603+00:00
0,Python Developer | Austria,linkedin,Software-Engineer (m/w/d),Berger Logistik,"Wörgl, Tyrol, Austria",On-site,Full-time,,,English,,,Recent,https://at.linkedin.com/jobs/view/software-engineer-m-w-d-at-berger-logistik-4448029262,2026-08-17T10:37:14.470765+00:00
0,Python Developer | Austria,linkedin,Python Developer – Generative AI / RAG (m/f/d),Qualysoft,"Vienna, Vienna, Austria",On-site,Full-time,"Generative Ai, Python, Rag",,English,,,Recent,https://at.linkedin.com/jobs/view/python-developer-%E2%80%93-generative-ai-rag-m-f-d-at-qualysoft-4443388550,2026-08-17T10:37:14.471122+00:00
0,Python Developer | Austria,linkedin,Softwareentwickler (m/w/x) - Schwerpunkt: ERP-System (Phython),philoro EDELMETALLE,"Korneuburg, Lower Austria, Austria",On-site,Full-time,,,English,,,Recent,https://at.linkedin.com/jobs/view/softwareentwickler-m-w-x-schwerpunkt-erp-system-phython-at-philoro-edelmetalle-4448024224,2026-08-17T10:37:14.471294+00:00
0,Python Developer | Austria,linkedin,Software Developer/Software Entwickler (m/w/x),philoro EDELMETALLE,"Korneuburg, Lower Austria, Austria",On-site,Full-time,,,English,,,Recent,https://at.linkedin.com/jobs/view/software-developer-software-entwickler-m-w-x-at-philoro-edelmetalle-4440112871,2026-08-17T10:37:14.471609+00:00
0,Python Developer | Switzerland,linkedin,Backend Python Engineer,Coopers Group AG,"Geneva, Switzerland",On-site,Full-time,Python,,English,,,Recent,https://ch.linkedin.com/jobs/view/backend-python-engineer-at-coopers-group-ag-4441813618,2026-08-17T10:37:16.935723+00:00
0,Python Developer | Switzerland,linkedin,Python Software Engineer (Digital Assets),IMC Trading,"Zug, Switzerland",On-site,Full-time,Python,,English,,,Recent,https://ch.linkedin.com/jobs/view/python-software-engineer-digital-assets-at-imc-trading-4443355342,2026-08-17T10:37:16.935911+00:00
0,Python Developer | Switzerland,linkedin,Python Software Engineer - Digital Assets,IMC Trading,"Zug, Zug, Switzerland",On-site,Full-time,Python,,English,,,Recent,https://ch.linkedin.com/jobs/view/python-software-engineer-digital-assets-at-imc-trading-4320553182,2026-08-17T10:37:16.936260+00:00
0,Python Developer | Switzerland,linkedin,Backend Python Engineer (OSI-SIS-TS-2026-128-GRAP),CERN,"Geneva, Geneva, Switzerland",On-site,Full-time,Python,,English,,,Recent,https://ch.linkedin.com/jobs/view/backend-python-engineer-osi-sis-ts-2026-128-grap-at-cern-4447915261,2026-08-17T10:37:16.936430+00:00
0,Python Developer | Switzerland,linkedin,Softwareentwickler Python (Contract),adesso Schweiz AG,"Berne, Switzerland",On-site,Contract,Python,,English,,,Recent,https://ch.linkedin.com/jobs/view/softwareentwickler-python-contract-at-adesso-schweiz-ag-4451645667,2026-08-17T10:37:16.936588+00:00
0,Python Developer | Switzerland,linkedin,Backend Software Engineer,mygrid AG,"Brugg, Aargau, Switzerland",On-site,Full-time,,,English,,,Recent,https://ch.linkedin.com/jobs/view/backend-software-engineer-at-mygrid-ag-4440171447,2026-08-17T10:37:16.936741+00:00
0,Python Developer | Switzerland,linkedin,Software Engineer Integration,CDDS,"Zurich, Zurich, Switzerland",On-site,Full-time,,,English,,,Recent,https://ch.linkedin.com/jobs/view/software-engineer-integration-at-cdds-4449649550,2026-08-17T10:37:16.936899+00:00
0,Python Developer | Switzerland,linkedin,Backend Engineer,Techify,"Lugano, Ticino, Switzerland",On-site,Full-time,,,English,,,Recent,https://ch.linkedin.com/jobs/view/backend-engineer-at-techify-4443536266,2026-08-17T10:37:16.937080+00:00
0,Python Developer | Switzerland,linkedin,Backend Engineer,Sartiq,"Lugano, Ticino, Switzerland",On-site,Full-time,,,English,,,Recent,https://ch.linkedin.com/jobs/view/backend-engineer-at-sartiq-4441841818,2026-08-17T10:37:16.937233+00:00
0,Python Developer | Slovakia,linkedin,Python Software Engineer (m/f/n),ESET,"Bratislava, Bratislava, Slovakia",On-site,Full-time,Python,,English,,,Recent,https://sk.linkedin.com/jobs/view/python-software-engineer-m-f-n-at-eset-4414037159,2026-08-17T10:37:21.731412+00:00
0,Python Developer | Slovakia,linkedin,Software Engineer - Python (m/f/n),ESET,"Bratislava, Bratislava, Slovakia",On-site,Full-time,Python,,English,,,Recent,https://sk.linkedin.com/jobs/view/software-engineer-python-m-f-n-at-eset-4441074077,2026-08-17T10:37:21.731609+00:00
0,Python Developer | Slovakia,linkedin,Software Developer,Frequentis,"Bratislava, Bratislava, Slovakia",On-site,Full-time,,,English,,,Recent,https://sk.linkedin.com/jobs/view/software-developer-at-frequentis-4450333957,2026-08-17T10:37:21.731781+00:00
0,Python Developer | Slovakia,linkedin,API Developer,Zurich Insurance,"Bratislava, Bratislava, Slovakia",On-site,Full-time,,,English,,,Recent,https://sk.linkedin.com/jobs/view/api-developer-at-zurich-insurance-4427284619,2026-08-17T10:37:21.731944+00:00
0,Python Developer | Slovakia,linkedin,Python Engineer ID70123,AgileEngine,"Bratislava, Bratislava, Slovakia",On-site,Full-time,Python,,English,,,Recent,https://sk.linkedin.com/jobs/view/python-engineer-id70123-at-agileengine-4449753469,2026-08-17T10:37:21.732135+00:00
0,Python Developer | Slovakia,linkedin,Full-Stack Developer (Python and JavaScript/Typescript) (m/f),PwC Slovakia,"Bratislava, Bratislava, Slovakia",On-site,Full-time,"Javascript, Python, Typescript",,English,,,Recent,https://sk.linkedin.com/jobs/view/full-stack-developer-python-and-javascript-typescript-m-f-at-pwc-slovakia-4446424409,2026-08-17T10:37:21.732299+00:00
0,Python Developer | Slovakia,linkedin,Software Engineer,Cisco,"Bratislava, Bratislava, Slovakia",On-site,Full-time,,,English,,,Recent,https://sk.linkedin.com/jobs/view/software-engineer-at-cisco-4454046689,2026-08-17T10:37:21.732467+00:00
0,Python Developer | Slovakia,linkedin,GenAI Engineer,Capco,"Košice, Kosice, Slovakia",On-site,Full-time,,,English,,,Recent,https://sk.linkedin.com/jobs/view/genai-engineer-at-capco-4232921932,2026-08-17T10:37:21.732625+00:00
0,Python Developer | Slovakia,linkedin,Integration Developer/ka,Slovenská sporiteľňa,"Bratislava, Slovakia",On-site,Full-time,,,English,,,Recent,https://sk.linkedin.com/jobs/view/integration-developer-ka-at-slovensk%C3%A1-sporite%C4%BE%C5%88a-4446585917,2026-08-17T10:37:21.732794+00:00
0,Python Developer | Slovakia,linkedin,Full-stack / Back-end Developer for Data and Interactive Technologies,Metropolitan Institute of Bratislava,"Bratislava, Bratislava, Slovakia",On-site,Full-time,,,English,,,Recent,https://sk.linkedin.com/jobs/view/full-stack-back-end-developer-for-data-and-interactive-technologies-at-metropolitan-institute-of-bratislava-4448426306,2026-08-17T10:37:21.733024+00:00
0,Python Developer | Czech Republic,linkedin,Full Stack Developer (Python),Perform,"Santo Domingo, Distrito Nacional, Dominican Republic",On-site,Full-time,Python,,English,,,Recent,https://do.linkedin.com/jobs/view/full-stack-developer-python-at-perform-4415707267,2026-08-17T10:37:24.148501+00:00
0,Python Developer | Czech Republic,linkedin,Ingeniero Python Backend / Investigación y Desarrollo - Trabajo Remoto,BairesDev,"Santo Domingo, Dominican Republic",On-site,Full-time,Python,,English,,,Recent,https://do.linkedin.com/jobs/view/ingeniero-python-backend-investigaci%C3%B3n-y-desarrollo-trabajo-remoto-at-bairesdev-4451183855,2026-08-17T10:37:24.148687+00:00
0,Python Developer | Czech Republic,linkedin,Full Stack Developer,Flatiron Software,Dominican Republic,On-site,Full-time,,,English,,,Recent,https://do.linkedin.com/jobs/view/full-stack-developer-at-flatiron-software-4453105196,2026-08-17T10:37:24.148860+00:00
0,Python Developer | Czech Republic,linkedin,Machine Learning Engineer (Python) - Remote Work,BairesDev,Dominican Republic,Remote,Full-time,Python,Machine Learning,English,,,Recent,https://do.linkedin.com/jobs/view/machine-learning-engineer-python-remote-work-at-bairesdev-4452725673,2026-08-17T10:37:24.149208+00:00
0,Python Developer | Czech Republic,linkedin,Data Engineer,Perform,"Santo Domingo, Distrito Nacional, Dominican Republic",On-site,Full-time,,,English,,,Recent,https://do.linkedin.com/jobs/view/data-engineer-at-perform-4415690682,2026-08-17T10:37:24.149372+00:00
0,Python Developer | Czech Republic,linkedin,Data Engineer,Origami Risk,"Santo Domingo, Distrito Nacional, Dominican Republic",On-site,Full-time,,,English,,,Recent,https://do.linkedin.com/jobs/view/data-engineer-at-origami-risk-4454806454,2026-08-17T10:37:24.149534+00:00
0,Python Developer | Czech Republic,linkedin,算法开发工程师,特变电工国际工程有限公司,"アト・マジョール州, Hato Mayor, Dominican Republic",On-site,Full-time,,,English,,,Recent,https://do.linkedin.com/jobs/view/%E7%AE%97%E6%B3%95%E5%BC%80%E5%8F%91%E5%B7%A5%E7%A8%8B%E5%B8%88-at-%E7%89%B9%E5%8F%98%E7%94%B5%E5%B7%A5%E5%9B%BD%E9%99%85%E5%B7%A5%E7%A8%8B%E6%9C%89%E9%99%90%E5%85%AC%E5%8F%B8-4444315842,2026-08-17T10:37:24.149695+00:00
0,Python Developer | Czech Republic,linkedin,算法开发工程师,"TBEA Xi'an Electric Technology Co., Ltd.","アト・マジョール州, Hato Mayor, Dominican Republic",On-site,Full-time,,,English,,,Recent,https://do.linkedin.com/jobs/view/%E7%AE%97%E6%B3%95%E5%BC%80%E5%8F%91%E5%B7%A5%E7%A8%8B%E5%B8%88-at-tbea-xi-an-electric-technology-co-ltd-4444302828,2026-08-17T10:37:24.149863+00:00
0,Python Developer | Czech Republic,linkedin,Ingeniero de Datos,Stefanini LATAM,Dominican Republic,On-site,Full-time,,,English,,,Recent,https://do.linkedin.com/jobs/view/ingeniero-de-datos-at-stefanini-latam-4448266405,2026-08-17T10:37:24.150042+00:00
0,Python Developer | Poland,linkedin,Python Developer,EPAM Systems,Cracow Metropolitan Area,On-site,Full-time,Python,,English,,,Recent,https://pl.linkedin.com/jobs/view/python-developer-at-epam-systems-4450176206,2026-08-17T10:37:26.657259+00:00
0,Python Developer | Poland,linkedin,Python Developer (f/m/x),Sii Poland,"Warsaw, Mazowieckie, Poland",On-site,Full-time,Python,,English,,,Recent,https://pl.linkedin.com/jobs/view/python-developer-f-m-x-at-sii-poland-4443601016,2026-08-17T10:37:26.657428+00:00
0,Python Developer | Poland,linkedin,Python Developer,ALGOTEQUE Innovation Hub,"Warsaw, Mazowieckie, Poland",On-site,Full-time,Python,,English,,,Recent,https://pl.linkedin.com/jobs/view/python-developer-at-algoteque-innovation-hub-4453689654,2026-08-17T10:37:26.657589+00:00
0,Python Developer | Poland,linkedin,"Python Engineer, Data Platform",Balyasny Asset Management L.P.,"Warsaw, Mazowieckie, Poland",On-site,Full-time,Python,,English,,,Recent,https://pl.linkedin.com/jobs/view/python-engineer-data-platform-at-balyasny-asset-management-l-p-4431598689,2026-08-17T10:37:26.657751+00:00
0,Python Developer | Poland,linkedin,Python Developer (W/M),MTU Aero Engines,"Rzeszów, Podkarpackie, Poland",On-site,Full-time,Python,,English,,,Recent,https://pl.linkedin.com/jobs/view/python-developer-w-m-at-mtu-aero-engines-4443933996,2026-08-17T10:37:26.657911+00:00
0,Python Developer | Poland,linkedin,Python Developer,Us3 Consulting,"Wrocław, Dolnośląskie, Poland",On-site,Full-time,Python,,English,,,Recent,https://pl.linkedin.com/jobs/view/python-developer-at-us3-consulting-4451511485,2026-08-17T10:37:26.658099+00:00
0,Python Developer | Poland,linkedin,Python Engineer,Persistent Systems,"Cracow, Małopolskie, Poland",On-site,Full-time,Python,,English,,,Recent,https://pl.linkedin.com/jobs/view/python-engineer-at-persistent-systems-4451208141,2026-08-17T10:37:26.658264+00:00
0,Python Developer | Poland,linkedin,Python Developer,Qualient Technology Solutions UK Limited,"Cracow, Małopolskie, Poland",On-site,Full-time,Python,,English,,,Recent,https://pl.linkedin.com/jobs/view/python-developer-at-qualient-technology-solutions-uk-limited-4453559016,2026-08-17T10:37:26.658426+00:00
0,Python Developer | Poland,linkedin,Python Fullstack Developer,ALGOTEQUE Innovation Hub,"Cracow, Małopolskie, Poland",On-site,Full-time,Python,,English,,,Recent,https://pl.linkedin.com/jobs/view/python-fullstack-developer%C2%A0-at-algoteque-innovation-hub-4453164075,2026-08-17T10:37:26.658590+00:00
0,Python Developer | USA,linkedin,Python Developer,Open Systems Technologies,"New York, NY",On-site,Full-time,Python,,English,,,Recent,https://www.linkedin.com/jobs/view/python-developer-at-open-systems-technologies-3952273769,2026-08-17T10:37:29.149321+00:00
0,Python Developer | USA,linkedin,Python Engineer,Allspring Global Investments,"Milwaukee, WI",On-site,Full-time,Python,,English,,,Recent,https://www.linkedin.com/jobs/view/python-engineer-at-allspring-global-investments-4442163127,2026-08-17T10:37:29.149513+00:00
0,Python Developer | USA,linkedin,Software Development Engineer – Python,Cyient,"Peoria, IL",On-site,Full-time,Python,,English,,,Recent,https://www.linkedin.com/jobs/view/software-development-engineer-%E2%80%93-python-at-cyient-4442886343,2026-08-17T10:37:29.149678+00:00
0,Python Developer | USA,linkedin,Python Developer,Leidos,"Columbus, OH",On-site,Full-time,Python,,English,,,Recent,https://www.linkedin.com/jobs/view/python-developer-at-leidos-4441089217,2026-08-17T10:37:29.149854+00:00
0,Python Developer | USA,linkedin,Python Developer,Leidos,"San Antonio, TX",On-site,Full-time,Python,,English,,,Recent,https://www.linkedin.com/jobs/view/python-developer-at-leidos-4441090127,2026-08-17T10:37:29.150037+00:00
0,Python Developer | USA,linkedin,Python Developer,Matlen Silver,"Jersey City, NJ",On-site,Full-time,Python,,English,,,Recent,https://www.linkedin.com/jobs/view/python-developer-at-matlen-silver-4447543489,2026-08-17T10:37:29.150206+00:00
0,Python Developer | USA,linkedin,Python Developer,Marlabs,"Plano, TX",On-site,Full-time,Python,,English,,,Recent,https://www.linkedin.com/jobs/view/python-developer-at-marlabs-4446757906,2026-08-17T10:37:29.150364+00:00
0,Python Developer | USA,linkedin,Python AWS Developer,CGI,"Lafayette, LA",On-site,Full-time,Python,Aws,English,,,Recent,https://www.linkedin.com/jobs/view/python-aws-developer-at-cgi-4441416495,2026-08-17T10:37:29.150525+00:00
0,Python Developer | USA,linkedin,Python Developer,Proven Recruiting,"San Diego, CA",On-site,Full-time,Python,,English,,,Recent,https://www.linkedin.com/jobs/view/python-developer-at-proven-recruiting-4454813646,2026-08-17T10:37:29.150683+00:00
0,Python Developer | USA,linkedin,Software Engineer,AllianceBernstein,"Nashville, TN",On-site,Full-time,,,English,,,Recent,https://www.linkedin.com/jobs/view/software-engineer-at-alliancebernstein-4454359420,2026-08-17T10:37:29.150834+00:00
0,Python Developer | United Kingdom,linkedin,Software Developer,iO Associates,"Nottingham, England, United Kingdom",On-site,Full-time,,,English,,,Recent,https://uk.linkedin.com/jobs/view/software-developer-at-io-associates-4455267073,2026-08-17T10:37:31.480191+00:00
0,Python Developer | United Kingdom,linkedin,Software Engineer,Experis UK,"Newcastle Upon Tyne, England, United Kingdom",On-site,Full-time,,,English,,,Recent,https://uk.linkedin.com/jobs/view/software-engineer-at-experis-uk-4415773612,2026-08-17T10:37:31.480384+00:00
0,Python Developer | United Kingdom,linkedin,Software Developer - Python,Jackson Hogg,"Newcastle Upon Tyne, England, United Kingdom",On-site,Full-time,Python,,English,,,Recent,https://uk.linkedin.com/jobs/view/software-developer-python-at-jackson-hogg-4442026753,2026-08-17T10:37:31.480552+00:00
0,Python Developer | United Kingdom,linkedin,Python Developer,Tata Consultancy Services,"Ipswich, England, United Kingdom",On-site,Full-time,Python,,English,,,Recent,https://uk.linkedin.com/jobs/view/python-developer-at-tata-consultancy-services-4439416761,2026-08-17T10:37:31.480715+00:00
0,Python Developer | United Kingdom,linkedin,Python Developer,Citi,"Belfast, Northern Ireland, United Kingdom",On-site,Full-time,Python,,English,,,Recent,https://uk.linkedin.com/jobs/view/python-developer-at-citi-4445484890,2026-08-17T10:37:31.480876+00:00
0,Python Developer | United Kingdom,linkedin,Python Developers,CGI,"London, England, United Kingdom",On-site,Full-time,Python,,English,,,Recent,https://uk.linkedin.com/jobs/view/python-developers-at-cgi-4431568150,2026-08-17T10:37:31.481079+00:00
0,Python Developer | United Kingdom,linkedin,Software Development Specialist,Vodafone,"Newbury, England, United Kingdom",On-site,Full-time,,,English,,,Recent,https://uk.linkedin.com/jobs/view/software-development-specialist-at-vodafone-4441528436,2026-08-17T10:37:31.481252+00:00
0,Python Developer | United Kingdom,linkedin,Python Software Engineer,Experis UK,"Reading, England, United Kingdom",On-site,Full-time,Python,,English,,,Recent,https://uk.linkedin.com/jobs/view/python-software-engineer-at-experis-uk-4450326957,2026-08-17T10:37:31.481411+00:00
0,Python Developer | United Kingdom,linkedin,Software Engineer,Engelhart,"London, England, United Kingdom",On-site,Full-time,,,English,,,Recent,https://uk.linkedin.com/jobs/view/software-engineer-at-engelhart-4445954337,2026-08-17T10:37:31.481571+00:00
0,Python Developer | United Kingdom,linkedin,Python Developer,TRIA,"Birmingham, England, United Kingdom",On-site,Full-time,Python,,English,,,Recent,https://uk.linkedin.com/jobs/view/python-developer-at-tria-4442864607,2026-08-17T10:37:31.481727+00:00
0,Python Test | Germany,linkedin,Embedded Python Tester (all gender),ALTEN Germany,"Stuttgart, Baden-Württemberg, Germany",On-site,Full-time,Python,,English,,,Recent,https://de.linkedin.com/jobs/view/embedded-python-tester-all-gender-at-alten-germany-4420728399,2026-08-17T10:37:33.939633+00:00
0,Python Test | Germany,linkedin,Softwaretester (all gender),ALTEN,"Erlangen, Bavaria, Germany",On-site,Full-time,,,English,,,Recent,https://de.linkedin.com/jobs/view/softwaretester-all-gender-at-alten-4445876651,2026-08-17T10:37:33.939835+00:00
0,Python Test | Germany,linkedin,Software Test Engineer (all gender) | Python | PyTest | Jira/Xray | Linux | DO-178C | System Testing 100,ALTEN Germany,"Berlin, Germany",On-site,Full-time,"Pytest, Python, System Testing","Linux, Jira",English,,,Recent,https://de.linkedin.com/jobs/view/software-test-engineer-all-gender-python-pytest-jira-xray-linux-do-178c-system-testing-100-at-alten-germany-4438068897,2026-08-17T10:37:33.940028+00:00
0,Python Test | Germany,linkedin,Software-Tester,T&S (Technology & Strategy),"Erlangen, Bavaria, Germany",On-site,Full-time,,,English,,,Recent,https://de.linkedin.com/jobs/view/software-tester-at-t-s-technology-strategy-4448895771,2026-08-17T10:37:33.940210+00:00
0,Python Test | Germany,linkedin,"Test Engineer Communication Systems (Python, Pytest, Linux Networks)",T&S (Technology & Strategy),"Berlin, Germany",On-site,Full-time,"Pytest, Python",Linux,English,,,Recent,https://de.linkedin.com/jobs/view/test-engineer-communication-systems-python-pytest-linux-networks-at-t-s-technology-strategy-4451520307,2026-08-17T10:37:33.940862+00:00
0,Python Test | Germany,linkedin,Software Engineer,TEKsystems,"Nuremberg, Bavaria, Germany",On-site,Full-time,,,English,,,Recent,https://de.linkedin.com/jobs/view/software-engineer-at-teksystems-4447282829,2026-08-17T10:37:33.941199+00:00
0,Python Test | Austria,linkedin,Software Engineer (m/w/d),Flex,"Althofen, Carinthia, Austria",On-site,Full-time,,,English,,,Recent,https://at.linkedin.com/jobs/view/software-engineer-m-w-d-at-flex-4453704815,2026-08-17T10:37:36.361982+00:00
0,Python Test | Austria,linkedin,Quantitative Engineer,"Massar Capital Management, LP","Vienna, Vienna, Austria",On-site,Full-time,,,English,,,Recent,https://at.linkedin.com/jobs/view/quantitative-engineer-at-massar-capital-management-lp-4442005369,2026-08-17T10:37:36.362319+00:00
0,Python Test | Austria,linkedin,Test Automation Engineer (all genders) [Graz],adesso Austria GmbH,"Graz, Styria, Austria",On-site,Full-time,Test Automation,,English,,,Recent,https://at.linkedin.com/jobs/view/test-automation-engineer-all-genders-graz-at-adesso-austria-gmbh-4370389678,2026-08-17T10:37:36.362564+00:00
0,Python Test | Austria,linkedin,AI Developer – Requirements & Service Integration (f/m/x),Anton Paar,"Graz, Styria, Austria",On-site,Full-time,,,English,,,Recent,https://at.linkedin.com/jobs/view/ai-developer-%E2%80%93-requirements-service-integration-f-m-x-at-anton-paar-4440758669,2026-08-17T10:37:36.363398+00:00
0,Python Test | Switzerland,linkedin,ML Ops Engineer,Harmattan AI,"Lausanne, Vaud, Switzerland",On-site,Full-time,,,English,,,Recent,https://ch.linkedin.com/jobs/view/ml-ops-engineer-at-harmattan-ai-4449645611,2026-08-17T10:37:38.781756+00:00
0,Python Test | Switzerland,linkedin,Software Test Engineer (Verification and Validation),Solenix,"Basel, Basel, Switzerland",On-site,Full-time,,,English,,,Recent,https://ch.linkedin.com/jobs/view/software-test-engineer-verification-and-validation-at-solenix-4443870125,2026-08-17T10:37:38.781908+00:00
0,Python Test | Switzerland,linkedin,Software Development Engineer - Testing,VAT GROUP,"St Gallen, St Gallen, Switzerland",On-site,Full-time,,,English,,,Recent,https://ch.linkedin.com/jobs/view/software-development-engineer-testing-at-vat-group-4445943809,2026-08-17T10:37:38.782099+00:00
0,Python Test | Slovakia,linkedin,Game Mathematician/Developer,3 Oaks Gaming,"Bratislava, Bratislava, Slovakia",On-site,Full-time,,,English,,,Recent,https://sk.linkedin.com/jobs/view/game-mathematician-developer-at-3-oaks-gaming-4450232971,2026-08-17T10:37:43.584138+00:00
0,Python Test | Slovakia,linkedin,QA Automation & Data Analyst (m/f/n),ESET,"Bratislava, Bratislava, Slovakia",On-site,Full-time,,,English,,,Recent,https://sk.linkedin.com/jobs/view/qa-automation-data-analyst-m-f-n-at-eset-4442808030,2026-08-17T10:37:43.584679+00:00
0,Python Test | Slovakia,linkedin,Data Engineer (43384),CoolPeople Technology,"Bratislava, Bratislava, Slovakia",On-site,Full-time,,,English,,,Recent,https://sk.linkedin.com/jobs/view/data-engineer-43384-at-coolpeople-technology-4446317204,2026-08-17T10:37:43.585182+00:00
0,Python Test | Slovakia,linkedin,Analytics Engineer,Swiss Re,"Bratislava, Bratislava, Slovakia",On-site,Full-time,,,English,,,Recent,https://sk.linkedin.com/jobs/view/analytics-engineer-at-swiss-re-4439836736,2026-08-17T10:37:43.585666+00:00
0,Python Test | Poland,linkedin,Middle Python Automation Test Engineer IRC297834,GlobalLogic,"Szczecin, Zachodniopomorskie, Poland",On-site,Full-time,Python,,English,,,Recent,https://pl.linkedin.com/jobs/view/middle-python-automation-test-engineer-irc297834-at-globallogic-4434330217,2026-08-17T10:37:48.307697+00:00
0,Python Test | Poland,linkedin,Data Specialist,Ubique Systems,"Warsaw, Mazowieckie, Poland",On-site,Full-time,,,English,,,Recent,https://pl.linkedin.com/jobs/view/data-specialist-at-ubique-systems-4437246658,2026-08-17T10:37:48.307904+00:00
0,Python Test | Poland,linkedin,Python Automation Tester (f/m/x),Sii Poland,"Katowice, Śląskie, Poland",On-site,Full-time,Python,,English,,,Recent,https://pl.linkedin.com/jobs/view/python-automation-tester-f-m-x-at-sii-poland-4440195172,2026-08-17T10:37:48.308099+00:00
0,Python Test | Poland,linkedin,Validation Engineer with Python in AI area (f/m/x),Sii Poland,"Gdańsk, Pomorskie, Poland",On-site,Full-time,Python,,English,,,Recent,https://pl.linkedin.com/jobs/view/validation-engineer-with-python-in-ai-area-f-m-x-at-sii-poland-4443678903,2026-08-17T10:37:48.308275+00:00
0,Python Test | Poland,linkedin,Test Developer,HCLTech,Gdansk Metropolitan Area,On-site,Full-time,,,English,,,Recent,https://pl.linkedin.com/jobs/view/test-developer-at-hcltech-4431832241,2026-08-17T10:37:48.308448+00:00
0,Python Test | Poland,linkedin,QA Automation with Python,Luxoft,Poland,On-site,Full-time,Python,,English,,,Recent,https://pl.linkedin.com/jobs/view/qa-automation-with-python-at-luxoft-4446215315,2026-08-17T10:37:48.308606+00:00
0,Python Test | Poland,linkedin,Test Automation Engineer (Python + Robot Framework) - praca zdalna,smartware sp. z o.o.,"Wrocław, Dolnośląskie, Poland",On-site,Full-time,"Python, Robot Framework, Test Automation",,English,,,Recent,https://pl.linkedin.com/jobs/view/test-automation-engineer-python-%2B-robot-framework-praca-zdalna-at-smartware-sp-z-o-o-4452487988,2026-08-17T10:37:48.308760+00:00
0,Python Test | Poland,linkedin,QA Automation with Python,Luxoft Poland,Poland,On-site,Full-time,Python,,English,,,Recent,https://pl.linkedin.com/jobs/view/qa-automation-with-python-at-luxoft-poland-4443328544,2026-08-17T10:37:48.309293+00:00
0,Python Test | USA,linkedin,Python Developer,Acro Service Corp,"Louisville, KY",On-site,Full-time,Python,,English,,,Recent,https://www.linkedin.com/jobs/view/python-developer-at-acro-service-corp-4450647290,2026-08-17T10:37:50.806326+00:00
0,Python Test | USA,linkedin,Software Design Engineer,Molex,"Conway, AR",On-site,Full-time,,,English,,,Recent,https://www.linkedin.com/jobs/view/software-design-engineer-at-molex-4417682592,2026-08-17T10:37:50.806521+00:00
0,Python Test | USA,linkedin,"Software Engineer, Automation",NRG Energy,"Lehi, UT",On-site,Full-time,,,English,,,Recent,https://www.linkedin.com/jobs/view/software-engineer-automation-at-nrg-energy-4435698592,2026-08-17T10:37:50.806687+00:00
0,Python Test | USA,linkedin,"Software Engineer, Automation",Vivint,"Lehi, UT",On-site,Full-time,,,English,,,Recent,https://www.linkedin.com/jobs/view/software-engineer-automation-at-vivint-4435921001,2026-08-17T10:37:50.806850+00:00
0,Python Test | USA,linkedin,Automation Engineer,MANTECH,"San Antonio, TX",On-site,Full-time,,,English,,,Recent,https://www.linkedin.com/jobs/view/automation-engineer-at-mantech-4429402572,2026-08-17T10:37:50.807029+00:00
0,Python Test | USA,linkedin,Test Automation with Python+GenAI,Saransh Inc,"Phoenix, AZ",On-site,Full-time,"Python, Test Automation",,English,,,Recent,https://www.linkedin.com/jobs/view/test-automation-with-python%2Bgenai-at-saransh-inc-4450719207,2026-08-17T10:37:50.807359+00:00
0,Python Test | USA,linkedin,"Software Engineer II, Automation",NRG Energy,"Lehi, UT",On-site,Contract,"Can, Ci/Cd, Embedded Systems, Firmware, Hil, Prompt Engineering, Python, Test Automation, Uart","Gitlab, Git, Docker, Linux",English,,,Recent,https://www.linkedin.com/jobs/view/software-engineer-ii-automation-at-nrg-energy-4435901570,2026-08-17T10:37:50.807519+00:00
0,Python Test | USA,linkedin,Software Engineer (Python),AnySignal,"Los Angeles, CA",On-site,Full-time,Python,,English,,,Recent,https://www.linkedin.com/jobs/view/software-engineer-python-at-anysignal-4447082802,2026-08-17T10:37:50.807674+00:00
0,Python Test | USA,linkedin,"Software Engineer, NPI",Fluidstack,"Austin, TX",On-site,Full-time,,,English,,,Recent,https://www.linkedin.com/jobs/view/software-engineer-npi-at-fluidstack-4441370887,2026-08-17T10:37:50.807840+00:00
0,Python Test | United Kingdom,linkedin,Python Developer,Thermoteknix,"Waterbeach, England, United Kingdom",On-site,Full-time,Python,,English,,,Recent,https://uk.linkedin.com/jobs/view/python-developer-at-thermoteknix-4446633947,2026-08-17T10:37:53.378174+00:00
0,Python Test | United Kingdom,linkedin,System Test Engineer,Dexory,"Oxfordshire, England, United Kingdom",On-site,Full-time,,,English,,,Recent,https://uk.linkedin.com/jobs/view/system-test-engineer-at-dexory-4393589214,2026-08-17T10:37:53.378527+00:00
0,Python Test | United Kingdom,linkedin,Data Processing Developer,Akkodis,"Harwell, England, United Kingdom",On-site,Full-time,,,English,,,Recent,https://uk.linkedin.com/jobs/view/data-processing-developer-at-akkodis-4440467648,2026-08-17T10:37:53.378692+00:00
0,Python Test | United Kingdom,linkedin,Software Engineer III - Python/Test Automation,JPMorganChase,"Glasgow, Scotland, United Kingdom",On-site,Full-time,"Python, Test Automation",,English,,,Recent,https://uk.linkedin.com/jobs/view/software-engineer-iii-python-test-automation-at-jpmorganchase-4449694896,2026-08-17T10:37:53.378849+00:00
0,Python Test | United Kingdom,linkedin,"Software Engineer in Test, Python",Roku,"Cambridge, England, United Kingdom",On-site,Full-time,Python,,English,,,Recent,https://uk.linkedin.com/jobs/view/software-engineer-in-test-python-at-roku-4446596204,2026-08-17T10:37:53.379029+00:00
0,Python Test | United Kingdom,linkedin,SDET Engineer,Tata Consultancy Services,"Manchester Area, United Kingdom",On-site,Full-time,,,English,,,Recent,https://uk.linkedin.com/jobs/view/sdet-engineer-at-tata-consultancy-services-4448291203,2026-08-17T10:37:53.379623+00:00
0,Firmware Engineer | Germany,linkedin,Embedded Software Engineer - Berlin,Better Devices,"Berlin, Germany",On-site,Full-time,,,English,,,Recent,https://de.linkedin.com/jobs/view/embedded-software-engineer-berlin-at-better-devices-4445894904,2026-08-17T10:37:55.842774+00:00
0,Firmware Engineer | Germany,linkedin,Embedded Firmware Developer (Agri-Tech / Sensor Systems) (m/f/d),stenon,"Potsdam, Brandenburg, Germany",On-site,Full-time,Firmware,,English,,,Recent,https://de.linkedin.com/jobs/view/embedded-firmware-developer-agri-tech-sensor-systems-m-f-d-at-stenon-4449329333,2026-08-17T10:37:55.842963+00:00
0,Firmware Engineer | Germany,linkedin,Embedded Soft-& Hardware Engineer(m/w/d)*,Scalian Germany AG,"Berlin, Berlin, Germany",On-site,Full-time,,,English,,,Recent,https://de.linkedin.com/jobs/view/embedded-soft-hardware-engineer-m-w-d-at-scalian-germany-ag-4451657607,2026-08-17T10:37:55.843155+00:00
0,Firmware Engineer | Germany,linkedin,Embedded Soft-& Hardware Engineer(m/w/d)*,Scalian Germany AG,"Hamburg, Hamburg, Germany",On-site,Full-time,,,English,,,Recent,https://de.linkedin.com/jobs/view/embedded-soft-hardware-engineer-m-w-d-at-scalian-germany-ag-4451673405,2026-08-17T10:37:55.843321+00:00
0,Firmware Engineer | Germany,linkedin,Firmware Developer (m/w/d),dormakaba,"Bonn, North Rhine-Westphalia, Germany",On-site,Internship,"C, C++, Embedded Linux, Firmware, Jenkins, Rust","Agile, Git, Scrum, Linux, Zephyr, R",German,,,Recent,https://de.linkedin.com/jobs/view/firmware-developer-m-w-d-at-dormakaba-4416301543,2026-08-17T10:37:55.843642+00:00
0,Firmware Engineer | Germany,linkedin,Firmware Engineer PCIe/NVMe Storage Controllers (m/f/d),Swissbit AG,Greater Dresden Area,Remote,Internship,"Arm, C, Firmware, Rtos","Git, R, Risc-V",German,,,Recent,https://de.linkedin.com/jobs/view/firmware-engineer-pcie-nvme-storage-controllers-m-f-d-at-swissbit-ag-4418371018,2026-08-17T10:37:55.843799+00:00
0,Firmware Engineer | Germany,linkedin,Embedded Software Engineer (m/f/d),Alpitronic,"Nuremberg, Bavaria, Germany",Remote,Contract,"C, Can, Embedded Systems, Firmware, I2C, Microcontroller, Spi, Uart","Vhdl, Verilog, R, Fpga",English,,,Recent,https://de.linkedin.com/jobs/view/embedded-software-engineer-m-f-d-at-alpitronic-4385741400,2026-08-17T10:37:55.843952+00:00
0,Firmware Engineer | Germany,linkedin,Embedded Software Engineer (IoT & Computer Vision) (m/w/d),Vusion,"Ettenheim, Baden-Württemberg, Germany",On-site,Contract,"C, C++, Embedded Linux, Firmware, Microcontroller, Rtos, Spi, Uart","Safe, Linux, Computer Vision",English,,,Recent,https://de.linkedin.com/jobs/view/embedded-software-engineer-iot-computer-vision-m-w-d-at-vusion-4436074468,2026-08-17T10:37:55.844138+00:00
0,Firmware Engineer | Germany,linkedin,Firmware Entwickler (m/w/d),Progressive,"Ravensburg, Baden-Württemberg, Germany",Hybrid,Contract,"C, Firmware, Microcontroller, Python","Stm32, Postgresql, R",German,,,Recent,https://de.linkedin.com/jobs/view/firmware-entwickler-m-w-d-at-progressive-4433332714,2026-08-17T10:37:55.844309+00:00
0,Firmware Engineer | Austria,linkedin,Embedded Firmware Developer (C) - Smart Pocket / Mobile Robotics (M/W/D)*,TGW Logistics,"Wels, Upper Austria, Austria",Remote,Full-time,"C, Can, Firmware, Microcontroller, Spi, Uart",R,German,,,Recent,https://at.linkedin.com/jobs/view/embedded-firmware-developer-c-smart-pocket-mobile-robotics-m-w-d-at-tgw-logistics-4416829497,2026-08-17T10:37:58.305435+00:00
0,Firmware Engineer | Austria,linkedin,Embedded Software Engineer,ENPULSION,"Vienna, Vienna, Austria",Remote,Contract,"C, C++, Can, Ci/Cd, Python, Rtos","Git, Devops",English,,,Recent,https://at.linkedin.com/jobs/view/embedded-software-engineer-at-enpulsion-4432741715,2026-08-17T10:37:58.305678+00:00
0,Firmware Engineer | Austria,linkedin,Embedded Firmware Developer (C) - Smart Pocket / Mobile Robotics (M/F/D)*,TGW Logistics,"Wels, Upper Austria, Austria",Remote,Full-time,"C, Can, Firmware, Microcontroller, Spi, Uart",Agile,English,,,Recent,https://at.linkedin.com/jobs/view/embedded-firmware-developer-c-smart-pocket-mobile-robotics-m-f-d-at-tgw-logistics-4416891469,2026-08-17T10:37:58.305839+00:00
0,Firmware Engineer | Austria,linkedin,Embedded Linux Engineer (m/w/d),MED-EL,"Innsbruck, Tyrol, Austria",On-site,Internship,"C, C++, Ci/Cd, Embedded Linux, I2C, Rust, Spi, Uart","Git, Linux, Associate, R",German,,,Recent,https://at.linkedin.com/jobs/view/embedded-linux-engineer-m-w-d-at-med-el-4443305635,2026-08-17T10:37:58.306020+00:00
0,Firmware Engineer | Austria,linkedin,Embedded Software Developer (m/w/d),Fronius Österreich,"Thalheim bei Wels, Upper Austria, Austria",Remote,Full-time,"C, C++, Ci/Cd, Hil, Rtos","Vhdl, Zephyr, R",German,,,Recent,https://at.linkedin.com/jobs/view/embedded-software-developer-m-w-d-at-fronius-%C3%B6sterreich-4435813794,2026-08-17T10:37:58.306184+00:00
0,Firmware Engineer | Austria,linkedin,Software Engineer (m/w/d) Embedded Linux,BORA,"Tyrol, Austria",On-site,Full-time,Embedded Linux,Linux,English,,,Recent,https://at.linkedin.com/jobs/view/software-engineer-m-w-d-embedded-linux-at-bora-4449745522,2026-08-17T10:37:58.306511+00:00
0,Firmware Engineer | Austria,linkedin,Software Engineer,IONO Robotics,"Linz, Upper Austria, Austria",On-site,Full-time,,,English,,,Recent,https://at.linkedin.com/jobs/view/software-engineer-at-iono-robotics-4442575340,2026-08-17T10:37:58.306670+00:00
0,Firmware Engineer | Austria,linkedin,Software Engineer (m/w/d) Embedded Connectivity,BORA,"Tyrol, Austria",On-site,Full-time,,,English,,,Recent,https://at.linkedin.com/jobs/view/software-engineer-m-w-d-embedded-connectivity-at-bora-4449752170,2026-08-17T10:37:58.306827+00:00
0,Firmware Engineer | Switzerland,linkedin,Embedded Software / Firmware Engineer (m/w/d),Cobble - Van de Wiele Limited,"Wetzikon, Zurich, Switzerland",On-site,Full-time,Firmware,,English,,,Recent,https://ch.linkedin.com/jobs/view/embedded-software-firmware-engineer-m-w-d-at-cobble-van-de-wiele-limited-4442680057,2026-08-17T10:38:00.776340+00:00
0,Firmware Engineer | Switzerland,linkedin,Embedded Systems Engineer (Firmware & Electronics),Master in Integrated Building Systems ETH Zürich,Zürich Metropolitan Area,On-site,Full-time,"Embedded Systems, Firmware",,English,,,Recent,https://ch.linkedin.com/jobs/view/embedded-systems-engineer-firmware-electronics-at-master-in-integrated-building-systems-eth-z%C3%BCrich-4452351991,2026-08-17T10:38:00.776527+00:00
0,Firmware Engineer | Switzerland,linkedin,Embedded Software Engineer (m/w/d) 80-100%,Novasina AG,"Lachen, Schwyz, Switzerland",Remote,Full-time,,,English,,,Recent,https://ch.linkedin.com/jobs/view/embedded-software-engineer-m-w-d-80-100%25-at-novasina-ag-4451220461,2026-08-17T10:38:00.776700+00:00
0,Firmware Engineer | Switzerland,linkedin,Embedded Software Engineer – C/C++,yellowshark® AG,"Lachen, Schwyz, Switzerland",On-site,Full-time,"C, C++",,English,,,Recent,https://ch.linkedin.com/jobs/view/embedded-software-engineer-%E2%80%93-c-c%2B%2B-at-yellowshark%C2%AE-ag-4451218442,2026-08-17T10:38:00.776863+00:00
0,Firmware Engineer | Switzerland,linkedin,Embedded Software Development Engineer,Hydromea,"Lausanne, Vaud, Switzerland",On-site,Full-time,,,English,,,Recent,https://ch.linkedin.com/jobs/view/embedded-software-development-engineer-at-hydromea-4448463124,2026-08-17T10:38:00.777054+00:00
0,Firmware Engineer | Switzerland,linkedin,Embedded Software Engineer,"Mettler-Toledo International, Inc","Greifensee, Zurich, Switzerland",On-site,Internship,,,English,,,Recent,https://ch.linkedin.com/jobs/view/embedded-software-engineer-at-mettler-toledo-international-inc-4447135200,2026-08-17T10:38:00.777218+00:00
0,Firmware Engineer | Switzerland,linkedin,Embedded Software Engineer - SoM,Harmattan AI,"Lausanne, Vaud, Switzerland",On-site,Full-time,,,English,,,Recent,https://ch.linkedin.com/jobs/view/embedded-software-engineer-som-at-harmattan-ai-4455238981,2026-08-17T10:38:00.777379+00:00
0,Firmware Engineer | Switzerland,linkedin,Embedded Software Engineer,cross-ING AG,"Risch-Rotkreuz, Zug, Switzerland",On-site,Full-time,,,English,,,Recent,https://ch.linkedin.com/jobs/view/embedded-software-engineer-at-cross-ing-ag-4452378283,2026-08-17T10:38:00.777538+00:00
0,Firmware Engineer | Switzerland,linkedin,Embedded Software Engineer,Harmattan AI,"Lausanne, Vaud, Switzerland",On-site,Full-time,,,English,,,Recent,https://ch.linkedin.com/jobs/view/embedded-software-engineer-at-harmattan-ai-4455245969,2026-08-17T10:38:00.777694+00:00
0,Firmware Engineer | Switzerland,linkedin,Embedded Software Engineer / Consumer Electronics & Applied AI,Helbling Technik,"Liebefeld, Berne, Switzerland",On-site,Full-time,,,English,,,Recent,https://ch.linkedin.com/jobs/view/embedded-software-engineer-consumer-electronics-applied-ai-at-helbling-technik-4441829743,2026-08-17T10:38:00.777847+00:00
0,Firmware Engineer | Slovakia,linkedin,"ROS 2 Robotics Engineer (full time, remote, hybrid)",Invelogy s.r.o.,"Kosice, Slovakia",Remote,Full-time,,R,English,,,Recent,https://sk.linkedin.com/jobs/view/ros-2-robotics-engineer-full-time-remote-hybrid-at-invelogy-s-r-o-4451710820,2026-08-17T10:38:05.562569+00:00
0,Firmware Engineer | Slovakia,linkedin,Linux programator,SEC s.r.o.,"Nitra, Nitra Region, Slovakia",On-site,Full-time,,"R, Linux",English,,,Recent,https://sk.linkedin.com/jobs/view/linux-programator-at-sec-s-r-o-3730207435,2026-08-17T10:38:05.562903+00:00
0,Firmware Engineer | Slovakia,linkedin,Hardware Development Engineer (m/f),IEE Sensing,"Košice, Kosice, Slovakia",On-site,Full-time,,,English,,,Recent,https://sk.linkedin.com/jobs/view/hardware-development-engineer-m-f-at-iee-sensing-4137893590,2026-08-17T10:38:05.563912+00:00
0,Firmware Engineer | Czech Republic,linkedin,高低速接口工程师7998,UNISOC,"アト・マジョール州, Hato Mayor, Dominican Republic",On-site,Full-time,,,English,,,Recent,https://do.linkedin.com/jobs/view/%E9%AB%98%E4%BD%8E%E9%80%9F%E6%8E%A5%E5%8F%A3%E5%B7%A5%E7%A8%8B%E5%B8%887998-at-unisoc-4444590139,2026-08-17T10:38:07.923526+00:00
0,Firmware Engineer | Czech Republic,linkedin,车载camera工程师7996,UNISOC,"アト・マジョール州, Hato Mayor, Dominican Republic",On-site,Full-time,,,English,,,Recent,https://do.linkedin.com/jobs/view/%E8%BD%A6%E8%BD%BDcamera%E5%B7%A5%E7%A8%8B%E5%B8%887996-at-unisoc-4444589232,2026-08-17T10:38:07.923710+00:00
0,Firmware Engineer | Czech Republic,linkedin,Software Engineer C++ (m/f/d),Bruker,Dominican Republic,On-site,Full-time,"C, C++",,English,,,Recent,https://do.linkedin.com/jobs/view/software-engineer-c%2B%2B-m-f-d-at-bruker-4369277160,2026-08-17T10:38:07.923874+00:00
0,Firmware Engineer | Czech Republic,linkedin,Software Engineer C# (m/f/d),Bruker,Dominican Republic,On-site,Full-time,C,C#,English,,,Recent,https://do.linkedin.com/jobs/view/software-engineer-c%23-m-f-d-at-bruker-4440525432,2026-08-17T10:38:07.924232+00:00
0,Firmware Engineer | Czech Republic,linkedin,软件系统工程师（性能优化方向）7997,UNISOC,"アト・マジョール州, Hato Mayor, Dominican Republic",On-site,Full-time,,,English,,,Recent,https://do.linkedin.com/jobs/view/%E8%BD%AF%E4%BB%B6%E7%B3%BB%E7%BB%9F%E5%B7%A5%E7%A8%8B%E5%B8%88%EF%BC%88%E6%80%A7%E8%83%BD%E4%BC%98%E5%8C%96%E6%96%B9%E5%90%91%EF%BC%897997-at-unisoc-4444592097,2026-08-17T10:38:07.924389+00:00
0,Firmware Engineer | Czech Republic,linkedin,车载系统性能稳定性工程师7995,UNISOC,"アト・マジョール州, Hato Mayor, Dominican Republic",On-site,Full-time,,,English,,,Recent,https://do.linkedin.com/jobs/view/%E8%BD%A6%E8%BD%BD%E7%B3%BB%E7%BB%9F%E6%80%A7%E8%83%BD%E7%A8%B3%E5%AE%9A%E6%80%A7%E5%B7%A5%E7%A8%8B%E5%B8%887995-at-unisoc-4444594043,2026-08-17T10:38:07.924546+00:00
0,Firmware Engineer | Poland,linkedin,Embedded Software Engineer,Adapt-E,"Zabrze, Śląskie, Poland",On-site,Full-time,,,English,,,Recent,https://pl.linkedin.com/jobs/view/embedded-software-engineer-at-adapt-e-4444244854,2026-08-17T10:38:10.403926+00:00
0,Firmware Engineer | Poland,linkedin,Firmware Engineer - hybrid (m/f/d),Honeywell Technologies,Gdansk Metropolitan Area,Hybrid,Full-time,Firmware,,English,,,Recent,https://pl.linkedin.com/jobs/view/firmware-engineer-hybrid-m-f-d-at-honeywell-technologies-4368383686,2026-08-17T10:38:10.404163+00:00
0,Firmware Engineer | Poland,linkedin,Embedded Developer (f/m) (SSC),Phoenix Contact,"Wielkopolskie, Poland",On-site,Full-time,,,English,,,Recent,https://pl.linkedin.com/jobs/view/embedded-developer-f-m-ssc-at-phoenix-contact-4370458374,2026-08-17T10:38:10.404499+00:00
0,Firmware Engineer | Poland,linkedin,Embedded Software Engineer,ASSA ABLOY Group,"Cracow, Małopolskie, Poland",On-site,Full-time,,,English,,,Recent,https://pl.linkedin.com/jobs/view/embedded-software-engineer-at-assa-abloy-group-3759958711,2026-08-17T10:38:10.404657+00:00
0,Firmware Engineer | Poland,linkedin,Embedded Software Engineer,ALTEN Polska,"Cracow, Małopolskie, Poland",On-site,Full-time,,,English,,,Recent,https://pl.linkedin.com/jobs/view/embedded-software-engineer-at-alten-polska-4442580975,2026-08-17T10:38:10.404823+00:00
0,Firmware Engineer | Poland,linkedin,System Firmware Engineer (Device),Luxoft Poland,Poland,On-site,Full-time,Firmware,,English,,,Recent,https://pl.linkedin.com/jobs/view/system-firmware-engineer-device-at-luxoft-poland-4444977745,2026-08-17T10:38:10.404984+00:00
0,Firmware Engineer | Poland,linkedin,"Firmware/Software Engineer, II",Zebra Technologies,"Gliwice, Śląskie, Poland",On-site,Full-time,Firmware,,English,,,Recent,https://pl.linkedin.com/jobs/view/firmware-software-engineer-ii-at-zebra-technologies-4400199852,2026-08-17T10:38:10.405166+00:00
0,Firmware Engineer | USA,linkedin,Embedded Software Engineer,Fab2,"Austin, TX",On-site,Full-time,,,English,,,Recent,https://www.linkedin.com/jobs/view/embedded-software-engineer-at-fab2-4455217905,2026-08-17T10:38:12.874828+00:00
0,Firmware Engineer | USA,linkedin,Firmware Engineer II,Nice Group,"Kent, WA",On-site,Full-time,Firmware,,English,,,Recent,https://www.linkedin.com/jobs/view/firmware-engineer-ii-at-nice-group-4453520061,2026-08-17T10:38:12.875036+00:00
0,Firmware Engineer | USA,linkedin,Interconnect Firmware Engineer,AMD,"Austin, TX",On-site,Full-time,Firmware,,English,,,Recent,https://www.linkedin.com/jobs/view/interconnect-firmware-engineer-at-amd-4412432292,2026-08-17T10:38:12.875204+00:00
0,Firmware Engineer | USA,linkedin,Firmware Engineer,"Mesa Laboratories, Inc.","Tucson, AZ",On-site,Full-time,Firmware,,English,,,Recent,https://www.linkedin.com/jobs/view/firmware-engineer-at-mesa-laboratories-inc-4454582031,2026-08-17T10:38:12.875364+00:00
0,Firmware Engineer | USA,linkedin,"Firmware Engineer, Robotics and Surgery Engineering",Neuralink,"Austin, TX",On-site,Full-time,Firmware,,English,,,Recent,https://www.linkedin.com/jobs/view/firmware-engineer-robotics-and-surgery-engineering-at-neuralink-4416597306,2026-08-17T10:38:12.875522+00:00
0,Firmware Engineer | USA,linkedin,Firmware Engineer,"King Technology, Inc.","Minnetonka, MN",On-site,Full-time,Firmware,,English,,,Recent,https://www.linkedin.com/jobs/view/firmware-engineer-at-king-technology-inc-4442930588,2026-08-17T10:38:12.875679+00:00
0,Firmware Engineer | USA,linkedin,Firmware Engineer,Neurophos,"Austin, TX",Remote,Internship,"Arm, C, C++, Can, Ci/Cd, Cortex-M, Embedded Systems, Firmware, Github Actions, I2C, Integration Testing, Jenkins, Llm, Python, Rtos","Linux, Zephyr, Risc-V, Freertos, Gitlab, Gitlab Ci, Git, Docker, Verilog, Github",English,,,Recent,https://www.linkedin.com/jobs/view/firmware-engineer-at-neurophos-4442907896,2026-08-17T10:38:12.875840+00:00
0,Firmware Engineer | USA,linkedin,Firmware Engineer II,Advanced Energy,"Eden Prairie, MN",On-site,Full-time,Firmware,,English,,,Recent,https://www.linkedin.com/jobs/view/firmware-engineer-ii-at-advanced-energy-4445725955,2026-08-17T10:38:12.876015+00:00
0,Firmware Engineer | USA,linkedin,Embedded Systems Engineer II,BioLite,"Midvale, UT",On-site,Full-time,Embedded Systems,,English,,,Recent,https://www.linkedin.com/jobs/view/embedded-systems-engineer-ii-at-biolite-4447186563,2026-08-17T10:38:12.876181+00:00
0,Firmware Engineer | United Kingdom,linkedin,Embedded Software Engineer,OmniBuds,"Cambridge, England, United Kingdom",On-site,Full-time,,,English,,,Recent,https://uk.linkedin.com/jobs/view/embedded-software-engineer-at-omnibuds-4447332571,2026-08-17T10:38:15.325012+00:00
0,Firmware Engineer | United Kingdom,linkedin,Firmware Engineer,Oshen,"Plymouth, England, United Kingdom",On-site,Full-time,Firmware,,English,,,Recent,https://uk.linkedin.com/jobs/view/firmware-engineer-at-oshen-4453076954,2026-08-17T10:38:15.325210+00:00
0,Firmware Engineer | United Kingdom,linkedin,Firmware Developer,TSC Subsea,"Swansea, Wales, United Kingdom",On-site,Full-time,Firmware,,English,,,Recent,https://uk.linkedin.com/jobs/view/firmware-developer-at-tsc-subsea-4454002430,2026-08-17T10:38:15.325377+00:00
0,Firmware Engineer | United Kingdom,linkedin,Embedded Software Engineer,Archangel Autonomy,"Oxford, England, United Kingdom",On-site,Full-time,,,English,,,Recent,https://uk.linkedin.com/jobs/view/embedded-software-engineer-at-archangel-autonomy-4432979500,2026-08-17T10:38:15.325691+00:00
0,Firmware Engineer | United Kingdom,linkedin,Software/Firmware Engineer - Media Handling,NCR Atleos,"Dundee, Scotland, United Kingdom",On-site,Full-time,Firmware,,English,,,Recent,https://uk.linkedin.com/jobs/view/software-firmware-engineer-media-handling-at-ncr-atleos-4436079644,2026-08-17T10:38:15.325855+00:00
0,Firmware Engineer | United Kingdom,linkedin,Embedded Software Engineer,Searches @ Wenham Carter,"Aberdeen, Scotland, United Kingdom",On-site,Full-time,,,English,,,Recent,https://uk.linkedin.com/jobs/view/embedded-software-engineer-at-searches-%40-wenham-carter-4445971100,2026-08-17T10:38:15.326044+00:00
0,Firmware Engineer | United Kingdom,linkedin,Embedded Firmware Engineer,HID,"Tongwynlais, Wales, United Kingdom",On-site,Full-time,Firmware,,English,,,Recent,https://uk.linkedin.com/jobs/view/embedded-firmware-engineer-at-hid-4450309090,2026-08-17T10:38:15.326209+00:00
0,Firmware Engineer | United Kingdom,linkedin,Embedded Software Engineer,Archangel Lightworks,"Oxford, England, United Kingdom",On-site,Full-time,,,English,,,Recent,https://uk.linkedin.com/jobs/view/embedded-software-engineer-at-archangel-lightworks-4433182780,2026-08-17T10:38:15.326522+00:00
