relevance_score,search_criteria,provider,title,company,location,work_location_type,employment_type,matching_skills,missing_skills,detected_languages,matched_roles,salary_hint,posted_at_relative,link,scraped_at
29,Test Automation | USA,linkedin,Software Tester/QA Analyst,Intellibee Inc,"Richmond, VA",On-site,Full-time,,,English,,,Recent,https://www.linkedin.com/jobs/view/software-tester-qa-analyst-at-intellibee-inc-4388537345,2026-03-21T10:26:05.591699+00:00
29,Python Test | USA,linkedin,"software QA engineer, Pages",Apple,"Cupertino, CA",On-site,Full-time,,,English,,,Recent,https://www.linkedin.com/jobs/view/software-qa-engineer-pages-at-apple-4387799023,2026-03-21T10:26:49.598000+00:00
29,Python Test | USA,linkedin,Software Tester/QA Analyst,Intellibee Inc,"Richmond, VA",On-site,Full-time,,,English,,,Recent,https://www.linkedin.com/jobs/view/software-tester-qa-analyst-at-intellibee-inc-4387893213,2026-03-21T10:26:49.598477+00:00
29,Python Test | United Kingdom,linkedin,Software Tester,Intellect Group,"Oxfordshire, England, United Kingdom",On-site,Full-time,,,English,,,Recent,https://uk.linkedin.com/jobs/view/software-tester-at-intellect-group-4387440591,2026-03-21T10:26:52.082348+00:00
29,Firmware Engineer | Austria,linkedin,Internship: Embedded Software Developer (m/f/d),NXP Semiconductors,"Gratkorn, Styria, Austria",On-site,Internship,,Internship,English,,,Recent,https://at.linkedin.com/jobs/view/internship-embedded-software-developer-m-f-d-at-nxp-semiconductors-4385349797,2026-03-21T10:26:56.861638+00:00
29,Firmware Engineer | Remote,linkedin,Embedded Engineer,Intellias,Germany,Remote,Full-time,,,English,,,Recent,https://de.linkedin.com/jobs/view/embedded-engineer-at-intellias-4383707882,2026-03-21T10:27:01.647242+00:00
29,Firmware Engineer | USA,linkedin,Embedded Software Engineer,Apple,"Cupertino, CA",On-site,Full-time,,,English,,,Recent,https://www.linkedin.com/jobs/view/embedded-software-engineer-at-apple-4384209535,2026-03-21T10:27:11.468807+00:00
29,Firmware Engineer | USA,linkedin,"Software Engineer II, Early Career",Google,"New York, NY",On-site,Full-time,,,English,,,Recent,https://www.linkedin.com/jobs/view/software-engineer-ii-early-career-at-google-4383973345,2026-03-21T10:27:11.468956+00:00
14,Tester | Germany,linkedin,Test Engineer (m/w/d),Schotstek GmbH,"Schweinfurt, Bavaria, Germany",On-site,Internship,"C, C++, Python","Devops, R, Project Manager, Azure",German,Test Manager,,Recent,https://de.linkedin.com/jobs/view/test-engineer-m-w-d-at-schotstek-gmbh-4384473724,2026-03-21T10:24:21.490946+00:00
14,Tester | Austria,linkedin,Supplier Test Engineer (all genders),Lam Research,"Villach, Carinthia, Austria",Remote,Internship,"C, C++, Python",Lead,English,Lead,,Recent,https://at.linkedin.com/jobs/view/supplier-test-engineer-all-genders-at-lam-research-4377926919,2026-03-21T10:24:23.860525+00:00
14,Tester | Switzerland,linkedin,Senior Test Engineer,H55,"Sion, Valais, Switzerland",On-site,Full-time,,Senior,English,Senior,,Recent,https://ch.linkedin.com/jobs/view/senior-test-engineer-at-h55-4375428762,2026-03-21T10:24:26.213073+00:00
14,Tester | Switzerland,linkedin,IT Business Consultant – Software Tester,Forty2 AG,"Lausanne, Vaud, Switzerland",On-site,Full-time,,Consultant,English,Consultant,,Recent,https://ch.linkedin.com/jobs/view/it-business-consultant-%E2%80%93-software-tester-at-forty2-ag-4377720142,2026-03-21T10:24:26.214259+00:00
14,Tester | Remote,linkedin,Senior Software Engineer in Test (Full-Stack/Python),Mindrift,"Hamburg, Hamburg, Germany",Remote,Full-time,Python,Senior,English,Senior,,Recent,https://de.linkedin.com/jobs/view/senior-software-engineer-in-test-full-stack-python-at-mindrift-4385195931,2026-03-21T10:24:28.607338+00:00
14,Tester | Remote,linkedin,Senior Software Engineer in Test (Full-Stack/Python),Mindrift,"Frankfurt am Main, Hesse, Germany",Remote,Full-time,Python,Senior,English,Senior,,Recent,https://de.linkedin.com/jobs/view/senior-software-engineer-in-test-full-stack-python-at-mindrift-4385199876,2026-03-21T10:24:28.607503+00:00
14,Tester | Remote,linkedin,Senior Software Engineer in Test (Full-Stack/Python),Mindrift,"Berlin, Berlin, Germany",Remote,Full-time,Python,Senior,English,Senior,,Recent,https://de.linkedin.com/jobs/view/senior-software-engineer-in-test-full-stack-python-at-mindrift-4385195928,2026-03-21T10:24:28.607670+00:00
14,Tester | Remote,linkedin,Senior Software Engineer in Test (Full-Stack/Python),Mindrift,"Stuttgart, Baden-Württemberg, Germany",Remote,Full-time,Python,Senior,English,Senior,,Recent,https://de.linkedin.com/jobs/view/senior-software-engineer-in-test-full-stack-python-at-mindrift-4385307288,2026-03-21T10:24:28.607821+00:00
14,Tester | Remote,linkedin,Senior Software Engineer in Test (Full-Stack/Python),Mindrift,"Munich, Bavaria, Germany",Remote,Full-time,Python,Senior,English,Senior,,Recent,https://de.linkedin.com/jobs/view/senior-software-engineer-in-test-full-stack-python-at-mindrift-4385196910,2026-03-21T10:24:28.607978+00:00
14,Tester | Remote,linkedin,Senior Software Engineer in Test (Full-Stack/Python),Mindrift,Germany,Remote,Full-time,Python,Senior,English,Senior,,Recent,https://de.linkedin.com/jobs/view/senior-software-engineer-in-test-full-stack-python-at-mindrift-4385304449,2026-03-21T10:24:28.608127+00:00
14,Tester | Slovakia,linkedin,Senior Software Engineer in Test,Filevine,"Bratislava, Bratislava, Slovakia",On-site,Full-time,,Senior,English,Senior,,Recent,https://sk.linkedin.com/jobs/view/senior-software-engineer-in-test-at-filevine-4380694723,2026-03-21T10:24:31.001863+00:00
14,Tester | Czech Republic,linkedin,Senior Industrialization Test Engineer,Eaton,"Santo Domingo, Distrito Nacional, Dominican Republic",On-site,Full-time,,Senior,English,Senior,,Recent,https://do.linkedin.com/jobs/view/senior-industrialization-test-engineer-at-eaton-4356700885,2026-03-21T10:24:33.371206+00:00
14,QA Engineer | Remote,linkedin,Senior QA Engineer (m/w/d),Fairsource,Germany,Remote,Full-time,,Senior,English,Senior,,Recent,https://de.linkedin.com/jobs/view/senior-qa-engineer-m-w-d-at-fairsource-4382782610,2026-03-21T10:24:50.376207+00:00
14,QA Engineer | Remote,linkedin,Senior Quality Assurance Engineer,HiveMQ,"Berlin, Berlin, Germany",Remote,Full-time,,Senior,English,Senior,,Recent,https://de.linkedin.com/jobs/view/senior-quality-assurance-engineer-at-hivemq-4364406728,2026-03-21T10:24:50.376357+00:00
14,QA Engineer | Slovakia,linkedin,Expert Quality Assurance (QA) Engineer,Qualco Group,"Bratislava, Bratislava, Slovakia",On-site,Full-time,,Expert,English,Expert,,Recent,https://sk.linkedin.com/jobs/view/expert-quality-assurance-qa-engineer-at-qualco-group-4381409824,2026-03-21T10:24:52.766784+00:00
14,QA Engineer | Slovakia,linkedin,Senior QA Automation Engineer,Hotovo,"Košice, Kosice, Slovakia",On-site,Full-time,,Senior,English,Senior,,Recent,https://sk.linkedin.com/jobs/view/senior-qa-automation-engineer-at-hotovo-4384485200,2026-03-21T10:24:52.767463+00:00
14,QA Engineer | Slovakia,linkedin,Senior QA Engineer,Ness Digital Engineering,Slovakia,On-site,Full-time,,Senior,English,Senior,,Recent,https://sk.linkedin.com/jobs/view/senior-qa-engineer-at-ness-digital-engineering-4388338182,2026-03-21T10:24:52.767776+00:00
14,QA Engineer | Slovakia,linkedin,"Senior QA Engineer, IMF",Bloomreach,Slovakia,On-site,Full-time,,Senior,English,Senior,,Recent,https://sk.linkedin.com/jobs/view/senior-qa-engineer-imf-at-bloomreach-4383319917,2026-03-21T10:24:52.768073+00:00
14,QA Engineer | Czech Republic,linkedin,Senior QA Automation Engineer (Playwright) - Remote - Latin America,FullStack,Dominican Republic,Remote,Full-time,Playwright,Senior,English,Senior,,Recent,https://do.linkedin.com/jobs/view/senior-qa-automation-engineer-playwright-remote-latin-america-at-fullstack-4387897440,2026-03-21T10:24:55.163818+00:00
14,QA Engineer | Poland,linkedin,Senior Manual QA Engineer for Mobile App (Tinder),Zoolatech,"Warsaw, Mazowieckie, Poland",Remote,Full-time,,Senior,English,Senior,,Recent,https://pl.linkedin.com/jobs/view/senior-manual-qa-engineer-for-mobile-app-tinder-at-zoolatech-4384049516,2026-03-21T10:24:57.584558+00:00
14,QA Engineer | United Kingdom,linkedin,🚀 Senior QA Engineer (Playwright Specialist) — Remote (UK) — £60–65k,Venchr,"Manchester Area, United Kingdom",Remote,Full-time,Playwright,Senior,English,Senior,,Recent,https://uk.linkedin.com/jobs/view/%F0%9F%9A%80-senior-qa-engineer-playwright-specialist-%E2%80%94-remote-uk-%E2%80%94-%C2%A360%E2%80%9365k-at-venchr-4385251493,2026-03-21T10:25:02.391093+00:00
14,QA Engineer | United Kingdom,linkedin,Senior QA Engineer,White Rose Education,"Leeds, England, United Kingdom",On-site,Full-time,,Senior,English,Senior,,Recent,https://uk.linkedin.com/jobs/view/senior-qa-engineer-at-white-rose-education-4383701609,2026-03-21T10:25:02.391893+00:00
14,Testingenieur | Austria,linkedin,Test Manager (m/f/d),Deutsche Telekom,"Fünfkirchen, Lower Austria, Austria",On-site,Full-time,,,English,Test Manager,,Recent,https://at.linkedin.com/jobs/view/test-manager-m-f-d-at-deutsche-telekom-4376822062,2026-03-21T10:25:29.197651+00:00
14,Testingenieur | Slovakia,linkedin,Validačný Expert pre Alarm Function Testing,Valicare Slovakia,"Trenčianska Turná, Trenciansky, Slovakia",On-site,Full-time,,Expert,English,Expert,,Recent,https://sk.linkedin.com/jobs/view/valida%C4%8Dn%C3%BD-expert-pre-alarm-function-testing-at-valicare-slovakia-4387902758,2026-03-21T10:25:36.353198+00:00
14,Testingenieur | USA,linkedin,Application Engineer,InterImage,"Fort Meade, MD",Remote,Full-time,Java,"Agile, Postgresql, Senior, Oracle, Waterfall",English,Senior,,Recent,https://www.linkedin.com/jobs/view/application-engineer-at-interimage-4386396116,2026-03-21T10:25:43.701559+00:00
14,Testingenieur | USA,linkedin,Junior Software Integration/Test Engineer,DCS Corp,"Dayton, OH",On-site,Contract,"C, C++, Ci/Cd, Java, Python","Kubernetes, Contractor, Linux, Agile, Internship, Git, Junior",English,Contractor,,Recent,https://www.linkedin.com/jobs/view/junior-software-integration-test-engineer-at-dcs-corp-4386529245,2026-03-21T10:25:43.702202+00:00
14,Testingenieur | USA,linkedin,Test Engineer,Harley-Davidson Motor Company,"Wauwatosa, WI",On-site,Full-time,,"Staff, Senior",English,"Senior, Staff",,Recent,https://www.linkedin.com/jobs/view/test-engineer-at-harley-davidson-motor-company-4385283970,2026-03-21T10:25:43.702509+00:00
14,Testingenieur | United Kingdom,linkedin,Senior Test Engineer,AJ Bell,"Manchester, England, United Kingdom",On-site,Full-time,,Senior,English,Senior,,Recent,https://uk.linkedin.com/jobs/view/senior-test-engineer-at-aj-bell-4385718700,2026-03-21T10:25:46.179552+00:00
14,Testingenieur | United Kingdom,linkedin,Senior Test Engineer,BSI,"Hemel Hempstead, England, United Kingdom",On-site,Full-time,,Senior,English,Senior,,Recent,https://uk.linkedin.com/jobs/view/senior-test-engineer-at-bsi-4366543025,2026-03-21T10:25:46.179868+00:00
14,Test Automation | Germany,linkedin,Senior Quality Assurance Engineer,SGI,"Berlin, Germany",Hybrid,Internship,"Continuous Testing, Python","Agile, Senior",English,Senior,,Recent,https://de.linkedin.com/jobs/view/senior-quality-assurance-engineer-at-sgi-4363260868,2026-03-21T10:25:48.617040+00:00
14,Test Automation | Germany,linkedin,Senior Quality Engineer,GLS/NXT,"Berlin, Berlin, Germany",On-site,Full-time,,Senior,English,Senior,,Recent,https://de.linkedin.com/jobs/view/senior-quality-engineer-at-gls-nxt-4381213320,2026-03-21T10:25:48.617206+00:00
14,Test Automation | Austria,linkedin,Senior Test Automation Engineer (m/f/d),Deutsche Telekom,"Fünfkirchen, Lower Austria, Austria",On-site,Full-time,Test Automation,Senior,English,Senior,,Recent,https://at.linkedin.com/jobs/view/senior-test-automation-engineer-m-f-d-at-deutsche-telekom-4387865291,2026-03-21T10:25:50.986394+00:00
14,Test Automation | Austria,linkedin,Testing Manager (all genders),Viewpointsystem,"Vienna, Vienna, Austria",On-site,Internship,"Can, I2C, Python, Spi","Lead, Arduino",English,Lead,,Recent,https://at.linkedin.com/jobs/view/testing-manager-all-genders-at-viewpointsystem-4380292301,2026-03-21T10:25:50.987016+00:00
14,Test Automation | Austria,linkedin,Senior Test Automation Engineer,AVILOO Battery Diagnostics,"Laxenburg, Lower Austria, Austria",On-site,Full-time,Test Automation,Senior,English,Senior,,Recent,https://at.linkedin.com/jobs/view/senior-test-automation-engineer-at-aviloo-battery-diagnostics-4378165473,2026-03-21T10:25:50.987167+00:00
14,Test Automation | Austria,linkedin,Senior Test Manager T Cloud Public (m/f/d),Deutsche Telekom,"Fünfkirchen, Lower Austria, Austria",On-site,Full-time,,Senior,English,"Senior, Test Manager",,Recent,https://at.linkedin.com/jobs/view/senior-test-manager-t-cloud-public-m-f-d-at-deutsche-telekom-4387421667,2026-03-21T10:25:50.987341+00:00
14,Test Automation | Switzerland,linkedin,Senior Quality Analyst,RBW Consulting,"Lachen, Schwyz, Switzerland",On-site,Full-time,,Senior,English,Senior,,Recent,https://ch.linkedin.com/jobs/view/senior-quality-analyst-at-rbw-consulting-4353430000,2026-03-21T10:25:53.380541+00:00
14,Test Automation | Switzerland,linkedin,Test Lead (M/F),WIT PARTNERS SA,"Vaud, Switzerland",On-site,Full-time,,Lead,English,Lead,,Recent,https://ch.linkedin.com/jobs/view/test-lead-m-f-at-wit-partners-sa-4385437606,2026-03-21T10:25:53.381005+00:00
14,Test Automation | Switzerland,linkedin,Test Lead Software (H/F),fortil,Lausanne Metropolitan Area,On-site,Full-time,,Lead,English,Lead,,Recent,https://ch.linkedin.com/jobs/view/test-lead-software-h-f-at-fortil-4387291941,2026-03-21T10:25:53.381159+00:00
14,Test Automation | Switzerland,linkedin,Test Manager,Galaxi Consulting Group,"Geneva, Switzerland",On-site,Full-time,,,English,Test Manager,,Recent,https://ch.linkedin.com/jobs/view/test-manager-at-galaxi-consulting-group-4387696996,2026-03-21T10:25:53.381332+00:00
14,Test Automation | Czech Republic,linkedin,QA Lead,Powdevs,Dominican Republic,On-site,Full-time,,Lead,English,"Lead, QA Lead",,Recent,https://do.linkedin.com/jobs/view/qa-lead-at-powdevs-4383781317,2026-03-21T10:26:00.600237+00:00
14,Test Automation | Poland,linkedin,Senior Automation Engineer,SOFTETA,"Cracow, Małopolskie, Poland",On-site,Full-time,,Senior,English,Senior,,Recent,https://pl.linkedin.com/jobs/view/senior-automation-engineer-at-softeta-4388345146,2026-03-21T10:26:03.025412+00:00
14,Test Automation | United Kingdom,linkedin,Senior Quality Assurance Analyst (Customer Operations),Kroo Bank,"London, England, United Kingdom",On-site,Full-time,,Senior,English,Senior,,Recent,https://uk.linkedin.com/jobs/view/senior-quality-assurance-analyst-customer-operations-at-kroo-bank-4387808621,2026-03-21T10:26:08.037430+00:00
14,Test Automation | United Kingdom,linkedin,Testing Lead,Deloitte,"Glasgow, Scotland, United Kingdom",On-site,Full-time,,Lead,English,Lead,,Recent,https://uk.linkedin.com/jobs/view/testing-lead-at-deloitte-4383546538,2026-03-21T10:26:08.037637+00:00
14,Test Automation | United Kingdom,linkedin,Senior Quality Assurance Tester,Dlala Studios,"Witham, England, United Kingdom",On-site,Full-time,,Senior,English,Senior,,Recent,https://uk.linkedin.com/jobs/view/senior-quality-assurance-tester-at-dlala-studios-4378767706,2026-03-21T10:26:08.037976+00:00
14,Test Automation | United Kingdom,linkedin,Senior QA Analyst,Rebellion,"Oxford, England, United Kingdom",On-site,Full-time,,Senior,English,Senior,,Recent,https://uk.linkedin.com/jobs/view/senior-qa-analyst-at-rebellion-4383721363,2026-03-21T10:26:08.038306+00:00
14,Test Automation | United Kingdom,linkedin,"Senior Automation Tester - Flutter, Agentic AI & API Systems",DeliveryApp,"Manchester, England, United Kingdom",On-site,Full-time,,Senior,English,Senior,,Recent,https://uk.linkedin.com/jobs/view/senior-automation-tester-flutter-agentic-ai-api-systems-at-deliveryapp-4378790054,2026-03-21T10:26:08.038459+00:00
14,Test Automation | United Kingdom,linkedin,Senior QA Engineer,MILE,"Sheffield, England, United Kingdom",On-site,Full-time,,Senior,English,Senior,,Recent,https://uk.linkedin.com/jobs/view/senior-qa-engineer-at-mile-4385333171,2026-03-21T10:26:08.038861+00:00
14,Python Developer | Austria,linkedin,Senior Python Systems Developer - Functional Testing Project,Mindrift,Austria,On-site,Contract,Python,Senior,English,Senior,,Recent,https://at.linkedin.com/jobs/view/senior-python-systems-developer-functional-testing-project-at-mindrift-4386732819,2026-03-21T10:26:12.967114+00:00
14,Python Developer | Slovakia,linkedin,Senior Python Software Engineer,Bloomreach,Slovakia,On-site,Full-time,Python,Senior,English,Senior,,Recent,https://sk.linkedin.com/jobs/view/senior-python-software-engineer-at-bloomreach-4365530614,2026-03-21T10:26:20.206539+00:00
14,Python Developer | Slovakia,linkedin,Senior Python Engineer,Ciklum,"Bratislava, Bratislava, Slovakia",On-site,Full-time,Python,Senior,English,Senior,,Recent,https://sk.linkedin.com/jobs/view/senior-python-engineer-at-ciklum-4384050550,2026-03-21T10:26:20.206888+00:00
14,Python Developer | Czech Republic,linkedin,Senior Back End Engineer - Python (DR),Truelogic Software,Dominican Republic,On-site,Full-time,Python,Senior,English,Senior,,Recent,https://do.linkedin.com/jobs/view/senior-back-end-engineer-python-dr-at-truelogic-software-4388365827,2026-03-21T10:26:22.592980+00:00
14,Python Developer | Czech Republic,linkedin,Senior Back-End Engineer (Python) - Mortgage Finance - Dominican Republic,Truelogic Software,Dominican Republic,On-site,Full-time,Python,Senior,English,Senior,,Recent,https://do.linkedin.com/jobs/view/senior-back-end-engineer-python-mortgage-finance-dominican-republic-at-truelogic-software-4388128064,2026-03-21T10:26:22.593301+00:00
14,Python Developer | United Kingdom,linkedin,Senior Python Software Engineer,Tesco,"London, England, United Kingdom",On-site,Full-time,Python,Senior,English,Senior,,Recent,https://uk.linkedin.com/jobs/view/senior-python-software-engineer-at-tesco-4385693172,2026-03-21T10:26:29.928687+00:00
14,Python Test | Switzerland,linkedin,Senior Test Automation Engineer / QA Lead (m/w/d),PEAX AG,"Lucerne, Lucerne, Switzerland",On-site,Full-time,Test Automation,"Lead, Senior",English,"Lead, QA Lead, Senior",,Recent,https://ch.linkedin.com/jobs/view/senior-test-automation-engineer-qa-lead-m-w-d-at-peax-ag-4385092784,2026-03-21T10:26:37.128785+00:00
14,Python Test | Remote,linkedin,Expert Quality Engineer,Sword Health,Germany,Remote,Full-time,,Expert,English,Expert,,Recent,https://de.linkedin.com/jobs/view/expert-quality-engineer-at-sword-health-4388315071,2026-03-21T10:26:39.536951+00:00
14,Python Test | Czech Republic,linkedin,Senior SDET,Perform,Dominican Republic,On-site,Full-time,,Senior,English,Senior,,Recent,https://do.linkedin.com/jobs/view/senior-sdet-at-perform-4344131612,2026-03-21T10:26:44.350506+00:00
14,Python Test | Poland,linkedin,Senior Software Engineer in Test (Full-Stack/Python),Mindrift,Poland,On-site,Full-time,Python,Senior,English,Senior,,Recent,https://pl.linkedin.com/jobs/view/senior-software-engineer-in-test-full-stack-python-at-mindrift-4385316019,2026-03-21T10:26:46.762519+00:00
14,Python Test | USA,linkedin,Senior QA Analyst,Edify Technologies,"Oakbrook Terrace, IL",On-site,Full-time,,Senior,English,Senior,,Recent,https://www.linkedin.com/jobs/view/senior-qa-analyst-at-edify-technologies-4387431511,2026-03-21T10:26:49.598927+00:00
14,Python Test | United Kingdom,linkedin,Senior Software Engineer in Test (Full-Stack/Python),Mindrift,"Glasgow, Scotland, United Kingdom",On-site,Full-time,Python,Senior,English,Senior,,Recent,https://uk.linkedin.com/jobs/view/senior-software-engineer-in-test-full-stack-python-at-mindrift-4385311160,2026-03-21T10:26:52.082651+00:00
14,Python Test | United Kingdom,linkedin,Senior Software Engineer in Test (Full-Stack/Python),Mindrift,"Birmingham, England, United Kingdom",On-site,Full-time,Python,Senior,English,Senior,,Recent,https://uk.linkedin.com/jobs/view/senior-software-engineer-in-test-full-stack-python-at-mindrift-4385301654,2026-03-21T10:26:52.082809+00:00
14,Python Test | United Kingdom,linkedin,Senior QA Engineer,Anaplan,"Manchester, England, United Kingdom",On-site,Full-time,,Senior,English,Senior,,Recent,https://uk.linkedin.com/jobs/view/senior-qa-engineer-at-anaplan-4380285167,2026-03-21T10:26:52.082960+00:00
14,Firmware Engineer | Germany,linkedin,Senior Software Engineer - Nvidia Platform,Autobrains Technologies,"Munich, Bavaria, Germany",On-site,Full-time,,Senior,English,Senior,,Recent,https://de.linkedin.com/jobs/view/senior-software-engineer-nvidia-platform-at-autobrains-technologies-4380448307,2026-03-21T10:26:54.491914+00:00
14,Firmware Engineer | Germany,linkedin,Senior Software Engineer (m/w/d),Buena,"Berlin, Berlin, Germany",On-site,Full-time,,Senior,English,Senior,,Recent,https://de.linkedin.com/jobs/view/senior-software-engineer-m-w-d-at-buena-4384063060,2026-03-21T10:26:54.492073+00:00
14,Firmware Engineer | Austria,linkedin,Software Engineer: Tech Lead (f/m/d),CELUM,"Vienna, Vienna, Austria",On-site,Full-time,,"Lead, Tech Lead",English,Lead,,Recent,https://at.linkedin.com/jobs/view/software-engineer-tech-lead-f-m-d-at-celum-4382999356,2026-03-21T10:26:56.862308+00:00
14,Firmware Engineer | Switzerland,linkedin,Software Engineer (m/f/d),MF Group AG,"Chiasso, Ticino, Switzerland",Remote,Contract,"Can, Java","Agile, Machine Learning, Senior",English,Senior,,Recent,https://ch.linkedin.com/jobs/view/software-engineer-m-f-d-at-mf-group-ag-4384051588,2026-03-21T10:26:59.244699+00:00
14,Firmware Engineer | Switzerland,linkedin,Senior Software Support Engineer,OWT - a Swisscom company,"Lausanne, Vaud, Switzerland",On-site,Full-time,"Java, Typescript","Kubernetes, Linux, Sql, Transformer, R, Docker, Senior, React, Angular",English,Senior,,Recent,https://ch.linkedin.com/jobs/view/senior-software-support-engineer-at-owt-a-swisscom-company-4388342060,2026-03-21T10:26:59.245016+00:00
14,Firmware Engineer | Switzerland,linkedin,Senior Software Engineer,Ripple,"Geneva, Geneva, Switzerland",Remote,Internship,"Can, Java, Rust","Kubernetes, Agile, R, Docker, Senior, Lead, Scala, Azure, Aws",English,"Lead, Senior",,Recent,https://ch.linkedin.com/jobs/view/senior-software-engineer-at-ripple-4377610063,2026-03-21T10:26:59.245358+00:00
14,Firmware Engineer | Switzerland,linkedin,"Senior Software Engineer, Capture",Advertima,"Zurich, Zurich, Switzerland",Hybrid,Internship,"C, C++, Can, Rust","Linux, Agile, Machine Learning, Architect, Senior, Computer Vision, Lead",English,"Architect, Lead, Senior",,Recent,https://ch.linkedin.com/jobs/view/senior-software-engineer-capture-at-advertima-4381748584,2026-03-21T10:26:59.245664+00:00
14,Firmware Engineer | Remote,linkedin,Senior Embedded Engineer (m/w/d),QAVION GROUP,Germany,Remote,Full-time,,Senior,English,Senior,,Recent,https://de.linkedin.com/jobs/view/senior-embedded-engineer-m-w-d-at-qavion-group-4384798011,2026-03-21T10:27:01.647068+00:00
14,Firmware Engineer | Remote,linkedin,Senior Software Engineer,Synmatch AI,Germany,On-site,Full-time,"Ai Agents, Can, Go, Python","Fastapi, Postgresql, Architect, Senior, Django",English,"Architect, Senior",,Recent,https://de.linkedin.com/jobs/view/senior-software-engineer-at-synmatch-ai-4386322473,2026-03-21T10:27:01.648038+00:00
14,Firmware Engineer | Slovakia,linkedin,Principal Software Engineer,ITmatch,Slovakia,On-site,Full-time,,Principal,English,Principal,,Recent,https://sk.linkedin.com/jobs/view/principal-software-engineer-at-itmatch-4387699936,2026-03-21T10:27:04.032553+00:00
14,Firmware Engineer | Slovakia,linkedin,Senior Software Engineer,Bloomreach,Slovakia,On-site,Full-time,,Senior,English,Senior,,Recent,https://sk.linkedin.com/jobs/view/senior-software-engineer-at-bloomreach-4289254318,2026-03-21T10:27:04.032857+00:00
14,Firmware Engineer | Czech Republic,linkedin,Senior Software Engineer,CrecerLab,"Santo Domingo, Distrito Nacional, Dominican Republic",On-site,Full-time,,Senior,English,Senior,,Recent,https://do.linkedin.com/jobs/view/senior-software-engineer-at-crecerlab-4386540400,2026-03-21T10:27:06.439289+00:00
14,Firmware Engineer | Czech Republic,linkedin,Senior Software Engineer,Spirit Technologies,"Santiago de los Caballeros, Santiago, Dominican Republic",On-site,Full-time,,Senior,English,Senior,,Recent,https://do.linkedin.com/jobs/view/senior-software-engineer-at-spirit-technologies-4386360120,2026-03-21T10:27:06.439476+00:00
14,Firmware Engineer | Poland,linkedin,Senior Software Engineer,GeekSoft Consulting,"Warsaw, Mazowieckie, Poland",On-site,Full-time,,Senior,English,Senior,,Recent,https://pl.linkedin.com/jobs/view/senior-software-engineer-at-geeksoft-consulting-4385202317,2026-03-21T10:27:08.878834+00:00
14,Firmware Engineer | United Kingdom,linkedin,"Senior Software Engineer, Embedded C++",Roku,"Cambridge, England, United Kingdom",On-site,Full-time,"C, C++",Senior,English,Senior,,Recent,https://uk.linkedin.com/jobs/view/senior-software-engineer-embedded-c%2B%2B-at-roku-4374730170,2026-03-21T10:27:13.966837+00:00
0,Tester | Germany,linkedin,Software Engineer in Test (Berlin),Cresta,"Berlin, Berlin, Germany",On-site,Contract,"Can, Ci/Cd, Go, Playwright, Typescript","Cypress, Manual Testing, Grafana, Datadog",English,,,Recent,https://de.linkedin.com/jobs/view/software-engineer-in-test-berlin-at-cresta-4343158227,2026-03-21T10:24:21.490064+00:00
0,Tester | Germany,linkedin,(Junior) Software Tester / QA Engineer (f/m/d),ACCURIDS,"Cologne, North Rhine-Westphalia, Germany",Hybrid,Full-time,"Can, Test Automation","Regression Testing, Linux, Confluence, R, Jira, Junior",English,,,Recent,https://de.linkedin.com/jobs/view/junior-software-tester-qa-engineer-f-m-d-at-accurids-4385471018,2026-03-21T10:24:21.490289+00:00
0,Tester | Germany,linkedin,QA Engineer,Assemblio,"Stuttgart, Baden-Württemberg, Germany",On-site,Full-time,"Ci/Cd, Integration Testing","Grpc, Cypress, Devops",English,,,Recent,https://de.linkedin.com/jobs/view/qa-engineer-at-assemblio-4376728345,2026-03-21T10:24:21.490456+00:00
0,Tester | Germany,linkedin,QA Tester (f/m/d),justDice,"Hamburg, Hamburg, Germany",Remote,Full-time,Test Automation,"Agile, React, Rest Api, Manual Testing",English,,,Recent,https://de.linkedin.com/jobs/view/qa-tester-f-m-d-at-justdice-4384028500,2026-03-21T10:24:21.490614+00:00
0,Tester | Germany,linkedin,Software Test Engineer (m/w/d) – Banking  (ID: 22229),Da Vinci Engineering GmbH,"Karlsruhe, Baden-Württemberg, Germany",On-site,Internship,,"Associate, Scrum, Confluence, R, Kanban, Jira, Postman",German,,,Recent,https://de.linkedin.com/jobs/view/software-test-engineer-m-w-d-%E2%80%93-banking-id-22229-at-da-vinci-engineering-gmbh-4387962742,2026-03-21T10:24:21.490775+00:00
0,Tester | Germany,linkedin,Software Test Engineer (m/w/d) – Banking (ID: 22230),Da Vinci Engineering GmbH,"Münster, North Rhine-Westphalia, Germany",On-site,Internship,,"Associate, Scrum, Confluence, R, Kanban, Jira, Postman",German,,,Recent,https://de.linkedin.com/jobs/view/software-test-engineer-m-w-d-%E2%80%93-banking-id-22230-at-da-vinci-engineering-gmbh-4387968513,2026-03-21T10:24:21.491115+00:00
0,Tester | Germany,linkedin,Quality Assurance Tester (m/f/d),MoPla Solutions GmbH,"Augsburg, Bavaria, Germany",Remote,Full-time,,"Agile, Scrum, Kanban, Manual Testing, Postman",English,,,Recent,https://de.linkedin.com/jobs/view/quality-assurance-tester-m-f-d-at-mopla-solutions-gmbh-4375222169,2026-03-21T10:24:21.491297+00:00
0,Tester | Germany,linkedin,App-Tester  (m/w/d),clickworker,Germany,On-site,Full-time,,,English,,,Recent,https://de.linkedin.com/jobs/view/app-tester-m-w-d-at-clickworker-4375907759,2026-03-21T10:24:21.491453+00:00
0,Tester | Germany,linkedin,Test Engineer for In-Car-Entertainment (ICE) System,XPENG,"Munich, Bavaria, Germany",On-site,Full-time,,,English,,,Recent,https://de.linkedin.com/jobs/view/test-engineer-for-in-car-entertainment-ice-system-at-xpeng-4380906589,2026-03-21T10:24:21.491607+00:00
0,Tester | Austria,linkedin,Junior Test Engineer (w/m/d),Pankl Aerospace Systems,"Bruck an der Mur, Styria, Austria",Remote,Full-time,,"Junior, R, Associate",German,,,Recent,https://at.linkedin.com/jobs/view/junior-test-engineer-w-m-d-at-pankl-aerospace-systems-4383709885,2026-03-21T10:24:23.858993+00:00
0,Tester | Austria,linkedin,Software Tester*in,Agrarmarkt Austria,"Vienna, Vienna, Austria",Hybrid,Internship,,R,German,,,Recent,https://at.linkedin.com/jobs/view/software-tester-in-at-agrarmarkt-austria-4381271914,2026-03-21T10:24:23.859195+00:00
0,Tester | Austria,linkedin,Junior Test Engineer (w/m/d),Pankl Turbosystems GmbH,"Bruck an der Mur, Styria, Austria",Remote,Full-time,,"Junior, R, Associate",German,,,Recent,https://at.linkedin.com/jobs/view/junior-test-engineer-w-m-d-at-pankl-turbosystems-gmbh-4380268475,2026-03-21T10:24:23.859362+00:00
0,Tester | Austria,linkedin,Mid-level Test Engineer (Test Automation) (m/f/d),Deutsche Telekom,"Fünfkirchen, Lower Austria, Austria",Remote,Full-time,"Ci/Cd, Playwright, Selenium, Test Automation","Cypress, Scrum, R, Kanban, Bdd, Git, Mid-Level",German,,,Recent,https://at.linkedin.com/jobs/view/mid-level-test-engineer-test-automation-m-f-d-at-deutsche-telekom-4387866274,2026-03-21T10:24:23.859537+00:00
0,Tester | Austria,linkedin,Test Engineer,Noir,"Linz, Upper Austria, Austria",Hybrid,Full-time,"Ci/Cd, Jenkins, Selenium, Test Automation","Regression Testing, Agile, Scrum, Jira, Postman",English,,,Recent,https://at.linkedin.com/jobs/view/test-engineer-at-noir-4388338949,2026-03-21T10:24:23.859708+00:00
0,Tester | Austria,linkedin,Software Test Engineer & Documentation Writer (w/m/d),Delegate Group,"Vienna, Vienna, Austria",On-site,Full-time,"Ci/Cd, Continuous Testing, Playwright, Selenium, Test Automation","Associate, Microservices, Sql, Scrum, Devops, R, Docker, Oracle, Kanban, Azure",German,,,Recent,https://at.linkedin.com/jobs/view/software-test-engineer-documentation-writer-w-m-d-at-delegate-group-4379825967,2026-03-21T10:24:23.859868+00:00
0,Tester | Austria,linkedin,Reliability & Parametric Test Engineer (ONSITE in Switzerland),Gramian Consulting,Austria,On-site,Contract,"C, Python","R, Linux",English,,,Recent,https://at.linkedin.com/jobs/view/reliability-parametric-test-engineer-onsite-in-switzerland-at-gramian-consulting-4386064487,2026-03-21T10:24:23.860028+00:00
0,Tester | Austria,linkedin,Test Automation Engineer (m/f/d),Deutsche Telekom,"Fünfkirchen, Lower Austria, Austria",On-site,Full-time,"Ci/Cd, Java, Playwright, Selenium, Test Automation","Cypress, R",German,,,Recent,https://at.linkedin.com/jobs/view/test-automation-engineer-m-f-d-at-deutsche-telekom-4386366897,2026-03-21T10:24:23.860200+00:00
0,Tester | Austria,linkedin,Software Tester:in (M/W/D)*,TGW Logistics,"Marchtrenk, Upper Austria, Austria",Remote,Full-time,"C, Javascript","Cypress, R, C#, Vue.Js",German,,,Recent,https://at.linkedin.com/jobs/view/software-tester-in-m-w-d-at-tgw-logistics-4375257894,2026-03-21T10:24:23.860369+00:00
0,Tester | Switzerland,linkedin,Test Engineer,MARQUIS TECHNOLOGIES PRIVATE LIMITED,"Bern, Berne, Switzerland",On-site,Full-time,,,English,,,Recent,https://ch.linkedin.com/jobs/view/test-engineer-at-marquis-technologies-private-limited-4386763414,2026-03-21T10:24:26.213282+00:00
0,Tester | Switzerland,linkedin,Test Engineer,Flexsis,"Zurich, Switzerland",On-site,Full-time,,,English,,,Recent,https://ch.linkedin.com/jobs/view/test-engineer-at-flexsis-4387824751,2026-03-21T10:24:26.213451+00:00
0,Tester | Switzerland,linkedin,Software Test Engineer (a),StaffLnk GmbH,"Berne, Switzerland",On-site,Full-time,,,English,,,Recent,https://ch.linkedin.com/jobs/view/software-test-engineer-a-at-stafflnk-gmbh-4378901898,2026-03-21T10:24:26.213606+00:00
0,Tester | Switzerland,linkedin,Test Automation Engineer,Coopers Group AG,"Risch-Rotkreuz, Zug, Switzerland",On-site,Full-time,Test Automation,,English,,,Recent,https://ch.linkedin.com/jobs/view/test-automation-engineer-at-coopers-group-ag-4384481157,2026-03-21T10:24:26.213761+00:00
0,Tester | Switzerland,linkedin,T24 Test Analyst,SGI,"Zurich, Zurich, Switzerland",On-site,Full-time,,,English,,,Recent,https://ch.linkedin.com/jobs/view/t24-test-analyst-at-sgi-4375670964,2026-03-21T10:24:26.213924+00:00
0,Tester | Switzerland,linkedin,Software Test Automation Engineer,AYES - Management & Technology Consulting,Switzerland,On-site,Full-time,Test Automation,,English,,,Recent,https://ch.linkedin.com/jobs/view/software-test-automation-engineer-at-ayes-management-technology-consulting-4383801077,2026-03-21T10:24:26.214079+00:00
0,Tester | Switzerland,linkedin,Test Development Engineer,Coherent Corp.,"Zurich, Zurich, Switzerland",On-site,Full-time,,,English,,,Recent,https://ch.linkedin.com/jobs/view/test-development-engineer-at-coherent-corp-4385255398,2026-03-21T10:24:26.214428+00:00
0,Tester | Switzerland,linkedin,Professional Test Engineer (m/w/d) - Frontend & Backend (80%) (Ref.Nr.: 46233),Wavestone,"Bern, Berne, Switzerland",On-site,Full-time,,,English,,,Recent,https://ch.linkedin.com/jobs/view/professional-test-engineer-m-w-d-frontend-backend-80%25-ref-nr-46233-at-wavestone-4375553622,2026-03-21T10:24:26.214588+00:00
0,Tester | Remote,linkedin,Quality Assurance Engineer (m/w/d),ISO-Gruppe,"Bonn, North Rhine-Westphalia, Germany",Remote,Full-time,,,English,,,Recent,https://de.linkedin.com/jobs/view/quality-assurance-engineer-m-w-d-at-iso-gruppe-4358570111,2026-03-21T10:24:28.606796+00:00
0,Tester | Remote,linkedin,Test Engineer (w/m/d) - Deutschlandweit,smapOne AG,Germany,Remote,Full-time,,,English,,,Recent,https://de.linkedin.com/jobs/view/test-engineer-w-m-d-deutschlandweit-at-smapone-ag-4373535881,2026-03-21T10:24:28.607001+00:00
0,Tester | Remote,linkedin,Test Engineer (all genders),DEVELOGIC - Subsea Technology,"Hamburg, Hamburg, Germany",Remote,Full-time,,,English,,,Recent,https://de.linkedin.com/jobs/view/test-engineer-all-genders-at-develogic-subsea-technology-4384249725,2026-03-21T10:24:28.607162+00:00
0,Tester | Slovakia,linkedin,Student SW Tester (Part-time position),Surglogs,Slovakia,On-site,Internship,,,English,,,Recent,https://sk.linkedin.com/jobs/view/student-sw-tester-part-time-position-at-surglogs-4380933837,2026-03-21T10:24:31.001494+00:00
0,Tester | Slovakia,linkedin,IT Tester ČSOB (m/ž),ČSOB Finančná skupina,"Bratislava, Slovakia",On-site,Full-time,,,English,,,Recent,https://sk.linkedin.com/jobs/view/it-tester-%C4%8Dsob-m-%C5%BE-at-%C4%8Dsob-finan%C4%8Dn%C3%A1-skupina-4354445255,2026-03-21T10:24:31.001683+00:00
0,Tester | Slovakia,linkedin,Manual QA Tester,Descartes Systems Group,"Žilina, Zilina, Slovakia",On-site,Full-time,,,English,,,Recent,https://sk.linkedin.com/jobs/view/manual-qa-tester-at-descartes-systems-group-4382115365,2026-03-21T10:24:31.002026+00:00
0,Tester | Slovakia,linkedin,Fresh Graduate - Software Test Engineer,Caterpillar Inc.,"Košice, Kosice, Slovakia",On-site,Full-time,,Graduate,English,,,Recent,https://sk.linkedin.com/jobs/view/fresh-graduate-software-test-engineer-at-caterpillar-inc-4388365868,2026-03-21T10:24:31.002205+00:00
0,Tester | Slovakia,linkedin,Test engineer,Magna International,"Kechnec, Kosice, Slovakia",On-site,Internship,,,English,,,Recent,https://sk.linkedin.com/jobs/view/test-engineer-at-magna-international-4219197667,2026-03-21T10:24:31.002377+00:00
0,Tester | Slovakia,linkedin,Test Engineer,Multitude,"Bratislava, Bratislava, Slovakia",On-site,Full-time,,,English,,,Recent,https://sk.linkedin.com/jobs/view/test-engineer-at-multitude-4379037173,2026-03-21T10:24:31.002532+00:00
0,Tester | Slovakia,linkedin,Test engineer-1,Magna International,"Kechnec, Kosice, Slovakia",On-site,Internship,,,English,,,Recent,https://sk.linkedin.com/jobs/view/test-engineer-1-at-magna-international-4284413507,2026-03-21T10:24:31.002693+00:00
0,Tester | Slovakia,linkedin,Medior Agile Tester,ESET,"Bratislava, Bratislava, Slovakia",On-site,Full-time,,Agile,English,,,Recent,https://sk.linkedin.com/jobs/view/medior-agile-tester-at-eset-4374813990,2026-03-21T10:24:31.002856+00:00
0,Tester | Slovakia,linkedin,Agile Test Engineer,ESET,"Bratislava, Bratislava, Slovakia",On-site,Full-time,,Agile,English,,,Recent,https://sk.linkedin.com/jobs/view/agile-test-engineer-at-eset-4375989657,2026-03-21T10:24:31.003010+00:00
0,Tester | Czech Republic,linkedin,QA Tester,Infosyp,"Santo Domingo de Guzmán, Distrito Nacional, Dominican Republic",On-site,Full-time,,,English,,,Recent,https://do.linkedin.com/jobs/view/qa-tester-at-infosyp-4380484222,2026-03-21T10:24:33.370508+00:00
0,Tester | Czech Republic,linkedin,Test Engineer,Eaton,"Bajos de Haina, San Cristóbal, Dominican Republic",On-site,Full-time,,,English,,,Recent,https://do.linkedin.com/jobs/view/test-engineer-at-eaton-4353191207,2026-03-21T10:24:33.370698+00:00
0,Tester | Czech Republic,linkedin,Test Engineer,Rockwell Automation,"Santo Domingo, Distrito Nacional, Dominican Republic",On-site,Full-time,,,English,,,Recent,https://do.linkedin.com/jobs/view/test-engineer-at-rockwell-automation-4380581844,2026-03-21T10:24:33.370868+00:00
0,Tester | Czech Republic,linkedin,Software Development Engineer in Test,Origami Risk,"Santo Domingo, Distrito Nacional, Dominican Republic",On-site,Full-time,,,English,,,Recent,https://do.linkedin.com/jobs/view/software-development-engineer-in-test-at-origami-risk-4375488057,2026-03-21T10:24:33.371029+00:00
0,Tester | Czech Republic,linkedin,Técnico Electrónico II,Eaton,"Bajos de Haina, San Cristóbal, Dominican Republic",On-site,Full-time,,,English,,,Recent,https://do.linkedin.com/jobs/view/t%C3%A9cnico-electr%C3%B3nico-ii-at-eaton-4378934782,2026-03-21T10:24:33.371374+00:00
0,Tester | Czech Republic,linkedin,Coordinator.MFG.Maintenance,Eaton,"Santiago de los Caballeros, Santiago, Dominican Republic",On-site,Full-time,,,English,,,Recent,https://do.linkedin.com/jobs/view/coordinator-mfg-maintenance-at-eaton-4375530633,2026-03-21T10:24:33.371543+00:00
0,Tester | Poland,linkedin,Manual Tester,ipracujzdalnie.pl,"Warsaw, Mazowieckie, Poland",On-site,Full-time,,,English,,,Recent,https://pl.linkedin.com/jobs/view/manual-tester-at-ipracujzdalnie-pl-4376817360,2026-03-21T10:24:35.808494+00:00
0,Tester | Poland,linkedin,Manual Tester,ipracujzdalnie.pl,"Lublin, Lubelskie, Poland",On-site,Full-time,,,English,,,Recent,https://pl.linkedin.com/jobs/view/manual-tester-at-ipracujzdalnie-pl-4376828013,2026-03-21T10:24:35.808677+00:00
0,Tester | Poland,linkedin,Manual Tester,ipracujzdalnie.pl,"Wrocław, Dolnośląskie, Poland",On-site,Full-time,,,English,,,Recent,https://pl.linkedin.com/jobs/view/manual-tester-at-ipracujzdalnie-pl-4376806903,2026-03-21T10:24:35.808833+00:00
0,Tester | Poland,linkedin,Manual Tester,ipracujzdalnie.pl,"Poznań, Wielkopolskie, Poland",On-site,Full-time,,,English,,,Recent,https://pl.linkedin.com/jobs/view/manual-tester-at-ipracujzdalnie-pl-4378376979,2026-03-21T10:24:35.808998+00:00
0,Tester | Poland,linkedin,Manual Tester,ipracujzdalnie.pl,"Gdańsk, Pomorskie, Poland",On-site,Full-time,,,English,,,Recent,https://pl.linkedin.com/jobs/view/manual-tester-at-ipracujzdalnie-pl-4376817359,2026-03-21T10:24:35.809159+00:00
0,Tester | Poland,linkedin,Manual Tester,ipracujzdalnie.pl,"Rzeszów, Podkarpackie, Poland",On-site,Full-time,,,English,,,Recent,https://pl.linkedin.com/jobs/view/manual-tester-at-ipracujzdalnie-pl-4376807853,2026-03-21T10:24:35.809343+00:00
0,Tester | Poland,linkedin,Manual Tester,ipracujzdalnie.pl,"Białystok, Podlaskie, Poland",On-site,Full-time,,,English,,,Recent,https://pl.linkedin.com/jobs/view/manual-tester-at-ipracujzdalnie-pl-4376823266,2026-03-21T10:24:35.809504+00:00
0,Tester | Poland,linkedin,Manual Tester,ipracujzdalnie.pl,"Łódź, Łódzkie, Poland",On-site,Full-time,,,English,,,Recent,https://pl.linkedin.com/jobs/view/manual-tester-at-ipracujzdalnie-pl-4376816514,2026-03-21T10:24:35.809661+00:00
0,Tester | Poland,linkedin,QA Manual Tester (Desktop/Web applications),Inexto SA,"Cracow, Małopolskie, Poland",On-site,Full-time,,,English,,,Recent,https://pl.linkedin.com/jobs/view/qa-manual-tester%C2%A0-desktop-web-applications-at-inexto-sa-4374067677,2026-03-21T10:24:35.809822+00:00
0,Tester | Poland,linkedin,Intermediate Test Engineer - OP02078,Dev.Pro,"Wrocław, Dolnośląskie, Poland",On-site,Full-time,,,English,,,Recent,https://pl.linkedin.com/jobs/view/intermediate-test-engineer-op02078-at-dev-pro-4384854473,2026-03-21T10:24:35.809982+00:00
0,Tester | USA,linkedin,[Entry Level] Software Tester,Lensa,"Plano, TX",On-site,Full-time,,,English,,,Recent,https://www.linkedin.com/jobs/view/entry-level-software-tester-at-lensa-4386107129,2026-03-21T10:24:38.251769+00:00
0,Tester | USA,linkedin,[Entry Level] Software Tester,Lensa,"Bellevue, WA",On-site,Full-time,,,English,,,Recent,https://www.linkedin.com/jobs/view/entry-level-software-tester-at-lensa-4385790935,2026-03-21T10:24:38.251956+00:00
0,Tester | USA,linkedin,Quality Assurance Tester- Junior (Remote),Lensa,"Dallas, TX",Remote,Full-time,,Junior,English,,,Recent,https://www.linkedin.com/jobs/view/quality-assurance-tester-junior-remote-at-lensa-4385788831,2026-03-21T10:24:38.252116+00:00
0,Tester | USA,linkedin,Software Manual QA Tester - Entry Level,Input 1,"Thousand Oaks, CA",On-site,Full-time,,,English,,,Recent,https://www.linkedin.com/jobs/view/software-manual-qa-tester-entry-level-at-input-1-4387727709,2026-03-21T10:24:38.252317+00:00
0,Tester | USA,linkedin,Manual tester,BCforward,"Rochester, MN",On-site,Full-time,,,English,,,Recent,https://www.linkedin.com/jobs/view/manual-tester-at-bcforward-4382132487,2026-03-21T10:24:38.252482+00:00
0,Tester | USA,linkedin,Manual QA Analyst,Lensa,United States,On-site,Full-time,,,English,,,Recent,https://www.linkedin.com/jobs/view/manual-qa-analyst-at-lensa-4386101504,2026-03-21T10:24:38.252639+00:00
0,Tester | USA,linkedin,Software Engineer in Test,Prestige Staffing,"New York, NY",On-site,Full-time,,,English,,,Recent,https://www.linkedin.com/jobs/view/software-engineer-in-test-at-prestige-staffing-4384474614,2026-03-21T10:24:38.252791+00:00
0,Tester | USA,linkedin,[Entry Level] Software Tester / Field Tester,Lensa,"Bellevue, WA",On-site,Full-time,,,English,,,Recent,https://www.linkedin.com/jobs/view/entry-level-software-tester-field-tester-at-lensa-4386106088,2026-03-21T10:24:38.252950+00:00
0,Tester | USA,linkedin,Software Engineer in Test,"TechnoSphere, Inc.","Charlotte, NC",On-site,Full-time,,,English,,,Recent,https://www.linkedin.com/jobs/view/software-engineer-in-test-at-technosphere-inc-4386926535,2026-03-21T10:24:38.253112+00:00
0,Tester | USA,linkedin,Software Test (QA) Engineer,The Mechanical Licensing Collective,United States,On-site,Full-time,,,English,,,Recent,https://www.linkedin.com/jobs/view/software-test-qa-engineer-at-the-mechanical-licensing-collective-4387993980,2026-03-21T10:24:38.253284+00:00
0,Tester | United Kingdom,linkedin,Software Engineer in Test,Christopher Ali,United Kingdom,On-site,Full-time,,,English,,,Recent,https://uk.linkedin.com/jobs/view/software-engineer-in-test-at-christopher-ali-4385949588,2026-03-21T10:24:40.765617+00:00
0,Tester | United Kingdom,linkedin,Software Engineer in Test - £550–£650 per day (Inside IR35),James Chase,"Gatwick, England, United Kingdom",On-site,Full-time,,,English,,,Recent,https://uk.linkedin.com/jobs/view/software-engineer-in-test-%C2%A3550%E2%80%93%C2%A3650-per-day-inside-ir35-at-james-chase-4384467107,2026-03-21T10:24:40.765801+00:00
0,Tester | United Kingdom,linkedin,QA Tester,Addition,"Farnborough, England, United Kingdom",On-site,Full-time,,,English,,,Recent,https://uk.linkedin.com/jobs/view/qa-tester-at-addition-4386384583,2026-03-21T10:24:40.765974+00:00
0,Tester | United Kingdom,linkedin,Test Engineer (SFIA4),Zaizi,"London, England, United Kingdom",On-site,Full-time,,,English,,,Recent,https://uk.linkedin.com/jobs/view/test-engineer-sfia4-at-zaizi-4387267850,2026-03-21T10:24:40.766132+00:00
0,Tester | United Kingdom,linkedin,QA Tester,Methods,"London, England, United Kingdom",On-site,Full-time,,,English,,,Recent,https://uk.linkedin.com/jobs/view/qa-tester-at-methods-4374556931,2026-03-21T10:24:40.766309+00:00
0,Tester | United Kingdom,linkedin,Test Engineer,BSI,"Hemel Hempstead, England, United Kingdom",On-site,Full-time,,,English,,,Recent,https://uk.linkedin.com/jobs/view/test-engineer-at-bsi-4385947198,2026-03-21T10:24:40.766465+00:00
0,Tester | United Kingdom,linkedin,Quality Engineer : Manual Software Testing (Hybrid),TipTopJob,"Durham, England, United Kingdom",Hybrid,Full-time,,,English,,,Recent,https://uk.linkedin.com/jobs/view/quality-engineer-manual-software-testing-hybrid-at-tiptopjob-4378665703,2026-03-21T10:24:40.766746+00:00
0,Tester | United Kingdom,linkedin,QA Test Engineer,Partnerize,"Newcastle Upon Tyne, England, United Kingdom",On-site,Full-time,,,English,,,Recent,https://uk.linkedin.com/jobs/view/qa-test-engineer-at-partnerize-4386764771,2026-03-21T10:24:40.766979+00:00
0,Tester | United Kingdom,linkedin,Remote Game Tester & Survey Taker – Immediate Start (No Experience) - Freecash,Jobster,"London, England, United Kingdom",Remote,Full-time,,,English,,,Recent,https://uk.linkedin.com/jobs/view/remote-game-tester-survey-taker-%E2%80%93-immediate-start-no-experience-freecash-at-jobster-4388515608,2026-03-21T10:24:40.767154+00:00
0,Tester | United Kingdom,linkedin,Quality Assurance Tester,Rebel Recruiters,"Nottinghamshire, England, United Kingdom",On-site,Full-time,,,English,,,Recent,https://uk.linkedin.com/jobs/view/quality-assurance-tester-at-rebel-recruiters-4384446805,2026-03-21T10:24:40.767333+00:00
0,QA Engineer | Germany,linkedin,QA Engineer,Sportradar,"Bremen, Bremen, Germany",On-site,Full-time,,,English,,,Recent,https://de.linkedin.com/jobs/view/qa-engineer-at-sportradar-4386371698,2026-03-21T10:24:43.234631+00:00
0,QA Engineer | Germany,linkedin,Entry-Level Quality Assurance Engineer,PRO Graphic Designer 2022,Germany,On-site,Full-time,,Entry-Level,English,,,Recent,https://de.linkedin.com/jobs/view/entry-level-quality-assurance-engineer-at-pro-graphic-designer-2022-4386155566,2026-03-21T10:24:43.234820+00:00
0,QA Engineer | Germany,linkedin,Entry-Level Quality Assurance Engineer,Infinity Online Math Tutoring,"Berlin, Berlin, Germany",On-site,Full-time,,Entry-Level,English,,,Recent,https://de.linkedin.com/jobs/view/entry-level-quality-assurance-engineer-at-infinity-online-math-tutoring-4388286210,2026-03-21T10:24:43.235311+00:00
0,QA Engineer | Austria,linkedin,Software Quality Engineer,Ketryx,"Vienna, Vienna, Austria",On-site,Full-time,,,English,,,Recent,https://at.linkedin.com/jobs/view/software-quality-engineer-at-ketryx-4308973953,2026-03-21T10:24:45.605634+00:00
0,QA Engineer | Austria,linkedin,QA Engineer (AI native),nyra health,"Vienna, Austria",On-site,Full-time,,,English,,,Recent,https://at.linkedin.com/jobs/view/qa-engineer-ai-native-at-nyra-health-4380894667,2026-03-21T10:24:45.606160+00:00
0,QA Engineer | Austria,linkedin,QA Engineer: Manual Testing (Mobile & Backend),Tractive,"Linz, Upper Austria, Austria",Remote,Full-time,,Manual Testing,English,,,Recent,https://at.linkedin.com/jobs/view/qa-engineer-manual-testing-mobile-backend-at-tractive-4383036532,2026-03-21T10:24:45.606659+00:00
0,QA Engineer | Austria,linkedin,QA Engineer (m/w/d),RINGANA,"Vienna, Vienna, Austria",On-site,Full-time,,,English,,,Recent,https://at.linkedin.com/jobs/view/qa-engineer-m-w-d-at-ringana-4353952752,2026-03-21T10:24:45.606812+00:00
0,QA Engineer | Austria,linkedin,Test Engineer (w/m/d),STARCON | HR Experts,"Salzburg, Austria",On-site,Full-time,,,English,,,Recent,https://at.linkedin.com/jobs/view/test-engineer-w-m-d-at-starcon-hr-experts-4385270017,2026-03-21T10:24:45.606965+00:00
0,QA Engineer | Switzerland,linkedin,QA GDP Engineer,GXP CONSULTING Switzerland,Basel Metropolitan Area,On-site,Full-time,,,English,,,Recent,https://ch.linkedin.com/jobs/view/qa-gdp-engineer-at-gxp-consulting-switzerland-4384471873,2026-03-21T10:24:47.994492+00:00
0,QA Engineer | Switzerland,linkedin,Quality Assurance Engineer 100%,"Bodenmiller Recruitment GmbH | Recruitment for critical hires in Life Sciences, IT, and Engineering","Schaffhausen, Switzerland",Remote,Full-time,,,English,,,Recent,https://ch.linkedin.com/jobs/view/quality-assurance-engineer-100%25-at-bodenmiller-recruitment-gmbh-recruitment-for-critical-hires-in-life-sciences-it-and-engineering-4383310226,2026-03-21T10:24:47.994809+00:00
0,QA Engineer | Switzerland,linkedin,QA Engineer,qiibee,Switzerland,On-site,Full-time,,,English,,,Recent,https://ch.linkedin.com/jobs/view/qa-engineer-at-qiibee-4381273286,2026-03-21T10:24:47.994975+00:00
0,QA Engineer | Switzerland,linkedin,Quality Assurance Engineer,Rayner,"St Gallen, Switzerland",On-site,Full-time,,,English,,,Recent,https://ch.linkedin.com/jobs/view/quality-assurance-engineer-at-rayner-4377842716,2026-03-21T10:24:47.995127+00:00
0,QA Engineer | Switzerland,linkedin,QA Engineer,WEDO,"Fribourg, Fribourg, Switzerland",On-site,Full-time,,,English,,,Recent,https://ch.linkedin.com/jobs/view/qa-engineer-at-wedo-4384804112,2026-03-21T10:24:47.995511+00:00
0,QA Engineer | Switzerland,linkedin,Ingénieur tests/Ingénieure tests,CLEEVEN,"Vaud, Switzerland",On-site,Full-time,,,English,,,Recent,https://ch.linkedin.com/jobs/view/ing%C3%A9nieur-tests-ing%C3%A9nieure-tests-at-cleeven-4375822030,2026-03-21T10:24:47.995667+00:00
0,QA Engineer | Switzerland,linkedin,Testingenieur:in,Coopers Group AG,"Berne, Switzerland",On-site,Full-time,,,English,,,Recent,https://ch.linkedin.com/jobs/view/testingenieur-in-at-coopers-group-ag-4384473558,2026-03-21T10:24:47.995841+00:00
0,QA Engineer | Remote,linkedin,"QA Engineer (freelance contract, full-time)",Lumiform,Germany,Remote,Contract,,,English,,,Recent,https://de.linkedin.com/jobs/view/qa-engineer-freelance-contract-full-time-at-lumiform-4375538991,2026-03-21T10:24:50.375591+00:00
0,QA Engineer | Remote,linkedin,QA Specialist / QA Engineer - Freelanceship - 100% remote,Accelerated,Germany,Remote,Contract,,,English,,,Recent,https://de.linkedin.com/jobs/view/qa-specialist-qa-engineer-freelanceship-100%25-remote-at-accelerated-4375554271,2026-03-21T10:24:50.375739+00:00
0,QA Engineer | Remote,linkedin,QA Testing Engineer/in (Remote - 20h) Werkstudent/in,HeroSoftware GmbH - Shopify Apps,Germany,Remote,Internship,,Working Student,English,,,Recent,https://de.linkedin.com/jobs/view/qa-testing-engineer-in-remote-20h-werkstudent-in-at-herosoftware-gmbh-shopify-apps-4382505253,2026-03-21T10:24:50.375886+00:00
0,QA Engineer | Slovakia,linkedin,Quality Assurance Automation Engineer,Billdu,Bratislava Metropolitan Area,On-site,Full-time,,,English,,,Recent,https://sk.linkedin.com/jobs/view/quality-assurance-automation-engineer-at-billdu-4385255789,2026-03-21T10:24:52.766596+00:00
0,QA Engineer | Slovakia,linkedin,QA Engineer - Manual,OAK'S LAB,Slovakia,On-site,Full-time,,,English,,,Recent,https://sk.linkedin.com/jobs/view/qa-engineer-manual-at-oak-s-lab-4388578535,2026-03-21T10:24:52.766949+00:00
0,QA Engineer | Slovakia,linkedin,QA Engineer (Hybrid set up),Swiss Re,"Bratislava, Bratislava, Slovakia",Hybrid,Full-time,,,English,,,Recent,https://sk.linkedin.com/jobs/view/qa-engineer-hybrid-set-up-at-swiss-re-4384997742,2026-03-21T10:24:52.767112+00:00
0,QA Engineer | Slovakia,linkedin,Quality Assurance Engineer,AT&T,"Košice, Kosice, Slovakia",On-site,Full-time,,,English,,,Recent,https://sk.linkedin.com/jobs/view/quality-assurance-engineer-at-at-t-4386166069,2026-03-21T10:24:52.767296+00:00
0,QA Engineer | Slovakia,linkedin,QA Engineer,Swiss Re,"Bratislava, Bratislava, Slovakia",On-site,Full-time,,,English,,,Recent,https://sk.linkedin.com/jobs/view/qa-engineer-at-swiss-re-4366871953,2026-03-21T10:24:52.767622+00:00
0,QA Engineer | Slovakia,linkedin,Manual QA Engineer (Middle) ID51808,AgileEngine,"Bratislava, Bratislava, Slovakia",On-site,Full-time,,,English,,,Recent,https://sk.linkedin.com/jobs/view/manual-qa-engineer-middle-id51808-at-agileengine-4377642193,2026-03-21T10:24:52.767923+00:00
0,QA Engineer | Czech Republic,linkedin,Ingeniero de Pruebas QA Manual,Infosyp,"Santo Domingo de Guzmán, Distrito Nacional, Dominican Republic",On-site,Full-time,,,English,,,Recent,https://do.linkedin.com/jobs/view/ingeniero-de-pruebas-qa-manual-at-infosyp-4380483272,2026-03-21T10:24:55.162643+00:00
0,QA Engineer | Czech Republic,linkedin,Quality Assurance Engineer - Trabajo Remoto,BairesDev,"Santo Domingo, Distrito Nacional, Dominican Republic",On-site,Full-time,,,English,,,Recent,https://do.linkedin.com/jobs/view/quality-assurance-engineer-trabajo-remoto-at-bairesdev-4385286652,2026-03-21T10:24:55.162832+00:00
0,QA Engineer | Czech Republic,linkedin,Ingeniero QA,GBM,Dominican Republic,On-site,Full-time,,,English,,,Recent,https://do.linkedin.com/jobs/view/ingeniero-qa-at-gbm-4375742926,2026-03-21T10:24:55.162994+00:00
0,QA Engineer | Czech Republic,linkedin,Ingeniero de QA (República Dominicana),GBM,Dominican Republic,On-site,Full-time,,,English,,,Recent,https://do.linkedin.com/jobs/view/ingeniero-de-qa-rep%C3%BAblica-dominicana-at-gbm-4387773579,2026-03-21T10:24:55.163154+00:00
0,QA Engineer | Czech Republic,linkedin,Future QA Engineer Opportunities (Gaming Industry),Perform,Dominican Republic,On-site,Full-time,,,English,,,Recent,https://do.linkedin.com/jobs/view/future-qa-engineer-opportunities-gaming-industry-at-perform-4344181481,2026-03-21T10:24:55.163502+00:00
0,QA Engineer | Czech Republic,linkedin,芯片SLT测试工程师7853,UNISOC,"アト・マジョール州, Hato Mayor, Dominican Republic",On-site,Full-time,,,English,,,Recent,https://do.linkedin.com/jobs/view/%E8%8A%AF%E7%89%87slt%E6%B5%8B%E8%AF%95%E5%B7%A5%E7%A8%8B%E5%B8%887853-at-unisoc-4384176134,2026-03-21T10:24:55.163972+00:00
0,QA Engineer | Czech Republic,linkedin,Sr. SDET (Gaming Industry),Perform,Dominican Republic,On-site,Full-time,,,English,,,Recent,https://do.linkedin.com/jobs/view/sr-sdet-gaming-industry-at-perform-4362287427,2026-03-21T10:24:55.164133+00:00
0,QA Engineer | Poland,linkedin,QA Engineer (f/m/d),ITRex Group,Poland,On-site,Full-time,,,English,,,Recent,https://pl.linkedin.com/jobs/view/qa-engineer-f-m-d-at-itrex-group-4386900562,2026-03-21T10:24:57.583558+00:00
0,QA Engineer | Poland,linkedin,QA Engineer,ALGOTEQUE Innovation Hub,"Warsaw, Mazowieckie, Poland",On-site,Full-time,,,English,,,Recent,https://pl.linkedin.com/jobs/view/qa-engineer-at-algoteque-innovation-hub-4386707563,2026-03-21T10:24:57.583742+00:00
0,QA Engineer | Poland,linkedin,QA Engineer,VIATechnik,"Katowice, Śląskie, Poland",On-site,Full-time,,,English,,,Recent,https://pl.linkedin.com/jobs/view/qa-engineer-at-viatechnik-4387253762,2026-03-21T10:24:57.583900+00:00
0,QA Engineer | Poland,linkedin,Quality Assurance Automation Engineer,5V Video,Poland,On-site,Full-time,,,English,,,Recent,https://pl.linkedin.com/jobs/view/quality-assurance-automation-engineer-at-5v-video-4385253113,2026-03-21T10:24:57.584066+00:00
0,QA Engineer | Poland,linkedin,Junior Test Specialist/QA Engineer (f/m),Netcompany,"Warsaw, Mazowieckie, Poland",On-site,Full-time,,Junior,English,,,Recent,https://pl.linkedin.com/jobs/view/junior-test-specialist-qa-engineer-f-m-at-netcompany-4364598006,2026-03-21T10:24:57.584241+00:00
0,QA Engineer | Poland,linkedin,Junior QA Engineer/ QA Engineer,Amelco Limited,"Warsaw, Mazowieckie, Poland",On-site,Full-time,,Junior,English,,,Recent,https://pl.linkedin.com/jobs/view/junior-qa-engineer-qa-engineer-at-amelco-limited-4387705392,2026-03-21T10:24:57.584402+00:00
0,QA Engineer | Poland,linkedin,"QA Engineer (worldwide remote, work anywhere)",CloudLinux,"Warsaw, Mazowieckie, Poland",Remote,Full-time,,,English,,,Recent,https://pl.linkedin.com/jobs/view/qa-engineer-worldwide-remote-work-anywhere-at-cloudlinux-4375544173,2026-03-21T10:24:57.584715+00:00
0,QA Engineer | Poland,linkedin,QA Engineer/Analyst (Junior/Regular)/ Inetum,Inetum,"Warsaw, Mazowieckie, Poland",On-site,Full-time,,Junior,English,,,Recent,https://pl.linkedin.com/jobs/view/qa-engineer-analyst-junior-regular-inetum-at-inetum-4373817307,2026-03-21T10:24:57.584868+00:00
0,QA Engineer | Poland,linkedin,QA Automation Engineer,Avenga,Poland,On-site,Full-time,,,English,,,Recent,https://pl.linkedin.com/jobs/view/qa-automation-engineer-at-avenga-4384046935,2026-03-21T10:24:57.585025+00:00
0,QA Engineer | USA,linkedin,QA Engineer,MrBeast,United States,On-site,Full-time,,,English,,,Recent,https://www.linkedin.com/jobs/view/qa-engineer-at-mrbeast-4367342975,2026-03-21T10:24:59.997430+00:00
0,QA Engineer | USA,linkedin,"Junior QA Engineer – Recent Grads, This One's for You!",Teak,United States,On-site,Full-time,,Junior,English,,,Recent,https://www.linkedin.com/jobs/view/junior-qa-engineer-%E2%80%93-recent-grads-this-one-s-for-you%21-at-teak-4379436451,2026-03-21T10:24:59.997616+00:00
0,QA Engineer | USA,linkedin,"Junior QA Engineer – Recent Grads, This One's for You",Teak,United States,On-site,Full-time,,Junior,English,,,Recent,https://www.linkedin.com/jobs/view/junior-qa-engineer-%E2%80%93-recent-grads-this-one-s-for-you-at-teak-4383435639,2026-03-21T10:24:59.997783+00:00
0,QA Engineer | USA,linkedin,Junior Manual QA Engineer,Topstep,United States,On-site,Full-time,,Junior,English,,,Recent,https://www.linkedin.com/jobs/view/junior-manual-qa-engineer-at-topstep-4386555245,2026-03-21T10:24:59.997942+00:00
0,QA Engineer | USA,linkedin,Quality Assurance Engineer,The Bexar Company,"Grand Prairie, TX",On-site,Full-time,,,English,,,Recent,https://www.linkedin.com/jobs/view/quality-assurance-engineer-at-the-bexar-company-4379085580,2026-03-21T10:24:59.998097+00:00
0,QA Engineer | USA,linkedin,Quality Assurance Engineer,Tandem Talent Ltd,"Portland, OR",On-site,Full-time,,,English,,,Recent,https://www.linkedin.com/jobs/view/quality-assurance-engineer-at-tandem-talent-ltd-4384470202,2026-03-21T10:24:59.998279+00:00
0,QA Engineer | USA,linkedin,Junior QA Engineer (Entry-Level),CloudBerry,United States,On-site,Full-time,,"Junior, Entry-Level",English,,,Recent,https://www.linkedin.com/jobs/view/junior-qa-engineer-entry-level-at-cloudberry-4379916350,2026-03-21T10:24:59.998435+00:00
0,QA Engineer | USA,linkedin,Quality Assurance Engineer,BrothersTech,United States,On-site,Full-time,,,English,,,Recent,https://www.linkedin.com/jobs/view/quality-assurance-engineer-at-brotherstech-4384446948,2026-03-21T10:24:59.998583+00:00
0,QA Engineer | USA,linkedin,QA Engineer,Comfrt,United States,On-site,Full-time,,,English,,,Recent,https://www.linkedin.com/jobs/view/qa-engineer-at-comfrt-4388572052,2026-03-21T10:24:59.998729+00:00
0,QA Engineer | USA,linkedin,QA Engineer,Scion Staffing,"Dallas, TX",On-site,Full-time,,,English,,,Recent,https://www.linkedin.com/jobs/view/qa-engineer-at-scion-staffing-4388550668,2026-03-21T10:24:59.998879+00:00
0,QA Engineer | United Kingdom,linkedin,Quality Assurance (QA) Engineer,hackajob,"Manchester, England, United Kingdom",On-site,Full-time,,,English,,,Recent,https://uk.linkedin.com/jobs/view/quality-assurance-qa-engineer-at-hackajob-4381077057,2026-03-21T10:25:02.390569+00:00
0,QA Engineer | United Kingdom,linkedin,QA Engineer — £40k–£45k — Join a High-Growth Fintech Supporting Superyachts & Artists Worldwide,Venchr,United Kingdom,On-site,Full-time,,,English,,,Recent,https://uk.linkedin.com/jobs/view/qa-engineer-%E2%80%94-%C2%A340k%E2%80%93%C2%A345k-%E2%80%94-join-a-high-growth-fintech-supporting-superyachts-artists-worldwide-at-venchr-4385279555,2026-03-21T10:25:02.390766+00:00
0,QA Engineer | United Kingdom,linkedin,Quality Assurance Automation Engineer,Provn,"Glasgow, Scotland, United Kingdom",On-site,Full-time,,,English,,,Recent,https://uk.linkedin.com/jobs/view/quality-assurance-automation-engineer-at-provn-4386755942,2026-03-21T10:25:02.391289+00:00
0,QA Engineer | United Kingdom,linkedin,Quality Assurance Engineer,Owen Daniels,"Fareham, England, United Kingdom",On-site,Full-time,,,English,,,Recent,https://uk.linkedin.com/jobs/view/quality-assurance-engineer-at-owen-daniels-4384451577,2026-03-21T10:25:02.391449+00:00
0,QA Engineer | United Kingdom,linkedin,Junior QA Engineer,Xantura Limited,"Greater London, England, United Kingdom",On-site,Full-time,,Junior,English,,,Recent,https://uk.linkedin.com/jobs/view/junior-qa-engineer-at-xantura-limited-4384471417,2026-03-21T10:25:02.391597+00:00
0,QA Engineer | United Kingdom,linkedin,QA Engineer,DOHE,United Kingdom,On-site,Full-time,,,English,,,Recent,https://uk.linkedin.com/jobs/view/qa-engineer-at-dohe-4378768794,2026-03-21T10:25:02.391743+00:00
0,QA Engineer | United Kingdom,linkedin,Junior QA Engineer,Xantura Limited,"London, England, United Kingdom",On-site,Full-time,,Junior,English,,,Recent,https://uk.linkedin.com/jobs/view/junior-qa-engineer-at-xantura-limited-4386766306,2026-03-21T10:25:02.392048+00:00
0,Test Engineer | Germany,linkedin,Quality Assurance Engineer,PSD Group,"Dortmund, North Rhine-Westphalia, Germany",On-site,Full-time,,,English,,,Recent,https://de.linkedin.com/jobs/view/quality-assurance-engineer-at-psd-group-4338425753,2026-03-21T10:25:04.839280+00:00
0,Test Engineer | Germany,linkedin,QA Engineer,Almedia,"Berlin, Germany",On-site,Full-time,,,English,,,Recent,https://de.linkedin.com/jobs/view/qa-engineer-at-almedia-4339366784,2026-03-21T10:25:04.839597+00:00
0,Test Engineer | Austria,linkedin,SQA Ingenieur (m/w/d),SEGULA Technologies,"Graz, Styria, Austria",On-site,Full-time,,,English,,,Recent,https://at.linkedin.com/jobs/view/sqa-ingenieur-m-w-d-at-segula-technologies-4385504193,2026-03-21T10:25:07.246623+00:00
0,Test Engineer | Switzerland,linkedin,Quality Assurance Engineer*,HARTING Technology Group,"Biel, Berne, Switzerland",On-site,Full-time,,,English,,,Recent,https://ch.linkedin.com/jobs/view/quality-assurance-engineer-at-harting-technology-group-4372554786,2026-03-21T10:25:09.629321+00:00
0,Test Engineer | Remote,linkedin,Software Engineer – LLM Code Quality Evaluator | Remote,Crossing Hurdles,Germany,Remote,Full-time,Llm,,English,,,Recent,https://de.linkedin.com/jobs/view/software-engineer-%E2%80%93-llm-code-quality-evaluator-remote-at-crossing-hurdles-4385932459,2026-03-21T10:25:12.073469+00:00
0,Test Engineer | Remote,linkedin,LLM Engineer,Helika,"Berlin, Germany",Remote,Full-time,Llm,,English,,,Recent,https://de.linkedin.com/jobs/view/llm-engineer-at-helika-4386380559,2026-03-21T10:25:12.073787+00:00
0,Test Engineer | Remote,linkedin,Software Engineer (Python/C++) – Code Evaluation | Remote,Crossing Hurdles,Germany,Remote,Full-time,"C, C++, Python",,English,,,Recent,https://de.linkedin.com/jobs/view/software-engineer-python-c%2B%2B-%E2%80%93-code-evaluation-remote-at-crossing-hurdles-4385943035,2026-03-21T10:25:12.073941+00:00
0,Test Engineer | Remote,linkedin,Applied Scientist,Albatross AI,Germany,Remote,Full-time,,,English,,,Recent,https://de.linkedin.com/jobs/view/applied-scientist-at-albatross-ai-4386747220,2026-03-21T10:25:12.074096+00:00
0,Test Engineer | Remote,linkedin,Software Engineer I - Entry-Level,Mercor,"Berlin, Berlin, Germany",Remote,Full-time,,Entry-Level,English,,,Recent,https://de.linkedin.com/jobs/view/software-engineer-i-entry-level-at-mercor-4385798349,2026-03-21T10:25:12.074428+00:00
0,Test Engineer | Czech Republic,linkedin,Software Engineer,Tata Communications,"Santo Domingo, Distrito Nacional, Dominican Republic",On-site,Full-time,,,English,,,Recent,https://do.linkedin.com/jobs/view/software-engineer-at-tata-communications-4383373744,2026-03-21T10:25:16.906903+00:00
0,Test Engineer | Czech Republic,linkedin,Ingeniero de Datos (Junior) - Trabajo Remoto,BairesDev,"Santo Domingo, Dominican Republic",On-site,Full-time,,Junior,English,,,Recent,https://do.linkedin.com/jobs/view/ingeniero-de-datos-junior-trabajo-remoto-at-bairesdev-4385605372,2026-03-21T10:25:16.907223+00:00
0,Test Engineer | Poland,linkedin,Manual Tester,BlueSoft,"Warsaw, Mazowieckie, Poland",On-site,Full-time,,,English,,,Recent,https://pl.linkedin.com/jobs/view/manual-tester-at-bluesoft-4386753216,2026-03-21T10:25:19.318796+00:00
0,Test Engineer | Poland,linkedin,Software Tester,MIG.PL Sp.zo.o.,Poland,On-site,Full-time,,,English,,,Recent,https://pl.linkedin.com/jobs/view/software-tester-at-mig-pl-sp-zo-o-4388338935,2026-03-21T10:25:19.319107+00:00
0,Test Engineer | Poland,linkedin,Manual QA Engineer for Mobile App (Tinder),Zoolatech,"Mazowieckie, Poland",Remote,Full-time,,,English,,,Recent,https://pl.linkedin.com/jobs/view/manual-qa-engineer-for-mobile-app-tinder-at-zoolatech-4384059349,2026-03-21T10:25:19.319280+00:00
0,Test Engineer | Poland,linkedin,Manual Tester,KUBO,"Wrocław, Dolnośląskie, Poland",On-site,Full-time,,,English,,,Recent,https://pl.linkedin.com/jobs/view/manual-tester-at-kubo-4386729804,2026-03-21T10:25:19.319595+00:00
0,Test Engineer | Poland,linkedin,Software Quality Engineer - Manual Testing,Luxoft,"Cracow, Małopolskie, Poland",On-site,Full-time,,Manual Testing,English,,,Recent,https://pl.linkedin.com/jobs/view/software-quality-engineer-manual-testing-at-luxoft-4385334474,2026-03-21T10:25:19.319752+00:00
0,Test Engineer | USA,linkedin,Entry Level Software Engineer,Emonics LLC,"Philadelphia, PA",On-site,Full-time,,,English,,,Recent,https://www.linkedin.com/jobs/view/entry-level-software-engineer-at-emonics-llc-4385606091,2026-03-21T10:25:21.899849+00:00
0,Test Engineer | USA,linkedin,Entry Level Software Engineer,Emonics LLC,"Houston, TX",On-site,Full-time,,,English,,,Recent,https://www.linkedin.com/jobs/view/entry-level-software-engineer-at-emonics-llc-4385286866,2026-03-21T10:25:21.900168+00:00
0,Test Engineer | United Kingdom,linkedin,Quality Assurance Engineer,Coforge,"Telford, England, United Kingdom",On-site,Full-time,,,English,,,Recent,https://uk.linkedin.com/jobs/view/quality-assurance-engineer-at-coforge-4378832906,2026-03-21T10:25:24.378969+00:00
0,Test Engineer | United Kingdom,linkedin,Software Quality Assurance Engineer,Nuclera,"Cambridge, England, United Kingdom",On-site,Full-time,,,English,,,Recent,https://uk.linkedin.com/jobs/view/software-quality-assurance-engineer-at-nuclera-4386746375,2026-03-21T10:25:24.379313+00:00
0,Test Engineer | United Kingdom,linkedin,Software Quality Assurance Engineer,Test Driven Solutions Ltd.,"Newcastle Upon Tyne, England, United Kingdom",On-site,Full-time,,,English,,,Recent,https://uk.linkedin.com/jobs/view/software-quality-assurance-engineer-at-test-driven-solutions-ltd-4386926912,2026-03-21T10:25:24.379629+00:00
0,Test Engineer | United Kingdom,linkedin,Graduate Software Tester (M/F/D)*,TGW Northern Europe,"Market Harborough, England, United Kingdom",On-site,Full-time,,Graduate,English,,,Recent,https://uk.linkedin.com/jobs/view/graduate-software-tester-m-f-d-at-tgw-northern-europe-4384490696,2026-03-21T10:25:24.380125+00:00
0,Testingenieur | Germany,linkedin,Automotive Manufacturing Product Testing Engineer (m/f/d) – Jülich,Quanta Computer Inc. 廣達電腦,"Jülich, North Rhine-Westphalia, Germany",On-site,Full-time,,,English,,,Recent,https://de.linkedin.com/jobs/view/automotive-manufacturing-product-testing-engineer-m-f-d-%E2%80%93-j%C3%BClich-at-quanta-computer-inc-%E5%BB%A3%E9%81%94%E9%9B%BB%E8%85%A6-4385735537,2026-03-21T10:25:26.808925+00:00
0,Testingenieur | Germany,linkedin,"Testingenieur (m/w/d) Chassis, Body, Infotainment (ID: 22219)",Da Vinci Engineering GmbH,"Munich, Bavaria, Germany",On-site,Full-time,,,English,,,Recent,https://de.linkedin.com/jobs/view/testingenieur-m-w-d-chassis-body-infotainment-id-22219-at-da-vinci-engineering-gmbh-4387351276,2026-03-21T10:25:26.809124+00:00
0,Testingenieur | Germany,linkedin,CQV & CSV Engineering Opportunities – Germany,KPC International,"Frankfurt, Hesse, Germany",On-site,Internship,,,English,,,Recent,https://de.linkedin.com/jobs/view/cqv-csv-engineering-opportunities-%E2%80%93-germany-at-kpc-international-4225886744,2026-03-21T10:25:26.809310+00:00
0,Testingenieur | Germany,linkedin,Testingenieur – Mechanical Engineering / Systemtests (all gender),ALTEN,"Hamburg, Hamburg, Germany",On-site,Full-time,,,English,,,Recent,https://de.linkedin.com/jobs/view/testingenieur-%E2%80%93-mechanical-engineering-systemtests-all-gender-at-alten-4373103421,2026-03-21T10:25:26.809472+00:00
0,Testingenieur | Germany,linkedin,Test Technician: Aerospace & Defense - Germany,Orbital Critical Systems (Grupo CAF),"Taufkirchen, Bavaria, Germany",On-site,Full-time,,,English,,,Recent,https://de.linkedin.com/jobs/view/test-technician-aerospace-defense-germany-at-orbital-critical-systems-grupo-caf-4377239245,2026-03-21T10:25:26.809636+00:00
0,Testingenieur | Germany,linkedin,Test Engineer - Avionic Software Integration Test [26051],CS GROUP,"Manching, Bavaria, Germany",On-site,Full-time,,,English,,,Recent,https://de.linkedin.com/jobs/view/test-engineer-avionic-software-integration-test-26051-at-cs-group-4387908993,2026-03-21T10:25:26.809795+00:00
0,Testingenieur | Germany,linkedin,TCMS Test Engineer,SEGULA Technologies,"Mannheim, Baden-Württemberg, Germany",On-site,Full-time,,,English,,,Recent,https://de.linkedin.com/jobs/view/tcms-test-engineer-at-segula-technologies-4378948527,2026-03-21T10:25:26.809952+00:00
0,Testingenieur | Germany,linkedin,Testingenieur*in Elektromechanik / Hardware Test Engineer,TWK,"Düsseldorf, North Rhine-Westphalia, Germany",On-site,Full-time,,,English,,,Recent,https://de.linkedin.com/jobs/view/testingenieur-in-elektromechanik-hardware-test-engineer-at-twk-4377721114,2026-03-21T10:25:26.810110+00:00
0,Testingenieur | Germany,linkedin,Junior Entwicklungs- und Testingenieur für aktive Mikrowellengeräte (m/w/d) (ID: 22110),Da Vinci Engineering GmbH,"Backnang, Baden-Württemberg, Germany",On-site,Full-time,,"Junior, R",German,,,Recent,https://de.linkedin.com/jobs/view/junior-entwicklungs-und-testingenieur-f%C3%BCr-aktive-mikrowellenger%C3%A4te-m-w-d-id-22110-at-da-vinci-engineering-gmbh-4368592256,2026-03-21T10:25:26.810292+00:00
0,Testingenieur | Germany,linkedin,Testingenieur – Mechanical Engineering / Systemtests (all gender),ALTEN Germany,"Hamburg, Hamburg, Germany",On-site,Full-time,,,English,,,Recent,https://de.linkedin.com/jobs/view/testingenieur-%E2%80%93-mechanical-engineering-systemtests-all-gender-at-alten-germany-4373680351,2026-03-21T10:25:26.810455+00:00
0,Testingenieur | Austria,linkedin,Work at PSI Austria,PSI Software – Process Industries & Metals,"Graz, Styria, Austria",On-site,Full-time,,,English,,,Recent,https://at.linkedin.com/jobs/view/work-at-psi-austria-at-psi-software-%E2%80%93-process-industries-metals-4381841539,2026-03-21T10:25:29.197331+00:00
0,Testingenieur | Austria,linkedin,Softwareingenieur:in,Wallner Automation GmbH,"Eugendorf, Salzburg, Austria",On-site,Full-time,,,English,,,Recent,https://at.linkedin.com/jobs/view/softwareingenieur-in-at-wallner-automation-gmbh-4385742672,2026-03-21T10:25:29.197493+00:00
0,Testingenieur | Austria,linkedin,(Junior) Product Developer - Medical Technology (m/w/d),Lohmann & Rauscher Österreich,"Schönau an der Triesting, Lower Austria, Austria",On-site,Full-time,,Junior,German,,,Recent,https://at.linkedin.com/jobs/view/junior-product-developer-medical-technology-m-w-d-at-lohmann-rauscher-%C3%B6sterreich-4366717813,2026-03-21T10:25:29.197805+00:00
0,Testingenieur | Austria,linkedin,(Junior) Product Developer - Medical Technology (m/w/d),Lohmann & Rauscher Österreich,"Schönau an der Triesting, Lower Austria, Austria",On-site,Full-time,,Junior,German,,,Recent,https://at.linkedin.com/jobs/view/junior-product-developer-medical-technology-m-w-d-at-lohmann-rauscher-%C3%B6sterreich-4366724622,2026-03-21T10:25:29.197963+00:00
0,Testingenieur | Austria,linkedin,(Junior) Product Developer - Medical Technology (m/w/d),Lohmann & Rauscher,"Schönau an der Triesting, Lower Austria, Austria",On-site,Full-time,,Junior,German,,,Recent,https://at.linkedin.com/jobs/view/junior-product-developer-medical-technology-m-w-d-at-lohmann-rauscher-4366732501,2026-03-21T10:25:29.198110+00:00
0,Testingenieur | Switzerland,linkedin,"Industrialization, Electronics Test Engineer",ANYbotics,"Zurich, Zurich, Switzerland",On-site,Full-time,,,English,,,Recent,https://ch.linkedin.com/jobs/view/industrialization-electronics-test-engineer-at-anybotics-4378614840,2026-03-21T10:25:31.586614+00:00
0,Testingenieur | Switzerland,linkedin,Ingénieur d’assurance qualité/Ingénieure d’assurance qualité,CLEEVEN,"Vaud, Switzerland",On-site,Full-time,,,English,,,Recent,https://ch.linkedin.com/jobs/view/ing%C3%A9nieur-d%E2%80%99assurance-qualit%C3%A9-ing%C3%A9nieure-d%E2%80%99assurance-qualit%C3%A9-at-cleeven-4375806763,2026-03-21T10:25:31.586768+00:00
0,Testingenieur | Switzerland,linkedin,Responsable de Tests,PrimeIT Switzerland,"Geneva, Switzerland",On-site,Full-time,,,English,,,Recent,https://ch.linkedin.com/jobs/view/responsable-de-tests-at-primeit-switzerland-4371002302,2026-03-21T10:25:31.587256+00:00
0,Testingenieur | Switzerland,linkedin,AI Speech Tester (Italian native speaker - Switzerland regional variant),TSMG Holding,"Bellinzona, Ticino, Switzerland",On-site,Full-time,,,English,,,Recent,https://ch.linkedin.com/jobs/view/ai-speech-tester-italian-native-speaker-switzerland-regional-variant-at-tsmg-holding-4383377773,2026-03-21T10:25:31.587409+00:00
0,Testingenieur | Remote,linkedin,Design Engineer,vvd,Germany,Remote,Full-time,,,English,,,Recent,https://de.linkedin.com/jobs/view/design-engineer-at-vvd-4386302599,2026-03-21T10:25:33.968742+00:00
0,Testingenieur | Remote,linkedin,Mobile Device Management (iOS oder Android) (m/w/d),ZABEL,Hannover-Braunschweig-Göttingen-Wolfsburg Region,Remote,Full-time,,,English,,,Recent,https://de.linkedin.com/jobs/view/mobile-device-management-ios-oder-android-m-w-d-at-zabel-4386035954,2026-03-21T10:25:33.969575+00:00
0,Testingenieur | Remote,linkedin,System- und Testingenieur Funkkommunikationssysteme (all gender) 300,ALTEN Germany,"Stuttgart, Baden-Württemberg, Germany",Remote,Full-time,,,German,,,Recent,https://de.linkedin.com/jobs/view/system-und-testingenieur-funkkommunikationssysteme-all-gender-300-at-alten-germany-4361021637,2026-03-21T10:25:33.969735+00:00
0,Testingenieur | Slovakia,linkedin,Automatizačný softvérový inžinier,Hoval Energy Recovery,"Istebné, Zilina, Slovakia",On-site,Full-time,,,English,,,Recent,https://sk.linkedin.com/jobs/view/automatiza%C4%8Dn%C3%BD-softv%C3%A9rov%C3%BD-in%C5%BEinier-at-hoval-energy-recovery-4382510757,2026-03-21T10:25:36.352500+00:00
0,Testingenieur | Slovakia,linkedin,Automatizačný softvérový inžinier,Hoval Romania,"Istebné, Zilina, Slovakia",On-site,Full-time,,,English,,,Recent,https://sk.linkedin.com/jobs/view/automatiza%C4%8Dn%C3%BD-softv%C3%A9rov%C3%BD-in%C5%BEinier-at-hoval-romania-4382490406,2026-03-21T10:25:36.352693+00:00
0,Testingenieur | Slovakia,linkedin,AOSP DEVELOPER - AUTOMOTIVE DOMAIN - CZECHIA BASED PROJECT,Quest Global,Slovakia,On-site,Contract,,,English,,,Recent,https://sk.linkedin.com/jobs/view/aosp-developer-automotive-domain-czechia-based-project-at-quest-global-4362200771,2026-03-21T10:25:36.352860+00:00
0,Testingenieur | Slovakia,linkedin,Automatizačný softvérový inžinier,Hoval Hrvatska,"Istebné, Zilina, Slovakia",On-site,Full-time,,,English,,,Recent,https://sk.linkedin.com/jobs/view/automatiza%C4%8Dn%C3%BD-softv%C3%A9rov%C3%BD-in%C5%BEinier-at-hoval-hrvatska-4383849585,2026-03-21T10:25:36.353520+00:00
0,Testingenieur | Czech Republic,linkedin,Test Phenom,Ministry of the Interior of the Czech Republic,Dominican Republic,On-site,Full-time,,,English,,,Recent,https://do.linkedin.com/jobs/view/test-phenom-at-ministry-of-the-interior-of-the-czech-republic-4383782700,2026-03-21T10:25:38.745736+00:00
0,Testingenieur | Czech Republic,linkedin,硬件NPI工程师(008102),UNISOC,"アト・マジョール州, Hato Mayor, Dominican Republic",On-site,Full-time,,,English,,,Recent,https://do.linkedin.com/jobs/view/%E7%A1%AC%E4%BB%B6npi%E5%B7%A5%E7%A8%8B%E5%B8%88-008102-at-unisoc-4387808983,2026-03-21T10:25:38.746040+00:00
0,Testingenieur | Czech Republic,linkedin,硬件NPI工程师8052,UNISOC,"アト・マジョール州, Hato Mayor, Dominican Republic",On-site,Full-time,,,English,,,Recent,https://do.linkedin.com/jobs/view/%E7%A1%AC%E4%BB%B6npi%E5%B7%A5%E7%A8%8B%E5%B8%888052-at-unisoc-4384162904,2026-03-21T10:25:38.746213+00:00
0,Testingenieur | Czech Republic,linkedin,高低速接口工程师8049,UNISOC,"アト・マジョール州, Hato Mayor, Dominican Republic",On-site,Full-time,,,English,,,Recent,https://do.linkedin.com/jobs/view/%E9%AB%98%E4%BD%8E%E9%80%9F%E6%8E%A5%E5%8F%A3%E5%B7%A5%E7%A8%8B%E5%B8%888049-at-unisoc-4384164940,2026-03-21T10:25:38.746374+00:00
0,Testingenieur | Poland,linkedin,QA Tester Automation (100% zdalnie),SEDIVIO,"Warsaw, Mazowieckie, Poland",Remote,Full-time,,,English,,,Recent,https://pl.linkedin.com/jobs/view/qa-tester-automation-100%25-zdalnie-at-sedivio-4385977289,2026-03-21T10:25:41.181577+00:00
0,Testingenieur | Poland,linkedin,Mechanical Designer / Test Engineer (f/m),Airbus Helicopters,"Łódź, Łódzkie, Poland",On-site,Full-time,,,English,,,Recent,https://pl.linkedin.com/jobs/view/mechanical-designer-test-engineer-f-m-at-airbus-helicopters-4378564274,2026-03-21T10:25:41.182081+00:00
0,Testingenieur | Poland,linkedin,Staż – QA Tester / Technik IT Lab,Hitachi Energy,Cracow Metropolitan Area,On-site,Internship,"Firmware, Python, Selenium",Linux,English,,,Recent,https://pl.linkedin.com/jobs/view/sta%C5%BC-%E2%80%93-qa-tester-technik-it-lab-at-hitachi-energy-4252366661,2026-03-21T10:25:41.182266+00:00
0,Testingenieur | Poland,linkedin,Test Engineer,Wipro,"Warsaw, Mazowieckie, Poland",On-site,Full-time,,,English,,,Recent,https://pl.linkedin.com/jobs/view/test-engineer-at-wipro-4385248237,2026-03-21T10:25:41.182437+00:00
0,Testingenieur | Poland,linkedin,Test Engineer,Wipro,"Gdańsk, Pomorskie, Poland",On-site,Full-time,,,English,,,Recent,https://pl.linkedin.com/jobs/view/test-engineer-at-wipro-4385233958,2026-03-21T10:25:41.182745+00:00
0,Testingenieur | Poland,linkedin,"Tester / Testerka  - Wroclaw (Dolnośląskie), Polska",Astek,Wroclaw Metropolitan Area,On-site,Full-time,,"Agile, Scrum, Confluence, R, Jira",English,,,Recent,https://pl.linkedin.com/jobs/view/tester-testerka-wroclaw-dolno%C5%9Bl%C4%85skie-polska-at-astek-4358055143,2026-03-21T10:25:41.182904+00:00
0,Testingenieur | Poland,linkedin,Junior Application Engineer,WNS,Kielce Metropolitan Area,On-site,Full-time,,"Confluence, Junior, Jira, Sql",English,,,Recent,https://pl.linkedin.com/jobs/view/junior-application-engineer-at-wns-4386776226,2026-03-21T10:25:41.183062+00:00
0,Testingenieur | USA,linkedin,Mechanical Test Engineer,Applus+ Laboratories,"Houston, TX",On-site,Internship,,,English,,,Recent,https://www.linkedin.com/jobs/view/mechanical-test-engineer-at-applus%2B-laboratories-4125985556,2026-03-21T10:25:43.701388+00:00
0,Testingenieur | USA,linkedin,General Engineer (EMP Test Engineer),Air Force Civilian Service,"Albuquerque, NM",Remote,Full-time,,Mil,English,,,Recent,https://www.linkedin.com/jobs/view/general-engineer-emp-test-engineer-at-air-force-civilian-service-4385293847,2026-03-21T10:25:43.701721+00:00
0,Testingenieur | USA,linkedin,Remote QA/Test Engineer (NO C2C),Solving IT,United States,Remote,Contract,"Can, Ci/Cd, Pytest, Python, Robot Framework, System Testing","Sql, Load Testing, Devops, Azure",English,,,Recent,https://www.linkedin.com/jobs/view/remote-qa-test-engineer-no-c2c-at-solving-it-4385606780,2026-03-21T10:25:43.701874+00:00
0,Testingenieur | USA,linkedin,Mechanical Engineer - Testing and Assembly,"TechSource, Inc","Los Alamos, NM",Hybrid,Contract,,Assembly,English,,,Recent,https://www.linkedin.com/jobs/view/mechanical-engineer-testing-and-assembly-at-techsource-inc-4383338319,2026-03-21T10:25:43.702032+00:00
0,Testingenieur | USA,linkedin,Mechanical Test Engineer (Entry-Level),IRPI,"Wilsonville, OR",On-site,Full-time,,Entry-Level,English,,,Recent,https://www.linkedin.com/jobs/view/mechanical-test-engineer-entry-level-at-irpi-4383848129,2026-03-21T10:25:43.702357+00:00
0,Testingenieur | USA,linkedin,Test Engineer I – Early Career (2026 Starts),Blue Origin,"Lancaster, CA",On-site,Full-time,,,English,,,Recent,https://www.linkedin.com/jobs/view/test-engineer-i-%E2%80%93-early-career-2026-starts-at-blue-origin-4353142610,2026-03-21T10:25:43.702663+00:00
0,Testingenieur | United Kingdom,linkedin,Mechanical Test Engineer,BSI,"Hemel Hempstead, England, United Kingdom",On-site,Full-time,,,English,,,Recent,https://uk.linkedin.com/jobs/view/mechanical-test-engineer-at-bsi-3841320068,2026-03-21T10:25:46.178719+00:00
0,Testingenieur | United Kingdom,linkedin,Test & Means Engineer,SEGULA Technologies,"Aylesbury, England, United Kingdom",On-site,Full-time,,,English,,,Recent,https://uk.linkedin.com/jobs/view/test-means-engineer-at-segula-technologies-4388521223,2026-03-21T10:25:46.178905+00:00
0,Testingenieur | United Kingdom,linkedin,Test Engineer,BSI,"Hemel Hempstead, England, United Kingdom",On-site,Full-time,,,English,,,Recent,https://uk.linkedin.com/jobs/view/test-engineer-at-bsi-4367290557,2026-03-21T10:25:46.179066+00:00
0,Testingenieur | United Kingdom,linkedin,Test Engineer - PPE,BSI,"Hemel Hempstead, England, United Kingdom",On-site,Full-time,,,English,,,Recent,https://uk.linkedin.com/jobs/view/test-engineer-ppe-at-bsi-4372575424,2026-03-21T10:25:46.179243+00:00
0,Testingenieur | United Kingdom,linkedin,Test Engineer - Personal Safety Team (PPE) - Future Talent Pipeline,BSI,"Hemel Hempstead, England, United Kingdom",On-site,Full-time,,,English,,,Recent,https://uk.linkedin.com/jobs/view/test-engineer-personal-safety-team-ppe-future-talent-pipeline-at-bsi-4383956793,2026-03-21T10:25:46.179709+00:00
0,Testingenieur | United Kingdom,linkedin,Mobile Automation Test Engineer,Solirius Reply,"Coventry, England, United Kingdom",Remote,Full-time,,,English,,,Recent,https://uk.linkedin.com/jobs/view/mobile-automation-test-engineer-at-solirius-reply-4376807247,2026-03-21T10:25:46.180186+00:00
0,Test Automation | Switzerland,linkedin,Testing,Ampegon,"Baden, Aargau, Switzerland",On-site,Full-time,,,English,,,Recent,https://ch.linkedin.com/jobs/view/testing-at-ampegon-4350701131,2026-03-21T10:25:53.380211+00:00
0,Test Automation | Switzerland,linkedin,Product Quality Engineering - QC,Manpower Switzerland,Basel Metropolitan Area,On-site,Full-time,,,English,,,Recent,https://ch.linkedin.com/jobs/view/product-quality-engineering-qc-at-manpower-switzerland-4383126782,2026-03-21T10:25:53.380850+00:00
0,Test Automation | Switzerland,linkedin,Test Analyst,Hays,Geneva Metropolitan Area,On-site,Full-time,,,English,,,Recent,https://ch.linkedin.com/jobs/view/test-analyst-at-hays-4381405973,2026-03-21T10:25:53.381483+00:00
0,Test Automation | Remote,linkedin,Test Automation Engineer (m/w/d),SPIRIT-ONSIDE Consulting GmbH,Germany,Remote,Full-time,Test Automation,,English,,,Recent,https://de.linkedin.com/jobs/view/test-automation-engineer-m-w-d-at-spirit-onside-consulting-gmbh-4374812688,2026-03-21T10:25:55.783510+00:00
0,Test Automation | Slovakia,linkedin,Digital Product & Technology Officer,MindFriend PRO,"Bratislava, Bratislava, Slovakia",On-site,Full-time,,,English,,,Recent,https://sk.linkedin.com/jobs/view/digital-product-technology-officer-at-mindfriend-pro-4388275637,2026-03-21T10:25:58.215021+00:00
0,Test Automation | Slovakia,linkedin,Junior Test Automation Engineer,IBM,"Bratislava, Bratislava, Slovakia",On-site,Full-time,Test Automation,Junior,English,,,Recent,https://sk.linkedin.com/jobs/view/junior-test-automation-engineer-at-ibm-4388336260,2026-03-21T10:25:58.215669+00:00
0,Test Automation | Czech Republic,linkedin,Analista de Calidad,Quala,Dominican Republic,On-site,Full-time,,,English,,,Recent,https://do.linkedin.com/jobs/view/analista-de-calidad-at-quala-4374385837,2026-03-21T10:26:00.599419+00:00
0,Test Automation | Czech Republic,linkedin,QA Analista Funcional Republica Dominicana,Agilesoft,Dominican Republic,On-site,Full-time,,,English,,,Recent,https://do.linkedin.com/jobs/view/qa-analista-funcional-republica-dominicana-at-agilesoft-4384274923,2026-03-21T10:26:00.599909+00:00
0,Test Automation | Czech Republic,linkedin,QA Automation/Developer,Tu Empleo RD,"Santo Domingo Este, Santo Domingo, Dominican Republic",On-site,Full-time,,,English,,,Recent,https://do.linkedin.com/jobs/view/qa-automation-developer-at-tu-empleo-rd-4388384567,2026-03-21T10:26:00.600062+00:00
0,Test Automation | Czech Republic,linkedin,Aprendiz de QA,Babel,"Santo Domingo, Distrito Nacional, Dominican Republic",On-site,Full-time,,,English,,,Recent,https://do.linkedin.com/jobs/view/aprendiz-de-qa-at-babel-4370737100,2026-03-21T10:26:00.600552+00:00
0,Test Automation | Czech Republic,linkedin,Full Stack Developer,TP,"Santo Domingo, Distrito Nacional, Dominican Republic",On-site,Full-time,,,English,,,Recent,https://do.linkedin.com/jobs/view/full-stack-developer-at-tp-4386379125,2026-03-21T10:26:00.600703+00:00
0,Test Automation | Czech Republic,linkedin,Quality Assurance Analyst,GBS Dominican Republic,"Santiago, Dominican Republic",On-site,Full-time,,,English,,,Recent,https://do.linkedin.com/jobs/view/quality-assurance-analyst-at-gbs-dominican-republic-4375884151,2026-03-21T10:26:00.600853+00:00
0,Test Automation | Poland,linkedin,Test Automation Engineer,ALGOTEQUE Innovation Hub,"Cracow, Małopolskie, Poland",On-site,Full-time,Test Automation,,English,,,Recent,https://pl.linkedin.com/jobs/view/test-automation-engineer-at-algoteque-innovation-hub-4386367901,2026-03-21T10:26:03.025237+00:00
0,Test Automation | Poland,linkedin,QA Analyst (Manual & Automation)/ I,Inetum,"Warsaw, Mazowieckie, Poland",On-site,Full-time,,,English,,,Recent,https://pl.linkedin.com/jobs/view/qa-analyst-manual-automation-i-at-inetum-4373813470,2026-03-21T10:26:03.025725+00:00
0,Test Automation | Poland,linkedin,Manager - Quality Assurance,Xperi Inc.,"Warsaw, Mazowieckie, Poland",On-site,Full-time,,,English,,,Recent,https://pl.linkedin.com/jobs/view/manager-quality-assurance-at-xperi-inc-4377391461,2026-03-21T10:26:03.026029+00:00
0,Test Automation | USA,linkedin,QA Automation Tester,nLeague,"Hartford, CT",On-site,Full-time,,,English,,,Recent,https://www.linkedin.com/jobs/view/qa-automation-tester-at-nleague-4385113850,2026-03-21T10:26:05.590699+00:00
0,Test Automation | USA,linkedin,Junior Quality Assurance (QA) Analyst,Mployer,"Nashville, TN",On-site,Full-time,,Junior,English,,,Recent,https://www.linkedin.com/jobs/view/junior-quality-assurance-qa-analyst-at-mployer-4385274824,2026-03-21T10:26:05.591392+00:00
0,Test Automation | USA,linkedin,Manual and Automation Tester,"PlanIT Group, LLC","Washington, DC",On-site,Full-time,,,English,,,Recent,https://www.linkedin.com/jobs/view/manual-and-automation-tester-at-planit-group-llc-4381425440,2026-03-21T10:26:05.592150+00:00
0,Test Automation | United Kingdom,linkedin,Test Automation Engineer,Deloitte,"Glasgow, Scotland, United Kingdom",On-site,Full-time,Test Automation,,English,,,Recent,https://uk.linkedin.com/jobs/view/test-automation-engineer-at-deloitte-4383541540,2026-03-21T10:26:08.037235+00:00
0,Test Automation | United Kingdom,linkedin,Automation Test Analyst,TopCashback UK,"Horwich, England, United Kingdom",On-site,Full-time,,,English,,,Recent,https://uk.linkedin.com/jobs/view/automation-test-analyst-at-topcashback-uk-4388339506,2026-03-21T10:26:08.038131+00:00
0,Python Developer | Germany,linkedin,Python Developer | Remote,Crossing Hurdles,Germany,Remote,Full-time,Python,,English,,,Recent,https://de.linkedin.com/jobs/view/python-developer-remote-at-crossing-hurdles-4384231902,2026-03-21T10:26:10.494611+00:00
0,Python Developer | Germany,linkedin,Python Developer | Remote,Crossing Hurdles,Germany,Remote,Full-time,Python,,English,,,Recent,https://de.linkedin.com/jobs/view/python-developer-remote-at-crossing-hurdles-4370016911,2026-03-21T10:26:10.494770+00:00
0,Python Developer | Germany,linkedin,Remote Python Software Engineer,Mercor,"Berlin, Berlin, Germany",Remote,Full-time,Python,,English,,,Recent,https://de.linkedin.com/jobs/view/remote-python-software-engineer-at-mercor-4385788676,2026-03-21T10:26:10.494924+00:00
0,Python Developer | Germany,linkedin,Web Developer,JOBSTODAY.WORLD,Germany,On-site,Full-time,,,English,,,Recent,https://de.linkedin.com/jobs/view/web-developer-at-jobstoday-world-4384449048,2026-03-21T10:26:10.495075+00:00
0,Python Developer | Germany,linkedin,Python Developer | Remote,Crossing Hurdles,Germany,Remote,Full-time,Python,,English,,,Recent,https://de.linkedin.com/jobs/view/python-developer-remote-at-crossing-hurdles-4382848413,2026-03-21T10:26:10.495244+00:00
0,Python Developer | Germany,linkedin,Python Engineer,Contiamo,"Berlin, Berlin, Germany",On-site,Full-time,Python,,English,,,Recent,https://de.linkedin.com/jobs/view/python-engineer-at-contiamo-4379119880,2026-03-21T10:26:10.495394+00:00
0,Python Developer | Germany,linkedin,Python Developer,PURVIEW,"Bavaria, Germany",On-site,Full-time,Python,,English,,,Recent,https://de.linkedin.com/jobs/view/python-developer-at-purview-4386883148,2026-03-21T10:26:10.495547+00:00
0,Python Developer | Germany,linkedin,Python Software Engineer,Mercor,"Berlin, Berlin, Germany",On-site,Full-time,Python,,English,,,Recent,https://de.linkedin.com/jobs/view/python-software-engineer-at-mercor-4386104145,2026-03-21T10:26:10.495696+00:00
0,Python Developer | Germany,linkedin,Python Developer,La Fosse,Germany,On-site,Full-time,Python,,English,,,Recent,https://de.linkedin.com/jobs/view/python-developer-at-la-fosse-4376485802,2026-03-21T10:26:10.495848+00:00
0,Python Developer | Austria,linkedin,Python Developer | Remote,Crossing Hurdles,Austria,Remote,Full-time,Python,,English,,,Recent,https://at.linkedin.com/jobs/view/python-developer-remote-at-crossing-hurdles-4382857147,2026-03-21T10:26:12.966597+00:00
0,Python Developer | Austria,linkedin,Python Developer (m/f/d),netcup,"Klagenfurt, Carinthia, Austria",On-site,Full-time,Python,,English,,,Recent,https://at.linkedin.com/jobs/view/python-developer-m-f-d-at-netcup-4377576625,2026-03-21T10:26:12.966784+00:00
0,Python Developer | Austria,linkedin,Freelance Data Science Engineer (Python & SQL),Mindrift,Austria,On-site,Contract,Python,"Data Science, Sql",English,,,Recent,https://at.linkedin.com/jobs/view/freelance-data-science-engineer-python-sql-at-mindrift-4387273738,2026-03-21T10:26:12.966952+00:00
0,Python Developer | Austria,linkedin,Python Developer (m/w/d),NTS Netzwerk Telekom Service AG,"Vienna, Vienna, Austria",On-site,Full-time,Python,,English,,,Recent,https://at.linkedin.com/jobs/view/python-developer-m-w-d-at-nts-netzwerk-telekom-service-ag-4376207290,2026-03-21T10:26:12.967301+00:00
0,Python Developer | Austria,linkedin,Python Developer (m/w/d),NTS Netzwerk Telekom Service AG,"Graz, Styria, Austria",On-site,Full-time,Python,,English,,,Recent,https://at.linkedin.com/jobs/view/python-developer-m-w-d-at-nts-netzwerk-telekom-service-ag-4375997803,2026-03-21T10:26:12.967468+00:00
0,Python Developer | Austria,linkedin,Freelance AI Evaluation Engineer (Python/Full-Stack),Mindrift,Austria,On-site,Contract,Python,,English,,,Recent,https://at.linkedin.com/jobs/view/freelance-ai-evaluation-engineer-python-full-stack-at-mindrift-4385326719,2026-03-21T10:26:12.967628+00:00
0,Python Developer | Austria,linkedin,Automotive Engineer with Python - Freelance AI Trainer,Mindrift,Austria,On-site,Contract,Python,,English,,,Recent,https://at.linkedin.com/jobs/view/automotive-engineer-with-python-freelance-ai-trainer-at-mindrift-4386776776,2026-03-21T10:26:12.967781+00:00
0,Python Developer | Austria,linkedin,Electrical Engineer with Python - Freelance AI Trainer,Mindrift,Austria,On-site,Contract,Python,,English,,,Recent,https://at.linkedin.com/jobs/view/electrical-engineer-with-python-freelance-ai-trainer-at-mindrift-4386050982,2026-03-21T10:26:12.967936+00:00
0,Python Developer | Austria,linkedin,Python Developer – Focus on Data Analysis (m/f/d),netcup,"Klagenfurt, Carinthia, Austria",Remote,Internship,"Can, Ci/Cd, Python","Sql, Pandas, Scikit-Learn",English,,,Recent,https://at.linkedin.com/jobs/view/python-developer-%E2%80%93-focus-on-data-analysis-m-f-d-at-netcup-4387689048,2026-03-21T10:26:12.968095+00:00
0,Python Developer | Switzerland,linkedin,Backend Python Developer,Coopers Group AG,"Basel, Switzerland",On-site,Full-time,Python,,English,,,Recent,https://ch.linkedin.com/jobs/view/backend-python-developer-at-coopers-group-ag-4374563631,2026-03-21T10:26:15.358341+00:00
0,Python Developer | Switzerland,linkedin,CodeNext - Software Engineer (Python),Sonar,"Geneva, Geneva, Switzerland",On-site,Full-time,Python,,English,,,Recent,https://ch.linkedin.com/jobs/view/codenext-software-engineer-python-at-sonar-4297261847,2026-03-21T10:26:15.358526+00:00
0,Python Developer | Switzerland,linkedin,Full Stack Software Engineer (Frontend-Leaning),Uthereal,"Zurich, Switzerland",On-site,Full-time,,,English,,,Recent,https://ch.linkedin.com/jobs/view/full-stack-software-engineer-frontend-leaning-at-uthereal-4386939369,2026-03-21T10:26:15.358684+00:00
0,Python Developer | Switzerland,linkedin,Développeur Java Back-End (h/f),Redsen,"Geneva, Switzerland",On-site,Full-time,Java,,English,,,Recent,https://ch.linkedin.com/jobs/view/d%C3%A9veloppeur-java-back-end-h-f-at-redsen-4384029483,2026-03-21T10:26:15.358838+00:00
0,Python Developer | Switzerland,linkedin,Développeur Python/Développeuse Python,Qim info,"Geneva, Switzerland",On-site,Full-time,Python,,English,,,Recent,https://ch.linkedin.com/jobs/view/d%C3%A9veloppeur-python-d%C3%A9veloppeuse-python-at-qim-info-4383551383,2026-03-21T10:26:15.358998+00:00
0,Python Developer | Switzerland,linkedin,Python Developer  (80% remote),Ivy Partners,"Valais, Switzerland",Remote,Full-time,Python,,English,,,Recent,https://ch.linkedin.com/jobs/view/python-developer-80%25-remote-at-ivy-partners-4378373740,2026-03-21T10:26:15.359157+00:00
0,Python Developer | Switzerland,linkedin,Full Stack Engineer Intern — Connected Services & Augmented Intelligence,Biostarks (AMR Labs),"Geneva, Geneva, Switzerland",On-site,Internship,,Intern,English,,,Recent,https://ch.linkedin.com/jobs/view/full-stack-engineer-intern-%E2%80%94-connected-services-augmented-intelligence-at-biostarks-amr-labs-4386938428,2026-03-21T10:26:15.359325+00:00
0,Python Developer | Switzerland,linkedin,Fullstack Software Developer (m/w/d),Mikron Automation,"Boudry, Neuchâtel, Switzerland",On-site,Full-time,,,English,,,Recent,https://ch.linkedin.com/jobs/view/fullstack-software-developer-m-w-d-at-mikron-automation-4386774025,2026-03-21T10:26:15.359491+00:00
0,Python Developer | Switzerland,linkedin,Full Stack Engineer Intern — Connected Services & Augmented Intelligence,Biostarks (AMR Labs),"Lausanne, Vaud, Switzerland",On-site,Internship,,Intern,English,,,Recent,https://ch.linkedin.com/jobs/view/full-stack-engineer-intern-%E2%80%94-connected-services-augmented-intelligence-at-biostarks-amr-labs-4386948020,2026-03-21T10:26:15.359640+00:00
0,Python Developer | Switzerland,linkedin,Backend Python Developer – 6877,CTC Resourcing Solutions,"Basel, Switzerland",On-site,Full-time,Python,,English,,,Recent,https://ch.linkedin.com/jobs/view/backend-python-developer-%E2%80%93-6877-at-ctc-resourcing-solutions-4379039599,2026-03-21T10:26:15.359805+00:00
0,Python Developer | Remote,linkedin,Junior Backend Developer (Python) (m/w/d) 20h Stellenbeschreibung READ DESCRIPTION before,uNaice GmbH,Germany,Remote,Full-time,Python,Junior,English,,,Recent,https://de.linkedin.com/jobs/view/junior-backend-developer-python-m-w-d-20h-stellenbeschreibung-read-description-before-at-unaice-gmbh-4385746489,2026-03-21T10:26:17.828248+00:00
0,Python Developer | Remote,linkedin,Freelance Data Science Engineer (Python & SQL),Mindrift,"Berlin, Berlin, Germany",Remote,Contract,Python,"Data Science, Sql",English,,,Recent,https://de.linkedin.com/jobs/view/freelance-data-science-engineer-python-sql-at-mindrift-4387277581,2026-03-21T10:26:17.828405+00:00
0,Python Developer | Slovakia,linkedin,Python Software Developer,Nokia,"Bratislava, Bratislava, Slovakia",On-site,Full-time,Python,,English,,,Recent,https://sk.linkedin.com/jobs/view/python-software-developer-at-nokia-4289894545,2026-03-21T10:26:20.206724+00:00
0,Python Developer | Slovakia,linkedin,Full-Stack Developer (Python + JS),GoReel,Slovakia,On-site,Full-time,Python,,English,,,Recent,https://sk.linkedin.com/jobs/view/full-stack-developer-python-%2B-js-at-goreel-4378381916,2026-03-21T10:26:20.207048+00:00
0,Python Developer | Slovakia,linkedin,Python Software Engineer,ESET,"Bratislava, Bratislava, Slovakia",On-site,Full-time,Python,,English,,,Recent,https://sk.linkedin.com/jobs/view/python-software-engineer-at-eset-4292497215,2026-03-21T10:26:20.207225+00:00
0,Python Developer | Slovakia,linkedin,Software Engineer - Python,Legend,"Bratislava, Bratislava, Slovakia",On-site,Full-time,Python,,English,,,Recent,https://sk.linkedin.com/jobs/view/software-engineer-python-at-legend-4371203262,2026-03-21T10:26:20.207388+00:00
0,Python Developer | Slovakia,linkedin,Python Developer – meteorologické modelovanie,MicroStep-MIS,"Bratislava, Bratislava, Slovakia",On-site,Full-time,Python,,English,,,Recent,https://sk.linkedin.com/jobs/view/python-developer-%E2%80%93-meteorologick%C3%A9-modelovanie-at-microstep-mis-4383552379,2026-03-21T10:26:20.207541+00:00
0,Python Developer | Slovakia,linkedin,Python Software Engineer,ESET,"Bratislava, Bratislava, Slovakia",On-site,Full-time,Python,,English,,,Recent,https://sk.linkedin.com/jobs/view/python-software-engineer-at-eset-4385085021,2026-03-21T10:26:20.207706+00:00
0,Python Developer | Slovakia,linkedin,Software Engineer (JavaScript/Python),ESET,"Bratislava, Bratislava, Slovakia",On-site,Full-time,"Javascript, Python",,English,,,Recent,https://sk.linkedin.com/jobs/view/software-engineer-javascript-python-at-eset-4352754566,2026-03-21T10:26:20.207858+00:00
0,Python Developer | Slovakia,linkedin,"Junior AI Engineer – Python, GenAI & Machine Learning (m/f)",PwC Slovakia,"Bratislava, Bratislava, Slovakia",On-site,Full-time,Python,"Junior, Machine Learning",English,,,Recent,https://sk.linkedin.com/jobs/view/junior-ai-engineer-%E2%80%93-python-genai-machine-learning-m-f-at-pwc-slovakia-4328270572,2026-03-21T10:26:20.208004+00:00
0,Python Developer | Czech Republic,linkedin,DESARROLLADOR BACK-END (QIK),Banco Popular Dominicano,"Santo Domingo, Distrito Nacional, Dominican Republic",On-site,Full-time,,,English,,,Recent,https://do.linkedin.com/jobs/view/desarrollador-back-end-qik-at-banco-popular-dominicano-4387989552,2026-03-21T10:26:22.592188+00:00
0,Python Developer | Czech Republic,linkedin,Junior Full Stack Engineer (R&D Team) (BPO Industry),Linuo Group,"Santo Domingo, Distrito Nacional, Dominican Republic",On-site,Full-time,,"Junior, R",English,,,Recent,https://do.linkedin.com/jobs/view/junior-full-stack-engineer-r-d-team-bpo-industry-at-linuo-group-4377697907,2026-03-21T10:26:22.592355+00:00
0,Python Developer | Czech Republic,linkedin,Backend Engineer (Java/Python),Stats Perform,Dominican Republic,On-site,Full-time,"Java, Python",,English,,,Recent,https://do.linkedin.com/jobs/view/backend-engineer-java-python-at-stats-perform-4388201865,2026-03-21T10:26:22.592516+00:00
0,Python Developer | Czech Republic,linkedin,Full Stack Developer (React/Redux),Perform,"Santo Domingo, Distrito Nacional, Dominican Republic",On-site,Full-time,,React,English,,,Recent,https://do.linkedin.com/jobs/view/full-stack-developer-react-redux-at-perform-4385284137,2026-03-21T10:26:22.592672+00:00
0,Python Developer | Czech Republic,linkedin,Full Stack Developer (React/Redux),Perform,Dominican Republic,On-site,Full-time,,React,English,,,Recent,https://do.linkedin.com/jobs/view/full-stack-developer-react-redux-at-perform-4384080780,2026-03-21T10:26:22.592828+00:00
0,Python Developer | Czech Republic,linkedin,Full Stack WordPress Developer (Front End Focused),Powdevs,Dominican Republic,On-site,Full-time,,,English,,,Recent,https://do.linkedin.com/jobs/view/full-stack-wordpress-developer-front-end-focused-at-powdevs-4386504027,2026-03-21T10:26:22.593131+00:00
0,Python Developer | Czech Republic,linkedin,Back End Developer,SmartEnergy.com,"Santo Domingo, Distrito Nacional, Dominican Republic",On-site,Full-time,,,English,,,Recent,https://do.linkedin.com/jobs/view/back-end-developer-at-smartenergy-com-4387880600,2026-03-21T10:26:22.593450+00:00
0,Python Developer | Poland,linkedin,Software Engineer (Python) - AI Platform,Revolut,Poland,On-site,Full-time,Python,,English,,,Recent,https://pl.linkedin.com/jobs/view/software-engineer-python-ai-platform-at-revolut-4250500721,2026-03-21T10:26:24.988630+00:00
0,Python Developer | Poland,linkedin,Python Developer,iteo,"Katowice, Śląskie, Poland",On-site,Full-time,Python,,English,,,Recent,https://pl.linkedin.com/jobs/view/python-developer-at-iteo-4386386599,2026-03-21T10:26:24.988812+00:00
0,Python Developer | Poland,linkedin,Python Fullstack Developer,Ework Group,Warsaw Metropolitan Area,On-site,Full-time,Python,,English,,,Recent,https://pl.linkedin.com/jobs/view/python-fullstack-developer-at-ework-group-4381473986,2026-03-21T10:26:24.988990+00:00
0,Python Developer | Poland,linkedin,Python Developer,ALGOTEQUE Innovation Hub,"Warsaw, Mazowieckie, Poland",On-site,Full-time,Python,,English,,,Recent,https://pl.linkedin.com/jobs/view/python-developer-at-algoteque-innovation-hub-4386719045,2026-03-21T10:26:24.989154+00:00
0,Python Developer | Poland,linkedin,Python Developer,Seargin,Poland,On-site,Full-time,Python,,English,,,Recent,https://pl.linkedin.com/jobs/view/python-developer-at-seargin-4385377452,2026-03-21T10:26:24.989330+00:00
0,Python Developer | Poland,linkedin,Software Engineer (4/5) — Developer Platform,Netflix,"Warsaw, Mazowieckie, Poland",On-site,Full-time,,,English,,,Recent,https://pl.linkedin.com/jobs/view/software-engineer-4-5-%E2%80%94-developer-platform-at-netflix-4193468200,2026-03-21T10:26:24.989485+00:00
0,Python Developer | Poland,linkedin,Python Developer,ALGOTEQUE Innovation Hub,"Warsaw, Mazowieckie, Poland",On-site,Full-time,Python,,English,,,Recent,https://pl.linkedin.com/jobs/view/python-developer-at-algoteque-innovation-hub-4386712241,2026-03-21T10:26:24.989653+00:00
0,Python Developer | Poland,linkedin,Python Developer,IT Factory,"Warsaw, Mazowieckie, Poland",On-site,Full-time,Python,,English,,,Recent,https://pl.linkedin.com/jobs/view/python-developer-at-it-factory-4386772668,2026-03-21T10:26:24.989804+00:00
0,Python Developer | Poland,linkedin,Full Stack Developer ( Python/C++),Talan,"Warsaw, Mazowieckie, Poland",On-site,Full-time,"C, C++, Python",,English,,,Recent,https://pl.linkedin.com/jobs/view/full-stack-developer-python-c%2B%2B-at-talan-4385923350,2026-03-21T10:26:24.989964+00:00
0,Python Developer | Poland,linkedin,Python Developer,Talent Complete,Poland,On-site,Full-time,Python,,English,,,Recent,https://pl.linkedin.com/jobs/view/python-developer-at-talent-complete-4386328777,2026-03-21T10:26:24.990115+00:00
0,Python Developer | USA,linkedin,Software Engineer - Python,Blackstone Talent Group,"Colorado Springs, CO",On-site,Full-time,Python,,English,,,Recent,https://www.linkedin.com/jobs/view/software-engineer-python-at-blackstone-talent-group-4386538248,2026-03-21T10:26:27.490980+00:00
0,Python Developer | USA,linkedin,Python Developer,The Value Maximizer,"Austin, TX",On-site,Full-time,Python,,English,,,Recent,https://www.linkedin.com/jobs/view/python-developer-at-the-value-maximizer-4386541065,2026-03-21T10:26:27.491164+00:00
0,Python Developer | USA,linkedin,Python Developer,The Value Maximizer,"New Jersey, United States",On-site,Full-time,Python,,English,,,Recent,https://www.linkedin.com/jobs/view/python-developer-at-the-value-maximizer-4386519926,2026-03-21T10:26:27.491346+00:00
0,Python Developer | USA,linkedin,Python Developer,The Value Maximizer,"Florida, United States",On-site,Full-time,Python,,English,,,Recent,https://www.linkedin.com/jobs/view/python-developer-at-the-value-maximizer-4386541066,2026-03-21T10:26:27.491501+00:00
0,Python Developer | USA,linkedin,Sr Python Software Engineer,NielsenIQ,"Columbus, OH",On-site,Full-time,Python,,English,,,Recent,https://www.linkedin.com/jobs/view/sr-python-software-engineer-at-nielseniq-4386915990,2026-03-21T10:26:27.491656+00:00
0,Python Developer | USA,linkedin,Python Developer,Lorven Technologies Inc.,"Irving, TX",On-site,Full-time,Python,,English,,,Recent,https://www.linkedin.com/jobs/view/python-developer-at-lorven-technologies-inc-4385265367,2026-03-21T10:26:27.491810+00:00
0,Python Developer | USA,linkedin,Python Developer Intern,Precisely,United States,On-site,Internship,Python,Intern,English,,,Recent,https://www.linkedin.com/jobs/view/python-developer-intern-at-precisely-4382115210,2026-03-21T10:26:27.491966+00:00
0,Python Developer | USA,linkedin,Python Developer,Tata Consultancy Services,"Pennington, NJ",On-site,Full-time,Python,,English,,,Recent,https://www.linkedin.com/jobs/view/python-developer-at-tata-consultancy-services-4385960182,2026-03-21T10:26:27.492118+00:00
0,Python Developer | USA,linkedin,Backend Engineer Intern,Tinder,"Los Angeles, CA",On-site,Internship,,Intern,English,,,Recent,https://www.linkedin.com/jobs/view/backend-engineer-intern-at-tinder-4324000392,2026-03-21T10:26:27.492288+00:00
0,Python Developer | USA,linkedin,Python Developer,M1 Technology LLC,"Chantilly, VA",On-site,Full-time,Python,,English,,,Recent,https://www.linkedin.com/jobs/view/python-developer-at-m1-technology-llc-4386914785,2026-03-21T10:26:27.492439+00:00
0,Python Developer | United Kingdom,linkedin,Python Developer,Vallum Associates,"Sheffield, England, United Kingdom",On-site,Full-time,Python,,English,,,Recent,https://uk.linkedin.com/jobs/view/python-developer-at-vallum-associates-4386768090,2026-03-21T10:26:29.927669+00:00
0,Python Developer | United Kingdom,linkedin,Software Engineer (Python) - AI Platform,Revolut,United Kingdom,On-site,Full-time,Python,,English,,,Recent,https://uk.linkedin.com/jobs/view/software-engineer-python-ai-platform-at-revolut-4250197984,2026-03-21T10:26:29.927862+00:00
0,Python Developer | United Kingdom,linkedin,Python Developer,Thyme,"London Area, United Kingdom",On-site,Full-time,Python,,English,,,Recent,https://uk.linkedin.com/jobs/view/python-developer-at-thyme-4384060173,2026-03-21T10:26:29.928027+00:00
0,Python Developer | United Kingdom,linkedin,Python Developer,Wipro,"London Area, United Kingdom",On-site,Full-time,Python,,English,,,Recent,https://uk.linkedin.com/jobs/view/python-developer-at-wipro-4384455997,2026-03-21T10:26:29.928203+00:00
0,Python Developer | United Kingdom,linkedin,Python Developer,TrueNorth®,United Kingdom,On-site,Full-time,Python,,English,,,Recent,https://uk.linkedin.com/jobs/view/python-developer-at-truenorth%C2%AE-4386773756,2026-03-21T10:26:29.928366+00:00
0,Python Developer | United Kingdom,linkedin,"Python Software Engineer - Remote Working - Up to £120,000 Base (+Bonus, equity etc)",Hunter Bond,"London Area, United Kingdom",Remote,Full-time,Python,,English,,,Recent,https://uk.linkedin.com/jobs/view/python-software-engineer-remote-working-up-to-%C2%A3120-000-base-%2Bbonus-equity-etc-at-hunter-bond-4384712221,2026-03-21T10:26:29.928527+00:00
0,Python Developer | United Kingdom,linkedin,Python Developer,Venturi,"London Area, United Kingdom",On-site,Full-time,Python,,English,,,Recent,https://uk.linkedin.com/jobs/view/python-developer-at-venturi-4385239761,2026-03-21T10:26:29.928843+00:00
0,Python Developer | United Kingdom,linkedin,"Python Software Engineer - Hybrid working - Up to £250,000 Base (+ Bonus)",Hunter Bond,"London Area, United Kingdom",Hybrid,Full-time,Python,,English,,,Recent,https://uk.linkedin.com/jobs/view/python-software-engineer-hybrid-working-up-to-%C2%A3250-000-base-%2B-bonus-at-hunter-bond-4384710461,2026-03-21T10:26:29.928997+00:00
0,Python Developer | United Kingdom,linkedin,Python Developer,mthree,"London Area, United Kingdom",On-site,Full-time,Python,,English,,,Recent,https://uk.linkedin.com/jobs/view/python-developer-at-mthree-4384489438,2026-03-21T10:26:29.929153+00:00
0,Python Test | Austria,linkedin,Quality Engineer (m/f/d),SEA.AI,"Linz, Upper Austria, Austria",On-site,Full-time,,,English,,,Recent,https://at.linkedin.com/jobs/view/quality-engineer-m-f-d-at-sea-ai-4373453620,2026-03-21T10:26:34.754840+00:00
0,Python Test | Austria,linkedin,Quality Engineer (m/w/d),Vusion,"Fernitz-Mellach, Styria, Austria",On-site,Full-time,,,English,,,Recent,https://at.linkedin.com/jobs/view/quality-engineer-m-w-d-at-vusion-4380690033,2026-03-21T10:26:34.755345+00:00
0,Python Test | Switzerland,linkedin,Test Automation Engineer (m/f/d) - 860049/1,Hays,"Risch-Rotkreuz, Zug, Switzerland",On-site,Full-time,Test Automation,,English,,,Recent,https://ch.linkedin.com/jobs/view/test-automation-engineer-m-f-d-860049-1-at-hays-4387857646,2026-03-21T10:26:37.128630+00:00
0,Python Test | Switzerland,linkedin,ML Platform Engineer | Zurich OR Fribourg | Switzerland,Acquism SARL,"Zurich, Zurich, Switzerland",On-site,Full-time,,,English,,,Recent,https://ch.linkedin.com/jobs/view/ml-platform-engineer-zurich-or-fribourg-switzerland-at-acquism-sarl-4386922057,2026-03-21T10:26:37.128939+00:00
0,Python Test | Slovakia,linkedin,Quality Assurance Automation Engineer,Billdu,"Bratislava, Bratislava, Slovakia",On-site,Full-time,,,English,,,Recent,https://sk.linkedin.com/jobs/view/quality-assurance-automation-engineer-at-billdu-4387888986,2026-03-21T10:26:41.951068+00:00
0,Python Test | Slovakia,linkedin,Junior Test Automation Engineer,IBM,"Košice, Kosice, Slovakia",On-site,Full-time,Test Automation,Junior,English,,,Recent,https://sk.linkedin.com/jobs/view/junior-test-automation-engineer-at-ibm-4388328650,2026-03-21T10:26:41.951237+00:00
0,Python Test | Czech Republic,linkedin,Manufacturing Engineer I 2do turno,Medtronic,"San Isidro, Santo Domingo, Dominican Republic",On-site,Full-time,,,English,,,Recent,https://do.linkedin.com/jobs/view/manufacturing-engineer-i-2do-turno-at-medtronic-4380761740,2026-03-21T10:26:44.350006+00:00
0,Python Test | Czech Republic,linkedin,Trainee in Application Lab,STMicroelectronics,"Batey 8, Independencia Province, Dominican Republic",On-site,Full-time,,Trainee,English,,,Recent,https://do.linkedin.com/jobs/view/trainee-in-application-lab-at-stmicroelectronics-4377848452,2026-03-21T10:26:44.350164+00:00
0,Python Test | Czech Republic,linkedin,"Eng I, Software Quality, APM, Temporary",BD,Dominican Republic,On-site,Full-time,,,English,,,Recent,https://do.linkedin.com/jobs/view/eng-i-software-quality-apm-temporary-at-bd-4377424260,2026-03-21T10:26:44.350824+00:00
0,Python Test | Czech Republic,linkedin,Quality Engineer III,Nissha Medical Technologies,Dominican Republic,On-site,Full-time,,,English,,,Recent,https://do.linkedin.com/jobs/view/quality-engineer-iii-at-nissha-medical-technologies-4388364407,2026-03-21T10:26:44.351135+00:00
0,Python Test | Poland,linkedin,Junior QA Automation Engineer,Talan,"Warsaw, Mazowieckie, Poland",On-site,Full-time,,Junior,English,,,Recent,https://pl.linkedin.com/jobs/view/junior-qa-automation-engineer-at-talan-4367209775,2026-03-21T10:26:46.762346+00:00
0,Python Test | Poland,linkedin,Junior QA Engineer (Automation) – Remote,Indivd,Poland,Remote,Full-time,,Junior,English,,,Recent,https://pl.linkedin.com/jobs/view/junior-qa-engineer-automation-%E2%80%93-remote-at-indivd-4379444416,2026-03-21T10:26:46.762676+00:00
0,Python Test | Poland,linkedin,Software Test Engineer,Rho,Poland,On-site,Full-time,,,English,,,Recent,https://pl.linkedin.com/jobs/view/software-test-engineer-at-rho-4308483608,2026-03-21T10:26:46.762987+00:00
0,Python Test | Poland,linkedin,Quality Assurance Engineer,STAGE24.PL,"Poznań, Wielkopolskie, Poland",On-site,Full-time,,,English,,,Recent,https://pl.linkedin.com/jobs/view/quality-assurance-engineer-at-stage24-pl-4386837726,2026-03-21T10:26:46.763136+00:00
0,Python Test | Poland,linkedin,Sr Engineer - Software QA,Xperi Inc.,"Warsaw, Mazowieckie, Poland",On-site,Full-time,,,English,,,Recent,https://pl.linkedin.com/jobs/view/sr-engineer-software-qa-at-xperi-inc-4380687880,2026-03-21T10:26:46.763312+00:00
0,Python Test | Poland,linkedin,Quality Engineer,"Pyramid Consulting, Inc",Wroclaw Metropolitan Area,On-site,Full-time,,,English,,,Recent,https://pl.linkedin.com/jobs/view/quality-engineer-at-pyramid-consulting-inc-4379914302,2026-03-21T10:26:46.763470+00:00
0,Python Test | Poland,linkedin,Quality Assurance Automation Engineer,Coforge,"Krakowski, Małopolskie, Poland",On-site,Full-time,,,English,,,Recent,https://pl.linkedin.com/jobs/view/quality-assurance-automation-engineer-at-coforge-4386857065,2026-03-21T10:26:46.763622+00:00
0,Python Test | USA,linkedin,Robotics Software QA Engineer,Ambi Robotics,"Berkeley, CA",On-site,Full-time,,,English,,,Recent,https://www.linkedin.com/jobs/view/robotics-software-qa-engineer-at-ambi-robotics-4387234829,2026-03-21T10:26:49.597848+00:00
0,Python Test | USA,linkedin,Software QA Analyst II,SmartLight Analytics,United States,On-site,Full-time,,,English,,,Recent,https://www.linkedin.com/jobs/view/software-qa-analyst-ii-at-smartlight-analytics-4386913931,2026-03-21T10:26:49.598326+00:00
0,Python Test | USA,linkedin,Quality Assurance Engineer,SoCode US,Denver Metropolitan Area,On-site,Full-time,,,English,,,Recent,https://www.linkedin.com/jobs/view/quality-assurance-engineer-at-socode-us-4388700833,2026-03-21T10:26:49.598629+00:00
0,Python Test | USA,linkedin,Software Quality Engineer,BioHorizons,"Birmingham, AL",On-site,Full-time,,,English,,,Recent,https://www.linkedin.com/jobs/view/software-quality-engineer-at-biohorizons-4386516515,2026-03-21T10:26:49.598778+00:00
0,Python Test | United Kingdom,linkedin,Software Quality Assurance Engineer,FastDox,"Wilmslow, England, United Kingdom",On-site,Full-time,,,English,,,Recent,https://uk.linkedin.com/jobs/view/software-quality-assurance-engineer-at-fastdox-4381434207,2026-03-21T10:26:52.082166+00:00
0,Python Test | United Kingdom,linkedin,QA Test Engineer,Leo Recruitment Limited,"Poole, England, United Kingdom",On-site,Full-time,,,English,,,Recent,https://uk.linkedin.com/jobs/view/qa-test-engineer-at-leo-recruitment-limited-4383339453,2026-03-21T10:26:52.082501+00:00
0,Firmware Engineer | Germany,linkedin,Software Embedded Engineer,Corsair,"Landshut, Bavaria, Germany",On-site,Full-time,,,English,,,Recent,https://de.linkedin.com/jobs/view/software-embedded-engineer-at-corsair-4351784200,2026-03-21T10:26:54.491720+00:00
0,Firmware Engineer | Germany,linkedin,Embedded Software Entwickler (m/w/d),IRS Systementwicklung GmbH,"Wörth an der Donau, Bavaria, Germany",On-site,Full-time,,,German,,,Recent,https://de.linkedin.com/jobs/view/embedded-software-entwickler-m-w-d-at-irs-systementwicklung-gmbh-4384039215,2026-03-21T10:26:54.492249+00:00
0,Firmware Engineer | Germany,linkedin,FREELANCE - Embedded Engineer (m/w/x) - München,requisimus,"Esslingen, Baden-Württemberg, Germany",On-site,Contract,,,English,,,Recent,https://de.linkedin.com/jobs/view/freelance-embedded-engineer-m-w-x-m%C3%BCnchen-at-requisimus-4388321602,2026-03-21T10:26:54.492414+00:00
0,Firmware Engineer | Germany,linkedin,Embedded Software Ingenieur (w/m/d),XTENDED ENGINEERING GMBH,"Munich, Bavaria, Germany",On-site,Full-time,,,English,,,Recent,https://de.linkedin.com/jobs/view/embedded-software-ingenieur-w-m-d-at-xtended-engineering-gmbh-4384883199,2026-03-21T10:26:54.492574+00:00
0,Firmware Engineer | Germany,linkedin,Embedded Software / Firmware Developer (m/w/d),secunet Security Networks AG,"Berlin, Berlin, Germany",On-site,Full-time,Firmware,,English,,,Recent,https://de.linkedin.com/jobs/view/embedded-software-firmware-developer-m-w-d-at-secunet-security-networks-ag-4375269838,2026-03-21T10:26:54.492740+00:00
0,Firmware Engineer | Germany,linkedin,Embedded Software-Entwickler (m/w/d),Bytec Medizintechnik GmbH,"Eschweiler, North Rhine-Westphalia, Germany",On-site,Contract,"C, C++, Rtos","Linux, R, Dart, Qnx",German,,,Recent,https://de.linkedin.com/jobs/view/embedded-software-entwickler-m-w-d-at-bytec-medizintechnik-gmbh-4386111911,2026-03-21T10:26:54.492894+00:00
0,Firmware Engineer | Germany,linkedin,Software Engineer (Java & or Angular),Shiftmove,"Berlin, Berlin, Germany",On-site,Full-time,Java,Angular,English,,,Recent,https://de.linkedin.com/jobs/view/software-engineer-java-or-angular-at-shiftmove-4378326003,2026-03-21T10:26:54.493048+00:00
0,Firmware Engineer | Germany,linkedin,Software Engineer - iOS (m/f/d),Flink,"Berlin, Berlin, Germany",On-site,Full-time,,,English,,,Recent,https://de.linkedin.com/jobs/view/software-engineer-ios-m-f-d-at-flink-4387935962,2026-03-21T10:26:54.493212+00:00
0,Firmware Engineer | Austria,linkedin,C++ Embedded Software Engineer (ESP32) (m/f/x),go-e,Greater Graz,On-site,Full-time,"C, C++, Go",Esp32,English,,,Recent,https://at.linkedin.com/jobs/view/c%2B%2B-embedded-software-engineer-esp32-m-f-x-at-go-e-4387415157,2026-03-21T10:26:56.861280+00:00
0,Firmware Engineer | Austria,linkedin,Embedded Software Engineer (full-time)  (f/m/d),TriLite Technologies,"Vienna, Vienna, Austria",On-site,Full-time,,,English,,,Recent,https://at.linkedin.com/jobs/view/embedded-software-engineer-full-time-f-m-d-at-trilite-technologies-4385036296,2026-03-21T10:26:56.861467+00:00
0,Firmware Engineer | Austria,linkedin,Software Engineer,Talos Automation,"Styria, Austria",On-site,Full-time,,,English,,,Recent,https://at.linkedin.com/jobs/view/software-engineer-at-talos-automation-4375539342,2026-03-21T10:26:56.861798+00:00
0,Firmware Engineer | Austria,linkedin,Embedded Systems Engineer (HW & SW),Cellectric Biosciences,"Vienna, Austria",On-site,Full-time,Embedded Systems,,English,,,Recent,https://at.linkedin.com/jobs/view/embedded-systems-engineer-hw-sw-at-cellectric-biosciences-4375682410,2026-03-21T10:26:56.861949+00:00
0,Firmware Engineer | Austria,linkedin,Embedded Software Engineer (all genders),Beyond Gravity,"Vienna, Vienna, Austria",On-site,Full-time,,,English,,,Recent,https://at.linkedin.com/jobs/view/embedded-software-engineer-all-genders-at-beyond-gravity-4381414954,2026-03-21T10:26:56.862103+00:00
0,Firmware Engineer | Austria,linkedin,"Embedded Engineer, Camera",Snap Inc.,"Vienna, Vienna, Austria",On-site,Full-time,,,English,,,Recent,https://at.linkedin.com/jobs/view/embedded-engineer-camera-at-snap-inc-4343180012,2026-03-21T10:26:56.862475+00:00
0,Firmware Engineer | Austria,linkedin,Embedded Software Entwickler (w/m/d),Knorr-Bremse AG,"Mödling, Lower Austria, Austria",On-site,Full-time,,,English,,,Recent,https://at.linkedin.com/jobs/view/embedded-software-entwickler-w-m-d-at-knorr-bremse-ag-4383941891,2026-03-21T10:26:56.862629+00:00
0,Firmware Engineer | Austria,linkedin,Embedded Software Engineer - R&D,Tractive,"Linz, Upper Austria, Austria",On-site,Full-time,,R,English,,,Recent,https://at.linkedin.com/jobs/view/embedded-software-engineer-r-d-at-tractive-4385438605,2026-03-21T10:26:56.862787+00:00
0,Firmware Engineer | Switzerland,linkedin,Junior Software Engineer Low Latency Trading,Digital Wave Finance AG,"Zug, Zug, Switzerland",On-site,Full-time,,Junior,English,,,Recent,https://ch.linkedin.com/jobs/view/junior-software-engineer-low-latency-trading-at-digital-wave-finance-ag-4386311276,2026-03-21T10:26:59.244188+00:00
0,Firmware Engineer | Switzerland,linkedin,Embedded Software Engineer – e-Bike Systems,Specialized Bicycle Components,"Cham, Zug, Switzerland",On-site,Full-time,,,English,,,Recent,https://ch.linkedin.com/jobs/view/embedded-software-engineer-%E2%80%93-e-bike-systems-at-specialized-bicycle-components-4249261377,2026-03-21T10:26:59.244377+00:00
0,Firmware Engineer | Switzerland,linkedin,Embedded Engineer,NielsenIQ,"Kriegstetten, Solothurn, Switzerland",On-site,Internship,"Arm, Bash, C, C++, Embedded Linux, Embedded Systems, Javascript, Python, Rtos, Spi","Linux, Zephyr, Stm32, Agile, Scrum, R, Safe, Freertos",English,,,Recent,https://ch.linkedin.com/jobs/view/embedded-engineer-at-nielseniq-4382425033,2026-03-21T10:26:59.244549+00:00
0,Firmware Engineer | Switzerland,linkedin,Embedded Software Engineer – e Bike Systems (80–100%),Specialized Bicycle Components,"Cham, Zug, Switzerland",Remote,Internship,"Bash, C, Can, Firmware, Python","Zephyr, Git, Jira",English,,,Recent,https://ch.linkedin.com/jobs/view/embedded-software-engineer-%E2%80%93-e-bike-systems-80%E2%80%93100%25-at-specialized-bicycle-components-4371434879,2026-03-21T10:26:59.244853+00:00
0,Firmware Engineer | Switzerland,linkedin,Embedded Firmware Design Engineer 80-100% (m/w/d),QUMEA,"Solothurn, Solothurn, Switzerland",Remote,Contract,"C, Dsp, Embedded Systems, Firmware, Python, Rtos","Linux, Zephyr, R, Freertos",German,,,Recent,https://ch.linkedin.com/jobs/view/embedded-firmware-design-engineer-80-100%25-m-w-d-at-qumea-4385473420,2026-03-21T10:26:59.245198+00:00
0,Firmware Engineer | Switzerland,linkedin,Embedded Software Developer,Dentsply Sirona,"Zurich, Zurich, Switzerland",On-site,Full-time,"C, C++, Embedded Linux, I2C","Linux, Agile",English,,,Recent,https://ch.linkedin.com/jobs/view/embedded-software-developer-at-dentsply-sirona-4292130219,2026-03-21T10:26:59.245512+00:00
0,Firmware Engineer | Remote,linkedin,Embedded Softwareentwickler (m/w/d),ICT Digital Solutions GmbH,Germany,Remote,Internship,"Arm, C, C++, Cortex-M, Rtos","Esp32, Stm32, R, Git",German,,,Recent,https://de.linkedin.com/jobs/view/embedded-softwareentwickler-m-w-d-at-ict-digital-solutions-gmbh-4383656322,2026-03-21T10:27:01.646731+00:00
0,Firmware Engineer | Remote,linkedin,Embedded Firmware Engineer (6-months limited contract),Bragi,Germany,Remote,Contract,"C, Embedded Systems, Firmware, I2C, Spi, Uart","Agile, Scrum, Kanban",English,,,Recent,https://de.linkedin.com/jobs/view/embedded-firmware-engineer-6-months-limited-contract-at-bragi-4381733845,2026-03-21T10:27:01.646912+00:00
0,Firmware Engineer | Remote,linkedin,Embedded Software Engineer,XpertDirect,"Munich, Bavaria, Germany",Remote,Full-time,,,English,,,Recent,https://de.linkedin.com/jobs/view/embedded-software-engineer-at-xpertdirect-4378164836,2026-03-21T10:27:01.647406+00:00
0,Firmware Engineer | Remote,linkedin,Freelance Embedded Software Engineer,Vivid Resourcing,Germany,Remote,Contract,,,English,,,Recent,https://de.linkedin.com/jobs/view/freelance-embedded-software-engineer-at-vivid-resourcing-4383759739,2026-03-21T10:27:01.647561+00:00
0,Firmware Engineer | Remote,linkedin,Software Engineer (m/w/d),IBB Institut für Berufliche Bildung AG,"Berlin, Berlin, Germany",Remote,Full-time,,R,English,,,Recent,https://de.linkedin.com/jobs/view/software-engineer-m-w-d-at-ibb-institut-f%C3%BCr-berufliche-bildung-ag-4384843676,2026-03-21T10:27:01.647725+00:00
0,Firmware Engineer | Remote,linkedin,Software Engineer I,Mercor,"Berlin, Berlin, Germany",Remote,Full-time,,,English,,,Recent,https://de.linkedin.com/jobs/view/software-engineer-i-at-mercor-4386105059,2026-03-21T10:27:01.647882+00:00
0,Firmware Engineer | Remote,linkedin,Software Engineer (Backend focused),Pubgenius Inc.,"Berlin, Berlin, Germany",Remote,Full-time,,,English,,,Recent,https://de.linkedin.com/jobs/view/software-engineer-backend-focused-at-pubgenius-inc-4382987359,2026-03-21T10:27:01.648204+00:00
0,Firmware Engineer | Slovakia,linkedin,Embedded Engineer,Ciklum,"Bratislava, Slovakia",On-site,Full-time,,,English,,,Recent,https://sk.linkedin.com/jobs/view/embedded-engineer-at-ciklum-4384462402,2026-03-21T10:27:04.032225+00:00
0,Firmware Engineer | Slovakia,linkedin,Software Engineer,Ohpen,"Bratislava, Slovakia",On-site,Full-time,,,English,,,Recent,https://sk.linkedin.com/jobs/view/software-engineer-at-ohpen-4384459298,2026-03-21T10:27:04.032392+00:00
0,Firmware Engineer | Slovakia,linkedin,Software Engineer,Cisco,"Bratislava, Bratislava, Slovakia",On-site,Full-time,,,English,,,Recent,https://sk.linkedin.com/jobs/view/software-engineer-at-cisco-4369673005,2026-03-21T10:27:04.032704+00:00
0,Firmware Engineer | Slovakia,linkedin,Software Engineer,Cisco,"Bratislava, Bratislava, Slovakia",On-site,Full-time,,,English,,,Recent,https://sk.linkedin.com/jobs/view/software-engineer-at-cisco-4386984125,2026-03-21T10:27:04.033012+00:00
0,Firmware Engineer | Slovakia,linkedin,Fresh Graduate - Software Engineer,Caterpillar Inc.,"Košice, Kosice, Slovakia",On-site,Full-time,,Graduate,English,,,Recent,https://sk.linkedin.com/jobs/view/fresh-graduate-software-engineer-at-caterpillar-inc-4388377491,2026-03-21T10:27:04.033167+00:00
0,Firmware Engineer | Slovakia,linkedin,Internship Software Engineer,Nokia,"Bratislava, Bratislava, Slovakia",On-site,Internship,,Internship,English,,,Recent,https://sk.linkedin.com/jobs/view/internship-software-engineer-at-nokia-4309299176,2026-03-21T10:27:04.033348+00:00
0,Firmware Engineer | Slovakia,linkedin,C++ Software engineer - ESET PROTECT on-prem,ESET,"Bratislava, Bratislava, Slovakia",On-site,Full-time,"C, C++",,English,,,Recent,https://sk.linkedin.com/jobs/view/c%2B%2B-software-engineer-eset-protect-on-prem-at-eset-4380693947,2026-03-21T10:27:04.033506+00:00
0,Firmware Engineer | Czech Republic,linkedin,Software Engineer III,Stats Perform,Dominican Republic,On-site,Full-time,,,English,,,Recent,https://do.linkedin.com/jobs/view/software-engineer-iii-at-stats-perform-4374652486,2026-03-21T10:27:06.439799+00:00
0,Firmware Engineer | Czech Republic,linkedin,"Full Stack Software Engineer - React, Next, Node / Remote LATAM",Zarego,"Santo Domingo, Distrito Nacional, Dominican Republic",Remote,Full-time,,React,English,,,Recent,https://do.linkedin.com/jobs/view/full-stack-software-engineer-react-next-node-remote-latam-at-zarego-4387741009,2026-03-21T10:27:06.439950+00:00
0,Firmware Engineer | Czech Republic,linkedin,Software Engineer - Backend,"Milestone Technologies, Inc.","Santo Domingo Este, Santo Domingo, Dominican Republic",On-site,Full-time,,,English,,,Recent,https://do.linkedin.com/jobs/view/software-engineer-backend-at-milestone-technologies-inc-4385729746,2026-03-21T10:27:06.440118+00:00
0,Firmware Engineer | Czech Republic,linkedin,Software Engineer Backend,Babel,"Santo Domingo, Distrito Nacional, Dominican Republic",On-site,Full-time,,,English,,,Recent,https://do.linkedin.com/jobs/view/software-engineer-backend-at-babel-4387965574,2026-03-21T10:27:06.440294+00:00
0,Firmware Engineer | Czech Republic,linkedin,Remote Software Engineer (AI Code Evaluation),Braintrust,Dominican Republic,Remote,Full-time,,,English,,,Recent,https://do.linkedin.com/jobs/view/remote-software-engineer-ai-code-evaluation-at-braintrust-4387630699,2026-03-21T10:27:06.440594+00:00
0,Firmware Engineer | Czech Republic,linkedin,Mobile Software Engineer - Remote - Latin America,FullStack,Dominican Republic,Remote,Full-time,,,English,,,Recent,https://do.linkedin.com/jobs/view/mobile-software-engineer-remote-latin-america-at-fullstack-4382115453,2026-03-21T10:27:06.440753+00:00
0,Firmware Engineer | Poland,linkedin,"Software Engineer (Java) - Relocation to Poland, Spain, or UAE",Revolut,Poland,On-site,Full-time,Java,,English,,,Recent,https://pl.linkedin.com/jobs/view/software-engineer-java-relocation-to-poland-spain-or-uae-at-revolut-3845490363,2026-03-21T10:27:08.877569+00:00
0,Firmware Engineer | Poland,linkedin,Junior Software Engineer Low Latency Trading,Digital Wave Finance AG,"Warsaw, Mazowieckie, Poland",On-site,Full-time,,Junior,English,,,Recent,https://pl.linkedin.com/jobs/view/junior-software-engineer-low-latency-trading-at-digital-wave-finance-ag-4386310340,2026-03-21T10:27:08.877730+00:00
0,Firmware Engineer | Poland,linkedin,Junior Software Engineer,Asana,"Warsaw, Mazowieckie, Poland",On-site,Full-time,,"Asana, Junior",English,,,Recent,https://pl.linkedin.com/jobs/view/junior-software-engineer-at-asana-4315919819,2026-03-21T10:27:08.877890+00:00
0,Firmware Engineer | Poland,linkedin,Sr Engineer - Software QA,Xperi Inc.,"Warsaw, Mazowieckie, Poland",On-site,Full-time,,,English,,,Recent,https://pl.linkedin.com/jobs/view/sr-engineer-software-qa-at-xperi-inc-4385696609,2026-03-21T10:27:08.878044+00:00
0,Firmware Engineer | Poland,linkedin,Software Engineer (Android),Revolut,Poland,On-site,Full-time,,,English,,,Recent,https://pl.linkedin.com/jobs/view/software-engineer-android-at-revolut-4190975735,2026-03-21T10:27:08.878219+00:00
0,Firmware Engineer | Poland,linkedin,Embedded Software Engineer,Verkada,"Krakowski, Małopolskie, Poland",On-site,Full-time,,,English,,,Recent,https://pl.linkedin.com/jobs/view/embedded-software-engineer-at-verkada-4365303970,2026-03-21T10:27:08.878374+00:00
0,Firmware Engineer | Poland,linkedin,Mid Engineer - Embedded C++ Engineer,Xperi Inc.,"Warsaw, Mazowieckie, Poland",On-site,Full-time,"C, C++",,English,,,Recent,https://pl.linkedin.com/jobs/view/mid-engineer-embedded-c%2B%2B-engineer-at-xperi-inc-4384249507,2026-03-21T10:27:08.878536+00:00
0,Firmware Engineer | Poland,linkedin,Associate Software Engineer,ADP,"Warsaw, Mazowieckie, Poland",On-site,Full-time,,Associate,English,,,Recent,https://pl.linkedin.com/jobs/view/associate-software-engineer-at-adp-4385917229,2026-03-21T10:27:08.879091+00:00
0,Firmware Engineer | USA,linkedin,Embedded Software Engineer,Meta,"Burlingame, CA",On-site,Full-time,,,English,,,Recent,https://www.linkedin.com/jobs/view/embedded-software-engineer-at-meta-4301803390,2026-03-21T10:27:11.467511+00:00
0,Firmware Engineer | USA,linkedin,New Grad Software Engineer,Authentic,"New York, NY",On-site,Full-time,,,English,,,Recent,https://www.linkedin.com/jobs/view/new-grad-software-engineer-at-authentic-4377107338,2026-03-21T10:27:11.467691+00:00
0,Firmware Engineer | USA,linkedin,Embedded Software Engineer,Meta,"Sunnyvale, CA",On-site,Full-time,,,English,,,Recent,https://www.linkedin.com/jobs/view/embedded-software-engineer-at-meta-4301499980,2026-03-21T10:27:11.467851+00:00
0,Firmware Engineer | USA,linkedin,Embedded Software Engineer,Meta,"Redmond, WA",On-site,Full-time,,,English,,,Recent,https://www.linkedin.com/jobs/view/embedded-software-engineer-at-meta-4301812138,2026-03-21T10:27:11.468009+00:00
0,Firmware Engineer | USA,linkedin,"Software Engineer, Rider",Lyft,"New York, NY",On-site,Full-time,,,English,,,Recent,https://www.linkedin.com/jobs/view/software-engineer-rider-at-lyft-4382127500,2026-03-21T10:27:11.468162+00:00
0,Firmware Engineer | USA,linkedin,Embedded Software Engineer,Meta,"San Diego, CA",On-site,Full-time,,,English,,,Recent,https://www.linkedin.com/jobs/view/embedded-software-engineer-at-meta-4301812137,2026-03-21T10:27:11.468346+00:00
0,Firmware Engineer | USA,linkedin,Embedded Software Engineer,Meta,"Austin, TX",On-site,Full-time,,,English,,,Recent,https://www.linkedin.com/jobs/view/embedded-software-engineer-at-meta-4301819047,2026-03-21T10:27:11.468498+00:00
0,Firmware Engineer | USA,linkedin,Embedded Software Engineer Intern,Nuro,"Mountain View, CA",On-site,Internship,,Intern,English,,,Recent,https://www.linkedin.com/jobs/view/embedded-software-engineer-intern-at-nuro-4360007303,2026-03-21T10:27:11.468660+00:00
0,Firmware Engineer | United Kingdom,linkedin,"Software Engineer, New Grad",Deliveroo,"London, England, United Kingdom",On-site,Full-time,,,English,,,Recent,https://uk.linkedin.com/jobs/view/software-engineer-new-grad-at-deliveroo-4379662791,2026-03-21T10:27:13.965406+00:00
0,Firmware Engineer | United Kingdom,linkedin,Junior Software Engineer,Tripadvisor,"London, England, United Kingdom",On-site,Full-time,,Junior,English,,,Recent,https://uk.linkedin.com/jobs/view/junior-software-engineer-at-tripadvisor-4314044699,2026-03-21T10:27:13.965593+00:00
0,Firmware Engineer | United Kingdom,linkedin,"Software Engineer, Infrastructure",Meta,United Kingdom,On-site,Full-time,,,English,,,Recent,https://uk.linkedin.com/jobs/view/software-engineer-infrastructure-at-meta-4254319485,2026-03-21T10:27:13.965755+00:00
0,Firmware Engineer | United Kingdom,linkedin,Embedded Software Engineer Intern (12 months),SLB,"Stonehouse, England, United Kingdom",On-site,Internship,,Intern,English,,,Recent,https://uk.linkedin.com/jobs/view/embedded-software-engineer-intern-12-months-at-slb-4383032783,2026-03-21T10:27:13.965908+00:00
0,Firmware Engineer | United Kingdom,linkedin,Software Engineer,Red Bull Racing & Red Bull Technology,"Milton Keynes, England, United Kingdom",On-site,Full-time,,,English,,,Recent,https://uk.linkedin.com/jobs/view/software-engineer-at-red-bull-racing-red-bull-technology-4375990471,2026-03-21T10:27:13.966060+00:00
0,Firmware Engineer | United Kingdom,linkedin,Software Engineer - London,Zopa Bank,"London, England, United Kingdom",On-site,Full-time,,,English,,,Recent,https://uk.linkedin.com/jobs/view/software-engineer-london-at-zopa-bank-4036813631,2026-03-21T10:27:13.966223+00:00
0,Firmware Engineer | United Kingdom,linkedin,Software Engineer,Almac Group,"Londonderry, Northern Ireland, United Kingdom",On-site,Full-time,,,English,,,Recent,https://uk.linkedin.com/jobs/view/software-engineer-at-almac-group-4386355647,2026-03-21T10:27:13.966375+00:00
0,Firmware Engineer | United Kingdom,linkedin,Embedded Software Engineer - C++,AGI Group,"Royston, England, United Kingdom",On-site,Full-time,"C, C++",,English,,,Recent,https://uk.linkedin.com/jobs/view/embedded-software-engineer-c%2B%2B-at-agi-group-4385336201,2026-03-21T10:27:13.966526+00:00
0,Firmware Engineer | United Kingdom,linkedin,Embedded Software Engineer,Belcan,"Portsmouth, England, United Kingdom",On-site,Full-time,,,English,,,Recent,https://uk.linkedin.com/jobs/view/embedded-software-engineer-at-belcan-4386850342,2026-03-21T10:27:13.966686+00:00
