relevance_score,search_criteria,provider,title,company,location,work_location_type,employment_type,matching_skills,missing_skills,detected_languages,matched_roles,salary_hint,posted_at_relative,link,scraped_at
44,Test Engineer | Poland,linkedin,Senior Manual Test Engineer,Intellias,"Cracow, Małopolskie, Poland",On-site,Full-time,,Senior,English,Senior,,Recent,https://pl.linkedin.com/jobs/view/senior-manual-test-engineer-at-intellias-4432548284,2026-07-02T12:11:40.340939+00:00
29,QA Engineer | Switzerland,linkedin,QA Engineer,Siemens Healthineers,"Baden, Aargau, Switzerland",On-site,Full-time,,,English,,,Recent,https://ch.linkedin.com/jobs/view/qa-engineer-at-siemens-healthineers-4426208644,2026-07-02T12:11:09.057105+00:00
29,Testingenieur | Slovakia,linkedin,DEVELOPMENT ENGINEER,Continental,"Púchov, Trenciansky, Slovakia",On-site,Full-time,,,English,,,Recent,https://sk.linkedin.com/jobs/view/development-engineer-at-continental-4435810290,2026-07-02T12:11:57.533162+00:00
29,Test Automation | Slovakia,linkedin,Automation Tester,Siemens Healthineers,"Bratislava, Bratislava, Slovakia",On-site,Full-time,,,English,,,Recent,https://sk.linkedin.com/jobs/view/automation-tester-at-siemens-healthineers-4427362511,2026-07-02T12:12:19.361537+00:00
29,Firmware Engineer | Austria,linkedin,Embedded Crypto Software Developer (m/f/d),NXP Semiconductors,"Gratkorn, Styria, Austria",On-site,Full-time,,,English,,,Recent,https://at.linkedin.com/jobs/view/embedded-crypto-software-developer-m-f-d-at-nxp-semiconductors-4431883741,2026-07-02T12:13:17.989662+00:00
29,Firmware Engineer | Poland,linkedin,"Software Engineer II, Embedded Systems and Firmware",Google,"Warsaw, Mazowieckie, Poland",On-site,Full-time,"Embedded Systems, Firmware",,English,,,Recent,https://pl.linkedin.com/jobs/view/software-engineer-ii-embedded-systems-and-firmware-at-google-4434605542,2026-07-02T12:13:29.929776+00:00
29,Firmware Engineer | Poland,linkedin,"Software Engineer II, Embedded Systems and Firmware",Google,"Cracow, Małopolskie, Poland",Remote,Contract,"C, C++, Embedded Systems, Firmware, Java, Javascript, Python",,English,,,Recent,https://pl.linkedin.com/jobs/view/software-engineer-ii-embedded-systems-and-firmware-at-google-4434607466,2026-07-02T12:13:29.930177+00:00
14,Tester | Austria,linkedin,Staff Test Engineer (f/m/d),Renesas Electronics,"Graz, Styria, Austria",Remote,Full-time,"C, C++, Can, Java","Safe, Staff, R, Expert, Lead",English,"Expert, Lead, Staff",,Recent,https://at.linkedin.com/jobs/view/staff-test-engineer-f-m-d-at-renesas-electronics-4425470302,2026-07-02T12:10:45.073700+00:00
14,Tester | Switzerland,linkedin,Test Manager,Nicoll Curtin,Zürich Metropolitan Area,On-site,Full-time,,,English,Test Manager,,Recent,https://ch.linkedin.com/jobs/view/test-manager-at-nicoll-curtin-4432351121,2026-07-02T12:10:47.426344+00:00
14,Tester | Switzerland,linkedin,Test Manager,Novel-T,"Geneva, Switzerland",On-site,Full-time,,,English,Test Manager,,Recent,https://ch.linkedin.com/jobs/view/test-manager-at-novel-t-4431221427,2026-07-02T12:10:47.426727+00:00
14,Tester | Remote,linkedin,Tester / Testmanager (m/w/d) SAP S/4HANA,LYNQTECH,Germany,Remote,Full-time,,,English,Test Manager,,Recent,https://de.linkedin.com/jobs/view/tester-testmanager-m-w-d-sap-s-4hana-at-lynqtech-4419299359,2026-07-02T12:10:49.787440+00:00
14,Tester | Slovakia,linkedin,Senior Tester,Avenga,"Bratislava, Slovakia",On-site,Full-time,,Senior,English,Senior,,Recent,https://sk.linkedin.com/jobs/view/senior-tester-at-avenga-4420135143,2026-07-02T12:10:52.178344+00:00
14,Tester | Slovakia,linkedin,Medior/Senior Test Engineer (m/f/n),ESET,"Bratislava, Bratislava, Slovakia",On-site,Full-time,,Senior,English,Senior,,Recent,https://sk.linkedin.com/jobs/view/medior-senior-test-engineer-m-f-n-at-eset-4382568751,2026-07-02T12:10:52.179679+00:00
14,Tester | Czech Republic,linkedin,Senior Software Development Engineer in Test (SDET) - Ecommerce - DR (Remote),Truelogic Software,Dominican Republic,Remote,Full-time,,Senior,English,Senior,,Recent,https://do.linkedin.com/jobs/view/senior-software-development-engineer-in-test-sdet-ecommerce-dr-remote-at-truelogic-software-4432273661,2026-07-02T12:10:54.555714+00:00
14,Tester | Czech Republic,linkedin,Senior Industrialization Test Engineer,Eaton,"Santo Domingo, Distrito Nacional, Dominican Republic",On-site,Full-time,,Senior,English,Senior,,Recent,https://do.linkedin.com/jobs/view/senior-industrialization-test-engineer-at-eaton-4421952597,2026-07-02T12:10:54.556393+00:00
14,QA Engineer | Germany,linkedin,Senior QA Engineer,Jobgether,Germany,On-site,Full-time,,Senior,English,Senior,,Recent,https://de.linkedin.com/jobs/view/senior-qa-engineer-at-jobgether-4435029394,2026-07-02T12:11:04.325214+00:00
14,QA Engineer | Germany,linkedin,Senior QA Engineer (m/w/d) Testautomatisierung & Quality Assurance,MACH,Germany,On-site,Full-time,Test Automation,Senior,English,Senior,,Recent,https://de.linkedin.com/jobs/view/senior-qa-engineer-m-w-d-testautomatisierung-quality-assurance-at-mach-4436179472,2026-07-02T12:11:04.325739+00:00
14,QA Engineer | Germany,linkedin,Senior QA Engineer*,Haeger Consulting GmbH,"Bonn, North Rhine-Westphalia, Germany",On-site,Full-time,,Senior,English,Senior,,Recent,https://de.linkedin.com/jobs/view/senior-qa-engineer-at-haeger-consulting-gmbh-4435524478,2026-07-02T12:11:04.326269+00:00
14,QA Engineer | Switzerland,linkedin,Senior QA Engineer,Jobgether,Switzerland,On-site,Full-time,,Senior,English,Senior,,Recent,https://ch.linkedin.com/jobs/view/senior-qa-engineer-at-jobgether-4435032326,2026-07-02T12:11:09.055859+00:00
14,QA Engineer | Switzerland,linkedin,Lead QA Engineer (80% - 100%),Moviplus OpenIT SA,"Lausanne, Vaud, Switzerland",Remote,Full-time,,Lead,English,Lead,,Recent,https://ch.linkedin.com/jobs/view/lead-qa-engineer-80%25-100%25-at-moviplus-openit-sa-4431700777,2026-07-02T12:11:09.056978+00:00
14,QA Engineer | Remote,linkedin,Senior QA Automation Engineer – AI Applications,Jobgether,Germany,Remote,Full-time,,Senior,English,Senior,,Recent,https://de.linkedin.com/jobs/view/senior-qa-automation-engineer-%E2%80%93-ai-applications-at-jobgether-4434315014,2026-07-02T12:11:11.425783+00:00
14,QA Engineer | Slovakia,linkedin,Senior Quality Assurance Engineer,UNIQA Group Services,"Nitra Region, Slovakia",On-site,Full-time,,Senior,English,Senior,,Recent,https://sk.linkedin.com/jobs/view/senior-quality-assurance-engineer-at-uniqa-group-services-4429460803,2026-07-02T12:11:13.840317+00:00
14,QA Engineer | Slovakia,linkedin,Senior Quality Assurance Engineer,UNIQA Group Services,"Nitra Region, Slovakia",On-site,Full-time,,Senior,English,Senior,,Recent,https://sk.linkedin.com/jobs/view/senior-quality-assurance-engineer-at-uniqa-group-services-4431527332,2026-07-02T12:11:13.840449+00:00
14,QA Engineer | Slovakia,linkedin,Lead QA Engineer (42999),CoolPeople Technology,"Bratislava, Bratislava, Slovakia",On-site,Full-time,,Lead,English,Lead,,Recent,https://sk.linkedin.com/jobs/view/lead-qa-engineer-42999-at-coolpeople-technology-4428860264,2026-07-02T12:11:13.840847+00:00
14,QA Engineer | Poland,linkedin,Senior QA Engineer - Poland,Focal Systems,"Cracow, Małopolskie, Poland",On-site,Full-time,,Senior,English,Senior,,Recent,https://pl.linkedin.com/jobs/view/senior-qa-engineer-poland-at-focal-systems-4422951776,2026-07-02T12:11:18.603800+00:00
14,QA Engineer | Poland,linkedin,1088 | Senior QA Engineer (Manual + Automation),Intetics,Poland,On-site,Full-time,,Senior,English,Senior,,Recent,https://pl.linkedin.com/jobs/view/1088-senior-qa-engineer-manual-%2B-automation-at-intetics-4430974015,2026-07-02T12:11:18.604596+00:00
14,QA Engineer | USA,linkedin,Senior Manufacturing QA Engineer,PLP,"Mayfield Heights, OH",On-site,Full-time,,Senior,English,Senior,,Recent,https://www.linkedin.com/jobs/view/senior-manufacturing-qa-engineer-at-plp-4431861331,2026-07-02T12:11:21.048183+00:00
14,QA Engineer | United Kingdom,linkedin,Senior QA Engineer - Pro Design,Canva,"London, England, United Kingdom",On-site,Full-time,,Senior,English,Senior,,Recent,https://uk.linkedin.com/jobs/view/senior-qa-engineer-pro-design-at-canva-4430381969,2026-07-02T12:11:23.519666+00:00
14,QA Engineer | United Kingdom,linkedin,Senior Quality Assurance Engineer,Digital Waffle,"West Midlands, England, United Kingdom",On-site,Full-time,,Senior,English,Senior,,Recent,https://uk.linkedin.com/jobs/view/senior-quality-assurance-engineer-at-digital-waffle-4430898618,2026-07-02T12:11:23.520233+00:00
14,QA Engineer | United Kingdom,linkedin,Staff QA Engineer,Matillion,"Manchester, England, United Kingdom",On-site,Full-time,,Staff,English,Staff,,Recent,https://uk.linkedin.com/jobs/view/staff-qa-engineer-at-matillion-4401769212,2026-07-02T12:11:23.520361+00:00
14,QA Engineer | United Kingdom,linkedin,Senior QA Engineer,Jobgether,United Kingdom,On-site,Full-time,,Senior,English,Senior,,Recent,https://uk.linkedin.com/jobs/view/senior-qa-engineer-at-jobgether-4435037051,2026-07-02T12:11:23.520483+00:00
14,Test Engineer | Czech Republic,linkedin,Senior Software Development Engineer in Test (SDET/AI) - Real Estate - Dominican Republic (Remote),Truelogic Software,Dominican Republic,Remote,Full-time,,Senior,English,Senior,,Recent,https://do.linkedin.com/jobs/view/senior-software-development-engineer-in-test-sdet-ai-real-estate-dominican-republic-remote-at-truelogic-software-4430750018,2026-07-02T12:11:37.939601+00:00
14,Test Engineer | United Kingdom,linkedin,Quality Assurance Engineer,ISR Recruitment,United Kingdom,Remote,Contract,"Ci/Cd, Integration Testing","Agile, Azure, Lead, Databricks, Jira, Regression Testing",English,Lead,,Recent,https://uk.linkedin.com/jobs/view/quality-assurance-engineer-at-isr-recruitment-4436146145,2026-07-02T12:11:45.506521+00:00
14,Testingenieur | Germany,linkedin,Senior Test Engineer (m/f/d),Renesas Electronics,"Dresden, Saxony, Germany",On-site,Full-time,,Senior,English,Senior,,Recent,https://de.linkedin.com/jobs/view/%E2%80%AFsenior-test-engineer-m-f-d-at-renesas-electronics-4426829202,2026-07-02T12:11:47.930657+00:00
14,Testingenieur | Slovakia,linkedin,Senior Test Engineer (m/f/d),Brose Group,"Prievidza, Trenciansky, Slovakia",On-site,Full-time,,Senior,English,Senior,,Recent,https://sk.linkedin.com/jobs/view/senior-test-engineer-m-f-d-at-brose-group-4419248716,2026-07-02T12:11:57.533842+00:00
14,Testingenieur | Slovakia,linkedin,Senior Level Test Lead,Capgemini Engineering,"Kosice, Slovakia",On-site,Full-time,,"Senior, Lead",English,"Lead, Senior",,Recent,https://sk.linkedin.com/jobs/view/senior-level-test-lead-at-capgemini-engineering-4432278003,2026-07-02T12:11:57.533985+00:00
14,Testingenieur | Poland,linkedin,Senior Test Engineer,MPower Plus,"Mazowieckie, Poland",On-site,Full-time,,Senior,English,Senior,,Recent,https://pl.linkedin.com/jobs/view/senior-test-engineer-at-mpower-plus-4435537358,2026-07-02T12:12:02.382170+00:00
14,Testingenieur | USA,linkedin,Test Engineer Senior,"Seneca Resources Company, LLC","Oklahoma City, OK",On-site,Full-time,,Senior,English,Senior,,Recent,https://www.linkedin.com/jobs/view/test-engineer-senior-at-seneca-resources-company-llc-4435302880,2026-07-02T12:12:04.979498+00:00
14,Testingenieur | United Kingdom,linkedin,Design Quality Assurance Engineer - 12m Inside IR35 Contractor,Safran Engineering Services,"Pitstone, England, United Kingdom",On-site,Contract,,Contractor,English,Contractor,,Recent,https://uk.linkedin.com/jobs/view/design-quality-assurance-engineer-12m-inside-ir35-contractor-at-safran-engineering-services-4433843629,2026-07-02T12:12:07.388848+00:00
14,Testingenieur | United Kingdom,linkedin,Electronic Test Engineer,Orion Electrotech,"Farnborough, England, United Kingdom",On-site,Contract,,"Mil, Junior, Senior",English,Senior,,Recent,https://uk.linkedin.com/jobs/view/electronic-test-engineer-at-orion-electrotech-4432755737,2026-07-02T12:12:07.389582+00:00
14,Test Automation | Austria,linkedin,Senior Quality Assurance Specialist (m/w/d),DO & CO AG,"Vienna, Vienna, Austria",On-site,Full-time,,Senior,English,Senior,,Recent,https://at.linkedin.com/jobs/view/senior-quality-assurance-specialist-m-w-d-at-do-co-ag-4433074415,2026-07-02T12:12:12.188584+00:00
14,Test Automation | Austria,linkedin,"Test Automation Engineer – Senior Consultant (m,w,d)",QESTIT DACH,"Vienna, Austria",On-site,Full-time,Test Automation,"Senior, Consultant",English,"Consultant, Senior",,Recent,https://at.linkedin.com/jobs/view/test-automation-engineer-%E2%80%93-senior-consultant-m-w-d-at-qestit-dach-4432374723,2026-07-02T12:12:12.189559+00:00
14,Test Automation | Switzerland,linkedin,Test Manager / QA Lead,KEYTEO,"Geneva, Switzerland",On-site,Full-time,,Lead,English,"Lead, QA Lead, Test Manager",,Recent,https://ch.linkedin.com/jobs/view/test-manager-qa-lead-at-keyteo-4432762384,2026-07-02T12:12:14.597936+00:00
14,Test Automation | Switzerland,linkedin,Test Manager confirmé·e,TEAM PARTNERS Suisse SA - Groupe BLUESOFT,"Geneva, Geneva, Switzerland",On-site,Full-time,,,English,Test Manager,,Recent,https://ch.linkedin.com/jobs/view/test-manager-confirme%CC%81%C2%B7e-at-team-partners-suisse-sa-groupe-bluesoft-4427473847,2026-07-02T12:12:14.598380+00:00
14,Test Automation | Switzerland,linkedin,Senior Test Manager,itecor,"Geneva, Geneva, Switzerland",On-site,Full-time,,Senior,English,"Senior, Test Manager",,Recent,https://ch.linkedin.com/jobs/view/senior-test-manager-at-itecor-4418946126,2026-07-02T12:12:14.598936+00:00
14,Test Automation | Remote,linkedin,Senior Mobile Test Automation Engineer,Bragi,Germany,Remote,Full-time,Test Automation,Senior,English,Senior,,Recent,https://de.linkedin.com/jobs/view/senior-mobile-test-automation-engineer-at-bragi-4425302797,2026-07-02T12:12:16.996928+00:00
14,Test Automation | Slovakia,linkedin,Senior QA Specialist,Charged Monkey,"Bratislava, Slovakia",On-site,Full-time,,Senior,English,Senior,,Recent,https://sk.linkedin.com/jobs/view/senior-qa-specialist-at-charged-monkey-4426753129,2026-07-02T12:12:19.361943+00:00
14,Test Automation | Czech Republic,linkedin,Gestor de Calidad Senior,Tripalis,"Santo Domingo de Guzmán, Distrito Nacional, Dominican Republic",On-site,Full-time,,Senior,English,Senior,,Recent,https://do.linkedin.com/jobs/view/gestor-de-calidad-senior-at-tripalis-4435002302,2026-07-02T12:12:21.723302+00:00
14,Test Automation | Czech Republic,linkedin,Quality Assurance Senior,Grupo Ramos,"Santo Domingo, Dominican Republic",On-site,Full-time,,Senior,English,Senior,,Recent,https://do.linkedin.com/jobs/view/quality-assurance-senior-at-grupo-ramos-4435802704,2026-07-02T12:12:21.723960+00:00
14,Test Automation | Poland,linkedin,Testing Lead (L4) – UiPath Test Automation | Banking,TalentsToday,Poland,On-site,Full-time,Test Automation,Lead,English,Lead,,Recent,https://pl.linkedin.com/jobs/view/testing-lead-l4-%E2%80%93-uipath-test-automation-banking-at-talentstoday-4435806823,2026-07-02T12:12:24.120418+00:00
14,Test Automation | United Kingdom,linkedin,Senior Test Manager- Financial Services,KPMG UK,"London Area, United Kingdom",On-site,Full-time,,Senior,English,"Senior, Test Manager",,Recent,https://uk.linkedin.com/jobs/view/senior-test-manager-financial-services-at-kpmg-uk-4407206674,2026-07-02T12:12:29.074889+00:00
14,Test Automation | United Kingdom,linkedin,Senior Quality Engineer,Opus 2,"Edinburgh, Scotland, United Kingdom",On-site,Full-time,,Senior,English,Senior,,Recent,https://uk.linkedin.com/jobs/view/senior-quality-engineer-at-opus-2-4429973138,2026-07-02T12:12:29.075034+00:00
14,Test Automation | United Kingdom,linkedin,Test Manager,UST,"Great Malvern, England, United Kingdom",On-site,Full-time,,,English,Test Manager,,Recent,https://uk.linkedin.com/jobs/view/test-manager-at-ust-4429804024,2026-07-02T12:12:29.075290+00:00
14,Test Automation | United Kingdom,linkedin,Test Lead,Ascendion,"Chester, England, United Kingdom",On-site,Full-time,,Lead,English,Lead,,Recent,https://uk.linkedin.com/jobs/view/test-lead-at-ascendion-4430428563,2026-07-02T12:12:29.075683+00:00
14,Python Developer | Austria,linkedin,Senior Python Engineer,DL Remote,"Graz, Styria, Austria",Remote,Full-time,Python,Senior,English,Senior,,Recent,https://at.linkedin.com/jobs/view/senior-python-engineer-at-dl-remote-4429363868,2026-07-02T12:12:33.827736+00:00
14,Python Developer | Austria,linkedin,Senior Python Data Scraping Engineer (Freelance),Mindrift,Austria,On-site,Contract,Python,Senior,English,Senior,,Recent,https://at.linkedin.com/jobs/view/senior-python-data-scraping-engineer-freelance-at-mindrift-4436318258,2026-07-02T12:12:33.828003+00:00
14,Python Developer | Switzerland,linkedin,Co-Tech Lead & Senior Python Developer,LocalBini,"Zurich, Zurich, Switzerland",On-site,Full-time,Python,"Tech Lead, Senior, Lead",English,"Lead, Senior",,Recent,https://ch.linkedin.com/jobs/view/co-tech-lead-senior-python-developer-at-localbini-4432212003,2026-07-02T12:12:36.211872+00:00
14,Python Developer | Slovakia,linkedin,Senior Python Data Scraping Engineer (Freelance),Mindrift,Slovakia,On-site,Contract,Python,Senior,English,Senior,,Recent,https://sk.linkedin.com/jobs/view/senior-python-data-scraping-engineer-freelance-at-mindrift-4436198925,2026-07-02T12:12:41.370894+00:00
14,Python Developer | Slovakia,linkedin,Senior Python Software Engineer,EPAM Systems,Slovakia,On-site,Full-time,Python,Senior,English,Senior,,Recent,https://sk.linkedin.com/jobs/view/senior-python-software-engineer-at-epam-systems-4288584951,2026-07-02T12:12:41.371038+00:00
14,Python Developer | Slovakia,linkedin,Senior Backend Engineer,Across Private Investments,"Bratislava Old Town, Bratislava, Slovakia",On-site,Full-time,,Senior,English,Senior,,Recent,https://sk.linkedin.com/jobs/view/senior-backend-engineer-at-across-private-investments-4431595552,2026-07-02T12:12:41.371555+00:00
14,Python Developer | United Kingdom,linkedin,Python Developer - Fully Remote | Upto $50/hr,Mercor,United Kingdom,Remote,Contract,Python,"Docker, Expert, Linux",English,Expert,,Recent,https://uk.linkedin.com/jobs/view/python-developer-fully-remote-upto-%2450-hr-at-mercor-4432098227,2026-07-02T12:12:51.193611+00:00
14,Python Test | Switzerland,linkedin,Business Analyst / Test Manager,RM Group (Switzerland),Zürich Metropolitan Area,On-site,Full-time,,,English,Test Manager,,Recent,https://ch.linkedin.com/jobs/view/business-analyst-test-manager-at-rm-group-switzerland-4434319597,2026-07-02T12:12:58.468173+00:00
14,Python Test | Switzerland,linkedin,Senior QA Automation Engineer – AI Applications,Jobgether,Switzerland,On-site,Full-time,,Senior,English,Senior,,Recent,https://ch.linkedin.com/jobs/view/senior-qa-automation-engineer-%E2%80%93-ai-applications-at-jobgether-4434191970,2026-07-02T12:12:58.468693+00:00
14,Python Test | Remote,linkedin,Python(Machine leaning) QA Lead - Remote,YO IT Consulting,Germany,Remote,Full-time,Python,Lead,English,"Lead, QA Lead",,Recent,https://de.linkedin.com/jobs/view/python-machine-leaning-qa-lead-remote-at-yo-it-consulting-4429443090,2026-07-02T12:13:00.913371+00:00
14,Python Test | Czech Republic,linkedin,Senior SDET,Perform,Dominican Republic,On-site,Full-time,,Senior,English,Senior,,Recent,https://do.linkedin.com/jobs/view/senior-sdet-at-perform-4344131612,2026-07-02T12:13:05.723480+00:00
14,Python Test | Czech Republic,linkedin,Lead Software Engineer in Test (SDET),Flash,"Santo Domingo, Distrito Nacional, Dominican Republic",On-site,Full-time,,Lead,English,Lead,,Recent,https://do.linkedin.com/jobs/view/lead-software-engineer-in-test-sdet-at-flash-4414922814,2026-07-02T12:13:05.724161+00:00
14,Python Test | Poland,linkedin,Test Manager,Ascendion,Poland,On-site,Full-time,,,English,Test Manager,,Recent,https://pl.linkedin.com/jobs/view/test-manager-at-ascendion-4426343572,2026-07-02T12:13:08.086178+00:00
14,Firmware Engineer | Austria,linkedin,Senior C/C++ Software Engineer (all genders),zerothird,"Vienna, Vienna, Austria",On-site,Full-time,"C, C++",Senior,English,Senior,,Recent,https://at.linkedin.com/jobs/view/senior-c-c%2B%2B-software-engineer-all-genders-at-zerothird-4431931356,2026-07-02T12:13:17.989408+00:00
14,Firmware Engineer | Austria,linkedin,Senior Embedded Software Engineer (m/f/d),CycloTech GmbH,"Linz, Upper Austria, Austria",On-site,Full-time,,Senior,English,Senior,,Recent,https://at.linkedin.com/jobs/view/senior-embedded-software-engineer-m-f-d-at-cyclotech-gmbh-4428254680,2026-07-02T12:13:17.989534+00:00
14,Firmware Engineer | Remote,linkedin,Senior Software Engineer - Clearing,Alpaca,"Berlin, Berlin, Germany",Remote,Full-time,,Senior,English,Senior,,Recent,https://de.linkedin.com/jobs/view/senior-software-engineer-clearing-at-alpaca-4435388308,2026-07-02T12:13:22.707832+00:00
14,Firmware Engineer | Remote,linkedin,Senior Embedded Engineer (m/w/d),QAVION GROUP,Germany,Remote,Full-time,,Senior,English,Senior,,Recent,https://de.linkedin.com/jobs/view/senior-embedded-engineer-m-w-d-at-qavion-group-4421116002,2026-07-02T12:13:22.708406+00:00
14,Firmware Engineer | Remote,linkedin,Senior Software Engineer,Sur Global,Germany,Remote,Full-time,,Senior,English,Senior,,Recent,https://de.linkedin.com/jobs/view/senior-software-engineer-at-sur-global-4435307112,2026-07-02T12:13:22.708532+00:00
14,Firmware Engineer | Remote,linkedin,Senior Software Engineer (Remote) - Talent Pipeline,Forgotten Empires,Germany,Remote,Full-time,,Senior,English,Senior,,Recent,https://de.linkedin.com/jobs/view/senior-software-engineer-remote-talent-pipeline-at-forgotten-empires-4424784782,2026-07-02T12:13:22.708660+00:00
14,Firmware Engineer | Slovakia,linkedin,Senior Software Engineer,Filevine,"Bratislava, Bratislava, Slovakia",On-site,Full-time,,Senior,English,Senior,,Recent,https://sk.linkedin.com/jobs/view/senior-software-engineer-at-filevine-4434470034,2026-07-02T12:13:25.131812+00:00
14,Firmware Engineer | Slovakia,linkedin,Senior Java Software Engineer,DevelGuru,"Bratislava, Slovakia",On-site,Full-time,Java,Senior,English,Senior,,Recent,https://sk.linkedin.com/jobs/view/senior-java-software-engineer-at-develguru-4426775921,2026-07-02T12:13:25.132736+00:00
14,Firmware Engineer | Czech Republic,linkedin,"Lead Software Engineer (Hybrid, Santo Domingo, DO)",Parking Network B.V.,"Santo Domingo Este, Santo Domingo, Dominican Republic",Hybrid,Full-time,,Lead,English,Lead,,Recent,https://do.linkedin.com/jobs/view/lead-software-engineer-hybrid-santo-domingo-do-at-parking-network-b-v-4428860564,2026-07-02T12:13:27.521814+00:00
14,Firmware Engineer | Poland,linkedin,Senior Software Engineer (Kotlin),MWDN,"Warsaw, Mazowieckie, Poland",On-site,Full-time,,"Kotlin, Senior",English,Senior,,Recent,https://pl.linkedin.com/jobs/view/senior-software-engineer-kotlin-at-mwdn-4424351912,2026-07-02T12:13:29.929919+00:00
14,Firmware Engineer | Poland,linkedin,Senior Embedded Software Engineer (office/remote),"HiQo Solutions, Inc.","Cracow, Małopolskie, Poland",Remote,Full-time,,Senior,English,Senior,,Recent,https://pl.linkedin.com/jobs/view/senior-embedded-software-engineer-office-remote-at-hiqo-solutions-inc-4428772863,2026-07-02T12:13:29.930312+00:00
0,Tester | Germany,linkedin,Software Engineer in Test (Berlin),Cresta,"Berlin, Berlin, Germany",On-site,Full-time,,,English,,,Recent,https://de.linkedin.com/jobs/view/software-engineer-in-test-berlin-at-cresta-4343158227,2026-07-02T12:10:42.713983+00:00
0,Tester | Germany,linkedin,Manual QA Tester - Mobile F2P Games (f/m/d*),GameDuell GmbH,"Berlin, Berlin, Germany",Remote,Full-time,,,English,,,Recent,https://de.linkedin.com/jobs/view/manual-qa-tester-mobile-f2p-games-f-m-d-at-gameduell-gmbh-4432250197,2026-07-02T12:10:42.714159+00:00
0,Tester | Germany,linkedin,QA-Tester,TillerStack,Berlin Metropolitan Area,Remote,Internship,"Playwright, Selenium, Test Automation","Manual Testing, Agile, Scrum, Postman, Kanban",English,,,Recent,https://de.linkedin.com/jobs/view/qa-tester-at-tillerstack-4420433657,2026-07-02T12:10:42.714298+00:00
0,Tester | Germany,linkedin,Software Tester (m/f/d),NAXCON GROUP,"Bremen, Bremen, Germany",On-site,Contract,"Can, Python",,English,,,Recent,https://de.linkedin.com/jobs/view/software-tester-m-f-d-at-naxcon-group-4436108235,2026-07-02T12:10:42.714426+00:00
0,Tester | Germany,linkedin,App-Tester  (m/w/d),clickworker,Germany,Remote,Internship,,R,German,,,Recent,https://de.linkedin.com/jobs/view/app-tester-m-w-d-at-clickworker-4430695030,2026-07-02T12:10:42.714551+00:00
0,Tester | Germany,linkedin,Tester for a car voice assistant project - English (Australian) speaker,TSMG Holding,"Munich, Bavaria, Germany",On-site,Contract,,,English,,,Recent,https://de.linkedin.com/jobs/view/tester-for-a-car-voice-assistant-project-english-australian-speaker-at-tsmg-holding-4428111072,2026-07-02T12:10:42.714679+00:00
0,Tester | Germany,linkedin,QA Engineer / Quality Assurance Professional (m/w/d) - Werde das Herzstück unserer Produktteams & die Stimme der Qualität zu unseren Kunden,The Shoring Company,Stuttgart Region,On-site,Full-time,,,German,,,Recent,https://de.linkedin.com/jobs/view/qa-engineer-quality-assurance-professional-m-w-d-werde-das-herzst%C3%BCck-unserer-produktteams-die-stimme-der-qualit%C3%A4t-zu-unseren-kunden-at-the-shoring-company-4430476134,2026-07-02T12:10:42.714806+00:00
0,Tester | Germany,linkedin,Software Tester (m/w/d),TIMOCOM,"Erkrath, North Rhine-Westphalia, Germany",On-site,Full-time,,,English,,,Recent,https://de.linkedin.com/jobs/view/software-tester-m-w-d-at-timocom-4429102242,2026-07-02T12:10:42.714960+00:00
0,Tester | Germany,linkedin,Tester for a car voice assistant project - English (IE) speaker,TSMG Holding,"Stuttgart, Baden-Württemberg, Germany",On-site,Contract,,,English,,,Recent,https://de.linkedin.com/jobs/view/tester-for-a-car-voice-assistant-project-english-ie-speaker-at-tsmg-holding-4428805384,2026-07-02T12:10:42.715094+00:00
0,Tester | Germany,linkedin,Test Engineer,Amoria Bond,"Upper Palatinate, Bavaria, Germany",On-site,Full-time,,,English,,,Recent,https://de.linkedin.com/jobs/view/test-engineer-at-amoria-bond-4414013819,2026-07-02T12:10:42.715229+00:00
0,Tester | Austria,linkedin,Software Test Engineer (f/m/d),SCIENTIFIC GAMES,"Vienna, Austria",On-site,Full-time,,,English,,,Recent,https://at.linkedin.com/jobs/view/software-test-engineer-f-m-d-at-scientific-games-4431490456,2026-07-02T12:10:45.073077+00:00
0,Tester | Austria,linkedin,Software Tester,FB Consulting & Trade GmbH,"Vienna, Austria",On-site,Full-time,,,English,,,Recent,https://at.linkedin.com/jobs/view/software-tester-at-fb-consulting-trade-gmbh-4426929771,2026-07-02T12:10:45.073241+00:00
0,Tester | Austria,linkedin,Software Tester (f/m/d),GE HealthCare,"Vöcklamarkt, Upper Austria, Austria",On-site,Full-time,,,English,,,Recent,https://at.linkedin.com/jobs/view/software-tester-f-m-d-at-ge-healthcare-4416658855,2026-07-02T12:10:45.073381+00:00
0,Tester | Austria,linkedin,Test Engineer (all genders),Lam Research,"Villach, Carinthia, Austria",Remote,Internship,Python,Assembly,English,,,Recent,https://at.linkedin.com/jobs/view/test-engineer-all-genders-at-lam-research-4415913911,2026-07-02T12:10:45.073519+00:00
0,Tester | Austria,linkedin,Test Automation Engineer,STEINER-HITECH GmbH,"Vienna, Austria",Remote,Internship,"Java, Javascript, Selenium, Test Automation","Cucumber, Docker, Junior, React, R, Mid-Level, Bdd, Associate",German,,,Recent,https://at.linkedin.com/jobs/view/test-automation-engineer-at-steiner-hitech-gmbh-4435542328,2026-07-02T12:10:45.073830+00:00
0,Tester | Austria,linkedin,Test Engineer (all genders),Lam Research,"Villach, Carinthia, Austria",Remote,Full-time,,,English,,,Recent,https://at.linkedin.com/jobs/view/test-engineer-all-genders-at-lam-research-4419148898,2026-07-02T12:10:45.073970+00:00
0,Tester | Austria,linkedin,Software Test Engineer (f/m/x),Anton Paar,"Graz, Styria, Austria",On-site,Internship,"C, Java, Python, Selenium, Test Automation","Junit, Agile, Testng, Scrum, C#, Kanban",English,,,Recent,https://at.linkedin.com/jobs/view/software-test-engineer-f-m-x-at-anton-paar-4434326687,2026-07-02T12:10:45.074098+00:00
0,Tester | Austria,linkedin,Test Engineer (all genders),Beyond Gravity,"Berndorf, Lower Austria, Austria",On-site,Full-time,,,English,,,Recent,https://at.linkedin.com/jobs/view/test-engineer-all-genders-at-beyond-gravity-4435809297,2026-07-02T12:10:45.074226+00:00
0,Tester | Austria,linkedin,Test Engineer (all genders),Lam Research,"Villach, Carinthia, Austria",On-site,Full-time,,,English,,,Recent,https://at.linkedin.com/jobs/view/test-engineer-all-genders-at-lam-research-4428714676,2026-07-02T12:10:45.074351+00:00
0,Tester | Switzerland,linkedin,Test engineer,Qim info,"Geneva, Switzerland",On-site,Full-time,,,English,,,Recent,https://ch.linkedin.com/jobs/view/test-engineer-at-qim-info-4432756480,2026-07-02T12:10:47.425494+00:00
0,Tester | Switzerland,linkedin,Test Engineer (AI),Sixsentix,"Zurich, Switzerland",On-site,Full-time,,,English,,,Recent,https://ch.linkedin.com/jobs/view/test-engineer-ai-at-sixsentix-4417933662,2026-07-02T12:10:47.425658+00:00
0,Tester | Switzerland,linkedin,Quality Assurance Engineer,Summit Recruitment AG,"Zurich, Switzerland",On-site,Full-time,,,English,,,Recent,https://ch.linkedin.com/jobs/view/quality-assurance-engineer-at-summit-recruitment-ag-4433656760,2026-07-02T12:10:47.425795+00:00
0,Tester | Switzerland,linkedin,Test-Ingenieur:in 60 - 100%,Fincons Group,"Bern, Berne, Switzerland",Remote,Full-time,,,English,,,Recent,https://ch.linkedin.com/jobs/view/test-ingenieur-in-60-100%25-at-fincons-group-4436311066,2026-07-02T12:10:47.425944+00:00
0,Tester | Switzerland,linkedin,Test Engineer,Coopers Group AG,"Berne, Switzerland",On-site,Full-time,,,English,,,Recent,https://ch.linkedin.com/jobs/view/test-engineer-at-coopers-group-ag-4432752585,2026-07-02T12:10:47.426078+00:00
0,Tester | Switzerland,linkedin,Professional Test Engineer (m/w/d) - Manual Testing & Test Automation (60-100%) (Ref.Nr.: 47142),Wavestone,"Bern, Berne, Switzerland",Remote,Full-time,Test Automation,Manual Testing,English,,,Recent,https://ch.linkedin.com/jobs/view/professional-test-engineer-m-w-d-manual-testing-test-automation-60-100%25-ref-nr-47142-at-wavestone-4435822926,2026-07-02T12:10:47.426211+00:00
0,Tester | Switzerland,linkedin,Responsable tests,MGI Consultants,"Geneva, Switzerland",On-site,Full-time,,,English,,,Recent,https://ch.linkedin.com/jobs/view/responsable-tests-at-mgi-consultants-4426225978,2026-07-02T12:10:47.426478+00:00
0,Tester | Switzerland,linkedin,Flight Test Engineer,HYTE®,"Zurich, Switzerland",On-site,Full-time,,,English,,,Recent,https://ch.linkedin.com/jobs/view/flight-test-engineer-at-hyte%C2%AE-4430916768,2026-07-02T12:10:47.426603+00:00
0,Tester | Remote,linkedin,App-Tester / Testanwender (m/w/d) - remote - flexibel - Nebenjob,Winkler & Company,Germany,Remote,Full-time,,,English,,,Recent,https://de.linkedin.com/jobs/view/app-tester-testanwender-m-w-d-remote-flexibel-nebenjob-at-winkler-company-4431927395,2026-07-02T12:10:49.786399+00:00
0,Tester | Remote,linkedin,Quality Assurance Engineer (m/w/d),ISO-Gruppe,Germany,Remote,Full-time,,,English,,,Recent,https://de.linkedin.com/jobs/view/quality-assurance-engineer-m-w-d-at-iso-gruppe-4423000322,2026-07-02T12:10:49.786538+00:00
0,Tester | Remote,linkedin,Test Engineer,FormFactor Inc.,"Thiendorf, Saxony, Germany",Remote,Full-time,,,English,,,Recent,https://de.linkedin.com/jobs/view/test-engineer-at-formfactor-inc-4414702828,2026-07-02T12:10:49.786668+00:00
0,Tester | Remote,linkedin,Test Automation Engineer (5 months-limited),Bragi,Germany,Remote,Full-time,Test Automation,,English,,,Recent,https://de.linkedin.com/jobs/view/test-automation-engineer-5-months-limited-at-bragi-4428258645,2026-07-02T12:10:49.786796+00:00
0,Tester | Remote,linkedin,AI-First QA Engineer (Quality & Test Automation) (m/f/d),EverReal,Germany,Remote,Full-time,Test Automation,,English,,,Recent,https://de.linkedin.com/jobs/view/ai-first-qa-engineer-quality-test-automation-m-f-d-at-everreal-4429249279,2026-07-02T12:10:49.786936+00:00
0,Tester | Remote,linkedin,Software Engineer in Test,Dataiku,Berlin Metropolitan Area,Remote,Full-time,,,English,,,Recent,https://de.linkedin.com/jobs/view/software-engineer-in-test-at-dataiku-4426396942,2026-07-02T12:10:49.787066+00:00
0,Tester | Remote,linkedin,Penetration Tester | Upto $2150 Part-time,Mercor,"Berlin, Berlin, Germany",Remote,Full-time,,,English,,,Recent,https://de.linkedin.com/jobs/view/penetration-tester-upto-%242150-part-time-at-mercor-4424281692,2026-07-02T12:10:49.787189+00:00
0,Tester | Remote,linkedin,1086|Automation Test Engineer (Python),Intetics,Germany,Remote,Full-time,Python,,English,,,Recent,https://de.linkedin.com/jobs/view/1086-automation-test-engineer-python-at-intetics-4427541925,2026-07-02T12:10:49.787318+00:00
0,Tester | Slovakia,linkedin,Test Engineer,Infinity Quest,Slovakia,On-site,Full-time,,,English,,,Recent,https://sk.linkedin.com/jobs/view/test-engineer-at-infinity-quest-4435831132,2026-07-02T12:10:52.178521+00:00
0,Tester | Slovakia,linkedin,Manual QA Tester,Descartes Systems Group,"Žilina, Zilina, Slovakia",On-site,Full-time,,,English,,,Recent,https://sk.linkedin.com/jobs/view/manual-qa-tester-at-descartes-systems-group-4382115365,2026-07-02T12:10:52.178670+00:00
0,Tester | Slovakia,linkedin,Agile Test Engineer (m/f/n),ESET,"Bratislava, Bratislava, Slovakia",On-site,Full-time,,Agile,English,,,Recent,https://sk.linkedin.com/jobs/view/agile-test-engineer-m-f-n-at-eset-4405185637,2026-07-02T12:10:52.178857+00:00
0,Tester | Slovakia,linkedin,Agile Test Engineer (m/f/n),ESET,"Košice, Kosice, Slovakia",On-site,Full-time,,Agile,English,,,Recent,https://sk.linkedin.com/jobs/view/agile-test-engineer-m-f-n-at-eset-4405175696,2026-07-02T12:10:52.179007+00:00
0,Tester | Slovakia,linkedin,Software Test Engineer,Descartes Systems Group,"Žilina, Zilina, Slovakia",On-site,Full-time,,,English,,,Recent,https://sk.linkedin.com/jobs/view/software-test-engineer-at-descartes-systems-group-4346477958,2026-07-02T12:10:52.179143+00:00
0,Tester | Slovakia,linkedin,Integration Tester,Avenga,"Bratislava, Bratislava, Slovakia",On-site,Full-time,,,English,,,Recent,https://sk.linkedin.com/jobs/view/integration-tester-at-avenga-4331424497,2026-07-02T12:10:52.179284+00:00
0,Tester | Slovakia,linkedin,Test Engineer,Vertiv,"Nové Mesto nad Váhom, Trenciansky, Slovakia",On-site,Full-time,,,English,,,Recent,https://sk.linkedin.com/jobs/view/test-engineer-at-vertiv-4430484432,2026-07-02T12:10:52.179414+00:00
0,Tester | Slovakia,linkedin,Test Automation Engineer,Avenga,"Bratislava, Bratislava, Slovakia",On-site,Full-time,Test Automation,,English,,,Recent,https://sk.linkedin.com/jobs/view/test-automation-engineer-at-avenga-4331424496,2026-07-02T12:10:52.179550+00:00
0,Tester | Czech Republic,linkedin,Test Automation QA Engineer,Ethics Code,Dominican Republic,On-site,Full-time,Test Automation,,English,,,Recent,https://do.linkedin.com/jobs/view/test-automation-qa-engineer-at-ethics-code-4435824592,2026-07-02T12:10:54.555545+00:00
0,Tester | Czech Republic,linkedin,Software Development Engineer in Test (SDET),Flash,"Santo Domingo, Distrito Nacional, Dominican Republic",On-site,Full-time,,,English,,,Recent,https://do.linkedin.com/jobs/view/software-development-engineer-in-test-sdet-at-flash-4391531625,2026-07-02T12:10:54.555856+00:00
0,Tester | Czech Republic,linkedin,Software Development Engineer in Test,Origami Risk,"Santo Domingo, Distrito Nacional, Dominican Republic",On-site,Full-time,,,English,,,Recent,https://do.linkedin.com/jobs/view/software-development-engineer-in-test-at-origami-risk-4390621348,2026-07-02T12:10:54.556005+00:00
0,Tester | Czech Republic,linkedin,"Quality Automation Engineer (Hybrid, Santo Domingo, DO)",Parking Network B.V.,"Santo Domingo Este, Santo Domingo, Dominican Republic",Hybrid,Full-time,,,English,,,Recent,https://do.linkedin.com/jobs/view/quality-automation-engineer-hybrid-santo-domingo-do-at-parking-network-b-v-4431726465,2026-07-02T12:10:54.556133+00:00
0,Tester | Czech Republic,linkedin,Quality Automation Engineer,Flash,"Santo Domingo, Distrito Nacional, Dominican Republic",On-site,Full-time,,,English,,,Recent,https://do.linkedin.com/jobs/view/quality-automation-engineer-at-flash-4415552554,2026-07-02T12:10:54.556266+00:00
0,Tester | Czech Republic,linkedin,Software Development Engineer in Test (SDET) – Web3 - Remote Work,BairesDev,"Santo Domingo, Distrito Nacional, Dominican Republic",Remote,Full-time,,,English,,,Recent,https://do.linkedin.com/jobs/view/software-development-engineer-in-test-sdet-%E2%80%93-web3-remote-work-at-bairesdev-4434355210,2026-07-02T12:10:54.556525+00:00
0,Tester | Czech Republic,linkedin,Software Development Engineer in Test (SDET) – Blockchain - Remote Work,BairesDev,"Santo Domingo, Distrito Nacional, Dominican Republic",Remote,Full-time,,,English,,,Recent,https://do.linkedin.com/jobs/view/software-development-engineer-in-test-sdet-%E2%80%93-blockchain-remote-work-at-bairesdev-4434349610,2026-07-02T12:10:54.556663+00:00
0,Tester | Czech Republic,linkedin,Tecnico Electronico,Eaton,"Bajos de Haina, San Cristóbal, Dominican Republic",On-site,Full-time,,,English,,,Recent,https://do.linkedin.com/jobs/view/tecnico-electronico-at-eaton-4417943824,2026-07-02T12:10:54.556809+00:00
0,Tester | Poland,linkedin,Junior Manual Tester (Student) / Junior Manual Testerka (Studentka),Humanit,"Wrocław, Dolnośląskie, Poland",On-site,Internship,,Junior,English,,,Recent,https://pl.linkedin.com/jobs/view/junior-manual-tester-student-junior-manual-testerka-studentka-at-humanit-4422466178,2026-07-02T12:10:56.948242+00:00
0,Tester | Poland,linkedin,Junior Tester,Soflab Technology,"Warsaw, Mazowieckie, Poland",On-site,Full-time,,Junior,English,,,Recent,https://pl.linkedin.com/jobs/view/junior-tester-at-soflab-technology-4435108017,2026-07-02T12:10:56.948415+00:00
0,Tester | Poland,linkedin,Manual tester (bankowość),Altkom Software,"Warsaw, Mazowieckie, Poland",On-site,Full-time,,,English,,,Recent,https://pl.linkedin.com/jobs/view/manual-tester-bankowo%C5%9B%C4%87-at-altkom-software-4427964156,2026-07-02T12:10:56.948549+00:00
0,Tester | Poland,linkedin,Software Engineer in Test,ByteHire,Poland,On-site,Full-time,,,English,,,Recent,https://pl.linkedin.com/jobs/view/software-engineer-in-test-at-bytehire-4408816306,2026-07-02T12:10:56.948683+00:00
0,Tester | Poland,linkedin,Junior Manual Tester,Motorola Solutions,"Cracow, Małopolskie, Poland",On-site,Full-time,,Junior,English,,,Recent,https://pl.linkedin.com/jobs/view/junior-manual-tester-at-motorola-solutions-4435122301,2026-07-02T12:10:56.948811+00:00
0,Tester | Poland,linkedin,Tester,HCLTech,Gdansk Metropolitan Area,On-site,Full-time,,,English,,,Recent,https://pl.linkedin.com/jobs/view/tester-at-hcltech-4431828725,2026-07-02T12:10:56.948957+00:00
0,Tester | Poland,linkedin,Tester,Integral Solutions - Data & AI,"Warsaw, Mazowieckie, Poland",On-site,Full-time,,,English,,,Recent,https://pl.linkedin.com/jobs/view/tester-at-integral-solutions-data-ai-4425485640,2026-07-02T12:10:56.949083+00:00
0,Tester | Poland,linkedin,Tester/Testerka,IT-Dev sp. z o.o.,"Wrocław, Dolnośląskie, Poland",On-site,Full-time,,,English,,,Recent,https://pl.linkedin.com/jobs/view/tester-testerka-at-it-dev-sp-z-o-o-4432569141,2026-07-02T12:10:56.949205+00:00
0,Tester | Poland,linkedin,Test Engineer,HCLTech,Gdansk Metropolitan Area,On-site,Full-time,,,English,,,Recent,https://pl.linkedin.com/jobs/view/test-engineer-at-hcltech-4431826964,2026-07-02T12:10:56.949336+00:00
0,Tester | Poland,linkedin,Test Engineer,Seargin,"Gdynia, Pomorskie, Poland",On-site,Full-time,,,English,,,Recent,https://pl.linkedin.com/jobs/view/test-engineer-at-seargin-4425967958,2026-07-02T12:10:56.949461+00:00
0,Tester | USA,linkedin,Game Tester | $20/hr Remote,Crossing Hurdles,United States,Remote,Full-time,,,English,,,Recent,https://www.linkedin.com/jobs/view/game-tester-%2420-hr-remote-at-crossing-hurdles-4427707771,2026-07-02T12:10:59.478817+00:00
0,Tester | USA,linkedin,Junior Software Tester,Brooksource,"Columbus, Ohio Metropolitan Area",On-site,Full-time,,Junior,English,,,Recent,https://www.linkedin.com/jobs/view/junior-software-tester-at-brooksource-4414128825,2026-07-02T12:10:59.478996+00:00
0,Tester | USA,linkedin,Quality Assurance Tester,Synergy ECP,"Washington, DC",On-site,Full-time,,,English,,,Recent,https://www.linkedin.com/jobs/view/quality-assurance-tester-at-synergy-ecp-4432466194,2026-07-02T12:10:59.479137+00:00
0,Tester | USA,linkedin,Functional QE Analyst / Manual Tester,Qualitest,"Chicago, IL",On-site,Full-time,,,English,,,Recent,https://www.linkedin.com/jobs/view/functional-qe-analyst-manual-tester-at-qualitest-4432319053,2026-07-02T12:10:59.479269+00:00
0,Tester | USA,linkedin,Manual QA Tester,Motion Recruitment,"California, United States",On-site,Full-time,,,English,,,Recent,https://www.linkedin.com/jobs/view/manual-qa-tester-at-motion-recruitment-4435166913,2026-07-02T12:10:59.479398+00:00
0,Tester | USA,linkedin,Video Game Tester (On-Site),Testronic,"Kenner, LA",On-site,Full-time,,,English,,,Recent,https://www.linkedin.com/jobs/view/video-game-tester-on-site-at-testronic-4432371702,2026-07-02T12:10:59.479532+00:00
0,Tester | USA,linkedin,QA Tester,KellyMitchell Group,"Gresham, OR",On-site,Full-time,,,English,,,Recent,https://www.linkedin.com/jobs/view/qa-tester-at-kellymitchell-group-4380367886,2026-07-02T12:10:59.479658+00:00
0,Tester | USA,linkedin,Junior Software Tester,Brooksource,"Columbus, Ohio Metropolitan Area",On-site,Full-time,,Junior,English,,,Recent,https://www.linkedin.com/jobs/view/junior-software-tester-at-brooksource-4428408203,2026-07-02T12:10:59.479784+00:00
0,Tester | USA,linkedin,QA tester,"Seneca Resources Company, LLC","Hoover, AL",On-site,Full-time,,,English,,,Recent,https://www.linkedin.com/jobs/view/qa-tester-at-seneca-resources-company-llc-4433520175,2026-07-02T12:10:59.479921+00:00
0,Tester | USA,linkedin,Front-End QA Tester,The Planet Group,"Sunnyvale, CA",On-site,Full-time,,,English,,,Recent,https://www.linkedin.com/jobs/view/front-end-qa-tester-at-the-planet-group-4425546116,2026-07-02T12:10:59.480046+00:00
0,Tester | United Kingdom,linkedin,Game Tester | $20/hr Remote,Crossing Hurdles,United Kingdom,Remote,Full-time,,,English,,,Recent,https://uk.linkedin.com/jobs/view/game-tester-%2420-hr-remote-at-crossing-hurdles-4427720025,2026-07-02T12:11:01.957014+00:00
0,Tester | United Kingdom,linkedin,Software Tester - Playwright - REMOTE - £50k,Venchr,"Manchester Area, United Kingdom",Remote,Full-time,Playwright,,English,,,Recent,https://uk.linkedin.com/jobs/view/software-tester-playwright-remote-%C2%A350k-at-venchr-4426615319,2026-07-02T12:11:01.957176+00:00
0,Tester | United Kingdom,linkedin,Manual Tester,Scrumconnect Consulting,"Swansea, Wales, United Kingdom",On-site,Full-time,,,English,,,Recent,https://uk.linkedin.com/jobs/view/manual-tester-at-scrumconnect-consulting-4432771739,2026-07-02T12:11:01.957321+00:00
0,Tester | United Kingdom,linkedin,Game Tester,GSA Techsource,"West Midlands, England, United Kingdom",On-site,Full-time,,,English,,,Recent,https://uk.linkedin.com/jobs/view/game-tester-at-gsa-techsource-4432332979,2026-07-02T12:11:01.957454+00:00
0,Tester | United Kingdom,linkedin,Software Engineer in Test,Coforge,"London Area, United Kingdom",On-site,Full-time,,,English,,,Recent,https://uk.linkedin.com/jobs/view/software-engineer-in-test-at-coforge-4428487883,2026-07-02T12:11:01.957582+00:00
0,Tester | United Kingdom,linkedin,Non Functional Tester,Cognizant,"London Area, United Kingdom",On-site,Full-time,,,English,,,Recent,https://uk.linkedin.com/jobs/view/non-functional-tester-at-cognizant-4423375996,2026-07-02T12:11:01.957711+00:00
0,Tester | United Kingdom,linkedin,Software Tester,Brown & Brown UK,"London Area, United Kingdom",On-site,Full-time,,,English,,,Recent,https://uk.linkedin.com/jobs/view/software-tester-at-brown-brown-uk-4431668897,2026-07-02T12:11:01.957839+00:00
0,Tester | United Kingdom,linkedin,Software Tester,Tate Recruitment,"Coalville, England, United Kingdom",On-site,Full-time,,,English,,,Recent,https://uk.linkedin.com/jobs/view/software-tester-at-tate-recruitment-4426935411,2026-07-02T12:11:01.957978+00:00
0,Tester | United Kingdom,linkedin,Software Engineer in Test,Tact,"Manchester Area, United Kingdom",On-site,Full-time,,,English,,,Recent,https://uk.linkedin.com/jobs/view/software-engineer-in-test-at-tact-4433823327,2026-07-02T12:11:01.958105+00:00
0,QA Engineer | Germany,linkedin,QA Engineer (m/f/d),EPM Scientific,"North Rhine-Westphalia, Germany",On-site,Full-time,,,English,,,Recent,https://de.linkedin.com/jobs/view/qa-engineer-m-f-d-at-epm-scientific-4429874314,2026-07-02T12:11:04.325049+00:00
0,QA Engineer | Germany,linkedin,Quality Assurance Engineer,Jacobian,"Munich, Bavaria, Germany",On-site,Full-time,,,English,,,Recent,https://de.linkedin.com/jobs/view/quality-assurance-engineer-at-jacobian-4435115929,2026-07-02T12:11:04.325348+00:00
0,QA Engineer | Germany,linkedin,Manual AI-Assisted QA Engineer,COLIBRIX ONE,"Berlin, Berlin, Germany",On-site,Full-time,,,English,,,Recent,https://de.linkedin.com/jobs/view/manual-ai-assisted-qa-engineer-at-colibrix-one-4422405662,2026-07-02T12:11:04.325481+00:00
0,QA Engineer | Germany,linkedin,QA Engineer,Jobgether,Germany,On-site,Full-time,,,English,,,Recent,https://de.linkedin.com/jobs/view/qa-engineer-at-jobgether-4433010904,2026-07-02T12:11:04.325610+00:00
0,QA Engineer | Germany,linkedin,QA Engineer (all),mediaire,"Berlin, Berlin, Germany",On-site,Full-time,,,English,,,Recent,https://de.linkedin.com/jobs/view/qa-engineer-all-at-mediaire-4425787139,2026-07-02T12:11:04.326017+00:00
0,QA Engineer | Germany,linkedin,Quality Assurance Engineer,KARDION,"Stuttgart, Baden-Württemberg, Germany",On-site,Full-time,,,English,,,Recent,https://de.linkedin.com/jobs/view/quality-assurance-engineer-at-kardion-4431271130,2026-07-02T12:11:04.326138+00:00
0,QA Engineer | Austria,linkedin,QA Automation Engineer @ 3-S-IT Dienstleistungen GmbH,DEVjobs,"Vienna, Austria",On-site,Full-time,,,English,,,Recent,https://at.linkedin.com/jobs/view/qa-automation-engineer-%40-3-s-it-dienstleistungen-gmbh-at-devjobs-4435050316,2026-07-02T12:11:06.689191+00:00
0,QA Engineer | Austria,linkedin,"Engineer I, QA - (m/f/d) Part-time 50% (19.25 hours/week)",Thermo Fisher Scientific,"Vienna, Vienna, Austria",On-site,Full-time,,,English,,,Recent,https://at.linkedin.com/jobs/view/engineer-i-qa-m-f-d-part-time-50%25-19-25-hours-week-at-thermo-fisher-scientific-4422278300,2026-07-02T12:11:06.689857+00:00
0,QA Engineer | Austria,linkedin,Quality Assurance Engineer (m/w/d),Miba Group,"Roitham, Upper Austria, Austria",On-site,Full-time,,,English,,,Recent,https://at.linkedin.com/jobs/view/quality-assurance-engineer-m-w-d-at-miba-group-4422958807,2026-07-02T12:11:06.690008+00:00
0,QA Engineer | Austria,linkedin,Software Test Automation Engineer (m/w/d),Kontron Transportation,"Vienna, Vienna, Austria",On-site,Full-time,Test Automation,,English,,,Recent,https://at.linkedin.com/jobs/view/software-test-automation-engineer-m-w-d-at-kontron-transportation-4432773252,2026-07-02T12:11:06.690139+00:00
0,QA Engineer | Austria,linkedin,Test Automation Engineer C# (m/f/x),ADMIRAL Technologies,"Vienna, Austria",On-site,Full-time,"C, Test Automation",C#,English,,,Recent,https://at.linkedin.com/jobs/view/test-automation-engineer-c%23-m-f-x-at-admiral-technologies-4430888896,2026-07-02T12:11:06.690267+00:00
0,QA Engineer | Switzerland,linkedin,QA Engineer,Jobgether,Switzerland,On-site,Full-time,,,English,,,Recent,https://ch.linkedin.com/jobs/view/qa-engineer-at-jobgether-4433036266,2026-07-02T12:11:09.056062+00:00
0,QA Engineer | Switzerland,linkedin,Quality Assurance Engineer,Destinus,"Zurich, Zurich, Switzerland",On-site,Full-time,,,English,,,Recent,https://ch.linkedin.com/jobs/view/quality-assurance-engineer-at-destinus-4429903025,2026-07-02T12:11:09.056328+00:00
0,QA Engineer | Switzerland,linkedin,Back-End QA Engineer,Jobgether,Switzerland,On-site,Full-time,,,English,,,Recent,https://ch.linkedin.com/jobs/view/back-end-qa-engineer-at-jobgether-4434302960,2026-07-02T12:11:09.056582+00:00
0,QA Engineer | Remote,linkedin,QA Engineer,Aurora,Germany,Remote,Full-time,,,English,,,Recent,https://de.linkedin.com/jobs/view/qa-engineer-at-aurora-4432544558,2026-07-02T12:11:11.425040+00:00
0,QA Engineer | Remote,linkedin,"Backend QA Engineer, Berlin",Air Apps,Berlin Metropolitan Area,Remote,Full-time,,,English,,,Recent,https://de.linkedin.com/jobs/view/backend-qa-engineer-berlin-at-air-apps-4436192790,2026-07-02T12:11:11.425409+00:00
0,QA Engineer | Remote,linkedin,Backend QA Engineer,Air Apps,"Munich, Bavaria, Germany",Remote,Full-time,,,English,,,Recent,https://de.linkedin.com/jobs/view/backend-qa-engineer-at-air-apps-4432346081,2026-07-02T12:11:11.425540+00:00
0,QA Engineer | Remote,linkedin,Back-End QA Engineer,Jobgether,Germany,Remote,Contract,"Continuous Testing, Playwright","Agile, Scrum, Zephyr, Postman, Jira, Php, Sql",English,,,Recent,https://de.linkedin.com/jobs/view/back-end-qa-engineer-at-jobgether-4434316194,2026-07-02T12:11:11.425936+00:00
0,QA Engineer | Slovakia,linkedin,QA Engineer (Hybrid set up),Swiss Re,"Bratislava, Bratislava, Slovakia",Hybrid,Full-time,,,English,,,Recent,https://sk.linkedin.com/jobs/view/qa-engineer-hybrid-set-up-at-swiss-re-4409358923,2026-07-02T12:11:13.840048+00:00
0,QA Engineer | Slovakia,linkedin,Supplier Quality Engineer (SQA Engineer),Lear Corporation,"Presov, Presov, Slovakia",On-site,Full-time,,,English,,,Recent,https://sk.linkedin.com/jobs/view/supplier-quality-engineer-sqa-engineer-at-lear-corporation-4425865557,2026-07-02T12:11:13.840991+00:00
0,QA Engineer | Czech Republic,linkedin,Junior QA Automation Engineer,InvestorFlow,"Santiago de los Caballeros, Santiago, Dominican Republic",On-site,Full-time,,Junior,English,,,Recent,https://do.linkedin.com/jobs/view/junior-qa-automation-engineer-at-investorflow-4423307207,2026-07-02T12:11:16.216881+00:00
0,QA Engineer | Czech Republic,linkedin,Quality Assurance Engineer - Trabajo Remoto,BairesDev,"Santo Domingo, Distrito Nacional, Dominican Republic",On-site,Full-time,,,English,,,Recent,https://do.linkedin.com/jobs/view/quality-assurance-engineer-trabajo-remoto-at-bairesdev-4434169308,2026-07-02T12:11:16.217031+00:00
0,QA Engineer | Czech Republic,linkedin,"Engineer I, QA (Temporary)",BD,Dominican Republic,On-site,Full-time,,,English,,,Recent,https://do.linkedin.com/jobs/view/engineer-i-qa-temporary-at-bd-4431106039,2026-07-02T12:11:16.217293+00:00
0,QA Engineer | Czech Republic,linkedin,Software QA Engineer,Emapta Global,"Distrito Nacional, Dominican Republic",On-site,Full-time,,,English,,,Recent,https://do.linkedin.com/jobs/view/software-qa-engineer-at-emapta-global-4429140545,2026-07-02T12:11:16.217423+00:00
0,QA Engineer | Czech Republic,linkedin,INGENIERO QA QIK,Banco Popular Dominicano,"Santo Domingo, Distrito Nacional, Dominican Republic",On-site,Full-time,,,English,,,Recent,https://do.linkedin.com/jobs/view/ingeniero-qa-qik-at-banco-popular-dominicano-4433287700,2026-07-02T12:11:16.217550+00:00
0,QA Engineer | Czech Republic,linkedin,Ingeniero QA (Santiago),Infosyp,"Santiago de los Caballeros, Santiago, Dominican Republic",On-site,Full-time,,,English,,,Recent,https://do.linkedin.com/jobs/view/ingeniero-qa-santiago-at-infosyp-4428719831,2026-07-02T12:11:16.217676+00:00
0,QA Engineer | Czech Republic,linkedin,Ingeniero de automatización de aseguramiento de la calidad,Wepsys,"Distrito Nacional, Dominican Republic",On-site,Full-time,,,English,,,Recent,https://do.linkedin.com/jobs/view/ingeniero-de-automatizaci%C3%B3n-de-aseguramiento-de-la-calidad-at-wepsys-4430471871,2026-07-02T12:11:16.217799+00:00
0,QA Engineer | Poland,linkedin,Manual QA Engineer,LoopMe,"Cracow, Małopolskie, Poland",On-site,Full-time,,,English,,,Recent,https://pl.linkedin.com/jobs/view/manual-qa-engineer-at-loopme-4423923925,2026-07-02T12:11:18.603624+00:00
0,QA Engineer | Poland,linkedin,QA Engineer,Aurora,Poland,On-site,Full-time,,,English,,,Recent,https://pl.linkedin.com/jobs/view/qa-engineer-at-aurora-4432556343,2026-07-02T12:11:18.603950+00:00
0,QA Engineer | Poland,linkedin,Junior Manual QA Engineer for IOS Application,Zoolatech,Poland,On-site,Full-time,,Junior,English,,,Recent,https://pl.linkedin.com/jobs/view/junior-manual-qa-engineer-for-ios-application-at-zoolatech-4422793784,2026-07-02T12:11:18.604082+00:00
0,QA Engineer | Poland,linkedin,QA Engineer,Digital Forms,Poland,On-site,Full-time,,,English,,,Recent,https://pl.linkedin.com/jobs/view/qa-engineer-at-digital-forms-4436314306,2026-07-02T12:11:18.604213+00:00
0,QA Engineer | Poland,linkedin,Quality Assurance Engineer,Ascendion,Gdansk Metropolitan Area,On-site,Full-time,,,English,,,Recent,https://pl.linkedin.com/jobs/view/quality-assurance-engineer-at-ascendion-4428862123,2026-07-02T12:11:18.604343+00:00
0,QA Engineer | Poland,linkedin,QA Manual Engineer,SuperPlay,"Warsaw, Mazowieckie, Poland",On-site,Full-time,,,English,,,Recent,https://pl.linkedin.com/jobs/view/qa-manual-engineer-at-superplay-4434731352,2026-07-02T12:11:18.604469+00:00
0,QA Engineer | Poland,linkedin,Manual QA Engineer,The Travel Corporation,"Katowice, Śląskie, Poland",On-site,Full-time,,,English,,,Recent,https://pl.linkedin.com/jobs/view/manual-qa-engineer-at-the-travel-corporation-4428719134,2026-07-02T12:11:18.604723+00:00
0,QA Engineer | USA,linkedin,Quality Assurance Engineer,Stark Pharma Solutions Inc,"Rochester, NY",On-site,Full-time,,,English,,,Recent,https://www.linkedin.com/jobs/view/quality-assurance-engineer-at-stark-pharma-solutions-inc-4435808806,2026-07-02T12:11:21.047860+00:00
0,QA Engineer | USA,linkedin,Quality Assurance Engineer | $60/hr Remote,Crossing Hurdles,United States,Remote,Full-time,,,English,,,Recent,https://www.linkedin.com/jobs/view/quality-assurance-engineer-%2460-hr-remote-at-crossing-hurdles-4432240113,2026-07-02T12:11:21.048041+00:00
0,QA Engineer | USA,linkedin,100% Remote - QA Automation Engineer,Beacon Hill,"Los Angeles County, CA",Remote,Full-time,,,English,,,Recent,https://www.linkedin.com/jobs/view/100%25-remote-qa-automation-engineer-at-beacon-hill-4431289618,2026-07-02T12:11:21.048331+00:00
0,QA Engineer | USA,linkedin,QA Engineer | $42/hr Remote,Crossing Hurdles,United States,Remote,Full-time,,,English,,,Recent,https://www.linkedin.com/jobs/view/qa-engineer-%2442-hr-remote-at-crossing-hurdles-4424396925,2026-07-02T12:11:21.048458+00:00
0,QA Engineer | USA,linkedin,Sr. QA Engineer,"Agero, Inc.","Medford, MA",On-site,Full-time,,,English,,,Recent,https://www.linkedin.com/jobs/view/sr-qa-engineer-at-agero-inc-4416953126,2026-07-02T12:11:21.048581+00:00
0,QA Engineer | USA,linkedin,Quality Assurance Engineer,PAVmed Inc.,"Foxborough (Foxboro), MA",On-site,Full-time,,,English,,,Recent,https://www.linkedin.com/jobs/view/quality-assurance-engineer-at-pavmed-inc-4433257014,2026-07-02T12:11:21.048714+00:00
0,QA Engineer | USA,linkedin,Quality Assurance Automation Engineer,Sprocket Sports,"Chicago, IL",On-site,Full-time,,,English,,,Recent,https://www.linkedin.com/jobs/view/quality-assurance-automation-engineer-at-sprocket-sports-4431404232,2026-07-02T12:11:21.048838+00:00
0,QA Engineer | USA,linkedin,Quality Assurance Engineer,"Mitsubishi Electric Power Products, Inc.","Warrendale, PA",On-site,Full-time,,,English,,,Recent,https://www.linkedin.com/jobs/view/quality-assurance-engineer-at-mitsubishi-electric-power-products-inc-4429366861,2026-07-02T12:11:21.048975+00:00
0,QA Engineer | USA,linkedin,Quality Assurance Engineer,Saragossa,United States,On-site,Full-time,,,English,,,Recent,https://www.linkedin.com/jobs/view/quality-assurance-engineer-at-saragossa-4421999040,2026-07-02T12:11:21.049106+00:00
0,QA Engineer | United Kingdom,linkedin,Quality Assurance Engineer | $60/hr Remote,Crossing Hurdles,United Kingdom,Remote,Full-time,,,English,,,Recent,https://uk.linkedin.com/jobs/view/quality-assurance-engineer-%2460-hr-remote-at-crossing-hurdles-4432227355,2026-07-02T12:11:23.519489+00:00
0,QA Engineer | United Kingdom,linkedin,Quality Assurance Automation Engineer,Morson Edge,"Manchester Area, United Kingdom",On-site,Full-time,,,English,,,Recent,https://uk.linkedin.com/jobs/view/quality-assurance-automation-engineer-at-morson-edge-4432292104,2026-07-02T12:11:23.519811+00:00
0,QA Engineer | United Kingdom,linkedin,QA Automation Engineer,Softcat,"Manchester, England, United Kingdom",On-site,Full-time,,,English,,,Recent,https://uk.linkedin.com/jobs/view/qa-automation-engineer-at-softcat-4431256260,2026-07-02T12:11:23.519962+00:00
0,QA Engineer | United Kingdom,linkedin,Quality Assurance Tester,Innova Solutions,"Bedford, England, United Kingdom",On-site,Full-time,,,English,,,Recent,https://uk.linkedin.com/jobs/view/quality-assurance-tester-at-innova-solutions-4432769120,2026-07-02T12:11:23.520100+00:00
0,QA Engineer | United Kingdom,linkedin,QA Engineer,Reassured,"Basingstoke, England, United Kingdom",On-site,Full-time,,,English,,,Recent,https://uk.linkedin.com/jobs/view/qa-engineer-at-reassured-4428926401,2026-07-02T12:11:23.520611+00:00
0,QA Engineer | United Kingdom,linkedin,Automation Test Engineer,Qualient Technology Solutions UK Limited,"Sheffield, England, United Kingdom",On-site,Full-time,,,English,,,Recent,https://uk.linkedin.com/jobs/view/automation-test-engineer-at-qualient-technology-solutions-uk-limited-4431209722,2026-07-02T12:11:23.520740+00:00
0,Test Engineer | Germany,linkedin,Software Tester / Testautomatisierer (m/w/d) in Frankfurt (Main),Deloitte,"Frankfurt, Hesse, Germany",On-site,Full-time,,,English,,,Recent,https://de.linkedin.com/jobs/view/software-tester-testautomatisierer-m-w-d-in-frankfurt-main-at-deloitte-4248340673,2026-07-02T12:11:25.966014+00:00
0,Test Engineer | Germany,linkedin,Supplier Quality Engineer (m/w/d),SCHWING Group,"Herne, North Rhine-Westphalia, Germany",On-site,Full-time,,,English,,,Recent,https://de.linkedin.com/jobs/view/supplier-quality-engineer-m-w-d-at-schwing-group-4430885917,2026-07-02T12:11:25.966516+00:00
0,Test Engineer | Germany,linkedin,Software Quality Engineer (m/w/d),convivo GmbH,"Berlin, Berlin, Germany",On-site,Full-time,,,English,,,Recent,https://de.linkedin.com/jobs/view/software-quality-engineer-m-w-d-at-convivo-gmbh-4420734198,2026-07-02T12:11:25.966644+00:00
0,Test Engineer | Austria,linkedin,Software Test Engineer (f/m/x),Anton Paar,"Graz, Styria, Austria",On-site,Full-time,,,English,,,Recent,https://at.linkedin.com/jobs/view/software-test-engineer-f-m-x-at-anton-paar-4434315989,2026-07-02T12:11:28.335734+00:00
0,Test Engineer | Slovakia,linkedin,Field Engineer (mobile testing),Ecordia EU,"Bratislava, Slovakia",Remote,Full-time,,,English,,,Recent,https://sk.linkedin.com/jobs/view/field-engineer-mobile-testing-at-ecordia-eu-4436125928,2026-07-02T12:11:35.541345+00:00
0,Test Engineer | Czech Republic,linkedin,Quality Engineer I,Jabil,"Santo Domingo, Dominican Republic",On-site,Full-time,,,English,,,Recent,https://do.linkedin.com/jobs/view/quality-engineer-i-at-jabil-4434682332,2026-07-02T12:11:37.939097+00:00
0,Test Engineer | Czech Republic,linkedin,"Software Development Engineer (Santo Domingo, DO)",Parking Network B.V.,"Santo Domingo, Distrito Nacional, Dominican Republic",Remote,Full-time,"C, Can, Ci/Cd, Github Actions, Github Copilot, Java, Jenkins, Playwright, Python, Selenium, Test Automation, Typescript","Linux, Agile, Github, C#, Sql, Oracle, Aws, Appium",English,,,Recent,https://do.linkedin.com/jobs/view/software-development-engineer-santo-domingo-do-at-parking-network-b-v-4435367928,2026-07-02T12:11:37.939348+00:00
0,Test Engineer | Poland,linkedin,Software Test Engineer - Manual,Motorola Solutions,"Cracow, Małopolskie, Poland",On-site,Full-time,,,English,,,Recent,https://pl.linkedin.com/jobs/view/software-test-engineer-manual-at-motorola-solutions-4432426642,2026-07-02T12:11:40.340378+00:00
0,Test Engineer | Poland,linkedin,Quality Assurance Engineer,TechNET IT Recruitment Ltd,Poland,On-site,Full-time,,,English,,,Recent,https://pl.linkedin.com/jobs/view/quality-assurance-engineer-at-technet-it-recruitment-ltd-4430208748,2026-07-02T12:11:40.340785+00:00
0,Test Engineer | Poland,linkedin,Quality Assurance Engineer,Talent Search Technology,"Warsaw, Mazowieckie, Poland",On-site,Full-time,,,English,,,Recent,https://pl.linkedin.com/jobs/view/quality-assurance-engineer-at-talent-search-technology-4436303389,2026-07-02T12:11:40.341082+00:00
0,Test Engineer | Poland,linkedin,Quality Assurance Engineer,Start.io,"Mazowieckie, Poland",On-site,Full-time,,,English,,,Recent,https://pl.linkedin.com/jobs/view/quality-assurance-engineer-at-start-io-4420707778,2026-07-02T12:11:40.341211+00:00
0,Test Engineer | USA,linkedin,Software Test Engineer,Pentangle Tech Services | P5 Group,"Illinois, United States",On-site,Full-time,,,English,,,Recent,https://www.linkedin.com/jobs/view/software-test-engineer-at-pentangle-tech-services-p5-group-4432280616,2026-07-02T12:11:43.019651+00:00
0,Test Engineer | USA,linkedin,Quality Assurance Engineer,American Financing,"Aurora, CO",On-site,Full-time,,,English,,,Recent,https://www.linkedin.com/jobs/view/quality-assurance-engineer-at-american-financing-4432890925,2026-07-02T12:11:43.019783+00:00
0,Test Engineer | USA,linkedin,Quality Assurance Engineer,"Yoh, A Day & Zimmermann Company","Noblesville, IN",On-site,Full-time,,,English,,,Recent,https://www.linkedin.com/jobs/view/quality-assurance-engineer-at-yoh-a-day-zimmermann-company-4432287710,2026-07-02T12:11:43.019929+00:00
0,Test Engineer | USA,linkedin,Software Test Engineer,Pentangle Tech Services | P5 Group,"Illinois, United States",On-site,Full-time,,,English,,,Recent,https://www.linkedin.com/jobs/view/software-test-engineer-at-pentangle-tech-services-p5-group-4432599849,2026-07-02T12:11:43.020063+00:00
0,Test Engineer | USA,linkedin,Supplier Quality Engineer - Automotive Manufacturing,Genuine Search Group,"Lexington, KY",On-site,Full-time,,,English,,,Recent,https://www.linkedin.com/jobs/view/supplier-quality-engineer-automotive-manufacturing-at-genuine-search-group-4431274014,2026-07-02T12:11:43.020312+00:00
0,Test Engineer | USA,linkedin,Jr. Software Test Automation Engineer,"deciBel Research, Inc.","Huntsville, AL",On-site,Full-time,Test Automation,,English,,,Recent,https://www.linkedin.com/jobs/view/jr-software-test-automation-engineer-at-decibel-research-inc-4429131081,2026-07-02T12:11:43.020443+00:00
0,Test Engineer | USA,linkedin,Software Quality Engineer,TriCom Technical Services,"Topeka, KS",On-site,Full-time,,,English,,,Recent,https://www.linkedin.com/jobs/view/software-quality-engineer-at-tricom-technical-services-4434242791,2026-07-02T12:11:43.020573+00:00
0,Test Engineer | United Kingdom,linkedin,Quality Assurance Engineer,FRESH.,"London Area, United Kingdom",On-site,Full-time,,,English,,,Recent,https://uk.linkedin.com/jobs/view/quality-assurance-engineer-at-fresh-4434019500,2026-07-02T12:11:45.506917+00:00
0,Test Engineer | United Kingdom,linkedin,Quality Assurance Engineer,act digital,"London Area, United Kingdom",On-site,Full-time,,,English,,,Recent,https://uk.linkedin.com/jobs/view/quality-assurance-engineer-at-act-digital-4433247591,2026-07-02T12:11:45.507042+00:00
0,Testingenieur | Germany,linkedin,"Test and Lifecycle Engineer - Medical Devices (m,w,d)",SThree,"Berlin, Berlin, Germany",On-site,Full-time,,,English,,,Recent,https://de.linkedin.com/jobs/view/test-and-lifecycle-engineer-medical-devices-m-w-d-at-sthree-4432238362,2026-07-02T12:11:47.930480+00:00
0,Testingenieur | Germany,linkedin,CQV & CSV Engineering Opportunities – Germany,KPC International,"Frankfurt, Hesse, Germany",On-site,Internship,,,English,,,Recent,https://de.linkedin.com/jobs/view/cqv-csv-engineering-opportunities-%E2%80%93-germany-at-kpc-international-4225886744,2026-07-02T12:11:47.930807+00:00
0,Testingenieur | Germany,linkedin,Quality Assurance Engineer (m/f/d) – Taiwan & Berlin,Swobbee,"Berlin, Berlin, Germany",On-site,Full-time,,,English,,,Recent,https://de.linkedin.com/jobs/view/quality-assurance-engineer-m-f-d-%E2%80%93-taiwan-berlin-at-swobbee-4420719649,2026-07-02T12:11:47.930959+00:00
0,Testingenieur | Germany,linkedin,Testingenieur*in Elektromechanik / Hardware Test Engineer,TWK,"Düsseldorf, North Rhine-Westphalia, Germany",On-site,Full-time,,,English,,,Recent,https://de.linkedin.com/jobs/view/testingenieur-in-elektromechanik-hardware-test-engineer-at-twk-4432308717,2026-07-02T12:11:47.931105+00:00
0,Testingenieur | Germany,linkedin,Testingenieur / Verification Engineer (m/w/d) Medizintechnik,Exco GmbH,"Frankenthal, Rhineland-Palatinate, Germany",On-site,Full-time,,,English,,,Recent,https://de.linkedin.com/jobs/view/testingenieur-verification-engineer-m-w-d-medizintechnik-at-exco-gmbh-4431033389,2026-07-02T12:11:47.931235+00:00
0,Testingenieur | Germany,linkedin,Tester for a car voice assistant project - Italian (Italy) speaker,TSMG Holding,"Munich, Bavaria, Germany",On-site,Contract,,,English,,,Recent,https://de.linkedin.com/jobs/view/tester-for-a-car-voice-assistant-project-italian-italy-speaker-at-tsmg-holding-4430914117,2026-07-02T12:11:47.931365+00:00
0,Testingenieur | Germany,linkedin,System Ingenieur (m/w/d) Produktentwicklung,Anschuetz GmbH,"Kiel, Schleswig-Holstein, Germany",On-site,Full-time,,,English,,,Recent,https://de.linkedin.com/jobs/view/system-ingenieur-m-w-d-produktentwicklung-at-anschuetz-gmbh-4430274225,2026-07-02T12:11:47.931585+00:00
0,Testingenieur | Germany,linkedin,Testingenieur (m/w/d),Anschuetz GmbH,"Kiel, Schleswig-Holstein, Germany",On-site,Full-time,,,English,,,Recent,https://de.linkedin.com/jobs/view/testingenieur-m-w-d-at-anschuetz-gmbh-4430274229,2026-07-02T12:11:47.931812+00:00
0,Testingenieur | Germany,linkedin,Electronic Engineer – Component Test Devices (m/w/d),Rolls-Royce Power Systems,"Friedrichshafen, Baden-Württemberg, Germany",On-site,Full-time,,,English,,,Recent,https://de.linkedin.com/jobs/view/electronic-engineer-%E2%80%93-component-test-devices-m-w-d-at-rolls-royce-power-systems-4422632514,2026-07-02T12:11:47.932029+00:00
0,Testingenieur | Austria,linkedin,MedTech Test & Verification Engineer (m/w/d),Combyn Health Care GmbH,Greater Graz,On-site,Full-time,,,English,,,Recent,https://at.linkedin.com/jobs/view/medtech-test-verification-engineer-m-w-d-at-combyn-health-care-gmbh-4434197486,2026-07-02T12:11:50.304076+00:00
0,Testingenieur | Austria,linkedin,Testingenieur Produktfunktionalität (m/w/d),SPIE Austria GmbH,"Salzburg, Salzburg, Austria",On-site,Full-time,,,English,,,Recent,https://at.linkedin.com/jobs/view/testingenieur-produktfunktionalit%C3%A4t-m-w-d-at-spie-austria-gmbh-4429088584,2026-07-02T12:11:50.304618+00:00
0,Testingenieur | Austria,linkedin,Junior Testingenieurin / Testingenieur (m/w/d),Miba Cooling Austria (former DAU GmbH & Co KG),"Zerlach, Styria, Austria",On-site,Full-time,,Junior,English,,,Recent,https://at.linkedin.com/jobs/view/junior-testingenieurin-testingenieur-m-w-d-at-miba-cooling-austria-former-dau-gmbh-co-kg-4431715723,2026-07-02T12:11:50.304884+00:00
0,Testingenieur | Austria,linkedin,Elektronik Entwickler / Testingenieur,Akkodis,"Linz, Upper Austria, Austria",On-site,Full-time,,,English,,,Recent,https://at.linkedin.com/jobs/view/elektronik-entwickler-testingenieur-at-akkodis-4425779234,2026-07-02T12:11:50.305031+00:00
0,Testingenieur | Austria,linkedin,Test Engineer (m/w/d),TE Connectivity,"Waidhofen an der Thaya, Lower Austria, Austria",On-site,Full-time,,,German,,,Recent,https://at.linkedin.com/jobs/view/test-engineer-m-w-d-at-te-connectivity-4405108937,2026-07-02T12:11:50.305164+00:00
0,Testingenieur | Switzerland,linkedin,Ingénieur/Ingénieure Tests Automatisés,PrimeIT Switzerland,"Geneva, Switzerland",On-site,Full-time,,,English,,,Recent,https://ch.linkedin.com/jobs/view/ing%C3%A9nieur-ing%C3%A9nieure-tests-automatis%C3%A9s-at-primeit-switzerland-4429971205,2026-07-02T12:11:52.700139+00:00
0,Testingenieur | Switzerland,linkedin,Test Engineer (Mechanical / Mechatronics) - 884106/1,Hays,"Zurich, Switzerland",On-site,Full-time,,,English,,,Recent,https://ch.linkedin.com/jobs/view/test-engineer-mechanical-mechatronics-884106-1-at-hays-4436300657,2026-07-02T12:11:52.700277+00:00
0,Testingenieur | Switzerland,linkedin,PLC Software Engineer (w/m/d),Acutronic Group,"Bubikon, Zurich, Switzerland",On-site,Full-time,,,English,,,Recent,https://ch.linkedin.com/jobs/view/plc-software-engineer-w-m-d-at-acutronic-group-4432762837,2026-07-02T12:11:52.700410+00:00
0,Testingenieur | Switzerland,linkedin,AI Speech Tester (Italian native speaker - Switzerland regional variant),TSMG Holding,"Lugano, Ticino, Switzerland",On-site,Full-time,,,English,,,Recent,https://ch.linkedin.com/jobs/view/ai-speech-tester-italian-native-speaker-switzerland-regional-variant-at-tsmg-holding-4430906241,2026-07-02T12:11:52.700538+00:00
0,Testingenieur | Switzerland,linkedin,AI Speech Tester (Italian native speaker - Switzerland regional variant),TSMG Holding,"Bellinzona, Ticino, Switzerland",On-site,Full-time,,,English,,,Recent,https://ch.linkedin.com/jobs/view/ai-speech-tester-italian-native-speaker-switzerland-regional-variant-at-tsmg-holding-4430917059,2026-07-02T12:11:52.700791+00:00
0,Testingenieur | Switzerland,linkedin,Internship Application Engineering,Optotune,"Dietikon / Im Berg, Zurich, Switzerland",On-site,Internship,,Internship,English,,,Recent,https://ch.linkedin.com/jobs/view/internship-application-engineering-at-optotune-4430420970,2026-07-02T12:11:52.701055+00:00
0,Testingenieur | Remote,linkedin,QA Engineer - Firmware & Mobile Testing (5 months limited),Bragi,Germany,Remote,Full-time,Firmware,,English,,,Recent,https://de.linkedin.com/jobs/view/qa-engineer-firmware-mobile-testing-5-months-limited-at-bragi-4428551289,2026-07-02T12:11:55.131737+00:00
0,Testingenieur | Remote,linkedin,"Requirements Engineer – Remote – Customer-Facing – Software Development - €90,000",Findr,Germany,Remote,Full-time,,,English,,,Recent,https://de.linkedin.com/jobs/view/requirements-engineer-%E2%80%93-remote-%E2%80%93-customer-facing-%E2%80%93-software-development-%E2%82%AC90-000-at-findr-4430977436,2026-07-02T12:11:55.132016+00:00
0,Testingenieur | Remote,linkedin,Project Engineer,R8 TECHNOLOGIES,Germany,Remote,Contract,,,English,,,Recent,https://de.linkedin.com/jobs/view/project-engineer-at-r8-technologies-4426481460,2026-07-02T12:11:55.132529+00:00
0,Testingenieur | Remote,linkedin,Software Test Engineer - Softwaretester - Testingenieur --- SPACE industry (Relocation to Bremen),Demexios,"Hamburg, Germany",Remote,Full-time,,,English,,,Recent,https://de.linkedin.com/jobs/view/software-test-engineer-softwaretester-testingenieur-space-industry-relocation-to-bremen-at-demexios-4431096371,2026-07-02T12:11:55.132648+00:00
0,Testingenieur | Remote,linkedin,"Software Engineer, iOS Core Product - Munich, Germany",Speechify,"Munich, Bavaria, Germany",Remote,Full-time,,,English,,,Recent,https://de.linkedin.com/jobs/view/software-engineer-ios-core-product-munich-germany-at-speechify-4434443043,2026-07-02T12:11:55.132776+00:00
0,Testingenieur | Czech Republic,linkedin,软件开发工程师（SST团队）,"DCT Co., Ltd.","アト・マジョール州, Hato Mayor, Dominican Republic",On-site,Full-time,,,English,,,Recent,https://do.linkedin.com/jobs/view/%E8%BD%AF%E4%BB%B6%E5%BC%80%E5%8F%91%E5%B7%A5%E7%A8%8B%E5%B8%88%EF%BC%88sst%E5%9B%A2%E9%98%9F%EF%BC%89-at-dct-co-ltd-4433279369,2026-07-02T12:11:59.907892+00:00
0,Testingenieur | Czech Republic,linkedin,CircuitCAM软件开发工程师（C++方向）,"DCT Co., Ltd.","アト・マジョール州, Hato Mayor, Dominican Republic",On-site,Full-time,"C, C++",,English,,,Recent,https://do.linkedin.com/jobs/view/circuitcam%E8%BD%AF%E4%BB%B6%E5%BC%80%E5%8F%91%E5%B7%A5%E7%A8%8B%E5%B8%88%EF%BC%88c%2B%2B%E6%96%B9%E5%90%91%EF%BC%89-at-dct-co-ltd-4433263889,2026-07-02T12:11:59.908175+00:00
0,Testingenieur | Czech Republic,linkedin,Software Engineer / AI Engineer,AI Robotix,"Santo Domingo, Distrito Nacional, Dominican Republic",On-site,Full-time,,,English,,,Recent,https://do.linkedin.com/jobs/view/software-engineer-ai-engineer-at-ai-robotix-4435830577,2026-07-02T12:11:59.908440+00:00
0,Testingenieur | Poland,linkedin,"Inżynier Testu - Test Engineer (M,K)",LACROIX,"Kwidzyn Gmina, Pomorskie, Poland",On-site,Full-time,,,English,,,Recent,https://pl.linkedin.com/jobs/view/in%C5%BCynier-testu-test-engineer-m-k-at-lacroix-4428936136,2026-07-02T12:12:02.381699+00:00
0,Testingenieur | Poland,linkedin,Junior Application Engineer,WNS,Kielce Metropolitan Area,On-site,Full-time,,Junior,English,,,Recent,https://pl.linkedin.com/jobs/view/junior-application-engineer-at-wns-4427962454,2026-07-02T12:12:02.381877+00:00
0,Testingenieur | Poland,linkedin,Automotive Test Engineer – Field Testing (Freelance),ThunderSoft,Poland,On-site,Contract,System Testing,Manual Testing,English,,,Recent,https://pl.linkedin.com/jobs/view/automotive-test-engineer-%E2%80%93-field-testing-freelance-at-thundersoft-4428499904,2026-07-02T12:12:02.382298+00:00
0,Testingenieur | Poland,linkedin,Tester Manulny Ferryt (M/K),Astek,Poland,On-site,Full-time,,,English,,,Recent,https://pl.linkedin.com/jobs/view/tester-manulny-ferryt-m-k-at-astek-4384487803,2026-07-02T12:12:02.382437+00:00
0,Testingenieur | Poland,linkedin,"Tester Ferryt (He, She) -",Astek,"Warsaw, Mazowieckie, Poland",On-site,Full-time,,,English,,,Recent,https://pl.linkedin.com/jobs/view/tester-ferryt-he-she-at-astek-4417061676,2026-07-02T12:12:02.382568+00:00
0,Testingenieur | Poland,linkedin,Robot QA Specialist,Nomagic,"Warsaw, Mazowieckie, Poland",On-site,Full-time,,,English,,,Recent,https://pl.linkedin.com/jobs/view/robot-qa-specialist-at-nomagic-4427999154,2026-07-02T12:12:02.382696+00:00
0,Testingenieur | USA,linkedin,Robot Programmer (Fanuc),Gabletek Robotics and Controls Solutions,"Marshall, MI",On-site,Full-time,,,English,,,Recent,https://www.linkedin.com/jobs/view/robot-programmer-fanuc-at-gabletek-robotics-and-controls-solutions-4427384079,2026-07-02T12:12:04.979188+00:00
0,Testingenieur | USA,linkedin,"New Graduate Engineer, Launch & Test (Starship)",SpaceX,"Texas, United States",On-site,Full-time,,Graduate,English,,,Recent,https://www.linkedin.com/jobs/view/new-graduate-engineer-launch-test-starship-at-spacex-4426506912,2026-07-02T12:12:04.979364+00:00
0,Testingenieur | USA,linkedin,Kuka Robot Programmer,Gabletek Robotics and Controls Solutions,"Troy, MI",On-site,Full-time,,,English,,,Recent,https://www.linkedin.com/jobs/view/kuka-robot-programmer-at-gabletek-robotics-and-controls-solutions-4428964998,2026-07-02T12:12:04.979633+00:00
0,Testingenieur | USA,linkedin,Mechanical Test Engineer,Applus+ Laboratories,"Ithaca, NY",On-site,Full-time,,,English,,,Recent,https://www.linkedin.com/jobs/view/mechanical-test-engineer-at-applus%2B-laboratories-4420724741,2026-07-02T12:12:04.979761+00:00
0,Testingenieur | USA,linkedin,Mechanical Engineer - Testing,Blackstone Talent Group,San Francisco Bay Area,On-site,Full-time,,,English,,,Recent,https://www.linkedin.com/jobs/view/mechanical-engineer-testing-at-blackstone-talent-group-4434318768,2026-07-02T12:12:04.979898+00:00
0,Testingenieur | USA,linkedin,Weld Robot Programmer,Honda South Carolina Manufacturing,"Raymond, OH",On-site,Full-time,,,English,,,Recent,https://www.linkedin.com/jobs/view/weld-robot-programmer-at-honda-south-carolina-manufacturing-4435357072,2026-07-02T12:12:04.980046+00:00
0,Testingenieur | USA,linkedin,Test Engineer,"Yamaha Motor Corporation, USA","Newnan, GA",On-site,Full-time,,,English,,,Recent,https://www.linkedin.com/jobs/view/test-engineer-at-yamaha-motor-corporation-usa-4416530923,2026-07-02T12:12:04.980172+00:00
0,Testingenieur | United Kingdom,linkedin,Graduate Test Engineer – Environmental Testing,Applus+ Laboratories,"Silverstone, England, United Kingdom",On-site,Full-time,,Graduate,English,,,Recent,https://uk.linkedin.com/jobs/view/graduate-test-engineer-%E2%80%93-environmental-testing-at-applus%2B-laboratories-4409256531,2026-07-02T12:12:07.389032+00:00
0,Testingenieur | United Kingdom,linkedin,Test Engineer,General Dynamics UK Limited,"Hastings, England, United Kingdom",On-site,Full-time,,,English,,,Recent,https://uk.linkedin.com/jobs/view/test-engineer-at-general-dynamics-uk-limited-4435581094,2026-07-02T12:12:07.389181+00:00
0,Testingenieur | United Kingdom,linkedin,Test Engineer,TipTopJob,"Telford, England, United Kingdom",On-site,Full-time,,,English,,,Recent,https://uk.linkedin.com/jobs/view/test-engineer-at-tiptopjob-4431184259,2026-07-02T12:12:07.389315+00:00
0,Testingenieur | United Kingdom,linkedin,New Product Introduction Engineer,CPS Group (UK) Limited,"Gloucestershire, England, United Kingdom",On-site,Full-time,,,English,,,Recent,https://uk.linkedin.com/jobs/view/new-product-introduction-engineer-at-cps-group-uk-limited-4433832479,2026-07-02T12:12:07.389450+00:00
0,Testingenieur | United Kingdom,linkedin,Quality Assurance Engineer,Heidelberg Materials UK,"Syston, England, United Kingdom",Hybrid,Contract,Go,"Jira, Agile",English,,,Recent,https://uk.linkedin.com/jobs/view/quality-assurance-engineer-at-heidelberg-materials-uk-4430976297,2026-07-02T12:12:07.389714+00:00
0,Testingenieur | United Kingdom,linkedin,Test Engineer,Actalent,"Essex, England, United Kingdom",On-site,Contract,,Associate,English,,,Recent,https://uk.linkedin.com/jobs/view/test-engineer-at-actalent-4427190441,2026-07-02T12:12:07.389849+00:00
0,Testingenieur | United Kingdom,linkedin,DFT Engineer,Raspberry Pi,"Cambridge, England, United Kingdom",On-site,Full-time,Microcontroller,,English,,,Recent,https://uk.linkedin.com/jobs/view/dft-engineer-at-raspberry-pi-4435157635,2026-07-02T12:12:07.389989+00:00
0,Testingenieur | United Kingdom,linkedin,Graduate Quality Assurance Engineer,E3 Recruitment,"Huddersfield, England, United Kingdom",On-site,Full-time,,Graduate,English,,,Recent,https://uk.linkedin.com/jobs/view/graduate-quality-assurance-engineer-at-e3-recruitment-4420728561,2026-07-02T12:12:07.390116+00:00
0,Test Automation | Germany,linkedin,Test Automation Engineer (5 months-limited),Bragi,"Munich, Bavaria, Germany",On-site,Full-time,Test Automation,,English,,,Recent,https://de.linkedin.com/jobs/view/test-automation-engineer-5-months-limited-at-bragi-4432832886,2026-07-02T12:12:09.815396+00:00
0,Test Automation | Germany,linkedin,Quality Analyst (w|m|d),JDE Peet's,"Bremen, Bremen, Germany",On-site,Full-time,,,English,,,Recent,https://de.linkedin.com/jobs/view/quality-analyst-w-m-d-at-jde-peet-s-4428486711,2026-07-02T12:12:09.815566+00:00
0,Test Automation | Germany,linkedin,Automation Engineer (all genders),getolo,"Berlin, Berlin, Germany",On-site,Full-time,,,English,,,Recent,https://de.linkedin.com/jobs/view/automation-engineer-all-genders-at-getolo-4434706283,2026-07-02T12:12:09.816105+00:00
0,Test Automation | Austria,linkedin,Software Quality Engineer (m/f/d),MED-EL,"Innsbruck, Tyrol, Austria",On-site,Full-time,,,English,,,Recent,https://at.linkedin.com/jobs/view/software-quality-engineer-m-f-d-at-med-el-4336125829,2026-07-02T12:12:12.189694+00:00
0,Test Automation | Austria,linkedin,Softwaretester (d/w/m),hello again,"Linz, Upper Austria, Austria",On-site,Full-time,,,English,,,Recent,https://at.linkedin.com/jobs/view/softwaretester-d-w-m-at-hello-again-4427836559,2026-07-02T12:12:12.189821+00:00
0,Test Automation | Switzerland,linkedin,Testing,Ampegon,"Baden, Aargau, Switzerland",On-site,Full-time,,,English,,,Recent,https://ch.linkedin.com/jobs/view/testing-at-ampegon-4429852150,2026-07-02T12:12:14.599190+00:00
0,Test Automation | Remote,linkedin,QE - Native AI Engineer,Delaplex,Germany,Remote,Full-time,,,English,,,Recent,https://de.linkedin.com/jobs/view/qe-native-ai-engineer-at-delaplex-4433654713,2026-07-02T12:12:16.996289+00:00
0,Test Automation | Slovakia,linkedin,Junior Integration Manager,GoReel,"Bratislava, Bratislava, Slovakia",On-site,Full-time,,Junior,English,,,Recent,https://sk.linkedin.com/jobs/view/junior-integration-manager-at-goreel-4435815812,2026-07-02T12:12:19.362205+00:00
0,Test Automation | Czech Republic,linkedin,QA Analyst (Automation),Midorick Solutions,Dominican Republic,On-site,Full-time,,,English,,,Recent,https://do.linkedin.com/jobs/view/qa-analyst-automation-at-midorick-solutions-4432431646,2026-07-02T12:12:21.723018+00:00
0,Test Automation | Czech Republic,linkedin,Corporativo - Analista QA - Temporal,Centro Cuesta Nacional,"Santo Domingo de Guzmán, Distrito Nacional, Dominican Republic",On-site,Full-time,,,English,,,Recent,https://do.linkedin.com/jobs/view/corporativo-analista-qa-temporal-at-centro-cuesta-nacional-4436180424,2026-07-02T12:12:21.723161+00:00
0,Test Automation | Czech Republic,linkedin,QA Analyst,Newtech S.R.L,"Distrito Nacional, Dominican Republic",On-site,Full-time,,R,English,,,Recent,https://do.linkedin.com/jobs/view/qa-analyst-at-newtech-s-r-l-4433359622,2026-07-02T12:12:21.723562+00:00
0,Test Automation | Czech Republic,linkedin,Analista de Calidad (Call Center),FAI Autos,"Santo Domingo Este, Santo Domingo, Dominican Republic",On-site,Full-time,,,English,,,Recent,https://do.linkedin.com/jobs/view/analista-de-calidad-call-center-at-fai-autos-4431571138,2026-07-02T12:12:21.723821+00:00
0,Test Automation | Poland,linkedin,Automation QA Engineer (SDET),LoopMe,"Cracow, Małopolskie, Poland",On-site,Full-time,,,English,,,Recent,https://pl.linkedin.com/jobs/view/automation-qa-engineer-sdet-at-loopme-4423932805,2026-07-02T12:12:24.120561+00:00
0,Test Automation | Poland,linkedin,QA Tester Automation (100% zdalnie),SEDIVIO,"Warsaw, Mazowieckie, Poland",Remote,Full-time,,,English,,,Recent,https://pl.linkedin.com/jobs/view/qa-tester-automation-100%25-zdalnie-at-sedivio-4432851358,2026-07-02T12:12:24.120826+00:00
0,Test Automation | Poland,linkedin,Test Automation Specialist,Ework Group,"Warsaw, Mazowieckie, Poland",On-site,Full-time,Test Automation,,English,,,Recent,https://pl.linkedin.com/jobs/view/test-automation-specialist-at-ework-group-4435108025,2026-07-02T12:12:24.120969+00:00
0,Test Automation | Poland,linkedin,Head of Software Quality,Omada,"Warsaw, Mazowieckie, Poland",On-site,Full-time,,Head Of,English,,,Recent,https://pl.linkedin.com/jobs/view/head-of-software-quality-at-omada-4436194817,2026-07-02T12:12:24.121227+00:00
0,Test Automation | USA,linkedin,Quality Assurance Specialist,Proper Cloth,"New York, NY",On-site,Full-time,,,English,,,Recent,https://www.linkedin.com/jobs/view/quality-assurance-specialist-at-proper-cloth-4434049597,2026-07-02T12:12:26.616439+00:00
0,Test Automation | USA,linkedin,Quality Assurance Analyst,"Concorde, Inc",United States,On-site,Full-time,,,English,,,Recent,https://www.linkedin.com/jobs/view/quality-assurance-analyst-at-concorde-inc-4429652624,2026-07-02T12:12:26.616581+00:00
0,Test Automation | USA,linkedin,QA Analyst,Prompt Health,United States,On-site,Full-time,,,English,,,Recent,https://www.linkedin.com/jobs/view/qa-analyst-at-prompt-health-4433501442,2026-07-02T12:12:26.616720+00:00
0,Test Automation | USA,linkedin,Software Automation Quality Assurance Engineer,"Discharge IQ, Inc.","Alpharetta, GA",On-site,Full-time,,,English,,,Recent,https://www.linkedin.com/jobs/view/software-automation-quality-assurance-engineer-at-discharge-iq-inc-4434170053,2026-07-02T12:12:26.616844+00:00
0,Test Automation | USA,linkedin,QA Automation / Manual tester,GuruSchools LLC,"New York, NY",On-site,Full-time,,,English,,,Recent,https://www.linkedin.com/jobs/view/qa-automation-manual-tester-at-guruschools-llc-4431706578,2026-07-02T12:12:26.616983+00:00
0,Test Automation | USA,linkedin,QUALITY ASSURANCE ANALYST,People2Care Technology,"San Francisco, CA",On-site,Full-time,,,English,,,Recent,https://www.linkedin.com/jobs/view/quality-assurance-analyst-at-people2care-technology-4431687899,2026-07-02T12:12:26.617234+00:00
0,Test Automation | USA,linkedin,Test Automation Engineer (QA),"Wilcore Technologies, Inc.","Stafford, VA",On-site,Full-time,Test Automation,,English,,,Recent,https://www.linkedin.com/jobs/view/test-automation-engineer-qa-at-wilcore-technologies-inc-4436195641,2026-07-02T12:12:26.617357+00:00
0,Test Automation | United Kingdom,linkedin,"Manager, QA Test",BDO,United Kingdom,On-site,Full-time,,,English,,,Recent,https://uk.linkedin.com/jobs/view/manager-qa-test-at-bdo-4433306707,2026-07-02T12:12:29.074447+00:00
0,Test Automation | United Kingdom,linkedin,Test Automation Engineer,Scrumconnect Consulting,"London, England, United Kingdom",On-site,Full-time,Test Automation,,English,,,Recent,https://uk.linkedin.com/jobs/view/test-automation-engineer-at-scrumconnect-consulting-4432259048,2026-07-02T12:12:29.074616+00:00
0,Test Automation | United Kingdom,linkedin,Quality Assurance Automation Engineer,Accenture,"Scotland, United Kingdom",On-site,Full-time,,,English,,,Recent,https://uk.linkedin.com/jobs/view/quality-assurance-automation-engineer-at-accenture-4427839178,2026-07-02T12:12:29.074753+00:00
0,Test Automation | United Kingdom,linkedin,QA Analyst (US working hours),hackajob,United Kingdom,On-site,Full-time,,,English,,,Recent,https://uk.linkedin.com/jobs/view/qa-analyst-us-working-hours-at-hackajob-4379154974,2026-07-02T12:12:29.075551+00:00
0,Python Developer | Germany,linkedin,Python Developer - Fully Remote | Upto $50/hr,Mercor,"Berlin, Berlin, Germany",Remote,Full-time,Python,,English,,,Recent,https://de.linkedin.com/jobs/view/python-developer-fully-remote-upto-%2450-hr-at-mercor-4431457554,2026-07-02T12:12:31.484677+00:00
0,Python Developer | Germany,linkedin,Python Developer - Fully Remote | Upto $50/hr,Mercor,Germany,Remote,Full-time,Python,,English,,,Recent,https://de.linkedin.com/jobs/view/python-developer-fully-remote-upto-%2450-hr-at-mercor-4432094263,2026-07-02T12:12:31.484843+00:00
0,Python Developer | Germany,linkedin,Python Developer - Remote,YO IT Consulting,"Berlin, Berlin, Germany",Remote,Full-time,Python,,English,,,Recent,https://de.linkedin.com/jobs/view/python-developer-remote-at-yo-it-consulting-4435018501,2026-07-02T12:12:31.485000+00:00
0,Python Developer | Germany,linkedin,Python Developer,Virtusa,"Munich, Bavaria, Germany",On-site,Full-time,Python,,English,,,Recent,https://de.linkedin.com/jobs/view/python-developer-at-virtusa-4430444024,2026-07-02T12:12:31.485133+00:00
0,Python Developer | Germany,linkedin,Python Developer (f/m/d),HCLTech Germany,"Frankfurt am Main, Hesse, Germany",On-site,Full-time,Python,,English,,,Recent,https://de.linkedin.com/jobs/view/python-developer-f-m-d-at-hcltech-germany-4426228578,2026-07-02T12:12:31.485267+00:00
0,Python Developer | Germany,linkedin,Full Stack Engineer,Metrikflow,"Berlin, Berlin, Germany",On-site,Full-time,,,English,,,Recent,https://de.linkedin.com/jobs/view/full-stack-engineer-at-metrikflow-4432431043,2026-07-02T12:12:31.485398+00:00
0,Python Developer | Germany,linkedin,Python Developer,KBC Technologies Group,"Munich, Bavaria, Germany",On-site,Full-time,Python,,English,,,Recent,https://de.linkedin.com/jobs/view/python-developer-at-kbc-technologies-group-4435060320,2026-07-02T12:12:31.485524+00:00
0,Python Developer | Germany,linkedin,Backend Developer - Fully Remote | Upto $85/hr,Mercor,Germany,Remote,Full-time,,,English,,,Recent,https://de.linkedin.com/jobs/view/backend-developer-fully-remote-upto-%2485-hr-at-mercor-4429789126,2026-07-02T12:12:31.485651+00:00
0,Python Developer | Germany,linkedin,Python Developer GenAI & Agentic AI (m/f/d),Nagarro,Germany,On-site,Full-time,Python,,English,,,Recent,https://de.linkedin.com/jobs/view/python-developer-genai-agentic-ai-m-f-d-at-nagarro-4432690289,2026-07-02T12:12:31.485777+00:00
0,Python Developer | Germany,linkedin,Back-end Engineer Integration and AI (PHP/Python),Nextcloud,"Stuttgart, Baden-Württemberg, Germany",On-site,Full-time,Python,Php,English,,,Recent,https://de.linkedin.com/jobs/view/back-end-engineer-integration-and-ai-php-python-at-nextcloud-4432423249,2026-07-02T12:12:31.485900+00:00
0,Python Developer | Austria,linkedin,Backend Developer (Phyton/Odoo),Schrankerl,"Vienna, Vienna, Austria",On-site,Full-time,,,English,,,Recent,https://at.linkedin.com/jobs/view/backend-developer-phyton-odoo-at-schrankerl-4430678694,2026-07-02T12:12:33.826930+00:00
0,Python Developer | Austria,linkedin,Python Developer (42939),CoolPeople Technology,"Vienna, Vienna, Austria",On-site,Full-time,Python,,English,,,Recent,https://at.linkedin.com/jobs/view/python-developer-42939-at-coolpeople-technology-4425600828,2026-07-02T12:12:33.827096+00:00
0,Python Developer | Austria,linkedin,Back End Developer Python @ Formunauts,DEVjobs,"Vienna, Austria",On-site,Full-time,Python,,English,,,Recent,https://at.linkedin.com/jobs/view/back-end-developer-python-%40-formunauts-at-devjobs-4435541861,2026-07-02T12:12:33.827227+00:00
0,Python Developer | Austria,linkedin,Freelance Data Scraping Engineer (Python),Mindrift,Austria,Remote,Contract,"Ai Agents, Can, Generative Ai, Javascript, Python, Selenium",Github,English,,,Recent,https://at.linkedin.com/jobs/view/freelance-data-scraping-engineer-python-at-mindrift-4432365128,2026-07-02T12:12:33.827355+00:00
0,Python Developer | Austria,linkedin,AI/ML Engineer (Python),EUROPEAN DYNAMICS,"Vienna, Vienna, Austria",On-site,Full-time,Python,,English,,,Recent,https://at.linkedin.com/jobs/view/ai-ml-engineer-python-at-european-dynamics-4432352975,2026-07-02T12:12:33.827484+00:00
0,Python Developer | Austria,linkedin,Freelance Full-Stack Web App Developer,Mindrift,Austria,On-site,Contract,,,English,,,Recent,https://at.linkedin.com/jobs/view/freelance-full-stack-web-app-developer-at-mindrift-4434430725,2026-07-02T12:12:33.827612+00:00
0,Python Developer | Austria,linkedin,Python Systems & Visualization Engineer (m/f/*),PIDSO--Propagation Ideas and Solutions,"Vienna, Vienna, Austria",On-site,Full-time,Python,,English,,,Recent,https://at.linkedin.com/jobs/view/python-systems-visualization-engineer-m-f-at-pidso-propagation-ideas-and-solutions-4433817200,2026-07-02T12:12:33.827863+00:00
0,Python Developer | Switzerland,linkedin,Développeur Java FullStack (h/f),Redsen,"Geneva, Switzerland",On-site,Full-time,Java,,English,,,Recent,https://ch.linkedin.com/jobs/view/d%C3%A9veloppeur-java-fullstack-h-f-at-redsen-4431214111,2026-07-02T12:12:36.210759+00:00
0,Python Developer | Switzerland,linkedin,Python Software Engineer - Digital Assets,IMC Trading,"Zug, Zug, Switzerland",On-site,Full-time,Python,,English,,,Recent,https://ch.linkedin.com/jobs/view/python-software-engineer-digital-assets-at-imc-trading-4320553182,2026-07-02T12:12:36.210946+00:00
0,Python Developer | Switzerland,linkedin,Développeur·euse Python/Powershell (H/F),TEAM PARTNERS Suisse SA - Groupe BLUESOFT,"Geneva, Geneva, Switzerland",On-site,Full-time,Python,Powershell,English,,,Recent,https://ch.linkedin.com/jobs/view/d%C3%A9veloppeur%C2%B7euse-python-powershell-h-f-at-team-partners-suisse-sa-groupe-bluesoft-4427484581,2026-07-02T12:12:36.211089+00:00
0,Python Developer | Switzerland,linkedin,Back End Developer,Jobtome,"Mendrisio, Ticino, Switzerland",On-site,Full-time,,,English,,,Recent,https://ch.linkedin.com/jobs/view/back-end-developer-at-jobtome-4419698069,2026-07-02T12:12:36.211229+00:00
0,Python Developer | Switzerland,linkedin,Junior Full-Stack Engineer (AI Code Evaluation),Jobgether,Switzerland,On-site,Full-time,,Junior,English,,,Recent,https://ch.linkedin.com/jobs/view/junior-full-stack-engineer-ai-code-evaluation-at-jobgether-4433033745,2026-07-02T12:12:36.211357+00:00
0,Python Developer | Switzerland,linkedin,Software Engineer - Python and C++,Michael Page,"Lausanne, Vaud, Switzerland",On-site,Full-time,"C, C++, Python",,English,,,Recent,https://ch.linkedin.com/jobs/view/software-engineer-python-and-c%2B%2B-at-michael-page-4430966866,2026-07-02T12:12:36.211486+00:00
0,Python Developer | Switzerland,linkedin,Backend Software Engineer(Junior oder Professional),Subsidia,"St Gallen, St Gallen, Switzerland",On-site,Full-time,,Junior,English,,,Recent,https://ch.linkedin.com/jobs/view/backend-software-engineer-junior-oder-professional-at-subsidia-4426782638,2026-07-02T12:12:36.211613+00:00
0,Python Developer | Switzerland,linkedin,Backend Software Engineer,Jobgether,Switzerland,On-site,Full-time,,,English,,,Recent,https://ch.linkedin.com/jobs/view/backend-software-engineer-at-jobgether-4434122309,2026-07-02T12:12:36.211740+00:00
0,Python Developer | Switzerland,linkedin,Quantitative Developer,SGI,"Basel, Basel, Switzerland",On-site,Full-time,,,English,,,Recent,https://ch.linkedin.com/jobs/view/quantitative-developer-at-sgi-4432606541,2026-07-02T12:12:36.212015+00:00
0,Python Developer | Remote,linkedin,Python Backend Developer - Relocation to Cyprus,payabl.,Germany,Remote,Full-time,Python,,English,,,Recent,https://de.linkedin.com/jobs/view/python-backend-developer-relocation-to-cyprus-at-payabl-4432294330,2026-07-02T12:12:38.645079+00:00
0,Python Developer | Remote,linkedin,Freelance Data Scraping Engineer (Python),Mindrift,"Munich, Bavaria, Germany",Remote,Contract,Python,,English,,,Recent,https://de.linkedin.com/jobs/view/freelance-data-scraping-engineer-python-at-mindrift-4432366033,2026-07-02T12:12:38.645213+00:00
0,Python Developer | Remote,linkedin,Python Backend Developer (File Processing) - Relocation to Cyprus,payabl.,Germany,Remote,Full-time,Python,,English,,,Recent,https://de.linkedin.com/jobs/view/python-backend-developer-file-processing-relocation-to-cyprus-at-payabl-4429885400,2026-07-02T12:12:38.645345+00:00
0,Python Developer | Remote,linkedin,Freelance Data Scraping Engineer (Python),Mindrift,Germany,Remote,Contract,Python,,English,,,Recent,https://de.linkedin.com/jobs/view/freelance-data-scraping-engineer-python-at-mindrift-4432347467,2026-07-02T12:12:38.645477+00:00
0,Python Developer | Remote,linkedin,Python Software Engineer - Machine Learning Systems (m/f/d),CUJU,Germany,Remote,Full-time,Python,Machine Learning,English,,,Recent,https://de.linkedin.com/jobs/view/python-software-engineer-machine-learning-systems-m-f-d-at-cuju-4421589903,2026-07-02T12:12:38.645600+00:00
0,Python Developer | Slovakia,linkedin,Python Software Developer,Nokia,"Bratislava, Bratislava, Slovakia",On-site,Full-time,Python,,English,,,Recent,https://sk.linkedin.com/jobs/view/python-software-developer-at-nokia-4289894545,2026-07-02T12:12:41.370308+00:00
0,Python Developer | Slovakia,linkedin,Python Software Engineer (m/f/n),ESET,"Bratislava, Bratislava, Slovakia",On-site,Full-time,Python,,English,,,Recent,https://sk.linkedin.com/jobs/view/python-software-engineer-m-f-n-at-eset-4292497215,2026-07-02T12:12:41.370480+00:00
0,Python Developer | Slovakia,linkedin,Python Software Engineer (m/f/n),ESET,"Bratislava, Bratislava, Slovakia",On-site,Full-time,Python,,English,,,Recent,https://sk.linkedin.com/jobs/view/python-software-engineer-m-f-n-at-eset-4414037159,2026-07-02T12:12:41.370618+00:00
0,Python Developer | Slovakia,linkedin,Python Developer (43003),CoolPeople Technology,"Košice, Kosice, Slovakia",On-site,Full-time,Python,,English,,,Recent,https://sk.linkedin.com/jobs/view/python-developer-43003-at-coolpeople-technology-4428879028,2026-07-02T12:12:41.370751+00:00
0,Python Developer | Slovakia,linkedin,Back End Developer,DevelGuru,Slovakia,On-site,Full-time,,,English,,,Recent,https://sk.linkedin.com/jobs/view/back-end-developer-at-develguru-4426234290,2026-07-02T12:12:41.371163+00:00
0,Python Developer | Slovakia,linkedin,Experienced Python Software Engineer (m/f/n),ESET,"Bratislava, Bratislava, Slovakia",On-site,Full-time,Python,,English,,,Recent,https://sk.linkedin.com/jobs/view/experienced-python-software-engineer-m-f-n-at-eset-4385072625,2026-07-02T12:12:41.371291+00:00
0,Python Developer | Slovakia,linkedin,Python Software Engineer – Malware Automation (m/f/n),ESET,"Bratislava, Bratislava, Slovakia",On-site,Full-time,Python,,English,,,Recent,https://sk.linkedin.com/jobs/view/python-software-engineer-%E2%80%93-malware-automation-m-f-n-at-eset-4426454266,2026-07-02T12:12:41.371419+00:00
0,Python Developer | Czech Republic,linkedin,Full Stack Developer (Python),Perform,Dominican Republic,On-site,Full-time,Python,,English,,,Recent,https://do.linkedin.com/jobs/view/full-stack-developer-python-at-perform-4398298505,2026-07-02T12:12:43.758147+00:00
0,Python Developer | Czech Republic,linkedin,Full Stack Developer (Python),Perform,"Santo Domingo, Distrito Nacional, Dominican Republic",On-site,Full-time,Python,,English,,,Recent,https://do.linkedin.com/jobs/view/full-stack-developer-python-at-perform-4415707267,2026-07-02T12:12:43.758319+00:00
0,Python Developer | Czech Republic,linkedin,Full Stack Developer,Flatiron Software,Dominican Republic,On-site,Full-time,,,English,,,Recent,https://do.linkedin.com/jobs/view/full-stack-developer-at-flatiron-software-4428876223,2026-07-02T12:12:43.758467+00:00
0,Python Developer | Czech Republic,linkedin,Web Developer & Designer,RemoteVA,Dominican Republic,Remote,Full-time,,,English,,,Recent,https://do.linkedin.com/jobs/view/web-developer-designer-at-remoteva-4434211618,2026-07-02T12:12:43.758600+00:00
0,Python Developer | Czech Republic,linkedin,Python Engineer - Remote - Latin America,FullStack,"Higüey, La Altagracia, Dominican Republic",Remote,Full-time,Python,,English,,,Recent,https://do.linkedin.com/jobs/view/python-engineer-remote-latin-america-at-fullstack-4421244541,2026-07-02T12:12:43.758737+00:00
0,Python Developer | Czech Republic,linkedin,Python Engineer - Remote - Latin America,FullStack,Dominican Republic,Remote,Full-time,Python,,English,,,Recent,https://do.linkedin.com/jobs/view/python-engineer-remote-latin-america-at-fullstack-4421240684,2026-07-02T12:12:43.758869+00:00
0,Python Developer | Czech Republic,linkedin,Python Engineer - Remote - Latin America,FullStack,"Santo Domingo, Dominican Republic",Remote,Full-time,Python,,English,,,Recent,https://do.linkedin.com/jobs/view/python-engineer-remote-latin-america-at-fullstack-4421255098,2026-07-02T12:12:43.759009+00:00
0,Python Developer | Czech Republic,linkedin,Python Engineer - Remote - Latin America,FullStack,"Santo Domingo Este, Santo Domingo, Dominican Republic",Remote,Full-time,Python,,English,,,Recent,https://do.linkedin.com/jobs/view/python-engineer-remote-latin-america-at-fullstack-4421244542,2026-07-02T12:12:43.759145+00:00
0,Python Developer | Czech Republic,linkedin,Junior Web Developer (Wix Enterprise) - Remote - Latin America,FullStack,Dominican Republic,Remote,Full-time,,Junior,English,,,Recent,https://do.linkedin.com/jobs/view/junior-web-developer-wix-enterprise-remote-latin-america-at-fullstack-4436114611,2026-07-02T12:12:43.759276+00:00
0,Python Developer | Czech Republic,linkedin,Python Engineer - Remote - Latin America,FullStack,"La Romana, La Romana, Dominican Republic",Remote,Full-time,Python,,English,,,Recent,https://do.linkedin.com/jobs/view/python-engineer-remote-latin-america-at-fullstack-4421254288,2026-07-02T12:12:43.759404+00:00
0,Python Developer | Poland,linkedin,(Junior) Python Developer,Infinite Services,"Warsaw, Mazowieckie, Poland",On-site,Full-time,Python,Junior,English,,,Recent,https://pl.linkedin.com/jobs/view/junior-python-developer-at-infinite-services-4435842530,2026-07-02T12:12:46.207392+00:00
0,Python Developer | Poland,linkedin,Backend Developer (Python) | Remote,360Dialog,Poland,Remote,Full-time,Python,,English,,,Recent,https://pl.linkedin.com/jobs/view/backend-developer-python-remote-at-360dialog-4426342261,2026-07-02T12:12:46.207557+00:00
0,Python Developer | Poland,linkedin,Python Developer,AppTailors,Poland,On-site,Full-time,Python,,English,,,Recent,https://pl.linkedin.com/jobs/view/python-developer-at-apptailors-4428580786,2026-07-02T12:12:46.207684+00:00
0,Python Developer | Poland,linkedin,Junior Python AI Engineer,EPAM Systems,"Katowice, Śląskie, Poland",On-site,Full-time,Python,Junior,English,,,Recent,https://pl.linkedin.com/jobs/view/junior-python-ai-engineer-at-epam-systems-4432252883,2026-07-02T12:12:46.207814+00:00
0,Python Developer | Poland,linkedin,Python developer with Gen AI/Agent (Python/GCP),Deloitte,"Warsaw, Mazowieckie, Poland",On-site,Full-time,Python,Gcp,English,,,Recent,https://pl.linkedin.com/jobs/view/python-developer-with-gen-ai-agent-python-gcp-at-deloitte-4416898747,2026-07-02T12:12:46.207968+00:00
0,Python Developer | Poland,linkedin,Python developer with Gen AI/Agent (Python/GCP),Deloitte,"Cracow, Małopolskie, Poland",On-site,Full-time,Python,Gcp,English,,,Recent,https://pl.linkedin.com/jobs/view/python-developer-with-gen-ai-agent-python-gcp-at-deloitte-4416884844,2026-07-02T12:12:46.208101+00:00
0,Python Developer | Poland,linkedin,Software Engineer (Python) - AI Platform,Revolut,Poland,On-site,Full-time,Python,,English,,,Recent,https://pl.linkedin.com/jobs/view/software-engineer-python-ai-platform-at-revolut-4250500721,2026-07-02T12:12:46.208234+00:00
0,Python Developer | Poland,linkedin,Software Engineer 5 - Python Platform,Netflix,"Warsaw, Mazowieckie, Poland",On-site,Full-time,Python,,English,,,Recent,https://pl.linkedin.com/jobs/view/software-engineer-5-python-platform-at-netflix-4414341797,2026-07-02T12:12:46.208363+00:00
0,Python Developer | Poland,linkedin,Python Developer,EY,"Katowice, Śląskie, Poland",On-site,Full-time,Python,,English,,,Recent,https://pl.linkedin.com/jobs/view/python-developer-at-ey-4388955348,2026-07-02T12:12:46.208488+00:00
0,Python Developer | Poland,linkedin,Python developer with Gen AI/Agent (Python/GCP),Deloitte,"Poznań, Wielkopolskie, Poland",On-site,Full-time,Python,Gcp,English,,,Recent,https://pl.linkedin.com/jobs/view/python-developer-with-gen-ai-agent-python-gcp-at-deloitte-4417206384,2026-07-02T12:12:46.208616+00:00
0,Python Developer | USA,linkedin,Python Developer,Genpact,New York City Metropolitan Area,On-site,Full-time,Python,,English,,,Recent,https://www.linkedin.com/jobs/view/python-developer-at-genpact-4424806770,2026-07-02T12:12:48.769998+00:00
0,Python Developer | USA,linkedin,"Software Engineer L5, Python Platform",Netflix,United States,On-site,Full-time,Python,,English,,,Recent,https://www.linkedin.com/jobs/view/software-engineer-l5-python-platform-at-netflix-4411198995,2026-07-02T12:12:48.770164+00:00
0,Python Developer | USA,linkedin,Python Developer,Infosys,"Charlotte, NC",On-site,Full-time,Python,,English,,,Recent,https://www.linkedin.com/jobs/view/python-developer-at-infosys-4411188667,2026-07-02T12:12:48.770303+00:00
0,Python Developer | USA,linkedin,Python Developer,Persistent Systems,"Tampa, FL",On-site,Full-time,Python,,English,,,Recent,https://www.linkedin.com/jobs/view/python-developer-at-persistent-systems-4421551669,2026-07-02T12:12:48.770438+00:00
0,Python Developer | USA,linkedin,Python Developer - Fully Remote | Upto $50/hr,Mercor,"New York, NY",Remote,Full-time,Python,,English,,,Recent,https://www.linkedin.com/jobs/view/python-developer-fully-remote-upto-%2450-hr-at-mercor-4431937135,2026-07-02T12:12:48.770565+00:00
0,Python Developer | USA,linkedin,Python Developer - Fully Remote | Upto $50/hr,Mercor,United States,Remote,Full-time,Python,,English,,,Recent,https://www.linkedin.com/jobs/view/python-developer-fully-remote-upto-%2450-hr-at-mercor-4431648195,2026-07-02T12:12:48.770687+00:00
0,Python Developer | USA,linkedin,Python Developer,RiVi Consulting Group L.L.C,"Green Bay, Wisconsin Metropolitan Area",On-site,Full-time,"C, Python",,English,,,Recent,https://www.linkedin.com/jobs/view/python-developer-at-rivi-consulting-group-l-l-c-4431237016,2026-07-02T12:12:48.770811+00:00
0,Python Developer | USA,linkedin,Python Developer - Entry-Experienced,Medpace,"Cincinnati, OH",On-site,Full-time,Python,,English,,,Recent,https://www.linkedin.com/jobs/view/python-developer-entry-experienced-at-medpace-4410821360,2026-07-02T12:12:48.770958+00:00
0,Python Developer | USA,linkedin,Full Stack Developer (Python),Amivero,"Ashburn, VA",On-site,Full-time,Python,,English,,,Recent,https://www.linkedin.com/jobs/view/full-stack-developer-python-at-amivero-4431419129,2026-07-02T12:12:48.771084+00:00
0,Python Developer | United Kingdom,linkedin,Python Developer,hackajob,"London, England, United Kingdom",On-site,Full-time,Python,,English,,,Recent,https://uk.linkedin.com/jobs/view/python-developer-at-hackajob-4425526234,2026-07-02T12:12:51.193039+00:00
0,Python Developer | United Kingdom,linkedin,Python Developer,trg.,"Greater London, England, United Kingdom",Hybrid,Contract,"Claude, Cursor, Python","Aws, Kubernetes, Flask, Docker, Graphql, Django, Snowflake, Fastapi",English,,,Recent,https://uk.linkedin.com/jobs/view/python-developer-at-trg-4431259736,2026-07-02T12:12:51.193214+00:00
0,Python Developer | United Kingdom,linkedin,Python Developer - Fully Remote | Upto $50/hr,Mercor,"London, England, United Kingdom",Remote,Full-time,Python,,English,,,Recent,https://uk.linkedin.com/jobs/view/python-developer-fully-remote-upto-%2450-hr-at-mercor-4431933173,2026-07-02T12:12:51.193350+00:00
0,Python Developer | United Kingdom,linkedin,Front Office Python Developer,MARGO,"London Area, United Kingdom",On-site,Full-time,Python,,English,,,Recent,https://uk.linkedin.com/jobs/view/front-office-python-developer-at-margo-4432237777,2026-07-02T12:12:51.193481+00:00
0,Python Developer | United Kingdom,linkedin,Python Developer,RedRock Resourcing,"Greater Bristol Area, United Kingdom",On-site,Full-time,Python,,English,,,Recent,https://uk.linkedin.com/jobs/view/python-developer-at-redrock-resourcing-4431492439,2026-07-02T12:12:51.193739+00:00
0,Python Developer | United Kingdom,linkedin,Python Developer,Thomson Keene,"London Area, United Kingdom",On-site,Full-time,Python,,English,,,Recent,https://uk.linkedin.com/jobs/view/python-developer-at-thomson-keene-4428867092,2026-07-02T12:12:51.193872+00:00
0,Python Developer | United Kingdom,linkedin,Python Developer,Talan,"London, England, United Kingdom",On-site,Full-time,Python,,English,,,Recent,https://uk.linkedin.com/jobs/view/python-developer-at-talan-4427043090,2026-07-02T12:12:51.194017+00:00
0,Python Developer | United Kingdom,linkedin,Software Engineer (Python) - AI Platform,Revolut,United Kingdom,On-site,Full-time,Python,,English,,,Recent,https://uk.linkedin.com/jobs/view/software-engineer-python-ai-platform-at-revolut-4250197984,2026-07-02T12:12:51.194149+00:00
0,Python Test | Germany,linkedin,Quality Engineer,RepRisk,"Berlin, Germany",On-site,Full-time,,,English,,,Recent,https://de.linkedin.com/jobs/view/quality-engineer-at-reprisk-4433669308,2026-07-02T12:12:53.710243+00:00
0,Python Test | Germany,linkedin,Test Engineer (m/w/d),T&S (Technology & Strategy),"Berlin, Germany",On-site,Full-time,,,English,,,Recent,https://de.linkedin.com/jobs/view/test-engineer-m-w-d-at-t-s-technology-strategy-4431658335,2026-07-02T12:12:53.710628+00:00
0,Python Test | Austria,linkedin,Test Engineer Embedded Software,SBG Associates,"Vienna, Austria",On-site,Full-time,,,English,,,Recent,https://at.linkedin.com/jobs/view/test-engineer-embedded-software-at-sbg-associates-4427840026,2026-07-02T12:12:56.116017+00:00
0,Python Test | Switzerland,linkedin,Business Analyst/Test Coordinator,RM Group (Switzerland),Zürich Metropolitan Area,On-site,Full-time,,,English,,,Recent,https://ch.linkedin.com/jobs/view/business-analyst-test-coordinator-at-rm-group-switzerland-4434321437,2026-07-02T12:12:58.468436+00:00
0,Python Test | Switzerland,linkedin,Quality Engineer,Ivy Partners,"Geneva, Switzerland",On-site,Full-time,,,English,,,Recent,https://ch.linkedin.com/jobs/view/quality-engineer-at-ivy-partners-4425639369,2026-07-02T12:12:58.468566+00:00
0,Python Test | Slovakia,linkedin,AI Engineer,RemoFirst,Slovakia,On-site,Full-time,,,English,,,Recent,https://sk.linkedin.com/jobs/view/ai-engineer-at-remofirst-4427049614,2026-07-02T12:13:03.296244+00:00
0,Python Test | Czech Republic,linkedin,Trainee in Application Lab,STMicroelectronics,"Batey 8, Independencia Province, Dominican Republic",On-site,Full-time,,Trainee,English,,,Recent,https://do.linkedin.com/jobs/view/trainee-in-application-lab-at-stmicroelectronics-4377848452,2026-07-02T12:13:05.723216+00:00
0,Python Test | Czech Republic,linkedin,Business Analyst,SPI|TC by Jostens,"Santiago de los Caballeros, Santiago, Dominican Republic",On-site,Full-time,Spi,,English,,,Recent,https://do.linkedin.com/jobs/view/business-analyst-at-spi-tc-by-jostens-4432889462,2026-07-02T12:13:05.723610+00:00
0,Python Test | Czech Republic,linkedin,Sr. SDET (Gaming Industry),Perform,Dominican Republic,On-site,Full-time,,,English,,,Recent,https://do.linkedin.com/jobs/view/sr-sdet-gaming-industry-at-perform-4362287427,2026-07-02T12:13:05.723738+00:00
0,Python Test | Poland,linkedin,1086|Automation Test Engineer (Python),Intetics,Poland,On-site,Full-time,Python,,English,,,Recent,https://pl.linkedin.com/jobs/view/1086-automation-test-engineer-python-at-intetics-4427547799,2026-07-02T12:13:08.085514+00:00
0,Python Test | Poland,linkedin,QA Engineer,Smile,Poland,On-site,Full-time,,,English,,,Recent,https://pl.linkedin.com/jobs/view/qa-engineer-at-smile-4429845874,2026-07-02T12:13:08.085921+00:00
0,Python Test | USA,linkedin,Software Quality Engineer,HCLTech,"Austin, TX",On-site,Full-time,,,English,,,Recent,https://www.linkedin.com/jobs/view/software-quality-engineer-at-hcltech-4432182241,2026-07-02T12:13:10.615550+00:00
0,Python Test | USA,linkedin,Quality Assurance Automation Engineer,7N,Greater Philadelphia,On-site,Full-time,,,English,,,Recent,https://www.linkedin.com/jobs/view/quality-assurance-automation-engineer-at-7n-4428154503,2026-07-02T12:13:10.615692+00:00
0,Python Test | USA,linkedin,Software QA Analyst,ConsultNet Technology Services and Solutions,"Westlake, OH",On-site,Full-time,,,English,,,Recent,https://www.linkedin.com/jobs/view/software-qa-analyst-at-consultnet-technology-services-and-solutions-4432595083,2026-07-02T12:13:10.615826+00:00
0,Python Test | USA,linkedin,Software Quality Assurance Analyst,Compri Consulting,"Boulder, CO",On-site,Full-time,,,English,,,Recent,https://www.linkedin.com/jobs/view/software-quality-assurance-analyst-at-compri-consulting-4429382156,2026-07-02T12:13:10.615968+00:00
0,Python Test | USA,linkedin,Quality Assurance Automation Engineer,Sogeti,"Columbus, Ohio Metropolitan Area",On-site,Full-time,,,English,,,Recent,https://www.linkedin.com/jobs/view/quality-assurance-automation-engineer-at-sogeti-4433620604,2026-07-02T12:13:10.616152+00:00
0,Python Test | United Kingdom,linkedin,Software Quality Engineer,Helic & Co,United Kingdom,On-site,Full-time,,,English,,,Recent,https://uk.linkedin.com/jobs/view/software-quality-engineer-at-helic-co-4436310989,2026-07-02T12:13:13.161675+00:00
0,Python Test | United Kingdom,linkedin,Quality Engineer,develop,"Fareham, England, United Kingdom",On-site,Full-time,,,English,,,Recent,https://uk.linkedin.com/jobs/view/quality-engineer-at-develop-4424869552,2026-07-02T12:13:13.161817+00:00
0,Python Test | United Kingdom,linkedin,Quality Assurance Engineer,TRITANIUM,"Gloucestershire, England, United Kingdom",On-site,Full-time,,,English,,,Recent,https://uk.linkedin.com/jobs/view/quality-assurance-engineer-at-tritanium-4429267246,2026-07-02T12:13:13.162221+00:00
0,Python Test | United Kingdom,linkedin,QA Automation Engineer | $80/hr Remote,Crossing Hurdles,United Kingdom,Remote,Full-time,,,English,,,Recent,https://uk.linkedin.com/jobs/view/qa-automation-engineer-%2480-hr-remote-at-crossing-hurdles-4427495875,2026-07-02T12:13:13.162340+00:00
0,Python Test | United Kingdom,linkedin,Design Quality Engineer,HCLTech,Greater Leeds Area,On-site,Full-time,,,English,,,Recent,https://uk.linkedin.com/jobs/view/design-quality-engineer-at-hcltech-4421107766,2026-07-02T12:13:13.162467+00:00
0,Firmware Engineer | Germany,linkedin,Embedded Software Developer Automotive Radar (m/f/d),smartmicro,"Brunswick, Lower Saxony, Germany",On-site,Full-time,,,English,,,Recent,https://de.linkedin.com/jobs/view/embedded-software-developer-automotive-radar-m-f-d-at-smartmicro-4426062889,2026-07-02T12:13:15.601139+00:00
0,Firmware Engineer | Germany,linkedin,Embedded Firmware Developer (Agri-Tech / Sensor Systems) (m/f/d),stenon,"Potsdam, Brandenburg, Germany",On-site,Full-time,Firmware,,English,,,Recent,https://de.linkedin.com/jobs/view/embedded-firmware-developer-agri-tech-sensor-systems-m-f-d-at-stenon-4431074277,2026-07-02T12:13:15.601302+00:00
0,Firmware Engineer | Germany,linkedin,Embedded Software Developer - Freelance / Teilzeit / Nebenberuflich Selbständig,Software Engineering Weber GmbH,"Kempten, Bavaria, Germany",On-site,Contract,,,English,,,Recent,https://de.linkedin.com/jobs/view/embedded-software-developer-freelance-teilzeit-nebenberuflich-selbst%C3%A4ndig-at-software-engineering-weber-gmbh-4425796275,2026-07-02T12:13:15.601437+00:00
0,Firmware Engineer | Germany,linkedin,Embedded Software Ingenieur (w/m/d),XTENDED ENGINEERING GMBH,"Munich, Bavaria, Germany",On-site,Internship,"C, C++, Microcontroller, Rtos","Vxworks, Project Manager, R",German,,,Recent,https://de.linkedin.com/jobs/view/embedded-software-ingenieur-w-m-d-at-xtended-engineering-gmbh-4431344021,2026-07-02T12:13:15.601568+00:00
0,Firmware Engineer | Germany,linkedin,"Sr. Embedded Software Engineer, Charging (m/f/d)",Tesla,"Freiburg, Baden-Württemberg, Germany",On-site,Full-time,,,English,,,Recent,https://de.linkedin.com/jobs/view/sr-embedded-software-engineer-charging-m-f-d-at-tesla-4435533645,2026-07-02T12:13:15.601695+00:00
0,Firmware Engineer | Germany,linkedin,Junior Embedded Software Engineer (m/w/d),TKMS,"Boksee, Schleswig-Holstein, Germany",On-site,Full-time,,Junior,English,,,Recent,https://de.linkedin.com/jobs/view/junior-embedded-software-engineer-m-w-d-at-tkms-4426401272,2026-07-02T12:13:15.601825+00:00
0,Firmware Engineer | Germany,linkedin,Embedded Engineer,MULTIROTOR,"Berlin, Germany",On-site,Full-time,,,English,,,Recent,https://de.linkedin.com/jobs/view/embedded-engineer-at-multirotor-4428967505,2026-07-02T12:13:15.601961+00:00
0,Firmware Engineer | Germany,linkedin,Embedded-Softwareentwickler,C.M. Heim GmbH,"Neubulach, Baden-Württemberg, Germany",On-site,Full-time,C,,English,,,Recent,https://de.linkedin.com/jobs/view/embedded-softwareentwickler-at-c-m-heim-gmbh-4430277342,2026-07-02T12:13:15.602083+00:00
0,Firmware Engineer | Germany,linkedin,Embedded Software Engineer,SR2 | Socially Responsible Recruitment | Certified B Corporation™,"Munich, Bavaria, Germany",On-site,Full-time,,,English,,,Recent,https://de.linkedin.com/jobs/view/embedded-software-engineer-at-sr2-socially-responsible-recruitment-certified-b-corporation%E2%84%A2-4429450479,2026-07-02T12:13:15.602210+00:00
0,Firmware Engineer | Germany,linkedin,Mobile Software Engineer (SDK) (f/m/d),justtrack,"Hamburg, Hamburg, Germany",Remote,Full-time,,,English,,,Recent,https://de.linkedin.com/jobs/view/mobile-software-engineer-sdk-f-m-d-at-justtrack-4422421344,2026-07-02T12:13:15.602344+00:00
0,Firmware Engineer | Austria,linkedin,Junior Java Software Engineer,OpenBet,"Lienz, Tyrol, Austria",On-site,Full-time,Java,Junior,English,,,Recent,https://at.linkedin.com/jobs/view/junior-java-software-engineer-at-openbet-4422687757,2026-07-02T12:13:17.988540+00:00
0,Firmware Engineer | Austria,linkedin,Software Engineer (m/f/d),SEA.AI,"Vienna, Austria",On-site,Full-time,,,English,,,Recent,https://at.linkedin.com/jobs/view/software-engineer-m-f-d-at-sea-ai-4432771232,2026-07-02T12:13:17.988706+00:00
0,Firmware Engineer | Austria,linkedin,Embedded Software Developer (m/w/d),Fronius Österreich,"Thalheim bei Wels, Upper Austria, Austria",On-site,Full-time,,,English,,,Recent,https://at.linkedin.com/jobs/view/embedded-software-developer-m-w-d-at-fronius-%C3%B6sterreich-4435813794,2026-07-02T12:13:17.988843+00:00
0,Firmware Engineer | Austria,linkedin,Embedded Software Engineer,SGI,"Vienna, Austria",On-site,Full-time,,,English,,,Recent,https://at.linkedin.com/jobs/view/embedded-software-engineer-at-sgi-4431079445,2026-07-02T12:13:17.989019+00:00
0,Firmware Engineer | Austria,linkedin,"Embedded Software Engineer, Operating System",Snap Inc.,"Vienna, Austria",On-site,Full-time,,,English,,,Recent,https://at.linkedin.com/jobs/view/embedded-software-engineer-operating-system-at-snap-inc-4426229237,2026-07-02T12:13:17.989152+00:00
0,Firmware Engineer | Austria,linkedin,Embedded Software Engineer,ENPULSION,"Vienna, Vienna, Austria",On-site,Full-time,,,English,,,Recent,https://at.linkedin.com/jobs/view/embedded-software-engineer-at-enpulsion-4432741715,2026-07-02T12:13:17.989282+00:00
0,Firmware Engineer | Switzerland,linkedin,Embedded Software Engineer – e-Bike Systems,Specialized Bicycle Components,"Cham, Zug, Switzerland",On-site,Full-time,,,English,,,Recent,https://ch.linkedin.com/jobs/view/embedded-software-engineer-%E2%80%93-e-bike-systems-at-specialized-bicycle-components-4249261377,2026-07-02T12:13:20.345478+00:00
0,Firmware Engineer | Switzerland,linkedin,Embedded Software Engineer,Humanis AG,"Zurich, Switzerland",On-site,Full-time,,,English,,,Recent,https://ch.linkedin.com/jobs/view/embedded-software-engineer-at-humanis-ag-4435189629,2026-07-02T12:13:20.345655+00:00
0,Firmware Engineer | Switzerland,linkedin,Embedded Software Engineer (80%-100%) - Zurich,Code Compass 🧭,Zürich Metropolitan Area,Remote,Full-time,,,English,,,Recent,https://ch.linkedin.com/jobs/view/embedded-software-engineer-80%25-100%25-zurich-at-code-compass-%F0%9F%A7%AD-4430293588,2026-07-02T12:13:20.345937+00:00
0,Firmware Engineer | Switzerland,linkedin,Firmware / Embedded Software Engineer,Helvetica Partners,"Zurich, Switzerland",On-site,Full-time,Firmware,,English,,,Recent,https://ch.linkedin.com/jobs/view/firmware-embedded-software-engineer-at-helvetica-partners-4429561083,2026-07-02T12:13:20.346076+00:00
0,Firmware Engineer | Switzerland,linkedin,Embedded Engineer,Bubble Robotics,"Zurich, Zurich, Switzerland",On-site,Full-time,,,English,,,Recent,https://ch.linkedin.com/jobs/view/embedded-engineer-at-bubble-robotics-4435804877,2026-07-02T12:13:20.346210+00:00
0,Firmware Engineer | Switzerland,linkedin,Embedded Software Engineer,irmos technologies AG,"Zurich, Switzerland",On-site,Full-time,,,English,,,Recent,https://ch.linkedin.com/jobs/view/embedded-software-engineer-at-irmos-technologies-ag-4425605815,2026-07-02T12:13:20.346339+00:00
0,Firmware Engineer | Switzerland,linkedin,Embedded Software Engineer (f/m/d),ENWAY a Bucher Company,"Niederweningen, Zurich, Switzerland",On-site,Full-time,,,English,,,Recent,https://ch.linkedin.com/jobs/view/embedded-software-engineer-f-m-d-at-enway-a-bucher-company-4427362577,2026-07-02T12:13:20.346468+00:00
0,Firmware Engineer | Switzerland,linkedin,Embedded Software Engineer,SGI,"Zurich, Switzerland",On-site,Full-time,,,English,,,Recent,https://ch.linkedin.com/jobs/view/embedded-software-engineer-at-sgi-4430207560,2026-07-02T12:13:20.346597+00:00
0,Firmware Engineer | Switzerland,linkedin,Embedded Software Engineer – e Bike Systems (80–100%),Specialized Bicycle Components,"Cham, Zug, Switzerland",Remote,Full-time,,,English,,,Recent,https://ch.linkedin.com/jobs/view/embedded-software-engineer-%E2%80%93-e-bike-systems-80%E2%80%93100%25-at-specialized-bicycle-components-4411218478,2026-07-02T12:13:20.346726+00:00
0,Firmware Engineer | Remote,linkedin,Embedded Softwareentwickler (m/w/d),ICT Digital Solutions GmbH,Germany,Remote,Full-time,,,English,,,Recent,https://de.linkedin.com/jobs/view/embedded-softwareentwickler-m-w-d-at-ict-digital-solutions-gmbh-4421911817,2026-07-02T12:13:22.707666+00:00
0,Firmware Engineer | Remote,linkedin,Java Software Engineer,Digisourced.,Germany,Remote,Full-time,Java,,English,,,Recent,https://de.linkedin.com/jobs/view/java-software-engineer-at-digisourced-4432214534,2026-07-02T12:13:22.708016+00:00
0,Firmware Engineer | Remote,linkedin,Engineer* Embedded Software,Smart Mechatronics GmbH,"Paderborn, North Rhine-Westphalia, Germany",Remote,Full-time,,,English,,,Recent,https://de.linkedin.com/jobs/view/engineer-embedded-software-at-smart-mechatronics-gmbh-4425832501,2026-07-02T12:13:22.708151+00:00
0,Firmware Engineer | Remote,linkedin,Junior Software Engineer (m/w/d),Digitale Leute,Germany,Remote,Full-time,Langchain,"Junior, Scrum, R, Kanban",German,,,Recent,https://de.linkedin.com/jobs/view/junior-software-engineer-m-w-d-at-digitale-leute-4434610227,2026-07-02T12:13:22.708281+00:00
0,Firmware Engineer | Remote,linkedin,Software Engineer (m/w/d),easy software,"Leipzig, Saxony, Germany",Remote,Full-time,,,English,,,Recent,https://de.linkedin.com/jobs/view/software-engineer-m-w-d-at-easy-software-4426301043,2026-07-02T12:13:22.708784+00:00
0,Firmware Engineer | Remote,linkedin,Junior Software Engineer,THRYVE,Germany,Remote,Full-time,,Junior,English,,,Recent,https://de.linkedin.com/jobs/view/junior-software-engineer-at-thryve-4425459468,2026-07-02T12:13:22.708921+00:00
0,Firmware Engineer | Slovakia,linkedin,Embedded Software Developer,Kistler Group,Bratislava Metropolitan Area,On-site,Full-time,,,English,,,Recent,https://sk.linkedin.com/jobs/view/embedded-software-developer-at-kistler-group-4422966621,2026-07-02T12:13:25.131509+00:00
0,Firmware Engineer | Slovakia,linkedin,Software Engineer - Mobile,Cisco,"Bratislava, Bratislava, Slovakia",Remote,Full-time,,,English,,,Recent,https://sk.linkedin.com/jobs/view/software-engineer-mobile-at-cisco-4432862842,2026-07-02T12:13:25.131676+00:00
0,Firmware Engineer | Slovakia,linkedin,Junior Software Engineer,Synpulse,"Bratislava, Bratislava, Slovakia",On-site,Full-time,,Junior,English,,,Recent,https://sk.linkedin.com/jobs/view/junior-software-engineer-at-synpulse-4416235193,2026-07-02T12:13:25.131960+00:00
0,Firmware Engineer | Slovakia,linkedin,Mobile Software Engineer,localhost.company,"Košice, Kosice, Slovakia",Remote,Full-time,,,English,,,Recent,https://sk.linkedin.com/jobs/view/mobile-software-engineer-at-localhost-company-4422765677,2026-07-02T12:13:25.132090+00:00
0,Firmware Engineer | Slovakia,linkedin,Software Engineer,Cisco,"Bratislava, Bratislava, Slovakia",On-site,Full-time,,,English,,,Recent,https://sk.linkedin.com/jobs/view/software-engineer-at-cisco-4405460007,2026-07-02T12:13:25.132229+00:00
0,Firmware Engineer | Slovakia,linkedin,Software Engineer,Cisco,"Bratislava, Bratislava, Slovakia",On-site,Full-time,,,English,,,Recent,https://sk.linkedin.com/jobs/view/software-engineer-at-cisco-4405449351,2026-07-02T12:13:25.132357+00:00
0,Firmware Engineer | Slovakia,linkedin,Software Engineer,Cisco,"Bratislava, Bratislava, Slovakia",On-site,Full-time,,,English,,,Recent,https://sk.linkedin.com/jobs/view/software-engineer-at-cisco-4405447350,2026-07-02T12:13:25.132486+00:00
0,Firmware Engineer | Czech Republic,linkedin,Mid-Level Software Engineer,InvestorFlow,"Santiago de los Caballeros, Santiago, Dominican Republic",On-site,Full-time,,Mid-Level,English,,,Recent,https://do.linkedin.com/jobs/view/mid-level-software-engineer-at-investorflow-4423097463,2026-07-02T12:13:27.521436+00:00
0,Firmware Engineer | Poland,linkedin,Embedded Software Engineer (C/C++),Spline,"Tychy, Śląskie, Poland",On-site,Full-time,"C, C++",,English,,,Recent,https://pl.linkedin.com/jobs/view/embedded-software-engineer-c-c%2B%2B-at-spline-4429102589,2026-07-02T12:13:29.929190+00:00
0,Firmware Engineer | Poland,linkedin,Embedded Software Engineer,Liftero,"Cracow, Małopolskie, Poland",On-site,Full-time,,,English,,,Recent,https://pl.linkedin.com/jobs/view/embedded-software-engineer-at-liftero-4427523119,2026-07-02T12:13:29.929362+00:00
0,Firmware Engineer | Poland,linkedin,Software Engineer 5 — Knowledge Platform,Netflix,"Warsaw, Mazowieckie, Poland",On-site,Full-time,,,English,,,Recent,https://pl.linkedin.com/jobs/view/software-engineer-5-%E2%80%94-knowledge-platform-at-netflix-4433841277,2026-07-02T12:13:29.929502+00:00
0,Firmware Engineer | Poland,linkedin,Junior Software Engineer,Medpace,"Warsaw, Mazowieckie, Poland",On-site,Full-time,,Junior,English,,,Recent,https://pl.linkedin.com/jobs/view/junior-software-engineer-at-medpace-4332274669,2026-07-02T12:13:29.929642+00:00
0,Firmware Engineer | Poland,linkedin,"Software Engineer, Backend (Warsaw)",Mistral,"Warsaw, Mazowieckie, Poland",On-site,Full-time,,,English,,,Recent,https://pl.linkedin.com/jobs/view/software-engineer-backend-warsaw-at-mistral-4432817648,2026-07-02T12:13:29.930050+00:00
0,Firmware Engineer | Poland,linkedin,Embedded Software Engineer (Robotics),SQUAD,"Wrocław, Dolnośląskie, Poland",On-site,Full-time,,,English,,,Recent,https://pl.linkedin.com/jobs/view/embedded-software-engineer-robotics-at-squad-4425618868,2026-07-02T12:13:29.930443+00:00
0,Firmware Engineer | USA,linkedin,Software Engineer I,Uber,"Sunnyvale, CA",On-site,Full-time,,,English,,,Recent,https://www.linkedin.com/jobs/view/software-engineer-i-at-uber-4433513807,2026-07-02T12:13:32.478506+00:00
0,Firmware Engineer | USA,linkedin,Junior Embedded Software Development Engineer,"Sonos, Inc.","Boston, MA",On-site,Full-time,,Junior,English,,,Recent,https://www.linkedin.com/jobs/view/junior-embedded-software-development-engineer-at-sonos-inc-4426648526,2026-07-02T12:13:32.478673+00:00
0,Firmware Engineer | USA,linkedin,Junior Embedded Software Development Engineer,"Sonos, Inc.","Seattle, WA",On-site,Full-time,,Junior,English,,,Recent,https://www.linkedin.com/jobs/view/junior-embedded-software-development-engineer-at-sonos-inc-4426629957,2026-07-02T12:13:32.478811+00:00
0,Firmware Engineer | USA,linkedin,Embedded Software Engineer,Revel,"Los Angeles, CA",On-site,Full-time,,,English,,,Recent,https://www.linkedin.com/jobs/view/embedded-software-engineer-at-revel-4433827476,2026-07-02T12:13:32.478959+00:00
0,Firmware Engineer | USA,linkedin,Embedded Software Engineer,Aquabyte,San Francisco Bay Area,On-site,Full-time,,,English,,,Recent,https://www.linkedin.com/jobs/view/embedded-software-engineer-at-aquabyte-4422294470,2026-07-02T12:13:32.479084+00:00
0,Firmware Engineer | USA,linkedin,"Software Engineer, Distributed Systems",Discord,San Francisco Bay Area,On-site,Full-time,,,English,,,Recent,https://www.linkedin.com/jobs/view/software-engineer-distributed-systems-at-discord-4424262692,2026-07-02T12:13:32.479210+00:00
0,Firmware Engineer | USA,linkedin,"Software Engineer ($230k-$250k + Equity) at Valon Technologies, Inc.",Jack & Jill,"New York, United States",On-site,Full-time,,,English,,,Recent,https://www.linkedin.com/jobs/view/software-engineer-%24230k-%24250k-%2B-equity-at-valon-technologies-inc-at-jack-jill-4434602061,2026-07-02T12:13:32.479335+00:00
0,Firmware Engineer | USA,linkedin,Software Engineer,Nike,"Beaverton, OR",On-site,Full-time,,,English,,,Recent,https://www.linkedin.com/jobs/view/software-engineer-at-nike-4436158594,2026-07-02T12:13:32.479467+00:00
0,Firmware Engineer | USA,linkedin,"software engineer- ST, Seattle, WA",Starbucks,"Seattle, WA",On-site,Full-time,,,English,,,Recent,https://www.linkedin.com/jobs/view/software-engineer-st-seattle-wa-at-starbucks-4433461327,2026-07-02T12:13:32.479594+00:00
0,Firmware Engineer | USA,linkedin,Software Engineer,Toyota North America,"Plano, TX",On-site,Full-time,,,English,,,Recent,https://www.linkedin.com/jobs/view/software-engineer-at-toyota-north-america-4434690030,2026-07-02T12:13:32.479717+00:00
0,Firmware Engineer | United Kingdom,linkedin,Junior Embedded Software Engineer,Erin Associates Ltd,"Chesterfield, England, United Kingdom",On-site,Full-time,,Junior,English,,,Recent,https://uk.linkedin.com/jobs/view/junior-embedded-software-engineer-at-erin-associates-ltd-4429100941,2026-07-02T12:13:34.896307+00:00
0,Firmware Engineer | United Kingdom,linkedin,Graduate Embedded Software Engineer,Innovative Technology Ltd,"Oldham, England, United Kingdom",On-site,Full-time,,Graduate,English,,,Recent,https://uk.linkedin.com/jobs/view/graduate-embedded-software-engineer-at-innovative-technology-ltd-4427375062,2026-07-02T12:13:34.896473+00:00
0,Firmware Engineer | United Kingdom,linkedin,Junior Embedded Software Engineer,OnTarget Communications,"Nottingham, England, United Kingdom",On-site,Full-time,,Junior,English,,,Recent,https://uk.linkedin.com/jobs/view/junior-embedded-software-engineer-at-ontarget-communications-4434957919,2026-07-02T12:13:34.896621+00:00
0,Firmware Engineer | United Kingdom,linkedin,"Software Engineer, New Grad",Deliveroo,"London, England, United Kingdom",On-site,Full-time,,,English,,,Recent,https://uk.linkedin.com/jobs/view/software-engineer-new-grad-at-deliveroo-4379662791,2026-07-02T12:13:34.896759+00:00
0,Firmware Engineer | United Kingdom,linkedin,Junior Embedded Software Engineer,OnTarget Communications,"Derby, England, United Kingdom",On-site,Full-time,,Junior,English,,,Recent,https://uk.linkedin.com/jobs/view/junior-embedded-software-engineer-at-ontarget-communications-4434974033,2026-07-02T12:13:34.896890+00:00
0,Firmware Engineer | United Kingdom,linkedin,Junior Embedded Software Engineer,OnTarget Communications,"Leicester, England, United Kingdom",On-site,Full-time,,Junior,English,,,Recent,https://uk.linkedin.com/jobs/view/junior-embedded-software-engineer-at-ontarget-communications-4434956922,2026-07-02T12:13:34.897036+00:00
0,Firmware Engineer | United Kingdom,linkedin,Software Engineer,Raspberry Pi,"Cambridge, England, United Kingdom",On-site,Full-time,,,English,,,Recent,https://uk.linkedin.com/jobs/view/software-engineer-at-raspberry-pi-4428811303,2026-07-02T12:13:34.897163+00:00
0,Firmware Engineer | United Kingdom,linkedin,Junior Embedded Software Engineer,OnTarget Communications,"Chesterfield, England, United Kingdom",On-site,Full-time,,Junior,English,,,Recent,https://uk.linkedin.com/jobs/view/junior-embedded-software-engineer-at-ontarget-communications-4434967424,2026-07-02T12:13:34.897294+00:00
0,Firmware Engineer | United Kingdom,linkedin,Junior Embedded Software Engineer,OnTarget Communications,"Sheffield, England, United Kingdom",On-site,Full-time,,Junior,English,,,Recent,https://uk.linkedin.com/jobs/view/junior-embedded-software-engineer-at-ontarget-communications-4434968330,2026-07-02T12:13:34.897424+00:00
0,Firmware Engineer | United Kingdom,linkedin,Junior Embedded Software Engineer,OnTarget Communications,"Lincoln, England, United Kingdom",On-site,Full-time,,Junior,English,,,Recent,https://uk.linkedin.com/jobs/view/junior-embedded-software-engineer-at-ontarget-communications-4434974032,2026-07-02T12:13:34.897547+00:00
