relevance_score,search_criteria,provider,title,company,location,work_location_type,employment_type,matching_skills,missing_skills,detected_languages,matched_roles,salary_hint,posted_at_relative,link,scraped_at
44,Tester | Poland,linkedin,Senior Manual Test Engineer,Intellias,"Cracow, Małopolskie, Poland",On-site,Full-time,,Senior,English,Senior,,Recent,https://pl.linkedin.com/jobs/view/senior-manual-test-engineer-at-intellias-4400208624,2026-04-30T11:42:12.303742+00:00
29,Tester | Austria,linkedin,Internship: Software Test Engineer - JavaCard Applications,NXP Semiconductors,"Gratkorn, Styria, Austria",On-site,Internship,,Internship,English,,,Recent,https://at.linkedin.com/jobs/view/internship-software-test-engineer-javacard-applications-at-nxp-semiconductors-4390378393,2026-04-30T11:42:00.172140+00:00
29,Firmware Engineer | Germany,linkedin,Embedded Software Engineer,NXP Semiconductors,"Hamburg, Hamburg, Germany",On-site,Full-time,,,English,,,Recent,https://de.linkedin.com/jobs/view/embedded-software-engineer-at-nxp-semiconductors-4393236614,2026-04-30T11:44:32.296485+00:00
29,Firmware Engineer | Austria,linkedin,Software Engineer (w/m/d),Porsche Holding,"Salzburg, Austria",On-site,Full-time,,,English,,,Recent,https://at.linkedin.com/jobs/view/software-engineer-w-m-d-at-porsche-holding-4377874958,2026-04-30T11:44:34.695811+00:00
14,Tester | Austria,linkedin,Senior Tester (f/m/x) - Group Prime Service Tribe,Raiffeisen Bank International AG,"Vienna, Austria",On-site,Internship,,Senior,English,Senior,,Recent,https://at.linkedin.com/jobs/view/senior-tester-f-m-x-group-prime-service-tribe-at-raiffeisen-bank-international-ag-4408045349,2026-04-30T11:42:00.171491+00:00
14,Tester | Remote,linkedin,Senior Pega CDH Test Engineer,Coforge,Frankfurt Rhine-Main Metropolitan Area,Remote,Contract,"System Testing, Test Automation","Lead, Agile, Senior, Scrum",English,"Lead, Senior",,Recent,https://de.linkedin.com/jobs/view/senior-pega-cdh-test-engineer-at-coforge-4389806639,2026-04-30T11:42:05.006178+00:00
14,QA Engineer | Germany,linkedin,Senior QA-Engineer (m/w/d),Mandl. Executives & Experts,"Unterhaching, Bavaria, Germany",On-site,Full-time,,Senior,English,Senior,,Recent,https://de.linkedin.com/jobs/view/senior-qa-engineer-m-w-d-at-mandl-executives-experts-4407863012,2026-04-30T11:42:19.817195+00:00
14,QA Engineer | Slovakia,linkedin,QA Automation Engineer (Mid-Senior / Senior),Solargis,"Bratislava Old Town, Bratislava, Slovakia",On-site,Full-time,,Senior,English,Senior,,Recent,https://sk.linkedin.com/jobs/view/qa-automation-engineer-mid-senior-senior-at-solargis-4405117688,2026-04-30T11:42:29.559144+00:00
14,QA Engineer | Slovakia,linkedin,Senior QA Engineer (Native Apps),Alex Staff,Slovakia,On-site,Full-time,,"Staff, Senior",English,"Senior, Staff",,Recent,https://sk.linkedin.com/jobs/view/senior-qa-engineer-native-apps-at-alex-staff-4401043963,2026-04-30T11:42:29.559306+00:00
14,QA Engineer | Czech Republic,linkedin,Senior QA Engineer (Backend / Cloud) - Remote - Latin America,Kake,Dominican Republic,Remote,Full-time,,Senior,English,Senior,,Recent,https://do.linkedin.com/jobs/view/senior-qa-engineer-backend-cloud-remote-latin-america-at-kake-4401672641,2026-04-30T11:42:32.019997+00:00
14,QA Engineer | Poland,linkedin,Senior QA Tester / Future Deputy QA Lead - Space Engineers 2,Keen Software House,Poland,On-site,Full-time,,"Lead, Senior",English,"Lead, QA Lead, Senior",,Recent,https://pl.linkedin.com/jobs/view/senior-qa-tester-future-deputy-qa-lead-space-engineers-2-at-keen-software-house-4405689271,2026-04-30T11:42:34.423729+00:00
14,QA Engineer | USA,linkedin,Quality Assurance Engineer,Haystack,Washington DC-Baltimore Area,On-site,Full-time,,"Agile, Lead, Waterfall",English,Lead,,Recent,https://www.linkedin.com/jobs/view/quality-assurance-engineer-at-haystack-4406523929,2026-04-30T11:42:36.862749+00:00
14,Testingenieur | Germany,linkedin,Testmanager (m/w/d) (ID: 22261),Da Vinci Engineering GmbH,"Sindelfingen, Baden-Württemberg, Germany",On-site,Full-time,,,English,Test Manager,,Recent,https://de.linkedin.com/jobs/view/testmanager-m-w-d-id-22261-at-da-vinci-engineering-gmbh-4393470127,2026-04-30T11:43:03.533207+00:00
14,Testingenieur | Germany,linkedin,Senior Testingenieur:in,STAR Specialists,"Schongau, Bavaria, Germany",On-site,Full-time,,Senior,English,Senior,,Recent,https://de.linkedin.com/jobs/view/senior-testingenieur-in-at-star-specialists-4396426981,2026-04-30T11:43:03.533368+00:00
14,Testingenieur | Austria,linkedin,SPS-Programmierer:in PRO-SENIOR,MECHATRONIK AUSTRIA,"Saalfelden, Salzburg, Austria",On-site,Full-time,,Senior,English,Senior,,Recent,https://at.linkedin.com/jobs/view/sps-programmierer-in-pro-senior-at-mechatronik-austria-4406064530,2026-04-30T11:43:05.939509+00:00
14,Testingenieur | Switzerland,linkedin,Senior Test Engineer / Test Manager – S/4HANA Integration (Telecom),Templeton & Partners - Innovative & Inclusive Hiring Solutions,"Bern, Berne, Switzerland",On-site,Full-time,,Senior,English,"Senior, Test Manager",,Recent,https://ch.linkedin.com/jobs/view/senior-test-engineer-test-manager-%E2%80%93-s-4hana-integration-telecom-at-templeton-partners-innovative-inclusive-hiring-solutions-4395369418,2026-04-30T11:43:08.360195+00:00
14,Testingenieur | Slovakia,linkedin,Validačný Expert pre Alarm Function Testing (m/ž),Valicare Slovakia,"Trenčianska Turná, Trenciansky, Slovakia",On-site,Full-time,,Expert,English,Expert,,Recent,https://sk.linkedin.com/jobs/view/valida%C4%8Dn%C3%BD-expert-pre-alarm-function-testing-m-%C5%BE-at-valicare-slovakia-4407196670,2026-04-30T11:43:13.235583+00:00
14,Testingenieur | Slovakia,linkedin,Senior Test Engineer (m/f/d),Brose Slovakia,"Prievidza, Trenciansky, Slovakia",On-site,Full-time,,Senior,English,Senior,,Recent,https://sk.linkedin.com/jobs/view/senior-test-engineer-m-f-d-at-brose-slovakia-4402472552,2026-04-30T11:43:13.235782+00:00
14,Testingenieur | Poland,linkedin,Senior Mobile QA Engineer,payabl.,"Warsaw, Mazowieckie, Poland",Remote,Full-time,,Senior,English,Senior,,Recent,https://pl.linkedin.com/jobs/view/senior-mobile-qa-engineer-at-payabl-4402959462,2026-04-30T11:43:18.084630+00:00
14,Testingenieur | USA,linkedin,Software Test Engineer,Centil,"Lafayette, CO",Remote,Full-time,"Ci/Cd, Integration Testing, Jenkins, Selenium, System Testing, Unit Testing","Kubernetes, Jira, Docker, Confluence, Cucumber, Senior, Gitlab",English,Senior,,Recent,https://www.linkedin.com/jobs/view/software-test-engineer-at-centil-4407806453,2026-04-30T11:43:20.655129+00:00
14,Testingenieur | USA,linkedin,Remote | Frontend Engineering Expert — $85–$125/hour,24-MAG,"New York, NY",Remote,Full-time,,Expert,English,Expert,,Recent,https://www.linkedin.com/jobs/view/remote-frontend-engineering-expert-%E2%80%94-%2485%E2%80%93%24125-hour-at-24-mag-4406555194,2026-04-30T11:43:20.655624+00:00
14,Test Automation | Germany,linkedin,QA Field Testing Lead,1GLOBAL,"Berlin, Berlin, Germany",On-site,Full-time,,Lead,English,Lead,,Recent,https://de.linkedin.com/jobs/view/qa-field-testing-lead-at-1global-4404790875,2026-04-30T11:43:25.621028+00:00
14,Test Automation | Germany,linkedin,Team Lead Software Testing - Automation Platform (m|f|d),Miltenyi Biotec,"Bergisch Gladbach, North Rhine-Westphalia, Germany",On-site,Full-time,,"Team Lead, Lead",English,Lead,,Recent,https://de.linkedin.com/jobs/view/team-lead-software-testing-automation-platform-m-f-d-at-miltenyi-biotec-4403362758,2026-04-30T11:43:25.621363+00:00
14,Test Automation | Germany,linkedin,Senior QA Test Automation Engineer (all genders),JustPlay,"Grünwald, Bavaria, Germany",On-site,Full-time,Test Automation,Senior,English,Senior,,Recent,https://de.linkedin.com/jobs/view/senior-qa-test-automation-engineer-all-genders-at-justplay-4394947658,2026-04-30T11:43:25.621550+00:00
14,Test Automation | Germany,linkedin,QA Software Tester (m/f/x),Atolls,"Berlin, Germany",Remote,Contract,"Can, Go","Jira, Lead, Agile, Regression Testing",English,Lead,,Recent,https://de.linkedin.com/jobs/view/qa-software-tester-m-f-x-at-atolls-4392999744,2026-04-30T11:43:25.622175+00:00
14,Test Automation | Austria,linkedin,Senior Consultant Test Automation Engineer (m/w/d),QESTIT DACH,"Vienna, Austria",On-site,Full-time,Test Automation,"Consultant, Senior",English,"Consultant, Senior",,Recent,https://at.linkedin.com/jobs/view/senior-consultant-test-automation-engineer-m-w-d-at-qestit-dach-4406448548,2026-04-30T11:43:28.101357+00:00
14,Test Automation | Austria,linkedin,SENIOR TEST AUTOMATION ENGINEER  (F/M/O),Flightkeys GmbH,"Vienna, Austria",On-site,Full-time,Test Automation,Senior,English,Senior,,Recent,https://at.linkedin.com/jobs/view/senior-test-automation-engineer-f-m-o-at-flightkeys-gmbh-4403743462,2026-04-30T11:43:28.101857+00:00
14,Test Automation | Austria,linkedin,CONSULTANT TEST MANAGEMENT,QESTIT Group,Greater Graz,On-site,Full-time,,Consultant,English,Consultant,,Recent,https://at.linkedin.com/jobs/view/consultant-test-management-at-qestit-group-4407421298,2026-04-30T11:43:28.102009+00:00
14,Test Automation | Switzerland,linkedin,Test Manager,Sixsentix,"Zurich, Switzerland",On-site,Full-time,,,English,Test Manager,,Recent,https://ch.linkedin.com/jobs/view/test-manager-at-sixsentix-4392279589,2026-04-30T11:43:30.504623+00:00
14,Test Automation | Switzerland,linkedin,Senior QA Software Engineer,Swissquote,"Gland, Vaud, Switzerland",On-site,Full-time,,Senior,English,Senior,,Recent,https://ch.linkedin.com/jobs/view/senior-qa-software-engineer-at-swissquote-4405273698,2026-04-30T11:43:30.505244+00:00
14,Test Automation | Switzerland,linkedin,Test Manager,ITech Consult AG,"Berne, Switzerland",On-site,Full-time,,,English,Test Manager,,Recent,https://ch.linkedin.com/jobs/view/test-manager-at-itech-consult-ag-4406971162,2026-04-30T11:43:30.505734+00:00
14,Test Automation | Remote,linkedin,Senior Quality Assurance Automation Engineer,teamative,Germany,Remote,Full-time,,Senior,English,Senior,,Recent,https://de.linkedin.com/jobs/view/senior-quality-assurance-automation-engineer-at-teamative-4404066700,2026-04-30T11:43:32.986721+00:00
14,Test Automation | Slovakia,linkedin,"Mobile QA Automation Lead (Remote, Full-Time) EU [AS226]",Smart Working,Slovakia,Remote,Full-time,,Lead,English,Lead,,Recent,https://sk.linkedin.com/jobs/view/mobile-qa-automation-lead-remote-full-time-eu-as226-at-smart-working-4403218238,2026-04-30T11:43:35.413779+00:00
14,Test Automation | Slovakia,linkedin,Quality Assurance Automation Lead,Ampstek,"Bratislava, Slovakia",On-site,Full-time,,Lead,English,Lead,,Recent,https://sk.linkedin.com/jobs/view/quality-assurance-automation-lead-at-ampstek-4407385004,2026-04-30T11:43:35.414100+00:00
14,Test Automation | Slovakia,linkedin,Automation Test Lead,Ampstek,"Bratislava, Slovakia",On-site,Full-time,,Lead,English,Lead,,Recent,https://sk.linkedin.com/jobs/view/automation-test-lead-at-ampstek-4407368844,2026-04-30T11:43:35.414417+00:00
14,Test Automation | Slovakia,linkedin,Senior Software Test Engineer,"NESS KE, s.r.o.","Kosice, Slovakia",On-site,Full-time,,"R, Senior",English,Senior,,Recent,https://sk.linkedin.com/jobs/view/senior-software-test-engineer-at-ness-ke-s-r-o-4399545880,2026-04-30T11:43:35.415062+00:00
14,Test Automation | Czech Republic,linkedin,"Senior Quality Manager / LA VEGA, DR.",Champro,"La Vega, La Vega, Dominican Republic",On-site,Full-time,,Senior,English,Senior,,Recent,https://do.linkedin.com/jobs/view/senior-quality-manager-la-vega-dr-at-champro-4407851794,2026-04-30T11:43:37.830450+00:00
14,Test Automation | Czech Republic,linkedin,Quality Assurance Senior,Grupo Ramos,"Santo Domingo, Dominican Republic",On-site,Full-time,,Senior,English,Senior,,Recent,https://do.linkedin.com/jobs/view/quality-assurance-senior-at-grupo-ramos-4404109408,2026-04-30T11:43:37.831259+00:00
14,Test Automation | Poland,linkedin,Senior QA Engineer (Native Apps),Alex Staff,Poland,On-site,Full-time,,"Staff, Senior",English,"Senior, Staff",,Recent,https://pl.linkedin.com/jobs/view/senior-qa-engineer-native-apps-at-alex-staff-4401060294,2026-04-30T11:43:40.309655+00:00
14,Test Automation | Poland,linkedin,Senior QA Engineer,Nearmap,"Warsaw, Mazowieckie, Poland",On-site,Full-time,,Senior,English,Senior,,Recent,https://pl.linkedin.com/jobs/view/senior-qa-engineer-at-nearmap-4405454064,2026-04-30T11:43:40.309808+00:00
14,Test Automation | Poland,linkedin,Quality Assurance Team Lead,Sphera,Poland,On-site,Full-time,,"Team Lead, Lead",English,Lead,,Recent,https://pl.linkedin.com/jobs/view/quality-assurance-team-lead-at-sphera-4399637584,2026-04-30T11:43:40.309970+00:00
14,Test Automation | USA,linkedin,QA Test Automation Lead,SIDRAM TECHNOLOGIES,"Columbus, OH",On-site,Full-time,Test Automation,Lead,English,Lead,,Recent,https://www.linkedin.com/jobs/view/qa-test-automation-lead-at-sidram-technologies-4402295978,2026-04-30T11:43:42.951692+00:00
14,Test Automation | United Kingdom,linkedin,Senior Test Manager,KPMG UK,"London Area, United Kingdom",On-site,Full-time,,Senior,English,"Senior, Test Manager",,Recent,https://uk.linkedin.com/jobs/view/senior-test-manager-at-kpmg-uk-4403745457,2026-04-30T11:43:45.411399+00:00
14,Test Automation | United Kingdom,linkedin,Test Lead,Alpha Bank London,"City Of London, England, United Kingdom",On-site,Full-time,,Lead,English,Lead,,Recent,https://uk.linkedin.com/jobs/view/test-lead-at-alpha-bank-london-4401905781,2026-04-30T11:43:45.411607+00:00
14,Test Automation | United Kingdom,linkedin,Senior QA Tester - 12 Month FTC - UK Only (Remote/Hybrid/Brighton),eTAGZ,"Brighton, England, United Kingdom",Remote,Full-time,,Senior,English,Senior,,Recent,https://uk.linkedin.com/jobs/view/senior-qa-tester-12-month-ftc-uk-only-remote-hybrid-brighton-at-etagz-4405102231,2026-04-30T11:43:45.412569+00:00
14,Python Developer | Germany,linkedin,Senior Python Developer (all genders),Sunday Natural,"Berlin, Berlin, Germany",On-site,Full-time,Python,Senior,English,Senior,,Recent,https://de.linkedin.com/jobs/view/senior-python-developer-all-genders-at-sunday-natural-4387397879,2026-04-30T11:43:47.915537+00:00
14,Python Developer | Austria,linkedin,Python Developer (Senior) - Remote Work,BairesDev,Austria,Remote,Full-time,Python,Senior,English,Senior,,Recent,https://at.linkedin.com/jobs/view/python-developer-senior-remote-work-at-bairesdev-4406567712,2026-04-30T11:43:50.376207+00:00
14,Python Developer | Austria,linkedin,Senior Python Systems Developer - Functional Testing Project,Mindrift,Austria,On-site,Contract,Python,Senior,English,Senior,,Recent,https://at.linkedin.com/jobs/view/senior-python-systems-developer-functional-testing-project-at-mindrift-4403791981,2026-04-30T11:43:50.376365+00:00
14,Python Developer | Austria,linkedin,Senior Python Developer - Code Migration Specialist,Mindrift,Austria,On-site,Full-time,Python,Senior,English,Senior,,Recent,https://at.linkedin.com/jobs/view/senior-python-developer-code-migration-specialist-at-mindrift-4403770141,2026-04-30T11:43:50.376714+00:00
14,Python Developer | Switzerland,linkedin,Co-Tech Lead & Senior Python Engineer,LocalBini,Sankt Gallen Metropolitan Area,On-site,Full-time,Python,"Tech Lead, Lead, Senior",English,"Lead, Senior",,Recent,https://ch.linkedin.com/jobs/view/co-tech-lead-senior-python-engineer-at-localbini-4401058340,2026-04-30T11:43:52.801489+00:00
14,Python Developer | Switzerland,linkedin,Python Developer - Contractor,Nordwand Group - the IT & Finance Recruitment Company,"Zurich, Switzerland",On-site,Contract,Python,Contractor,English,Contractor,,Recent,https://ch.linkedin.com/jobs/view/python-developer-contractor-at-nordwand-group-the-it-finance-recruitment-company-4401619590,2026-04-30T11:43:52.801824+00:00
14,Python Developer | Switzerland,linkedin,Senior/Lead Backend Engineer (Remote),Fuse Energy,Switzerland,Remote,Full-time,,"Lead, Senior",English,"Lead, Senior",,Recent,https://ch.linkedin.com/jobs/view/senior-lead-backend-engineer-remote-at-fuse-energy-4404833645,2026-04-30T11:43:52.802147+00:00
14,Python Developer | Remote,linkedin,Python Game Developer (Panda3D) - Remote,YO IT Consulting,"Berlin, Berlin, Germany",Remote,Contract,"C, C++, Python","Agile, Github, Expert",English,Expert,,Recent,https://de.linkedin.com/jobs/view/python-game-developer-panda3d-remote-at-yo-it-consulting-4403373142,2026-04-30T11:43:55.254123+00:00
14,Python Developer | Remote,linkedin,Freelance Data Science Engineer (Python & SQL),Mindrift,"Frankfurt am Main, Hesse, Germany",On-site,Contract,"Can, Langchain, Prompt Engineering, Python, Rag","Pandas, Machine Learning, Pytorch, Mlops, Data Science, Scikit-Learn, Tensorflow, Expert, Numpy, Sql",English,Expert,,Recent,https://de.linkedin.com/jobs/view/freelance-data-science-engineer-python-sql-at-mindrift-4406866533,2026-04-30T11:43:55.254622+00:00
14,Python Test | Germany,linkedin,Senior Software Test Engineer / QA,Optimus Search,"Berlin, Germany",On-site,Full-time,,Senior,English,Senior,,Recent,https://de.linkedin.com/jobs/view/senior-software-test-engineer-qa-at-optimus-search-4399545950,2026-04-30T11:44:10.047061+00:00
14,Python Test | Remote,linkedin,Senior Python Systems Developer - Functional Testing Project,Mindrift,"Berlin, Berlin, Germany",Remote,Contract,Python,Senior,English,Senior,,Recent,https://de.linkedin.com/jobs/view/senior-python-systems-developer-functional-testing-project-at-mindrift-4403791861,2026-04-30T11:44:17.360015+00:00
14,Python Test | Czech Republic,linkedin,Senior SDET,Perform,Dominican Republic,On-site,Full-time,,Senior,English,Senior,,Recent,https://do.linkedin.com/jobs/view/senior-sdet-at-perform-4344131612,2026-04-30T11:44:22.246232+00:00
14,Firmware Engineer | Austria,linkedin,Senior Embedded Software Engineer (m/f/d),CycloTech GmbH,"Linz, Upper Austria, Austria",On-site,Full-time,,Senior,English,Senior,,Recent,https://at.linkedin.com/jobs/view/senior-embedded-software-engineer-m-f-d-at-cyclotech-gmbh-4405104196,2026-04-30T11:44:34.695155+00:00
14,Firmware Engineer | Austria,linkedin,Senior Embedded Software Engineer (m/f/d),Deutsche Telekom IT Solutions Slovakia,"Linz, Upper Austria, Austria",On-site,Full-time,,Senior,English,Senior,,Recent,https://at.linkedin.com/jobs/view/senior-embedded-software-engineer-m-f-d-at-deutsche-telekom-it-solutions-slovakia-4402515620,2026-04-30T11:44:34.695312+00:00
14,Firmware Engineer | Austria,linkedin,Senior Firmware Engineer (f/m/d),Easelink,"Graz, Styria, Austria",Remote,Contract,"Can, Embedded Systems, Firmware","Iso 26262, Autosar, Senior, Aspice, Head Of",English,Senior,,Recent,https://at.linkedin.com/jobs/view/senior-firmware-engineer-f-m-d-at-easelink-4395808299,2026-04-30T11:44:34.695486+00:00
14,Firmware Engineer | Slovakia,linkedin,"Staff / Senior Software Engineer, DepoLive",Filevine,"Bratislava, Bratislava, Slovakia",On-site,Full-time,,"Staff, Senior",English,"Senior, Staff",,Recent,https://sk.linkedin.com/jobs/view/staff-senior-software-engineer-depolive-at-filevine-4404569463,2026-04-30T11:44:41.911202+00:00
14,Firmware Engineer | Slovakia,linkedin,Senior Software Engineer,Bloomreach,Slovakia,On-site,Full-time,,Senior,English,Senior,,Recent,https://sk.linkedin.com/jobs/view/senior-software-engineer-at-bloomreach-4289254318,2026-04-30T11:44:41.911366+00:00
14,Firmware Engineer | Czech Republic,linkedin,Senior Software Engineer,Crane Authentication (NXT),"Santo Domingo, Dominican Republic",On-site,Internship,"C, Go, Javascript","Git, R, Senior, React, Scrum, Product Owner, Gcp, Azure, Sql, Jira",English,"Lead, Senior",,Recent,https://do.linkedin.com/jobs/view/senior-software-engineer-at-crane-authentication-nxt-4399159274,2026-04-30T11:44:44.293315+00:00
14,Firmware Engineer | United Kingdom,linkedin,"Senior Software Engineer, Embedded C++",Roku,"Cambridge, England, United Kingdom",On-site,Full-time,"C, C++",Senior,English,Senior,,Recent,https://uk.linkedin.com/jobs/view/senior-software-engineer-embedded-c%2B%2B-at-roku-4374730170,2026-04-30T11:44:51.925651+00:00
0,Tester | Germany,linkedin,Software Engineer in Test (Berlin),Cresta,"Berlin, Berlin, Germany",On-site,Contract,"Can, Ci/Cd, Go, Playwright, Typescript","Datadog, Cypress, Grafana, Manual Testing",English,,,Recent,https://de.linkedin.com/jobs/view/software-engineer-in-test-berlin-at-cresta-4343158227,2026-04-30T11:41:57.721734+00:00
0,Tester | Germany,linkedin,QA Manual Tester (all genders),JustPlay,"Grünwald, Bavaria, Germany",Remote,Contract,,"Agile, Jira, Regression Testing",English,,,Recent,https://de.linkedin.com/jobs/view/qa-manual-tester-all-genders-at-justplay-4405231895,2026-04-30T11:41:57.721930+00:00
0,Tester | Germany,linkedin,Software Tester (m/w/d),Bizerba,"Balingen, Baden-Württemberg, Germany",Hybrid,Full-time,Test Automation,"Linux, R",German,,,Recent,https://de.linkedin.com/jobs/view/software-tester-m-w-d-at-bizerba-4369545776,2026-04-30T11:41:57.722106+00:00
0,Tester | Germany,linkedin,Software Test Engineer (m/w/d) – Banking  (ID: 22229),Da Vinci Engineering GmbH,"Karlsruhe, Baden-Württemberg, Germany",On-site,Internship,,"Jira, Confluence, Kanban, R, Associate, Scrum, Postman",German,,,Recent,https://de.linkedin.com/jobs/view/software-test-engineer-m-w-d-%E2%80%93-banking-id-22229-at-da-vinci-engineering-gmbh-4387962742,2026-04-30T11:41:57.722277+00:00
0,Tester | Germany,linkedin,Software Test Engineer (m/w/d) – Banking (ID: 22230),Da Vinci Engineering GmbH,"Münster, North Rhine-Westphalia, Germany",On-site,Internship,,"Jira, Confluence, Kanban, R, Associate, Scrum, Postman",German,,,Recent,https://de.linkedin.com/jobs/view/software-test-engineer-m-w-d-%E2%80%93-banking-id-22230-at-da-vinci-engineering-gmbh-4387968513,2026-04-30T11:41:57.722480+00:00
0,Tester | Germany,linkedin,Software Tester (m/w/d),Computer Futures,"Hannover, Lower Saxony, Germany",Remote,Full-time,,R,German,,,Recent,https://de.linkedin.com/jobs/view/software-tester-m-w-d-at-computer-futures-4404079613,2026-04-30T11:41:57.722658+00:00
0,Tester | Germany,linkedin,App-Tester  (m/w/d),clickworker,Germany,Remote,Internship,,R,German,,,Recent,https://de.linkedin.com/jobs/view/app-tester-m-w-d-at-clickworker-4405501584,2026-04-30T11:41:57.722815+00:00
0,Tester | Germany,linkedin,Software Test Engineer,Excelloit Consultancy Services,"Munich, Bavaria, Germany",Remote,Full-time,"C, Test Automation, Unit Testing","Git, Bdd, C#, Sql",English,,,Recent,https://de.linkedin.com/jobs/view/software-test-engineer-at-excelloit-consultancy-services-4406992195,2026-04-30T11:41:57.722970+00:00
0,Tester | Germany,linkedin,Test Engineer (m/w/d),OC Development GmbH,Germany,On-site,Full-time,,,English,,,Recent,https://de.linkedin.com/jobs/view/test-engineer-m-w-d-at-oc-development-gmbh-4399552075,2026-04-30T11:41:57.723123+00:00
0,Tester | Germany,linkedin,Software Tester (m/f),OCULUS Optikgeräte GmbH,"Wetzlar, Hesse, Germany",On-site,Full-time,,,English,,,Recent,https://de.linkedin.com/jobs/view/software-tester-m-f-at-oculus-optikger%C3%A4te-gmbh-4403588018,2026-04-30T11:41:57.723272+00:00
0,Tester | Austria,linkedin,QA Engineer (m/w/d),Yorizon Cloud,"Vienna, Austria",On-site,Full-time,,,English,,,Recent,https://at.linkedin.com/jobs/view/qa-engineer-m-w-d-at-yorizon-cloud-4398273672,2026-04-30T11:42:00.170762+00:00
0,Tester | Austria,linkedin,Test Engineer (all genders),Lam Research,Greater Salzburg,On-site,Full-time,,,English,,,Recent,https://at.linkedin.com/jobs/view/test-engineer-all-genders-at-lam-research-4390983718,2026-04-30T11:42:00.170960+00:00
0,Tester | Austria,linkedin,SOFTWARE TEST ENGINEER (m/w/d),Instaffo,"Linz, Upper Austria, Austria",On-site,Full-time,,,English,,,Recent,https://at.linkedin.com/jobs/view/software-test-engineer-m-w-d-at-instaffo-4383810713,2026-04-30T11:42:00.171140+00:00
0,Tester | Austria,linkedin,Production Test Automation Engineer (m/w/d),Vusion,"Fernitz-Mellach, Styria, Austria",On-site,Full-time,Test Automation,,English,,,Recent,https://at.linkedin.com/jobs/view/production-test-automation-engineer-m-w-d-at-vusion-4404740123,2026-04-30T11:42:00.171305+00:00
0,Tester | Austria,linkedin,Software Test & Support Engineer (m/f/d),MED-EL,"Innsbruck, Tyrol, Austria",On-site,Full-time,,,English,,,Recent,https://at.linkedin.com/jobs/view/software-test-support-engineer-m-f-d-at-med-el-4388313478,2026-04-30T11:42:00.171658+00:00
0,Tester | Austria,linkedin,Software Test Engineer (f/m/d),COPA-DATA,"Salzburg, Salzburg, Austria",On-site,Full-time,,,English,,,Recent,https://at.linkedin.com/jobs/view/software-test-engineer-f-m-d-at-copa-data-4406956596,2026-04-30T11:42:00.171818+00:00
0,Tester | Austria,linkedin,Temporary German Videogame Tester (based in Spain),Electronic Arts (EA),"Vienna, Austria",On-site,Full-time,,,English,,,Recent,https://at.linkedin.com/jobs/view/temporary-german-videogame-tester-based-in-spain-at-electronic-arts-ea-4394461370,2026-04-30T11:42:00.171976+00:00
0,Tester | Austria,linkedin,SAP IDEX AT Tester (m/w/d) (Ref.Nr.: 46607),Wavestone,"Vienna, Vienna, Austria",On-site,Full-time,,,English,,,Recent,https://at.linkedin.com/jobs/view/sap-idex-at-tester-m-w-d-ref-nr-46607-at-wavestone-4403725967,2026-04-30T11:42:00.172298+00:00
0,Tester | Switzerland,linkedin,Test engineer,Qim info,"Geneva, Switzerland",On-site,Full-time,,,English,,,Recent,https://ch.linkedin.com/jobs/view/test-engineer-at-qim-info-4403757271,2026-04-30T11:42:02.616294+00:00
0,Tester | Switzerland,linkedin,Test Engineer (AI),Sixsentix,"Zurich, Switzerland",On-site,Full-time,,,English,,,Recent,https://ch.linkedin.com/jobs/view/test-engineer-ai-at-sixsentix-4392275860,2026-04-30T11:42:02.616516+00:00
0,Tester | Switzerland,linkedin,Test Engineer Manual Testing | Bern,INACTA,"Bern, Berne, Switzerland",On-site,Full-time,,Manual Testing,English,,,Recent,https://ch.linkedin.com/jobs/view/test-engineer-manual-testing-bern-at-inacta-4402927246,2026-04-30T11:42:02.616684+00:00
0,Tester | Switzerland,linkedin,Test engineer,KEYTEO,"Geneva, Switzerland",On-site,Full-time,,,English,,,Recent,https://ch.linkedin.com/jobs/view/test-engineer-at-keyteo-4402860898,2026-04-30T11:42:02.616846+00:00
0,Tester | Switzerland,linkedin,Software Test Engineer (H/F),fortil,Lausanne Metropolitan Area,On-site,Full-time,,,English,,,Recent,https://ch.linkedin.com/jobs/view/software-test-engineer-h-f-at-fortil-4407812849,2026-04-30T11:42:02.617004+00:00
0,Tester | Switzerland,linkedin,Software Test Engineer,Hays,"Vaud, Switzerland",Remote,Full-time,,"Agile, Oracle, Scrum, Postman",English,,,Recent,https://ch.linkedin.com/jobs/view/software-test-engineer-at-hays-4401040924,2026-04-30T11:42:02.617160+00:00
0,Tester | Switzerland,linkedin,Field Test Engineer,L&T Technology Services,"Geneva, Switzerland",On-site,Full-time,,,English,,,Recent,https://ch.linkedin.com/jobs/view/field-test-engineer-at-l-t-technology-services-4396300119,2026-04-30T11:42:02.617325+00:00
0,Tester | Switzerland,linkedin,Test Engineer/Technician,Keysight Technologies,"Zurich, Switzerland",On-site,Full-time,,,English,,,Recent,https://ch.linkedin.com/jobs/view/test-engineer-technician-at-keysight-technologies-4400811222,2026-04-30T11:42:02.617542+00:00
0,Tester | Switzerland,linkedin,Software Test Automation Engineer,AYES - Management & Technology Consulting,Switzerland,On-site,Full-time,Test Automation,,English,,,Recent,https://ch.linkedin.com/jobs/view/software-test-automation-engineer-at-ayes-management-technology-consulting-4383801077,2026-04-30T11:42:02.617712+00:00
0,Tester | Switzerland,linkedin,Software Test Automation Engineer - Talent/Junior,Infometis,"Zurich, Zurich, Switzerland",On-site,Full-time,Test Automation,Junior,English,,,Recent,https://ch.linkedin.com/jobs/view/software-test-automation-engineer-talent-junior-at-infometis-4401602433,2026-04-30T11:42:02.617868+00:00
0,Tester | Remote,linkedin,Software Tester (all genders),NFON AG,Germany,Remote,Full-time,,,English,,,Recent,https://de.linkedin.com/jobs/view/software-tester-all-genders-at-nfon-ag-4400814228,2026-04-30T11:42:05.005548+00:00
0,Tester | Remote,linkedin,QA/Test Automation Engineer (all genders) - Remote - EU,Doozer Real Estate Systems GmbH,Germany,Remote,Full-time,Test Automation,,English,,,Recent,https://de.linkedin.com/jobs/view/qa-test-automation-engineer-all-genders-remote-eu-at-doozer-real-estate-systems-gmbh-4396159611,2026-04-30T11:42:05.005706+00:00
0,Tester | Remote,linkedin,Junior Test Automation Engineer (m/w/d),Codewerk,"Berlin, Berlin, Germany",Remote,Full-time,Test Automation,Junior,English,,,Recent,https://de.linkedin.com/jobs/view/junior-test-automation-engineer-m-w-d-at-codewerk-4408501273,2026-04-30T11:42:05.005867+00:00
0,Tester | Remote,linkedin,Test Engineer,FormFactor Inc.,"Thiendorf, Saxony, Germany",Remote,Full-time,,,English,,,Recent,https://de.linkedin.com/jobs/view/test-engineer-at-formfactor-inc-4403639416,2026-04-30T11:42:05.006019+00:00
0,Tester | Remote,linkedin,Quality Assurance Test Engineer (m/f/d),LimeSurvey GmbH,"Hamburg, Hamburg, Germany",Remote,Full-time,,,English,,,Recent,https://de.linkedin.com/jobs/view/quality-assurance-test-engineer-m-f-d-at-limesurvey-gmbh-4402472199,2026-04-30T11:42:05.006330+00:00
0,Tester | Remote,linkedin,Online-Testbenutzer / App-Tester (m/w/d) - Nebenjob - flexibel von Zuhause arbeiten,Testees Marktforschung,Germany,Remote,Full-time,,,German,,,Recent,https://de.linkedin.com/jobs/view/online-testbenutzer-app-tester-m-w-d-nebenjob-flexibel-von-zuhause-arbeiten-at-testees-marktforschung-4404693520,2026-04-30T11:42:05.006513+00:00
0,Tester | Remote,linkedin,Software Development Engineer in Test,Cardano Foundation,Germany,Remote,Full-time,,,English,,,Recent,https://de.linkedin.com/jobs/view/software-development-engineer-in-test-at-cardano-foundation-4402491213,2026-04-30T11:42:05.006670+00:00
0,Tester | Slovakia,linkedin,Manual QA Tester,Descartes Systems Group,"Žilina, Zilina, Slovakia",On-site,Full-time,,,English,,,Recent,https://sk.linkedin.com/jobs/view/manual-qa-tester-at-descartes-systems-group-4382115365,2026-04-30T11:42:07.449728+00:00
0,Tester | Slovakia,linkedin,Test engineer,Magna International,"Kechnec, Kosice, Slovakia",On-site,Internship,,,English,,,Recent,https://sk.linkedin.com/jobs/view/test-engineer-at-magna-international-4219197667,2026-04-30T11:42:07.449929+00:00
0,Tester | Slovakia,linkedin,Student Part-time QA Tester (all humans),Erste Digital,"Bratislava, Bratislava, Slovakia",On-site,Internship,,,English,,,Recent,https://sk.linkedin.com/jobs/view/student-part-time-qa-tester-all-humans-at-erste-digital-4403734414,2026-04-30T11:42:07.450090+00:00
0,Tester | Slovakia,linkedin,Test Engineer,Multitude,"Bratislava, Bratislava, Slovakia",On-site,Full-time,,,English,,,Recent,https://sk.linkedin.com/jobs/view/test-engineer-at-multitude-4379037173,2026-04-30T11:42:07.450245+00:00
0,Tester | Slovakia,linkedin,Software Engineer in Test - LOIS for Meetings,Filevine,"Bratislava, Bratislava, Slovakia",On-site,Full-time,,,English,,,Recent,https://sk.linkedin.com/jobs/view/software-engineer-in-test-lois-for-meetings-at-filevine-4408744639,2026-04-30T11:42:07.450400+00:00
0,Tester | Slovakia,linkedin,Test engineer-1,Magna International,"Kechnec, Kosice, Slovakia",On-site,Internship,,,English,,,Recent,https://sk.linkedin.com/jobs/view/test-engineer-1-at-magna-international-4284413507,2026-04-30T11:42:07.450586+00:00
0,Tester | Slovakia,linkedin,Agile Test Engineer,ESET,"Bratislava, Bratislava, Slovakia",On-site,Full-time,,Agile,English,,,Recent,https://sk.linkedin.com/jobs/view/agile-test-engineer-at-eset-4375989657,2026-04-30T11:42:07.450749+00:00
0,Tester | Slovakia,linkedin,Medior Agile Tester,ESET,"Bratislava, Bratislava, Slovakia",On-site,Full-time,,Agile,English,,,Recent,https://sk.linkedin.com/jobs/view/medior-agile-tester-at-eset-4374813990,2026-04-30T11:42:07.450904+00:00
0,Tester | Slovakia,linkedin,Agile Test Engineer,ESET,"Bratislava, Bratislava, Slovakia",On-site,Full-time,,Agile,English,,,Recent,https://sk.linkedin.com/jobs/view/agile-test-engineer-at-eset-4403248690,2026-04-30T11:42:07.451062+00:00
0,Tester | Slovakia,linkedin,Agile Test Engineer,ESET,"Bratislava, Bratislava, Slovakia",On-site,Full-time,,Agile,English,,,Recent,https://sk.linkedin.com/jobs/view/agile-test-engineer-at-eset-4405185637,2026-04-30T11:42:07.451214+00:00
0,Tester | Czech Republic,linkedin,Líder Tester Automatizador TI,Banco Popular Dominicano,"Santo Domingo, Dominican Republic",On-site,Full-time,,,English,,,Recent,https://do.linkedin.com/jobs/view/l%C3%ADder-tester-automatizador-ti-at-banco-popular-dominicano-4401626588,2026-04-30T11:42:09.882364+00:00
0,Tester | Czech Republic,linkedin,Test Engineer,Eaton,"Bajos de Haina, San Cristóbal, Dominican Republic",On-site,Full-time,,,English,,,Recent,https://do.linkedin.com/jobs/view/test-engineer-at-eaton-4353191207,2026-04-30T11:42:09.882588+00:00
0,Tester | Czech Republic,linkedin,Software Quality Assurance Tester / R + D - Remote Work,BairesDev,"Santo Domingo, Dominican Republic",Remote,Full-time,,R,English,,,Recent,https://do.linkedin.com/jobs/view/software-quality-assurance-tester-r-%2B-d-remote-work-at-bairesdev-4406208649,2026-04-30T11:42:09.882759+00:00
0,Tester | Czech Republic,linkedin,Software Development Engineer in Test (SDET),Flash,"Santo Domingo, Distrito Nacional, Dominican Republic",On-site,Full-time,,,English,,,Recent,https://do.linkedin.com/jobs/view/software-development-engineer-in-test-sdet-at-flash-4391531625,2026-04-30T11:42:09.883062+00:00
0,Tester | Czech Republic,linkedin,Software Development Engineer in Test,Origami Risk,"Santo Domingo, Distrito Nacional, Dominican Republic",On-site,Full-time,,,English,,,Recent,https://do.linkedin.com/jobs/view/software-development-engineer-in-test-at-origami-risk-4390621348,2026-04-30T11:42:09.883348+00:00
0,Tester | Czech Republic,linkedin,Electricista Industrial - Santo Domingo Norte,GROW Management Consulting,"Los Mina Norte, Santo Domingo, Dominican Republic",On-site,Full-time,,,English,,,Recent,https://do.linkedin.com/jobs/view/electricista-industrial-santo-domingo-norte-at-grow-management-consulting-4404459275,2026-04-30T11:42:09.883713+00:00
0,Tester | Czech Republic,linkedin,Coordinador de Mantenimiento (2nd Shift),Eaton,"Bajos de Haina, San Cristóbal, Dominican Republic",On-site,Full-time,,,English,,,Recent,https://do.linkedin.com/jobs/view/coordinador-de-mantenimiento-2nd-shift-at-eaton-4398474900,2026-04-30T11:42:09.884065+00:00
0,Tester | Czech Republic,linkedin,Coordinator.MFG.Maintenance,Eaton,"Santiago de los Caballeros, Santiago, Dominican Republic",On-site,Full-time,,,English,,,Recent,https://do.linkedin.com/jobs/view/coordinator-mfg-maintenance-at-eaton-4391057283,2026-04-30T11:42:09.884387+00:00
0,Tester | Czech Republic,linkedin,Coating SME,Jabil,"Bajos de Haina, San Cristóbal, Dominican Republic",On-site,Full-time,,,English,,,Recent,https://do.linkedin.com/jobs/view/coating-sme-at-jabil-4407044939,2026-04-30T11:42:09.884722+00:00
0,Tester | Czech Republic,linkedin,Auxiliar Mantenimiento de ascensores,Tu Empleo RD,"Santo Domingo Este, Santo Domingo, Dominican Republic",On-site,Full-time,,,English,,,Recent,https://do.linkedin.com/jobs/view/auxiliar-mantenimiento-de-ascensores-at-tu-empleo-rd-4404507947,2026-04-30T11:42:09.885066+00:00
0,Tester | Poland,linkedin,Manual Tester,Jit Team,"Gdynia, Pomorskie, Poland",On-site,Full-time,,,English,,,Recent,https://pl.linkedin.com/jobs/view/manual-tester-at-jit-team-4403442183,2026-04-30T11:42:12.302202+00:00
0,Tester | Poland,linkedin,Software Engineer in Test,AirHelp,"Gdańsk, Pomorskie, Poland",On-site,Full-time,,,English,,,Recent,https://pl.linkedin.com/jobs/view/software-engineer-in-test-at-airhelp-4402960583,2026-04-30T11:42:12.302394+00:00
0,Tester | Poland,linkedin,Software Engineer in Test,AirHelp,"Cracow, Małopolskie, Poland",On-site,Full-time,,,English,,,Recent,https://pl.linkedin.com/jobs/view/software-engineer-in-test-at-airhelp-4402966518,2026-04-30T11:42:12.302600+00:00
0,Tester | Poland,linkedin,Manual Tester,Jit Team,"Gdańsk, Pomorskie, Poland",On-site,Full-time,,,English,,,Recent,https://pl.linkedin.com/jobs/view/manual-tester-at-jit-team-4404941000,2026-04-30T11:42:12.302767+00:00
0,Tester | Poland,linkedin,Junior Test Specialist/QA Engineer (f/m),Netcompany,"Warsaw, Mazowieckie, Poland",On-site,Full-time,,Junior,English,,,Recent,https://pl.linkedin.com/jobs/view/junior-test-specialist-qa-engineer-f-m-at-netcompany-4388072621,2026-04-30T11:42:12.302931+00:00
0,Tester | Poland,linkedin,Manual tester,Cloudity,"Warsaw, Mazowieckie, Poland",On-site,Full-time,,,English,,,Recent,https://pl.linkedin.com/jobs/view/manual-tester-at-cloudity-4399402067,2026-04-30T11:42:12.303085+00:00
0,Tester | Poland,linkedin,Software Test Engineer,Rho,Poland,On-site,Full-time,,,English,,,Recent,https://pl.linkedin.com/jobs/view/software-test-engineer-at-rho-4308483608,2026-04-30T11:42:12.303240+00:00
0,Tester | Poland,linkedin,Test Engineer,CGI,"Warsaw, Mazowieckie, Poland",On-site,Full-time,,,English,,,Recent,https://pl.linkedin.com/jobs/view/test-engineer-at-cgi-4389250087,2026-04-30T11:42:12.303394+00:00
0,Tester | Poland,linkedin,"Tester / Testerka  - Wroclaw (Dolnośląskie), Polska",Astek,Wroclaw Metropolitan Area,On-site,Full-time,,,English,,,Recent,https://pl.linkedin.com/jobs/view/tester-testerka-wroclaw-dolno%C5%9Bl%C4%85skie-polska-at-astek-4358055143,2026-04-30T11:42:12.303575+00:00
0,Tester | USA,linkedin,Junior QA Manual Tester (Remote – US & Canada),CloudBerry,United States,Remote,Full-time,,Junior,English,,,Recent,https://www.linkedin.com/jobs/view/junior-qa-manual-tester-remote-%E2%80%93-us-canada-at-cloudberry-4406136551,2026-04-30T11:42:14.913627+00:00
0,Tester | USA,linkedin,Game Tester | $20/hr Remote,Crossing Hurdles,United States,Remote,Full-time,,,English,,,Recent,https://www.linkedin.com/jobs/view/game-tester-%2420-hr-remote-at-crossing-hurdles-4404690874,2026-04-30T11:42:14.913814+00:00
0,Tester | USA,linkedin,QA Manual Tester,Talent,United States,On-site,Full-time,,,English,,,Recent,https://www.linkedin.com/jobs/view/qa-manual-tester-at-talent-4406598609,2026-04-30T11:42:14.913978+00:00
0,Tester | USA,linkedin,Manual Tester,Kforce Inc,"San Antonio, TX",On-site,Full-time,,,English,,,Recent,https://www.linkedin.com/jobs/view/manual-tester-at-kforce-inc-4405448676,2026-04-30T11:42:14.914140+00:00
0,Tester | USA,linkedin,Quality Assurance Manual Tester,Kforce Inc,"Milpitas, CA",Remote,Contract,Ci/Cd,"Jira, Azure, Agile, Regression Testing, Devops, Scrum, Postman",English,,,Recent,https://www.linkedin.com/jobs/view/quality-assurance-manual-tester-at-kforce-inc-4403467689,2026-04-30T11:42:14.914299+00:00
0,Tester | USA,linkedin,Manual QA Tester - 3 positions,Randstad USA,"Malvern, PA",On-site,Full-time,,,English,,,Recent,https://www.linkedin.com/jobs/view/manual-qa-tester-3-positions-at-randstad-usa-4404339951,2026-04-30T11:42:14.914479+00:00
0,Tester | USA,linkedin,Manual Tester,Asvatthah,"Indiana, United States",On-site,Full-time,,,English,,,Recent,https://www.linkedin.com/jobs/view/manual-tester-at-asvatthah-4405872576,2026-04-30T11:42:14.914643+00:00
0,Tester | USA,linkedin,Tester (Remote),GovCIO,United States,Remote,Full-time,,,English,,,Recent,https://www.linkedin.com/jobs/view/tester-remote-at-govcio-4397533220,2026-04-30T11:42:14.914793+00:00
0,Tester | USA,linkedin,QA Tester,KellyMitchell Group,"Gresham, OR",On-site,Full-time,,,English,,,Recent,https://www.linkedin.com/jobs/view/qa-tester-at-kellymitchell-group-4380367886,2026-04-30T11:42:14.914944+00:00
0,Tester | USA,linkedin,Manual Tester,Inspiration Global,"Austin, TX",On-site,Full-time,,,English,,,Recent,https://www.linkedin.com/jobs/view/manual-tester-at-inspiration-global-4408280122,2026-04-30T11:42:14.915091+00:00
0,Tester | United Kingdom,linkedin,Game Tester | $20/hr Remote,Crossing Hurdles,United Kingdom,Remote,Full-time,,,English,,,Recent,https://uk.linkedin.com/jobs/view/game-tester-%2420-hr-remote-at-crossing-hurdles-4404691938,2026-04-30T11:42:17.404466+00:00
0,Tester | United Kingdom,linkedin,Quality Control - Software Tester,The Despatch Company,United Kingdom,On-site,Full-time,,,English,,,Recent,https://uk.linkedin.com/jobs/view/quality-control-software-tester-at-the-despatch-company-4395328415,2026-04-30T11:42:17.404653+00:00
0,Tester | United Kingdom,linkedin,Test Engineer,Fuse Energy,"London, England, United Kingdom",On-site,Full-time,,,English,,,Recent,https://uk.linkedin.com/jobs/view/test-engineer-at-fuse-energy-4403466880,2026-04-30T11:42:17.404818+00:00
0,Tester | United Kingdom,linkedin,Test Engineer (SFIA 3),Zaizi,"London, England, United Kingdom",On-site,Full-time,,,English,,,Recent,https://uk.linkedin.com/jobs/view/test-engineer-sfia-3-at-zaizi-4407119518,2026-04-30T11:42:17.404980+00:00
0,Tester | United Kingdom,linkedin,Manual Tester Mid- Level  ( 12 month FTC / Imed start ),Sparta Global,"London Area, United Kingdom",On-site,Full-time,,,English,,,Recent,https://uk.linkedin.com/jobs/view/manual-tester-mid-level-12-month-ftc-imed-start-at-sparta-global-4398222721,2026-04-30T11:42:17.405139+00:00
0,Tester | United Kingdom,linkedin,Software Tester,hackajob,"Stoke-On-Trent, England, United Kingdom",On-site,Full-time,,,English,,,Recent,https://uk.linkedin.com/jobs/view/software-tester-at-hackajob-4406905316,2026-04-30T11:42:17.405298+00:00
0,Tester | United Kingdom,linkedin,Software Engineer in Test,Qurated,"Manchester Area, United Kingdom",On-site,Full-time,,,English,,,Recent,https://uk.linkedin.com/jobs/view/software-engineer-in-test-at-qurated-4404678841,2026-04-30T11:42:17.405476+00:00
0,Tester | United Kingdom,linkedin,Test Engineer,Manchester Digital,"Manchester, England, United Kingdom",On-site,Full-time,,,English,,,Recent,https://uk.linkedin.com/jobs/view/test-engineer-at-manchester-digital-4405310949,2026-04-30T11:42:17.405637+00:00
0,Tester | United Kingdom,linkedin,Test Automation Engineer,Deloitte,"Glasgow, Scotland, United Kingdom",On-site,Full-time,Test Automation,,English,,,Recent,https://uk.linkedin.com/jobs/view/test-automation-engineer-at-deloitte-4383541540,2026-04-30T11:42:17.405792+00:00
0,Tester | United Kingdom,linkedin,Trainee Tester,Orona UK,"Sunbury-On-Thames, England, United Kingdom",On-site,Full-time,,Trainee,English,,,Recent,https://uk.linkedin.com/jobs/view/trainee-tester-at-orona-uk-4404272994,2026-04-30T11:42:17.405949+00:00
0,QA Engineer | Germany,linkedin,Quality Assurance Engineer,Haystack,Germany,On-site,Full-time,,,English,,,Recent,https://de.linkedin.com/jobs/view/quality-assurance-engineer-at-haystack-4406526645,2026-04-30T11:42:19.816322+00:00
0,QA Engineer | Germany,linkedin,QA Engineer,Westernacher Solutions,"Berlin, Germany",On-site,Full-time,,,English,,,Recent,https://de.linkedin.com/jobs/view/qa-engineer-at-westernacher-solutions-4401930906,2026-04-30T11:42:19.816579+00:00
0,QA Engineer | Germany,linkedin,QA Engineer (w/m/d),Westernacher Solutions,"Berlin, Germany",On-site,Full-time,,,English,,,Recent,https://de.linkedin.com/jobs/view/qa-engineer-w-m-d-at-westernacher-solutions-4349803462,2026-04-30T11:42:19.816739+00:00
0,QA Engineer | Germany,linkedin,QA Engineer (iGaming),Jobgether,Germany,On-site,Full-time,,,English,,,Recent,https://de.linkedin.com/jobs/view/qa-engineer-igaming-at-jobgether-4407343448,2026-04-30T11:42:19.816892+00:00
0,QA Engineer | Germany,linkedin,Quality Assurance Engineer (m/w/d),ISO-Gruppe,Greater Nuremberg Metropolitan Area,On-site,Full-time,,,English,,,Recent,https://de.linkedin.com/jobs/view/quality-assurance-engineer-m-w-d-at-iso-gruppe-4358570111,2026-04-30T11:42:19.817045+00:00
0,QA Engineer | Germany,linkedin,Junior QA Engineer (w/m/d),HUMANOO,"Berlin, Berlin, Germany",On-site,Full-time,,Junior,English,,,Recent,https://de.linkedin.com/jobs/view/junior-qa-engineer-w-m-d-at-humanoo-4400822850,2026-04-30T11:42:19.817346+00:00
0,QA Engineer | Austria,linkedin,Software Quality Engineer,Ketryx,"Vienna, Vienna, Austria",On-site,Full-time,,,English,,,Recent,https://at.linkedin.com/jobs/view/software-quality-engineer-at-ketryx-4308973953,2026-04-30T11:42:22.197582+00:00
0,QA Engineer | Austria,linkedin,Electrical QA/QC Engineer,Designer Group,"Vienna, Austria",On-site,Full-time,,,English,,,Recent,https://at.linkedin.com/jobs/view/electrical-qa-qc-engineer-at-designer-group-4399875580,2026-04-30T11:42:22.197775+00:00
0,QA Engineer | Austria,linkedin,QA Engineer: Manual Testing (Mobile & Backend),Tractive,"Linz, Upper Austria, Austria",Remote,Full-time,,Manual Testing,English,,,Recent,https://at.linkedin.com/jobs/view/qa-engineer-manual-testing-mobile-backend-at-tractive-4401967431,2026-04-30T11:42:22.198097+00:00
0,QA Engineer | Austria,linkedin,Junior QA Engineer - Zutrittskontrollsysteme,PKE Holding AG,"Vienna, Vienna, Austria",On-site,Full-time,,Junior,English,,,Recent,https://at.linkedin.com/jobs/view/junior-qa-engineer-zutrittskontrollsysteme-at-pke-holding-ag-4387103203,2026-04-30T11:42:22.198253+00:00
0,QA Engineer | Austria,linkedin,Quality Assurance Engineer (all genders),TeamViewer,"Linz, Upper Austria, Austria",On-site,Full-time,,,English,,,Recent,https://at.linkedin.com/jobs/view/quality-assurance-engineer-all-genders-at-teamviewer-4380586162,2026-04-30T11:42:22.198759+00:00
0,QA Engineer | Austria,linkedin,AI QA Engineer (all genders),TeamViewer,"Linz, Upper Austria, Austria",On-site,Full-time,,,English,,,Recent,https://at.linkedin.com/jobs/view/ai-qa-engineer-all-genders-at-teamviewer-4380325973,2026-04-30T11:42:22.198912+00:00
0,QA Engineer | Austria,linkedin,Software Quality Assurance Engineer (f/m/x),OMICRON electronics,"Fraxern, Vorarlberg, Austria",On-site,Full-time,,,English,,,Recent,https://at.linkedin.com/jobs/view/software-quality-assurance-engineer-f-m-x-at-omicron-electronics-4401031875,2026-04-30T11:42:22.199058+00:00
0,QA Engineer | Switzerland,linkedin,QA Engineer (iGaming),Jobgether,Switzerland,On-site,Full-time,,,English,,,Recent,https://ch.linkedin.com/jobs/view/qa-engineer-igaming-at-jobgether-4407330570,2026-04-30T11:42:24.620049+00:00
0,QA Engineer | Switzerland,linkedin,QA Engineer,qiibee,Switzerland,On-site,Full-time,,,English,,,Recent,https://ch.linkedin.com/jobs/view/qa-engineer-at-qiibee-4398410016,2026-04-30T11:42:24.620483+00:00
0,QA Engineer | Switzerland,linkedin,Junior Quality Assurance Engineer m/f/d,Aristo Group,"Bern, Berne, Switzerland",On-site,Internship,C,"R, Junior, Entry-Level",German,,,Recent,https://ch.linkedin.com/jobs/view/junior-quality-assurance-engineer-m-f-d-at-aristo-group-4405326232,2026-04-30T11:42:24.621488+00:00
0,QA Engineer | Switzerland,linkedin,Ingénieur tests/Ingénieure tests,API SA,"Romandy, Valais, Switzerland",On-site,Full-time,,,English,,,Recent,https://ch.linkedin.com/jobs/view/ing%C3%A9nieur-tests-ing%C3%A9nieure-tests-at-api-sa-4407839957,2026-04-30T11:42:24.621839+00:00
0,QA Engineer | Switzerland,linkedin,QA Automation Engineer,Air Apps,"Zurich, Zurich, Switzerland",On-site,Full-time,,,English,,,Recent,https://ch.linkedin.com/jobs/view/qa-automation-engineer-at-air-apps-4408018944,2026-04-30T11:42:24.622768+00:00
0,QA Engineer | Switzerland,linkedin,Software Test Automation Engineer,Infometis,"Zurich, Zurich, Switzerland",On-site,Full-time,Test Automation,,English,,,Recent,https://ch.linkedin.com/jobs/view/software-test-automation-engineer-at-infometis-4405524270,2026-04-30T11:42:24.623097+00:00
0,QA Engineer | Remote,linkedin,QA Engineer,Air Apps,Berlin Metropolitan Area,Remote,Full-time,,,English,,,Recent,https://de.linkedin.com/jobs/view/qa-engineer-at-air-apps-4406612499,2026-04-30T11:42:27.011113+00:00
0,QA Engineer | Remote,linkedin,"Backend QA Engineer, Berlin",Air Apps,Berlin Metropolitan Area,Remote,Full-time,,,English,,,Recent,https://de.linkedin.com/jobs/view/backend-qa-engineer-berlin-at-air-apps-4408719121,2026-04-30T11:42:27.011599+00:00
0,QA Engineer | Slovakia,linkedin,QA Engineer - Manual,OAK'S LAB,Slovakia,On-site,Full-time,,,English,,,Recent,https://sk.linkedin.com/jobs/view/qa-engineer-manual-at-oak-s-lab-4407413909,2026-04-30T11:42:29.558468+00:00
0,QA Engineer | Slovakia,linkedin,Quality Assurance Engineer,Touch4IT,Bratislava Metropolitan Area,On-site,Full-time,,,English,,,Recent,https://sk.linkedin.com/jobs/view/quality-assurance-engineer-at-touch4it-4404411314,2026-04-30T11:42:29.558658+00:00
0,QA Engineer | Slovakia,linkedin,QA Engineer,Ruby Labs,Slovakia,On-site,Full-time,,Ruby,English,,,Recent,https://sk.linkedin.com/jobs/view/qa-engineer-at-ruby-labs-4405231899,2026-04-30T11:42:29.558824+00:00
0,QA Engineer | Slovakia,linkedin,Quality Assurance Engineer,"NESS KE, s.r.o.","Kosice, Slovakia",On-site,Full-time,,R,English,,,Recent,https://sk.linkedin.com/jobs/view/quality-assurance-engineer-at-ness-ke-s-r-o-4399546808,2026-04-30T11:42:29.558984+00:00
0,QA Engineer | Czech Republic,linkedin,Quality Assurance Engineer - Trabajo Remoto,BairesDev,"Santo Domingo, Distrito Nacional, Dominican Republic",On-site,Full-time,,,English,,,Recent,https://do.linkedin.com/jobs/view/quality-assurance-engineer-trabajo-remoto-at-bairesdev-4407050579,2026-04-30T11:42:32.018973+00:00
0,QA Engineer | Czech Republic,linkedin,Ingeniero QA,Babel,"Santo Domingo, Distrito Nacional, Dominican Republic",On-site,Full-time,,,English,,,Recent,https://do.linkedin.com/jobs/view/ingeniero-qa-at-babel-4405931155,2026-04-30T11:42:32.019163+00:00
0,QA Engineer | Czech Republic,linkedin,Ingeniero QA,GBM,Dominican Republic,On-site,Full-time,,,English,,,Recent,https://do.linkedin.com/jobs/view/ingeniero-qa-at-gbm-4396349658,2026-04-30T11:42:32.019330+00:00
0,QA Engineer | Czech Republic,linkedin,Quality Assurance Support Engineer - EPlan,Eaton,"Santo Domingo, Distrito Nacional, Dominican Republic",On-site,Full-time,,,English,,,Recent,https://do.linkedin.com/jobs/view/quality-assurance-support-engineer-eplan-at-eaton-4400823682,2026-04-30T11:42:32.019687+00:00
0,QA Engineer | Czech Republic,linkedin,"Technical Author - AI for QA (Kotlin, Mobile, part-time)",TripleTen Indonesia,"Santo Domingo, Dominican Republic",Remote,Full-time,,Kotlin,English,,,Recent,https://do.linkedin.com/jobs/view/technical-author-ai-for-qa-kotlin-mobile-part-time-at-tripleten-indonesia-4398479449,2026-04-30T11:42:32.020154+00:00
0,QA Engineer | Czech Republic,linkedin,"Technical Author - AI for QA (Kotlin, Mobile, part-time)",TripleTen,"Santo Domingo, Dominican Republic",Remote,Full-time,,Kotlin,English,,,Recent,https://do.linkedin.com/jobs/view/technical-author-ai-for-qa-kotlin-mobile-part-time-at-tripleten-4399263250,2026-04-30T11:42:32.020315+00:00
0,QA Engineer | Czech Republic,linkedin,Sr. SDET (Gaming Industry),Perform,Dominican Republic,On-site,Full-time,,,English,,,Recent,https://do.linkedin.com/jobs/view/sr-sdet-gaming-industry-at-perform-4362287427,2026-04-30T11:42:32.020494+00:00
0,QA Engineer | Poland,linkedin,QA Engineer (Manual),Planner 5D,"Warsaw, Mazowieckie, Poland",On-site,Full-time,,,English,,,Recent,https://pl.linkedin.com/jobs/view/qa-engineer-manual-at-planner-5d-4407894459,2026-04-30T11:42:34.422681+00:00
0,QA Engineer | Poland,linkedin,Quality Assurance Engineer (Web QA),Tickmill,"Warsaw, Mazowieckie, Poland",On-site,Full-time,,,English,,,Recent,https://pl.linkedin.com/jobs/view/quality-assurance-engineer-web-qa-at-tickmill-4405515491,2026-04-30T11:42:34.422871+00:00
0,QA Engineer | Poland,linkedin,Sr QA Engineer (Manual Focus),Renesas Electronics,"Katowice, Śląskie, Poland",On-site,Full-time,,,English,,,Recent,https://pl.linkedin.com/jobs/view/sr-qa-engineer-manual-focus-at-renesas-electronics-4408015376,2026-04-30T11:42:34.423038+00:00
0,QA Engineer | Poland,linkedin,Sr QA Engineer (Manual Focus),Renesas Electronics,"Wrocław, Dolnośląskie, Poland",On-site,Full-time,,,English,,,Recent,https://pl.linkedin.com/jobs/view/sr-qa-engineer-manual-focus-at-renesas-electronics-4407456681,2026-04-30T11:42:34.423209+00:00
0,QA Engineer | Poland,linkedin,QA Automation Engineer,payabl.,"Cracow, Małopolskie, Poland",On-site,Full-time,,,English,,,Recent,https://pl.linkedin.com/jobs/view/qa-automation-engineer-at-payabl-4402908834,2026-04-30T11:42:34.423563+00:00
0,QA Engineer | Poland,linkedin,Manual QA Engineer,The Travel Corporation,"Katowice, Śląskie, Poland",On-site,Full-time,,,English,,,Recent,https://pl.linkedin.com/jobs/view/manual-qa-engineer-at-the-travel-corporation-4406556468,2026-04-30T11:42:34.423891+00:00
0,QA Engineer | Poland,linkedin,QA Engineer (Manual Testing) – Remote,Indivd,Poland,Remote,Full-time,,Manual Testing,English,,,Recent,https://pl.linkedin.com/jobs/view/qa-engineer-manual-testing-%E2%80%93-remote-at-indivd-4393884430,2026-04-30T11:42:34.424049+00:00
0,QA Engineer | USA,linkedin,QA Engineer I,Poshmark,"California, United States",On-site,Full-time,,,English,,,Recent,https://www.linkedin.com/jobs/view/qa-engineer-i-at-poshmark-4405578250,2026-04-30T11:42:36.861532+00:00
0,QA Engineer | USA,linkedin,QA Engineer II,Acorns,United States,On-site,Full-time,,,English,,,Recent,https://www.linkedin.com/jobs/view/qa-engineer-ii-at-acorns-4362339582,2026-04-30T11:42:36.861765+00:00
0,QA Engineer | USA,linkedin,Immediate Hiring – Software Engineer,Pinnova Staffing LLC,"California, United States",On-site,Full-time,,,English,,,Recent,https://www.linkedin.com/jobs/view/immediate-hiring-%E2%80%93-software-engineer-at-pinnova-staffing-llc-4405763282,2026-04-30T11:42:36.861929+00:00
0,QA Engineer | USA,linkedin,Quality Assurance Engineer,Snapsheet Inc,United States,On-site,Full-time,,,English,,,Recent,https://www.linkedin.com/jobs/view/quality-assurance-engineer-at-snapsheet-inc-4400257953,2026-04-30T11:42:36.862095+00:00
0,QA Engineer | USA,linkedin,Junior QA Engineer,The Devhouse Agency,"Dallas, TX",On-site,Full-time,,Junior,English,,,Recent,https://www.linkedin.com/jobs/view/junior-qa-engineer-at-the-devhouse-agency-4394724028,2026-04-30T11:42:36.862250+00:00
0,QA Engineer | USA,linkedin,Quality Assurance Engineer I,VCS HR,"Freehold, NJ",On-site,Full-time,,,English,,,Recent,https://www.linkedin.com/jobs/view/quality-assurance-engineer-i-at-vcs-hr-4406557484,2026-04-30T11:42:36.862404+00:00
0,QA Engineer | USA,linkedin,Quality Assurance Analyst,Coforge,"New Jersey, United States",On-site,Full-time,,,English,,,Recent,https://www.linkedin.com/jobs/view/quality-assurance-analyst-at-coforge-4402750796,2026-04-30T11:42:36.862591+00:00
0,QA Engineer | USA,linkedin,Junior QA Engineer,Snoonu,United States,On-site,Full-time,,Junior,English,,,Recent,https://www.linkedin.com/jobs/view/junior-qa-engineer-at-snoonu-4405924353,2026-04-30T11:42:36.862897+00:00
0,Test Engineer | Germany,linkedin,QA Engineer,Almedia,"Berlin, Germany",On-site,Full-time,,,English,,,Recent,https://de.linkedin.com/jobs/view/qa-engineer-at-almedia-4339366784,2026-04-30T11:42:41.410415+00:00
0,Test Engineer | Germany,linkedin,Software Tester (m/w/d),The Adecco Group,Greater Kassel Area,On-site,Full-time,,,English,,,Recent,https://de.linkedin.com/jobs/view/software-tester-m-w-d-at-the-adecco-group-4406294136,2026-04-30T11:42:41.411069+00:00
0,Test Engineer | Austria,linkedin,SQA Ingenieur (m/w/d),SEGULA Technologies,"Graz, Styria, Austria",On-site,Full-time,,,English,,,Recent,https://at.linkedin.com/jobs/view/sqa-ingenieur-m-w-d-at-segula-technologies-4385504193,2026-04-30T11:42:43.860889+00:00
0,Test Engineer | Austria,linkedin,Quality Engineer (m/w/d),STIWA Group,"Gampern, Upper Austria, Austria",On-site,Full-time,,,English,,,Recent,https://at.linkedin.com/jobs/view/quality-engineer-m-w-d-at-stiwa-group-4406039110,2026-04-30T11:42:43.861869+00:00
0,Test Engineer | Remote,linkedin,Software Engineer (frontend-biased),HiPeople,Germany,Remote,Full-time,,,English,,,Recent,https://de.linkedin.com/jobs/view/software-engineer-frontend-biased-at-hipeople-4407856661,2026-04-30T11:42:48.738666+00:00
0,Test Engineer | Slovakia,linkedin,Supplier Quality engineer,TOMRA,"Senec, Bratislava, Slovakia",On-site,Full-time,,,English,,,Recent,https://sk.linkedin.com/jobs/view/supplier-quality-engineer-at-tomra-4368197508,2026-04-30T11:42:51.144207+00:00
0,Test Engineer | Slovakia,linkedin,Agile Test Engineer,ESET,"Košice, Kosice, Slovakia",On-site,Full-time,,Agile,English,,,Recent,https://sk.linkedin.com/jobs/view/agile-test-engineer-at-eset-4405175696,2026-04-30T11:42:51.145031+00:00
0,Test Engineer | Czech Republic,linkedin,Quality Engineer I,Jabil,"Santo Domingo, Distrito Nacional, Dominican Republic",On-site,Full-time,,,English,,,Recent,https://do.linkedin.com/jobs/view/quality-engineer-i-at-jabil-4406540474,2026-04-30T11:42:53.564286+00:00
0,Test Engineer | Czech Republic,linkedin,Software Developer (Python) - Remote Work,BairesDev,"Santo Domingo, Distrito Nacional, Dominican Republic",Remote,Full-time,Python,,English,,,Recent,https://do.linkedin.com/jobs/view/software-developer-python-remote-work-at-bairesdev-4406575556,2026-04-30T11:42:53.564502+00:00
0,Test Engineer | Czech Republic,linkedin,Supplier Quality Engineer II,Jabil,"Santo Domingo, Distrito Nacional, Dominican Republic",On-site,Full-time,,,English,,,Recent,https://do.linkedin.com/jobs/view/supplier-quality-engineer-ii-at-jabil-4406556360,2026-04-30T11:42:53.564671+00:00
0,Test Engineer | Czech Republic,linkedin,"Software Engineer (remote, startup)",Meadow Memorials,"Santo Domingo, Distrito Nacional, Dominican Republic",Remote,Full-time,,,English,,,Recent,https://do.linkedin.com/jobs/view/software-engineer-remote-startup-at-meadow-memorials-4406809438,2026-04-30T11:42:53.565641+00:00
0,Test Engineer | Poland,linkedin,Quality Assurance Engineer,Airswift,Poland,On-site,Full-time,,,English,,,Recent,https://pl.linkedin.com/jobs/view/quality-assurance-engineer-at-airswift-4398678945,2026-04-30T11:42:55.984638+00:00
0,Test Engineer | USA,linkedin,Software Tester,System One,"Virginia, United States",On-site,Full-time,,,English,,,Recent,https://www.linkedin.com/jobs/view/software-tester-at-system-one-4407888047,2026-04-30T11:42:58.591970+00:00
0,Test Engineer | USA,linkedin,Software Quality Engineer,"Seneca Resources Company, LLC","Grand Prairie, TX",On-site,Full-time,,,English,,,Recent,https://www.linkedin.com/jobs/view/software-quality-engineer-at-seneca-resources-company-llc-4407880704,2026-04-30T11:42:58.594544+00:00
0,Test Engineer | USA,linkedin,Software Developer - Front End,KellyMitchell Group,"Atlanta, GA",On-site,Full-time,,,English,,,Recent,https://www.linkedin.com/jobs/view/software-developer-front-end-at-kellymitchell-group-4407851686,2026-04-30T11:42:58.595188+00:00
0,Test Engineer | USA,linkedin,"Software Engineer II, RLE",Handshake,"San Francisco, CA",On-site,Full-time,,,English,,,Recent,https://www.linkedin.com/jobs/view/software-engineer-ii-rle-at-handshake-4408039202,2026-04-30T11:42:58.595345+00:00
0,Test Engineer | United Kingdom,linkedin,Software Tester,BMC Recruitment Group,"Newcastle Upon Tyne, England, United Kingdom",On-site,Full-time,,,English,,,Recent,https://uk.linkedin.com/jobs/view/software-tester-at-bmc-recruitment-group-4407838764,2026-04-30T11:43:01.078146+00:00
0,Test Engineer | United Kingdom,linkedin,Quality Assurance Engineer,QuantumLoopAi,"London, England, United Kingdom",On-site,Full-time,,,English,,,Recent,https://uk.linkedin.com/jobs/view/quality-assurance-engineer-at-quantumloopai-4400512503,2026-04-30T11:43:01.078333+00:00
0,Test Engineer | United Kingdom,linkedin,Quality Assurance Engineer,Coforge,"Telford, England, United Kingdom",On-site,Full-time,,,English,,,Recent,https://uk.linkedin.com/jobs/view/quality-assurance-engineer-at-coforge-4393475503,2026-04-30T11:43:01.078525+00:00
0,Test Engineer | United Kingdom,linkedin,QA Engineer,American Express Global Business Travel,"Manchester, England, United Kingdom",On-site,Full-time,,Express,English,,,Recent,https://uk.linkedin.com/jobs/view/qa-engineer-at-american-express-global-business-travel-4398441575,2026-04-30T11:43:01.078685+00:00
0,Test Engineer | United Kingdom,linkedin,Quality Assurance Engineer,Navantia UK,"Fife, Scotland, United Kingdom",On-site,Full-time,,,English,,,Recent,https://uk.linkedin.com/jobs/view/quality-assurance-engineer-at-navantia-uk-4405637647,2026-04-30T11:43:01.079158+00:00
0,Test Engineer | United Kingdom,linkedin,Quality Assurance Engineer,Head Resourcing,"Edinburgh, Scotland, United Kingdom",On-site,Full-time,,,English,,,Recent,https://uk.linkedin.com/jobs/view/quality-assurance-engineer-at-head-resourcing-4406077956,2026-04-30T11:43:01.079315+00:00
0,Test Engineer | United Kingdom,linkedin,Quality Assurance Engineer,Eleven,"London, England, United Kingdom",On-site,Full-time,,,English,,,Recent,https://uk.linkedin.com/jobs/view/quality-assurance-engineer-at-eleven-4400549264,2026-04-30T11:43:01.079491+00:00
0,Test Engineer | United Kingdom,linkedin,QA Engineer (Manchester),Tilo Consulting,"Manchester, England, United Kingdom",On-site,Full-time,,,English,,,Recent,https://uk.linkedin.com/jobs/view/qa-engineer-manchester-at-tilo-consulting-4401711264,2026-04-30T11:43:01.079647+00:00
0,Testingenieur | Germany,linkedin,Testingenieur (m/w/d) (ID: 22262),Da Vinci Engineering GmbH,"Sindelfingen, Baden-Württemberg, Germany",On-site,Full-time,,,English,,,Recent,https://de.linkedin.com/jobs/view/testingenieur-m-w-d-id-22262-at-da-vinci-engineering-gmbh-4393451921,2026-04-30T11:43:03.532494+00:00
0,Testingenieur | Germany,linkedin,CQV & CSV Engineering Opportunities – Germany,KPC International,"Frankfurt, Hesse, Germany",On-site,Internship,,,English,,,Recent,https://de.linkedin.com/jobs/view/cqv-csv-engineering-opportunities-%E2%80%93-germany-at-kpc-international-4225886744,2026-04-30T11:43:03.532696+00:00
0,Testingenieur | Germany,linkedin,Quality Assurance Engineer (f/m/d),Renesas Electronics,"Nabern, Baden-Württemberg, Germany",On-site,Full-time,,,English,,,Recent,https://de.linkedin.com/jobs/view/quality-assurance-engineer-f-m-d-at-renesas-electronics-4389742869,2026-04-30T11:43:03.532872+00:00
0,Testingenieur | Germany,linkedin,"Testingenieur Elektrotechnik & Mechatronik (m/w/d) – Medizintechnik, Prototypen & Versuch",ACONEXT,"Kemnath, Bavaria, Germany",On-site,Full-time,,,English,,,Recent,https://de.linkedin.com/jobs/view/testingenieur-elektrotechnik-mechatronik-m-w-d-%E2%80%93-medizintechnik-prototypen-versuch-at-aconext-4404787237,2026-04-30T11:43:03.533038+00:00
0,Testingenieur | Germany,linkedin,Versuchsingenieur (m/w/d),Kässbohrer Geländefahrzeug AG,"Laupheim, Baden-Württemberg, Germany",On-site,Full-time,,,English,,,Recent,https://de.linkedin.com/jobs/view/versuchsingenieur-m-w-d-at-k%C3%A4ssbohrer-gel%C3%A4ndefahrzeug-ag-4408261642,2026-04-30T11:43:03.533701+00:00
0,Testingenieur | Germany,linkedin,Test Engineer/Test Technician (m/f/d) in the field of environmental simulation,EMCC DR. RAŠEK,"Fürth, Bavaria, Germany",On-site,Full-time,,,English,,,Recent,https://de.linkedin.com/jobs/view/test-engineer-test-technician-m-f-d-in-the-field-of-environmental-simulation-at-emcc-dr-ra%C5%A1ek-4400444342,2026-04-30T11:43:03.533858+00:00
0,Testingenieur | Austria,linkedin,Elektronik Entwickler / Testingenieur,Akkodis,"Linz, Upper Austria, Austria",Remote,Full-time,"C, C++, Python","C#, R",German,,,Recent,https://at.linkedin.com/jobs/view/elektronik-entwickler-testingenieur-at-akkodis-4399722630,2026-04-30T11:43:05.939673+00:00
0,Testingenieur | Austria,linkedin,Test Engineer (m/w/d),TE Connectivity,"Waidhofen, Lower Austria, Austria",On-site,Full-time,,,English,,,Recent,https://at.linkedin.com/jobs/view/test-engineer-m-w-d-at-te-connectivity-4405108937,2026-04-30T11:43:05.939829+00:00
0,Testingenieur | Austria,linkedin,"Software Engineer, iOS Core Product - Vienna, Austria",Speechify,"Innere Stadt, Vienna, Austria",On-site,Full-time,,,English,,,Recent,https://at.linkedin.com/jobs/view/software-engineer-ios-core-product-vienna-austria-at-speechify-4406899338,2026-04-30T11:43:05.939989+00:00
0,Testingenieur | Austria,linkedin,Test Engineer (m/w/d),ISG International Service Group,"Schrems, Lower Austria, Austria",On-site,Internship,,,English,,,Recent,https://at.linkedin.com/jobs/view/test-engineer-m-w-d-at-isg-international-service-group-4405686248,2026-04-30T11:43:05.940148+00:00
0,Testingenieur | Austria,linkedin,Initativbewerbung,SCIO Automation,"Albersdorf, Styria, Austria",On-site,Full-time,,,English,,,Recent,https://at.linkedin.com/jobs/view/initativbewerbung-at-scio-automation-4398533929,2026-04-30T11:43:05.940306+00:00
0,Testingenieur | Austria,linkedin,Test Engineer (m/w/d),Single Use Support,"Kufstein, Tyrol, Austria",On-site,Full-time,,,English,,,Recent,https://at.linkedin.com/jobs/view/test-engineer-m-w-d-at-single-use-support-4393581172,2026-04-30T11:43:05.940485+00:00
0,Testingenieur | Austria,linkedin,Steuerungsentwickler (m/w/d),CONTILOX GmbH,"Schlatt, Upper Austria, Austria",On-site,Full-time,,,English,,,Recent,https://at.linkedin.com/jobs/view/steuerungsentwickler-m-w-d-at-contilox-gmbh-4399515942,2026-04-30T11:43:05.940648+00:00
0,Testingenieur | Switzerland,linkedin,Propulsion Development & Test Engineer,Etanox AG,"Root, Lucerne, Switzerland",On-site,Full-time,,,English,,,Recent,https://ch.linkedin.com/jobs/view/propulsion-development-test-engineer-at-etanox-ag-4405669317,2026-04-30T11:43:08.360564+00:00
0,Testingenieur | Switzerland,linkedin,Ingénieur tests/Ingénieure tests,Qim info,"Geneva, Switzerland",On-site,Full-time,,,English,,,Recent,https://ch.linkedin.com/jobs/view/ing%C3%A9nieur-tests-ing%C3%A9nieure-tests-at-qim-info-4403745789,2026-04-30T11:43:08.360727+00:00
0,Testingenieur | Switzerland,linkedin,Application Engineer,Delvitech SA,"Mendrisio, Ticino, Switzerland",On-site,Full-time,,,English,,,Recent,https://ch.linkedin.com/jobs/view/application-engineer-at-delvitech-sa-4401956511,2026-04-30T11:43:08.360890+00:00
0,Testingenieur | Switzerland,linkedin,Testtechniker / Testingenieur (m/w/d) 80-100%,Richard AG Murgenthal,"Rothrist, Aargau, Switzerland",Remote,Full-time,,,English,,,Recent,https://ch.linkedin.com/jobs/view/testtechniker-testingenieur-m-w-d-80-100%25-at-richard-ag-murgenthal-4404580711,2026-04-30T11:43:08.361040+00:00
0,Testingenieur | Switzerland,linkedin,PROJEKTINGENIEUR*IN (m/w),LEICOM AG,"Basel, Basel, Switzerland",On-site,Full-time,,,English,,,Recent,https://ch.linkedin.com/jobs/view/projektingenieur-in-m-w-at-leicom-ag-4400509406,2026-04-30T11:43:08.361194+00:00
0,Testingenieur | Switzerland,linkedin,Electronic Quality Assurance Engineer,Leclanché SA,"Yverdon, Vaud, Switzerland",On-site,Full-time,,,English,,,Recent,https://ch.linkedin.com/jobs/view/electronic-quality-assurance-engineer-at-leclanch%C3%A9-sa-4401457491,2026-04-30T11:43:08.361346+00:00
0,Testingenieur | Switzerland,linkedin,Elektrical Engineer / Test Engineer,edp personalberatung gmbh,Basel Metropolitan Area,On-site,Full-time,,,English,,,Recent,https://ch.linkedin.com/jobs/view/elektrical-engineer-test-engineer-at-edp-personalberatung-gmbh-4408733527,2026-04-30T11:43:08.361529+00:00
0,Testingenieur | Remote,linkedin,Design Engineer (Germany-based),BoWatt,Germany,Remote,Full-time,,,English,,,Recent,https://de.linkedin.com/jobs/view/design-engineer-germany-based-at-bowatt-4406059671,2026-04-30T11:43:10.752485+00:00
0,Testingenieur | Remote,linkedin,Testingenieur:in,Allegis Group,"Regensburg, Bavaria, Germany",Remote,Full-time,,,English,,,Recent,https://de.linkedin.com/jobs/view/testingenieur-in-at-allegis-group-4403479836,2026-04-30T11:43:10.752684+00:00
0,Testingenieur | Remote,linkedin,Mobile Device Management (iOS oder Android) (m/w/d),ZABEL,Hannover-Braunschweig-Göttingen-Wolfsburg Region,Remote,Full-time,,,English,,,Recent,https://de.linkedin.com/jobs/view/mobile-device-management-ios-oder-android-m-w-d-at-zabel-4401739584,2026-04-30T11:43:10.753500+00:00
0,Testingenieur | Slovakia,linkedin,Test Engineer,Magna International,"Kechnec, Kosice, Slovakia",On-site,Internship,,,English,,,Recent,https://sk.linkedin.com/jobs/view/test-engineer-at-magna-international-4394620575,2026-04-30T11:43:13.236752+00:00
0,Testingenieur | Slovakia,linkedin,Solution Design Engineer,Freshfields,"Bratislava, Slovakia",On-site,Full-time,,,English,,,Recent,https://sk.linkedin.com/jobs/view/solution-design-engineer-at-freshfields-4393519997,2026-04-30T11:43:13.236906+00:00
0,Testingenieur | Czech Republic,linkedin,安全工程师（沙特）,"TBEA Xi'an Electric Technology Co., Ltd.","アト・マジョール州, Hato Mayor, Dominican Republic",On-site,Full-time,,,English,,,Recent,https://do.linkedin.com/jobs/view/%E5%AE%89%E5%85%A8%E5%B7%A5%E7%A8%8B%E5%B8%88%EF%BC%88%E6%B2%99%E7%89%B9%EF%BC%89-at-tbea-xi-an-electric-technology-co-ltd-4404469477,2026-04-30T11:43:15.642352+00:00
0,Testingenieur | Poland,linkedin,Junior Test Engineer,GRYFTEC Embedded Systems Sp. z o.o.,"Szczecin, Zachodniopomorskie, Poland",On-site,Full-time,Embedded Systems,Junior,English,,,Recent,https://pl.linkedin.com/jobs/view/junior-test-engineer-at-gryftec-embedded-systems-sp-z-o-o-4404338934,2026-04-30T11:43:18.083812+00:00
0,Testingenieur | Poland,linkedin,Mechanical Designer / Test Engineer (f/m),Airbus Helicopters,"Łódź, Łódzkie, Poland",On-site,Full-time,,,English,,,Recent,https://pl.linkedin.com/jobs/view/mechanical-designer-test-engineer-f-m-at-airbus-helicopters-4378564274,2026-04-30T11:43:18.084131+00:00
0,Testingenieur | Poland,linkedin,Tester/ka oprogramowania (praca stacjonarna),Soflab Technology,"Warsaw, Mazowieckie, Poland",On-site,Full-time,,,English,,,Recent,https://pl.linkedin.com/jobs/view/tester-ka-oprogramowania-praca-stacjonarna-at-soflab-technology-4407858047,2026-04-30T11:43:18.084293+00:00
0,Testingenieur | Poland,linkedin,Tester Manulny Ferryt (M/K),Astek,Poland,On-site,Full-time,,,English,,,Recent,https://pl.linkedin.com/jobs/view/tester-manulny-ferryt-m-k-at-astek-4384487803,2026-04-30T11:43:18.084784+00:00
0,Testingenieur | Poland,linkedin,Software Test Enginer (m/f/d),Aras Corporation,"Cracow, Małopolskie, Poland",On-site,Full-time,,,English,,,Recent,https://pl.linkedin.com/jobs/view/software-test-enginer-m-f-d-at-aras-corporation-4407882335,2026-04-30T11:43:18.084938+00:00
0,Testingenieur | USA,linkedin,Software Engineer - InEight Control,InEight,"Omaha, NE",On-site,Full-time,,,English,,,Recent,https://www.linkedin.com/jobs/view/software-engineer-ineight-control-at-ineight-4407857242,2026-04-30T11:43:20.654817+00:00
0,Testingenieur | USA,linkedin,Software Engineer - InEight Control,InEight,"Phoenix, AZ",Remote,Contract,"C, Java, Javascript","Git, Kotlin, Azure, C#",English,,,Recent,https://www.linkedin.com/jobs/view/software-engineer-ineight-control-at-ineight-4407859239,2026-04-30T11:43:20.654977+00:00
0,Testingenieur | USA,linkedin,Chassis Engineer - Brake Development & Testing,SEGULA Technologies,"Auburn Hills, MI",On-site,Contract,,Assembly,English,,,Recent,https://www.linkedin.com/jobs/view/chassis-engineer-brake-development-testing-at-segula-technologies-4406094562,2026-04-30T11:43:20.655282+00:00
0,Testingenieur | USA,linkedin,Mechanical Engineer - Testing and Assembly,"TechSource, Inc","Los Alamos, NM",Hybrid,Contract,,Assembly,English,,,Recent,https://www.linkedin.com/jobs/view/mechanical-engineer-testing-and-assembly-at-techsource-inc-4408549299,2026-04-30T11:43:20.655459+00:00
0,Testingenieur | USA,linkedin,Quality Assurance Engineer (Manufacturing),PLP,"Mayfield, OH",On-site,Full-time,,,English,,,Recent,https://www.linkedin.com/jobs/view/quality-assurance-engineer-manufacturing-at-plp-4404437981,2026-04-30T11:43:20.655790+00:00
0,Testingenieur | USA,linkedin,Quality Assurance Engineer,LSI SOLUTIONS®,"Victor, NY",On-site,Full-time,,,English,,,Recent,https://www.linkedin.com/jobs/view/quality-assurance-engineer-at-lsi-solutions%C2%AE-4407053270,2026-04-30T11:43:20.655950+00:00
0,Testingenieur | USA,linkedin,Test Engineer I – Early Career (2026 Starts),Blue Origin,"Lancaster, CA",On-site,Full-time,,,English,,,Recent,https://www.linkedin.com/jobs/view/test-engineer-i-%E2%80%93-early-career-2026-starts-at-blue-origin-4353142610,2026-04-30T11:43:20.656110+00:00
0,Testingenieur | United Kingdom,linkedin,Vehicle Testing Engineer,Applus+ IDIADA,"Nuneaton, England, United Kingdom",On-site,Full-time,,,English,,,Recent,https://uk.linkedin.com/jobs/view/vehicle-testing-engineer-at-applus%2B-idiada-4399994009,2026-04-30T11:43:23.170893+00:00
0,Testingenieur | United Kingdom,linkedin,TEST ENGINEER – GLASGOW,AAC Clyde Space,"Glasgow, Scotland, United Kingdom",On-site,Full-time,,,English,,,Recent,https://uk.linkedin.com/jobs/view/test-engineer-%E2%80%93-glasgow-at-aac-clyde-space-4402472151,2026-04-30T11:43:23.171085+00:00
0,Testingenieur | United Kingdom,linkedin,Development Application Engineer,Infinitesima,"Sandford-On-Thames, England, United Kingdom",On-site,Full-time,,,English,,,Recent,https://uk.linkedin.com/jobs/view/development-application-engineer-at-infinitesima-4408769141,2026-04-30T11:43:23.171259+00:00
0,Testingenieur | United Kingdom,linkedin,Quality Assurance Engineer,Filtronic,"Sedgefield, England, United Kingdom",On-site,Full-time,,,English,,,Recent,https://uk.linkedin.com/jobs/view/quality-assurance-engineer-at-filtronic-4398538814,2026-04-30T11:43:23.171424+00:00
0,Testingenieur | United Kingdom,linkedin,Robot Programmer,Wynne Consulting,"West Midlands, England, United Kingdom",On-site,Full-time,,,English,,,Recent,https://uk.linkedin.com/jobs/view/robot-programmer-at-wynne-consulting-4408758583,2026-04-30T11:43:23.171921+00:00
0,Test Automation | Austria,linkedin,Head of Software Testing,Ketryx,"Vienna, Vienna, Austria",On-site,Full-time,,Head Of,English,,,Recent,https://at.linkedin.com/jobs/view/head-of-software-testing-at-ketryx-4386927581,2026-04-30T11:43:28.100883+00:00
0,Test Automation | Austria,linkedin,Production Test Automation Engineer (m/w/d),Vusion,"Fernitz, Styria, Austria",On-site,Full-time,Test Automation,,English,,,Recent,https://at.linkedin.com/jobs/view/production-test-automation-engineer-m-w-d-at-vusion-4405638520,2026-04-30T11:43:28.101198+00:00
0,Test Automation | Austria,linkedin,Quality Assurance Specialist - MyGroove,Red Bull,"Elsbethen, Salzburg, Austria",On-site,Full-time,,,English,,,Recent,https://at.linkedin.com/jobs/view/quality-assurance-specialist-mygroove-at-red-bull-4400277234,2026-04-30T11:43:28.101543+00:00
0,Test Automation | Switzerland,linkedin,Sr. Quality Engineer - Manufacturing,Hilo by Aktiia,"Neuchâtel, Switzerland",On-site,Full-time,,,English,,,Recent,https://ch.linkedin.com/jobs/view/sr-quality-engineer-manufacturing-at-hilo-by-aktiia-4399400271,2026-04-30T11:43:30.504243+00:00
0,Test Automation | Switzerland,linkedin,Test Analyst QA (Quality Assurance),Cheel SA,"Martigny, Valais, Switzerland",On-site,Full-time,,,English,,,Recent,https://ch.linkedin.com/jobs/view/test-analyst-qa-quality-assurance-at-cheel-sa-4408237354,2026-04-30T11:43:30.504782+00:00
0,Test Automation | Switzerland,linkedin,Quality Engineer (Fully Remote),GamblingCareers.com,"Fully, Valais, Switzerland",Remote,Full-time,,,English,,,Recent,https://ch.linkedin.com/jobs/view/quality-engineer-fully-remote-at-gamblingcareers-com-4403425314,2026-04-30T11:43:30.505574+00:00
0,Test Automation | Remote,linkedin,"Quality Assurance Analyst, Berlin",Air Apps,Berlin Metropolitan Area,Remote,Full-time,,,English,,,Recent,https://de.linkedin.com/jobs/view/quality-assurance-analyst-berlin-at-air-apps-4405229990,2026-04-30T11:43:32.986566+00:00
0,Test Automation | Remote,linkedin,QA Automation Engineer,Air Apps,Berlin Metropolitan Area,Remote,Full-time,,,English,,,Recent,https://de.linkedin.com/jobs/view/qa-automation-engineer-at-air-apps-4403567932,2026-04-30T11:43:32.986876+00:00
0,Test Automation | Slovakia,linkedin,Automation Tester,Ampstek,"Bratislava, Slovakia",On-site,Full-time,,,English,,,Recent,https://sk.linkedin.com/jobs/view/automation-tester-at-ampstek-4406976111,2026-04-30T11:43:35.414260+00:00
0,Test Automation | Czech Republic,linkedin,"Analyst, Software QA",DP World,"Santo Domingo Este, Santo Domingo, Dominican Republic",On-site,Full-time,,,English,,,Recent,https://do.linkedin.com/jobs/view/analyst-software-qa-at-dp-world-4405542753,2026-04-30T11:43:37.830237+00:00
0,Test Automation | Czech Republic,linkedin,Quality Assurance (QA) con experiencia,Tu Empleo RD,"Santo Domingo Este, Santo Domingo, Dominican Republic",On-site,Full-time,,,English,,,Recent,https://do.linkedin.com/jobs/view/quality-assurance-qa-con-experiencia-at-tu-empleo-rd-4403868094,2026-04-30T11:43:37.830621+00:00
0,Test Automation | Czech Republic,linkedin,QA Analyst,Newtech S.R.L,"Distrito Nacional, Dominican Republic",On-site,Full-time,,R,English,,,Recent,https://do.linkedin.com/jobs/view/qa-analyst-at-newtech-s-r-l-4403774605,2026-04-30T11:43:37.830782+00:00
0,Test Automation | Czech Republic,linkedin,Aprendiz de QA,Babel,"Santo Domingo, Distrito Nacional, Dominican Republic",On-site,Full-time,,,English,,,Recent,https://do.linkedin.com/jobs/view/aprendiz-de-qa-at-babel-4405923183,2026-04-30T11:43:37.831106+00:00
0,Test Automation | Czech Republic,linkedin,Analista SR de SQA,"Consorcio Dom, de Tarjetas (CardNET)","Santo Domingo, Distrito Nacional, Dominican Republic",On-site,Full-time,,,English,,,Recent,https://do.linkedin.com/jobs/view/analista-sr-de-sqa-at-consorcio-dom-de-tarjetas-cardnet-4398722373,2026-04-30T11:43:37.831756+00:00
0,Test Automation | Poland,linkedin,Sr Engineer - Software QA,Xperi Inc.,"Warsaw, Mazowieckie, Poland",On-site,Full-time,,,English,,,Recent,https://pl.linkedin.com/jobs/view/sr-engineer-software-qa-at-xperi-inc-4400751539,2026-04-30T11:43:40.309305+00:00
0,Test Automation | Poland,linkedin,"Quality Assurance Engineer - Katowice, Poland (F/M)",Astek,"Katowice, Śląskie, Poland",On-site,Full-time,,,English,,,Recent,https://pl.linkedin.com/jobs/view/quality-assurance-engineer-katowice-poland-f-m-at-astek-4399530990,2026-04-30T11:43:40.310123+00:00
0,Test Automation | USA,linkedin,Test Automation Engineer,Witbe,"San Francisco, CA",On-site,Full-time,Test Automation,,English,,,Recent,https://www.linkedin.com/jobs/view/test-automation-engineer-at-witbe-4402270619,2026-04-30T11:43:42.950696+00:00
0,Test Automation | USA,linkedin,QA Test Engineer (Automation),INSPYR Solutions,"Charlotte, NC",On-site,Full-time,,,English,,,Recent,https://www.linkedin.com/jobs/view/qa-test-engineer-automation-at-inspyr-solutions-4407830858,2026-04-30T11:43:42.950862+00:00
0,Test Automation | USA,linkedin,Test Automation Engineer,Witbe,"Denver, CO",On-site,Full-time,Test Automation,,English,,,Recent,https://www.linkedin.com/jobs/view/test-automation-engineer-at-witbe-4402261761,2026-04-30T11:43:42.951023+00:00
0,Test Automation | USA,linkedin,QA Automation Engineer,Four Hands,"Austin, TX",On-site,Full-time,,,English,,,Recent,https://www.linkedin.com/jobs/view/qa-automation-engineer-at-four-hands-4408597972,2026-04-30T11:43:42.951185+00:00
0,Test Automation | USA,linkedin,Quality Assurance Analyst (Manual) – 18-Month Contract (Remote),PolicyMe,"Ontario, CA",Remote,Contract,,,English,,,Recent,https://www.linkedin.com/jobs/view/quality-assurance-analyst-manual-%E2%80%93-18-month-contract-remote-at-policyme-4406800339,2026-04-30T11:43:42.951347+00:00
0,Test Automation | USA,linkedin,QA Automation Engineer,iLending,"Englewood, CO",On-site,Full-time,,,English,,,Recent,https://www.linkedin.com/jobs/view/qa-automation-engineer-at-ilending-4402327093,2026-04-30T11:43:42.951534+00:00
0,Test Automation | United Kingdom,linkedin,Test Automation Engineer,Person Centred Software Ltd,"Surrey, England, United Kingdom",On-site,Full-time,Test Automation,,English,,,Recent,https://uk.linkedin.com/jobs/view/test-automation-engineer-at-person-centred-software-ltd-4408247581,2026-04-30T11:43:45.411770+00:00
0,Test Automation | United Kingdom,linkedin,QA Automation Test Engineer,Kainos,United Kingdom,On-site,Full-time,,,English,,,Recent,https://uk.linkedin.com/jobs/view/qa-automation-test-engineer-at-kainos-4398468559,2026-04-30T11:43:45.412242+00:00
0,Test Automation | United Kingdom,linkedin,QA Automation - Bournemouth,Neev,"Bournemouth, England, United Kingdom",On-site,Full-time,,,English,,,Recent,https://uk.linkedin.com/jobs/view/qa-automation-bournemouth-at-neev-4402930334,2026-04-30T11:43:45.412396+00:00
0,Test Automation | United Kingdom,linkedin,Junior Quality Assurance Analyst,Crowe UK,"West Midlands, England, United Kingdom",On-site,Full-time,,Junior,English,,,Recent,https://uk.linkedin.com/jobs/view/junior-quality-assurance-analyst-at-crowe-uk-4392768413,2026-04-30T11:43:45.412720+00:00
0,Test Automation | United Kingdom,linkedin,Quality Assurance Analyst,Coforge,"Telford, England, United Kingdom",On-site,Full-time,,,English,,,Recent,https://uk.linkedin.com/jobs/view/quality-assurance-analyst-at-coforge-4403956427,2026-04-30T11:43:45.412873+00:00
0,Python Developer | Germany,linkedin,Python Developer,"Pyramid Consulting, Inc","Karlsruhe, Baden-Württemberg, Germany",On-site,Full-time,Python,,English,,,Recent,https://de.linkedin.com/jobs/view/python-developer-at-pyramid-consulting-inc-4407871801,2026-04-30T11:43:47.914697+00:00
0,Python Developer | Germany,linkedin,Python Developer Remote,Mercor,"Berlin, Berlin, Germany",Remote,Full-time,Python,,English,,,Recent,https://de.linkedin.com/jobs/view/python-developer-remote-at-mercor-4405247451,2026-04-30T11:43:47.914885+00:00
0,Python Developer | Germany,linkedin,Back End Developer,Digital Waffle,"Berlin, Germany",On-site,Full-time,,,English,,,Recent,https://de.linkedin.com/jobs/view/back-end-developer-at-digital-waffle-4406520845,2026-04-30T11:43:47.915049+00:00
0,Python Developer | Germany,linkedin,Software Engineer - Python,W3Global,"Munich, Bavaria, Germany",On-site,Full-time,Python,,English,,,Recent,https://de.linkedin.com/jobs/view/software-engineer-python-at-w3global-4405640369,2026-04-30T11:43:47.915209+00:00
0,Python Developer | Germany,linkedin,Python Software Engineer,Mercor,"Berlin, Berlin, Germany",On-site,Full-time,Python,,English,,,Recent,https://de.linkedin.com/jobs/view/python-software-engineer-at-mercor-4403969380,2026-04-30T11:43:47.915360+00:00
0,Python Developer | Germany,linkedin,Software Engineer (Python),Audatic,"Berlin, Germany",On-site,Full-time,Python,,English,,,Recent,https://de.linkedin.com/jobs/view/software-engineer-python-at-audatic-4401711774,2026-04-30T11:43:47.915693+00:00
0,Python Developer | Germany,linkedin,Python Developer (AWS) Europe,Xenon Seven,Germany,On-site,Full-time,Python,Aws,English,,,Recent,https://de.linkedin.com/jobs/view/python-developer-aws-europe-at-xenon-seven-4405800254,2026-04-30T11:43:47.915845+00:00
0,Python Developer | Germany,linkedin,Python Game Developer (Panda3D) - Remote,YO IT Consulting,Germany,Remote,Full-time,Python,,English,,,Recent,https://de.linkedin.com/jobs/view/python-game-developer-panda3d-remote-at-yo-it-consulting-4403353541,2026-04-30T11:43:47.915998+00:00
0,Python Developer | Germany,linkedin,Python Game Developer (Panda3D) - Remote,YO IT Consulting,"Berlin, Berlin, Germany",Remote,Full-time,Python,,English,,,Recent,https://de.linkedin.com/jobs/view/python-game-developer-panda3d-remote-at-yo-it-consulting-4403373143,2026-04-30T11:43:47.916151+00:00
0,Python Developer | Austria,linkedin,Python Backend Engineer (m/f/x) - AI Platform Enablement,Canva,"Innere Stadt, Vienna, Austria",On-site,Full-time,Python,,English,,,Recent,https://at.linkedin.com/jobs/view/python-backend-engineer-m-f-x-ai-platform-enablement-at-canva-4408023223,2026-04-30T11:43:50.375474+00:00
0,Python Developer | Austria,linkedin,Python Backend Engineer (m/f/x) - AI Platform Enablement,Canva,"Vienna, Vienna, Austria",On-site,Full-time,Python,,English,,,Recent,https://at.linkedin.com/jobs/view/python-backend-engineer-m-f-x-ai-platform-enablement-at-canva-4406537444,2026-04-30T11:43:50.375720+00:00
0,Python Developer | Austria,linkedin,Backend Software Engineer (m/f/x),REWE International AG,"Vienna, Vienna, Austria",On-site,Internship,,,English,,,Recent,https://at.linkedin.com/jobs/view/backend-software-engineer-m-f-x-at-rewe-international-ag-4407826503,2026-04-30T11:43:50.375889+00:00
0,Python Developer | Austria,linkedin,Python Game Developer (Panda3D) - Remote,YO IT Consulting,Austria,Remote,Full-time,Python,,English,,,Recent,https://at.linkedin.com/jobs/view/python-game-developer-panda3d-remote-at-yo-it-consulting-4403349593,2026-04-30T11:43:50.376050+00:00
0,Python Developer | Austria,linkedin,Python Developer (42335),CoolPeople,"Vienna, Vienna, Austria",On-site,Full-time,Python,,English,,,Recent,https://at.linkedin.com/jobs/view/python-developer-42335-at-coolpeople-4401092654,2026-04-30T11:43:50.376550+00:00
0,Python Developer | Austria,linkedin,Golang/Python Developer,marbl,"Vienna, Vienna, Austria",On-site,Full-time,Python,Golang,English,,,Recent,https://at.linkedin.com/jobs/view/golang-python-developer-at-marbl-4404657031,2026-04-30T11:43:50.376869+00:00
0,Python Developer | Austria,linkedin,Freelance Data Scraping Engineer (Python),Mindrift,Austria,On-site,Contract,Python,,English,,,Recent,https://at.linkedin.com/jobs/view/freelance-data-scraping-engineer-python-at-mindrift-4406168191,2026-04-30T11:43:50.377025+00:00
0,Python Developer | Switzerland,linkedin,Python Game Developer (Panda3D) - Remote,YO IT Consulting,Switzerland,Remote,Full-time,Python,,English,,,Recent,https://ch.linkedin.com/jobs/view/python-game-developer-panda3d-remote-at-yo-it-consulting-4403361444,2026-04-30T11:43:52.801099+00:00
0,Python Developer | Switzerland,linkedin,Python Engineer,Relewant,"Chiasso, Ticino, Switzerland",On-site,Full-time,Python,,English,,,Recent,https://ch.linkedin.com/jobs/view/python-engineer-at-relewant-4396308388,2026-04-30T11:43:52.801298+00:00
0,Python Developer | Switzerland,linkedin,Full Stack Engineer,Cowlabs,Switzerland,On-site,Full-time,,,English,,,Recent,https://ch.linkedin.com/jobs/view/full-stack-engineer-at-cowlabs-4405163911,2026-04-30T11:43:52.801659+00:00
0,Python Developer | Switzerland,linkedin,Python Developer – AI Knowledge,RM Group (Switzerland),"Zurich, Zurich, Switzerland",On-site,Full-time,Python,,English,,,Recent,https://ch.linkedin.com/jobs/view/python-developer-%E2%80%93-ai-knowledge-at-rm-group-switzerland-4404460123,2026-04-30T11:43:52.801983+00:00
0,Python Developer | Switzerland,linkedin,Python Software Engineer - Digital Assets,IMC Trading,"Zug, Zug, Switzerland",On-site,Full-time,Python,,English,,,Recent,https://ch.linkedin.com/jobs/view/python-software-engineer-digital-assets-at-imc-trading-4320553182,2026-04-30T11:43:52.802300+00:00
0,Python Developer | Switzerland,linkedin,Fullstack Developer (Python),Kraken,"Puidoux, Vaud, Switzerland",On-site,Full-time,Python,,English,,,Recent,https://ch.linkedin.com/jobs/view/fullstack-developer-python-at-kraken-4343959189,2026-04-30T11:43:52.802475+00:00
0,Python Developer | Switzerland,linkedin,Backend Engineer,Jobgether,Switzerland,On-site,Full-time,,,English,,,Recent,https://ch.linkedin.com/jobs/view/backend-engineer-at-jobgether-4406933500,2026-04-30T11:43:52.802631+00:00
0,Python Developer | Remote,linkedin,Python Game Developer (Panda3D) - Remote,YO IT Consulting,"Munich, Bavaria, Germany",Remote,Full-time,Python,,English,,,Recent,https://de.linkedin.com/jobs/view/python-game-developer-panda3d-remote-at-yo-it-consulting-4403374152,2026-04-30T11:43:55.254280+00:00
0,Python Developer | Remote,linkedin,Freelance Data Science Engineer (Python & SQL),Mindrift,"Berlin, Berlin, Germany",Remote,Contract,Python,"Data Science, Sql",English,,,Recent,https://de.linkedin.com/jobs/view/freelance-data-science-engineer-python-sql-at-mindrift-4406868482,2026-04-30T11:43:55.254453+00:00
0,Python Developer | Remote,linkedin,Freelance Data Science Engineer (Python & SQL),Mindrift,"Hamburg, Hamburg, Germany",Remote,Contract,Python,"Data Science, Sql",English,,,Recent,https://de.linkedin.com/jobs/view/freelance-data-science-engineer-python-sql-at-mindrift-4406872476,2026-04-30T11:43:55.254780+00:00
0,Python Developer | Slovakia,linkedin,Python Software Developer,Nokia,"Bratislava, Bratislava, Slovakia",On-site,Full-time,Python,,English,,,Recent,https://sk.linkedin.com/jobs/view/python-software-developer-at-nokia-4289894545,2026-04-30T11:43:57.674245+00:00
0,Python Developer | Slovakia,linkedin,Python Developer,GoReel,Slovakia,On-site,Full-time,Python,,English,,,Recent,https://sk.linkedin.com/jobs/view/python-developer-at-goreel-4400567031,2026-04-30T11:43:57.674457+00:00
0,Python Developer | Slovakia,linkedin,Python Software Engineer,ESET,"Bratislava, Bratislava, Slovakia",On-site,Full-time,Python,,English,,,Recent,https://sk.linkedin.com/jobs/view/python-software-engineer-at-eset-4292497215,2026-04-30T11:43:57.674629+00:00
0,Python Developer | Slovakia,linkedin,Python Software Engineer,ESET,"Bratislava, Bratislava, Slovakia",On-site,Full-time,Python,,English,,,Recent,https://sk.linkedin.com/jobs/view/python-software-engineer-at-eset-4385085021,2026-04-30T11:43:57.674791+00:00
0,Python Developer | Slovakia,linkedin,"AI Engineer – Python, GenAI & Machine Learning (m/f)",PwC Slovakia,"Bratislava, Bratislava, Slovakia",On-site,Full-time,Python,Machine Learning,English,,,Recent,https://sk.linkedin.com/jobs/view/ai-engineer-%E2%80%93-python-genai-machine-learning-m-f-at-pwc-slovakia-4328270572,2026-04-30T11:43:57.674944+00:00
0,Python Developer | Slovakia,linkedin,Full Stack Developer,Global Blue,"Bratislava, Slovakia",On-site,Full-time,,,English,,,Recent,https://sk.linkedin.com/jobs/view/full-stack-developer-at-global-blue-4405534460,2026-04-30T11:43:57.675106+00:00
0,Python Developer | Slovakia,linkedin,Junior Full-Stack Developer,Swiss Re,"Bratislava, Bratislava, Slovakia",On-site,Full-time,,Junior,English,,,Recent,https://sk.linkedin.com/jobs/view/junior-full-stack-developer-at-swiss-re-4388924020,2026-04-30T11:43:57.675260+00:00
0,Python Developer | Slovakia,linkedin,Full-Stack Developer - Python & JavaScript (m/f),PwC Slovakia,"Bratislava, Bratislava, Slovakia",On-site,Full-time,"Javascript, Python",,English,,,Recent,https://sk.linkedin.com/jobs/view/full-stack-developer-python-javascript-m-f-at-pwc-slovakia-4323297439,2026-04-30T11:43:57.675413+00:00
0,Python Developer | Slovakia,linkedin,"AI Engineer – Python, GenAI & Machine Learning (m/f)",PwC Slovakia,"Košice, Kosice, Slovakia",On-site,Full-time,Python,Machine Learning,English,,,Recent,https://sk.linkedin.com/jobs/view/ai-engineer-%E2%80%93-python-genai-machine-learning-m-f-at-pwc-slovakia-4328290382,2026-04-30T11:43:57.675588+00:00
0,Python Developer | Czech Republic,linkedin,Backend Python Developer (APIs & Integrations),Segadty,Dominican Republic,On-site,Full-time,Python,,English,,,Recent,https://do.linkedin.com/jobs/view/backend-python-developer-apis-integrations-at-segadty-4402614381,2026-04-30T11:44:00.064704+00:00
0,Python Developer | Czech Republic,linkedin,Backend Python Developer (APIs & Integrations),Segadty,Dominican Republic,On-site,Full-time,Python,,English,,,Recent,https://do.linkedin.com/jobs/view/backend-python-developer-apis-integrations-at-segadty-4403856339,2026-04-30T11:44:00.064871+00:00
0,Python Developer | Czech Republic,linkedin,Backend Python Developer (APIs & Integrations),Segadty,Dominican Republic,On-site,Full-time,Python,,English,,,Recent,https://do.linkedin.com/jobs/view/backend-python-developer-apis-integrations-at-segadty-4403854383,2026-04-30T11:44:00.065031+00:00
0,Python Developer | Czech Republic,linkedin,DESARROLLADOR BACK-END (QIK),Banco Popular Dominicano,"Santo Domingo, Distrito Nacional, Dominican Republic",On-site,Full-time,,,English,,,Recent,https://do.linkedin.com/jobs/view/desarrollador-back-end-qik-at-banco-popular-dominicano-4406903618,2026-04-30T11:44:00.065187+00:00
0,Python Developer | Czech Republic,linkedin,Python Developer - Remote Work,BairesDev,Dominican Republic,Remote,Full-time,Python,,English,,,Recent,https://do.linkedin.com/jobs/view/python-developer-remote-work-at-bairesdev-4407041334,2026-04-30T11:44:00.065347+00:00
0,Python Developer | Czech Republic,linkedin,Full Stack Developer (Python),Perform,"Santo Domingo, Distrito Nacional, Dominican Republic",On-site,Full-time,Python,,English,,,Recent,https://do.linkedin.com/jobs/view/full-stack-developer-python-at-perform-4395465283,2026-04-30T11:44:00.065530+00:00
0,Python Developer | Czech Republic,linkedin,Full Stack Developer (Python),Perform,Dominican Republic,On-site,Full-time,Python,,English,,,Recent,https://do.linkedin.com/jobs/view/full-stack-developer-python-at-perform-4398298505,2026-04-30T11:44:00.065694+00:00
0,Python Developer | Czech Republic,linkedin,AI Engineer (Python) - Remote Work,BairesDev,Dominican Republic,Remote,Full-time,Python,,English,,,Recent,https://do.linkedin.com/jobs/view/ai-engineer-python-remote-work-at-bairesdev-4406904357,2026-04-30T11:44:00.065851+00:00
0,Python Developer | Czech Republic,linkedin,Data Engineer (Python) - Remote Work,BairesDev,Dominican Republic,Remote,Full-time,Python,,English,,,Recent,https://do.linkedin.com/jobs/view/data-engineer-python-remote-work-at-bairesdev-4406994288,2026-04-30T11:44:00.066008+00:00
0,Python Developer | Poland,linkedin,Software Engineer (Python),Cisco,"Cracow, Małopolskie, Poland",On-site,Full-time,Python,,English,,,Recent,https://pl.linkedin.com/jobs/view/software-engineer-python-at-cisco-4407831137,2026-04-30T11:44:02.524879+00:00
0,Python Developer | Poland,linkedin,Software Engineer (Python) - AI Platform,Revolut,Poland,On-site,Full-time,Python,,English,,,Recent,https://pl.linkedin.com/jobs/view/software-engineer-python-ai-platform-at-revolut-4250500721,2026-04-30T11:44:02.525078+00:00
0,Python Developer | Poland,linkedin,Python Developer,Belvedere Recruitment,"Cracow, Małopolskie, Poland",On-site,Full-time,Python,,English,,,Recent,https://pl.linkedin.com/jobs/view/python-developer-at-belvedere-recruitment-4402934358,2026-04-30T11:44:02.525241+00:00
0,Python Developer | Poland,linkedin,Python Developer,IT Factory,"Warsaw, Mazowieckie, Poland",On-site,Full-time,Python,,English,,,Recent,https://pl.linkedin.com/jobs/view/python-developer-at-it-factory-4407859016,2026-04-30T11:44:02.525405+00:00
0,Python Developer | Poland,linkedin,Python Developer,Hays,Poland,On-site,Full-time,Python,,English,,,Recent,https://pl.linkedin.com/jobs/view/python-developer-at-hays-4405549457,2026-04-30T11:44:02.525590+00:00
0,Python Developer | Poland,linkedin,Full Stack Software Engineer,Samba TV,"Warsaw, Mazowieckie, Poland",On-site,Full-time,,,English,,,Recent,https://pl.linkedin.com/jobs/view/full-stack-software-engineer-at-samba-tv-4389975943,2026-04-30T11:44:02.525751+00:00
0,Python Developer | Poland,linkedin,"Software Engineer (Python) - Relocation to Poland, Spain, or UAE",Revolut,Poland,On-site,Full-time,Python,,English,,,Recent,https://pl.linkedin.com/jobs/view/software-engineer-python-relocation-to-poland-spain-or-uae-at-revolut-4372826534,2026-04-30T11:44:02.525907+00:00
0,Python Developer | Poland,linkedin,Python Developer,AppTailors,Poland,On-site,Full-time,Python,,English,,,Recent,https://pl.linkedin.com/jobs/view/python-developer-at-apptailors-4402807399,2026-04-30T11:44:02.526070+00:00
0,Python Developer | Poland,linkedin,"Python Engineer, Data Platform",Balyasny Asset Management L.P.,"Warsaw, Mazowieckie, Poland",On-site,Full-time,Python,,English,,,Recent,https://pl.linkedin.com/jobs/view/python-engineer-data-platform-at-balyasny-asset-management-l-p-4388907318,2026-04-30T11:44:02.526224+00:00
0,Python Developer | Poland,linkedin,Software Engineer (4/5) — Developer Platform,Netflix,"Warsaw, Mazowieckie, Poland",On-site,Full-time,,,English,,,Recent,https://pl.linkedin.com/jobs/view/software-engineer-4-5-%E2%80%94-developer-platform-at-netflix-4193468200,2026-04-30T11:44:02.526378+00:00
0,Python Developer | USA,linkedin,Backend Engineer Intern,Tinder,"Los Angeles, CA",On-site,Internship,,Intern,English,,,Recent,https://www.linkedin.com/jobs/view/backend-engineer-intern-at-tinder-4324000392,2026-04-30T11:44:05.028913+00:00
0,Python Developer | USA,linkedin,Backend Engineer Intern,Tinder,"Palo Alto, CA",On-site,Internship,,Intern,English,,,Recent,https://www.linkedin.com/jobs/view/backend-engineer-intern-at-tinder-4323730907,2026-04-30T11:44:05.029103+00:00
0,Python Developer | USA,linkedin,Junior Full Stack Developer,Meyer Distributing,"Indianapolis, IN",On-site,Full-time,,Junior,English,,,Recent,https://www.linkedin.com/jobs/view/junior-full-stack-developer-at-meyer-distributing-4408031590,2026-04-30T11:44:05.029264+00:00
0,Python Developer | USA,linkedin,Python Developer,LTIMindtree,"Charlotte, NC",On-site,Full-time,Python,,English,,,Recent,https://www.linkedin.com/jobs/view/python-developer-at-ltimindtree-4402169169,2026-04-30T11:44:05.029422+00:00
0,Python Developer | USA,linkedin,Developer - Python,RSC Solutions,"Charlotte, NC",On-site,Full-time,Python,,English,,,Recent,https://www.linkedin.com/jobs/view/developer-python-at-rsc-solutions-4406569086,2026-04-30T11:44:05.029607+00:00
0,Python Developer | USA,linkedin,Python - Basic,PTR Global,"Wilmington, DE",On-site,Full-time,Python,,English,,,Recent,https://www.linkedin.com/jobs/view/python-basic-at-ptr-global-4407868682,2026-04-30T11:44:05.029763+00:00
0,Python Developer | United Kingdom,linkedin,Software Engineer (Python) - AI Platform,Revolut,United Kingdom,On-site,Full-time,Python,,English,,,Recent,https://uk.linkedin.com/jobs/view/software-engineer-python-ai-platform-at-revolut-4250197984,2026-04-30T11:44:07.593779+00:00
0,Python Developer | United Kingdom,linkedin,"Python Software Engineer – Up to £150,000 + Bonus & Benefits – London",Hunter Bond,"London Area, United Kingdom",On-site,Full-time,Python,"Spark, Sql, Microservices",English,,,Recent,https://uk.linkedin.com/jobs/view/python-software-engineer-%E2%80%93-up-to-%C2%A3150-000-%2B-bonus-benefits-%E2%80%93-london-at-hunter-bond-4405131784,2026-04-30T11:44:07.593977+00:00
0,Python Developer | United Kingdom,linkedin,"AI Engineer - Python , LLMs",Infused Solutions,"Sheffield, England, United Kingdom",On-site,Full-time,Python,,English,,,Recent,https://uk.linkedin.com/jobs/view/ai-engineer-python-llms-at-infused-solutions-4405564138,2026-04-30T11:44:07.594157+00:00
0,Python Developer | United Kingdom,linkedin,Python Software Engineer,Prima,"London, England, United Kingdom",On-site,Full-time,Python,,English,,,Recent,https://uk.linkedin.com/jobs/view/python-software-engineer-at-prima-4149696449,2026-04-30T11:44:07.594317+00:00
0,Python Developer | United Kingdom,linkedin,Junior Python Developer,RSM UK,"Greater London, England, United Kingdom",On-site,Full-time,Python,Junior,English,,,Recent,https://uk.linkedin.com/jobs/view/junior-python-developer-at-rsm-uk-4405388721,2026-04-30T11:44:07.594501+00:00
0,Python Developer | United Kingdom,linkedin,Python Developer,Sanderson,United Kingdom,On-site,Full-time,Python,,English,,,Recent,https://uk.linkedin.com/jobs/view/python-developer-at-sanderson-4407865584,2026-04-30T11:44:07.594662+00:00
0,Python Developer | United Kingdom,linkedin,"Software Developer, Web",Slice,"North Boarhunt, England, United Kingdom",On-site,Full-time,,,English,,,Recent,https://uk.linkedin.com/jobs/view/software-developer-web-at-slice-4407870093,2026-04-30T11:44:07.594814+00:00
0,Python Test | Germany,linkedin,Quality Assurance Quality Control Engineer,Edison Smart®,"Frankfurt, Hesse, Germany",On-site,Full-time,,,English,,,Recent,https://de.linkedin.com/jobs/view/quality-assurance-quality-control-engineer-at-edison-smart%C2%AE-4399251272,2026-04-30T11:44:10.046569+00:00
0,Python Test | Germany,linkedin,Software Quality Engineer,Safety io,"Berlin, Germany",On-site,Full-time,,,English,,,Recent,https://de.linkedin.com/jobs/view/software-quality-engineer-at-safety-io-4378105353,2026-04-30T11:44:10.047373+00:00
0,Python Test | Austria,linkedin,Softwaretester (d/w/m),hello again,"Leonding, Upper Austria, Austria",Remote,Internship,"Javascript, Python, Selenium, Test Automation","Agile, Bdd, R, Kanban, React, Appium, Scrum",German,,,Recent,https://at.linkedin.com/jobs/view/softwaretester-d-w-m-at-hello-again-4396649547,2026-04-30T11:44:12.465067+00:00
0,Python Test | Austria,linkedin,Quality Engineer,Trayport,"Vienna, Vienna, Austria",On-site,Full-time,,,English,,,Recent,https://at.linkedin.com/jobs/view/quality-engineer-at-trayport-4399977766,2026-04-30T11:44:12.465385+00:00
0,Python Test | Remote,linkedin,Software Testing Analyst,Alignerr,Germany,Remote,Full-time,,,English,,,Recent,https://de.linkedin.com/jobs/view/software-testing-analyst-at-alignerr-4408593833,2026-04-30T11:44:17.359113+00:00
0,Python Test | Czech Republic,linkedin,"Eng I, Software Quality, APM, Temporary",BD Nogales Norte,"Distrito Nacional, Dominican Republic",On-site,Full-time,,,English,,,Recent,https://do.linkedin.com/jobs/view/eng-i-software-quality-apm-temporary-at-bd-nogales-norte-4398963944,2026-04-30T11:44:22.245092+00:00
0,Python Test | Czech Republic,linkedin,"Eng I, Software Quality, APM, Temporary",BD Nogales Norte,"Distrito Nacional, Dominican Republic",On-site,Full-time,,,English,,,Recent,https://do.linkedin.com/jobs/view/eng-i-software-quality-apm-temporary-at-bd-nogales-norte-4398973701,2026-04-30T11:44:22.245254+00:00
0,Python Test | Czech Republic,linkedin,Data Quality Engineer - Remote Work,BairesDev,Dominican Republic,Remote,Full-time,,,English,,,Recent,https://do.linkedin.com/jobs/view/data-quality-engineer-remote-work-at-bairesdev-4407000265,2026-04-30T11:44:22.245412+00:00
0,Python Test | Czech Republic,linkedin,Trainee in Application Lab,STMicroelectronics,"Batey 8, Independencia Province, Dominican Republic",On-site,Full-time,,Trainee,English,,,Recent,https://do.linkedin.com/jobs/view/trainee-in-application-lab-at-stmicroelectronics-4377848452,2026-04-30T11:44:22.245756+00:00
0,Python Test | Czech Republic,linkedin,AI Product Engineer,"Media Revolution, SRL","Santo Domingo, Dominican Republic",On-site,Full-time,,,English,,,Recent,https://do.linkedin.com/jobs/view/ai-product-engineer-at-media-revolution-srl-4400640190,2026-04-30T11:44:22.245916+00:00
0,Python Test | USA,linkedin,QA Automation Engineer/Remote,Apetan Consulting LLC,United States,Remote,Full-time,,,English,,,Recent,https://www.linkedin.com/jobs/view/qa-automation-engineer-remote-at-apetan-consulting-llc-4408520486,2026-04-30T11:44:27.323995+00:00
0,Python Test | USA,linkedin,QA Test Engineer (Automation),CRG,"Charlotte, NC",On-site,Full-time,,,English,,,Recent,https://www.linkedin.com/jobs/view/qa-test-engineer-automation-at-crg-4406221907,2026-04-30T11:44:27.324155+00:00
0,Python Test | USA,linkedin,Software Quality Engineer,TriCom Technical Services,"Topeka, KS",On-site,Full-time,,,English,,,Recent,https://www.linkedin.com/jobs/view/software-quality-engineer-at-tricom-technical-services-4406905357,2026-04-30T11:44:27.324318+00:00
0,Python Test | USA,linkedin,QA Analyst,Silencer Central,"Sioux Falls, SD",On-site,Full-time,,,English,,,Recent,https://www.linkedin.com/jobs/view/qa-analyst-at-silencer-central-4408554142,2026-04-30T11:44:27.324500+00:00
0,Python Test | USA,linkedin,Quality Assurance Automation Engineer,Atos,"Charlotte, NC",On-site,Full-time,,,English,,,Recent,https://www.linkedin.com/jobs/view/quality-assurance-automation-engineer-at-atos-4406004143,2026-04-30T11:44:27.324659+00:00
0,Python Test | USA,linkedin,QA Test Engineer,Lumafield,"San Francisco, CA",On-site,Full-time,,,English,,,Recent,https://www.linkedin.com/jobs/view/qa-test-engineer-at-lumafield-4374308517,2026-04-30T11:44:27.324965+00:00
0,Python Test | United Kingdom,linkedin,Software QA Analyst,MoneyPlus,"Manchester Area, United Kingdom",On-site,Contract,"Can, Test Automation","Mysql, Agile, Microservices, Head Of",English,,,Recent,https://uk.linkedin.com/jobs/view/software-qa-analyst-at-moneyplus-4405533003,2026-04-30T11:44:29.858166+00:00
0,Python Test | United Kingdom,linkedin,Quality Assurance Analyst,DP World,"Southampton, England, United Kingdom",On-site,Full-time,,,English,,,Recent,https://uk.linkedin.com/jobs/view/quality-assurance-analyst-at-dp-world-4400833530,2026-04-30T11:44:29.858672+00:00
0,Python Test | United Kingdom,linkedin,Software Quality Engineer,Helic & Co.,United Kingdom,On-site,Full-time,,,English,,,Recent,https://uk.linkedin.com/jobs/view/software-quality-engineer-at-helic-co-4408275005,2026-04-30T11:44:29.858824+00:00
0,Python Test | United Kingdom,linkedin,Quality Assurance Automation Engineer,Neev,"Bournemouth, England, United Kingdom",On-site,Full-time,,,English,,,Recent,https://uk.linkedin.com/jobs/view/quality-assurance-automation-engineer-at-neev-4408507045,2026-04-30T11:44:29.859135+00:00
0,Firmware Engineer | Germany,linkedin,Software Engineer for Rail IoT Devices  (Passenger Information Systems),Wabtec Corporation,"Munich, Bavaria, Germany",On-site,Full-time,,,English,,,Recent,https://de.linkedin.com/jobs/view/software-engineer-for-rail-iot-devices-passenger-information-systems-at-wabtec-corporation-4406455330,2026-04-30T11:44:32.296101+00:00
0,Firmware Engineer | Germany,linkedin,Embedded Software / Firmware Engineer,SE3 Labs,"Erding, Bavaria, Germany",On-site,Full-time,Firmware,,English,,,Recent,https://de.linkedin.com/jobs/view/embedded-software-firmware-engineer-at-se3-labs-4403104381,2026-04-30T11:44:32.296294+00:00
0,Firmware Engineer | Germany,linkedin,"Embedded Software Engineer
Software, Engineering, Manufacture",Sonardyne Inc.,"Hamburg, Hamburg, Germany",On-site,Full-time,,,English,,,Recent,https://de.linkedin.com/jobs/view/embedded-software-engineer%0Asoftware-engineering-manufacture-at-sonardyne-inc-4408522235,2026-04-30T11:44:32.296652+00:00
0,Firmware Engineer | Germany,linkedin,Embedded Software-Entwickler (m/w/d),KISTERS Group,"Aachen, North Rhine-Westphalia, Germany",On-site,Full-time,,,English,,,Recent,https://de.linkedin.com/jobs/view/embedded-software-entwickler-m-w-d-at-kisters-group-4395363633,2026-04-30T11:44:32.296813+00:00
0,Firmware Engineer | Germany,linkedin,Embedded Firmware Developer (Agri-Tech / Sensor Systems) (m/f/d),stenon,"Potsdam, Brandenburg, Germany",On-site,Full-time,Firmware,,English,,,Recent,https://de.linkedin.com/jobs/view/embedded-firmware-developer-agri-tech-sensor-systems-m-f-d-at-stenon-4406545307,2026-04-30T11:44:32.296964+00:00
0,Firmware Engineer | Germany,linkedin,Embedded Software Ingenieur (w/m/d),XTENDED ENGINEERING GMBH,"Munich, Bavaria, Germany",On-site,Full-time,,,English,,,Recent,https://de.linkedin.com/jobs/view/embedded-software-ingenieur-w-m-d-at-xtended-engineering-gmbh-4403442433,2026-04-30T11:44:32.297117+00:00
0,Firmware Engineer | Germany,linkedin,Embedded Software Engineer (m/w/d),NOVUS,"Brunswick, Lower Saxony, Germany",On-site,Full-time,,,English,,,Recent,https://de.linkedin.com/jobs/view/embedded-software-engineer-m-w-d-at-novus-4404164166,2026-04-30T11:44:32.297267+00:00
0,Firmware Engineer | Germany,linkedin,Java Software Engineer,1GLOBAL,"Berlin, Berlin, Germany",On-site,Full-time,Java,,English,,,Recent,https://de.linkedin.com/jobs/view/java-software-engineer-at-1global-4406550321,2026-04-30T11:44:32.297414+00:00
0,Firmware Engineer | Austria,linkedin,Embedded Software Developer (m/w/d),efinio IT & Engineering,"Upper Austria, Austria",Remote,Full-time,"Arm, C, C++, Can, Driver Development, I2C, Microcontroller, Rtos, Spi, Uart","Stm32, Freertos, R, Associate, Esp32",German,,,Recent,https://at.linkedin.com/jobs/view/embedded-software-developer-m-w-d-at-efinio-it-engineering-4403395676,2026-04-30T11:44:34.694479+00:00
0,Firmware Engineer | Austria,linkedin,Embedded Software Engineer (full-time)  (f/m/d),TriLite Technologies,"Vienna, Vienna, Austria",On-site,Full-time,,,English,,,Recent,https://at.linkedin.com/jobs/view/embedded-software-engineer-full-time-f-m-d-at-trilite-technologies-4400827822,2026-04-30T11:44:34.694671+00:00
0,Firmware Engineer | Austria,linkedin,"Software Engineer, C++ (CV)",Snap Inc.,"Vienna, Austria",On-site,Full-time,"C, C++",,English,,,Recent,https://at.linkedin.com/jobs/view/software-engineer-c%2B%2B-cv-at-snap-inc-4399146787,2026-04-30T11:44:34.694837+00:00
0,Firmware Engineer | Austria,linkedin,Embedded Software Entwickler (w/m/d),Knorr-Bremse AG,"Mödling, Lower Austria, Austria",On-site,Full-time,,,English,,,Recent,https://at.linkedin.com/jobs/view/embedded-software-entwickler-w-m-d-at-knorr-bremse-ag-4395938202,2026-04-30T11:44:34.695647+00:00
0,Firmware Engineer | Switzerland,linkedin,Embedded Software Engineer – e-Bike Systems,Specialized Bicycle Components,"Cham, Zug, Switzerland",On-site,Full-time,,,English,,,Recent,https://ch.linkedin.com/jobs/view/embedded-software-engineer-%E2%80%93-e-bike-systems-at-specialized-bicycle-components-4249261377,2026-04-30T11:44:37.104808+00:00
0,Firmware Engineer | Switzerland,linkedin,Embedded Software Engineer (80%-100%) - Zurich,Code Compass 🧭,Zürich Metropolitan Area,Remote,Full-time,,,English,,,Recent,https://ch.linkedin.com/jobs/view/embedded-software-engineer-80%25-100%25-zurich-at-code-compass-%F0%9F%A7%AD-4403711687,2026-04-30T11:44:37.105009+00:00
0,Firmware Engineer | Switzerland,linkedin,Embedded Systems Engineer (EP-LCB-2026-89-GRAE),CERN,"Geneva, Geneva, Switzerland",On-site,Full-time,Embedded Systems,,English,,,Recent,https://ch.linkedin.com/jobs/view/embedded-systems-engineer-ep-lcb-2026-89-grae-at-cern-4400843499,2026-04-30T11:44:37.105188+00:00
0,Firmware Engineer | Switzerland,linkedin,Software Engineer,Chipmind,"Zurich, Switzerland",On-site,Full-time,,,English,,,Recent,https://ch.linkedin.com/jobs/view/software-engineer-at-chipmind-4401783291,2026-04-30T11:44:37.105349+00:00
0,Firmware Engineer | Switzerland,linkedin,Software Engineer,Etanox AG,"Root, Lucerne, Switzerland",On-site,Full-time,,,English,,,Recent,https://ch.linkedin.com/jobs/view/software-engineer-at-etanox-ag-4407415434,2026-04-30T11:44:37.105533+00:00
0,Firmware Engineer | Switzerland,linkedin,Firmware Engineer,EPM Scientific,"Zurich, Zurich, Switzerland",On-site,Full-time,Firmware,,English,,,Recent,https://ch.linkedin.com/jobs/view/firmware-engineer-at-epm-scientific-4395294598,2026-04-30T11:44:37.105701+00:00
0,Firmware Engineer | Switzerland,linkedin,Software Engineer C++,Code Compass 🧭,Zürich Metropolitan Area,On-site,Full-time,"C, C++",,English,,,Recent,https://ch.linkedin.com/jobs/view/software-engineer-c%2B%2B-at-code-compass-%F0%9F%A7%AD-4403703800,2026-04-30T11:44:37.105856+00:00
0,Firmware Engineer | Switzerland,linkedin,Firmware Embedded Engine,Delvitech SA,"Mendrisio, Ticino, Switzerland",On-site,Full-time,Firmware,,English,,,Recent,https://ch.linkedin.com/jobs/view/firmware-embedded-engine-at-delvitech-sa-4401960528,2026-04-30T11:44:37.106017+00:00
0,Firmware Engineer | Remote,linkedin,Software Engineer,Mercor,"Berlin, Berlin, Germany",Remote,Full-time,,,English,,,Recent,https://de.linkedin.com/jobs/view/software-engineer-at-mercor-4406555206,2026-04-30T11:44:39.518785+00:00
0,Firmware Engineer | Remote,linkedin,Embedded Firmware Engineer (5-months limited contract),Bragi,Germany,Remote,Contract,Firmware,,English,,,Recent,https://de.linkedin.com/jobs/view/embedded-firmware-engineer-5-months-limited-contract-at-bragi-4398615324,2026-04-30T11:44:39.518943+00:00
0,Firmware Engineer | Remote,linkedin,Software Engineer - Mobile *remote* (m/f/d),Pliant,"Berlin, Berlin, Germany",Remote,Full-time,,,English,,,Recent,https://de.linkedin.com/jobs/view/software-engineer-mobile-remote-m-f-d-at-pliant-4407877063,2026-04-30T11:44:39.519111+00:00
0,Firmware Engineer | Remote,linkedin,Embedded Softwareentwickler (m/w/d),ICT Digital Solutions GmbH,Germany,Remote,Full-time,,,English,,,Recent,https://de.linkedin.com/jobs/view/embedded-softwareentwickler-m-w-d-at-ict-digital-solutions-gmbh-4399566405,2026-04-30T11:44:39.519265+00:00
0,Firmware Engineer | Remote,linkedin,Embedded Engineer,5V Tech,"Munich, Bavaria, Germany",Remote,Full-time,,,English,,,Recent,https://de.linkedin.com/jobs/view/embedded-engineer-at-5v-tech-4403623390,2026-04-30T11:44:39.519422+00:00
0,Firmware Engineer | Remote,linkedin,Software Engineer,Haystack,Germany,On-site,Internship,"Ci/Cd, Java, Javascript, Typescript","Spring Boot, Nosql, Postgresql, Agile, Machine Learning, Microservices, Devops, Aws, React",English,,,Recent,https://de.linkedin.com/jobs/view/software-engineer-at-haystack-4405551223,2026-04-30T11:44:39.519607+00:00
0,Firmware Engineer | Remote,linkedin,Software Engineer,Haystack,Germany,On-site,Full-time,"Ci/Cd, Java, Javascript, Typescript","Spring Boot, Postgresql, Agile, Machine Learning, Microservices, Devops, Aws, React",English,,,Recent,https://de.linkedin.com/jobs/view/software-engineer-at-haystack-4406521679,2026-04-30T11:44:39.519924+00:00
0,Firmware Engineer | Slovakia,linkedin,Java / Kotlin Software Engineer,Avenga,"Bratislava, Slovakia",On-site,Full-time,Java,Kotlin,English,,,Recent,https://sk.linkedin.com/jobs/view/java-kotlin-software-engineer-at-avenga-4395981584,2026-04-30T11:44:41.911011+00:00
0,Firmware Engineer | Slovakia,linkedin,Software Engineer,Iron Mountain,Slovakia,On-site,Full-time,,,English,,,Recent,https://sk.linkedin.com/jobs/view/software-engineer-at-iron-mountain-4401931748,2026-04-30T11:44:41.911551+00:00
0,Firmware Engineer | Slovakia,linkedin,Software Engineer - Automation,Paymentology,"Bratislava, Bratislava, Slovakia",On-site,Internship,"Bash, Can, Ci/Cd, Java, Javascript, Langchain, Python","Git, Grafana, Django, Gcp, Azure, Terraform, Express, Node.Js, Serverless, Spring Boot",English,,,Recent,https://sk.linkedin.com/jobs/view/software-engineer-automation-at-paymentology-4400575870,2026-04-30T11:44:41.911719+00:00
0,Firmware Engineer | Slovakia,linkedin,Software Engineer,Cisco,"Bratislava, Bratislava, Slovakia",Hybrid,Full-time,"C, C++, Cursor, Java, Javascript, Python","Git, Mysql, Postgresql, Microservices, Devops, Node.Js",English,,,Recent,https://sk.linkedin.com/jobs/view/software-engineer-at-cisco-4405446409,2026-04-30T11:44:41.911875+00:00
0,Firmware Engineer | Slovakia,linkedin,Software Engineer,Cisco,"Bratislava, Bratislava, Slovakia",Hybrid,Full-time,"C, C++, Cursor, Java, Javascript, Python","Git, Mysql, Postgresql, Microservices, Devops, Node.Js",English,,,Recent,https://sk.linkedin.com/jobs/view/software-engineer-at-cisco-4404068867,2026-04-30T11:44:41.912030+00:00
0,Firmware Engineer | Slovakia,linkedin,Founding Software Engineer,MediSearch,"Bratislava, Bratislava, Slovakia",Remote,Full-time,Python,React,English,,,Recent,https://sk.linkedin.com/jobs/view/founding-software-engineer-at-medisearch-4397355826,2026-04-30T11:44:41.912182+00:00
0,Firmware Engineer | Czech Republic,linkedin,Software Engineer Java,Babel,"Santo Domingo, Distrito Nacional, Dominican Republic",Remote,Full-time,"C, Java","Hibernate, Git, Kubernetes, Spring Boot, Mysql, Postgresql, Scrum, Docker, C#, Kanban",English,,,Recent,https://do.linkedin.com/jobs/view/software-engineer-java-at-babel-4405918197,2026-04-30T11:44:44.292999+00:00
0,Firmware Engineer | Czech Republic,linkedin,Software Engineer Backend/ Fullstack,Babel,"Santo Domingo, Distrito Nacional, Dominican Republic",On-site,Full-time,,,English,,,Recent,https://do.linkedin.com/jobs/view/software-engineer-backend-fullstack-at-babel-4405928150,2026-04-30T11:44:44.293162+00:00
0,Firmware Engineer | Poland,linkedin,"Software Engineer (Java) - Relocation to Poland, Spain, or UAE",Revolut,Poland,On-site,Full-time,Java,,English,,,Recent,https://pl.linkedin.com/jobs/view/software-engineer-java-relocation-to-poland-spain-or-uae-at-revolut-3845490363,2026-04-30T11:44:46.775993+00:00
0,Firmware Engineer | Poland,linkedin,"Software Engineer, FinOps",Samba TV,"Warsaw, Mazowieckie, Poland",On-site,Full-time,,,English,,,Recent,https://pl.linkedin.com/jobs/view/software-engineer-finops-at-samba-tv-4312933080,2026-04-30T11:44:46.776329+00:00
0,Firmware Engineer | Poland,linkedin,Junior Software Engineer,Asana,"Warsaw, Mazowieckie, Poland",On-site,Full-time,,"Asana, Junior",English,,,Recent,https://pl.linkedin.com/jobs/view/junior-software-engineer-at-asana-4315919819,2026-04-30T11:44:46.776587+00:00
0,Firmware Engineer | Poland,linkedin,Embedded Software Developer,People More,"Cracow, Małopolskie, Poland",On-site,Full-time,,,English,,,Recent,https://pl.linkedin.com/jobs/view/embedded-software-developer-at-people-more-4407450632,2026-04-30T11:44:46.776756+00:00
0,Firmware Engineer | Poland,linkedin,Embedded Software Engineer,Ascendion,"Kraków, Łódzkie, Poland",On-site,Full-time,,,English,,,Recent,https://pl.linkedin.com/jobs/view/embedded-software-engineer-at-ascendion-4393282701,2026-04-30T11:44:46.776919+00:00
0,Firmware Engineer | Poland,linkedin,Embedded Software Engineer,Ascendion,"Cracow, Małopolskie, Poland",On-site,Full-time,,,English,,,Recent,https://pl.linkedin.com/jobs/view/embedded-software-engineer-at-ascendion-4406663095,2026-04-30T11:44:46.777138+00:00
0,Firmware Engineer | Poland,linkedin,Software Engineer (mobile),INNERGY,"Cracow, Małopolskie, Poland",Remote,Full-time,,,English,,,Recent,https://pl.linkedin.com/jobs/view/software-engineer-mobile-at-innergy-4401757477,2026-04-30T11:44:46.777301+00:00
0,Firmware Engineer | USA,linkedin,"Software Engineer, New Grad",Notion,"San Francisco, CA",On-site,Full-time,,,English,,,Recent,https://www.linkedin.com/jobs/view/software-engineer-new-grad-at-notion-4406118990,2026-04-30T11:44:49.383265+00:00
0,Firmware Engineer | USA,linkedin,"Software Engineer, New Grad (AI)",Notion,"San Francisco, CA",On-site,Full-time,,,English,,,Recent,https://www.linkedin.com/jobs/view/software-engineer-new-grad-ai-at-notion-4407498584,2026-04-30T11:44:49.383483+00:00
0,Firmware Engineer | USA,linkedin,Software Engineer 1,Intuit,"New York, NY",On-site,Full-time,,,English,,,Recent,https://www.linkedin.com/jobs/view/software-engineer-1-at-intuit-4401727507,2026-04-30T11:44:49.383656+00:00
0,Firmware Engineer | USA,linkedin,Embedded Software Engineer,Wing,"Palo Alto, CA",On-site,Full-time,,,English,,,Recent,https://www.linkedin.com/jobs/view/embedded-software-engineer-at-wing-4344488460,2026-04-30T11:44:49.383820+00:00
0,Firmware Engineer | USA,linkedin,Embedded Software Engineer,Bose Corporation,"Binghamton, NY",On-site,Full-time,,,English,,,Recent,https://www.linkedin.com/jobs/view/embedded-software-engineer-at-bose-corporation-4378118478,2026-04-30T11:44:49.383983+00:00
0,Firmware Engineer | USA,linkedin,Embedded Software Engineer,Onto Innovation,"Wilmington, MA",On-site,Full-time,,,English,,,Recent,https://www.linkedin.com/jobs/view/embedded-software-engineer-at-onto-innovation-4283192717,2026-04-30T11:44:49.384142+00:00
0,Firmware Engineer | USA,linkedin,Software Engineer 1,Intuit,"Mountain View, CA",Remote,Contract,"C, C++, Generative Ai, Java, Javascript, Jenkins, Python","Git, Vue.Js, React, Django, Scrum, Postgresql, Express, Node.Js, Mysql, Agile",English,,,Recent,https://www.linkedin.com/jobs/view/software-engineer-1-at-intuit-4401741037,2026-04-30T11:44:49.384296+00:00
0,Firmware Engineer | USA,linkedin,"Software Engineer I, RLE",Handshake,"San Francisco, CA",On-site,Full-time,,,English,,,Recent,https://www.linkedin.com/jobs/view/software-engineer-i-rle-at-handshake-4405865286,2026-04-30T11:44:49.384480+00:00
0,Firmware Engineer | USA,linkedin,Embedded Software Engineer,Ford Motor Company,"Long Beach, CA",On-site,Full-time,,,English,,,Recent,https://www.linkedin.com/jobs/view/embedded-software-engineer-at-ford-motor-company-4397359051,2026-04-30T11:44:49.384647+00:00
0,Firmware Engineer | USA,linkedin,Software Engineer - New Grad,SeatGeek,"New York, NY",On-site,Full-time,,,English,,,Recent,https://www.linkedin.com/jobs/view/software-engineer-new-grad-at-seatgeek-4405162929,2026-04-30T11:44:49.384798+00:00
0,Firmware Engineer | United Kingdom,linkedin,"Embedded Software Engineer (Full time, Permanent)",SMD,"Wallsend, England, United Kingdom",On-site,Full-time,,,English,,,Recent,https://uk.linkedin.com/jobs/view/embedded-software-engineer-full-time-permanent-at-smd-4400765552,2026-04-30T11:44:51.924298+00:00
0,Firmware Engineer | United Kingdom,linkedin,"Software Engineer, New Grad",Deliveroo,"London, England, United Kingdom",On-site,Full-time,,,English,,,Recent,https://uk.linkedin.com/jobs/view/software-engineer-new-grad-at-deliveroo-4379662791,2026-04-30T11:44:51.924518+00:00
0,Firmware Engineer | United Kingdom,linkedin,Graduate Software Engineer,Dexory,"Wallingford, England, United Kingdom",On-site,Full-time,,Graduate,English,,,Recent,https://uk.linkedin.com/jobs/view/graduate-software-engineer-at-dexory-4402951771,2026-04-30T11:44:51.924684+00:00
0,Firmware Engineer | United Kingdom,linkedin,Embedded Software Engineer,EVONA,"London, England, United Kingdom",On-site,Full-time,,,English,,,Recent,https://uk.linkedin.com/jobs/view/embedded-software-engineer-at-evona-4398247096,2026-04-30T11:44:51.924845+00:00
0,Firmware Engineer | United Kingdom,linkedin,Junior Software Engineer,Tripadvisor,"London, England, United Kingdom",On-site,Full-time,,Junior,English,,,Recent,https://uk.linkedin.com/jobs/view/junior-software-engineer-at-tripadvisor-4314044699,2026-04-30T11:44:51.925008+00:00
0,Firmware Engineer | United Kingdom,linkedin,Firmware Engineer,STATSports,"Newry Mourne And Down, Northern Ireland, United Kingdom",On-site,Full-time,Firmware,,English,,,Recent,https://uk.linkedin.com/jobs/view/firmware-engineer-at-statsports-4401831204,2026-04-30T11:44:51.925160+00:00
0,Firmware Engineer | United Kingdom,linkedin,Embedded Engineer,HoloMem,"London, England, United Kingdom",On-site,Full-time,,,English,,,Recent,https://uk.linkedin.com/jobs/view/embedded-engineer-at-holomem-4408748882,2026-04-30T11:44:51.925310+00:00
0,Firmware Engineer | United Kingdom,linkedin,Java Software Engineer / Backend Engineer,hackajob,"Knutsford, England, United Kingdom",On-site,Full-time,Java,,English,,,Recent,https://uk.linkedin.com/jobs/view/java-software-engineer-backend-engineer-at-hackajob-4392850543,2026-04-30T11:44:51.925489+00:00
