relevance_score,search_criteria,provider,title,company,location,work_location_type,employment_type,matching_skills,missing_skills,detected_languages,matched_roles,salary_hint,posted_at_relative,link,scraped_at
44,Test Automation | United Kingdom,linkedin,Senior Software QA Test Development Engineer,NVIDIA,"Reading, England, United Kingdom",On-site,Full-time,,Senior,English,Senior,,Recent,https://uk.linkedin.com/jobs/view/senior-software-qa-test-development-engineer-at-nvidia-4439949376,2026-07-20T12:21:15.186858+00:00
29,Tester | Slovakia,linkedin,Test Professional (m/f/d),Siemens Healthineers,"Košice, Kosice, Slovakia",On-site,Full-time,,,English,,,Recent,https://sk.linkedin.com/jobs/view/test-professional-m-f-d-at-siemens-healthineers-4431961974,2026-07-20T12:19:39.202929+00:00
29,Tester | Slovakia,linkedin,Automation Tester (f/m/d),Siemens Healthineers,"Košice, Kosice, Slovakia",On-site,Full-time,,,English,,,Recent,https://sk.linkedin.com/jobs/view/automation-tester-f-m-d-at-siemens-healthineers-4423663277,2026-07-20T12:19:39.203130+00:00
29,Tester | Poland,linkedin,Tester/Testerka,Audioteka,Poland,On-site,Full-time,,,English,,,Recent,https://pl.linkedin.com/jobs/view/tester-testerka-at-audioteka-4438180638,2026-07-20T12:19:44.065040+00:00
29,QA Engineer | Slovakia,linkedin,Automation Tester (f/m/d),Siemens Healthineers,"Žilina, Zilina, Slovakia",On-site,Full-time,,,English,,,Recent,https://sk.linkedin.com/jobs/view/automation-tester-f-m-d-at-siemens-healthineers-4423655650,2026-07-20T12:20:01.466086+00:00
29,Test Engineer | United Kingdom,linkedin,System Test Engineer,Siemens,"Poole, England, United Kingdom",On-site,Full-time,,,English,,,Recent,https://uk.linkedin.com/jobs/view/system-test-engineer-at-siemens-4431875279,2026-07-20T12:20:31.413046+00:00
29,Testingenieur | Germany,linkedin,System Test Engineer (w/m/d),Siemens,"Erlangen, Bavaria, Germany",On-site,Full-time,,,English,,,Recent,https://de.linkedin.com/jobs/view/system-test-engineer-w-m-d-at-siemens-4440231889,2026-07-20T12:20:33.901386+00:00
29,Testingenieur | Germany,linkedin,System Test Engineer (w/m/d) KI & Automatisierung,Siemens,"Erlangen, Bavaria, Germany",On-site,Full-time,,,English,,,Recent,https://de.linkedin.com/jobs/view/system-test-engineer-w-m-d-ki-automatisierung-at-siemens-4440251144,2026-07-20T12:20:33.901552+00:00
29,Testingenieur | Switzerland,linkedin,System Test Engineer in Building Technologies 80-100%,Siemens,"Zug, Zug, Switzerland",Remote,Full-time,,,English,,,Recent,https://ch.linkedin.com/jobs/view/system-test-engineer-in-building-technologies-80-100%25-at-siemens-4440239692,2026-07-20T12:20:38.429614+00:00
29,Testingenieur | Slovakia,linkedin,Tester s nemeckým jazykom (ž/m),Siemens,"Žilina, Zilina, Slovakia",On-site,Full-time,,,English,,,Recent,https://sk.linkedin.com/jobs/view/tester-s-nemeck%C3%BDm-jazykom-%C5%BE-m-at-siemens-4423952200,2026-07-20T12:20:43.342376+00:00
29,Testingenieur | USA,linkedin,Test Engineer,Siemens Digital Industries Software,"Fremont, CA",On-site,Full-time,,,English,,,Recent,https://www.linkedin.com/jobs/view/test-engineer-at-siemens-digital-industries-software-4435506161,2026-07-20T12:20:50.693101+00:00
29,Testingenieur | USA,linkedin,Test Engineer,Google,"Mountain View, CA",On-site,Full-time,,,English,,,Recent,https://www.linkedin.com/jobs/view/test-engineer-at-google-4434148716,2026-07-20T12:20:50.693504+00:00
29,Python Test | USA,linkedin,"Manufacturing Test Engineer, Manufacturing Test Engineer",Amazon Web Services (AWS),"Florence, KY",On-site,Full-time,,"Aws, Amazon Web Services",English,,,Recent,https://www.linkedin.com/jobs/view/manufacturing-test-engineer-manufacturing-test-engineer-at-amazon-web-services-aws-4411600726,2026-07-20T12:21:56.755269+00:00
29,Python Test | USA,linkedin,"Manufacturing Test Engineer, AWS Manufacturing and Repair",Amazon Web Services (AWS),"Florence, KY",On-site,Full-time,,"Aws, Amazon Web Services",English,,,Recent,https://www.linkedin.com/jobs/view/manufacturing-test-engineer-aws-manufacturing-and-repair-at-amazon-web-services-aws-4428845058,2026-07-20T12:21:56.755521+00:00
29,Firmware Engineer | Germany,linkedin,"Firmware Engineer, Amazon Robotics",Amazon,"Munich, Bavaria, Germany",On-site,Full-time,Firmware,,English,,,Recent,https://de.linkedin.com/jobs/view/firmware-engineer-amazon-robotics-at-amazon-4430713332,2026-07-20T12:22:01.787915+00:00
29,Firmware Engineer | Austria,linkedin,Embedded Crypto Software Developer (m/f/d),NXP Semiconductors,"Gratkorn, Styria, Austria",On-site,Full-time,,,English,,,Recent,https://at.linkedin.com/jobs/view/embedded-crypto-software-developer-m-f-d-at-nxp-semiconductors-4431883741,2026-07-20T12:22:04.215745+00:00
29,Firmware Engineer | Slovakia,linkedin,C++ Developer (ž/m),Siemens,"Žilina, Zilina, Slovakia",On-site,Full-time,"C, C++",,English,,,Recent,https://sk.linkedin.com/jobs/view/c%2B%2B-developer-%C5%BE-m-at-siemens-4404730366,2026-07-20T12:22:11.496615+00:00
29,Firmware Engineer | Poland,linkedin,"Embedded Software Engineer II, Ring, Ring",Amazon,Gdansk Metropolitan Area,On-site,Full-time,,,English,,,Recent,https://pl.linkedin.com/jobs/view/embedded-software-engineer-ii-ring-ring-at-amazon-4433527671,2026-07-20T12:22:16.290737+00:00
29,Firmware Engineer | Poland,linkedin,"Embedded Software Dev Engineer, Ring Devices",Amazon,Gdansk Metropolitan Area,On-site,Full-time,,,English,,,Recent,https://pl.linkedin.com/jobs/view/embedded-software-dev-engineer-ring-devices-at-amazon-4437480846,2026-07-20T12:22:16.290880+00:00
29,Firmware Engineer | United Kingdom,linkedin,"Embedded Software Engineer, Ring",Amazon,"Cambridge, England, United Kingdom",Remote,Internship,"C, C++, Embedded Linux, Firmware, I2C, Integration Testing, Python, Rtos, Spi, Uart, Unit Testing","Linux, Aws, Internship",English,,,Recent,https://uk.linkedin.com/jobs/view/embedded-software-engineer-ring-at-amazon-4440879019,2026-07-20T12:22:21.291232+00:00
14,Tester | Germany,linkedin,Softwaretester (m/w/d),FERCHAU,"Lübeck, Schleswig-Holstein, Germany",Remote,Contract,Test Automation,"Expert, R",German,Expert,,Recent,https://de.linkedin.com/jobs/view/softwaretester-m-w-d-at-ferchau-4438589012,2026-07-20T12:19:29.010246+00:00
14,Tester | Germany,linkedin,Graduate - Quality Assurance Analyst (all genders),Distribusion Technologies,"Berlin, Berlin, Germany",On-site,Internship,"C, Can","Postman, Regression Testing, Microservices, Gcp, Lead, Agile, Graduate",English,Lead,,Recent,https://de.linkedin.com/jobs/view/graduate-quality-assurance-analyst-all-genders-at-distribusion-technologies-4401720154,2026-07-20T12:19:29.010501+00:00
14,Tester | Austria,linkedin,SOFTWARETESTER:IN (W/M/X),IT-Services der Sozialversicherung GmbH,"Vienna, Vienna, Austria",Remote,Full-time,"Java, Playwright, Selenium, Test Automation, Typescript","Postman, Restassured, Junit, Associate, Zephyr, Bdd, Expert, R, Cucumber, Jira",German,"Architect, Expert",,Recent,https://at.linkedin.com/jobs/view/softwaretester-in-w-m-x-at-it-services-der-sozialversicherung-gmbh-4427933384,2026-07-20T12:19:31.514402+00:00
14,Tester | Austria,linkedin,Game Tester (m/f/d),MERKUR GROUP,"Vienna, Vienna, Austria",Hybrid,Full-time,Test Automation,"Junior, Senior, Staff, Scrum, Jira, Lead, Agile",English,"Lead, Senior, Staff",,Recent,https://at.linkedin.com/jobs/view/game-tester-m-f-d-at-merkur-group-4441487367,2026-07-20T12:19:31.514775+00:00
14,Tester | Switzerland,linkedin,Software Test Engineer,Nexplore AG,Greater Bern Area,Remote,Full-time,"Go, Test Automation","Devops, Senior, R, Jira, Azure",German,Senior,,Recent,https://ch.linkedin.com/jobs/view/software-test-engineer-at-nexplore-ag-4438418267,2026-07-20T12:19:33.991782+00:00
14,Tester | Czech Republic,linkedin,Quality Assurance Senior,Grupo Ramos,"Santo Domingo, Dominican Republic",On-site,Internship,,"Senior, Agile",English,"Senior, Test Manager",,Recent,https://do.linkedin.com/jobs/view/quality-assurance-senior-at-grupo-ramos-4435802704,2026-07-20T12:19:41.605765+00:00
14,QA Engineer | United Kingdom,linkedin,Test Automation Engineer,Motorola Solutions,"Glasgow, Scotland, United Kingdom",Hybrid,Contract,"Can, Java, Playwright, Test Automation","Devops, Regression Testing, Github, Agile, Git, Manual Testing, Jira, Cypress, Sql",English,Test Manager,,Recent,https://uk.linkedin.com/jobs/view/test-automation-engineer-at-motorola-solutions-4417300637,2026-07-20T12:20:11.299166+00:00
14,Test Engineer | Slovakia,linkedin,Senior Test Engineer (m/f/d),Brose Group,"Prievidza, Trenciansky, Slovakia",On-site,Full-time,,Senior,English,Senior,,Recent,https://sk.linkedin.com/jobs/view/senior-test-engineer-m-f-d-at-brose-group-4419248716,2026-07-20T12:20:22.391528+00:00
14,Testingenieur | Slovakia,linkedin,Testovací inžinier senior (m/ž/d),Brose Slovakia,"Prievidza, Trenciansky, Slovakia",On-site,Full-time,,Senior,English,Senior,,Recent,https://sk.linkedin.com/jobs/view/testovac%C3%AD-in%C5%BEinier-senior-m-%C5%BE-d-at-brose-slovakia-4433307490,2026-07-20T12:20:43.343253+00:00
14,Test Automation | Germany,linkedin,Senior Test Automation Engineer/Software Development Engineer in Test (d/f/m),Leapsome,"Berlin, Germany",On-site,Full-time,Test Automation,Senior,English,Senior,,Recent,https://de.linkedin.com/jobs/view/senior-test-automation-engineer-software-development-engineer-in-test-d-f-m-at-leapsome-4319406597,2026-07-20T12:20:55.609968+00:00
14,Test Automation | Germany,linkedin,Senior Software Engineer in Test (f/m/d/x),EMIL Group,"Berlin, Berlin, Germany",On-site,Full-time,,Senior,English,Senior,,Recent,https://de.linkedin.com/jobs/view/senior-software-engineer-in-test-f-m-d-x-at-emil-group-4437207682,2026-07-20T12:20:55.611053+00:00
14,Test Automation | Austria,linkedin,Test Automation Engineer – Playwright & TypeScript | Senior Team,Specific-Group Austria,"Vienna, Austria",On-site,Full-time,"Playwright, Test Automation, Typescript",Senior,English,Senior,,Recent,https://at.linkedin.com/jobs/view/test-automation-engineer-%E2%80%93-playwright-typescript-senior-team-at-specific-group-austria-4436091108,2026-07-20T12:20:58.044033+00:00
14,Test Automation | Austria,linkedin,Senior QA Engineer (All Genders),zooplus,"Vienna, Vienna, Austria",On-site,Full-time,,Senior,English,Senior,,Recent,https://at.linkedin.com/jobs/view/senior-qa-engineer-all-genders-at-zooplus-4433953379,2026-07-20T12:20:58.044845+00:00
14,Test Automation | Switzerland,linkedin,Senior Test Automation Engineer,Hays,Switzerland,On-site,Full-time,Test Automation,Senior,English,Senior,,Recent,https://ch.linkedin.com/jobs/view/senior-test-automation-engineer-at-hays-4442115032,2026-07-20T12:21:00.511963+00:00
14,Test Automation | Switzerland,linkedin,Senior Automation QA Engineer – Mobile Testing,Specialized Bicycle Components,"Cham, Zug, Switzerland",Remote,Contract,"Ci/Cd, Github Actions, Test Automation","Mid-Level, React, Junior, Senior, Github, Agile, Appium, Stress Testing, Jira, Lead",English,"Lead, Senior",,Recent,https://ch.linkedin.com/jobs/view/senior-automation-qa-engineer-%E2%80%93-mobile-testing-at-specialized-bicycle-components-4419834911,2026-07-20T12:21:00.512258+00:00
14,Test Automation | Switzerland,linkedin,Staff QA Automation Engineer (Android & iOS),Proton,"Geneva, Geneva, Switzerland",Remote,Contract,"Can, Ci/Cd, Java","Staff, Kotlin, Safe, Swift, Lead",English,"Lead, Staff",,Recent,https://ch.linkedin.com/jobs/view/staff-qa-automation-engineer-android-ios-at-proton-4368645258,2026-07-20T12:21:00.512785+00:00
14,Test Automation | Switzerland,linkedin,Test Architect,Sixsentix,"Zurich, Switzerland",On-site,Contract,"C, Can, Ci/Cd, Java, Javascript, Jenkins, Playwright, Python, Selenium, Test Automation","Postman, C#, Agile, Appium, Expert, Gitlab, Consultant, Architect",English,"Architect, Consultant, Expert",,Recent,https://ch.linkedin.com/jobs/view/test-architect-at-sixsentix-4417954098,2026-07-20T12:21:00.512910+00:00
14,Test Automation | Switzerland,linkedin,Senior C# /.NET SW Engineer focused on Test Automation,"Mettler-Toledo International, Inc","Greifensee, Zurich, Switzerland",Remote,Contract,"C, Can, Ci/Cd, Java, Selenium, Test Automation","Devops, Docker, Senior, C#, Microservices, Kubernetes, Azure, Cypress, Agile",English,Senior,,Recent,https://ch.linkedin.com/jobs/view/senior-c%23-net-sw-engineer-focused-on-test-automation-at-mettler-toledo-international-inc-4438087191,2026-07-20T12:21:00.513048+00:00
14,Test Automation | Slovakia,linkedin,Senior Software Test Automation Engineer (Python & AI),Solar Turbines,"Bratislava Old Town, Bratislava, Slovakia",Remote,Contract,"Ci/Cd, Python, Test Automation","Rest Api, Devops, Docker, Graphql, Senior, Microservices, Amazon Web Services, Aws, Performance Testing, Git",English,"Lead, Senior",,Recent,https://sk.linkedin.com/jobs/view/senior-software-test-automation-engineer-python-ai-at-solar-turbines-4442599692,2026-07-20T12:21:05.371025+00:00
14,Test Automation | Slovakia,linkedin,Senior Software Test Automation Engineer (Python & AI),Solar Turbines,"Košice, Kosice, Slovakia",Remote,Contract,"Can, Ci/Cd, Python, Test Automation","Rest Api, Devops, Docker, Graphql, Senior, Microservices, Aws, Performance Testing, Git, Lead",English,"Lead, Senior",,Recent,https://sk.linkedin.com/jobs/view/senior-software-test-automation-engineer-python-ai-at-solar-turbines-4414914904,2026-07-20T12:21:05.371301+00:00
14,Test Automation | Czech Republic,linkedin,Senior Software Development Engineer in Test (SDET) - Ecommerce - DR (Remote),Truelogic Software,Dominican Republic,Remote,Contract,"Ci/Cd, Github Actions, Integration Testing, Javascript, Jenkins, Playwright, Typescript","React, Docker, Senior, Staff, Github, Circleci, Appium, Aws, Gcp, Cypress",English,"Senior, Staff",,Recent,https://do.linkedin.com/jobs/view/senior-software-development-engineer-in-test-sdet-ecommerce-dr-remote-at-truelogic-software-4432273661,2026-07-20T12:21:07.741526+00:00
14,Test Automation | Czech Republic,linkedin,Senior SDET,Perform,Dominican Republic,On-site,Full-time,,Senior,English,Senior,,Recent,https://do.linkedin.com/jobs/view/senior-sdet-at-perform-4344131612,2026-07-20T12:21:07.742107+00:00
14,Test Automation | Czech Republic,linkedin,Lead Software Engineer in Test (SDET),Flash,"Santo Domingo, Distrito Nacional, Dominican Republic",On-site,Full-time,,Lead,English,Lead,,Recent,https://do.linkedin.com/jobs/view/lead-software-engineer-in-test-sdet-at-flash-4414922814,2026-07-20T12:21:07.742364+00:00
14,Test Automation | Czech Republic,linkedin,Senior SDET -  GovTech Industry,Truelogic Software,Dominican Republic,On-site,Full-time,,Senior,English,Senior,,Recent,https://do.linkedin.com/jobs/view/senior-sdet-govtech-industry-at-truelogic-software-4438505356,2026-07-20T12:21:07.742623+00:00
14,Test Automation | Poland,linkedin,Senior Test Automation Engineer,AMD,"Gdańsk, Pomorskie, Poland",On-site,Full-time,Test Automation,Senior,English,Senior,,Recent,https://pl.linkedin.com/jobs/view/senior-test-automation-engineer-at-amd-4427348897,2026-07-20T12:21:10.260331+00:00
14,Test Automation | Poland,linkedin,Test Automation Engineer/IT Test Manager (M/F/D),DSV - Global Transport and Logistics,"Warsaw, Mazowieckie, Poland",On-site,Full-time,Test Automation,,English,Test Manager,,Recent,https://pl.linkedin.com/jobs/view/test-automation-engineer-it-test-manager-m-f-d-at-dsv-global-transport-and-logistics-4439162204,2026-07-20T12:21:10.261171+00:00
14,Test Automation | USA,linkedin,Senior Automation Test Engineer,Motional,"Las Vegas, NV",On-site,Full-time,,Senior,English,Senior,,Recent,https://www.linkedin.com/jobs/view/senior-automation-test-engineer-at-motional-4397062662,2026-07-20T12:21:12.709464+00:00
14,Test Automation | USA,linkedin,Test Automation Lead,G3. GG Tech Global,"Grand Rapids, MI",On-site,Full-time,Test Automation,Lead,English,Lead,,Recent,https://www.linkedin.com/jobs/view/test-automation-lead-at-g3-gg-tech-global-4439071370,2026-07-20T12:21:12.709912+00:00
14,Test Automation | USA,linkedin,Senior Test Automation Engineer,CGI,"Salt Lake City, UT",On-site,Full-time,Test Automation,Senior,English,Senior,,Recent,https://www.linkedin.com/jobs/view/senior-test-automation-engineer-at-cgi-4430734501,2026-07-20T12:21:12.710313+00:00
14,Test Automation | USA,linkedin,Test Automation Lead,HTC Global Services,"Grand Rapids, MI",On-site,Full-time,"Can, Ci/Cd, Java, Javascript, Jenkins, Playwright, Python, Robot Framework, Selenium, Test Automation","Git, Jira, Lead, Devops, Junior, Cypress, Postman, Azure, Sql",English,Lead,,Recent,https://www.linkedin.com/jobs/view/test-automation-lead-at-htc-global-services-4413129515,2026-07-20T12:21:12.710557+00:00
14,Test Automation | United Kingdom,linkedin,Senior QA Engineer,Bellrock Group,"Liverpool, England, United Kingdom",On-site,Full-time,,Senior,English,Senior,,Recent,https://uk.linkedin.com/jobs/view/senior-qa-engineer-at-bellrock-group-4442168127,2026-07-20T12:21:15.186598+00:00
14,Test Automation | United Kingdom,linkedin,Lead Test Engineer,HM Revenue & Customs,"Edinburgh, Scotland, United Kingdom",On-site,Full-time,,Lead,English,Lead,,Recent,https://uk.linkedin.com/jobs/view/lead-test-engineer-at-hm-revenue-customs-4433124244,2026-07-20T12:21:15.187381+00:00
14,Python Developer | Austria,linkedin,Senior Developer:in (m/w/d),Ubitec GmbH,"Linz, Upper Austria, Austria",On-site,Full-time,,Senior,English,Senior,,Recent,https://at.linkedin.com/jobs/view/senior-developer-in-m-w-d-at-ubitec-gmbh-4439279170,2026-07-20T12:21:20.109932+00:00
14,Python Developer | Switzerland,linkedin,Backend Python Engineer (OSI-SIS-TS-2026-128-GRAP),Physics World,"Geneva, Geneva, Switzerland",Hybrid,Contract,"Can, Python","Rest Api, Associate, Docker, Flask, Django, Expert, Kubernetes, Fastapi, Git, Postgresql",English,Expert,,Recent,https://ch.linkedin.com/jobs/view/backend-python-engineer-osi-sis-ts-2026-128-grap-at-physics-world-4441362247,2026-07-20T12:21:22.564233+00:00
14,Python Developer | Switzerland,linkedin,Co-Tech Lead & Python Developer,LocalBini,"Zurich, Zurich, Switzerland",On-site,Full-time,Python,"Lead, Tech Lead",English,Lead,,Recent,https://ch.linkedin.com/jobs/view/co-tech-lead-python-developer-at-localbini-4439551364,2026-07-20T12:21:22.564630+00:00
14,Python Developer | Slovakia,linkedin,Senior Python Engineer for Agentic AI,Deutsche Telekom Services Europe - Slovakia,"Bratislava, Slovakia",On-site,Full-time,Python,Senior,English,Senior,,Recent,https://sk.linkedin.com/jobs/view/senior-python-engineer-for-agentic-ai-at-deutsche-telekom-services-europe-slovakia-4435957635,2026-07-20T12:21:27.484798+00:00
14,Python Developer | Czech Republic,linkedin,Senior Backend Engineer - Remote - Latin America,Kake,Dominican Republic,Remote,Full-time,"Python, Typescript","Node.Js, React, Golang, Senior, Gcp, Fastapi, Serverless, Datadog, Google Cloud, Postgresql",English,Senior,,Recent,https://do.linkedin.com/jobs/view/senior-backend-engineer-remote-latin-america-at-kake-4429879347,2026-07-20T12:21:29.892130+00:00
14,Firmware Engineer | Slovakia,linkedin,Senior Embedded Engineer,Ciklum Czech Republic & Slovakia,"Bratislava, Slovakia",On-site,Full-time,,Senior,English,Senior,,Recent,https://sk.linkedin.com/jobs/view/senior-embedded-engineer-at-ciklum-czech-republic-slovakia-4437769182,2026-07-20T12:22:11.496038+00:00
14,Firmware Engineer | Slovakia,linkedin,Senior C/C++ Software Engineer,Frequentis,"Bratislava, Bratislava, Slovakia",On-site,Full-time,"C, C++",Senior,English,Senior,,Recent,https://sk.linkedin.com/jobs/view/senior-c-c%2B%2B-software-engineer-at-frequentis-4439990845,2026-07-20T12:22:11.496207+00:00
14,Firmware Engineer | Slovakia,linkedin,Senior Software Engineer (Rust) - Video Processing Platform,Innovatrics,"Bratislava, Slovakia",On-site,Full-time,Rust,Senior,English,Senior,,Recent,https://sk.linkedin.com/jobs/view/senior-software-engineer-rust-video-processing-platform-at-innovatrics-4437272700,2026-07-20T12:22:11.497146+00:00
14,Firmware Engineer | Poland,linkedin,Staff Firmware and Operating System Engineer,OPENCHIP & SOFTWARE TECHNOLOGIES,"Gdańsk, Pomorskie, Poland",On-site,Full-time,Firmware,Staff,English,Staff,,Recent,https://pl.linkedin.com/jobs/view/staff-firmware-and-operating-system-engineer-at-openchip-software-technologies-4325810885,2026-07-20T12:22:16.291822+00:00
14,Firmware Engineer | USA,linkedin,Firmware Engineer III,Peloton Interactive,"Woodinville, WA",On-site,Contract,"Arm, Bash, C, Can, Cortex-M, Firmware, I2C, Java, Python, Rtos, Spi, Uart","Github, Git, Agile, Scrum, Expert, Architect, Kotlin, Freertos, Zephyr",English,"Architect, Expert",,Recent,https://www.linkedin.com/jobs/view/firmware-engineer-iii-at-peloton-interactive-4431518670,2026-07-20T12:22:18.791006+00:00
14,Firmware Engineer | United Kingdom,linkedin,Firmware Developer,NDT Global,"Swansea, Wales, United Kingdom",On-site,Contract,"C, C++, Can, Embedded Linux, Embedded Systems, Firmware, Hil, I2C, Rtos, Spi, Uart","Linux, Stm32, Safe, Git, Misra C, Esp32, Lead",English,Lead,,Recent,https://uk.linkedin.com/jobs/view/firmware-developer-at-ndt-global-4427979801,2026-07-20T12:22:21.290658+00:00
14,Firmware Engineer | United Kingdom,linkedin,Firmware Developer,TSC Subsea,"Swansea, Wales, United Kingdom",On-site,Contract,"C, C++, Can, Embedded Linux, Embedded Systems, Firmware, Hil, I2C, Rtos, Spi, Uart","Linux, Stm32, Safe, Git, Misra C, Esp32, Lead, Agile",English,Lead,,Recent,https://uk.linkedin.com/jobs/view/firmware-developer-at-tsc-subsea-4427941868,2026-07-20T12:22:21.290825+00:00
14,Firmware Engineer | United Kingdom,linkedin,Firmware Engineer,Oshen,"Plymouth, England, United Kingdom",On-site,Internship,"Arm, C, C++, Can, Ci/Cd, Cortex-M, Embedded Systems, Firmware, Go, I2C, Rtos, Spi, Uart","Stm32, Junior, Senior, Git, Freertos",English,Senior,,Recent,https://uk.linkedin.com/jobs/view/firmware-engineer-at-oshen-4436790687,2026-07-20T12:22:21.291104+00:00
0,Tester | Germany,linkedin,Junior QA Tester (f/m/d),Sunday,"Hamburg, Hamburg, Germany",Hybrid,Contract,,"Confluence, Junior, Jira",English,,,Recent,https://de.linkedin.com/jobs/view/junior-qa-tester-f-m-d-at-sunday-4436736639,2026-07-20T12:19:29.009639+00:00
0,Tester | Germany,linkedin,Software Tester (all genders),GK Software,"St. Ingbert, Saarland, Germany",Remote,Contract,,R,German,,,Recent,https://de.linkedin.com/jobs/view/software-tester-all-genders-at-gk-software-4375013194,2026-07-20T12:19:29.009808+00:00
0,Tester | Germany,linkedin,Manual Application Tester,ExpressVPN,"Übach-Palenberg, North Rhine-Westphalia, Germany",Remote,Contract,,"Appium, Linux, Entry-Level",English,,,Recent,https://de.linkedin.com/jobs/view/manual-application-tester-at-expressvpn-4436482503,2026-07-20T12:19:29.009957+00:00
0,Tester | Germany,linkedin,Softwaretester (m/w/d) - Berlin,Nexus AG,"Berlin, Berlin, Germany",On-site,Full-time,C,"Associate, C#, Oracle, R, Sql",German,,,Recent,https://de.linkedin.com/jobs/view/softwaretester-m-w-d-berlin-at-nexus-ag-4436748551,2026-07-20T12:19:29.010115+00:00
0,Tester | Germany,linkedin,(Junior) Quality Assurance Tester (m/w/d),HRworks GmbH,"Frankfurt, Hesse, Germany",Remote,Full-time,Test Automation,"R, Associate, Junior",German,,,Recent,https://de.linkedin.com/jobs/view/junior-quality-assurance-tester-m-w-d-at-hrworks-gmbh-4437773874,2026-07-20T12:19:29.010376+00:00
0,Tester | Germany,linkedin,Softwaretester (m/w/d),Alsco Berufskleidungs-Service GmbH,"Berlin, Berlin, Germany",On-site,Full-time,,,English,,,Recent,https://de.linkedin.com/jobs/view/softwaretester-m-w-d-at-alsco-berufskleidungs-service-gmbh-4436604722,2026-07-20T12:19:29.010626+00:00
0,Tester | Germany,linkedin,Software Tester (m/w/d),Ergosign GmbH,"Saarbrücken, Saarland, Germany",Remote,Internship,"Playwright, Test Automation","R, Cypress",German,,,Recent,https://de.linkedin.com/jobs/view/software-tester-m-w-d-at-ergosign-gmbh-4439299450,2026-07-20T12:19:29.010746+00:00
0,Tester | Germany,linkedin,Graduate - Quality Assurance Analyst (all genders),Distribusion Technologies,"Berlin, Germany",On-site,Full-time,,Graduate,English,,,Recent,https://de.linkedin.com/jobs/view/graduate-quality-assurance-analyst-all-genders-at-distribusion-technologies-4401716415,2026-07-20T12:19:29.010874+00:00
0,Tester | Austria,linkedin,"(Junior) Software Tester
Product Quality Engineer",SPIE Austria GmbH,"Sankt Ruprecht an der Raab, Styria, Austria",On-site,Full-time,,Junior,German,,,Recent,https://at.linkedin.com/jobs/view/junior-software-tester%0Aproduct-quality-engineer-at-spie-austria-gmbh-4439083000,2026-07-20T12:19:31.513571+00:00
0,Tester | Austria,linkedin,Test Engineer,SCIENTIFIC GAMES,"Vienna, Austria",On-site,Full-time,,,English,,,Recent,https://at.linkedin.com/jobs/view/test-engineer-at-scientific-games-4439199848,2026-07-20T12:19:31.513740+00:00
0,Tester | Austria,linkedin,Software Tester (f/m/d),GE HealthCare,"Vöcklamarkt, Upper Austria, Austria",Remote,Contract,Integration Testing,"R, Associate, Entry-Level",German,,,Recent,https://at.linkedin.com/jobs/view/software-tester-f-m-d-at-ge-healthcare-4416658855,2026-07-20T12:19:31.513877+00:00
0,Tester | Austria,linkedin,Software Tester,FB Consulting & Trade GmbH,"Vienna, Austria",Remote,Contract,"Selenium, Test Automation","Devops, Scrum, Appium, Jira, Kanban, Azure, Agile",English,,,Recent,https://at.linkedin.com/jobs/view/software-tester-at-fb-consulting-trade-gmbh-4440672135,2026-07-20T12:19:31.514022+00:00
0,Tester | Austria,linkedin,Software Test Engineer,CNH,"Sankt Valentin, Lower Austria, Austria",On-site,Internship,Can,Safe,English,,,Recent,https://at.linkedin.com/jobs/view/software-test-engineer-at-cnh-4437443661,2026-07-20T12:19:31.514153+00:00
0,Tester | Austria,linkedin,Testing Manager (all genders) - Bug Hunter,Viewpointsystem,"Vienna, Vienna, Austria",On-site,Internship,"Can, Firmware, I2C, Python, Spi","Assembly, Arduino",English,,,Recent,https://at.linkedin.com/jobs/view/testing-manager-all-genders-bug-hunter-at-viewpointsystem-4436603546,2026-07-20T12:19:31.514281+00:00
0,Tester | Austria,linkedin,Software Test Engineer (f/m/x),Anton Paar,"Graz, Styria, Austria",On-site,Internship,"C, Java, Python, Selenium, Test Automation","Junit, C#, Scrum, Kanban, Testng, Agile",English,,,Recent,https://at.linkedin.com/jobs/view/software-test-engineer-f-m-x-at-anton-paar-4434326687,2026-07-20T12:19:31.514529+00:00
0,Tester | Austria,linkedin,Test Specialist (w/m/d),WienIT GmbH,"Vienna, Vienna, Austria",Remote,Full-time,"Playwright, Test Automation","Postman, Zephyr, Associate, R, Jira, Confluence",German,,,Recent,https://at.linkedin.com/jobs/view/test-specialist-w-m-d-at-wienit-gmbh-4436818440,2026-07-20T12:19:31.514655+00:00
0,Tester | Switzerland,linkedin,PeopleSoft Tester- Time and Labor,"Bart & Associates, Inc.","Fully, Valais, Switzerland",On-site,Full-time,,,English,,,Recent,https://ch.linkedin.com/jobs/view/peoplesoft-tester-time-and-labor-at-bart-associates-inc-4410843014,2026-07-20T12:19:33.991079+00:00
0,Tester | Switzerland,linkedin,Test Analyst,itecor,"Lausanne, Vaud, Switzerland",On-site,Full-time,,,English,,,Recent,https://ch.linkedin.com/jobs/view/test-analyst-at-itecor-4436302806,2026-07-20T12:19:33.991252+00:00
0,Tester | Switzerland,linkedin,Software Test Engineer (m/w/d),Nexplore AG,"Berne, Switzerland",On-site,Full-time,,,English,,,Recent,https://ch.linkedin.com/jobs/view/software-test-engineer-m-w-d-at-nexplore-ag-4437847459,2026-07-20T12:19:33.991392+00:00
0,Tester | Switzerland,linkedin,Test and Verification Engineer,ARTIDIS,"Basel, Basel, Switzerland",On-site,Full-time,,,English,,,Recent,https://ch.linkedin.com/jobs/view/test-and-verification-engineer-at-artidis-4439890167,2026-07-20T12:19:33.991525+00:00
0,Tester | Switzerland,linkedin,Testeur QA - Automatisation H/F,Extia,"Lausanne, Vaud, Switzerland",On-site,Full-time,,,English,,,Recent,https://ch.linkedin.com/jobs/view/testeur-qa-automatisation-h-f-at-extia-4438737235,2026-07-20T12:19:33.991653+00:00
0,Tester | Switzerland,linkedin,QA Engineer – Mobile Testing,Specialized Bicycle Components,"Cham, Zug, Switzerland",Remote,Full-time,Test Automation,"Appium, Stress Testing, Jira, Confluence",English,,,Recent,https://ch.linkedin.com/jobs/view/qa-engineer-%E2%80%93-mobile-testing-at-specialized-bicycle-components-4419855030,2026-07-20T12:19:33.991911+00:00
0,Tester | Switzerland,linkedin,Tester Sr,Spindox,"Ticino, Switzerland",On-site,Full-time,,,English,,,Recent,https://ch.linkedin.com/jobs/view/tester-sr-at-spindox-4389272616,2026-07-20T12:19:33.992064+00:00
0,Tester | Switzerland,linkedin,Test engineer,Qim info,"Geneva, Switzerland",On-site,Full-time,,,English,,,Recent,https://ch.linkedin.com/jobs/view/test-engineer-at-qim-info-4432756480,2026-07-20T12:19:33.992194+00:00
0,Tester | Switzerland,linkedin,System Validation Engineer,Specialized Bicycle Components,"Cham, Zug, Switzerland",On-site,Full-time,,,English,,,Recent,https://ch.linkedin.com/jobs/view/system-validation-engineer-at-specialized-bicycle-components-4413407950,2026-07-20T12:19:33.992326+00:00
0,Tester | Slovakia,linkedin,Test Engineer,EZMID,Bratislava Metropolitan Area,On-site,Full-time,,,English,,,Recent,https://sk.linkedin.com/jobs/view/test-engineer-at-ezmid-4433787518,2026-07-20T12:19:39.203276+00:00
0,Tester | Slovakia,linkedin,Integration Tester,Avenga,"Bratislava, Bratislava, Slovakia",On-site,Full-time,,,English,,,Recent,https://sk.linkedin.com/jobs/view/integration-tester-at-avenga-4331424497,2026-07-20T12:19:39.203409+00:00
0,Tester | Slovakia,linkedin,Software QA Specialist,Descartes Systems Group,"Žilina, Zilina, Slovakia",On-site,Full-time,,,English,,,Recent,https://sk.linkedin.com/jobs/view/software-qa-specialist-at-descartes-systems-group-4382115365,2026-07-20T12:19:39.203538+00:00
0,Tester | Slovakia,linkedin,Software Test Analyst,Descartes Systems Group,"Žilina, Zilina, Slovakia",On-site,Full-time,,,English,,,Recent,https://sk.linkedin.com/jobs/view/software-test-analyst-at-descartes-systems-group-4438273257,2026-07-20T12:19:39.203669+00:00
0,Tester | Slovakia,linkedin,Agile Test Engineer (m/f/n),ESET,"Košice, Kosice, Slovakia",On-site,Full-time,,Agile,English,,,Recent,https://sk.linkedin.com/jobs/view/agile-test-engineer-m-f-n-at-eset-4405175696,2026-07-20T12:19:39.203799+00:00
0,Tester | Slovakia,linkedin,Agile Test Engineer (m/f/n),ESET,"Bratislava, Bratislava, Slovakia",On-site,Full-time,,Agile,English,,,Recent,https://sk.linkedin.com/jobs/view/agile-test-engineer-m-f-n-at-eset-4405185637,2026-07-20T12:19:39.203930+00:00
0,Tester | Slovakia,linkedin,Automation Tester,EUROWAG,"Bratislava, Bratislava, Slovakia",On-site,Full-time,,,English,,,Recent,https://sk.linkedin.com/jobs/view/automation-tester-at-eurowag-4435911434,2026-07-20T12:19:39.204076+00:00
0,Tester | Slovakia,linkedin,Test Automation Specialist,UNIQA Group Services,"Nitra Region, Slovakia",On-site,Full-time,Test Automation,,English,,,Recent,https://sk.linkedin.com/jobs/view/test-automation-specialist-at-uniqa-group-services-4439256754,2026-07-20T12:19:39.204205+00:00
0,Tester | Czech Republic,linkedin,校招-GNSS测试工程师,GEESPACE,"アト・マジョール州, Hato Mayor, Dominican Republic",On-site,Full-time,,,English,,,Recent,https://do.linkedin.com/jobs/view/%E6%A0%A1%E6%8B%9B-gnss%E6%B5%8B%E8%AF%95%E5%B7%A5%E7%A8%8B%E5%B8%88-at-geespace-4438413597,2026-07-20T12:19:41.604635+00:00
0,Tester | Czech Republic,linkedin,QA Analyst (Automation),Midorick Solutions,Dominican Republic,On-site,Full-time,,,English,,,Recent,https://do.linkedin.com/jobs/view/qa-analyst-automation-at-midorick-solutions-4432431646,2026-07-20T12:19:41.604814+00:00
0,Tester | Czech Republic,linkedin,QA Mobile Automation Engineer,Applaudo,Dominican Republic,Remote,Full-time,,,English,,,Recent,https://do.linkedin.com/jobs/view/qa-mobile-automation-engineer-at-applaudo-4440064887,2026-07-20T12:19:41.604957+00:00
0,Tester | Czech Republic,linkedin,QA Mobile Automation Engineer,Applaudo,"Santiago, Dominican Republic",Remote,Full-time,,,English,,,Recent,https://do.linkedin.com/jobs/view/qa-mobile-automation-engineer-at-applaudo-4440074564,2026-07-20T12:19:41.605123+00:00
0,Tester | Czech Republic,linkedin,Quality Assurance Engineer - Trabajo Remoto,BairesDev,"Santo Domingo, Distrito Nacional, Dominican Republic",On-site,Full-time,,,English,,,Recent,https://do.linkedin.com/jobs/view/quality-assurance-engineer-trabajo-remoto-at-bairesdev-4439438176,2026-07-20T12:19:41.605254+00:00
0,Tester | Czech Republic,linkedin,Líder Tester Automatizador TI,Banco Popular Dominicano,"Santo Domingo, Dominican Republic",On-site,Full-time,,,English,,,Recent,https://do.linkedin.com/jobs/view/l%C3%ADder-tester-automatizador-ti-at-banco-popular-dominicano-4436611720,2026-07-20T12:19:41.605387+00:00
0,Tester | Czech Republic,linkedin,Quality Automation Engineer,Flash,"Santo Domingo, Distrito Nacional, Dominican Republic",On-site,Full-time,,,English,,,Recent,https://do.linkedin.com/jobs/view/quality-automation-engineer-at-flash-4415552554,2026-07-20T12:19:41.605516+00:00
0,Tester | Czech Republic,linkedin,Software Development Engineer in Test,Origami Risk,"Santo Domingo, Distrito Nacional, Dominican Republic",On-site,Full-time,,,English,,,Recent,https://do.linkedin.com/jobs/view/software-development-engineer-in-test-at-origami-risk-4390621348,2026-07-20T12:19:41.605642+00:00
0,Tester | Czech Republic,linkedin,INGENIERO QA QIK,Banco Popular Dominicano,"Santo Domingo, Distrito Nacional, Dominican Republic",On-site,Full-time,,,English,,,Recent,https://do.linkedin.com/jobs/view/ingeniero-qa-qik-at-banco-popular-dominicano-4433287700,2026-07-20T12:19:41.605889+00:00
0,Tester | Poland,linkedin,Tester/Testerka,Benefit Systems SA,"Warsaw, Mazowieckie, Poland",On-site,Full-time,,,English,,,Recent,https://pl.linkedin.com/jobs/view/tester-testerka-at-benefit-systems-sa-4432350872,2026-07-20T12:19:44.064865+00:00
0,Tester | Poland,linkedin,Test Specialist,Icotera,"Szczecin, Zachodniopomorskie, Poland",On-site,Full-time,,,English,,,Recent,https://pl.linkedin.com/jobs/view/test-specialist-at-icotera-4434459727,2026-07-20T12:19:44.065184+00:00
0,Tester | Poland,linkedin,Tester/Testerka,IT-Dev sp. z o.o.,"Wrocław, Dolnośląskie, Poland",Remote,Full-time,,"Scrum, Agile",English,,,Recent,https://pl.linkedin.com/jobs/view/tester-testerka-at-it-dev-sp-z-o-o-4432569141,2026-07-20T12:19:44.065320+00:00
0,Tester | Poland,linkedin,Manual Tester,Jit Team,"Warsaw, Mazowieckie, Poland",On-site,Full-time,,,English,,,Recent,https://pl.linkedin.com/jobs/view/manual-tester-at-jit-team-4441945903,2026-07-20T12:19:44.065453+00:00
0,Tester | Poland,linkedin,Manual Tester (f/m/x),Sii Poland,"Białystok, Podlaskie, Poland",On-site,Full-time,,,English,,,Recent,https://pl.linkedin.com/jobs/view/manual-tester-f-m-x-at-sii-poland-4430289895,2026-07-20T12:19:44.065580+00:00
0,Tester | Poland,linkedin,Automation Tester,NATEK,Poznan Metropolitan Area,On-site,Full-time,,,English,,,Recent,https://pl.linkedin.com/jobs/view/automation-tester-at-natek-4404993649,2026-07-20T12:19:44.065714+00:00
0,Tester | Poland,linkedin,Tester Manualny (K/M),Ideo Software,"Rzeszów, Podkarpackie, Poland",On-site,Full-time,,,English,,,Recent,https://pl.linkedin.com/jobs/view/tester-manualny-k-m-at-ideo-software-4437788035,2026-07-20T12:19:44.065841+00:00
0,Tester | Poland,linkedin,Junior Manual Tester,Motorola Solutions,"Cracow, Małopolskie, Poland",On-site,Full-time,,Junior,English,,,Recent,https://pl.linkedin.com/jobs/view/junior-manual-tester-at-motorola-solutions-4435122301,2026-07-20T12:19:44.065969+00:00
0,Tester | Poland,linkedin,Tester manualny,BlueBinary.io,"Wrocław, Dolnośląskie, Poland",On-site,Full-time,,,English,,,Recent,https://pl.linkedin.com/jobs/view/tester-manualny-at-bluebinary-io-4441232103,2026-07-20T12:19:44.066110+00:00
0,Tester | USA,linkedin,Marine Product Tester,Navico Group,"Tulsa, OK",On-site,Full-time,,,English,,,Recent,https://www.linkedin.com/jobs/view/marine-product-tester-at-navico-group-4427196398,2026-07-20T12:19:46.566223+00:00
0,Tester | USA,linkedin,Quality Assurance Analyst,AdvisorBOB,"Bozeman, MT",On-site,Full-time,,,English,,,Recent,https://www.linkedin.com/jobs/view/quality-assurance-analyst-at-advisorbob-4437594172,2026-07-20T12:19:46.566393+00:00
0,Tester | USA,linkedin,Test Analyst,UST,"Aliso Viejo, CA",On-site,Full-time,,,English,,,Recent,https://www.linkedin.com/jobs/view/test-analyst-at-ust-4436650287,2026-07-20T12:19:46.566536+00:00
0,Tester | USA,linkedin,API Tester,HTC Global Services,"Madison, WI",On-site,Full-time,,,English,,,Recent,https://www.linkedin.com/jobs/view/api-tester-at-htc-global-services-4438930904,2026-07-20T12:19:46.566673+00:00
0,Tester | USA,linkedin,Test Technician,Gather AI,Greater Pittsburgh Region,On-site,Full-time,,,English,,,Recent,https://www.linkedin.com/jobs/view/test-technician-at-gather-ai-4431278411,2026-07-20T12:19:46.566800+00:00
0,Tester | USA,linkedin,QA Tester,Pointwest-North America,"Austin, TX",On-site,Full-time,,,English,,,Recent,https://www.linkedin.com/jobs/view/qa-tester-at-pointwest-north-america-4431796070,2026-07-20T12:19:46.566921+00:00
0,Tester | USA,linkedin,Quality Assurance Analyst,Zoot Enterprises,"Bozeman, MT",On-site,Full-time,,,English,,,Recent,https://www.linkedin.com/jobs/view/quality-assurance-analyst-at-zoot-enterprises-4438121897,2026-07-20T12:19:46.567060+00:00
0,Tester | USA,linkedin,QA Engineer,ECS,Greater Richmond Region,On-site,Full-time,,,English,,,Recent,https://www.linkedin.com/jobs/view/qa-engineer-at-ecs-4433385186,2026-07-20T12:19:46.567190+00:00
0,Tester | USA,linkedin,Test Engineer,Arcfield,"Colorado Springs, CO",On-site,Full-time,,,English,,,Recent,https://www.linkedin.com/jobs/view/test-engineer-at-arcfield-4430608652,2026-07-20T12:19:46.567319+00:00
0,Tester | USA,linkedin,Vehicle QA Tester,Capgemini Engineering,"Mendon, UT",On-site,Full-time,,,English,,,Recent,https://www.linkedin.com/jobs/view/vehicle-qa-tester-at-capgemini-engineering-4430554379,2026-07-20T12:19:46.567447+00:00
0,Tester | United Kingdom,linkedin,Automation Tester - Newcastle,Accenture UK & Ireland,"Newcastle Upon Tyne, England, United Kingdom",On-site,Full-time,,,English,,,Recent,https://uk.linkedin.com/jobs/view/automation-tester-newcastle-at-accenture-uk-ireland-4327989561,2026-07-20T12:19:49.240042+00:00
0,Tester | United Kingdom,linkedin,Quality Analyst,Kinetic Games,"Southampton, England, United Kingdom",On-site,Full-time,,,English,,,Recent,https://uk.linkedin.com/jobs/view/quality-analyst-at-kinetic-games-4440206645,2026-07-20T12:19:49.240207+00:00
0,Tester | United Kingdom,linkedin,Test Analyst,MYO Talent,"Daventry, England, United Kingdom",On-site,Full-time,,,English,,,Recent,https://uk.linkedin.com/jobs/view/test-analyst-at-myo-talent-4442140019,2026-07-20T12:19:49.240343+00:00
0,Tester | United Kingdom,linkedin,"Software Tester, Martech",bet365,"Stoke-On-Trent, England, United Kingdom",On-site,Full-time,,,English,,,Recent,https://uk.linkedin.com/jobs/view/software-tester-martech-at-bet365-4440025088,2026-07-20T12:19:49.240478+00:00
0,Tester | United Kingdom,linkedin,Test Engineer,Noir,"Bournemouth, England, United Kingdom",On-site,Full-time,,,English,,,Recent,https://uk.linkedin.com/jobs/view/test-engineer-at-noir-4441974166,2026-07-20T12:19:49.240607+00:00
0,Tester | United Kingdom,linkedin,Test Analyst,Legal & General,"Brighton And Hove, England, United Kingdom",On-site,Full-time,,,English,,,Recent,https://uk.linkedin.com/jobs/view/test-analyst-at-legal-general-4441984104,2026-07-20T12:19:49.240736+00:00
0,Tester | United Kingdom,linkedin,Test Analyst,Greggs,"Newcastle Upon Tyne, England, United Kingdom",On-site,Full-time,,,English,,,Recent,https://uk.linkedin.com/jobs/view/test-analyst-at-greggs-4434873093,2026-07-20T12:19:49.240860+00:00
0,Tester | United Kingdom,linkedin,"Software Tester, PAM",bet365,"Stoke-On-Trent, England, United Kingdom",On-site,Full-time,,,English,,,Recent,https://uk.linkedin.com/jobs/view/software-tester-pam-at-bet365-4434457637,2026-07-20T12:19:49.240985+00:00
0,Tester | United Kingdom,linkedin,Software Tester,Candour,"Halifax, England, United Kingdom",On-site,Full-time,,,English,,,Recent,https://uk.linkedin.com/jobs/view/software-tester-at-candour-4441614626,2026-07-20T12:19:49.241124+00:00
0,Tester | United Kingdom,linkedin,Test Engineer,Corecom Consulting,"Kingston upon Hull, England Metropolitan Area",On-site,Full-time,,,English,,,Recent,https://uk.linkedin.com/jobs/view/test-engineer-at-corecom-consulting-4428534701,2026-07-20T12:19:49.241248+00:00
0,QA Engineer | Germany,linkedin,QA Engineer (m/w/d),aconium GmbH,"Berlin, Germany",On-site,Full-time,,,English,,,Recent,https://de.linkedin.com/jobs/view/qa-engineer-m-w-d-at-aconium-gmbh-4437660726,2026-07-20T12:19:51.686500+00:00
0,QA Engineer | Germany,linkedin,Quality Engineer,RepRisk,"Berlin, Germany",On-site,Full-time,,,English,,,Recent,https://de.linkedin.com/jobs/view/quality-engineer-at-reprisk-4433669308,2026-07-20T12:19:51.688266+00:00
0,QA Engineer | Germany,linkedin,Quality Assurance Engineer,Quantum Machines,"Stuttgart, Baden-Württemberg, Germany",On-site,Full-time,,,English,,,Recent,https://de.linkedin.com/jobs/view/quality-assurance-engineer-at-quantum-machines-4439443736,2026-07-20T12:19:51.688407+00:00
0,QA Engineer | Germany,linkedin,QA Engineer (w/m/x) AI Infrastructure,FAST LTA,"Munich, Bavaria, Germany",On-site,Full-time,,,English,,,Recent,https://de.linkedin.com/jobs/view/qa-engineer-w-m-x-ai-infrastructure-at-fast-lta-4433651534,2026-07-20T12:19:51.688546+00:00
0,QA Engineer | Germany,linkedin,QA Engineer (m/w/d),Instaffo,"Stuttgart, Baden-Württemberg, Germany",On-site,Full-time,,,English,,,Recent,https://de.linkedin.com/jobs/view/qa-engineer-m-w-d-at-instaffo-4404303652,2026-07-20T12:19:51.688679+00:00
0,QA Engineer | Germany,linkedin,Software Test Engineer (m/w/d),CTS EVENTIM AG & Co. KGaA,"Bremen, Bremen, Germany",On-site,Full-time,,,English,,,Recent,https://de.linkedin.com/jobs/view/software-test-engineer-m-w-d-at-cts-eventim-ag-co-kgaa-4436344124,2026-07-20T12:19:51.688810+00:00
0,QA Engineer | Germany,linkedin,Software Quality Assurance / QA Engineer (m/w/d),Advancis Software & Services,"Langen, Hesse, Germany",On-site,Full-time,,,English,,,Recent,https://de.linkedin.com/jobs/view/software-quality-assurance-qa-engineer-m-w-d-at-advancis-software-services-4438497645,2026-07-20T12:19:51.688934+00:00
0,QA Engineer | Germany,linkedin,Software Test Engineer (m/w/d),CTS EVENTIM AG & Co. KGaA,"Berlin, Germany",On-site,Full-time,,,English,,,Recent,https://de.linkedin.com/jobs/view/software-test-engineer-m-w-d-at-cts-eventim-ag-co-kgaa-4436331468,2026-07-20T12:19:51.689073+00:00
0,QA Engineer | Germany,linkedin,Test Automation Engineer (m/f/d),Quantum Systems,Greater Munich Metropolitan Area,On-site,Full-time,Test Automation,,English,,,Recent,https://de.linkedin.com/jobs/view/test-automation-engineer-m-f-d-at-quantum-systems-4440757195,2026-07-20T12:19:51.689195+00:00
0,QA Engineer | Germany,linkedin,Quality Assurance Engineer (m/f/d),Yalwa GmbH,"Wiesbaden, Hesse, Germany",On-site,Full-time,,,English,,,Recent,https://de.linkedin.com/jobs/view/quality-assurance-engineer-m-f-d-at-yalwa-gmbh-4440395938,2026-07-20T12:19:51.689319+00:00
0,QA Engineer | Austria,linkedin,Quality Engineer,Trayport,"Vienna, Vienna, Austria",On-site,Full-time,,,English,,,Recent,https://at.linkedin.com/jobs/view/quality-engineer-at-trayport-4399977766,2026-07-20T12:19:54.125242+00:00
0,QA Engineer | Austria,linkedin,Software Quality Engineer (m/w/d),KNAPP,"Hart bei Graz, Styria, Austria",On-site,Full-time,,,English,,,Recent,https://at.linkedin.com/jobs/view/software-quality-engineer-m-w-d-at-knapp-4440760445,2026-07-20T12:19:54.125406+00:00
0,QA Engineer | Austria,linkedin,QA Engineer (m/w/d),Axess,"Anif, Salzburg, Austria",On-site,Full-time,,,English,,,Recent,https://at.linkedin.com/jobs/view/qa-engineer-m-w-d-at-axess-4439980548,2026-07-20T12:19:54.125812+00:00
0,QA Engineer | Austria,linkedin,Software Test Engineer (w/m/d),Bachmann electronic GmbH,"Feldkirch, Vorarlberg, Austria",On-site,Full-time,,,English,,,Recent,https://at.linkedin.com/jobs/view/software-test-engineer-w-m-d-at-bachmann-electronic-gmbh-4433313457,2026-07-20T12:19:54.126074+00:00
0,QA Engineer | Austria,linkedin,Software Test Engineer (f/m/d),SCIENTIFIC GAMES,"Vienna, Austria",On-site,Full-time,,,English,,,Recent,https://at.linkedin.com/jobs/view/software-test-engineer-f-m-d-at-scientific-games-4431490456,2026-07-20T12:19:54.126200+00:00
0,QA Engineer | Austria,linkedin,Verification Engineer (m/w/d),Dedalus,"Vienna, Vienna, Austria",On-site,Full-time,,,English,,,Recent,https://at.linkedin.com/jobs/view/verification-engineer-m-w-d-at-dedalus-4377260704,2026-07-20T12:19:54.126328+00:00
0,QA Engineer | Austria,linkedin,Software Test Engineer & Documentation Writer (w/m/d),Delegate Group,"Vienna, Vienna, Austria",On-site,Full-time,,,English,,,Recent,https://at.linkedin.com/jobs/view/software-test-engineer-documentation-writer-w-m-d-at-delegate-group-4433935682,2026-07-20T12:19:54.126451+00:00
0,QA Engineer | Switzerland,linkedin,Software Quality Assurance Engineer,WEDO,"Fribourg, Fribourg, Switzerland",On-site,Full-time,,,English,,,Recent,https://ch.linkedin.com/jobs/view/software-quality-assurance-engineer-at-wedo-4438646954,2026-07-20T12:19:56.594370+00:00
0,QA Engineer | Switzerland,linkedin,QA Engineer – eBanking (Private Banking / Wealth Management),UBP - Union Bancaire Privée,"Geneva, Geneva, Switzerland",On-site,Full-time,,,English,,,Recent,https://ch.linkedin.com/jobs/view/qa-engineer-%E2%80%93-ebanking-private-banking-wealth-management-at-ubp-union-bancaire-priv%C3%A9e-4442101947,2026-07-20T12:19:56.594783+00:00
0,QA Engineer | Switzerland,linkedin,QA Engineer (eBanking),Sword Group,"Genève, Geneva, Switzerland",On-site,Full-time,,,English,,,Recent,https://ch.linkedin.com/jobs/view/qa-engineer-ebanking-at-sword-group-4439090491,2026-07-20T12:19:56.594919+00:00
0,QA Engineer | Switzerland,linkedin,QA Engineer Ebanking,Talan,"Genève, Geneva, Switzerland",On-site,Full-time,,,English,,,Recent,https://ch.linkedin.com/jobs/view/qa-engineer-ebanking-at-talan-4440580773,2026-07-20T12:19:56.595065+00:00
0,QA Engineer | Switzerland,linkedin,QA Engineer – Wallisellen,Stadler,"Wallisellen / Hof, Zurich, Switzerland",On-site,Full-time,,,English,,,Recent,https://ch.linkedin.com/jobs/view/qa-engineer-%E2%80%93-wallisellen-at-stadler-4440217971,2026-07-20T12:19:56.595198+00:00
0,QA Engineer | Switzerland,linkedin,Test Automation Engineer / Testingenieur (M/W),Expleo Group,"Bern, Berne, Switzerland",On-site,Full-time,Test Automation,,English,,,Recent,https://ch.linkedin.com/jobs/view/test-automation-engineer-testingenieur-m-w-at-expleo-group-4425699516,2026-07-20T12:19:56.595330+00:00
0,QA Engineer | Slovakia,linkedin,Quality Assurance Engineer,Swiss Re,"Bratislava, Bratislava, Slovakia",On-site,Full-time,,,English,,,Recent,https://sk.linkedin.com/jobs/view/quality-assurance-engineer-at-swiss-re-4442045150,2026-07-20T12:20:01.465424+00:00
0,QA Engineer | Slovakia,linkedin,Experienced Test Automation Engineer,Accenture na Slovensku,"Bratislava, Bratislava, Slovakia",On-site,Full-time,Test Automation,,English,,,Recent,https://sk.linkedin.com/jobs/view/experienced-test-automation-engineer-at-accenture-na-slovensku-4439873951,2026-07-20T12:20:01.465552+00:00
0,QA Engineer | Slovakia,linkedin,Test Automation Engineer,Avenga,"Bratislava, Bratislava, Slovakia",On-site,Full-time,Test Automation,,English,,,Recent,https://sk.linkedin.com/jobs/view/test-automation-engineer-at-avenga-4331424496,2026-07-20T12:20:01.465819+00:00
0,QA Engineer | Slovakia,linkedin,Test Automation Engineer (Medior) (m/f/d),Expersoft Systems,Bratislava Metropolitan Area,On-site,Full-time,Test Automation,,English,,,Recent,https://sk.linkedin.com/jobs/view/test-automation-engineer-medior-m-f-d-at-expersoft-systems-4434534679,2026-07-20T12:20:01.465946+00:00
0,QA Engineer | Czech Republic,linkedin,Quality Engineer II,Integer Holdings Corporation,"Santo Domingo, Distrito Nacional, Dominican Republic",On-site,Full-time,,,English,,,Recent,https://do.linkedin.com/jobs/view/quality-engineer-ii-at-integer-holdings-corporation-4414629902,2026-07-20T12:20:03.886857+00:00
0,QA Engineer | Czech Republic,linkedin,Quality Engineer II-2,Integer Holdings Corporation,"Santo Domingo, Distrito Nacional, Dominican Republic",On-site,Full-time,,,English,,,Recent,https://do.linkedin.com/jobs/view/quality-engineer-ii-2-at-integer-holdings-corporation-4414630897,2026-07-20T12:20:03.886985+00:00
0,QA Engineer | Czech Republic,linkedin,Quality Engineer,PCS Wireless,"Praderas del Este, Santo Domingo, Dominican Republic",On-site,Full-time,,,English,,,Recent,https://do.linkedin.com/jobs/view/quality-engineer-at-pcs-wireless-4437323183,2026-07-20T12:20:03.887132+00:00
0,QA Engineer | Czech Republic,linkedin,"Engineer 2, Quality",BD,Dominican Republic,On-site,Full-time,,,English,,,Recent,https://do.linkedin.com/jobs/view/engineer-2-quality-at-bd-4440504212,2026-07-20T12:20:03.887262+00:00
0,QA Engineer | Czech Republic,linkedin,Quality engineer,Eaton,"Bajos de Haina, San Cristóbal, Dominican Republic",On-site,Full-time,,,English,,,Recent,https://do.linkedin.com/jobs/view/quality-engineer-at-eaton-4434551306,2026-07-20T12:20:03.887395+00:00
0,QA Engineer | Poland,linkedin,QA ENGINEER,Workai,"Białystok, Podlaskie, Poland",On-site,Full-time,,,English,,,Recent,https://pl.linkedin.com/jobs/view/qa-engineer-at-workai-4437630094,2026-07-20T12:20:06.374857+00:00
0,QA Engineer | Poland,linkedin,QA Engineer,Aristocrat,"Warsaw, Mazowieckie, Poland",On-site,Full-time,,,English,,,Recent,https://pl.linkedin.com/jobs/view/qa-engineer-at-aristocrat-4418848627,2026-07-20T12:20:06.375040+00:00
0,QA Engineer | Poland,linkedin,QA Engineer,Luxoft,Poland,On-site,Full-time,,,English,,,Recent,https://pl.linkedin.com/jobs/view/qa-engineer-at-luxoft-4441986313,2026-07-20T12:20:06.375176+00:00
0,QA Engineer | Poland,linkedin,QA Engineer,SINGU,"Cracow, Małopolskie, Poland",On-site,Full-time,,,English,,,Recent,https://pl.linkedin.com/jobs/view/qa-engineer-at-singu-4437863832,2026-07-20T12:20:06.375310+00:00
0,QA Engineer | Poland,linkedin,Quality Assurance Engineer,Lottomart,Poland,On-site,Full-time,,,English,,,Recent,https://pl.linkedin.com/jobs/view/quality-assurance-engineer-at-lottomart-4442125022,2026-07-20T12:20:06.375438+00:00
0,QA Engineer | Poland,linkedin,Quality Assurance Engineer (QA),Tickmill,"Warsaw, Mazowieckie, Poland",On-site,Full-time,,,English,,,Recent,https://pl.linkedin.com/jobs/view/quality-assurance-engineer-qa-at-tickmill-4385011025,2026-07-20T12:20:06.375565+00:00
0,QA Engineer | Poland,linkedin,Test Engineer for system verification project- Tieto Tech Consulting (m/f/d),Tieto,"Szczecin, Zachodniopomorskie, Poland",On-site,Contract,,,English,,,Recent,https://pl.linkedin.com/jobs/view/test-engineer-for-system-verification-project-tieto-tech-consulting-m-f-d-at-tieto-4435138061,2026-07-20T12:20:06.375695+00:00
0,QA Engineer | Poland,linkedin,Software Quality Engineer,Luxoft,Poland,On-site,Full-time,,,English,,,Recent,https://pl.linkedin.com/jobs/view/software-quality-engineer-at-luxoft-4438195056,2026-07-20T12:20:06.375823+00:00
0,QA Engineer | Poland,linkedin,QA Engineer,Luxoft Poland,Poland,On-site,Full-time,,,English,,,Recent,https://pl.linkedin.com/jobs/view/qa-engineer-at-luxoft-poland-4441978997,2026-07-20T12:20:06.375949+00:00
0,QA Engineer | Poland,linkedin,Quality Assurance Engineer,italki,Poland,On-site,Full-time,,,English,,,Recent,https://pl.linkedin.com/jobs/view/quality-assurance-engineer-at-italki-4431656916,2026-07-20T12:20:06.376088+00:00
0,QA Engineer | USA,linkedin,Quality Assurance Engineer (On-Site),iWorQ Systems,"Logan, UT",On-site,Full-time,,,English,,,Recent,https://www.linkedin.com/jobs/view/quality-assurance-engineer-on-site-at-iworq-systems-4435475356,2026-07-20T12:20:08.844181+00:00
0,QA Engineer | USA,linkedin,QA Engineer,WeInfuse,"Austin, Texas Metropolitan Area",On-site,Full-time,,,English,,,Recent,https://www.linkedin.com/jobs/view/qa-engineer-at-weinfuse-4426614458,2026-07-20T12:20:08.844353+00:00
0,QA Engineer | USA,linkedin,QA Engineer,Exacta Systems,"Austin, TX",On-site,Full-time,,,English,,,Recent,https://www.linkedin.com/jobs/view/qa-engineer-at-exacta-systems-4382210948,2026-07-20T12:20:08.844495+00:00
0,QA Engineer | USA,linkedin,QA Engineer,Boom,"Austin, TX",On-site,Full-time,,,English,,,Recent,https://www.linkedin.com/jobs/view/qa-engineer-at-boom-4413360961,2026-07-20T12:20:08.844622+00:00
0,QA Engineer | USA,linkedin,QA Automation Engineer,Guidehouse,"San Antonio, TX",On-site,Full-time,,,English,,,Recent,https://www.linkedin.com/jobs/view/qa-automation-engineer-at-guidehouse-4433336789,2026-07-20T12:20:08.844750+00:00
0,QA Engineer | USA,linkedin,Quality Assurance Automation Engineer,Guidehouse,"San Antonio, TX",On-site,Full-time,,,English,,,Recent,https://www.linkedin.com/jobs/view/quality-assurance-automation-engineer-at-guidehouse-4433341659,2026-07-20T12:20:08.844879+00:00
0,QA Engineer | USA,linkedin,Test Engineer II (Manual QA),TCP Software,"San Angelo, TX",On-site,Full-time,,,English,,,Recent,https://www.linkedin.com/jobs/view/test-engineer-ii-manual-qa-at-tcp-software-4427050546,2026-07-20T12:20:08.845151+00:00
0,QA Engineer | USA,linkedin,QA Testing Engineer - Device Connectivity,Getinge,"Streetsboro, OH",On-site,Full-time,,,English,,,Recent,https://www.linkedin.com/jobs/view/qa-testing-engineer-device-connectivity-at-getinge-4432268851,2026-07-20T12:20:08.845279+00:00
0,QA Engineer | USA,linkedin,Quality Engineer,Biorce,"Austin, TX",On-site,Full-time,,,English,,,Recent,https://www.linkedin.com/jobs/view/quality-engineer-at-biorce-4433936150,2026-07-20T12:20:08.845402+00:00
0,QA Engineer | United Kingdom,linkedin,Test Engineer,Scrumconnect Consulting,"Newcastle Upon Tyne, England, United Kingdom",On-site,Full-time,,,English,,,Recent,https://uk.linkedin.com/jobs/view/test-engineer-at-scrumconnect-consulting-4431916946,2026-07-20T12:20:11.297939+00:00
0,QA Engineer | United Kingdom,linkedin,QA Engineer (Automation and Manual),UMA,"Halifax, England, United Kingdom",On-site,Full-time,,,English,,,Recent,https://uk.linkedin.com/jobs/view/qa-engineer-automation-and-manual-at-uma-4438617281,2026-07-20T12:20:11.298120+00:00
0,QA Engineer | United Kingdom,linkedin,QAOps Engineer,Symphony,"Belfast, Northern Ireland, United Kingdom",On-site,Full-time,,,English,,,Recent,https://uk.linkedin.com/jobs/view/qaops-engineer-at-symphony-4429539001,2026-07-20T12:20:11.298258+00:00
0,QA Engineer | United Kingdom,linkedin,Test Engineer,Ronald James Group,"Newcastle Upon Tyne, England, United Kingdom",On-site,Full-time,,,English,,,Recent,https://uk.linkedin.com/jobs/view/test-engineer-at-ronald-james-group-4435447347,2026-07-20T12:20:11.298388+00:00
0,QA Engineer | United Kingdom,linkedin,Test Automation Engineer,Version 1,"Newcastle Upon Tyne, England, United Kingdom",On-site,Full-time,Test Automation,,English,,,Recent,https://uk.linkedin.com/jobs/view/test-automation-engineer-at-version-1-4421957655,2026-07-20T12:20:11.298516+00:00
0,QA Engineer | United Kingdom,linkedin,QA Engineer,Reassured,"Basingstoke, England, United Kingdom",On-site,Full-time,,,English,,,Recent,https://uk.linkedin.com/jobs/view/qa-engineer-at-reassured-4428926401,2026-07-20T12:20:11.298645+00:00
0,QA Engineer | United Kingdom,linkedin,Test Automation Engineer,Version 1,"Edinburgh, Scotland, United Kingdom",On-site,Full-time,Test Automation,,English,,,Recent,https://uk.linkedin.com/jobs/view/test-automation-engineer-at-version-1-4421944780,2026-07-20T12:20:11.298774+00:00
0,QA Engineer | United Kingdom,linkedin,QA Engineer II (AI-Powered),Planet DDS,"Glasgow, Scotland, United Kingdom",On-site,Full-time,,,English,,,Recent,https://uk.linkedin.com/jobs/view/qa-engineer-ii-ai-powered-at-planet-dds-4387899796,2026-07-20T12:20:11.298899+00:00
0,Test Engineer | Germany,linkedin,Test Engineer,Xcede,"Berlin, Germany",On-site,Full-time,,,English,,,Recent,https://de.linkedin.com/jobs/view/test-engineer-at-xcede-4434314155,2026-07-20T12:20:13.770680+00:00
0,Test Engineer | Germany,linkedin,Systems Test Engineer (all gender),ALTEN Germany,"Hamburg, Germany",On-site,Full-time,,,English,,,Recent,https://de.linkedin.com/jobs/view/systems-test-engineer-all-gender-at-alten-germany-4435670756,2026-07-20T12:20:13.770849+00:00
0,Test Engineer | Germany,linkedin,Production Test Engineer (m/f/d),Quantum Systems,Greater Munich Metropolitan Area,On-site,Full-time,,,English,,,Recent,https://de.linkedin.com/jobs/view/production-test-engineer-m-f-d-at-quantum-systems-4432623216,2026-07-20T12:20:13.770981+00:00
0,Test Engineer | Germany,linkedin,Test Engineer (d/f/m),Ingenieurbüro Heimann,"Manching, Bavaria, Germany",On-site,Full-time,,,English,,,Recent,https://de.linkedin.com/jobs/view/test-engineer-d-f-m-at-ingenieurb%C3%BCro-heimann-4436375615,2026-07-20T12:20:13.771125+00:00
0,Test Engineer | Germany,linkedin,HIL Test Engineer (m/f/d),Quantum Systems,Greater Munich Metropolitan Area,On-site,Full-time,Hil,,English,,,Recent,https://de.linkedin.com/jobs/view/hil-test-engineer-m-f-d-at-quantum-systems-4440757217,2026-07-20T12:20:13.771257+00:00
0,Test Engineer | Germany,linkedin,Test & Verification Engineer – Environmental (all genders),STARK,"Munich, Bavaria, Germany",On-site,Full-time,,,English,,,Recent,https://de.linkedin.com/jobs/view/test-verification-engineer-%E2%80%93-environmental-all-genders-at-stark-4439052247,2026-07-20T12:20:13.771378+00:00
0,Test Engineer | Germany,linkedin,Robotics Test Engineer (m/f/d) - Quality & Safety,Agile Robots SE,"Munich, Bavaria, Germany",On-site,Full-time,,Agile,English,,,Recent,https://de.linkedin.com/jobs/view/robotics-test-engineer-m-f-d-quality-safety-at-agile-robots-se-4429448748,2026-07-20T12:20:13.771519+00:00
0,Test Engineer | Germany,linkedin,Test Engineer,Luxoft,"Ingolstadt, Bavaria, Germany",On-site,Full-time,,,English,,,Recent,https://de.linkedin.com/jobs/view/test-engineer-at-luxoft-4436488479,2026-07-20T12:20:13.771651+00:00
0,Test Engineer | Germany,linkedin,Verification Engineer (100%),Belimo,"Großröhrsdorf, Saxony, Germany",Remote,Full-time,,R,English,,,Recent,https://de.linkedin.com/jobs/view/verification-engineer-100%25-at-belimo-4406533527,2026-07-20T12:20:13.771780+00:00
0,Test Engineer | Germany,linkedin,Test and Quality Engineer,JDA Systems,"Emden, Lower Saxony, Germany",On-site,Full-time,,,English,,,Recent,https://de.linkedin.com/jobs/view/test-and-quality-engineer-at-jda-systems-4438619970,2026-07-20T12:20:13.771909+00:00
0,Test Engineer | Slovakia,linkedin,Test Engineer,Vertiv,"Nové Mesto nad Váhom, Trenciansky, Slovakia",On-site,Full-time,,,English,,,Recent,https://sk.linkedin.com/jobs/view/test-engineer-at-vertiv-4430484432,2026-07-20T12:20:22.390514+00:00
0,Test Engineer | Slovakia,linkedin,Controller Tester,Vertiv,"Nové Mesto nad Váhom, Trenciansky, Slovakia",On-site,Full-time,,,English,,,Recent,https://sk.linkedin.com/jobs/view/controller-tester-at-vertiv-4368667919,2026-07-20T12:20:22.391658+00:00
0,Test Engineer | Czech Republic,linkedin,Quality Engineer I,Jabil,"Santo Domingo, Dominican Republic",On-site,Full-time,,,English,,,Recent,https://do.linkedin.com/jobs/view/quality-engineer-i-at-jabil-4434682332,2026-07-20T12:20:24.841297+00:00
0,Test Engineer | United Kingdom,linkedin,Test Engineer,Actemium UK,"Gloucester, England, United Kingdom",On-site,Full-time,,,English,,,Recent,https://uk.linkedin.com/jobs/view/test-engineer-at-actemium-uk-4432199865,2026-07-20T12:20:31.412080+00:00
0,Test Engineer | United Kingdom,linkedin,Test Engineer,VINCI,"Gloucester, England, United Kingdom",On-site,Full-time,,,English,,,Recent,https://uk.linkedin.com/jobs/view/test-engineer-at-vinci-4431481413,2026-07-20T12:20:31.412252+00:00
0,Test Engineer | United Kingdom,linkedin,Test Engineer,CB&I,"Aberdeen, Scotland, United Kingdom",On-site,Full-time,,,English,,,Recent,https://uk.linkedin.com/jobs/view/test-engineer-at-cb-i-4429504927,2026-07-20T12:20:31.412392+00:00
0,Test Engineer | United Kingdom,linkedin,Test Engineer,VINCI Energies,"Gloucester, England, United Kingdom",On-site,Full-time,,,English,,,Recent,https://uk.linkedin.com/jobs/view/test-engineer-at-vinci-energies-4442152020,2026-07-20T12:20:31.412524+00:00
0,Test Engineer | United Kingdom,linkedin,Hardware Quality Assurance Engineer,TAIT,"Haverhill, England, United Kingdom",On-site,Full-time,,,English,,,Recent,https://uk.linkedin.com/jobs/view/hardware-quality-assurance-engineer-at-tait-4436464958,2026-07-20T12:20:31.412656+00:00
0,Test Engineer | United Kingdom,linkedin,Test Engineer,Embla Medical,"Livingston, Scotland, United Kingdom",On-site,Full-time,,,English,,,Recent,https://uk.linkedin.com/jobs/view/test-engineer-at-embla-medical-4439876828,2026-07-20T12:20:31.412782+00:00
0,Test Engineer | United Kingdom,linkedin,Quality Test Engineer,Acteon,"Wokingham, England, United Kingdom",On-site,Full-time,,,English,,,Recent,https://uk.linkedin.com/jobs/view/quality-test-engineer-at-acteon-4438481440,2026-07-20T12:20:31.412907+00:00
0,Test Engineer | United Kingdom,linkedin,Test Engineer,L3Harris Technologies,"Brighton, England, United Kingdom",On-site,Full-time,,,English,,,Recent,https://uk.linkedin.com/jobs/view/test-engineer-at-l3harris-technologies-4439336096,2026-07-20T12:20:31.413176+00:00
0,Test Engineer | United Kingdom,linkedin,Systems Test Engineer,Leonardo,"Edinburgh, Scotland, United Kingdom",On-site,Full-time,,,English,,,Recent,https://uk.linkedin.com/jobs/view/systems-test-engineer-at-leonardo-4435546364,2026-07-20T12:20:31.413302+00:00
0,Testingenieur | Germany,linkedin,Testingenieur (m/w/d),FERCHAU,"Stuttgart, Baden-Württemberg, Germany",On-site,Full-time,,,English,,,Recent,https://de.linkedin.com/jobs/view/testingenieur-m-w-d-at-ferchau-4438571739,2026-07-20T12:20:33.901693+00:00
0,Testingenieur | Germany,linkedin,Testingenieur (m/w/d),FERCHAU,"Lübeck, Schleswig-Holstein, Germany",On-site,Full-time,,,English,,,Recent,https://de.linkedin.com/jobs/view/testingenieur-m-w-d-at-ferchau-4438575734,2026-07-20T12:20:33.901831+00:00
0,Testingenieur | Germany,linkedin,Mitarbeiter Testing (m/w/d),Schmitz Cargobull AG,"Münster, North Rhine-Westphalia, Germany",On-site,Full-time,,Associate,English,,,Recent,https://de.linkedin.com/jobs/view/mitarbeiter-testing-m-w-d-at-schmitz-cargobull-ag-4401734391,2026-07-20T12:20:33.901959+00:00
0,Testingenieur | Germany,linkedin,Testingenieur (m/w/d),Anschuetz GmbH,"Kiel, Schleswig-Holstein, Germany",On-site,Full-time,,,English,,,Recent,https://de.linkedin.com/jobs/view/testingenieur-m-w-d-at-anschuetz-gmbh-4430274229,2026-07-20T12:20:33.902134+00:00
0,Testingenieur | Germany,linkedin,Test Engineer Flight Control System - Flight Management System,Airbus Defence and Space,"Manching, Bavaria, Germany",On-site,Full-time,,,English,,,Recent,https://de.linkedin.com/jobs/view/test-engineer-flight-control-system-flight-management-system-at-airbus-defence-and-space-4438032435,2026-07-20T12:20:33.902277+00:00
0,Testingenieur | Germany,linkedin,System Test Engineer - SigInt Products (m/w/d),Saab,"Nuremberg, Bavaria, Germany",On-site,Full-time,,,English,,,Recent,https://de.linkedin.com/jobs/view/system-test-engineer-sigint-products-m-w-d-at-saab-4433853009,2026-07-20T12:20:33.902411+00:00
0,Testingenieur | Germany,linkedin,Testingenieur (m/w/d),Panasonic Industry Europe,"Ottobrunn, Bavaria, Germany",On-site,Full-time,,,English,,,Recent,https://de.linkedin.com/jobs/view/testingenieur-m-w-d-at-panasonic-industry-europe-4422005695,2026-07-20T12:20:33.902672+00:00
0,Testingenieur | Switzerland,linkedin,Test & Verification Engineer (Robotics),Hexagon Robotics,"Zurich, Switzerland",On-site,Full-time,,,English,,,Recent,https://ch.linkedin.com/jobs/view/test-verification-engineer-robotics-at-hexagon-robotics-4435672325,2026-07-20T12:20:38.429784+00:00
0,Testingenieur | Switzerland,linkedin,Test Engineer (w/m) 100% - Hybrid,Franke Group,"Aarburg, Aargau, Switzerland",Remote,Full-time,,,English,,,Recent,https://ch.linkedin.com/jobs/view/test-engineer-w-m-100%25-hybrid-at-franke-group-4441495148,2026-07-20T12:20:38.429926+00:00
0,Testingenieur | Switzerland,linkedin,Testingenieur*in Hardware (w/m/d),Endress+Hauser Group,"Reinach, Basel-Country, Switzerland",On-site,Full-time,,,English,,,Recent,https://ch.linkedin.com/jobs/view/testingenieur-in-hardware-w-m-d-at-endress%2Bhauser-group-4440975027,2026-07-20T12:20:38.430078+00:00
0,Testingenieur | Switzerland,linkedin,Testingenieur Technisches Labor (w/m/d) 100% - Schaerer AG,Groupe SEB,"Solothurn, Solothurn, Switzerland",Remote,Full-time,,,English,,,Recent,https://ch.linkedin.com/jobs/view/testingenieur-technisches-labor-w-m-d-100%25-schaerer-ag-at-groupe-seb-4418175565,2026-07-20T12:20:38.430210+00:00
0,Testingenieur | Switzerland,linkedin,Testingenieur*in / Testtechniker*in (m/w/d),Wagner International AG,"Altstätten, St Gallen, Switzerland",On-site,Internship,,,English,,,Recent,https://ch.linkedin.com/jobs/view/testingenieur-in-testtechniker-in-m-w-d-at-wagner-international-ag-4440964361,2026-07-20T12:20:38.430464+00:00
0,Testingenieur | Switzerland,linkedin,Prüfingenieur:in,"Müntener & Thomas Personal- und Unternehmensberatung AG, Chur & Buchs","Chur, Graubünden, Switzerland",On-site,Full-time,,,German,,,Recent,https://ch.linkedin.com/jobs/view/pr%C3%BCfingenieur-in-at-m%C3%BCntener-thomas-personal-und-unternehmensberatung-ag-chur-buchs-4430201922,2026-07-20T12:20:38.430868+00:00
0,Testingenieur | Slovakia,linkedin,QA Engineer / Test Analyst (German-speaking projects) (m/f),PwC Slovakia,"Bratislava, Bratislava, Slovakia",On-site,Contract,,,English,,,Recent,https://sk.linkedin.com/jobs/view/qa-engineer-test-analyst-german-speaking-projects-m-f-at-pwc-slovakia-4424234846,2026-07-20T12:20:43.343122+00:00
0,Testingenieur | Czech Republic,linkedin,Inženýr/ka zákaznické kvality,MANN+HUMMEL,Dominican Republic,On-site,Full-time,,R,English,,,Recent,https://do.linkedin.com/jobs/view/in%C5%BEen%C3%BDr-ka-z%C3%A1kaznick%C3%A9-kvality-at-mann%2Bhummel-4440926138,2026-07-20T12:20:45.738911+00:00
0,Testingenieur | Poland,linkedin,TEST ENGINEER with German,Atos,"Wrocław, Dolnośląskie, Poland",On-site,Full-time,,,English,,,Recent,https://pl.linkedin.com/jobs/view/test-engineer-with-german-at-atos-4352209839,2026-07-20T12:20:48.205679+00:00
0,Testingenieur | Poland,linkedin,Test Engineer- Manual 4G/5G - Tieto Tech Consulting (m/f/d),Tieto,"Szczecin, Zachodniopomorskie, Poland",On-site,Full-time,,,English,,,Recent,https://pl.linkedin.com/jobs/view/test-engineer-manual-4g-5g-tieto-tech-consulting-m-f-d-at-tieto-4430474499,2026-07-20T12:20:48.205985+00:00
0,Testingenieur | Poland,linkedin,System Test Engineer (Mid),BorgWarner,"Cracow, Małopolskie, Poland",On-site,Full-time,,,English,,,Recent,https://pl.linkedin.com/jobs/view/system-test-engineer-mid-at-borgwarner-4379675644,2026-07-20T12:20:48.206134+00:00
0,Testingenieur | Poland,linkedin,Automotive Test Engineer,UBIQUITY SERVICE,"Warsaw, Mazowieckie, Poland",On-site,Full-time,,,English,,,Recent,https://pl.linkedin.com/jobs/view/automotive-test-engineer-at-ubiquity-service-4437350105,2026-07-20T12:20:48.206268+00:00
0,Testingenieur | Poland,linkedin,Junior Test Engineer,ABB,"Aleksandrów Łódzki, Łódzkie, Poland",On-site,Full-time,,Junior,English,,,Recent,https://pl.linkedin.com/jobs/view/junior-test-engineer-at-abb-4431722814,2026-07-20T12:20:48.206397+00:00
0,Testingenieur | Poland,linkedin,Test Engineer,BorgWarner,"Błonie, Mazowieckie, Poland",On-site,Full-time,,,English,,,Recent,https://pl.linkedin.com/jobs/view/test-engineer-at-borgwarner-4437021834,2026-07-20T12:20:48.206526+00:00
0,Testingenieur | Poland,linkedin,Test&Validation Engineer (M/F/D),Valeo,"Czechowice-Dziedzice, Śląskie, Poland",On-site,Full-time,,,English,,,Recent,https://pl.linkedin.com/jobs/view/test-validation-engineer-m-f-d-at-valeo-4362375870,2026-07-20T12:20:48.206657+00:00
0,Testingenieur | Poland,linkedin,Test & Validation Engineer - Mechatronics Systems (M/F/D),Valeo,"Czechowice-Dziedzice, Śląskie, Poland",On-site,Full-time,,,English,,,Recent,https://pl.linkedin.com/jobs/view/test-validation-engineer-mechatronics-systems-m-f-d-at-valeo-4436392193,2026-07-20T12:20:48.206788+00:00
0,Testingenieur | Poland,linkedin,Test & Validation Engineer,Lyten,"Gdańsk, Pomorskie, Poland",On-site,Full-time,,,English,,,Recent,https://pl.linkedin.com/jobs/view/test-validation-engineer-at-lyten-4428074180,2026-07-20T12:20:48.206924+00:00
0,Testingenieur | USA,linkedin,Test Automation Engineer,MEDIFOX DAN,Mobile Metropolitan Area,Remote,Full-time,Test Automation,,English,,,Recent,https://www.linkedin.com/jobs/view/test-automation-engineer-at-medifox-dan-4433826503,2026-07-20T12:20:50.692767+00:00
0,Testingenieur | USA,linkedin,QS-Engineer (m/w/d),ZDF Digital Medienproduktion GmbH,Mobile Metropolitan Area,Remote,Full-time,,,English,,,Recent,https://www.linkedin.com/jobs/view/qs-engineer-m-w-d-at-zdf-digital-medienproduktion-gmbh-4438269391,2026-07-20T12:20:50.692938+00:00
0,Testingenieur | USA,linkedin,Systems Test Engineer,Philips,"Bothell, WA",On-site,Full-time,,,English,,,Recent,https://www.linkedin.com/jobs/view/systems-test-engineer-at-philips-4440786164,2026-07-20T12:20:50.693241+00:00
0,Testingenieur | USA,linkedin,Autonomous Vehicle Test Engineer,General Motors,"Sunnyvale, CA",On-site,Full-time,,,English,,,Recent,https://www.linkedin.com/jobs/view/autonomous-vehicle-test-engineer-at-general-motors-4438514424,2026-07-20T12:20:50.693372+00:00
0,Testingenieur | USA,linkedin,System Test Engineer,Zoox,"Foster City, CA",On-site,Full-time,,,English,,,Recent,https://www.linkedin.com/jobs/view/system-test-engineer-at-zoox-4358400752,2026-07-20T12:20:50.693635+00:00
0,Testingenieur | USA,linkedin,Firmware Test Engineer,Lyft,"San Francisco County, CA",On-site,Full-time,Firmware,,English,,,Recent,https://www.linkedin.com/jobs/view/firmware-test-engineer-at-lyft-4417776592,2026-07-20T12:20:50.693762+00:00
0,Testingenieur | USA,linkedin,Test Engineer,Subsense Inc.,"Palo Alto, CA",On-site,Full-time,,,English,,,Recent,https://www.linkedin.com/jobs/view/test-engineer-at-subsense-inc-4435365508,2026-07-20T12:20:50.693888+00:00
0,Testingenieur | USA,linkedin,Test Engineer 2,Lam Research,"Tualatin, OR",On-site,Full-time,,,English,,,Recent,https://www.linkedin.com/jobs/view/test-engineer-2-at-lam-research-4436853648,2026-07-20T12:20:50.694026+00:00
0,Testingenieur | United Kingdom,linkedin,Embedded system Test Engineer,Qualitrol,"Glasgow, Scotland, United Kingdom",On-site,Full-time,,,English,,,Recent,https://uk.linkedin.com/jobs/view/embedded-system-test-engineer-at-qualitrol-4440528794,2026-07-20T12:20:53.139019+00:00
0,Test Automation | Germany,linkedin,Software Engineer in Test,Dataiku,Berlin Metropolitan Area,On-site,Full-time,,,English,,,Recent,https://de.linkedin.com/jobs/view/software-engineer-in-test-at-dataiku-4426396942,2026-07-20T12:20:55.609803+00:00
0,Test Automation | Germany,linkedin,SDET (Software Developer Engineer in Test),Priceline,"Berlin, Germany",On-site,Full-time,,,English,,,Recent,https://de.linkedin.com/jobs/view/sdet-software-developer-engineer-in-test-at-priceline-4428700186,2026-07-20T12:20:55.610127+00:00
0,Test Automation | Germany,linkedin,Test Automation Engineer (w/m/d),HUK-COBURG,"Coburg, Bavaria, Germany",On-site,Full-time,Test Automation,,English,,,Recent,https://de.linkedin.com/jobs/view/test-automation-engineer-w-m-d-at-huk-coburg-4438497294,2026-07-20T12:20:55.610261+00:00
0,Test Automation | Germany,linkedin,Software Engineer in Test (Berlin),Cresta,"Berlin, Berlin, Germany",On-site,Full-time,,,English,,,Recent,https://de.linkedin.com/jobs/view/software-engineer-in-test-berlin-at-cresta-4343158227,2026-07-20T12:20:55.610522+00:00
0,Test Automation | Germany,linkedin,Test Automation Engineer (all gender),ALTEN Germany,"Nuremberg, Bavaria, Germany",On-site,Full-time,Test Automation,,English,,,Recent,https://de.linkedin.com/jobs/view/test-automation-engineer-all-gender-at-alten-germany-4437003906,2026-07-20T12:20:55.610786+00:00
0,Test Automation | Germany,linkedin,Software Test Engineer (m/w/d),CTS EVENTIM AG & Co. KGaA,"Hamburg, Hamburg, Germany",On-site,Full-time,,,English,,,Recent,https://de.linkedin.com/jobs/view/software-test-engineer-m-w-d-at-cts-eventim-ag-co-kgaa-4436338321,2026-07-20T12:20:55.610916+00:00
0,Test Automation | Austria,linkedin,Test Automation Engineer C# (m/f/x),ADMIRAL Technologies,"Vienna, Austria",On-site,Full-time,"C, Test Automation",C#,English,,,Recent,https://at.linkedin.com/jobs/view/test-automation-engineer-c%23-m-f-x-at-admiral-technologies-4430888896,2026-07-20T12:20:58.043850+00:00
0,Test Automation | Austria,linkedin,Test Automation Engineer (f/m/d),Drei Österreich,"Vienna, Vienna, Austria",On-site,Full-time,Test Automation,,English,,,Recent,https://at.linkedin.com/jobs/view/test-automation-engineer-f-m-d-at-drei-%C3%B6sterreich-4437046741,2026-07-20T12:20:58.044180+00:00
0,Test Automation | Austria,linkedin,R&D Software Integration & Test Automation Engineer - Digital Health (m/w/d),KNAPP,"Hart bei Graz, Styria, Austria",On-site,Full-time,Test Automation,R,English,,,Recent,https://at.linkedin.com/jobs/view/r-d-software-integration-test-automation-engineer-digital-health-m-w-d-at-knapp-4439138332,2026-07-20T12:20:58.044314+00:00
0,Test Automation | Austria,linkedin,Test Automation Engineer C# (m/w/x),DS AUTOMOTION GmbH,"Linz, Upper Austria, Austria",On-site,Full-time,"C, Test Automation",C#,English,,,Recent,https://at.linkedin.com/jobs/view/test-automation-engineer-c%23-m-w-x-at-ds-automotion-gmbh-4435097967,2026-07-20T12:20:58.044451+00:00
0,Test Automation | Austria,linkedin,Test Automation Engineer (m/f/d),Atos,"Vienna, Vienna, Austria",On-site,Full-time,Test Automation,,English,,,Recent,https://at.linkedin.com/jobs/view/test-automation-engineer-m-f-d-at-atos-4425302065,2026-07-20T12:20:58.044710+00:00
0,Test Automation | Austria,linkedin,Test Automation Engineer (w/m/d),WienIT GmbH,"Vienna, Vienna, Austria",On-site,Full-time,Test Automation,,English,,,Recent,https://at.linkedin.com/jobs/view/test-automation-engineer-w-m-d-at-wienit-gmbh-4436809702,2026-07-20T12:20:58.044969+00:00
0,Test Automation | Austria,linkedin,Test Automation Engineer (all genders) [Graz],adesso Austria GmbH,"Graz, Styria, Austria",On-site,Full-time,Test Automation,,English,,,Recent,https://at.linkedin.com/jobs/view/test-automation-engineer-all-genders-graz-at-adesso-austria-gmbh-4370389678,2026-07-20T12:20:58.045107+00:00
0,Test Automation | Switzerland,linkedin,Entwickler:in Testautomatisierung,PostFinance,"Bern, Berne, Switzerland",On-site,Full-time,Test Automation,,English,,,Recent,https://ch.linkedin.com/jobs/view/entwickler-in-testautomatisierung-at-postfinance-4437171446,2026-07-20T12:21:00.512119+00:00
0,Test Automation | Switzerland,linkedin,System Integration & Test Engineer – Test Management & Automation,Qim info,"Geneva, Switzerland",Hybrid,Contract,"Can, Java, Python, Test Automation","Devops, Waterfall, Agile",English,,,Recent,https://ch.linkedin.com/jobs/view/system-integration-test-engineer-%E2%80%93-test-management-automation-at-qim-info-4438072201,2026-07-20T12:21:00.512400+00:00
0,Test Automation | Czech Republic,linkedin,Sr. SDET (Gaming Industry),Perform,Dominican Republic,On-site,Full-time,,,English,,,Recent,https://do.linkedin.com/jobs/view/sr-sdet-gaming-industry-at-perform-4362287427,2026-07-20T12:21:07.742751+00:00
0,Test Automation | Poland,linkedin,Test Automation Engineer (with C# or Python),N-iX,Cracow Metropolitan Area,On-site,Full-time,"C, Python, Test Automation",C#,English,,,Recent,https://pl.linkedin.com/jobs/view/test-automation-engineer-with-c%23-or-python-at-n-ix-4435445058,2026-07-20T12:21:10.260158+00:00
0,Test Automation | Poland,linkedin,Test Automation Engineer,Euroclear,"Cracow, Małopolskie, Poland",On-site,Full-time,Test Automation,,English,,,Recent,https://pl.linkedin.com/jobs/view/test-automation-engineer-at-euroclear-4401464092,2026-07-20T12:21:10.260484+00:00
0,Test Automation | Poland,linkedin,Mid Test Automation Engineer (he/she) - Praca zdalna,Astek,"Warsaw, Mazowieckie, Poland",On-site,Full-time,Test Automation,,English,,,Recent,https://pl.linkedin.com/jobs/view/mid-test-automation-engineer-he-she-praca-zdalna-at-astek-4428250987,2026-07-20T12:21:10.260623+00:00
0,Test Automation | Poland,linkedin,Test Automation Engineer,Deloitte,"Szczecin, Zachodniopomorskie, Poland",On-site,Full-time,Test Automation,,English,,,Recent,https://pl.linkedin.com/jobs/view/test-automation-engineer-at-deloitte-4433705503,2026-07-20T12:21:10.260759+00:00
0,Test Automation | Poland,linkedin,QA Automation Engineer,Kramp,"Konin, Wielkopolskie, Poland",On-site,Full-time,,,English,,,Recent,https://pl.linkedin.com/jobs/view/qa-automation-engineer-at-kramp-4414669062,2026-07-20T12:21:10.260894+00:00
0,Test Automation | Poland,linkedin,Test Automation Engineer,Deloitte,"Gdańsk, Pomorskie, Poland",On-site,Full-time,Test Automation,,English,,,Recent,https://pl.linkedin.com/jobs/view/test-automation-engineer-at-deloitte-4433191963,2026-07-20T12:21:10.261038+00:00
0,Test Automation | Poland,linkedin,Test Developer,HCLTech,Gdansk Metropolitan Area,On-site,Full-time,,,English,,,Recent,https://pl.linkedin.com/jobs/view/test-developer-at-hcltech-4431832241,2026-07-20T12:21:10.261297+00:00
0,Test Automation | Poland,linkedin,Automation QA Engineer (SDET),LoopMe,"Cracow, Małopolskie, Poland",On-site,Full-time,,,English,,,Recent,https://pl.linkedin.com/jobs/view/automation-qa-engineer-sdet-at-loopme-4423932805,2026-07-20T12:21:10.261423+00:00
0,Test Automation | USA,linkedin,RPA / Test Automation Engineer,Vertiv,"Westerville, OH",On-site,Full-time,Test Automation,,English,,,Recent,https://www.linkedin.com/jobs/view/rpa-test-automation-engineer-at-vertiv-4427642573,2026-07-20T12:21:12.709636+00:00
0,Test Automation | USA,linkedin,SDET II,CHAMP,"Cleveland, OH",On-site,Full-time,,,English,,,Recent,https://www.linkedin.com/jobs/view/sdet-ii-at-champ-4440076437,2026-07-20T12:21:12.709775+00:00
0,Test Automation | USA,linkedin,Automation Test Engineer,Qualitest,"Chicago, IL",On-site,Full-time,,,English,,,Recent,https://www.linkedin.com/jobs/view/automation-test-engineer-at-qualitest-4437568000,2026-07-20T12:21:12.710058+00:00
0,Test Automation | USA,linkedin,Sr. Software Engineer in Test,Sony Interactive Entertainment,"San Diego, CA",On-site,Full-time,,,English,,,Recent,https://www.linkedin.com/jobs/view/sr-software-engineer-in-test-at-sony-interactive-entertainment-4429895308,2026-07-20T12:21:12.710185+00:00
0,Test Automation | USA,linkedin,QA/SDET,Prophetic,"Portland, OR",On-site,Full-time,,,English,,,Recent,https://www.linkedin.com/jobs/view/qa-sdet-at-prophetic-4430270088,2026-07-20T12:21:12.710435+00:00
0,Test Automation | USA,linkedin,Automation Engineer II,Western National Insurance,"Edina, MN",On-site,Full-time,,,English,,,Recent,https://www.linkedin.com/jobs/view/automation-engineer-ii-at-western-national-insurance-4414931619,2026-07-20T12:21:12.710677+00:00
0,Test Automation | United Kingdom,linkedin,"Software Engineer in Test - Onsite or Remote (FR, UK, DE, NL)",Dataiku,"Middle Barton, England, United Kingdom",Remote,Full-time,,,English,,,Recent,https://uk.linkedin.com/jobs/view/software-engineer-in-test-onsite-or-remote-fr-uk-de-nl-at-dataiku-4422757219,2026-07-20T12:21:15.186987+00:00
0,Test Automation | United Kingdom,linkedin,SDET - Software Development Engineer in Test,Compare the Market,"Peterborough, England, United Kingdom",On-site,Full-time,,,English,,,Recent,https://uk.linkedin.com/jobs/view/sdet-software-development-engineer-in-test-at-compare-the-market-4439086094,2026-07-20T12:21:15.187126+00:00
0,Python Developer | Germany,linkedin,Python Engineer (m/w/d),SOA Experts GmbH,"Hamburg, Germany",On-site,Full-time,Python,,English,,,Recent,https://de.linkedin.com/jobs/view/python-engineer-m-w-d-at-soa-experts-gmbh-4415771641,2026-07-20T12:21:17.595721+00:00
0,Python Developer | Germany,linkedin,Software Engineer,Moody's Corporation,"Berlin, Berlin, Germany",On-site,Full-time,,,English,,,Recent,https://de.linkedin.com/jobs/view/software-engineer-at-moody-s-corporation-4442165815,2026-07-20T12:21:17.595888+00:00
0,Python Developer | Germany,linkedin,Software Engineer (Python),Audatic,"Berlin, Germany",On-site,Full-time,Python,,English,,,Recent,https://de.linkedin.com/jobs/view/software-engineer-python-at-audatic-4439414435,2026-07-20T12:21:17.596036+00:00
0,Python Developer | Germany,linkedin,Software Engineer (f/m/d) - Berlin,CYCLE,"Berlin, Berlin, Germany",On-site,Full-time,,,English,,,Recent,https://de.linkedin.com/jobs/view/software-engineer-f-m-d-berlin-at-cycle-4431957057,2026-07-20T12:21:17.596160+00:00
0,Python Developer | Germany,linkedin,Back End Developer (Python),Piper Maddox,"North Rhine-Westphalia, Germany",On-site,Full-time,Python,,English,,,Recent,https://de.linkedin.com/jobs/view/back-end-developer-python-at-piper-maddox-4440762757,2026-07-20T12:21:17.596287+00:00
0,Python Developer | Germany,linkedin,Python Developer (m/w/d) – Backend & Data Engineering,Stiftung Kirchliches Rechenzentrum Südwestdeutschland,"Eggenstein, Baden-Württemberg, Germany",On-site,Full-time,Python,,English,,,Recent,https://de.linkedin.com/jobs/view/python-developer-m-w-d-%E2%80%93-backend-data-engineering-at-stiftung-kirchliches-rechenzentrum-s%C3%BCdwestdeutschland-4437014295,2026-07-20T12:21:17.596414+00:00
0,Python Developer | Germany,linkedin,Software Engineer,Skyhigh Security,"Paderborn, North Rhine-Westphalia, Germany",On-site,Full-time,,,English,,,Recent,https://de.linkedin.com/jobs/view/software-engineer-at-skyhigh-security-4417946391,2026-07-20T12:21:17.596548+00:00
0,Python Developer | Germany,linkedin,Backend Engineer,The Exploration Company,"Munich, Bavaria, Germany",On-site,Full-time,,,English,,,Recent,https://de.linkedin.com/jobs/view/backend-engineer-at-the-exploration-company-4415925680,2026-07-20T12:21:17.596668+00:00
0,Python Developer | Germany,linkedin,Software Developer Linux Python Integrations (m/w/d),Univention,"Bremen, Bremen, Germany",On-site,Full-time,Python,Linux,English,,,Recent,https://de.linkedin.com/jobs/view/software-developer-linux-python-integrations-m-w-d-at-univention-4437017231,2026-07-20T12:21:17.596792+00:00
0,Python Developer | Germany,linkedin,Junior Backend Developer,Qwello,"Munich, Bavaria, Germany",On-site,Full-time,,Junior,English,,,Recent,https://de.linkedin.com/jobs/view/junior-backend-developer-at-qwello-4442010936,2026-07-20T12:21:17.596920+00:00
0,Python Developer | Austria,linkedin,Backend Developer (Phyton/Odoo),Schrankerl,"Vienna, Vienna, Austria",On-site,Full-time,,,English,,,Recent,https://at.linkedin.com/jobs/view/backend-developer-phyton-odoo-at-schrankerl-4430678694,2026-07-20T12:21:20.108703+00:00
0,Python Developer | Austria,linkedin,Python Systems & Visualization Engineer (m/f/*),PIDSO--Propagation Ideas and Solutions,"Vienna, Vienna, Austria",On-site,Full-time,Python,,English,,,Recent,https://at.linkedin.com/jobs/view/python-systems-visualization-engineer-m-f-at-pidso-propagation-ideas-and-solutions-4433817200,2026-07-20T12:21:20.108864+00:00
0,Python Developer | Austria,linkedin,Software Engineer (Backend / Full Stack),Vertice,"Linz, Upper Austria, Austria",On-site,Full-time,,,English,,,Recent,https://at.linkedin.com/jobs/view/software-engineer-backend-full-stack-at-vertice-4435450784,2026-07-20T12:21:20.109016+00:00
0,Python Developer | Austria,linkedin,Software-Entwickler:in (w/m/d),Kulturplanner Data Solutions,"Vienna, Vienna, Austria",On-site,Full-time,,,English,,,Recent,https://at.linkedin.com/jobs/view/software-entwickler-in-w-m-d-at-kulturplanner-data-solutions-4434439551,2026-07-20T12:21:20.109152+00:00
0,Python Developer | Austria,linkedin,Software Developer/Software Entwickler (m/w/x),philoro EDELMETALLE,"Korneuburg, Lower Austria, Austria",On-site,Full-time,,,English,,,Recent,https://at.linkedin.com/jobs/view/software-developer-software-entwickler-m-w-x-at-philoro-edelmetalle-4440112871,2026-07-20T12:21:20.109284+00:00
0,Python Developer | Austria,linkedin,Softwareingenieur:in,Cambioo AI,"Vienna, Austria",On-site,Full-time,,,English,,,Recent,https://at.linkedin.com/jobs/view/softwareingenieur-in-at-cambioo-ai-4434830812,2026-07-20T12:21:20.109413+00:00
0,Python Developer | Austria,linkedin,Junior Python Engineer (f/m/d),Adverity,"Vienna, Vienna, Austria",On-site,Full-time,Python,Junior,English,,,Recent,https://at.linkedin.com/jobs/view/junior-python-engineer-f-m-d-at-adverity-4437811509,2026-07-20T12:21:20.109541+00:00
0,Python Developer | Austria,linkedin,AI Developer – Requirements & Service Integration (f/m/x),Anton Paar,"Graz, Styria, Austria",On-site,Full-time,,,English,,,Recent,https://at.linkedin.com/jobs/view/ai-developer-%E2%80%93-requirements-service-integration-f-m-x-at-anton-paar-4440758669,2026-07-20T12:21:20.109671+00:00
0,Python Developer | Austria,linkedin,"Software Engineer, Rust & Python (Asset Pricing & Hedging)",Bitpanda,"Vienna, Austria",On-site,Full-time,"Python, Rust",,English,,,Recent,https://at.linkedin.com/jobs/view/software-engineer-rust-python-asset-pricing-hedging-at-bitpanda-4422357638,2026-07-20T12:21:20.109806+00:00
0,Python Developer | Switzerland,linkedin,Python Software Engineer,AYES - Management & Technology Consulting,"Chur, Graubünden, Switzerland",On-site,Full-time,Python,,English,,,Recent,https://ch.linkedin.com/jobs/view/python-software-engineer-at-ayes-management-technology-consulting-4438600576,2026-07-20T12:21:22.563612+00:00
0,Python Developer | Switzerland,linkedin,Python Software Engineer - Digital Assets,IMC Trading,"Zug, Zug, Switzerland",On-site,Full-time,Python,,English,,,Recent,https://ch.linkedin.com/jobs/view/python-software-engineer-digital-assets-at-imc-trading-4320553182,2026-07-20T12:21:22.563815+00:00
0,Python Developer | Switzerland,linkedin,Software Engineer 80 - 100 % (w/m/d),Hamilton,"Bonaduz, Graubünden, Switzerland",On-site,Full-time,,,English,,,Recent,https://ch.linkedin.com/jobs/view/software-engineer-80-100-%25-w-m-d-at-hamilton-4433925845,2026-07-20T12:21:22.563950+00:00
0,Python Developer | Switzerland,linkedin,Backend Python Engineer (OSI-SIS-TS-2026-128-GRAP),CERN,"Geneva, Geneva, Switzerland",On-site,Full-time,Python,,English,,,Recent,https://ch.linkedin.com/jobs/view/backend-python-engineer-osi-sis-ts-2026-128-grap-at-cern-4438477017,2026-07-20T12:21:22.564099+00:00
0,Python Developer | Switzerland,linkedin,Backend Software Engineer,mygrid AG,"Brugg, Aargau, Switzerland",On-site,Full-time,,,English,,,Recent,https://ch.linkedin.com/jobs/view/backend-software-engineer-at-mygrid-ag-4434562575,2026-07-20T12:21:22.564360+00:00
0,Python Developer | Switzerland,linkedin,Python Developer,SGI,"Basel, Switzerland",On-site,Full-time,Python,,English,,,Recent,https://ch.linkedin.com/jobs/view/python-developer-at-sgi-4435663540,2026-07-20T12:21:22.564496+00:00
0,Python Developer | Switzerland,linkedin,Application Engineer Python,Klanik,"Lausanne, Vaud, Switzerland",On-site,Full-time,Python,,English,,,Recent,https://ch.linkedin.com/jobs/view/application-engineer-python-at-klanik-4437972026,2026-07-20T12:21:22.564757+00:00
0,Python Developer | Switzerland,linkedin,Backend Engineer,Sartiq,"Lugano, Ticino, Switzerland",On-site,Full-time,,,English,,,Recent,https://ch.linkedin.com/jobs/view/backend-engineer-at-sartiq-4429898275,2026-07-20T12:21:22.564879+00:00
0,Python Developer | Slovakia,linkedin,Python Software Engineer (m/f/n),ESET,"Bratislava, Bratislava, Slovakia",On-site,Full-time,Python,,English,,,Recent,https://sk.linkedin.com/jobs/view/python-software-engineer-m-f-n-at-eset-4414037159,2026-07-20T12:21:27.483580+00:00
0,Python Developer | Slovakia,linkedin,Experienced Python Software Engineer (m/f/n),ESET,"Bratislava, Bratislava, Slovakia",On-site,Full-time,Python,,English,,,Recent,https://sk.linkedin.com/jobs/view/experienced-python-software-engineer-m-f-n-at-eset-4385072625,2026-07-20T12:21:27.483748+00:00
0,Python Developer | Slovakia,linkedin,API Developer,Zurich Insurance,"Bratislava, Bratislava, Slovakia",On-site,Full-time,,,English,,,Recent,https://sk.linkedin.com/jobs/view/api-developer-at-zurich-insurance-4427284619,2026-07-20T12:21:27.483883+00:00
0,Python Developer | Slovakia,linkedin,Software Engineer,Iron Mountain,"Bratislava, Bratislava, Slovakia",On-site,Full-time,,,English,,,Recent,https://sk.linkedin.com/jobs/view/software-engineer-at-iron-mountain-4431710996,2026-07-20T12:21:27.484023+00:00
0,Python Developer | Slovakia,linkedin,GenAI Engineer,Capco,"Košice, Kosice, Slovakia",On-site,Full-time,,,English,,,Recent,https://sk.linkedin.com/jobs/view/genai-engineer-at-capco-4232921932,2026-07-20T12:21:27.484153+00:00
0,Python Developer | Slovakia,linkedin,Software Engineer,Iron Mountain,Slovakia,On-site,Full-time,,,English,,,Recent,https://sk.linkedin.com/jobs/view/software-engineer-at-iron-mountain-4435685683,2026-07-20T12:21:27.484286+00:00
0,Python Developer | Slovakia,linkedin,Analytics Engineer,Swiss Re,"Bratislava, Bratislava, Slovakia",On-site,Full-time,,,English,,,Recent,https://sk.linkedin.com/jobs/view/analytics-engineer-at-swiss-re-4439836736,2026-07-20T12:21:27.484412+00:00
0,Python Developer | Slovakia,linkedin,AI Engineer (43287),CoolPeople Technology,"Bratislava, Bratislava, Slovakia",On-site,Full-time,,,English,,,Recent,https://sk.linkedin.com/jobs/view/ai-engineer-43287-at-coolpeople-technology-4441987991,2026-07-20T12:21:27.484537+00:00
0,Python Developer | Slovakia,linkedin,GenAI Engineer,Capco,"Bratislava, Bratislava, Slovakia",On-site,Full-time,,,English,,,Recent,https://sk.linkedin.com/jobs/view/genai-engineer-at-capco-4232925582,2026-07-20T12:21:27.484669+00:00
0,Python Developer | Czech Republic,linkedin,Full Stack Developer (Python),Perform,Dominican Republic,On-site,Full-time,Python,,English,,,Recent,https://do.linkedin.com/jobs/view/full-stack-developer-python-at-perform-4398298505,2026-07-20T12:21:29.891541+00:00
0,Python Developer | Czech Republic,linkedin,Full Stack Developer (Python),Perform,"Santo Domingo, Distrito Nacional, Dominican Republic",On-site,Full-time,Python,,English,,,Recent,https://do.linkedin.com/jobs/view/full-stack-developer-python-at-perform-4415707267,2026-07-20T12:21:29.891711+00:00
0,Python Developer | Czech Republic,linkedin,Software Engineer - Blockchain,Fireblocks,Dominican Republic,On-site,Full-time,,,English,,,Recent,https://do.linkedin.com/jobs/view/software-engineer-blockchain-at-fireblocks-4425192306,2026-07-20T12:21:29.891849+00:00
0,Python Developer | Czech Republic,linkedin,Ingeniero Python Backend / Investigación y Desarrollo - Trabajo Remoto,BairesDev,"Santo Domingo, Dominican Republic",On-site,Full-time,Python,,English,,,Recent,https://do.linkedin.com/jobs/view/ingeniero-python-backend-investigaci%C3%B3n-y-desarrollo-trabajo-remoto-at-bairesdev-4439407839,2026-07-20T12:21:29.891985+00:00
0,Python Developer | Czech Republic,linkedin,Data Engineer,Origami Risk,"Santo Domingo, Distrito Nacional, Dominican Republic",On-site,Full-time,,,English,,,Recent,https://do.linkedin.com/jobs/view/data-engineer-at-origami-risk-4439316556,2026-07-20T12:21:29.892257+00:00
0,Python Developer | Czech Republic,linkedin,Backend Developer (Node.js),Applaudo,Dominican Republic,On-site,Full-time,,Node.Js,English,,,Recent,https://do.linkedin.com/jobs/view/backend-developer-node-js-at-applaudo-4436164005,2026-07-20T12:21:29.892389+00:00
0,Python Developer | Czech Republic,linkedin,Data Engineer - Remote - Latin America,FullStack,"La Vega, La Vega, Dominican Republic",Remote,Full-time,,,English,,,Recent,https://do.linkedin.com/jobs/view/data-engineer-remote-latin-america-at-fullstack-4430135582,2026-07-20T12:21:29.892646+00:00
0,Python Developer | Czech Republic,linkedin,Machine Learning Engineer - Remote Work,BairesDev,Dominican Republic,Remote,Full-time,,Machine Learning,English,,,Recent,https://do.linkedin.com/jobs/view/machine-learning-engineer-remote-work-at-bairesdev-4439911442,2026-07-20T12:21:29.892773+00:00
0,Python Developer | Poland,linkedin,Python Developer,ITDS,Wroclaw Metropolitan Area,On-site,Full-time,Python,,English,,,Recent,https://pl.linkedin.com/jobs/view/python-developer-at-itds-4432758346,2026-07-20T12:21:32.380619+00:00
0,Python Developer | Poland,linkedin,Python Developer,Talent Complete,Poland,On-site,Full-time,Python,Linux,English,,,Recent,https://pl.linkedin.com/jobs/view/python-developer-at-talent-complete-4436302970,2026-07-20T12:21:32.380787+00:00
0,Python Developer | Poland,linkedin,Python Developer,mthree,"Cracow, Małopolskie, Poland",On-site,Full-time,Python,,English,,,Recent,https://pl.linkedin.com/jobs/view/python-developer-at-mthree-4432975213,2026-07-20T12:21:32.380918+00:00
0,Python Developer | Poland,linkedin,python developer,Fundacja Grupy ERGO Hestia Integralia,"Pomorskie, Poland",On-site,Full-time,"C, Python","R, Sql",English,,,Recent,https://pl.linkedin.com/jobs/view/python-developer-at-fundacja-grupy-ergo-hestia-integralia-4440249867,2026-07-20T12:21:32.381133+00:00
0,Python Developer | Poland,linkedin,Python Developer,Hitachi Energy,Cracow Metropolitan Area,On-site,Full-time,Python,,English,,,Recent,https://pl.linkedin.com/jobs/view/python-developer-at-hitachi-energy-4442130038,2026-07-20T12:21:32.381275+00:00
0,Python Developer | Poland,linkedin,Python Engineer,EPAM Systems,"Gdańsk, Pomorskie, Poland",On-site,Full-time,Python,,English,,,Recent,https://pl.linkedin.com/jobs/view/python-engineer-at-epam-systems-4437684163,2026-07-20T12:21:32.381406+00:00
0,Python Developer | Poland,linkedin,Python Developer,Hitachi Energy,"Łódź, Łódzkie, Poland",On-site,Full-time,Python,,English,,,Recent,https://pl.linkedin.com/jobs/view/python-developer-at-hitachi-energy-4442125133,2026-07-20T12:21:32.381541+00:00
0,Python Developer | Poland,linkedin,Python Developer,Grafton Recruitment,"Warsaw, Mazowieckie, Poland",On-site,Full-time,Python,,English,,,Recent,https://pl.linkedin.com/jobs/view/python-developer-at-grafton-recruitment-4442028508,2026-07-20T12:21:32.381675+00:00
0,Python Developer | Poland,linkedin,Python Developer,ALGOTEQUE Innovation Hub,"Warsaw, Mazowieckie, Poland",On-site,Full-time,Python,,English,,,Recent,https://pl.linkedin.com/jobs/view/python-developer-at-algoteque-innovation-hub-4440398129,2026-07-20T12:21:32.381802+00:00
0,Python Developer | Poland,linkedin,"Python Engineer, Data Platform",Balyasny Asset Management L.P.,"Warsaw, Mazowieckie, Poland",On-site,Full-time,Python,,English,,,Recent,https://pl.linkedin.com/jobs/view/python-engineer-data-platform-at-balyasny-asset-management-l-p-4431598689,2026-07-20T12:21:32.381928+00:00
0,Python Developer | USA,linkedin,Python Developer,Open Systems Technologies,"New York, NY",On-site,Full-time,Python,,English,,,Recent,https://www.linkedin.com/jobs/view/python-developer-at-open-systems-technologies-3952273769,2026-07-20T12:21:34.848775+00:00
0,Python Developer | USA,linkedin,Python Engineer,Allspring Global Investments,"Milwaukee, WI",On-site,Full-time,Python,,English,,,Recent,https://www.linkedin.com/jobs/view/python-engineer-at-allspring-global-investments-4442163127,2026-07-20T12:21:34.848940+00:00
0,Python Developer | USA,linkedin,Software Engineer,Software Engineering Institute | Carnegie Mellon University,"Pittsburgh, PA",On-site,Full-time,,,English,,,Recent,https://www.linkedin.com/jobs/view/software-engineer-at-software-engineering-institute-carnegie-mellon-university-4435377657,2026-07-20T12:21:34.849088+00:00
0,Python Developer | USA,linkedin,Python developer,Infinity Tech Group Inc,"New York, NY",On-site,Full-time,Python,,English,,,Recent,https://www.linkedin.com/jobs/view/python-developer-at-infinity-tech-group-inc-4440548592,2026-07-20T12:21:34.849219+00:00
0,Python Developer | USA,linkedin,Software Engineer,Carnegie Mellon University,"Pittsburgh, PA",On-site,Full-time,,,English,,,Recent,https://www.linkedin.com/jobs/view/software-engineer-at-carnegie-mellon-university-4434389490,2026-07-20T12:21:34.849350+00:00
0,Python Developer | USA,linkedin,PYTHON API DEVELOPER,"Q1 Technologies, Inc.","Malvern, PA",On-site,Full-time,Python,,English,,,Recent,https://www.linkedin.com/jobs/view/python-api-developer-at-q1-technologies-inc-4438406216,2026-07-20T12:21:34.849478+00:00
0,Python Developer | USA,linkedin,Backend Software Engineer (API-focused),Off Duty Management,"Katy, TX",On-site,Full-time,,,English,,,Recent,https://www.linkedin.com/jobs/view/backend-software-engineer-api-focused-at-off-duty-management-4440995871,2026-07-20T12:21:34.849604+00:00
0,Python Developer | USA,linkedin,Software Engineer - Python,Acquire Me,"Chicago, IL",On-site,Full-time,Python,,English,,,Recent,https://www.linkedin.com/jobs/view/software-engineer-python-at-acquire-me-4437697564,2026-07-20T12:21:34.849738+00:00
0,Python Developer | USA,linkedin,Backend Software Engineer,Confidential,"San Antonio, Texas Metropolitan Area",On-site,Full-time,,,English,,,Recent,https://www.linkedin.com/jobs/view/backend-software-engineer-at-confidential-4436108946,2026-07-20T12:21:34.849866+00:00
0,Python Developer | USA,linkedin,Python Developer,Neostella,"Milwaukee, WI",On-site,Full-time,Python,,English,,,Recent,https://www.linkedin.com/jobs/view/python-developer-at-neostella-4433105575,2026-07-20T12:21:34.850005+00:00
0,Python Developer | United Kingdom,linkedin,Python Developer,Accenture,"Manchester, England, United Kingdom",On-site,Full-time,Python,,English,,,Recent,https://uk.linkedin.com/jobs/view/python-developer-at-accenture-4412757285,2026-07-20T12:21:37.375959+00:00
0,Python Developer | United Kingdom,linkedin,Python Developer,TESTQ Technologies,"Sheffield, England, United Kingdom",On-site,Full-time,Python,,English,,,Recent,https://uk.linkedin.com/jobs/view/python-developer-at-testq-technologies-4440956224,2026-07-20T12:21:37.376143+00:00
0,Python Developer | United Kingdom,linkedin,Python Software Engineer,Abound,"London, England, United Kingdom",On-site,Full-time,Python,,English,,,Recent,https://uk.linkedin.com/jobs/view/python-software-engineer-at-abound-4425875965,2026-07-20T12:21:37.376277+00:00
0,Python Developer | United Kingdom,linkedin,Software Developer - Python,Jackson Hogg,"Newcastle Upon Tyne, England, United Kingdom",On-site,Contract,"Javascript, Python",R,English,,,Recent,https://uk.linkedin.com/jobs/view/software-developer-python-at-jackson-hogg-4442026753,2026-07-20T12:21:37.376412+00:00
0,Python Developer | United Kingdom,linkedin,Software Engineer,Experis UK,"Newcastle Upon Tyne, England, United Kingdom",On-site,Full-time,,,English,,,Recent,https://uk.linkedin.com/jobs/view/software-engineer-at-experis-uk-4415773612,2026-07-20T12:21:37.376542+00:00
0,Python Developer | United Kingdom,linkedin,Python Developer - Problem Solver,Client Server,"Cambridge, England, United Kingdom",On-site,Full-time,Python,,English,,,Recent,https://uk.linkedin.com/jobs/view/python-developer-problem-solver-at-client-server-4435559547,2026-07-20T12:21:37.376677+00:00
0,Python Developer | United Kingdom,linkedin,Python Developer,Tata Consultancy Services,"Ipswich, England, United Kingdom",On-site,Full-time,Python,,English,,,Recent,https://uk.linkedin.com/jobs/view/python-developer-at-tata-consultancy-services-4439416761,2026-07-20T12:21:37.376805+00:00
0,Python Developer | United Kingdom,linkedin,Python Developer,Citi,"Belfast, Northern Ireland, United Kingdom",On-site,Full-time,Python,,English,,,Recent,https://uk.linkedin.com/jobs/view/python-developer-at-citi-4397288291,2026-07-20T12:21:37.376931+00:00
0,Python Developer | United Kingdom,linkedin,Python Developers,CGI,"London, England, United Kingdom",On-site,Full-time,Python,,English,,,Recent,https://uk.linkedin.com/jobs/view/python-developers-at-cgi-4431568150,2026-07-20T12:21:37.377075+00:00
0,Python Developer | United Kingdom,linkedin,Python Developer,Signify Technology,"London, England, United Kingdom",On-site,Full-time,Python,,English,,,Recent,https://uk.linkedin.com/jobs/view/python-developer-at-signify-technology-4432652472,2026-07-20T12:21:37.377204+00:00
0,Python Test | Germany,linkedin,Embedded Python Tester (all gender),ALTEN Germany,Greater Munich Metropolitan Area,On-site,Full-time,Python,,English,,,Recent,https://de.linkedin.com/jobs/view/embedded-python-tester-all-gender-at-alten-germany-4354062736,2026-07-20T12:21:39.826202+00:00
0,Python Test | Germany,linkedin,Embedded Python Tester | Embedded Systems | CI | Python (all gender),ALTEN Germany,"Munich, Bavaria, Germany",On-site,Full-time,"Embedded Systems, Python",,English,,,Recent,https://de.linkedin.com/jobs/view/embedded-python-tester-embedded-systems-ci-python-all-gender-at-alten-germany-4414856042,2026-07-20T12:21:39.826379+00:00
0,Python Test | Germany,linkedin,Software Test Engineer (m/w/d),Saab,"Nuremberg, Bavaria, Germany",On-site,Full-time,,,English,,,Recent,https://de.linkedin.com/jobs/view/software-test-engineer-m-w-d-at-saab-4427533041,2026-07-20T12:21:39.826914+00:00
0,Python Test | Germany,linkedin,VBA & Python Developer (m/w/d),Brunel,Frankfurt Rhine-Main Metropolitan Area,On-site,Full-time,Python,,English,,,Recent,https://de.linkedin.com/jobs/view/vba-python-developer-m-w-d-at-brunel-4440961366,2026-07-20T12:21:39.827055+00:00
0,Python Test | Germany,linkedin,Softwareentwickler / Test Engineer C++ und Python (m/w/d),Cs2 ITEC GmbH & Co.KG,"Kiel, Schleswig-Holstein, Germany",On-site,Full-time,"C, C++, Python",,German,,,Recent,https://de.linkedin.com/jobs/view/softwareentwickler-test-engineer-c%2B%2B-und-python-m-w-d-at-cs2-itec-gmbh-co-kg-4436773230,2026-07-20T12:21:39.827311+00:00
0,Python Test | Germany,linkedin,Software Development & Test Engineer,AGNTX,"Kiel, Schleswig-Holstein, Germany",On-site,Full-time,,,English,,,Recent,https://de.linkedin.com/jobs/view/software-development-test-engineer-at-agntx-4440111912,2026-07-20T12:21:39.827441+00:00
0,Python Test | Austria,linkedin,Test Engineer (all genders),Lam Research,"Villach, Carinthia, Austria",On-site,Full-time,,,English,,,Recent,https://at.linkedin.com/jobs/view/test-engineer-all-genders-at-lam-research-4439988881,2026-07-20T12:21:42.248637+00:00
0,Python Test | Austria,linkedin,Intermediate Penetration Tester,CyRiSo Cyber Risk Solutions,"Vienna, Austria",On-site,Full-time,,,English,,,Recent,https://at.linkedin.com/jobs/view/intermediate-penetration-tester-at-cyriso-cyber-risk-solutions-4433183061,2026-07-20T12:21:42.248761+00:00
0,Python Test | Switzerland,linkedin,Software Engineer - Validation,Harmattan AI,"Lausanne, Vaud, Switzerland",On-site,Full-time,,,English,,,Recent,https://ch.linkedin.com/jobs/view/software-engineer-validation-at-harmattan-ai-4398385941,2026-07-20T12:21:44.626591+00:00
0,Python Test | Slovakia,linkedin,"Data Engineer (medior) | Košice | Real-time dáta, moderné technológie a výsledky, ktoré uvidíš na vlastné oči",Unique People Košice,Kosice Metropolitan Area,On-site,Full-time,,,English,,,Recent,https://sk.linkedin.com/jobs/view/data-engineer-medior-ko%C5%A1ice-real-time-d%C3%A1ta-modern%C3%A9-technol%C3%B3gie-a-v%C3%BDsledky-ktor%C3%A9-uvid%C3%AD%C5%A1-na-vlastn%C3%A9-o%C4%8Di-at-unique-people-ko%C5%A1ice-4438705444,2026-07-20T12:21:49.530842+00:00
0,Python Test | Slovakia,linkedin,Data Scientist,Takeda,"Bratislava, Bratislava, Slovakia",On-site,Full-time,,,English,,,Recent,https://sk.linkedin.com/jobs/view/data-scientist-at-takeda-4421516796,2026-07-20T12:21:49.530979+00:00
0,Python Test | Poland,linkedin,Middle Python Automation Test Engineer IRC297834,GlobalLogic,"Szczecin, Zachodniopomorskie, Poland",On-site,Full-time,Python,,English,,,Recent,https://pl.linkedin.com/jobs/view/middle-python-automation-test-engineer-irc297834-at-globallogic-4434330217,2026-07-20T12:21:54.293533+00:00
0,Python Test | Poland,linkedin,Python Automation Tester (f/m/x),Sii Poland,"Gdańsk, Pomorskie, Poland",On-site,Full-time,Python,,English,,,Recent,https://pl.linkedin.com/jobs/view/python-automation-tester-f-m-x-at-sii-poland-4437238858,2026-07-20T12:21:54.293984+00:00
0,Python Test | Poland,linkedin,R&D Python Test Engineer,Hitachi Energy,Cracow Metropolitan Area,On-site,Full-time,Python,R,English,,,Recent,https://pl.linkedin.com/jobs/view/r-d-python-test-engineer-at-hitachi-energy-4427923089,2026-07-20T12:21:54.294141+00:00
0,Python Test | Poland,linkedin,Python Automation Tester (f/m/x),Sii Poland,"Łódź, Łódzkie, Poland",On-site,Full-time,Python,,English,,,Recent,https://pl.linkedin.com/jobs/view/python-automation-tester-f-m-x-at-sii-poland-4437236925,2026-07-20T12:21:54.294273+00:00
0,Python Test | Poland,linkedin,Python Software Engineer - Test Automation Framework (Embedded),Sonova Group,"Warsaw, Mazowieckie, Poland",On-site,Full-time,"Python, Test Automation",,English,,,Recent,https://pl.linkedin.com/jobs/view/python-software-engineer-test-automation-framework-embedded-at-sonova-group-4436777037,2026-07-20T12:21:54.294406+00:00
0,Python Test | Poland,linkedin,Automation Tester (IoT/HVAC),Britenet,"Katowice, Śląskie, Poland",On-site,Full-time,,,English,,,Recent,https://pl.linkedin.com/jobs/view/automation-tester-iot-hvac-at-britenet-4434508923,2026-07-20T12:21:54.294540+00:00
0,Python Test | Poland,linkedin,Software Developer in Test (Python),Veeam Software,"Warsaw, Mazowieckie, Poland",On-site,Full-time,Python,,English,,,Recent,https://pl.linkedin.com/jobs/view/software-developer-in-test-python-at-veeam-software-4440620589,2026-07-20T12:21:54.294800+00:00
0,Python Test | USA,linkedin,Software Design Engineer,Molex,"Conway, AR",On-site,Full-time,,,English,,,Recent,https://www.linkedin.com/jobs/view/software-design-engineer-at-molex-4417682592,2026-07-20T12:21:56.754437+00:00
0,Python Test | USA,linkedin,"Software Engineer, Automation",Vivint,"Lehi, UT",On-site,Contract,"C, Can, Ci/Cd, Embedded Systems, Firmware, Hil, Prompt Engineering, Python, Test Automation, Uart","Linux, Docker, Git",English,,,Recent,https://www.linkedin.com/jobs/view/software-engineer-automation-at-vivint-4435921001,2026-07-20T12:21:56.754608+00:00
0,Python Test | USA,linkedin,"Software Engineer, Automation",NRG Energy,"Utah, United States",On-site,Full-time,,,English,,,Recent,https://www.linkedin.com/jobs/view/software-engineer-automation-at-nrg-energy-4435698592,2026-07-20T12:21:56.754746+00:00
0,Python Test | USA,linkedin,Automation Engineer,MANTECH,"San Antonio, TX",On-site,Full-time,"Jenkins, Python, Test Automation","Linux, Regression Testing, Groovy, Ansible",English,,,Recent,https://www.linkedin.com/jobs/view/automation-engineer-at-mantech-4429402572,2026-07-20T12:21:56.754878+00:00
0,Python Test | USA,linkedin,"Software Engineer, NPI",Fluidstack,"Austin, TX",On-site,Full-time,,,English,,,Recent,https://www.linkedin.com/jobs/view/software-engineer-npi-at-fluidstack-4441370887,2026-07-20T12:21:56.755016+00:00
0,Python Test | USA,linkedin,"Software Engineer II, Automation",Vivint,"Lehi, UT",On-site,Full-time,,,English,,,Recent,https://www.linkedin.com/jobs/view/software-engineer-ii-automation-at-vivint-4435917227,2026-07-20T12:21:56.755143+00:00
0,Python Test | USA,linkedin,Python Test Automation Engineer,EPAM Systems,"Los Angeles, CA",On-site,Full-time,"Python, Test Automation",,English,,,Recent,https://www.linkedin.com/jobs/view/python-test-automation-engineer-at-epam-systems-4418759650,2026-07-20T12:21:56.755395+00:00
0,Python Test | USA,linkedin,Test Systems Engineer,Intrepid Control Systems,"Troy, MI",On-site,Full-time,,,English,,,Recent,https://www.linkedin.com/jobs/view/test-systems-engineer-at-intrepid-control-systems-4438170775,2026-07-20T12:21:56.755644+00:00
0,Python Test | United Kingdom,linkedin,System Test Engineer,Dexory,"Oxfordshire, England, United Kingdom",On-site,Full-time,,,English,,,Recent,https://uk.linkedin.com/jobs/view/system-test-engineer-at-dexory-4393589214,2026-07-20T12:21:59.308443+00:00
0,Python Test | United Kingdom,linkedin,Software Engineer,Verso Recruitment Group,"Weymouth, England, United Kingdom",On-site,Full-time,,,English,,,Recent,https://uk.linkedin.com/jobs/view/software-engineer-at-verso-recruitment-group-4432795554,2026-07-20T12:21:59.308576+00:00
0,Python Test | United Kingdom,linkedin,Automation Engineer,Qualient Technology Solutions UK Limited,"Sheffield, England, United Kingdom",On-site,Full-time,,,English,,,Recent,https://uk.linkedin.com/jobs/view/automation-engineer-at-qualient-technology-solutions-uk-limited-4440771276,2026-07-20T12:21:59.308706+00:00
0,Python Test | United Kingdom,linkedin,Software Engineer,The Scottish Government,"Galashiels, Scotland, United Kingdom",On-site,Full-time,,,English,,,Recent,https://uk.linkedin.com/jobs/view/software-engineer-at-the-scottish-government-4435475700,2026-07-20T12:21:59.308830+00:00
0,Python Test | United Kingdom,linkedin,Test Automation Specialist,Coforge,"Sheffield, England, United Kingdom",Hybrid,Contract,"Ci/Cd, Generative Ai, Integration Testing, Jenkins, Llm, Prompt Engineering, Pytest, Python, Test Automation","Jira, Agile, Devops, Scrum, Google Cloud, Gcp, Machine Learning, Data Science, Postman, Zephyr",English,,,Recent,https://uk.linkedin.com/jobs/view/test-automation-specialist-at-coforge-4439145651,2026-07-20T12:21:59.309238+00:00
0,Firmware Engineer | Germany,linkedin,Firmware Engineer,planqc,"Garching, Bavaria, Germany",On-site,Full-time,Firmware,,English,,,Recent,https://de.linkedin.com/jobs/view/firmware-engineer-at-planqc-4434830635,2026-07-20T12:22:01.786835+00:00
0,Firmware Engineer | Germany,linkedin,Embedded Engineer,Qwello,"Munich, Bavaria, Germany",On-site,Full-time,,,English,,,Recent,https://de.linkedin.com/jobs/view/embedded-engineer-at-qwello-4438619420,2026-07-20T12:22:01.787009+00:00
0,Firmware Engineer | Germany,linkedin,Embedded Software / Firmware Engineer (m/w/d) – ELTRA,ELTRA,"Haan, North Rhine-Westphalia, Germany",On-site,Full-time,Firmware,,English,,,Recent,https://de.linkedin.com/jobs/view/embedded-software-firmware-engineer-m-w-d-%E2%80%93-eltra-at-eltra-4441170482,2026-07-20T12:22:01.787145+00:00
0,Firmware Engineer | Germany,linkedin,Embedded Firmware Developer (Agri-Tech / Sensor Systems) (m/f/d),stenon,"Potsdam, Brandenburg, Germany",On-site,Full-time,Firmware,,English,,,Recent,https://de.linkedin.com/jobs/view/embedded-firmware-developer-agri-tech-sensor-systems-m-f-d-at-stenon-4431074277,2026-07-20T12:22:01.787287+00:00
0,Firmware Engineer | Germany,linkedin,Firmware Engineer,Trimble Inc.,Greater Munich Metropolitan Area,On-site,Full-time,Firmware,,English,,,Recent,https://de.linkedin.com/jobs/view/firmware-engineer-at-trimble-inc-4438253663,2026-07-20T12:22:01.787415+00:00
0,Firmware Engineer | Germany,linkedin,Embedded Systems Developer (m/w/d),ACONEXT,"Berlin, Germany",On-site,Full-time,Embedded Systems,,English,,,Recent,https://de.linkedin.com/jobs/view/embedded-systems-developer-m-w-d-at-aconext-4440221857,2026-07-20T12:22:01.787540+00:00
0,Firmware Engineer | Germany,linkedin,Embedded Software / Firmware Engineer (m/w/d) – ELTRA,ELTRA,Greater Dusseldorf Area,On-site,Full-time,Firmware,,English,,,Recent,https://de.linkedin.com/jobs/view/embedded-software-firmware-engineer-m-w-d-%E2%80%93-eltra-at-eltra-4439210350,2026-07-20T12:22:01.787665+00:00
0,Firmware Engineer | Germany,linkedin,Embedded Systems Engineer,ENYRING GmbH,"Berlin, Berlin, Germany",On-site,Full-time,Embedded Systems,,English,,,Recent,https://de.linkedin.com/jobs/view/embedded-systems-engineer-at-enyring-gmbh-4429851364,2026-07-20T12:22:01.787793+00:00
0,Firmware Engineer | Germany,linkedin,Firmware Developer (m/w/d),dormakaba,"Bonn, North Rhine-Westphalia, Germany",On-site,Full-time,Firmware,,English,,,Recent,https://de.linkedin.com/jobs/view/firmware-developer-m-w-d-at-dormakaba-4416301543,2026-07-20T12:22:01.788048+00:00
0,Firmware Engineer | Austria,linkedin,Embedded Engineer Zephyr (m/w/d),FERCHAU,"Hall in Tirol, Tyrol, Austria",On-site,Full-time,,Zephyr,English,,,Recent,https://at.linkedin.com/jobs/view/embedded-engineer-zephyr-m-w-d-at-ferchau-4438566964,2026-07-20T12:22:04.214651+00:00
0,Firmware Engineer | Austria,linkedin,Embedded  Engineer @ Swarovski Optik AG & Co KG.,DEVjobs,"Absam, Tyrol, Austria",On-site,Full-time,,,English,,,Recent,https://at.linkedin.com/jobs/view/embedded-engineer-%40-swarovski-optik-ag-co-kg-at-devjobs-4440673277,2026-07-20T12:22:04.214823+00:00
0,Firmware Engineer | Austria,linkedin,Embedded Firmware Developer (C) - Smart Pocket / Mobile Robotics (M/W/D)*,TGW Logistics,"Wels, Upper Austria, Austria",Remote,Full-time,"C, Firmware",,English,,,Recent,https://at.linkedin.com/jobs/view/embedded-firmware-developer-c-smart-pocket-mobile-robotics-m-w-d-at-tgw-logistics-4416829497,2026-07-20T12:22:04.214962+00:00
0,Firmware Engineer | Austria,linkedin,Embedded Software Engineer,ENPULSION,"Vienna, Vienna, Austria",On-site,Full-time,,,English,,,Recent,https://at.linkedin.com/jobs/view/embedded-software-engineer-at-enpulsion-4432741715,2026-07-20T12:22:04.215106+00:00
0,Firmware Engineer | Austria,linkedin,Embedded Firmware Developer (C) - Smart Pocket / Mobile Robotics (M/F/D)*,TGW Logistics,"Wels, Upper Austria, Austria",Remote,Full-time,"C, Firmware",,English,,,Recent,https://at.linkedin.com/jobs/view/embedded-firmware-developer-c-smart-pocket-mobile-robotics-m-f-d-at-tgw-logistics-4416891469,2026-07-20T12:22:04.215234+00:00
0,Firmware Engineer | Austria,linkedin,Embedded Software Developer (m/w/d),Fronius Österreich,"Thalheim bei Wels, Upper Austria, Austria",On-site,Full-time,,,English,,,Recent,https://at.linkedin.com/jobs/view/embedded-software-developer-m-w-d-at-fronius-%C3%B6sterreich-4435813794,2026-07-20T12:22:04.215359+00:00
0,Firmware Engineer | Austria,linkedin,Software Developer for Embedded Systems (m/w/d),Delta Electronics EMEA,"Vienna, Vienna, Austria",On-site,Full-time,Embedded Systems,,English,,,Recent,https://at.linkedin.com/jobs/view/software-developer-for-embedded-systems-m-w-d-at-delta-electronics-emea-4437995032,2026-07-20T12:22:04.215490+00:00
0,Firmware Engineer | Austria,linkedin,Embedded Systems Engineer @ DEWETRON GmbH,DEVjobs,"Graz, Styria, Austria",On-site,Full-time,Embedded Systems,,English,,,Recent,https://at.linkedin.com/jobs/view/embedded-systems-engineer-%40-dewetron-gmbh-at-devjobs-4441182606,2026-07-20T12:22:04.215617+00:00
0,Firmware Engineer | Austria,linkedin,MEMS System Engineer (f/m/d) | Full-time | Vienna,TriLite Technologies,"Vienna, Vienna, Austria",On-site,Full-time,,,English,,,Recent,https://at.linkedin.com/jobs/view/mems-system-engineer-f-m-d-full-time-vienna-at-trilite-technologies-4438718731,2026-07-20T12:22:04.215874+00:00
0,Firmware Engineer | Switzerland,linkedin,Firmware Engineer,Keysight Technologies,"Opfikon, Zurich, Switzerland",On-site,Full-time,Firmware,,English,,,Recent,https://ch.linkedin.com/jobs/view/firmware-engineer-at-keysight-technologies-4433183933,2026-07-20T12:22:06.642929+00:00
0,Firmware Engineer | Switzerland,linkedin,Embedded Development Engineer (a) 80-100%,Trafag,"Bubikon, Zurich, Switzerland",Remote,Full-time,,,English,,,Recent,https://ch.linkedin.com/jobs/view/embedded-development-engineer-a-80-100%25-at-trafag-4436757599,2026-07-20T12:22:06.643182+00:00
0,Firmware Engineer | Switzerland,linkedin,FIRMWARE ENGINEER | EMBEDDED ENGINEER | SVIZZERA,Techyon,"Mendrisio, Ticino, Switzerland",On-site,Full-time,Firmware,,English,,,Recent,https://ch.linkedin.com/jobs/view/firmware-engineer-embedded-engineer-svizzera-at-techyon-4402482053,2026-07-20T12:22:06.643323+00:00
0,Firmware Engineer | Switzerland,linkedin,Software Engineer Embedded System 80 - 100 % (w/m/d),Hamilton,"Domat/Ems, Graubünden, Switzerland",On-site,Full-time,,,English,,,Recent,https://ch.linkedin.com/jobs/view/software-engineer-embedded-system-80-100-%25-w-m-d-at-hamilton-4396655596,2026-07-20T12:22:06.643452+00:00
0,Firmware Engineer | Switzerland,linkedin,R&D Embedded Software Engineer,Medela,"Baar, Zug, Switzerland",On-site,Full-time,,R,English,,,Recent,https://ch.linkedin.com/jobs/view/r-d-embedded-software-engineer-at-medela-4440771171,2026-07-20T12:22:06.643585+00:00
0,Firmware Engineer | Switzerland,linkedin,Embedded Software Engineer,Humanis AG,"Zurich, Switzerland",On-site,Full-time,,,English,,,Recent,https://ch.linkedin.com/jobs/view/embedded-software-engineer-at-humanis-ag-4435189629,2026-07-20T12:22:06.643713+00:00
0,Firmware Engineer | Switzerland,linkedin,Embedded Firmware Developer,Oxigent Technologies,"Orbe, Vaud, Switzerland",On-site,Full-time,Firmware,,English,,,Recent,https://ch.linkedin.com/jobs/view/embedded-firmware-developer-at-oxigent-technologies-4437276672,2026-07-20T12:22:06.643844+00:00
0,Firmware Engineer | Switzerland,linkedin,"Embedded Software Engineer (m/w/d), 80-100%",myStromer AG,"Köniz, Berne, Switzerland",Remote,Full-time,,,English,,,Recent,https://ch.linkedin.com/jobs/view/embedded-software-engineer-m-w-d-80-100%25-at-mystromer-ag-4436805028,2026-07-20T12:22:06.643971+00:00
0,Firmware Engineer | Switzerland,linkedin,Embedded Software Engineer – e Bike Systems (80–100%),Specialized Bicycle Components,"Cham, Zug, Switzerland",Remote,Full-time,,,English,,,Recent,https://ch.linkedin.com/jobs/view/embedded-software-engineer-%E2%80%93-e-bike-systems-80%E2%80%93100%25-at-specialized-bicycle-components-4411218478,2026-07-20T12:22:06.644116+00:00
0,Firmware Engineer | Switzerland,linkedin,Embedded Software Engineer,Harmattan AI,"Lausanne, Vaud, Switzerland",On-site,Full-time,,,English,,,Recent,https://ch.linkedin.com/jobs/view/embedded-software-engineer-at-harmattan-ai-4442578634,2026-07-20T12:22:06.644257+00:00
0,Firmware Engineer | Slovakia,linkedin,Automatizačný softvérový inžinier,Hoval,"Istebné, Zilina, Slovakia",Remote,Internship,,"R, Intern",English,,,Recent,https://sk.linkedin.com/jobs/view/automatiza%C4%8Dn%C3%BD-softv%C3%A9rov%C3%BD-in%C5%BEinier-at-hoval-4382438142,2026-07-20T12:22:11.496348+00:00
0,Firmware Engineer | Slovakia,linkedin,C/C++ Software Engineer,Frequentis,"Bratislava, Bratislava, Slovakia",On-site,Full-time,"C, C++",,English,,,Recent,https://sk.linkedin.com/jobs/view/c-c%2B%2B-software-engineer-at-frequentis-4440208020,2026-07-20T12:22:11.496487+00:00
0,Firmware Engineer | Slovakia,linkedin,Browser / Kernel Engineer,SearchApi,Slovakia,On-site,Full-time,,,English,,,Recent,https://sk.linkedin.com/jobs/view/browser-kernel-engineer-at-searchapi-4431712376,2026-07-20T12:22:11.496751+00:00
0,Firmware Engineer | Slovakia,linkedin,C++ Developer,EUROWAG,"Bratislava, Bratislava, Slovakia",On-site,Full-time,"C, C++",,English,,,Recent,https://sk.linkedin.com/jobs/view/c%2B%2B-developer-at-eurowag-4433061864,2026-07-20T12:22:11.496882+00:00
0,Firmware Engineer | Slovakia,linkedin,Hardware Development Engineer (m/f),IEE Sensing,"Košice, Kosice, Slovakia",On-site,Full-time,,,English,,,Recent,https://sk.linkedin.com/jobs/view/hardware-development-engineer-m-f-at-iee-sensing-4137893590,2026-07-20T12:22:11.497016+00:00
0,Firmware Engineer | Slovakia,linkedin,Application Engineer,onsemi,"Piešťany, Trnava Region, Slovakia",On-site,Full-time,,,English,,,Recent,https://sk.linkedin.com/jobs/view/application-engineer-at-onsemi-4408100913,2026-07-20T12:22:11.497275+00:00
0,Firmware Engineer | Czech Republic,linkedin,校招-组合导航算法工程师,GEESPACE,"アト・マジョール州, Hato Mayor, Dominican Republic",On-site,Full-time,,,English,,,Recent,https://do.linkedin.com/jobs/view/%E6%A0%A1%E6%8B%9B-%E7%BB%84%E5%90%88%E5%AF%BC%E8%88%AA%E7%AE%97%E6%B3%95%E5%B7%A5%E7%A8%8B%E5%B8%88-at-geespace-4438401967,2026-07-20T12:22:13.809727+00:00
0,Firmware Engineer | Czech Republic,linkedin,"Title
            
                
                    HW Engineer - Pilsen",conga-connect - a congatec aReady solution,Dominican Republic,On-site,Full-time,,,English,,,Recent,https://do.linkedin.com/jobs/view/title%0A-%0A-%0A-hw-engineer-pilsen-at-conga-connect-a-congatec-aready-solution-4441226480,2026-07-20T12:22:13.809901+00:00
0,Firmware Engineer | Poland,linkedin,Firmware Engineer,Hays,"Wrocław, Dolnośląskie, Poland",On-site,Full-time,Firmware,,English,,,Recent,https://pl.linkedin.com/jobs/view/firmware-engineer-at-hays-4439230588,2026-07-20T12:22:16.290558+00:00
0,Firmware Engineer | Poland,linkedin,Embedded Developer (f/m) (SSC),Phoenix Contact,"Wielkopolskie, Poland",On-site,Full-time,,,English,,,Recent,https://pl.linkedin.com/jobs/view/embedded-developer-f-m-ssc-at-phoenix-contact-4370458374,2026-07-20T12:22:16.291036+00:00
0,Firmware Engineer | Poland,linkedin,Embedded Software Engineer,ASSA ABLOY Group,"Cracow, Małopolskie, Poland",On-site,Full-time,,,English,,,Recent,https://pl.linkedin.com/jobs/view/embedded-software-engineer-at-assa-abloy-group-3759958711,2026-07-20T12:22:16.291168+00:00
0,Firmware Engineer | Poland,linkedin,IoT Embedded Software Engineer,WizzDev,"Poznań, Wielkopolskie, Poland",On-site,Full-time,,,English,,,Recent,https://pl.linkedin.com/jobs/view/iot-embedded-software-engineer-at-wizzdev-4434836359,2026-07-20T12:22:16.291303+00:00
0,Firmware Engineer | Poland,linkedin,Embedded Software Engineer,ALTEN Polska,"Cracow, Małopolskie, Poland",On-site,Full-time,,,English,,,Recent,https://pl.linkedin.com/jobs/view/embedded-software-engineer-at-alten-polska-4442580975,2026-07-20T12:22:16.291438+00:00
0,Firmware Engineer | Poland,linkedin,C/C++ Firmware Engineer (f/m/x),Sii Poland,"Szczecin, Zachodniopomorskie, Poland",On-site,Full-time,"C, C++, Firmware",,English,,,Recent,https://pl.linkedin.com/jobs/view/c-c%2B%2B-firmware-engineer-f-m-x-at-sii-poland-4420123017,2026-07-20T12:22:16.291571+00:00
0,Firmware Engineer | Poland,linkedin,C/C++ Firmware Engineer (f/m/x),Sii Poland,"Bydgoszcz, Kujawsko-pomorskie, Poland",On-site,Full-time,"C, C++, Firmware",,English,,,Recent,https://pl.linkedin.com/jobs/view/c-c%2B%2B-firmware-engineer-f-m-x-at-sii-poland-4420119324,2026-07-20T12:22:16.291699+00:00
0,Firmware Engineer | USA,linkedin,Interconnect Firmware Engineer,AMD,"Austin, TX",On-site,Full-time,Firmware,,English,,,Recent,https://www.linkedin.com/jobs/view/interconnect-firmware-engineer-at-amd-4412432292,2026-07-20T12:22:18.790822+00:00
0,Firmware Engineer | USA,linkedin,Firmware Engineer,Chirp,"Lehi, UT",On-site,Full-time,Firmware,,English,,,Recent,https://www.linkedin.com/jobs/view/firmware-engineer-at-chirp-4438336938,2026-07-20T12:22:18.791140+00:00
0,Firmware Engineer | USA,linkedin,"Firmware Engineer, Robotics and Surgery Engineering",Neuralink,"Austin, TX",On-site,Full-time,Firmware,,English,,,Recent,https://www.linkedin.com/jobs/view/firmware-engineer-robotics-and-surgery-engineering-at-neuralink-4416597306,2026-07-20T12:22:18.791269+00:00
0,Firmware Engineer | USA,linkedin,Firmware Engineer,Sunrise Systems,"Pembroke, MA",On-site,Full-time,Firmware,,English,,,Recent,https://www.linkedin.com/jobs/view/firmware-engineer-at-sunrise-systems-4441206708,2026-07-20T12:22:18.791401+00:00
0,Firmware Engineer | USA,linkedin,Embedded Engineer,Bevi,"Boston, MA",On-site,Full-time,,,English,,,Recent,https://www.linkedin.com/jobs/view/embedded-engineer-at-bevi-4429335628,2026-07-20T12:22:18.791532+00:00
0,Firmware Engineer | USA,linkedin,Embedded Software Engineer,Fab2,"Austin, TX",On-site,Full-time,,,English,,,Recent,https://www.linkedin.com/jobs/view/embedded-software-engineer-at-fab2-4441378742,2026-07-20T12:22:18.791654+00:00
0,Firmware Engineer | USA,linkedin,Firmware Engineer,"Wild West Systems, Inc.","Leander, TX",Remote,Full-time,"C, Can, Driver Development, Embedded Systems, Firmware, I2C, Rust, Spi, Uart",Stm32,English,,,Recent,https://www.linkedin.com/jobs/view/firmware-engineer-at-wild-west-systems-inc-4431203065,2026-07-20T12:22:18.791776+00:00
0,Firmware Engineer | USA,linkedin,Electrical Engineer Firmware,"Bray International, Inc.",Greater Houston,On-site,Contract,"Arm, C, C++, Can, Cortex-M, Embedded Systems, Firmware, I2C, Jenkins, Python, Rtos, Spi, Uart","Git, Esp32, Gitlab Ci, Stm32, Freertos, Zephyr, Gitlab",English,,,Recent,https://www.linkedin.com/jobs/view/electrical-engineer-firmware-at-bray-international-inc-4378947268,2026-07-20T12:22:18.791896+00:00
0,Firmware Engineer | USA,linkedin,Firmware Engineer,Sonicu,"Indianapolis, IN",Remote,Full-time,"C, C++, Firmware, Python, Spi, Test Automation, Uart","Stm32, Safe, Git, Esp32, Freertos",English,,,Recent,https://www.linkedin.com/jobs/view/firmware-engineer-at-sonicu-4434164502,2026-07-20T12:22:18.792030+00:00
0,Firmware Engineer | United Kingdom,linkedin,Embedded Software Engineer,Solutions Driven,"Stirling, Scotland, United Kingdom",On-site,Contract,"Arm, C, C++, Cortex-M, Firmware, Microcontroller, Spi, Uart","Stm32, Fpga",English,,,Recent,https://uk.linkedin.com/jobs/view/embedded-software-engineer-at-solutions-driven-4430892519,2026-07-20T12:22:21.290960+00:00
0,Firmware Engineer | United Kingdom,linkedin,Firmware Engineer,Rise Technical,"Guildford, England, United Kingdom",On-site,Full-time,Firmware,,English,,,Recent,https://uk.linkedin.com/jobs/view/firmware-engineer-at-rise-technical-4437661116,2026-07-20T12:22:21.291363+00:00
0,Firmware Engineer | United Kingdom,linkedin,Embedded Software Engineer,Archangel Lightworks,"Oxford, England, United Kingdom",On-site,Full-time,,,English,,,Recent,https://uk.linkedin.com/jobs/view/embedded-software-engineer-at-archangel-lightworks-4433182780,2026-07-20T12:22:21.291486+00:00
0,Firmware Engineer | United Kingdom,linkedin,Embedded Software Engineer,Archangel Autonomy,"Oxford, England, United Kingdom",On-site,Full-time,,,English,,,Recent,https://uk.linkedin.com/jobs/view/embedded-software-engineer-at-archangel-autonomy-4432979500,2026-07-20T12:22:21.291608+00:00
0,Firmware Engineer | United Kingdom,linkedin,Software/Firmware Engineer - Media Handling,NCR Atleos,"Dundee, Scotland, United Kingdom",On-site,Full-time,Firmware,,English,,,Recent,https://uk.linkedin.com/jobs/view/software-firmware-engineer-media-handling-at-ncr-atleos-4436079644,2026-07-20T12:22:21.291730+00:00
0,Firmware Engineer | United Kingdom,linkedin,Embedded Software Engineer,Set2Recruit,"Southampton, England, United Kingdom",On-site,Full-time,,,English,,,Recent,https://uk.linkedin.com/jobs/view/embedded-software-engineer-at-set2recruit-4423119703,2026-07-20T12:22:21.291861+00:00
