relevance_score,search_criteria,provider,title,company,location,work_location_type,employment_type,matching_skills,missing_skills,detected_languages,matched_roles,salary_hint,posted_at_relative,link,scraped_at
44,Test Automation | United Kingdom,linkedin,Senior Software QA Test Development Engineer,NVIDIA,"Reading, England, United Kingdom",On-site,Full-time,,Senior,English,Senior,,Recent,https://uk.linkedin.com/jobs/view/senior-software-qa-test-development-engineer-at-nvidia-4439949376,2026-08-06T12:06:43.184981+00:00
44,Firmware Engineer | Slovakia,linkedin,Senior Software Engineer,Siemens,"Bratislava, Bratislava, Slovakia",On-site,Full-time,,Senior,English,Senior,,Recent,https://sk.linkedin.com/jobs/view/senior-software-engineer-at-siemens-4446795747,2026-08-06T12:07:39.581475+00:00
29,Tester | Slovakia,linkedin,Test Professional (m/f/d),Siemens Healthineers,"Košice, Kosice, Slovakia",On-site,Full-time,,,English,,,Recent,https://sk.linkedin.com/jobs/view/test-professional-m-f-d-at-siemens-healthineers-4431961974,2026-08-06T12:05:03.418870+00:00
29,Tester | Slovakia,linkedin,Test inžinier pre vývoj elektronických systémov,Siemens,"Bratislava, Bratislava, Slovakia",On-site,Full-time,,,English,,,Recent,https://sk.linkedin.com/jobs/view/test-in%C5%BEinier-pre-v%C3%BDvoj-elektronick%C3%BDch-syst%C3%A9mov-at-siemens-4445738791,2026-08-06T12:05:03.420498+00:00
29,Test Engineer | USA,linkedin,"Test Engineer, Amazon Devices Reverse Logistics",Amazon Lab126,"Lexington, KY",On-site,Full-time,,,English,,,Recent,https://www.linkedin.com/jobs/view/test-engineer-amazon-devices-reverse-logistics-at-amazon-lab126-4443041070,2026-08-06T12:05:55.960782+00:00
29,Testingenieur | Slovakia,linkedin,Tester s nemeckým jazykom (ž/m),Siemens,"Žilina, Zilina, Slovakia",Remote,Full-time,C,R,English,,,Recent,https://sk.linkedin.com/jobs/view/tester-s-nemeck%C3%BDm-jazykom-%C5%BE-m-at-siemens-4423952200,2026-08-06T12:06:10.867580+00:00
29,Testingenieur | USA,linkedin,Test Engineer,Google,"Mountain View, CA",On-site,Full-time,,,English,,,Recent,https://www.linkedin.com/jobs/view/test-engineer-at-google-4434148716,2026-08-06T12:06:18.395713+00:00
29,Python Test | Poland,linkedin,Python Engineer — Evaluator Library,Intellias,Poland,On-site,Full-time,Python,,English,,,Recent,https://pl.linkedin.com/jobs/view/python-engineer-%E2%80%94-evaluator-library-at-intellias-4444565640,2026-08-06T12:07:22.235567+00:00
29,Firmware Engineer | Germany,linkedin,"Firmware Engineer, Amazon Robotics",Amazon,"Munich, Bavaria, Germany",On-site,Internship,"C, C++, Firmware, Python, Rtos","R, Linux, Aws, Internship",English,,,Recent,https://de.linkedin.com/jobs/view/firmware-engineer-amazon-robotics-at-amazon-4443058110,2026-08-06T12:07:29.790255+00:00
29,Firmware Engineer | Slovakia,linkedin,Software Developer for product Zephyr - OK,Siemens Healthineers,"Košice, Kosice, Slovakia",On-site,Full-time,,Zephyr,English,,,Recent,https://sk.linkedin.com/jobs/view/software-developer-for-product-zephyr-ok-at-siemens-healthineers-4446241568,2026-08-06T12:07:39.580787+00:00
29,Firmware Engineer | Slovakia,linkedin,C++ Developer (ž/m),Siemens,"Žilina, Zilina, Slovakia",On-site,Full-time,"C, C++",,English,,,Recent,https://sk.linkedin.com/jobs/view/c%2B%2B-developer-%C5%BE-m-at-siemens-4404730366,2026-08-06T12:07:39.581943+00:00
29,Firmware Engineer | Poland,linkedin,"Embedded Software Engineer II, Ring, Ring",Amazon,Gdansk Metropolitan Area,On-site,Full-time,,,English,,,Recent,https://pl.linkedin.com/jobs/view/embedded-software-engineer-ii-ring-ring-at-amazon-4443040904,2026-08-06T12:07:44.493943+00:00
29,Firmware Engineer | Poland,linkedin,"Embedded Software Dev Engineer, Ring Devices",Amazon,Gdansk Metropolitan Area,On-site,Full-time,,,English,,,Recent,https://pl.linkedin.com/jobs/view/embedded-software-dev-engineer-ring-devices-at-amazon-4443038197,2026-08-06T12:07:44.494492+00:00
29,Firmware Engineer | United Kingdom,linkedin,"Embedded Software Engineer, Ring",Amazon,"Cambridge, England, United Kingdom",On-site,Full-time,,,English,,,Recent,https://uk.linkedin.com/jobs/view/embedded-software-engineer-ring-at-amazon-4443037143,2026-08-06T12:07:49.488111+00:00
14,Tester | Germany,linkedin,Softwaretester (m/w/d),FERCHAU,"Lübeck, Schleswig-Holstein, Germany",Remote,Contract,Test Automation,"R, Expert",German,Expert,,Recent,https://de.linkedin.com/jobs/view/softwaretester-m-w-d-at-ferchau-4438589012,2026-08-06T12:04:53.619374+00:00
14,Tester | Germany,linkedin,Graduate - Quality Assurance Analyst (all genders),Distribusion Technologies,"Berlin, Berlin, Germany",On-site,Internship,"C, Can","Lead, Graduate, Postman, Regression Testing, Gcp, Microservices, Agile",English,Lead,,Recent,https://de.linkedin.com/jobs/view/graduate-quality-assurance-analyst-all-genders-at-distribusion-technologies-4448191887,2026-08-06T12:04:53.619661+00:00
14,Tester | Austria,linkedin,Test Engineer,SCIENTIFIC GAMES,"Vienna, Austria",Remote,Contract,,"Kanban, Linux, Scrum, Jira, Expert, Cucumber, Agile",English,Expert,,Recent,https://at.linkedin.com/jobs/view/test-engineer-at-scientific-games-4447950790,2026-08-06T12:04:56.087147+00:00
14,QA Engineer | Germany,linkedin,Senior QA Engineer I,SumUp,"Berlin, Berlin, Germany",On-site,Full-time,,Senior,English,Senior,,Recent,https://de.linkedin.com/jobs/view/senior-qa-engineer-i-at-sumup-4374630381,2026-08-06T12:05:15.858828+00:00
14,QA Engineer | Slovakia,linkedin,Senior Quality Assurance Engineer,UNIQA Group Services,"Nitra Region, Slovakia",On-site,Full-time,,Senior,English,Senior,,Recent,https://sk.linkedin.com/jobs/view/senior-quality-assurance-engineer-at-uniqa-group-services-4431527332,2026-08-06T12:05:25.669479+00:00
14,QA Engineer | Poland,linkedin,QA Engineer,Luxoft,Poland,On-site,Contract,"Ci/Cd, Github Actions, Javascript, Jenkins, Python, Selenium, Test Automation, Typescript","Performance Testing, Manual Testing, Senior, Sql, Datadog, Agile, Regression Testing, Git, Aws, Github",English,Senior,,Recent,https://pl.linkedin.com/jobs/view/qa-engineer-at-luxoft-4441986313,2026-08-06T12:05:30.642333+00:00
14,Test Engineer | Czech Republic,linkedin,Senior Industrialization Test Engineer,Eaton,"Santo Domingo, Distrito Nacional, Dominican Republic",On-site,Full-time,,Senior,English,Senior,,Recent,https://do.linkedin.com/jobs/view/senior-industrialization-test-engineer-at-eaton-4421952597,2026-08-06T12:05:50.323671+00:00
14,Testingenieur | Poland,linkedin,Engineer / Coordinator FAT / SAT,Europa Systems,Szczecin Metropolitan Area,On-site,Contract,,Staff,English,Staff,,Recent,https://pl.linkedin.com/jobs/view/engineer-coordinator-fat-sat-at-europa-systems-4445086887,2026-08-06T12:06:15.835723+00:00
14,Test Automation | Germany,linkedin,Senior Test Automation Engineer/Software Development Engineer in Test (d/f/m),Leapsome,"Berlin, Germany",On-site,Full-time,Test Automation,Senior,English,Senior,,Recent,https://de.linkedin.com/jobs/view/senior-test-automation-engineer-software-development-engineer-in-test-d-f-m-at-leapsome-4319406597,2026-08-06T12:06:23.503042+00:00
14,Test Automation | Germany,linkedin,Senior Software Engineer in Test (f/m/d/x),EMIL Group,"Berlin, Berlin, Germany",On-site,Full-time,,Senior,English,Senior,,Recent,https://de.linkedin.com/jobs/view/senior-software-engineer-in-test-f-m-d-x-at-emil-group-4444389488,2026-08-06T12:06:23.503746+00:00
14,Test Automation | Germany,linkedin,(Senior) Test Automation Engineer,VisualVest,"Frankfurt, Hesse, Germany",On-site,Full-time,Test Automation,Senior,English,Senior,,Recent,https://de.linkedin.com/jobs/view/senior-test-automation-engineer-at-visualvest-4443389371,2026-08-06T12:06:23.504047+00:00
14,Test Automation | Austria,linkedin,Agile Senior Software Testautomation Engineer (m/w/x),ÖBB,"Leopoldstadt, Vienna, Austria",On-site,Full-time,,"Senior, Agile",English,Senior,,Recent,https://at.linkedin.com/jobs/view/agile-senior-software-testautomation-engineer-m-w-x-at-%C3%B6bb-4446756955,2026-08-06T12:06:26.037080+00:00
14,Test Automation | Austria,linkedin,SENIOR TESTAUTOMATION ENGINEER (M/W/D),Ivm Consulting Co,"Vienna, Vienna, Austria",On-site,Full-time,,Senior,English,Senior,,Recent,https://at.linkedin.com/jobs/view/senior-testautomation-engineer-m-w-d-at-ivm-consulting-co-4449483224,2026-08-06T12:06:26.037587+00:00
14,Test Automation | Switzerland,linkedin,Senior Test Automation Engineer (with test management skills),EPAM Systems,"Geneva, Geneva, Switzerland",On-site,Full-time,Test Automation,Senior,English,Senior,,Recent,https://ch.linkedin.com/jobs/view/senior-test-automation-engineer-with-test-management-skills-at-epam-systems-4431968126,2026-08-06T12:06:28.513338+00:00
14,Test Automation | Slovakia,linkedin,Senior Software Test Automation Engineer (Full Stack),Solar Turbines,"Bratislava Old Town, Bratislava, Slovakia",On-site,Full-time,Test Automation,Senior,English,Senior,,Recent,https://sk.linkedin.com/jobs/view/senior-software-test-automation-engineer-full-stack-at-solar-turbines-4450242125,2026-08-06T12:06:33.288255+00:00
14,Test Automation | Slovakia,linkedin,Senior Software Test Automation Engineer (Full stack),Solar Turbines,"Košice, Kosice, Slovakia",On-site,Full-time,Test Automation,Senior,English,Senior,,Recent,https://sk.linkedin.com/jobs/view/senior-software-test-automation-engineer-full-stack-at-solar-turbines-4414914904,2026-08-06T12:06:33.288424+00:00
14,Test Automation | Slovakia,linkedin,Lead Software Test Engineer,Caterpillar Inc.,"Košice, Kosice, Slovakia",On-site,Full-time,,Lead,English,Lead,,Recent,https://sk.linkedin.com/jobs/view/lead-software-test-engineer-at-caterpillar-inc-4447087941,2026-08-06T12:06:33.289068+00:00
14,Test Automation | Czech Republic,linkedin,Lead Software Engineer in Test (SDET),Flash,"Santo Domingo, Distrito Nacional, Dominican Republic",On-site,Full-time,,Lead,English,Lead,,Recent,https://do.linkedin.com/jobs/view/lead-software-engineer-in-test-sdet-at-flash-4414922814,2026-08-06T12:06:35.652899+00:00
14,Test Automation | Czech Republic,linkedin,Senior SDET -  GovTech Industry,Truelogic Software,Dominican Republic,On-site,Full-time,,Senior,English,Senior,,Recent,https://do.linkedin.com/jobs/view/senior-sdet-govtech-industry-at-truelogic-software-4438505356,2026-08-06T12:06:35.653058+00:00
14,Test Automation | Czech Republic,linkedin,Senior Software Development Engineer in Test,Episode Six,"Santo Domingo Este, Santo Domingo, Dominican Republic",On-site,Full-time,,Senior,English,Senior,,Recent,https://do.linkedin.com/jobs/view/senior-software-development-engineer-in-test-at-episode-six-4446542170,2026-08-06T12:06:35.653241+00:00
14,Test Automation | Poland,linkedin,Senior Test Automation Engineer,AMD,"Gdańsk, Pomorskie, Poland",On-site,Full-time,Test Automation,Senior,English,Senior,,Recent,https://pl.linkedin.com/jobs/view/senior-test-automation-engineer-at-amd-4427348897,2026-08-06T12:06:38.161782+00:00
14,Test Automation | Poland,linkedin,Test Automation Engineer/IT Test Manager (M/F/D),DSV - Global Transport and Logistics,"Warsaw, Mazowieckie, Poland",On-site,Full-time,Test Automation,,English,Test Manager,,Recent,https://pl.linkedin.com/jobs/view/test-automation-engineer-it-test-manager-m-f-d-at-dsv-global-transport-and-logistics-4439162204,2026-08-06T12:06:38.163161+00:00
14,Test Automation | USA,linkedin,Senior Automation Test Engineer,Motional,"Las Vegas, NV",On-site,Full-time,,Senior,English,Senior,,Recent,https://www.linkedin.com/jobs/view/senior-automation-test-engineer-at-motional-4397062662,2026-08-06T12:06:40.679704+00:00
14,Test Automation | USA,linkedin,Test Automation Lead,G3. GG Tech Global,"Grand Rapids, MI",On-site,Full-time,Test Automation,Lead,English,Lead,,Recent,https://www.linkedin.com/jobs/view/test-automation-lead-at-g3-gg-tech-global-4439071370,2026-08-06T12:06:40.680417+00:00
14,Test Automation | USA,linkedin,Senior Test Automation Engineer,CGI,"Salt Lake City, UT",On-site,Full-time,Test Automation,Senior,English,Senior,,Recent,https://www.linkedin.com/jobs/view/senior-test-automation-engineer-at-cgi-4430734501,2026-08-06T12:06:40.680728+00:00
14,Test Automation | USA,linkedin,"Senior Engineer, Automated Test (R4461)",Shield AI,"San Diego, CA",On-site,Full-time,,Senior,English,Senior,,Recent,https://www.linkedin.com/jobs/view/senior-engineer-automated-test-r4461-at-shield-ai-4369688528,2026-08-06T12:06:40.681184+00:00
14,Test Automation | United Kingdom,linkedin,Senior QA Engineer,Bellrock Group,"Liverpool, England, United Kingdom",On-site,Full-time,,Senior,English,Senior,,Recent,https://uk.linkedin.com/jobs/view/senior-qa-engineer-at-bellrock-group-4442168127,2026-08-06T12:06:43.184520+00:00
14,Python Developer | Austria,linkedin,Senior Python Entwickler:in (m/w/d),NovaLabs GmbH,"Graz, Styria, Austria",On-site,Full-time,Python,Senior,English,Senior,,Recent,https://at.linkedin.com/jobs/view/senior-python-entwickler-in-m-w-d-at-novalabs-gmbh-4445091137,2026-08-06T12:06:48.129326+00:00
14,Python Developer | Czech Republic,linkedin,Senior Full Stack Engineer (Backend-Focused),Applaudo,Dominican Republic,On-site,Full-time,,Senior,English,Senior,,Recent,https://do.linkedin.com/jobs/view/senior-full-stack-engineer-backend-focused-at-applaudo-4444988382,2026-08-06T12:06:57.734663+00:00
14,Firmware Engineer | Slovakia,linkedin,Senior Embedded Engineer,Ciklum Czech Republic & Slovakia,"Bratislava, Slovakia",On-site,Full-time,,Senior,English,Senior,,Recent,https://sk.linkedin.com/jobs/view/senior-embedded-engineer-at-ciklum-czech-republic-slovakia-4437769182,2026-08-06T12:07:39.580572+00:00
14,Firmware Engineer | Slovakia,linkedin,R&D: Electronics System Architect (m/ž),ZKW,"Topoľčany, Nitra Region, Slovakia",On-site,Full-time,,"Architect, R, System Architect",English,"Architect, System Architect",,Recent,https://sk.linkedin.com/jobs/view/r-d-electronics-system-architect-m-%C5%BE-at-zkw-4445504341,2026-08-06T12:07:39.581118+00:00
14,Firmware Engineer | Slovakia,linkedin,"Builder Team Lead - SDKs Integration - (C++, Rust, Android)",Innovatrics,"Bratislava, Slovakia",On-site,Full-time,"C, C++, Rust","Lead, Team Lead",English,Lead,,Recent,https://sk.linkedin.com/jobs/view/builder-team-lead-sdks-integration-c%2B%2B-rust-android-at-innovatrics-4445078696,2026-08-06T12:07:39.581630+00:00
14,Firmware Engineer | Slovakia,linkedin,Senior C/C++ Software Engineer,Frequentis,"Bratislava, Bratislava, Slovakia",On-site,Full-time,"C, C++",Senior,English,Senior,,Recent,https://sk.linkedin.com/jobs/view/senior-c-c%2B%2B-software-engineer-at-frequentis-4439990845,2026-08-06T12:07:39.581788+00:00
14,Firmware Engineer | Czech Republic,linkedin,Senior Embedded Linux OS Engineer,Nabu Casa,Dominican Republic,On-site,Full-time,Embedded Linux,"Senior, Linux",English,Senior,,Recent,https://do.linkedin.com/jobs/view/senior-embedded-linux-os-engineer-at-nabu-casa-4437792974,2026-08-06T12:07:41.952588+00:00
14,Firmware Engineer | United Kingdom,linkedin,Senior Firmware Engineer,Jackson Hogg,"Stockton-On-Tees, England, United Kingdom",On-site,Full-time,Firmware,Senior,English,Senior,,Recent,https://uk.linkedin.com/jobs/view/senior-firmware-engineer-at-jackson-hogg-4442035555,2026-08-06T12:07:49.488762+00:00
0,Tester | Germany,linkedin,Junior Quality Assurance Tester,Swift Games,"Berlin, Germany",Remote,Full-time,"Can, Cursor","Gitlab, Jira, Junior, Sql, Swift, Agile, Devops",English,,,Recent,https://de.linkedin.com/jobs/view/junior-quality-assurance-tester-at-swift-games-4441044199,2026-08-06T12:04:53.617137+00:00
0,Tester | Germany,linkedin,Software Tester (m/w/d),metamorphosis GmbH,"Paderborn, North Rhine-Westphalia, Germany",On-site,Full-time,,R,German,,,Recent,https://de.linkedin.com/jobs/view/software-tester-m-w-d-at-metamorphosis-gmbh-4449098850,2026-08-06T12:04:53.617525+00:00
0,Tester | Germany,linkedin,Agile Tester (m/w/d),secunet Security Networks AG,"Berlin, Germany",Remote,Full-time,"Bash, Python, Test Automation","R, Linux, Agile, Confluence, Jira, Groovy, Scrum",German,,,Recent,https://de.linkedin.com/jobs/view/agile-tester-m-w-d-at-secunet-security-networks-ag-4446760897,2026-08-06T12:04:53.617839+00:00
0,Tester | Germany,linkedin,Software Tester (all genders),GK Software,"St. Ingbert, Saarland, Germany",Remote,Contract,,R,German,,,Recent,https://de.linkedin.com/jobs/view/software-tester-all-genders-at-gk-software-4375013194,2026-08-06T12:04:53.618125+00:00
0,Tester | Germany,linkedin,Softwaretester (m/w/d) - Berlin,Nexus AG,"Berlin, Berlin, Germany",On-site,Full-time,C,"R, Oracle, Sql, Associate, C#",German,,,Recent,https://de.linkedin.com/jobs/view/softwaretester-m-w-d-berlin-at-nexus-ag-4447354524,2026-08-06T12:04:53.618434+00:00
0,Tester | Germany,linkedin,Tester:in,Investigo,"Nuremberg, Bavaria, Germany",On-site,Full-time,"C, C++, Python","R, Linux, Git",German,,,Recent,https://de.linkedin.com/jobs/view/tester-in-at-investigo-4447531635,2026-08-06T12:04:53.618771+00:00
0,Tester | Germany,linkedin,(Junior) Quality Assurance Tester (m/w/d),HRworks GmbH,"Frankfurt, Hesse, Germany",Remote,Full-time,Test Automation,"Junior, Associate, R",German,,,Recent,https://de.linkedin.com/jobs/view/junior-quality-assurance-tester-m-w-d-at-hrworks-gmbh-4437773874,2026-08-06T12:04:53.619070+00:00
0,Tester | Germany,linkedin,Test Analyst*in (d/m/w) – End-to-End & Integration,Toll Collect GmbH,"Berlin, Berlin, Germany",Remote,Internship,Test Automation,"R, Splunk, Jira",German,,,Recent,https://de.linkedin.com/jobs/view/test-analyst-in-d-m-w-%E2%80%93-end-to-end-integration-at-toll-collect-gmbh-4440462888,2026-08-06T12:04:53.619938+00:00
0,Tester | Austria,linkedin,Software Tester (Analytics & GUI),MXP,"Graz, Styria, Austria",On-site,Contract,"Ci/Cd, Playwright, Test Automation",Cypress,English,,,Recent,https://at.linkedin.com/jobs/view/software-tester-analytics-gui-at-mxp-4443115368,2026-08-06T12:04:56.086633+00:00
0,Tester | Austria,linkedin,"(Junior) Software Tester
Product Quality Engineer",evon,"Sankt Ruprecht an der Raab, Styria, Austria",Remote,Internship,C,"R, Junior, Sql, Sql Server, C#",German,,,Recent,https://at.linkedin.com/jobs/view/junior-software-tester%0Aproduct-quality-engineer-at-evon-4448566895,2026-08-06T12:04:56.086824+00:00
0,Tester | Austria,linkedin,"(Junior) Software Tester
Product Quality Engineer",SPIE Austria GmbH,"Sankt Ruprecht an der Raab, Styria, Austria",Remote,Internship,C,"R, Junior, Sql, Sql Server, C#",German,,,Recent,https://at.linkedin.com/jobs/view/junior-software-tester%0Aproduct-quality-engineer-at-spie-austria-gmbh-4439083000,2026-08-06T12:04:56.086987+00:00
0,Tester | Austria,linkedin,Software Tester*in,Agrarmarkt Austria,"Vienna, Vienna, Austria",Hybrid,Internship,,R,German,,,Recent,https://at.linkedin.com/jobs/view/software-tester-in-at-agrarmarkt-austria-4445843933,2026-08-06T12:04:56.087328+00:00
0,Tester | Austria,linkedin,Software Tester (f/m/d),GE HealthCare,"Vöcklamarkt, Upper Austria, Austria",On-site,Full-time,,,English,,,Recent,https://at.linkedin.com/jobs/view/software-tester-f-m-d-at-ge-healthcare-4416658855,2026-08-06T12:04:56.087485+00:00
0,Tester | Austria,linkedin,Software Tester,FB Consulting & Trade GmbH,"Vienna, Austria",On-site,Full-time,,,English,,,Recent,https://at.linkedin.com/jobs/view/software-tester-at-fb-consulting-trade-gmbh-4440672135,2026-08-06T12:04:56.087643+00:00
0,Tester | Austria,linkedin,Testing Manager (all genders) - Bug Hunter,Viewpointsystem,"Vienna, Vienna, Austria",On-site,Full-time,,,English,,,Recent,https://at.linkedin.com/jobs/view/testing-manager-all-genders-bug-hunter-at-viewpointsystem-4445511461,2026-08-06T12:04:56.087793+00:00
0,Tester | Austria,linkedin,SOFTWARETESTER:IN (W/M/X),IT-Services der Sozialversicherung GmbH,"Vienna, Vienna, Austria",On-site,Full-time,,,German,,,Recent,https://at.linkedin.com/jobs/view/softwaretester-in-w-m-x-at-it-services-der-sozialversicherung-gmbh-4427933384,2026-08-06T12:04:56.087943+00:00
0,Tester | Austria,linkedin,Software Test Engineer (f/m/x),Anton Paar,"Graz, Styria, Austria",On-site,Full-time,,,English,,,Recent,https://at.linkedin.com/jobs/view/software-test-engineer-f-m-x-at-anton-paar-4447910385,2026-08-06T12:04:56.088095+00:00
0,Tester | Switzerland,linkedin,Command Palette,ArchQA,"Bulle, Fribourg, Switzerland",On-site,Full-time,,,English,,,Recent,https://ch.linkedin.com/jobs/view/command-palette-at-archqa-4449110345,2026-08-06T12:04:58.572691+00:00
0,Tester | Switzerland,linkedin,PeopleSoft Tester- Time and Labor,"Bart & Associates, Inc.","Fully, Valais, Switzerland",On-site,Full-time,,,English,,,Recent,https://ch.linkedin.com/jobs/view/peoplesoft-tester-time-and-labor-at-bart-associates-inc-4410843014,2026-08-06T12:04:58.572874+00:00
0,Tester | Switzerland,linkedin,System / Network Tester,AYES - Management & Technology Consulting,"Zurich, Switzerland",On-site,Full-time,,,English,,,Recent,https://ch.linkedin.com/jobs/view/system-network-tester-at-ayes-management-technology-consulting-4445475806,2026-08-06T12:04:58.573038+00:00
0,Tester | Switzerland,linkedin,Software Test Engineer (m/w/d),Nexplore AG,"Berne, Switzerland",On-site,Full-time,,,English,,,Recent,https://ch.linkedin.com/jobs/view/software-test-engineer-m-w-d-at-nexplore-ag-4437847459,2026-08-06T12:04:58.573198+00:00
0,Tester | Switzerland,linkedin,Software Test/Analyst Engineer,Inpeco,"Novazzano, Ticino, Switzerland",On-site,Full-time,,,English,,,Recent,https://ch.linkedin.com/jobs/view/software-test-analyst-engineer-at-inpeco-4449667998,2026-08-06T12:04:58.573382+00:00
0,Tester | Switzerland,linkedin,Testeur QA - Automatisation H/F,Extia,"Lausanne, Vaud, Switzerland",On-site,Full-time,,,English,,,Recent,https://ch.linkedin.com/jobs/view/testeur-qa-automatisation-h-f-at-extia-4438737235,2026-08-06T12:04:58.573536+00:00
0,Tester | Switzerland,linkedin,Test and Verification Engineer,ARTIDIS,"Basel, Basel, Switzerland",On-site,Full-time,,,English,,,Recent,https://ch.linkedin.com/jobs/view/test-and-verification-engineer-at-artidis-4439890167,2026-08-06T12:04:58.573687+00:00
0,Tester | Switzerland,linkedin,Software Test Engineer,Nexplore AG,Greater Bern Area,On-site,Full-time,,,English,,,Recent,https://ch.linkedin.com/jobs/view/software-test-engineer-at-nexplore-ag-4438418267,2026-08-06T12:04:58.573839+00:00
0,Tester | Switzerland,linkedin,QA Engineer – Mobile Testing,Specialized Bicycle Components,"Cham, Zug, Switzerland",Remote,Full-time,,,English,,,Recent,https://ch.linkedin.com/jobs/view/qa-engineer-%E2%80%93-mobile-testing-at-specialized-bicycle-components-4419855030,2026-08-06T12:04:58.573993+00:00
0,Tester | Switzerland,linkedin,QA Engineer (m/w/d) - 100%,Ifolor Group,"Kreuzlingen, Thurgau, Switzerland",Remote,Full-time,,,English,,,Recent,https://ch.linkedin.com/jobs/view/qa-engineer-m-w-d-100%25-at-ifolor-group-4445178328,2026-08-06T12:04:58.574152+00:00
0,Tester | Slovakia,linkedin,Agile Test Engineer - Medior (m/f/n),ESET,"Bratislava, Bratislava, Slovakia",On-site,Full-time,,Agile,English,,,Recent,https://sk.linkedin.com/jobs/view/agile-test-engineer-medior-m-f-n-at-eset-4445540260,2026-08-06T12:05:03.419070+00:00
0,Tester | Slovakia,linkedin,Integration Tester,Avenga,"Bratislava, Bratislava, Slovakia",On-site,Full-time,,,English,,,Recent,https://sk.linkedin.com/jobs/view/integration-tester-at-avenga-4331424497,2026-08-06T12:05:03.419278+00:00
0,Tester | Slovakia,linkedin,Software QA Specialist,Descartes Systems Group,"Žilina, Zilina, Slovakia",On-site,Full-time,,,English,,,Recent,https://sk.linkedin.com/jobs/view/software-qa-specialist-at-descartes-systems-group-4382115365,2026-08-06T12:05:03.419457+00:00
0,Tester | Slovakia,linkedin,Software Test Analyst,Descartes Systems Group,"Žilina, Zilina, Slovakia",On-site,Full-time,,,English,,,Recent,https://sk.linkedin.com/jobs/view/software-test-analyst-at-descartes-systems-group-4438273257,2026-08-06T12:05:03.419621+00:00
0,Tester | Slovakia,linkedin,Software Test Engineer,Sensoneo,"Bratislava, Slovakia",On-site,Full-time,,,English,,,Recent,https://sk.linkedin.com/jobs/view/software-test-engineer-at-sensoneo-4445877933,2026-08-06T12:05:03.419784+00:00
0,Tester | Slovakia,linkedin,Software Test Engineer (m/ž),MicroStep-MIS,"Bratislava, Bratislava, Slovakia",On-site,Full-time,,,English,,,Recent,https://sk.linkedin.com/jobs/view/software-test-engineer-m-%C5%BE-at-microstep-mis-4445971352,2026-08-06T12:05:03.419942+00:00
0,Tester | Slovakia,linkedin,Agile Test Engineer (m/f/n),ESET,"Košice, Kosice, Slovakia",On-site,Full-time,,Agile,English,,,Recent,https://sk.linkedin.com/jobs/view/agile-test-engineer-m-f-n-at-eset-4405175696,2026-08-06T12:05:03.420108+00:00
0,Tester | Slovakia,linkedin,Automation Tester,EUROWAG,"Bratislava, Bratislava, Slovakia",On-site,Full-time,,,English,,,Recent,https://sk.linkedin.com/jobs/view/automation-tester-at-eurowag-4435911434,2026-08-06T12:05:03.420332+00:00
0,Tester | Czech Republic,linkedin,校招-GNSS测试工程师,GEESPACE,"アト・マジョール州, Hato Mayor, Dominican Republic",On-site,Full-time,,,English,,,Recent,https://do.linkedin.com/jobs/view/%E6%A0%A1%E6%8B%9B-gnss%E6%B5%8B%E8%AF%95%E5%B7%A5%E7%A8%8B%E5%B8%88-at-geespace-4438413597,2026-08-06T12:05:05.871111+00:00
0,Tester | Czech Republic,linkedin,Analista de Calidad y Pruebas (QA),Tu Empleo RD,"Santo Domingo Este, Santo Domingo, Dominican Republic",On-site,Full-time,,,English,,,Recent,https://do.linkedin.com/jobs/view/analista-de-calidad-y-pruebas-qa-at-tu-empleo-rd-4449975764,2026-08-06T12:05:05.871340+00:00
0,Tester | Czech Republic,linkedin,QA Mobile Automation Engineer,Applaudo,Dominican Republic,Remote,Full-time,,,English,,,Recent,https://do.linkedin.com/jobs/view/qa-mobile-automation-engineer-at-applaudo-4440064887,2026-08-06T12:05:05.871514+00:00
0,Tester | Czech Republic,linkedin,QA Mobile Automation Engineer,Applaudo,"Santiago, Dominican Republic",Remote,Full-time,,,English,,,Recent,https://do.linkedin.com/jobs/view/qa-mobile-automation-engineer-at-applaudo-4440074564,2026-08-06T12:05:05.871680+00:00
0,Tester | Czech Republic,linkedin,Quality Assurance Engineer - Trabajo Remoto,BairesDev,"Santo Domingo, Distrito Nacional, Dominican Republic",On-site,Full-time,,,English,,,Recent,https://do.linkedin.com/jobs/view/quality-assurance-engineer-trabajo-remoto-at-bairesdev-4448557223,2026-08-06T12:05:05.871841+00:00
0,Tester | Czech Republic,linkedin,Líder Tester Automatizador TI,Banco Popular Dominicano,"Santo Domingo, Dominican Republic",On-site,Full-time,,,English,,,Recent,https://do.linkedin.com/jobs/view/l%C3%ADder-tester-automatizador-ti-at-banco-popular-dominicano-4442888365,2026-08-06T12:05:05.872001+00:00
0,Tester | Czech Republic,linkedin,Quality Automation Engineer,Flash,"Santo Domingo, Distrito Nacional, Dominican Republic",On-site,Full-time,,,English,,,Recent,https://do.linkedin.com/jobs/view/quality-automation-engineer-at-flash-4449448358,2026-08-06T12:05:05.872171+00:00
0,Tester | Czech Republic,linkedin,Data QA Engineer – Enterprise Data | DR,Truelogic Software,Dominican Republic,On-site,Full-time,,,English,,,Recent,https://do.linkedin.com/jobs/view/data-qa-engineer-%E2%80%93-enterprise-data-dr-at-truelogic-software-4449980059,2026-08-06T12:05:05.872356+00:00
0,Tester | Czech Republic,linkedin,Software Development Engineer in Test,Origami Risk,"Santo Domingo, Distrito Nacional, Dominican Republic",On-site,Full-time,,,English,,,Recent,https://do.linkedin.com/jobs/view/software-development-engineer-in-test-at-origami-risk-4446340469,2026-08-06T12:05:05.872524+00:00
0,Tester | Czech Republic,linkedin,Lab Operations Technician,Eaton,"Bajos de Haina, San Cristóbal, Dominican Republic",On-site,Full-time,,,English,,,Recent,https://do.linkedin.com/jobs/view/lab-operations-technician-at-eaton-4444123698,2026-08-06T12:05:05.872683+00:00
0,Tester | Poland,linkedin,Junior Manual Tester,Jit Team,"Gdańsk, Pomorskie, Poland",On-site,Full-time,,Junior,English,,,Recent,https://pl.linkedin.com/jobs/view/junior-manual-tester-at-jit-team-4448343588,2026-08-06T12:05:08.332512+00:00
0,Tester | Poland,linkedin,Test Specialist,Icotera,"Szczecin, Zachodniopomorskie, Poland",On-site,Full-time,,,English,,,Recent,https://pl.linkedin.com/jobs/view/test-specialist-at-icotera-4447504836,2026-08-06T12:05:08.332704+00:00
0,Tester | Poland,linkedin,Junior Manual Tester (f/m/x),Sii Poland,"Łódź, Łódzkie, Poland",On-site,Full-time,,Junior,English,,,Recent,https://pl.linkedin.com/jobs/view/junior-manual-tester-f-m-x-at-sii-poland-4446235764,2026-08-06T12:05:08.332871+00:00
0,Tester | Poland,linkedin,Manual Tester,Jit Team,"Warsaw, Mazowieckie, Poland",On-site,Full-time,,,English,,,Recent,https://pl.linkedin.com/jobs/view/manual-tester-at-jit-team-4441945903,2026-08-06T12:05:08.333033+00:00
0,Tester | Poland,linkedin,Manual Tester (f/m/x),Sii Poland,"Białystok, Podlaskie, Poland",On-site,Full-time,,,English,,,Recent,https://pl.linkedin.com/jobs/view/manual-tester-f-m-x-at-sii-poland-4442834780,2026-08-06T12:05:08.333190+00:00
0,Tester | Poland,linkedin,Automation Tester,NATEK,Poznan Metropolitan Area,On-site,Full-time,,,English,,,Recent,https://pl.linkedin.com/jobs/view/automation-tester-at-natek-4404993649,2026-08-06T12:05:08.333379+00:00
0,Tester | Poland,linkedin,Junior Manual Tester,Motorola Solutions,"Cracow, Małopolskie, Poland",On-site,Full-time,,Junior,English,,,Recent,https://pl.linkedin.com/jobs/view/junior-manual-tester-at-motorola-solutions-4435122301,2026-08-06T12:05:08.333540+00:00
0,Tester | Poland,linkedin,Tester manualny,BlueBinary.io,"Wrocław, Dolnośląskie, Poland",On-site,Full-time,,,English,,,Recent,https://pl.linkedin.com/jobs/view/tester-manualny-at-bluebinary-io-4441232103,2026-08-06T12:05:08.333696+00:00
0,Tester | Poland,linkedin,Tester Manualny / Testerka Manualna,Finture,"Warsaw, Mazowieckie, Poland",On-site,Full-time,,,English,,,Recent,https://pl.linkedin.com/jobs/view/tester-manualny-testerka-manualna-at-finture-4446589888,2026-08-06T12:05:08.333849+00:00
0,Tester | Poland,linkedin,Tester Manualny / Testerka Manualna,Finture,"Warsaw, Mazowieckie, Poland",On-site,Full-time,,,English,,,Recent,https://pl.linkedin.com/jobs/view/tester-manualny-testerka-manualna%C2%A0-at-finture-4448890327,2026-08-06T12:05:08.333998+00:00
0,Tester | USA,linkedin,User Acceptance Tester,YoungWilliams,"Ridgeland, MS",On-site,Full-time,,,English,,,Recent,https://www.linkedin.com/jobs/view/user-acceptance-tester-at-youngwilliams-4449116977,2026-08-06T12:05:10.854599+00:00
0,Tester | USA,linkedin,Marine Product Tester,Navico Group,"Tulsa, OK",On-site,Full-time,,,English,,,Recent,https://www.linkedin.com/jobs/view/marine-product-tester-at-navico-group-4427196398,2026-08-06T12:05:10.854784+00:00
0,Tester | USA,linkedin,Manual Tester,Tata Consultancy Services,"Chaska, MN",On-site,Full-time,,,English,,,Recent,https://www.linkedin.com/jobs/view/manual-tester-at-tata-consultancy-services-4444806149,2026-08-06T12:05:10.854990+00:00
0,Tester | USA,linkedin,Test Analyst,UST,"Aliso Viejo, CA",On-site,Full-time,,,English,,,Recent,https://www.linkedin.com/jobs/view/test-analyst-at-ust-4436650287,2026-08-06T12:05:10.855154+00:00
0,Tester | USA,linkedin,Test Technician - QA,Comrise,"Las Vegas, NV",On-site,Full-time,,,English,,,Recent,https://www.linkedin.com/jobs/view/test-technician-qa-at-comrise-4444002332,2026-08-06T12:05:10.855341+00:00
0,Tester | USA,linkedin,Test Technician,Gather AI,Greater Pittsburgh Region,On-site,Full-time,,,English,,,Recent,https://www.linkedin.com/jobs/view/test-technician-at-gather-ai-4431278411,2026-08-06T12:05:10.855500+00:00
0,Tester | USA,linkedin,API Tester,HTC Global Services,"Madison, WI",On-site,Full-time,,,English,,,Recent,https://www.linkedin.com/jobs/view/api-tester-at-htc-global-services-4438930904,2026-08-06T12:05:10.855652+00:00
0,Tester | USA,linkedin,Software Test Engineer,iA,"Binghamton, NY",On-site,Full-time,,,English,,,Recent,https://www.linkedin.com/jobs/view/software-test-engineer-at-ia-4449685717,2026-08-06T12:05:10.855808+00:00
0,Tester | USA,linkedin,QA Tester,Opiniion Inc.,"Lehi, UT",On-site,Full-time,,,English,,,Recent,https://www.linkedin.com/jobs/view/qa-tester-at-opiniion-inc-4444917493,2026-08-06T12:05:10.855958+00:00
0,Tester | USA,linkedin,Software Tester,Radiance Technologies,"Beavercreek, OH",On-site,Full-time,,,English,,,Recent,https://www.linkedin.com/jobs/view/software-tester-at-radiance-technologies-4444222283,2026-08-06T12:05:10.856103+00:00
0,Tester | United Kingdom,linkedin,Automation Tester - Newcastle,Accenture,"Newcastle Upon Tyne, England, United Kingdom",On-site,Full-time,,,English,,,Recent,https://uk.linkedin.com/jobs/view/automation-tester-newcastle-at-accenture-4442630293,2026-08-06T12:05:13.387838+00:00
0,Tester | United Kingdom,linkedin,Automation Tester - Newcastle,Accenture UK & Ireland,"Newcastle Upon Tyne, England, United Kingdom",On-site,Full-time,,,English,,,Recent,https://uk.linkedin.com/jobs/view/automation-tester-newcastle-at-accenture-uk-ireland-4327989561,2026-08-06T12:05:13.388031+00:00
0,Tester | United Kingdom,linkedin,Software Tester,Rise Technical,"Newcastle Upon Tyne, England, United Kingdom",On-site,Full-time,,,English,,,Recent,https://uk.linkedin.com/jobs/view/software-tester-at-rise-technical-4441598437,2026-08-06T12:05:13.388198+00:00
0,Tester | United Kingdom,linkedin,QA Analyst - Web,Booker,"Wellingborough, England, United Kingdom",On-site,Full-time,,,English,,,Recent,https://uk.linkedin.com/jobs/view/qa-analyst-web-at-booker-4448524981,2026-08-06T12:05:13.388379+00:00
0,Tester | United Kingdom,linkedin,"Software Tester, Martech",bet365,"Stoke-On-Trent, England, United Kingdom",On-site,Full-time,,,English,,,Recent,https://uk.linkedin.com/jobs/view/software-tester-martech-at-bet365-4440025088,2026-08-06T12:05:13.388540+00:00
0,Tester | United Kingdom,linkedin,Test Engineer,Noir,"Bournemouth, England, United Kingdom",On-site,Full-time,,,English,,,Recent,https://uk.linkedin.com/jobs/view/test-engineer-at-noir-4447510687,2026-08-06T12:05:13.388698+00:00
0,Tester | United Kingdom,linkedin,QA - Device Tester,Radius,"Crewe, England, United Kingdom",On-site,Full-time,,,English,,,Recent,https://uk.linkedin.com/jobs/view/qa-device-tester-at-radius-4441648486,2026-08-06T12:05:13.388854+00:00
0,Tester | United Kingdom,linkedin,QA Tester,s1jobs,"Inverness, Scotland, United Kingdom",On-site,Full-time,,,English,,,Recent,https://uk.linkedin.com/jobs/view/qa-tester-at-s1jobs-4446316363,2026-08-06T12:05:13.389006+00:00
0,Tester | United Kingdom,linkedin,Test Analyst,University Hospital Southampton NHS FT,"Southampton, England, United Kingdom",On-site,Full-time,,,English,,,Recent,https://uk.linkedin.com/jobs/view/test-analyst-at-university-hospital-southampton-nhs-ft-4448095975,2026-08-06T12:05:13.389156+00:00
0,Tester | United Kingdom,linkedin,Software Test Analyst,develop,"Fareham, England, United Kingdom",On-site,Full-time,,,English,,,Recent,https://uk.linkedin.com/jobs/view/software-test-analyst-at-develop-4437676180,2026-08-06T12:05:13.389332+00:00
0,QA Engineer | Germany,linkedin,QA Engineer (m/w/d),aconium GmbH,"Berlin, Germany",On-site,Full-time,,,English,,,Recent,https://de.linkedin.com/jobs/view/qa-engineer-m-w-d-at-aconium-gmbh-4437660726,2026-08-06T12:05:15.857516+00:00
0,QA Engineer | Germany,linkedin,Quality Assurance Engineer,Sporting Rock GmbH,"Hamburg, Germany",On-site,Full-time,,,English,,,Recent,https://de.linkedin.com/jobs/view/quality-assurance-engineer-at-sporting-rock-gmbh-4448145620,2026-08-06T12:05:15.857697+00:00
0,QA Engineer | Germany,linkedin,Quality Assurance Engineer,Quantum Machines,"Stuttgart, Baden-Württemberg, Germany",On-site,Full-time,,,English,,,Recent,https://de.linkedin.com/jobs/view/quality-assurance-engineer-at-quantum-machines-4439443736,2026-08-06T12:05:15.857854+00:00
0,QA Engineer | Germany,linkedin,QA Engineer (all genders) 4-Tage-Woche,Fp GmbH,Greater Leipzig Area,On-site,Full-time,,,English,,,Recent,https://de.linkedin.com/jobs/view/qa-engineer-all-genders-4-tage-woche-at-fp-gmbh-4445192570,2026-08-06T12:05:15.858015+00:00
0,QA Engineer | Germany,linkedin,QA Engineer,InCycling GmbH,"Erfurt, Thuringia, Germany",On-site,Full-time,,,English,,,Recent,https://de.linkedin.com/jobs/view/qa-engineer-at-incycling-gmbh-4448408838,2026-08-06T12:05:15.858181+00:00
0,QA Engineer | Germany,linkedin,Software Test Engineer (m/w/d),BITE GmbH,"Neu Ulm, Bavaria, Germany",On-site,Full-time,,,English,,,Recent,https://de.linkedin.com/jobs/view/software-test-engineer-m-w-d-at-bite-gmbh-4447088283,2026-08-06T12:05:15.858360+00:00
0,QA Engineer | Germany,linkedin,QA Engineer (w/m/x) AI Infrastructure,FAST LTA,"Munich, Bavaria, Germany",On-site,Full-time,,,English,,,Recent,https://de.linkedin.com/jobs/view/qa-engineer-w-m-x-ai-infrastructure-at-fast-lta-4433651534,2026-08-06T12:05:15.858522+00:00
0,QA Engineer | Germany,linkedin,Quality Assurance Engineer (m/w/d),Yalwa GmbH,"Wiesbaden, Hesse, Germany",On-site,Full-time,,,English,,,Recent,https://de.linkedin.com/jobs/view/quality-assurance-engineer-m-w-d-at-yalwa-gmbh-4449433967,2026-08-06T12:05:15.858675+00:00
0,QA Engineer | Germany,linkedin,Test Engineer (m/w/d),Seeing Machines,"Berlin, Germany",On-site,Full-time,,,English,,,Recent,https://de.linkedin.com/jobs/view/test-engineer-m-w-d-at-seeing-machines-4449012970,2026-08-06T12:05:15.858982+00:00
0,QA Engineer | Austria,linkedin,Quality Engineer,Trayport,"Vienna, Vienna, Austria",On-site,Full-time,,,English,,,Recent,https://at.linkedin.com/jobs/view/quality-engineer-at-trayport-4399977766,2026-08-06T12:05:18.348140+00:00
0,QA Engineer | Austria,linkedin,Software Quality Engineer (m/w/d),KNAPP,"Hart bei Graz, Styria, Austria",On-site,Full-time,,,English,,,Recent,https://at.linkedin.com/jobs/view/software-quality-engineer-m-w-d-at-knapp-4440760445,2026-08-06T12:05:18.348352+00:00
0,QA Engineer | Austria,linkedin,QA Engineer (m/w/d),Axess,"Anif, Salzburg, Austria",On-site,Full-time,,,English,,,Recent,https://at.linkedin.com/jobs/view/qa-engineer-m-w-d-at-axess-4439980548,2026-08-06T12:05:18.348838+00:00
0,QA Engineer | Austria,linkedin,Software Test Engineer (w/m/d),Bachmann electronic GmbH,"Feldkirch, Vorarlberg, Austria",On-site,Full-time,,,English,,,Recent,https://at.linkedin.com/jobs/view/software-test-engineer-w-m-d-at-bachmann-electronic-gmbh-4444429315,2026-08-06T12:05:18.348994+00:00
0,QA Engineer | Austria,linkedin,Test Automation Engineer (w/m/d),SOFTCOM CONSULTING GmbH,"Vienna, Vienna, Austria",On-site,Full-time,Test Automation,,English,,,Recent,https://at.linkedin.com/jobs/view/test-automation-engineer-w-m-d-at-softcom-consulting-gmbh-4448112714,2026-08-06T12:05:18.349338+00:00
0,QA Engineer | Austria,linkedin,Test & Validation Engineer (m/w/d),S.I.E,"Lustenau, Vorarlberg, Austria",On-site,Full-time,,,English,,,Recent,https://at.linkedin.com/jobs/view/test-validation-engineer-m-w-d-at-s-i-e-4443499778,2026-08-06T12:05:18.349495+00:00
0,QA Engineer | Austria,linkedin,Software Test Engineer & Documentation Writer (w/m/d),Delegate Group,"Vienna, Vienna, Austria",On-site,Full-time,,,English,,,Recent,https://at.linkedin.com/jobs/view/software-test-engineer-documentation-writer-w-m-d-at-delegate-group-4447386784,2026-08-06T12:05:18.349648+00:00
0,QA Engineer | Switzerland,linkedin,Application QA Engineer (Mid-Level),Prospera AI,"Fully, Valais, Switzerland",On-site,Full-time,,Mid-Level,English,,,Recent,https://ch.linkedin.com/jobs/view/application-qa-engineer-mid-level-at-prospera-ai-4448206225,2026-08-06T12:05:20.908720+00:00
0,QA Engineer | Switzerland,linkedin,Software Quality Assurance Engineer,WEDO,"Fribourg, Fribourg, Switzerland",On-site,Full-time,,,English,,,Recent,https://ch.linkedin.com/jobs/view/software-quality-assurance-engineer-at-wedo-4438646954,2026-08-06T12:05:20.909061+00:00
0,QA Engineer | Switzerland,linkedin,Test Automation Engineer,Phenomenix,"Bern, Berne, Switzerland",On-site,Full-time,Test Automation,,English,,,Recent,https://ch.linkedin.com/jobs/view/test-automation-engineer-at-phenomenix-4444252239,2026-08-06T12:05:20.909558+00:00
0,QA Engineer | Switzerland,linkedin,Software Test & Validation Engineer,Harmattan AI,"Lausanne, Vaud, Switzerland",On-site,Full-time,,,English,,,Recent,https://ch.linkedin.com/jobs/view/software-test-validation-engineer-at-harmattan-ai-4398385941,2026-08-06T12:05:20.909889+00:00
0,QA Engineer | Switzerland,linkedin,QA Engineer Ebanking,Talan,"Genève, Geneva, Switzerland",On-site,Full-time,,,English,,,Recent,https://ch.linkedin.com/jobs/view/qa-engineer-ebanking-at-talan-4440580773,2026-08-06T12:05:20.910044+00:00
0,QA Engineer | Switzerland,linkedin,Systemtestingenieur Software (m/w/d),TRUMPF Schweiz AG,"Grüsch, Graubünden, Switzerland",On-site,Full-time,,,English,,,Recent,https://ch.linkedin.com/jobs/view/systemtestingenieur-software-m-w-d-at-trumpf-schweiz-ag-4446746887,2026-08-06T12:05:20.910200+00:00
0,QA Engineer | Slovakia,linkedin,Agile Test Engineer (m/f/n),ESET,"Bratislava, Bratislava, Slovakia",On-site,Full-time,,Agile,English,,,Recent,https://sk.linkedin.com/jobs/view/agile-test-engineer-m-f-n-at-eset-4405185637,2026-08-06T12:05:25.668969+00:00
0,QA Engineer | Slovakia,linkedin,Middle QA Automation Engineer ID81304,AgileEngine,"Bratislava, Bratislava, Slovakia",On-site,Full-time,,,English,,,Recent,https://sk.linkedin.com/jobs/view/middle-qa-automation-engineer-id81304-at-agileengine-4448526380,2026-08-06T12:05:25.669134+00:00
0,QA Engineer | Slovakia,linkedin,QA Engineer (43365),CoolPeople Technology,"Bratislava, Bratislava, Slovakia",On-site,Full-time,,,English,,,Recent,https://sk.linkedin.com/jobs/view/qa-engineer-43365-at-coolpeople-technology-4445961017,2026-08-06T12:05:25.669324+00:00
0,QA Engineer | Slovakia,linkedin,Quality Assurance Engineer,Swiss Re,"Bratislava, Bratislava, Slovakia",On-site,Full-time,,,English,,,Recent,https://sk.linkedin.com/jobs/view/quality-assurance-engineer-at-swiss-re-4442045150,2026-08-06T12:05:25.669641+00:00
0,QA Engineer | Slovakia,linkedin,Experienced Test Automation Engineer,Accenture na Slovensku,"Bratislava, Bratislava, Slovakia",On-site,Full-time,Test Automation,,English,,,Recent,https://sk.linkedin.com/jobs/view/experienced-test-automation-engineer-at-accenture-na-slovensku-4439873951,2026-08-06T12:05:25.670109+00:00
0,QA Engineer | Slovakia,linkedin,Test Automation Engineer,Avenga,"Bratislava, Bratislava, Slovakia",On-site,Full-time,Test Automation,,English,,,Recent,https://sk.linkedin.com/jobs/view/test-automation-engineer-at-avenga-4331424496,2026-08-06T12:05:25.670289+00:00
0,QA Engineer | Czech Republic,linkedin,Quality Engineer II,Integer Holdings Corporation,"Santo Domingo, Distrito Nacional, Dominican Republic",On-site,Full-time,,,English,,,Recent,https://do.linkedin.com/jobs/view/quality-engineer-ii-at-integer-holdings-corporation-4414629902,2026-08-06T12:05:28.118545+00:00
0,QA Engineer | Czech Republic,linkedin,Quality Engineer II-2,Integer Holdings Corporation,"Santo Domingo, Distrito Nacional, Dominican Republic",On-site,Full-time,,,English,,,Recent,https://do.linkedin.com/jobs/view/quality-engineer-ii-2-at-integer-holdings-corporation-4414630897,2026-08-06T12:05:28.118700+00:00
0,QA Engineer | Czech Republic,linkedin,Quality Engineer,PCS Wireless,"Praderas del Este, Santo Domingo, Dominican Republic",On-site,Full-time,,,English,,,Recent,https://do.linkedin.com/jobs/view/quality-engineer-at-pcs-wireless-4437323183,2026-08-06T12:05:28.119011+00:00
0,QA Engineer | Poland,linkedin,QA ENGINEER,Workai,"Białystok, Podlaskie, Poland",On-site,Full-time,,,English,,,Recent,https://pl.linkedin.com/jobs/view/qa-engineer-at-workai-4437630094,2026-08-06T12:05:30.641934+00:00
0,QA Engineer | Poland,linkedin,General QA Engineer (AI track),SQUAD,"Gdańsk, Pomorskie, Poland",On-site,Full-time,,,English,,,Recent,https://pl.linkedin.com/jobs/view/general-qa-engineer-ai-track-at-squad-4449048901,2026-08-06T12:05:30.642132+00:00
0,QA Engineer | Poland,linkedin,QA Engineer,SINGU,"Cracow, Małopolskie, Poland",Remote,Contract,"Can, Ci/Cd, Go, Jenkins, Playwright, Test Automation, Typescript","Cypress, Performance Testing, Scrum, Agile, Php",English,,,Recent,https://pl.linkedin.com/jobs/view/qa-engineer-at-singu-4437863832,2026-08-06T12:05:30.642495+00:00
0,QA Engineer | Poland,linkedin,Manual QA Engineer,The Travel Corporation,"Katowice, Śląskie, Poland",On-site,Full-time,,,English,,,Recent,https://pl.linkedin.com/jobs/view/manual-qa-engineer-at-the-travel-corporation-4448264993,2026-08-06T12:05:30.642657+00:00
0,QA Engineer | Poland,linkedin,Quality Assurance Engineer (QA),Tickmill,"Warsaw, Mazowieckie, Poland",On-site,Full-time,,,English,,,Recent,https://pl.linkedin.com/jobs/view/quality-assurance-engineer-qa-at-tickmill-4385011025,2026-08-06T12:05:30.642816+00:00
0,QA Engineer | Poland,linkedin,Software Quality Engineer,Luxoft,Poland,On-site,Full-time,,,English,,,Recent,https://pl.linkedin.com/jobs/view/software-quality-engineer-at-luxoft-4438195056,2026-08-06T12:05:30.642979+00:00
0,QA Engineer | Poland,linkedin,QA Engineer,Luxoft Poland,Poland,On-site,Full-time,,,English,,,Recent,https://pl.linkedin.com/jobs/view/qa-engineer-at-luxoft-poland-4441978997,2026-08-06T12:05:30.643138+00:00
0,QA Engineer | Poland,linkedin,QA Engineer (m/f/d),Aras Corporation,"Cracow, Małopolskie, Poland",On-site,Full-time,,,English,,,Recent,https://pl.linkedin.com/jobs/view/qa-engineer-m-f-d-at-aras-corporation-4434729551,2026-08-06T12:05:30.643318+00:00
0,QA Engineer | Poland,linkedin,QA Automation Engineer,NTFY - Nice To Fit You,"Warsaw, Mazowieckie, Poland",On-site,Full-time,,,English,,,Recent,https://pl.linkedin.com/jobs/view/qa-automation-engineer-at-ntfy-nice-to-fit-you-4443367150,2026-08-06T12:05:30.643476+00:00
0,QA Engineer | USA,linkedin,Quality Assurance Engineer,Creative Techy,"Lebanon, PA",On-site,Full-time,,,English,,,Recent,https://www.linkedin.com/jobs/view/quality-assurance-engineer-at-creative-techy-4446100779,2026-08-06T12:05:33.124594+00:00
0,QA Engineer | USA,linkedin,QA Engineer,Exacta Systems,"Austin, TX",On-site,Full-time,,,English,,,Recent,https://www.linkedin.com/jobs/view/qa-engineer-at-exacta-systems-4382210948,2026-08-06T12:05:33.124774+00:00
0,QA Engineer | USA,linkedin,QA Engineer,Boom,"Austin, TX",On-site,Full-time,,,English,,,Recent,https://www.linkedin.com/jobs/view/qa-engineer-at-boom-4413360961,2026-08-06T12:05:33.124930+00:00
0,QA Engineer | USA,linkedin,Testing & QA Engineer (Mid-Level),Baserock AI,"Leawood, KS",On-site,Full-time,,Mid-Level,English,,,Recent,https://www.linkedin.com/jobs/view/testing-qa-engineer-mid-level-at-baserock-ai-4446854603,2026-08-06T12:05:33.125082+00:00
0,QA Engineer | USA,linkedin,QA Testing Engineer - Device Connectivity,Getinge,"Streetsboro, OH",On-site,Full-time,,,English,,,Recent,https://www.linkedin.com/jobs/view/qa-testing-engineer-device-connectivity-at-getinge-4432268851,2026-08-06T12:05:33.125259+00:00
0,QA Engineer | USA,linkedin,Quality Assurance Engineer,Point Predictive,"San Diego, CA",On-site,Full-time,,,English,,,Recent,https://www.linkedin.com/jobs/view/quality-assurance-engineer-at-point-predictive-4449676007,2026-08-06T12:05:33.125425+00:00
0,QA Engineer | USA,linkedin,Quality Engineer,Biorce,"Austin, TX",On-site,Full-time,,,English,,,Recent,https://www.linkedin.com/jobs/view/quality-engineer-at-biorce-4433936150,2026-08-06T12:05:33.125724+00:00
0,QA Engineer | USA,linkedin,Software Quality Engineer II,Airlines Reporting Corporation (ARC),"Louisville, KY",On-site,Full-time,,,English,,,Recent,https://www.linkedin.com/jobs/view/software-quality-engineer-ii-at-airlines-reporting-corporation-arc-4447996714,2026-08-06T12:05:33.125875+00:00
0,QA Engineer | USA,linkedin,Test Engineer,Accenture Federal Services,"San Antonio, TX",On-site,Full-time,,,English,,,Recent,https://www.linkedin.com/jobs/view/test-engineer-at-accenture-federal-services-4441600504,2026-08-06T12:05:33.126030+00:00
0,QA Engineer | United Kingdom,linkedin,Mobile QA Engineer (Mid Level),Waracle,"Dundee, Scotland, United Kingdom",Remote,Full-time,,,English,,,Recent,https://uk.linkedin.com/jobs/view/mobile-qa-engineer-mid-level-at-waracle-4444591024,2026-08-06T12:05:35.468282+00:00
0,QA Engineer | United Kingdom,linkedin,Test Engineer,Storm ID,"Edinburgh, Scotland, United Kingdom",On-site,Full-time,,,English,,,Recent,https://uk.linkedin.com/jobs/view/test-engineer-at-storm-id-4441518092,2026-08-06T12:05:35.468515+00:00
0,QA Engineer | United Kingdom,linkedin,QAOps Engineer,Symphony,"Belfast, Northern Ireland, United Kingdom",On-site,Full-time,,,English,,,Recent,https://uk.linkedin.com/jobs/view/qaops-engineer-at-symphony-4429539001,2026-08-06T12:05:35.468733+00:00
0,QA Engineer | United Kingdom,linkedin,Mobile QA Engineer (Mid Level),Waracle,"Edinburgh, Scotland, United Kingdom",Remote,Full-time,,,English,,,Recent,https://uk.linkedin.com/jobs/view/mobile-qa-engineer-mid-level-at-waracle-4444578783,2026-08-06T12:05:35.468901+00:00
0,QA Engineer | United Kingdom,linkedin,QA Test Engineer,Leo Recruitment Limited,"Poole, England, United Kingdom",On-site,Full-time,,,English,,,Recent,https://uk.linkedin.com/jobs/view/qa-test-engineer-at-leo-recruitment-limited-4448353646,2026-08-06T12:05:35.469057+00:00
0,QA Engineer | United Kingdom,linkedin,Test Engineer,Sage,"Newcastle Upon Tyne, England, United Kingdom",On-site,Full-time,,,English,,,Recent,https://uk.linkedin.com/jobs/view/test-engineer-at-sage-4437170352,2026-08-06T12:05:35.469212+00:00
0,QA Engineer | United Kingdom,linkedin,QA Engineer,Indra Group UK & Ireland,"Bournemouth, England, United Kingdom",On-site,Full-time,,,English,,,Recent,https://uk.linkedin.com/jobs/view/qa-engineer-at-indra-group-uk-ireland-4445200049,2026-08-06T12:05:35.469391+00:00
0,QA Engineer | United Kingdom,linkedin,Quality Engineer,Xplor Technologies,"Newcastle Upon Tyne, England, United Kingdom",On-site,Full-time,,,English,,,Recent,https://uk.linkedin.com/jobs/view/quality-engineer-at-xplor-technologies-4449619162,2026-08-06T12:05:35.469545+00:00
0,QA Engineer | United Kingdom,linkedin,QA Engineer,Reassured,"Basingstoke, England, United Kingdom",On-site,Full-time,,,English,,,Recent,https://uk.linkedin.com/jobs/view/qa-engineer-at-reassured-4442818255,2026-08-06T12:05:35.469700+00:00
0,QA Engineer | United Kingdom,linkedin,QA Engineer II (AI-Powered),Planet DDS,"Glasgow, Scotland, United Kingdom",On-site,Full-time,,,English,,,Recent,https://uk.linkedin.com/jobs/view/qa-engineer-ii-ai-powered-at-planet-dds-4387899796,2026-08-06T12:05:35.469850+00:00
0,Test Engineer | Germany,linkedin,Test Engineer (m/w/d),citema systems GmbH,"Berlin, Berlin, Germany",On-site,Full-time,,,English,,,Recent,https://de.linkedin.com/jobs/view/test-engineer-m-w-d-at-citema-systems-gmbh-4443350743,2026-08-06T12:05:37.957953+00:00
0,Test Engineer | Germany,linkedin,Test Engineer,APRIORI - business solutions AG,"Berlin, Germany",On-site,Full-time,,,English,,,Recent,https://de.linkedin.com/jobs/view/test-engineer-at-apriori-business-solutions-ag-4441512535,2026-08-06T12:05:37.958118+00:00
0,Test Engineer | Germany,linkedin,Hardware Test Engineer (all gender),ALTEN,"Böblingen, Baden-Württemberg, Germany",On-site,Full-time,,,English,,,Recent,https://de.linkedin.com/jobs/view/hardware-test-engineer-all-gender-at-alten-4448014519,2026-08-06T12:05:37.958303+00:00
0,Test Engineer | Germany,linkedin,HIL Test Engineer (m/f/d),Quantum Systems,Greater Munich Metropolitan Area,On-site,Full-time,Hil,,English,,,Recent,https://de.linkedin.com/jobs/view/hil-test-engineer-m-f-d-at-quantum-systems-4440757217,2026-08-06T12:05:37.958469+00:00
0,Test Engineer | Germany,linkedin,Verification Engineer (all genders),Philips,"Hamburg, Hamburg, Germany",On-site,Full-time,,,English,,,Recent,https://de.linkedin.com/jobs/view/verification-engineer-all-genders-at-philips-4442678250,2026-08-06T12:05:37.958626+00:00
0,Test Engineer | Germany,linkedin,Test & Verification Engineer – Environmental (all genders),STARK,"Munich, Bavaria, Germany",On-site,Full-time,,,English,,,Recent,https://de.linkedin.com/jobs/view/test-verification-engineer-%E2%80%93-environmental-all-genders-at-stark-4439052247,2026-08-06T12:05:37.958777+00:00
0,Test Engineer | Germany,linkedin,Hardware Test Engineer (m/f/d),Harvey Nash,"Böblingen, Baden-Württemberg, Germany",On-site,Full-time,,,English,,,Recent,https://de.linkedin.com/jobs/view/hardware-test-engineer-m-f-d-at-harvey-nash-4447132011,2026-08-06T12:05:37.958941+00:00
0,Test Engineer | Germany,linkedin,Test & System Engineer - Quadruped (human),NEURA Robotics,"Riederich, Baden-Württemberg, Germany",On-site,Full-time,,,English,,,Recent,https://de.linkedin.com/jobs/view/test-system-engineer-quadruped-human-at-neura-robotics-4440552937,2026-08-06T12:05:37.959099+00:00
0,Test Engineer | Germany,linkedin,Test & System Engineer - Quadruped (Mensch),NEURA Robotics,"Riederich, Baden-Württemberg, Germany",On-site,Full-time,,,English,,,Recent,https://de.linkedin.com/jobs/view/test-system-engineer-quadruped-mensch-at-neura-robotics-4440569199,2026-08-06T12:05:37.959283+00:00
0,Test Engineer | Austria,linkedin,Test Engineer,CNH,"Sankt Valentin, Lower Austria, Austria",On-site,Full-time,,,English,,,Recent,https://at.linkedin.com/jobs/view/test-engineer-at-cnh-4437448387,2026-08-06T12:05:40.574186+00:00
0,Test Engineer | Austria,linkedin,Test Engineer (all genders),Lam Research,"Villach, Carinthia, Austria",On-site,Full-time,,,English,,,Recent,https://at.linkedin.com/jobs/view/test-engineer-all-genders-at-lam-research-4419148898,2026-08-06T12:05:40.574377+00:00
0,Test Engineer | Austria,linkedin,MedTech Test & Verification Engineer (m/w/d),Combyn Health Care GmbH,Greater Graz,On-site,Full-time,,,English,,,Recent,https://at.linkedin.com/jobs/view/medtech-test-verification-engineer-m-w-d-at-combyn-health-care-gmbh-4447335571,2026-08-06T12:05:40.574538+00:00
0,Test Engineer | Austria,linkedin,Test Automation Engineer,Delta Electronics EMEA,"Vienna, Vienna, Austria",On-site,Full-time,Test Automation,,English,,,Recent,https://at.linkedin.com/jobs/view/test-automation-engineer-at-delta-electronics-emea-4442094269,2026-08-06T12:05:40.574692+00:00
0,Test Engineer | Austria,linkedin,Test Engineer (m/w/d),TE Connectivity,"Waidhofen an der Thaya, Lower Austria, Austria",On-site,Full-time,,,German,,,Recent,https://at.linkedin.com/jobs/view/test-engineer-m-w-d-at-te-connectivity-4435908715,2026-08-06T12:05:40.574848+00:00
0,Test Engineer | Austria,linkedin,Test Engineer,ENPULSION,"Vienna, Vienna, Austria",On-site,Full-time,,,English,,,Recent,https://at.linkedin.com/jobs/view/test-engineer-at-enpulsion-4440148776,2026-08-06T12:05:40.574997+00:00
0,Test Engineer | Austria,linkedin,"System Test Engineer - Measurement Devices, 80-100% (f/m/x)",OMICRON electronics,"Klaus, Vorarlberg, Austria",Remote,Full-time,,,English,,,Recent,https://at.linkedin.com/jobs/view/system-test-engineer-measurement-devices-80-100%25-f-m-x-at-omicron-electronics-4448181782,2026-08-06T12:05:40.575150+00:00
0,Test Engineer | Switzerland,linkedin,Verification & Testing Engineer,ANYbotics,"Zurich, Zurich, Switzerland",On-site,Full-time,,,English,,,Recent,https://ch.linkedin.com/jobs/view/verification-testing-engineer-at-anybotics-4443525412,2026-08-06T12:05:43.098010+00:00
0,Test Engineer | Switzerland,linkedin,System Test Engineer,GXP CONSULTING Switzerland,Lausanne Metropolitan Area,On-site,Full-time,,,English,,,Recent,https://ch.linkedin.com/jobs/view/system-test-engineer-at-gxp-consulting-switzerland-4441804377,2026-08-06T12:05:43.098197+00:00
0,Test Engineer | Switzerland,linkedin,"Testing Engineer (Zürich, 100%)",Loki Robotics,"Zurich, Zurich, Switzerland",Remote,Full-time,,,English,,,Recent,https://ch.linkedin.com/jobs/view/testing-engineer-z%C3%BCrich-100%25-at-loki-robotics-4446119836,2026-08-06T12:05:43.098387+00:00
0,Test Engineer | Switzerland,linkedin,Robotics Test Engineer,ANYbotics,"Zurich, Zurich, Switzerland",On-site,Full-time,,,English,,,Recent,https://ch.linkedin.com/jobs/view/robotics-test-engineer-at-anybotics-4447710272,2026-08-06T12:05:43.098553+00:00
0,Test Engineer | Switzerland,linkedin,System Validation Engineer,Specialized Bicycle Components,"Cham, Zug, Switzerland",On-site,Full-time,,,English,,,Recent,https://ch.linkedin.com/jobs/view/system-validation-engineer-at-specialized-bicycle-components-4413407950,2026-08-06T12:05:43.098869+00:00
0,Test Engineer | Switzerland,linkedin,System Test Engineer - Humanoid (human),NEURA Robotics,"Zurich, Zurich, Switzerland",On-site,Full-time,,,English,,,Recent,https://ch.linkedin.com/jobs/view/system-test-engineer-humanoid-human-at-neura-robotics-4443924573,2026-08-06T12:05:43.099036+00:00
0,Test Engineer | Switzerland,linkedin,System Test Engineer - Humanoid (Mensch),NEURA Robotics,"Zurich, Zurich, Switzerland",On-site,Full-time,,,English,,,Recent,https://ch.linkedin.com/jobs/view/system-test-engineer-humanoid-mensch-at-neura-robotics-4443922654,2026-08-06T12:05:43.099191+00:00
0,Test Engineer | Switzerland,linkedin,Test Engineer (m/f/d),Variosystems,"Steinach, St Gallen, Switzerland",On-site,Full-time,,,English,,,Recent,https://ch.linkedin.com/jobs/view/test-engineer-m-f-d-at-variosystems-4431272390,2026-08-06T12:05:43.099525+00:00
0,Test Engineer | Slovakia,linkedin,Test Engineer,Vertiv,"Nové Mesto nad Váhom, Trenciansky, Slovakia",On-site,Full-time,,,English,,,Recent,https://sk.linkedin.com/jobs/view/test-engineer-at-vertiv-4430484432,2026-08-06T12:05:47.900986+00:00
0,Test Engineer | Slovakia,linkedin,Test and software engineer,ZF Group,"Horná Streda, Trenciansky, Slovakia",On-site,Full-time,,,English,,,Recent,https://sk.linkedin.com/jobs/view/test-and-software-engineer-at-zf-group-4445846719,2026-08-06T12:05:47.901375+00:00
0,Test Engineer | Slovakia,linkedin,Middle Manual Test Engineer (iOS/Android) IRC296455,GlobalLogic,"Košice, Kosice, Slovakia",On-site,Full-time,,,English,,,Recent,https://sk.linkedin.com/jobs/view/middle-manual-test-engineer-ios-android-irc296455-at-globallogic-4447998490,2026-08-06T12:05:47.902185+00:00
0,Test Engineer | Slovakia,linkedin,Controller Tester,Vertiv,"Nové Mesto nad Váhom, Trenciansky, Slovakia",On-site,Full-time,,,English,,,Recent,https://sk.linkedin.com/jobs/view/controller-tester-at-vertiv-4368667919,2026-08-06T12:05:47.902370+00:00
0,Test Engineer | Poland,linkedin,Test Engineer / Inżynier Testu,NES Fircroft,Warsaw Metropolitan Area,On-site,Full-time,,,English,,,Recent,https://pl.linkedin.com/jobs/view/test-engineer-in%C5%BCynier-testu-at-nes-fircroft-4444963675,2026-08-06T12:05:52.867296+00:00
0,Test Engineer | Poland,linkedin,Test Engineer,BorgWarner,"Błonie, Mazowieckie, Poland",On-site,Full-time,,,English,,,Recent,https://pl.linkedin.com/jobs/view/test-engineer-at-borgwarner-4437021834,2026-08-06T12:05:52.867491+00:00
0,Test Engineer | Poland,linkedin,Test & Validation Engineer,Lyten,"Gdańsk, Pomorskie, Poland",On-site,Full-time,,,English,,,Recent,https://pl.linkedin.com/jobs/view/test-validation-engineer-at-lyten-4428074180,2026-08-06T12:05:52.867657+00:00
0,Test Engineer | Poland,linkedin,Test Engineer- Tieto Tech Consulting (m/f/d),Tieto,"Szczecin, Zachodniopomorskie, Poland",On-site,Full-time,,,English,,,Recent,https://pl.linkedin.com/jobs/view/test-engineer-tieto-tech-consulting-m-f-d-at-tieto-4449632501,2026-08-06T12:05:52.867827+00:00
0,Test Engineer | Poland,linkedin,Field Test Engineer (m/f/d),ATMOS Space Cargo,Cracow Metropolitan Area,On-site,Full-time,,,English,,,Recent,https://pl.linkedin.com/jobs/view/field-test-engineer-m-f-d-at-atmos-space-cargo-4440476405,2026-08-06T12:05:52.867989+00:00
0,Test Engineer | Poland,linkedin,Test Engineer- Manual 4G/5G - Tieto Tech Consulting (m/f/d),Tieto,"Szczecin, Zachodniopomorskie, Poland",On-site,Full-time,,,English,,,Recent,https://pl.linkedin.com/jobs/view/test-engineer-manual-4g-5g-tieto-tech-consulting-m-f-d-at-tieto-4430474499,2026-08-06T12:05:52.868143+00:00
0,Test Engineer | Poland,linkedin,System Test Engineer,Rockwell Automation,"Katowice, Śląskie, Poland",On-site,Full-time,,,English,,,Recent,https://pl.linkedin.com/jobs/view/system-test-engineer-at-rockwell-automation-4446816811,2026-08-06T12:05:52.868327+00:00
0,Test Engineer | Poland,linkedin,Test Engineer - Traction Division,ABB,"Aleksandrów Łódzki, Łódzkie, Poland",On-site,Full-time,,,English,,,Recent,https://pl.linkedin.com/jobs/view/test-engineer-traction-division-at-abb-4440982654,2026-08-06T12:05:52.868495+00:00
0,Test Engineer | Poland,linkedin,Automotive Test Engineer,UBIQUITY SERVICE,"Warsaw, Mazowieckie, Poland",On-site,Full-time,,,English,,,Recent,https://pl.linkedin.com/jobs/view/automotive-test-engineer-at-ubiquity-service-4437350105,2026-08-06T12:05:52.868654+00:00
0,Test Engineer | Poland,linkedin,Manufacturing Test Engineer,Lyten,"Gdańsk, Pomorskie, Poland",On-site,Full-time,,,English,,,Recent,https://pl.linkedin.com/jobs/view/manufacturing-test-engineer-at-lyten-4414718256,2026-08-06T12:05:52.868806+00:00
0,Test Engineer | USA,linkedin,Test Engineer II,"NEOEx Systems, Inc.","Elyria, OH",On-site,Full-time,,,English,,,Recent,https://www.linkedin.com/jobs/view/test-engineer-ii-at-neoex-systems-inc-4447520809,2026-08-06T12:05:55.960262+00:00
0,Test Engineer | USA,linkedin,Firmware Test Engineer,Cricut,"South Jordan, UT",On-site,Full-time,Firmware,,English,,,Recent,https://www.linkedin.com/jobs/view/firmware-test-engineer-at-cricut-4441081555,2026-08-06T12:05:55.960462+00:00
0,Test Engineer | USA,linkedin,Test Engineer,Qualitrol,"Fairport, NY",On-site,Full-time,,,English,,,Recent,https://www.linkedin.com/jobs/view/test-engineer-at-qualitrol-4448640576,2026-08-06T12:05:55.960622+00:00
0,Test Engineer | USA,linkedin,Test Engineer 2,Lam Research,"Tualatin, OR",On-site,Full-time,,,English,,,Recent,https://www.linkedin.com/jobs/view/test-engineer-2-at-lam-research-4436853648,2026-08-06T12:05:55.960942+00:00
0,Test Engineer | USA,linkedin,Test Engineer-Aurora,AUMOVIO,"New Braunfels, TX",On-site,Full-time,,,English,,,Recent,https://www.linkedin.com/jobs/view/test-engineer-aurora-at-aumovio-4447578961,2026-08-06T12:05:55.961101+00:00
0,Test Engineer | USA,linkedin,Operations Test Engineer,Bedrock Robotics,"Lockhart, TX",On-site,Full-time,,,English,,,Recent,https://www.linkedin.com/jobs/view/operations-test-engineer-at-bedrock-robotics-4446456354,2026-08-06T12:05:55.961274+00:00
0,Test Engineer | USA,linkedin,Test Engineer II,Honeywell Aerospace,"South Bend, IN",On-site,Full-time,,,English,,,Recent,https://www.linkedin.com/jobs/view/test-engineer-ii-at-honeywell-aerospace-4443515972,2026-08-06T12:05:55.961423+00:00
0,Test Engineer | USA,linkedin,Test Engineer II,Frontgrade Technologies,"York, PA",On-site,Full-time,,,English,,,Recent,https://www.linkedin.com/jobs/view/test-engineer-ii-at-frontgrade-technologies-4420905639,2026-08-06T12:05:55.961574+00:00
0,Test Engineer | United Kingdom,linkedin,Test Engineer,VINCI Energies,"Gloucester, England, United Kingdom",On-site,Full-time,,,English,,,Recent,https://uk.linkedin.com/jobs/view/test-engineer-at-vinci-energies-4442152020,2026-08-06T12:05:58.464593+00:00
0,Test Engineer | United Kingdom,linkedin,Test Engineer,IC Resources,"Bournemouth, England, United Kingdom",On-site,Full-time,,,English,,,Recent,https://uk.linkedin.com/jobs/view/test-engineer-at-ic-resources-4444472786,2026-08-06T12:05:58.464781+00:00
0,Test Engineer | United Kingdom,linkedin,Test Engineer,Ooni,"Broxburn, Scotland, United Kingdom",On-site,Full-time,,,English,,,Recent,https://uk.linkedin.com/jobs/view/test-engineer-at-ooni-4446196855,2026-08-06T12:05:58.464941+00:00
0,Test Engineer | United Kingdom,linkedin,Hardware Quality Assurance Engineer,TAIT,"Haverhill, England, United Kingdom",On-site,Full-time,,,English,,,Recent,https://uk.linkedin.com/jobs/view/hardware-quality-assurance-engineer-at-tait-4436464958,2026-08-06T12:05:58.465106+00:00
0,Test Engineer | United Kingdom,linkedin,Hardware System Test Engineer,Graphcore,"Cambridge, England, United Kingdom",On-site,Full-time,,,English,,,Recent,https://uk.linkedin.com/jobs/view/hardware-system-test-engineer-at-graphcore-4444008648,2026-08-06T12:05:58.465290+00:00
0,Test Engineer | United Kingdom,linkedin,Quality Test Engineer,Acteon,"Wokingham, England, United Kingdom",On-site,Full-time,,,English,,,Recent,https://uk.linkedin.com/jobs/view/quality-test-engineer-at-acteon-4438481440,2026-08-06T12:05:58.465592+00:00
0,Test Engineer | United Kingdom,linkedin,Test Engineer,Össur,"Livingston, Scotland, United Kingdom",On-site,Full-time,,,English,,,Recent,https://uk.linkedin.com/jobs/view/test-engineer-at-%C3%B6ssur-4448015226,2026-08-06T12:05:58.465742+00:00
0,Test Engineer | United Kingdom,linkedin,Test Engineer,L3Harris Technologies,"Brighton, England, United Kingdom",On-site,Full-time,,,English,,,Recent,https://uk.linkedin.com/jobs/view/test-engineer-at-l3harris-technologies-4439336096,2026-08-06T12:05:58.466049+00:00
0,Testingenieur | Germany,linkedin,Test Engineer (f/m/x),ZEISS Group,"Oberkochen, Baden-Württemberg, Germany",On-site,Full-time,,,English,,,Recent,https://de.linkedin.com/jobs/view/test-engineer-f-m-x-at-zeiss-group-4447506267,2026-08-06T12:06:00.923330+00:00
0,Testingenieur | Germany,linkedin,Testingenieur (m/w/d),FERCHAU,"Stuttgart, Baden-Württemberg, Germany",On-site,Full-time,,,English,,,Recent,https://de.linkedin.com/jobs/view/testingenieur-m-w-d-at-ferchau-4438571739,2026-08-06T12:06:00.923524+00:00
0,Testingenieur | Germany,linkedin,Testingenieur (m/w/d),FERCHAU,"Lübeck, Schleswig-Holstein, Germany",On-site,Full-time,,,English,,,Recent,https://de.linkedin.com/jobs/view/testingenieur-m-w-d-at-ferchau-4438575734,2026-08-06T12:06:00.923689+00:00
0,Testingenieur | Germany,linkedin,Testingenieur (m/w/d),YER Deutschland,"Wedel, Schleswig-Holstein, Germany",On-site,Full-time,,,English,,,Recent,https://de.linkedin.com/jobs/view/testingenieur-m-w-d-at-yer-deutschland-4445501770,2026-08-06T12:06:00.924023+00:00
0,Testingenieur | Germany,linkedin,Testingenieur (m/w/d),SOA Experts GmbH,"Lübeck, Schleswig-Holstein, Germany",On-site,Full-time,,,English,,,Recent,https://de.linkedin.com/jobs/view/testingenieur-m-w-d-at-soa-experts-gmbh-4428044116,2026-08-06T12:06:00.924347+00:00
0,Testingenieur | Germany,linkedin,Systemtester Vernetzte Systeme (m/w/d),Rheinmetall,"Bremen, Bremen, Germany",On-site,Full-time,,,English,,,Recent,https://de.linkedin.com/jobs/view/systemtester-vernetzte-systeme-m-w-d-at-rheinmetall-4419601781,2026-08-06T12:06:00.924658+00:00
0,Testingenieur | Germany,linkedin,IoT Test Engineer (all gender),ALTEN,"Kaufering, Bavaria, Germany",On-site,Full-time,,,English,,,Recent,https://de.linkedin.com/jobs/view/iot-test-engineer-all-gender-at-alten-4408814107,2026-08-06T12:06:00.924812+00:00
0,Testingenieur | Austria,linkedin,Testing Engineer (all genders),NEVEON,"Linz, Upper Austria, Austria",On-site,Internship,,R,German,,,Recent,https://at.linkedin.com/jobs/view/testing-engineer-all-genders-at-neveon-4442638766,2026-08-06T12:06:03.394665+00:00
0,Testingenieur | Austria,linkedin,Test Automation Engineer (f/m/d),Drei Österreich,"Vienna, Vienna, Austria",Remote,Contract,"Bash, Can, Ci/Cd, Java, Playwright, Python, Robot Framework, Test Automation","React, Agile, Confluence, Jira, Docker, Sql, Cypress, Nosql, Appium",English,,,Recent,https://at.linkedin.com/jobs/view/test-automation-engineer-f-m-d-at-drei-%C3%B6sterreich-4437046741,2026-08-06T12:06:03.394967+00:00
0,Testingenieur | Switzerland,linkedin,System Test Engineer – Olten,Stadler,"Olten, Solothurn, Switzerland",On-site,Full-time,,,English,,,Recent,https://ch.linkedin.com/jobs/view/system-test-engineer-%E2%80%93-olten-at-stadler-4434361238,2026-08-06T12:06:05.937673+00:00
0,Testingenieur | Switzerland,linkedin,Test & Verification Engineer (Robotics),Hexagon Robotics,"Zurich, Switzerland",Remote,Internship,"Embedded Systems, Python",Linux,English,,,Recent,https://ch.linkedin.com/jobs/view/test-verification-engineer-robotics-at-hexagon-robotics-4435672325,2026-08-06T12:06:05.938028+00:00
0,Testingenieur | Switzerland,linkedin,Testingenieur Technisches Labor (w/m/d) 100% - Schaerer AG,Schaerer Ltd,"Solothurn, Solothurn, Switzerland",Remote,Contract,,R,German,,,Recent,https://ch.linkedin.com/jobs/view/testingenieur-technisches-labor-w-m-d-100%25-schaerer-ag-at-schaerer-ltd-4418175565,2026-08-06T12:06:05.938367+00:00
0,Testingenieur | Switzerland,linkedin,Test Engineer (w/m) 100% - Hybrid,Franke Group,"Aarburg, Aargau, Switzerland",Remote,Internship,Python,"R, Associate",German,,,Recent,https://ch.linkedin.com/jobs/view/test-engineer-w-m-100%25-hybrid-at-franke-group-4441495148,2026-08-06T12:06:05.938530+00:00
0,Testingenieur | Switzerland,linkedin,Testingenieur*in Hardware (w/m/d),Endress+Hauser Group,"Reinach, Basel-Country, Switzerland",On-site,Internship,C,"R, C#, Devops",German,,,Recent,https://ch.linkedin.com/jobs/view/testingenieur-in-hardware-w-m-d-at-endress%2Bhauser-group-4440975027,2026-08-06T12:06:05.938997+00:00
0,Testingenieur | Czech Republic,linkedin,分析测试工程师,Yanyi New Materials,"アト・マジョール州, Hato Mayor, Dominican Republic",On-site,Full-time,,,English,,,Recent,https://do.linkedin.com/jobs/view/%E5%88%86%E6%9E%90%E6%B5%8B%E8%AF%95%E5%B7%A5%E7%A8%8B%E5%B8%88-at-yanyi-new-materials-4440159674,2026-08-06T12:06:13.295008+00:00
0,Testingenieur | Poland,linkedin,Test&Validation Engineer (M/F/D),Valeo,"Czechowice-Dziedzice, Śląskie, Poland",Remote,Internship,,,English,,,Recent,https://pl.linkedin.com/jobs/view/test-validation-engineer-m-f-d-at-valeo-4362375870,2026-08-06T12:06:15.836653+00:00
0,Testingenieur | Poland,linkedin,Test & Validation Engineer - Mechatronics Systems (M/F/D),Valeo,"Czechowice-Dziedzice, Śląskie, Poland",On-site,Full-time,,,English,,,Recent,https://pl.linkedin.com/jobs/view/test-validation-engineer-mechatronics-systems-m-f-d-at-valeo-4436392193,2026-08-06T12:06:15.836815+00:00
0,Testingenieur | USA,linkedin,QS-Engineer (m/w/d),ZDF Digital Medienproduktion GmbH,Mobile Metropolitan Area,Remote,Full-time,,,English,,,Recent,https://www.linkedin.com/jobs/view/qs-engineer-m-w-d-at-zdf-digital-medienproduktion-gmbh-4438269391,2026-08-06T12:06:18.394720+00:00
0,Testingenieur | USA,linkedin,Test Engineer-Aurora,AUMOVIO,"New Braunfels, TX",On-site,Full-time,,,English,,,Recent,https://www.linkedin.com/jobs/view/test-engineer-aurora-at-aumovio-4447584154,2026-08-06T12:06:18.394905+00:00
0,Testingenieur | USA,linkedin,Systems Test Engineer,Philips,"Bothell, WA",On-site,Full-time,,,English,,,Recent,https://www.linkedin.com/jobs/view/systems-test-engineer-at-philips-4440786164,2026-08-06T12:06:18.395068+00:00
0,Testingenieur | USA,linkedin,Test Engineer,Sanmina,"Fremont, CA",On-site,Full-time,,,English,,,Recent,https://www.linkedin.com/jobs/view/test-engineer-at-sanmina-4444989475,2026-08-06T12:06:18.395250+00:00
0,Testingenieur | USA,linkedin,Application Test Engineer,SK hynix America,"San Jose, CA",On-site,Full-time,,,English,,,Recent,https://www.linkedin.com/jobs/view/application-test-engineer-at-sk-hynix-america-4448661976,2026-08-06T12:06:18.395859+00:00
0,Testingenieur | USA,linkedin,Firmware Test Engineer,Lyft,"San Francisco County, CA",On-site,Full-time,Firmware,,English,,,Recent,https://www.linkedin.com/jobs/view/firmware-test-engineer-at-lyft-4417776592,2026-08-06T12:06:18.396008+00:00
0,Testingenieur | USA,linkedin,"Systems Integration Test Engineer, Autonomy",Rivian,"Palo Alto, CA",On-site,Full-time,,,English,,,Recent,https://www.linkedin.com/jobs/view/systems-integration-test-engineer-autonomy-at-rivian-4446014777,2026-08-06T12:06:18.396159+00:00
0,Testingenieur | United Kingdom,linkedin,Systems Test Engineer,Leonardo,"Edinburgh, Scotland, United Kingdom",On-site,Full-time,,,English,,,Recent,https://uk.linkedin.com/jobs/view/systems-test-engineer-at-leonardo-4435546364,2026-08-06T12:06:21.027293+00:00
0,Testingenieur | United Kingdom,linkedin,Embedded system Test Engineer,Qualitrol,"Glasgow, Scotland, United Kingdom",On-site,Full-time,,,English,,,Recent,https://uk.linkedin.com/jobs/view/embedded-system-test-engineer-at-qualitrol-4440528794,2026-08-06T12:06:21.027619+00:00
0,Testingenieur | United Kingdom,linkedin,Test Automation Engineer,Motorola Solutions,"Glasgow, Scotland, United Kingdom",On-site,Full-time,Test Automation,,English,,,Recent,https://uk.linkedin.com/jobs/view/test-automation-engineer-at-motorola-solutions-4443930025,2026-08-06T12:06:21.028262+00:00
0,Testingenieur | United Kingdom,linkedin,Test Automation Engineer,Motorola Solutions,"Edinburgh, Scotland, United Kingdom",On-site,Full-time,Test Automation,,English,,,Recent,https://uk.linkedin.com/jobs/view/test-automation-engineer-at-motorola-solutions-4423555739,2026-08-06T12:06:21.028426+00:00
0,Testingenieur | United Kingdom,linkedin,System Verification Engineer,CMR Surgical,"Cambridge, England, United Kingdom",On-site,Full-time,,,English,,,Recent,https://uk.linkedin.com/jobs/view/system-verification-engineer-at-cmr-surgical-4445514290,2026-08-06T12:06:21.028579+00:00
0,Test Automation | Germany,linkedin,Test Automation Engineer (w/m/d),HUK-COBURG,"Coburg, Bavaria, Germany",On-site,Full-time,Test Automation,,English,,,Recent,https://de.linkedin.com/jobs/view/test-automation-engineer-w-m-d-at-huk-coburg-4438497294,2026-08-06T12:06:23.503274+00:00
0,Test Automation | Germany,linkedin,Test Automation Engineer (m/f/d),Quantum Systems,Greater Munich Metropolitan Area,On-site,Full-time,Test Automation,,English,,,Recent,https://de.linkedin.com/jobs/view/test-automation-engineer-m-f-d-at-quantum-systems-4440757195,2026-08-06T12:06:23.503442+00:00
0,Test Automation | Germany,linkedin,Automation & Validation Platform Engineer,Netfonds AG,"Hamburg, Germany",On-site,Full-time,,,English,,,Recent,https://de.linkedin.com/jobs/view/automation-validation-platform-engineer-at-netfonds-ag-4445485676,2026-08-06T12:06:23.503597+00:00
0,Test Automation | Germany,linkedin,Test Automation Engineer (m/f/d),Hogrefe Digital Solutions,"Göttingen, Lower Saxony, Germany",On-site,Full-time,Test Automation,,English,,,Recent,https://de.linkedin.com/jobs/view/test-automation-engineer-m-f-d-at-hogrefe-digital-solutions-4442398268,2026-08-06T12:06:23.503895+00:00
0,Test Automation | Germany,linkedin,Software Engineer in Test (Berlin),Cresta,"Berlin, Berlin, Germany",On-site,Full-time,,,English,,,Recent,https://de.linkedin.com/jobs/view/software-engineer-in-test-berlin-at-cresta-4343158227,2026-08-06T12:06:23.504191+00:00
0,Test Automation | Germany,linkedin,Test Automation Engineer (all gender),ALTEN Germany,"Nuremberg, Bavaria, Germany",On-site,Full-time,Test Automation,,English,,,Recent,https://de.linkedin.com/jobs/view/test-automation-engineer-all-gender-at-alten-germany-4437003906,2026-08-06T12:06:23.504371+00:00
0,Test Automation | Germany,linkedin,Test Automation Engineer (m/w/d),blackned GmbH,"Heimertingen, Bavaria, Germany",On-site,Full-time,Test Automation,,English,,,Recent,https://de.linkedin.com/jobs/view/test-automation-engineer-m-w-d-at-blackned-gmbh-4442605642,2026-08-06T12:06:23.504528+00:00
0,Test Automation | Austria,linkedin,Test Automation Engineer C# (m/f/x),ADMIRAL Technologies,"Vienna, Austria",On-site,Full-time,"C, Test Automation",C#,English,,,Recent,https://at.linkedin.com/jobs/view/test-automation-engineer-c%23-m-f-x-at-admiral-technologies-4443871193,2026-08-06T12:06:26.036209+00:00
0,Test Automation | Austria,linkedin,"Software Test Automation Engineer – Frontend, 80-100% (f/m/x)",OMICRON electronics,"Klaus, Vorarlberg, Austria",Remote,Full-time,Test Automation,,English,,,Recent,https://at.linkedin.com/jobs/view/software-test-automation-engineer-%E2%80%93-frontend-80-100%25-f-m-x-at-omicron-electronics-4448601414,2026-08-06T12:06:26.036745+00:00
0,Test Automation | Austria,linkedin,Test Automation Engineer (m/f/d),Atos,"Vienna, Vienna, Austria",On-site,Full-time,Test Automation,,English,,,Recent,https://at.linkedin.com/jobs/view/test-automation-engineer-m-f-d-at-atos-4425302065,2026-08-06T12:06:26.037269+00:00
0,Test Automation | Switzerland,linkedin,Test Automation Engineer (80-100%),TWINT,"Zurich, Zurich, Switzerland",Remote,Full-time,Test Automation,,English,,,Recent,https://ch.linkedin.com/jobs/view/test-automation-engineer-80-100%25-at-twint-4448996760,2026-08-06T12:06:28.512642+00:00
0,Test Automation | Switzerland,linkedin,Software Development Engineer in Test (SDET),risktec | transform to avantgarde,"Zurich, Zurich, Switzerland",On-site,Full-time,,,English,,,Recent,https://ch.linkedin.com/jobs/view/software-development-engineer-in-test-sdet-at-risktec-transform-to-avantgarde-4439045296,2026-08-06T12:06:28.512824+00:00
0,Test Automation | Switzerland,linkedin,Test Automation Engineer / Testingenieur (M/W),Expleo Group,"Bern, Berne, Switzerland",On-site,Full-time,Test Automation,,English,,,Recent,https://ch.linkedin.com/jobs/view/test-automation-engineer-testingenieur-m-w-at-expleo-group-4425699516,2026-08-06T12:06:28.513151+00:00
0,Test Automation | Switzerland,linkedin,Software Development Engineer - Testing,VAT GROUP,"Sennwald, St Gallen, Switzerland",On-site,Full-time,,,English,,,Recent,https://ch.linkedin.com/jobs/view/software-development-engineer-testing-at-vat-group-4445495284,2026-08-06T12:06:28.513502+00:00
0,Test Automation | Switzerland,linkedin,Software Developer in Test (SDET) / Testautomatisierer:in [#587],Paul Wicki Personal AG,"Berne, Switzerland",On-site,Full-time,,,English,,,Recent,https://ch.linkedin.com/jobs/view/software-developer-in-test-sdet-testautomatisierer-in-%23587-at-paul-wicki-personal-ag-4443680704,2026-08-06T12:06:28.513652+00:00
0,Test Automation | Switzerland,linkedin,Software Development Engineer - Testing,VAT GROUP,"St Gallen, St Gallen, Switzerland",On-site,Full-time,,,English,,,Recent,https://ch.linkedin.com/jobs/view/software-development-engineer-testing-at-vat-group-4445943809,2026-08-06T12:06:28.514111+00:00
0,Test Automation | Poland,linkedin,Test Automation Engineer,Euroclear,"Cracow, Małopolskie, Poland",On-site,Full-time,Test Automation,,English,,,Recent,https://pl.linkedin.com/jobs/view/test-automation-engineer-at-euroclear-4401464092,2026-08-06T12:06:38.161980+00:00
0,Test Automation | Poland,linkedin,Test Automation Engineer,Deloitte,"Szczecin, Zachodniopomorskie, Poland",On-site,Full-time,Test Automation,,English,,,Recent,https://pl.linkedin.com/jobs/view/test-automation-engineer-at-deloitte-4433705503,2026-08-06T12:06:38.162342+00:00
0,Test Automation | Poland,linkedin,Test Automation Engineer,Deloitte,"Gdańsk, Pomorskie, Poland",On-site,Full-time,Test Automation,,English,,,Recent,https://pl.linkedin.com/jobs/view/test-automation-engineer-at-deloitte-4433191963,2026-08-06T12:06:38.162505+00:00
0,Test Automation | Poland,linkedin,Mid Test Automation Engineer (he/she) - Praca zdalna,Astek,"Warsaw, Mazowieckie, Poland",On-site,Full-time,Test Automation,,English,,,Recent,https://pl.linkedin.com/jobs/view/mid-test-automation-engineer-he-she-praca-zdalna-at-astek-4428250987,2026-08-06T12:06:38.162665+00:00
0,Test Automation | Poland,linkedin,QA Automation Engineer,Kramp,"Konin, Wielkopolskie, Poland",On-site,Full-time,,,English,,,Recent,https://pl.linkedin.com/jobs/view/qa-automation-engineer-at-kramp-4414669062,2026-08-06T12:06:38.162843+00:00
0,Test Automation | Poland,linkedin,Test Automation Engineer,Brown Brothers Harriman,"Cracow, Małopolskie, Poland",On-site,Full-time,Test Automation,,English,,,Recent,https://pl.linkedin.com/jobs/view/test-automation-engineer-at-brown-brothers-harriman-4414723388,2026-08-06T12:06:38.163000+00:00
0,Test Automation | Poland,linkedin,Test Developer,HCLTech,Gdansk Metropolitan Area,On-site,Full-time,,,English,,,Recent,https://pl.linkedin.com/jobs/view/test-developer-at-hcltech-4431832241,2026-08-06T12:06:38.163345+00:00
0,Test Automation | USA,linkedin,SDET II,CHAMP,"Cleveland, OH",On-site,Full-time,,,English,,,Recent,https://www.linkedin.com/jobs/view/sdet-ii-at-champ-4440076437,2026-08-06T12:06:40.679891+00:00
0,Test Automation | USA,linkedin,Software Development Engineer in Test (SDET),Celtic Bank,"Salt Lake City, UT",On-site,Full-time,,,English,,,Recent,https://www.linkedin.com/jobs/view/software-development-engineer-in-test-sdet-at-celtic-bank-4444487874,2026-08-06T12:06:40.680062+00:00
0,Test Automation | USA,linkedin,RPA / Test Automation Engineer,Vertiv,"Westerville, OH",On-site,Full-time,Test Automation,,English,,,Recent,https://www.linkedin.com/jobs/view/rpa-test-automation-engineer-at-vertiv-4427642573,2026-08-06T12:06:40.680246+00:00
0,Test Automation | USA,linkedin,Sr. Software Engineer in Test,Sony Interactive Entertainment,"San Diego, CA",On-site,Full-time,,,English,,,Recent,https://www.linkedin.com/jobs/view/sr-software-engineer-in-test-at-sony-interactive-entertainment-4429895308,2026-08-06T12:06:40.680574+00:00
0,Test Automation | USA,linkedin,Software Engineer in Test (AI Automation Engineer),Adalta,"Denver, CO",On-site,Full-time,,,English,,,Recent,https://www.linkedin.com/jobs/view/software-engineer-in-test-ai-automation-engineer-at-adalta-4446791173,2026-08-06T12:06:40.680883+00:00
0,Test Automation | USA,linkedin,Software Development Engineer in Test,Definity,"Covington, KY",On-site,Full-time,,,English,,,Recent,https://www.linkedin.com/jobs/view/software-development-engineer-in-test-at-definity-4446210253,2026-08-06T12:06:40.681035+00:00
0,Test Automation | United Kingdom,linkedin,Software Automation Engineer,Eden Scott,"Glasgow, Scotland, United Kingdom",On-site,Full-time,,,English,,,Recent,https://uk.linkedin.com/jobs/view/software-automation-engineer-at-eden-scott-4440130926,2026-08-06T12:06:43.183708+00:00
0,Test Automation | United Kingdom,linkedin,Test Automation Engineer,Motorola Solutions,"Glasgow, Scotland, United Kingdom",On-site,Full-time,Test Automation,,English,,,Recent,https://uk.linkedin.com/jobs/view/test-automation-engineer-at-motorola-solutions-4417300637,2026-08-06T12:06:43.183872+00:00
0,Test Automation | United Kingdom,linkedin,Test Automation Specialist,GBV Ltd,"Cheshire West And Chester, England, United Kingdom",On-site,Full-time,Test Automation,,English,,,Recent,https://uk.linkedin.com/jobs/view/test-automation-specialist-at-gbv-ltd-4442873563,2026-08-06T12:06:43.184188+00:00
0,Test Automation | United Kingdom,linkedin,Automation Engineer,The Craneware Group,"Edinburgh, Scotland, United Kingdom",On-site,Full-time,,,English,,,Recent,https://uk.linkedin.com/jobs/view/automation-engineer-at-the-craneware-group-4442834167,2026-08-06T12:06:43.184365+00:00
0,Test Automation | United Kingdom,linkedin,Test Engineer,Murmuration,"Manchester, England, United Kingdom",On-site,Full-time,,,English,,,Recent,https://uk.linkedin.com/jobs/view/test-engineer-at-murmuration-4440479020,2026-08-06T12:06:43.184670+00:00
0,Python Developer | Germany,linkedin,Python Engineer (m/w/d),SOA Experts GmbH,"Hamburg, Germany",On-site,Full-time,Python,,English,,,Recent,https://de.linkedin.com/jobs/view/python-engineer-m-w-d-at-soa-experts-gmbh-4415771641,2026-08-06T12:06:45.657267+00:00
0,Python Developer | Germany,linkedin,Python Developer,Piper Maddox,"Düsseldorf, North Rhine-Westphalia, Germany",On-site,Full-time,Python,,English,,,Recent,https://de.linkedin.com/jobs/view/python-developer-at-piper-maddox-4446742179,2026-08-06T12:06:45.657465+00:00
0,Python Developer | Germany,linkedin,Python Software Engineer (m/w/d),Smart Systems Hub,"Dresden, Saxony, Germany",On-site,Full-time,Python,,English,,,Recent,https://de.linkedin.com/jobs/view/python-software-engineer-m-w-d-at-smart-systems-hub-4442846866,2026-08-06T12:06:45.657631+00:00
0,Python Developer | Germany,linkedin,Backend Engineer (Python) - Innovation Team,ETERNO,"Berlin, Berlin, Germany",On-site,Full-time,Python,,English,,,Recent,https://de.linkedin.com/jobs/view/backend-engineer-python-innovation-team-at-eterno-4445441091,2026-08-06T12:06:45.657789+00:00
0,Python Developer | Germany,linkedin,Backend Software Engineer,ACC Group AG,"Ulm, Baden-Württemberg, Germany",On-site,Full-time,,,English,,,Recent,https://de.linkedin.com/jobs/view/backend-software-engineer-at-acc-group-ag-4449409532,2026-08-06T12:06:45.657944+00:00
0,Python Developer | Germany,linkedin,Software Engineer (Python),Audatic,"Berlin, Germany",On-site,Full-time,Python,,English,,,Recent,https://de.linkedin.com/jobs/view/software-engineer-python-at-audatic-4439414435,2026-08-06T12:06:45.658100+00:00
0,Python Developer | Germany,linkedin,Software Engineer / Backend Developer Python (m/w/d),TRAENO GmbH,Greater Erfurt Area,On-site,Full-time,Python,,English,,,Recent,https://de.linkedin.com/jobs/view/software-engineer-backend-developer-python-m-w-d-at-traeno-gmbh-4443757305,2026-08-06T12:06:45.658274+00:00
0,Python Developer | Germany,linkedin,Python Developer (m/w/d) - Django - €50k-€70k,Optimus Search,"Pforzheim, Baden-Württemberg, Germany",On-site,Full-time,Python,Django,English,,,Recent,https://de.linkedin.com/jobs/view/python-developer-m-w-d-django-%E2%82%AC50k-%E2%82%AC70k-at-optimus-search-4448084752,2026-08-06T12:06:45.658438+00:00
0,Python Developer | Germany,linkedin,Python Developer,Optimus Search,"Pforzheim, Baden-Württemberg, Germany",On-site,Full-time,Python,,English,,,Recent,https://de.linkedin.com/jobs/view/python-developer-at-optimus-search-4448015991,2026-08-06T12:06:45.658609+00:00
0,Python Developer | Germany,linkedin,Back End Developer (Python),Piper Maddox,"North Rhine-Westphalia, Germany",On-site,Full-time,Python,,English,,,Recent,https://de.linkedin.com/jobs/view/back-end-developer-python-at-piper-maddox-4440762757,2026-08-06T12:06:45.658768+00:00
0,Python Developer | Austria,linkedin,"Software Engineer, Python (Asset Pricing & Hedging)",Bitpanda,"Vienna, Austria",On-site,Full-time,Python,,English,,,Recent,https://at.linkedin.com/jobs/view/software-engineer-python-asset-pricing-hedging-at-bitpanda-4443374034,2026-08-06T12:06:48.127758+00:00
0,Python Developer | Austria,linkedin,"Software Engineer, Python (Asset Pricing & Hedging)",Bitpanda LA,"Vienna, Vienna, Austria",On-site,Full-time,Python,,English,,,Recent,https://at.linkedin.com/jobs/view/software-engineer-python-asset-pricing-hedging-at-bitpanda-la-4444657984,2026-08-06T12:06:48.127946+00:00
0,Python Developer | Austria,linkedin,Backend Developer (Phyton/Odoo),Schrankerl,"Vienna, Vienna, Austria",On-site,Full-time,,,English,,,Recent,https://at.linkedin.com/jobs/view/backend-developer-phyton-odoo-at-schrankerl-4442807010,2026-08-06T12:06:48.128157+00:00
0,Python Developer | Austria,linkedin,Quantitative Python Engineer (m/f/d),Computer Futures,"Vienna, Vienna, Austria",On-site,Full-time,Python,,English,,,Recent,https://at.linkedin.com/jobs/view/quantitative-python-engineer-m-f-d-at-computer-futures-4443939046,2026-08-06T12:06:48.128346+00:00
0,Python Developer | Austria,linkedin,Full Stack Developer:in (m/w/d),DIS AG,"Vienna, Austria",On-site,Full-time,,,English,,,Recent,https://at.linkedin.com/jobs/view/full-stack-developer-in-m-w-d-at-dis-ag-4444407919,2026-08-06T12:06:48.128508+00:00
0,Python Developer | Austria,linkedin,Quantitative Python Engineer (m/f/x),Computer Futures,"Vienna, Vienna, Austria",On-site,Full-time,Python,,English,,,Recent,https://at.linkedin.com/jobs/view/quantitative-python-engineer-m-f-x-at-computer-futures-4444441083,2026-08-06T12:06:48.128665+00:00
0,Python Developer | Austria,linkedin,Software-Engineer (m/w/d),Berger Logistik,"Wörgl, Tyrol, Austria",On-site,Full-time,,,English,,,Recent,https://at.linkedin.com/jobs/view/software-engineer-m-w-d-at-berger-logistik-4448029262,2026-08-06T12:06:48.128819+00:00
0,Python Developer | Austria,linkedin,Python Developer – Generative AI / RAG (m/f/d),Qualysoft,"Vienna, Vienna, Austria",On-site,Full-time,"Generative Ai, Python, Rag",,English,,,Recent,https://at.linkedin.com/jobs/view/python-developer-%E2%80%93-generative-ai-rag-m-f-d-at-qualysoft-4443388550,2026-08-06T12:06:48.128979+00:00
0,Python Developer | Austria,linkedin,Softwareentwickler (m/w/x) - Schwerpunkt: ERP-System (Phython),philoro EDELMETALLE,"Korneuburg, Lower Austria, Austria",On-site,Full-time,,,English,,,Recent,https://at.linkedin.com/jobs/view/softwareentwickler-m-w-x-schwerpunkt-erp-system-phython-at-philoro-edelmetalle-4448024224,2026-08-06T12:06:48.129140+00:00
0,Python Developer | Switzerland,linkedin,Backend Python Engineer,Coopers Group AG,"Geneva, Switzerland",On-site,Full-time,Python,,English,,,Recent,https://ch.linkedin.com/jobs/view/backend-python-engineer-at-coopers-group-ag-4441813618,2026-08-06T12:06:50.567007+00:00
0,Python Developer | Switzerland,linkedin,"Software Engineer, Backend",Techify,"Lausanne, Vaud, Switzerland",On-site,Full-time,,,English,,,Recent,https://ch.linkedin.com/jobs/view/software-engineer-backend-at-techify-4443523832,2026-08-06T12:06:50.567190+00:00
0,Python Developer | Switzerland,linkedin,Python Software Engineer (Digital Assets),IMC Trading,"Zug, Switzerland",On-site,Full-time,Python,,English,,,Recent,https://ch.linkedin.com/jobs/view/python-software-engineer-digital-assets-at-imc-trading-4443355342,2026-08-06T12:06:50.567379+00:00
0,Python Developer | Switzerland,linkedin,"Backend Software Engineer, Python",Cradle,"Zurich, Zurich, Switzerland",On-site,Full-time,Python,,English,,,Recent,https://ch.linkedin.com/jobs/view/backend-software-engineer-python-at-cradle-4443771872,2026-08-06T12:06:50.567536+00:00
0,Python Developer | Switzerland,linkedin,Python Software Engineer - Digital Assets,IMC Trading,"Zug, Zug, Switzerland",On-site,Full-time,Python,,English,,,Recent,https://ch.linkedin.com/jobs/view/python-software-engineer-digital-assets-at-imc-trading-4320553182,2026-08-06T12:06:50.567688+00:00
0,Python Developer | Switzerland,linkedin,Software Engineer 80 - 100 % (w/m/d),Hamilton,"Bonaduz, Graubünden, Switzerland",On-site,Full-time,,,English,,,Recent,https://ch.linkedin.com/jobs/view/software-engineer-80-100-%25-w-m-d-at-hamilton-4433925845,2026-08-06T12:06:50.567840+00:00
0,Python Developer | Switzerland,linkedin,Backend Python Engineer (OSI-SIS-TS-2026-128-GRAP),CERN,"Geneva, Geneva, Switzerland",On-site,Full-time,Python,,English,,,Recent,https://ch.linkedin.com/jobs/view/backend-python-engineer-osi-sis-ts-2026-128-grap-at-cern-4447915261,2026-08-06T12:06:50.567996+00:00
0,Python Developer | Switzerland,linkedin,Backend Python Engineer (OSI-SIS-TS-2026-128-GRAP),Physics World,"Geneva, Geneva, Switzerland",On-site,Full-time,Python,,English,,,Recent,https://ch.linkedin.com/jobs/view/backend-python-engineer-osi-sis-ts-2026-128-grap-at-physics-world-4441362247,2026-08-06T12:06:50.568145+00:00
0,Python Developer | Switzerland,linkedin,Backend Software Engineer,mygrid AG,"Brugg, Aargau, Switzerland",On-site,Full-time,,,English,,,Recent,https://ch.linkedin.com/jobs/view/backend-software-engineer-at-mygrid-ag-4440171447,2026-08-06T12:06:50.568318+00:00
0,Python Developer | Switzerland,linkedin,Software Engineer Integration,CDDS,"Zurich, Zurich, Switzerland",On-site,Full-time,,,English,,,Recent,https://ch.linkedin.com/jobs/view/software-engineer-integration-at-cdds-4449649550,2026-08-06T12:06:50.568475+00:00
0,Python Developer | Slovakia,linkedin,Python Software Engineer (m/f/n),ESET,"Bratislava, Bratislava, Slovakia",On-site,Full-time,Python,,English,,,Recent,https://sk.linkedin.com/jobs/view/python-software-engineer-m-f-n-at-eset-4414037159,2026-08-06T12:06:55.338405+00:00
0,Python Developer | Slovakia,linkedin,Software Engineer - Python (m/f/n),ESET,"Bratislava, Bratislava, Slovakia",On-site,Full-time,Python,,English,,,Recent,https://sk.linkedin.com/jobs/view/software-engineer-python-m-f-n-at-eset-4441074077,2026-08-06T12:06:55.338631+00:00
0,Python Developer | Slovakia,linkedin,Python Developer – meteorologické modelovanie (m/ž),MicroStep-MIS,"Bratislava, Bratislava, Slovakia",On-site,Full-time,Python,,English,,,Recent,https://sk.linkedin.com/jobs/view/python-developer-%E2%80%93-meteorologick%C3%A9-modelovanie-m-%C5%BE-at-microstep-mis-4439563733,2026-08-06T12:06:55.338796+00:00
0,Python Developer | Slovakia,linkedin,API Developer,Zurich Insurance,"Bratislava, Bratislava, Slovakia",On-site,Full-time,,,English,,,Recent,https://sk.linkedin.com/jobs/view/api-developer-at-zurich-insurance-4427284619,2026-08-06T12:06:55.338967+00:00
0,Python Developer | Slovakia,linkedin,Full-Stack Developer (Python and JavaScript/Typescript) (m/f),PwC Slovakia,"Bratislava, Bratislava, Slovakia",On-site,Full-time,"Javascript, Python, Typescript",,English,,,Recent,https://sk.linkedin.com/jobs/view/full-stack-developer-python-and-javascript-typescript-m-f-at-pwc-slovakia-4446424409,2026-08-06T12:06:55.339121+00:00
0,Python Developer | Slovakia,linkedin,GenAI Engineer,Capco,"Košice, Kosice, Slovakia",On-site,Full-time,,,English,,,Recent,https://sk.linkedin.com/jobs/view/genai-engineer-at-capco-4232921932,2026-08-06T12:06:55.339303+00:00
0,Python Developer | Slovakia,linkedin,Integration Developer/ka,Slovenská sporiteľňa,"Bratislava, Slovakia",On-site,Full-time,,,English,,,Recent,https://sk.linkedin.com/jobs/view/integration-developer-ka-at-slovensk%C3%A1-sporite%C4%BE%C5%88a-4446585917,2026-08-06T12:06:55.339463+00:00
0,Python Developer | Slovakia,linkedin,Software Engineer,Iron Mountain,Slovakia,On-site,Full-time,,,English,,,Recent,https://sk.linkedin.com/jobs/view/software-engineer-at-iron-mountain-4435685683,2026-08-06T12:06:55.339627+00:00
0,Python Developer | Slovakia,linkedin,Analytics Engineer,Swiss Re,"Bratislava, Bratislava, Slovakia",On-site,Full-time,,,English,,,Recent,https://sk.linkedin.com/jobs/view/analytics-engineer-at-swiss-re-4439836736,2026-08-06T12:06:55.339780+00:00
0,Python Developer | Slovakia,linkedin,GenAI Engineer,Capco,"Bratislava, Bratislava, Slovakia",On-site,Full-time,,,English,,,Recent,https://sk.linkedin.com/jobs/view/genai-engineer-at-capco-4232925582,2026-08-06T12:06:55.339930+00:00
0,Python Developer | Czech Republic,linkedin,Home Assistant Python Developer for Hardware,Nabu Casa,Dominican Republic,On-site,Full-time,Python,,English,,,Recent,https://do.linkedin.com/jobs/view/home-assistant-python-developer-for-hardware-at-nabu-casa-4437795767,2026-08-06T12:06:57.733953+00:00
0,Python Developer | Czech Republic,linkedin,Full Stack Developer (Python),Perform,"Santo Domingo, Distrito Nacional, Dominican Republic",On-site,Full-time,Python,,English,,,Recent,https://do.linkedin.com/jobs/view/full-stack-developer-python-at-perform-4415707267,2026-08-06T12:06:57.734143+00:00
0,Python Developer | Czech Republic,linkedin,Ingeniero Python Backend / Investigación y Desarrollo - Trabajo Remoto,BairesDev,"Santo Domingo, Dominican Republic",On-site,Full-time,Python,,English,,,Recent,https://do.linkedin.com/jobs/view/ingeniero-python-backend-investigaci%C3%B3n-y-desarrollo-trabajo-remoto-at-bairesdev-4448218645,2026-08-06T12:06:57.734335+00:00
0,Python Developer | Czech Republic,linkedin,Software Engineer / AI Engineer,AI Robotix,"Santo Domingo, Distrito Nacional, Dominican Republic",On-site,Full-time,,,English,,,Recent,https://do.linkedin.com/jobs/view/software-engineer-ai-engineer-at-ai-robotix-4439300737,2026-08-06T12:06:57.734501+00:00
0,Python Developer | Czech Republic,linkedin,Desarrollador BackEnd,Cooperativa Barcelona,"Distrito Nacional, Dominican Republic",On-site,Full-time,,,English,,,Recent,https://do.linkedin.com/jobs/view/desarrollador-backend-at-cooperativa-barcelona-4446667090,2026-08-06T12:06:57.734818+00:00
0,Python Developer | Czech Republic,linkedin,👨💻ERP Technical Developer,ERPly SRL,"Santo Domingo, Distrito Nacional, Dominican Republic",On-site,Full-time,,,English,,,Recent,https://do.linkedin.com/jobs/view/%F0%9F%91%A8%E2%80%8D%F0%9F%92%BBerp-technical-developer-at-erply-srl-4439739225,2026-08-06T12:06:57.734971+00:00
0,Python Developer | Czech Republic,linkedin,Data Engineer,Perform,"Santo Domingo, Distrito Nacional, Dominican Republic",On-site,Full-time,,,English,,,Recent,https://do.linkedin.com/jobs/view/data-engineer-at-perform-4415690682,2026-08-06T12:06:57.735138+00:00
0,Python Developer | Czech Republic,linkedin,Data Engineer,Origami Risk,"Santo Domingo, Distrito Nacional, Dominican Republic",On-site,Full-time,,,English,,,Recent,https://do.linkedin.com/jobs/view/data-engineer-at-origami-risk-4439316556,2026-08-06T12:06:57.735334+00:00
0,Python Developer | Czech Republic,linkedin,算法开发工程师,特变电工国际工程有限公司,"アト・マジョール州, Hato Mayor, Dominican Republic",On-site,Full-time,,,English,,,Recent,https://do.linkedin.com/jobs/view/%E7%AE%97%E6%B3%95%E5%BC%80%E5%8F%91%E5%B7%A5%E7%A8%8B%E5%B8%88-at-%E7%89%B9%E5%8F%98%E7%94%B5%E5%B7%A5%E5%9B%BD%E9%99%85%E5%B7%A5%E7%A8%8B%E6%9C%89%E9%99%90%E5%85%AC%E5%8F%B8-4444315842,2026-08-06T12:06:57.735504+00:00
0,Python Developer | Poland,linkedin,Python Developer,EPAM Systems,"Gdańsk, Pomorskie, Poland",On-site,Full-time,Python,,English,,,Recent,https://pl.linkedin.com/jobs/view/python-developer-at-epam-systems-4441038583,2026-08-06T12:07:00.263210+00:00
0,Python Developer | Poland,linkedin,Python Developer,EPAM Systems,Cracow Metropolitan Area,On-site,Full-time,Python,,English,,,Recent,https://pl.linkedin.com/jobs/view/python-developer-at-epam-systems-4441035806,2026-08-06T12:07:00.263433+00:00
0,Python Developer | Poland,linkedin,python developer,Fundacja Grupy ERGO Hestia Integralia,"Pomorskie, Poland",On-site,Full-time,Python,,English,,,Recent,https://pl.linkedin.com/jobs/view/python-developer-at-fundacja-grupy-ergo-hestia-integralia-4440249867,2026-08-06T12:07:00.263597+00:00
0,Python Developer | Poland,linkedin,Python Developer (f/m/x),Sii Poland,"Warsaw, Mazowieckie, Poland",On-site,Full-time,Python,,English,,,Recent,https://pl.linkedin.com/jobs/view/python-developer-f-m-x-at-sii-poland-4443601016,2026-08-06T12:07:00.263755+00:00
0,Python Developer | Poland,linkedin,"Python Engineer, Data Platform",Balyasny Asset Management L.P.,"Warsaw, Mazowieckie, Poland",On-site,Full-time,Python,,English,,,Recent,https://pl.linkedin.com/jobs/view/python-engineer-data-platform-at-balyasny-asset-management-l-p-4431598689,2026-08-06T12:07:00.263911+00:00
0,Python Developer | Poland,linkedin,Python Developer,Response Informatics,"Cracow, Małopolskie, Poland",On-site,Full-time,Python,,English,,,Recent,https://pl.linkedin.com/jobs/view/python-developer-at-response-informatics-4448967294,2026-08-06T12:07:00.264067+00:00
0,Python Developer | Poland,linkedin,Python Developer (W/M),MTU Aero Engines,"Rzeszów, Podkarpackie, Poland",On-site,Full-time,Python,,English,,,Recent,https://pl.linkedin.com/jobs/view/python-developer-w-m-at-mtu-aero-engines-4443933996,2026-08-06T12:07:00.264244+00:00
0,Python Developer | Poland,linkedin,Python Developer,Qualient Technology Solutions UK Limited,"Cracow, Małopolskie, Poland",On-site,Full-time,Python,,English,,,Recent,https://pl.linkedin.com/jobs/view/python-developer-at-qualient-technology-solutions-uk-limited-4446998261,2026-08-06T12:07:00.264425+00:00
0,Python Developer | Poland,linkedin,Python Developer - insurance industry (f/m/x),Sii Poland,"Gdańsk, Pomorskie, Poland",On-site,Full-time,Python,,English,,,Recent,https://pl.linkedin.com/jobs/view/python-developer-insurance-industry-f-m-x-at-sii-poland-4446644676,2026-08-06T12:07:00.264585+00:00
0,Python Developer | Poland,linkedin,Python Engineer (AI/ML),Tango,"Warsaw, Mazowieckie, Poland",On-site,Full-time,Python,,English,,,Recent,https://pl.linkedin.com/jobs/view/python-engineer-ai-ml-at-tango-4377854499,2026-08-06T12:07:00.264752+00:00
0,Python Developer | USA,linkedin,Python Developer,Open Systems Technologies,"New York, NY",On-site,Full-time,Python,Sql,English,,,Recent,https://www.linkedin.com/jobs/view/python-developer-at-open-systems-technologies-3952273769,2026-08-06T12:07:02.743341+00:00
0,Python Developer | USA,linkedin,Middle Backend Developer,AML Crypto,"Marion County, IN",On-site,Full-time,,,English,,,Recent,https://www.linkedin.com/jobs/view/middle-backend-developer-at-aml-crypto-4441930264,2026-08-06T12:07:02.743532+00:00
0,Python Developer | USA,linkedin,Backend Software Engineer,General Sleep Corporation,"Cleveland, OH",On-site,Full-time,,,English,,,Recent,https://www.linkedin.com/jobs/view/backend-software-engineer-at-general-sleep-corporation-4447652604,2026-08-06T12:07:02.743694+00:00
0,Python Developer | USA,linkedin,Python Engineer,Allspring Global Investments,"Milwaukee, WI",On-site,Full-time,Python,,English,,,Recent,https://www.linkedin.com/jobs/view/python-engineer-at-allspring-global-investments-4442163127,2026-08-06T12:07:02.743851+00:00
0,Python Developer | USA,linkedin,Software Development Engineer – Python,Cyient,"Peoria, IL",On-site,Full-time,Python,,English,,,Recent,https://www.linkedin.com/jobs/view/software-development-engineer-%E2%80%93-python-at-cyient-4442886343,2026-08-06T12:07:02.744016+00:00
0,Python Developer | USA,linkedin,Python Developer,Leidos,"Columbus, OH",On-site,Full-time,Python,,English,,,Recent,https://www.linkedin.com/jobs/view/python-developer-at-leidos-4441089217,2026-08-06T12:07:02.744182+00:00
0,Python Developer | USA,linkedin,Data Engineer,AML Crypto,"Marion County, IN",On-site,Full-time,,,English,,,Recent,https://www.linkedin.com/jobs/view/data-engineer-at-aml-crypto-4441921616,2026-08-06T12:07:02.744362+00:00
0,Python Developer | USA,linkedin,Python Developer,Leidos,"San Antonio, TX",On-site,Full-time,Python,,English,,,Recent,https://www.linkedin.com/jobs/view/python-developer-at-leidos-4441090127,2026-08-06T12:07:02.744521+00:00
0,Python Developer | USA,linkedin,Python Developer,Matlen Silver,"Jersey City, NJ",On-site,Full-time,Python,,English,,,Recent,https://www.linkedin.com/jobs/view/python-developer-at-matlen-silver-4447543489,2026-08-06T12:07:02.744681+00:00
0,Python Developer | USA,linkedin,Software Engineer - Python,Acquire Me,"Chicago, IL",On-site,Full-time,Python,,English,,,Recent,https://www.linkedin.com/jobs/view/software-engineer-python-at-acquire-me-4437697564,2026-08-06T12:07:02.744840+00:00
0,Python Developer | United Kingdom,linkedin,Software Engineer,Experis UK,"Newcastle Upon Tyne, England, United Kingdom",On-site,Full-time,,,English,,,Recent,https://uk.linkedin.com/jobs/view/software-engineer-at-experis-uk-4415773612,2026-08-06T12:07:05.249465+00:00
0,Python Developer | United Kingdom,linkedin,Software Developer - Python,Jackson Hogg,"Newcastle Upon Tyne, England, United Kingdom",On-site,Full-time,Python,,English,,,Recent,https://uk.linkedin.com/jobs/view/software-developer-python-at-jackson-hogg-4442026753,2026-08-06T12:07:05.249658+00:00
0,Python Developer | United Kingdom,linkedin,Python Developer,Tata Consultancy Services,"Ipswich, England, United Kingdom",On-site,Full-time,Python,,English,,,Recent,https://uk.linkedin.com/jobs/view/python-developer-at-tata-consultancy-services-4439416761,2026-08-06T12:07:05.249833+00:00
0,Python Developer | United Kingdom,linkedin,Python Developer,Citi,"Belfast, Northern Ireland, United Kingdom",On-site,Full-time,Python,,English,,,Recent,https://uk.linkedin.com/jobs/view/python-developer-at-citi-4445484890,2026-08-06T12:07:05.249994+00:00
0,Python Developer | United Kingdom,linkedin,Python Developers,CGI,"London, England, United Kingdom",On-site,Full-time,Python,,English,,,Recent,https://uk.linkedin.com/jobs/view/python-developers-at-cgi-4431568150,2026-08-06T12:07:05.250153+00:00
0,Python Developer | United Kingdom,linkedin,Software Development Specialist,Vodafone,"Newbury, England, United Kingdom",On-site,Full-time,,,English,,,Recent,https://uk.linkedin.com/jobs/view/software-development-specialist-at-vodafone-4441528436,2026-08-06T12:07:05.250341+00:00
0,Python Developer | United Kingdom,linkedin,Software Engineer,Engelhart,"London, England, United Kingdom",On-site,Full-time,,,English,,,Recent,https://uk.linkedin.com/jobs/view/software-engineer-at-engelhart-4445954337,2026-08-06T12:07:05.250500+00:00
0,Python Developer | United Kingdom,linkedin,Python Developer,TRIA,"Birmingham, England, United Kingdom",On-site,Full-time,Python,,English,,,Recent,https://uk.linkedin.com/jobs/view/python-developer-at-tria-4442864607,2026-08-06T12:07:05.250654+00:00
0,Python Developer | United Kingdom,linkedin,Mid-level Backend Engineer,Suade,"London, England, United Kingdom",On-site,Full-time,,Mid-Level,English,,,Recent,https://uk.linkedin.com/jobs/view/mid-level-backend-engineer-at-suade-4441964605,2026-08-06T12:07:05.250808+00:00
0,Python Developer | United Kingdom,linkedin,Python Developer - Cyber Security,Client Server,"Cambridge, England, United Kingdom",On-site,Full-time,Python,,English,,,Recent,https://uk.linkedin.com/jobs/view/python-developer-cyber-security-at-client-server-4450210578,2026-08-06T12:07:05.250963+00:00
0,Python Test | Germany,linkedin,Embedded Python Tester (all gender),ALTEN,Greater Munich Metropolitan Area,On-site,Full-time,Python,,English,,,Recent,https://de.linkedin.com/jobs/view/embedded-python-tester-all-gender-at-alten-4354062736,2026-08-06T12:07:07.778558+00:00
0,Python Test | Germany,linkedin,Embedded Python Tester (all gender),ALTEN Germany,"Stuttgart, Baden-Württemberg, Germany",On-site,Full-time,Python,,English,,,Recent,https://de.linkedin.com/jobs/view/embedded-python-tester-all-gender-at-alten-germany-4420728399,2026-08-06T12:07:07.780935+00:00
0,Python Test | Germany,linkedin,Embedded Python Tester | Embedded Systems | CI | Python (all gender),ALTEN Germany,"Munich, Bavaria, Germany",On-site,Full-time,"Embedded Systems, Python",,English,,,Recent,https://de.linkedin.com/jobs/view/embedded-python-tester-embedded-systems-ci-python-all-gender-at-alten-germany-4414856042,2026-08-06T12:07:07.781104+00:00
0,Python Test | Germany,linkedin,Softwaretester (all gender),ALTEN,"Erlangen, Bavaria, Germany",On-site,Full-time,,,English,,,Recent,https://de.linkedin.com/jobs/view/softwaretester-all-gender-at-alten-4445876651,2026-08-06T12:07:07.781280+00:00
0,Python Test | Germany,linkedin,Software-Tester,T&S (Technology & Strategy),"Erlangen, Bavaria, Germany",On-site,Full-time,,,English,,,Recent,https://de.linkedin.com/jobs/view/software-tester-at-t-s-technology-strategy-4448895771,2026-08-06T12:07:07.781435+00:00
0,Python Test | Germany,linkedin,Python Web Crawler & PunchOut Integration Engineer (m/w/d),Lio (formerly askLio),"Munich, Bavaria, Germany",On-site,Full-time,Python,,English,,,Recent,https://de.linkedin.com/jobs/view/python-web-crawler-punchout-integration-engineer-m-w-d-at-lio-formerly-asklio-4450214685,2026-08-06T12:07:07.781588+00:00
0,Python Test | Germany,linkedin,Software Engineer,TEKsystems,"Nuremberg, Bavaria, Germany",On-site,Full-time,,,English,,,Recent,https://de.linkedin.com/jobs/view/software-engineer-at-teksystems-4447282829,2026-08-06T12:07:07.781887+00:00
0,Python Test | Austria,linkedin,Quantitative Engineer,"Massar Capital Management, LP","Vienna, Vienna, Austria",On-site,Full-time,,,English,,,Recent,https://at.linkedin.com/jobs/view/quantitative-engineer-at-massar-capital-management-lp-4442005369,2026-08-06T12:07:10.217331+00:00
0,Python Test | Austria,linkedin,Test Automation Engineer (all genders) [Graz],adesso Austria GmbH,"Graz, Styria, Austria",On-site,Full-time,Test Automation,,English,,,Recent,https://at.linkedin.com/jobs/view/test-automation-engineer-all-genders-graz-at-adesso-austria-gmbh-4370389678,2026-08-06T12:07:10.217641+00:00
0,Python Test | Switzerland,linkedin,AI Developer in Test,BSure-Digital,"Fully, Valais, Switzerland",On-site,Full-time,,,English,,,Recent,https://ch.linkedin.com/jobs/view/ai-developer-in-test-at-bsure-digital-4448978745,2026-08-06T12:07:12.657558+00:00
0,Python Test | Switzerland,linkedin,Application Engineer Python,Klanik,"Lausanne, Vaud, Switzerland",On-site,Full-time,Python,,English,,,Recent,https://ch.linkedin.com/jobs/view/application-engineer-python-at-klanik-4446025601,2026-08-06T12:07:12.657724+00:00
0,Python Test | Slovakia,linkedin,Game Mathematician/Developer,3 Oaks Gaming,"Bratislava, Bratislava, Slovakia",On-site,Full-time,,,English,,,Recent,https://sk.linkedin.com/jobs/view/game-mathematician-developer-at-3-oaks-gaming-4450232971,2026-08-06T12:07:17.442728+00:00
0,Python Test | Slovakia,linkedin,QA Automation & Data Analyst (m/f/n),ESET,"Bratislava, Bratislava, Slovakia",On-site,Full-time,,,English,,,Recent,https://sk.linkedin.com/jobs/view/qa-automation-data-analyst-m-f-n-at-eset-4442808030,2026-08-06T12:07:17.443111+00:00
0,Python Test | Slovakia,linkedin,Data Engineer (43384),CoolPeople Technology,"Bratislava, Bratislava, Slovakia",On-site,Full-time,,,English,,,Recent,https://sk.linkedin.com/jobs/view/data-engineer-43384-at-coolpeople-technology-4446317204,2026-08-06T12:07:17.443630+00:00
0,Python Test | Slovakia,linkedin,Data Scientist,Takeda,"Bratislava, Bratislava, Slovakia",On-site,Full-time,,,English,,,Recent,https://sk.linkedin.com/jobs/view/data-scientist-at-takeda-4421516796,2026-08-06T12:07:17.444105+00:00
0,Python Test | Poland,linkedin,Middle Python Automation Test Engineer IRC297834,GlobalLogic,"Szczecin, Zachodniopomorskie, Poland",On-site,Full-time,Python,,English,,,Recent,https://pl.linkedin.com/jobs/view/middle-python-automation-test-engineer-irc297834-at-globallogic-4434330217,2026-08-06T12:07:22.234505+00:00
0,Python Test | Poland,linkedin,Python Automation Tester (f/m/x),Sii Poland,"Katowice, Śląskie, Poland",On-site,Full-time,Python,,English,,,Recent,https://pl.linkedin.com/jobs/view/python-automation-tester-f-m-x-at-sii-poland-4440195172,2026-08-06T12:07:22.234712+00:00
0,Python Test | Poland,linkedin,Validation Engineer with Python in AI area (f/m/x),Sii Poland,"Gdańsk, Pomorskie, Poland",On-site,Full-time,Python,,English,,,Recent,https://pl.linkedin.com/jobs/view/validation-engineer-with-python-in-ai-area-f-m-x-at-sii-poland-4443678903,2026-08-06T12:07:22.234890+00:00
0,Python Test | Poland,linkedin,QA Automation with Python,Luxoft,Poland,On-site,Full-time,Python,,English,,,Recent,https://pl.linkedin.com/jobs/view/qa-automation-with-python-at-luxoft-4446215315,2026-08-06T12:07:22.235240+00:00
0,Python Test | Poland,linkedin,Test Automation Engineer (Python + Robot Framework) - praca zdalna,smartware sp. z o.o.,"Wrocław, Dolnośląskie, Poland",On-site,Full-time,"Python, Robot Framework, Test Automation",,English,,,Recent,https://pl.linkedin.com/jobs/view/test-automation-engineer-python-%2B-robot-framework-praca-zdalna-at-smartware-sp-z-o-o-4448349361,2026-08-06T12:07:22.235400+00:00
0,Python Test | Poland,linkedin,QA Automation with Python,Luxoft Poland,Poland,On-site,Full-time,Python,,English,,,Recent,https://pl.linkedin.com/jobs/view/qa-automation-with-python-at-luxoft-poland-4443328544,2026-08-06T12:07:22.235736+00:00
0,Python Test | Poland,linkedin,R&D Python Test Engineer,Hitachi Energy,Cracow Metropolitan Area,On-site,Full-time,Python,R,English,,,Recent,https://pl.linkedin.com/jobs/view/r-d-python-test-engineer-at-hitachi-energy-4427923089,2026-08-06T12:07:22.235890+00:00
0,Python Test | Poland,linkedin,Python Software Engineer - Test Automation Framework (Embedded),Sonova Group,"Warsaw, Mazowieckie, Poland",On-site,Full-time,"Python, Test Automation",,English,,,Recent,https://pl.linkedin.com/jobs/view/python-software-engineer-test-automation-framework-embedded-at-sonova-group-4436777037,2026-08-06T12:07:22.236043+00:00
0,Python Test | USA,linkedin,Software Design Engineer,Molex,"Conway, AR",On-site,Full-time,,,English,,,Recent,https://www.linkedin.com/jobs/view/software-design-engineer-at-molex-4417682592,2026-08-06T12:07:24.726896+00:00
0,Python Test | USA,linkedin,"Software Engineer, Automation",NRG Energy,"Lehi, UT",On-site,Full-time,,,English,,,Recent,https://www.linkedin.com/jobs/view/software-engineer-automation-at-nrg-energy-4435698592,2026-08-06T12:07:24.727161+00:00
0,Python Test | USA,linkedin,"Software Engineer, Automation",Vivint,"Lehi, UT",On-site,Full-time,,,English,,,Recent,https://www.linkedin.com/jobs/view/software-engineer-automation-at-vivint-4435921001,2026-08-06T12:07:24.727558+00:00
0,Python Test | USA,linkedin,自动化测试,Bitrue,"Idaho, United States",On-site,Full-time,,,English,,,Recent,https://www.linkedin.com/jobs/view/%E8%87%AA%E5%8A%A8%E5%8C%96%E6%B5%8B%E8%AF%95-at-bitrue-4445742477,2026-08-06T12:07:24.727899+00:00
0,Python Test | USA,linkedin,Automation Engineer,MANTECH,"San Antonio, TX",On-site,Full-time,,,English,,,Recent,https://www.linkedin.com/jobs/view/automation-engineer-at-mantech-4429402572,2026-08-06T12:07:24.728187+00:00
0,Python Test | USA,linkedin,"Software Engineer II, Automation",NRG Energy,"Lehi, UT",On-site,Full-time,,,English,,,Recent,https://www.linkedin.com/jobs/view/software-engineer-ii-automation-at-nrg-energy-4435901570,2026-08-06T12:07:24.728724+00:00
0,Python Test | USA,linkedin,Software Engineer (Python),AnySignal,"Los Angeles, CA",On-site,Full-time,Python,,English,,,Recent,https://www.linkedin.com/jobs/view/software-engineer-python-at-anysignal-4447082802,2026-08-06T12:07:24.729021+00:00
0,Python Test | USA,linkedin,"Software Engineer, NPI",Fluidstack,"Austin, TX",On-site,Full-time,,,English,,,Recent,https://www.linkedin.com/jobs/view/software-engineer-npi-at-fluidstack-4441370887,2026-08-06T12:07:24.729297+00:00
0,Python Test | USA,linkedin,"Software Engineer II, Automation",Vivint,"Lehi, UT",On-site,Full-time,,,English,,,Recent,https://www.linkedin.com/jobs/view/software-engineer-ii-automation-at-vivint-4435917227,2026-08-06T12:07:24.729472+00:00
0,Python Test | United Kingdom,linkedin,Python Developer,Thermoteknix,"Waterbeach, England, United Kingdom",On-site,Full-time,Python,,English,,,Recent,https://uk.linkedin.com/jobs/view/python-developer-at-thermoteknix-4446633947,2026-08-06T12:07:27.326394+00:00
0,Python Test | United Kingdom,linkedin,System Test Engineer,Dexory,"Oxfordshire, England, United Kingdom",On-site,Full-time,,,English,,,Recent,https://uk.linkedin.com/jobs/view/system-test-engineer-at-dexory-4393589214,2026-08-06T12:07:27.326770+00:00
0,Python Test | United Kingdom,linkedin,Site Ops & AI Automation Engineer,Next,"Leicester, England, United Kingdom",On-site,Full-time,,,English,,,Recent,https://uk.linkedin.com/jobs/view/site-ops-ai-automation-engineer-at-next-4445033163,2026-08-06T12:07:27.326930+00:00
0,Python Test | United Kingdom,linkedin,Data Processing Developer,Akkodis,"Harwell, England, United Kingdom",On-site,Full-time,,,English,,,Recent,https://uk.linkedin.com/jobs/view/data-processing-developer-at-akkodis-4440467648,2026-08-06T12:07:27.327089+00:00
0,Python Test | United Kingdom,linkedin,Software Engineer III - Python/Test Automation,JPMorganChase,"Glasgow, Scotland, United Kingdom",On-site,Full-time,"Python, Test Automation",,English,,,Recent,https://uk.linkedin.com/jobs/view/software-engineer-iii-python-test-automation-at-jpmorganchase-4449694896,2026-08-06T12:07:27.327265+00:00
0,Python Test | United Kingdom,linkedin,"Software Engineer in Test, Python",Roku,"Cambridge, England, United Kingdom",On-site,Full-time,Python,,English,,,Recent,https://uk.linkedin.com/jobs/view/software-engineer-in-test-python-at-roku-4446596204,2026-08-06T12:07:27.327432+00:00
0,Python Test | United Kingdom,linkedin,Test Automation Engineer – Python & Coding experience required,Deloitte,"Glasgow, Scotland, United Kingdom",On-site,Full-time,"Python, Test Automation",,English,,,Recent,https://uk.linkedin.com/jobs/view/test-automation-engineer-%E2%80%93-python-coding-experience-required-at-deloitte-4447167839,2026-08-06T12:07:27.327592+00:00
0,Python Test | United Kingdom,linkedin,SDET Engineer,Tata Consultancy Services,"Manchester Area, United Kingdom",On-site,Full-time,,,English,,,Recent,https://uk.linkedin.com/jobs/view/sdet-engineer-at-tata-consultancy-services-4448291203,2026-08-06T12:07:27.327916+00:00
0,Firmware Engineer | Germany,linkedin,Firmware Engineer,planqc,"Garching, Bavaria, Germany",On-site,Full-time,Firmware,,English,,,Recent,https://de.linkedin.com/jobs/view/firmware-engineer-at-planqc-4434830635,2026-08-06T12:07:29.789412+00:00
0,Firmware Engineer | Germany,linkedin,Embedded Software Engineer - Berlin,Better Devices,"Berlin, Germany",On-site,Full-time,,,English,,,Recent,https://de.linkedin.com/jobs/view/embedded-software-engineer-berlin-at-better-devices-4445894904,2026-08-06T12:07:29.789591+00:00
0,Firmware Engineer | Germany,linkedin,Embedded Software / Firmware Engineer (m/w/d) – ELTRA,ELTRA,"Haan, North Rhine-Westphalia, Germany",On-site,Full-time,Firmware,,English,,,Recent,https://de.linkedin.com/jobs/view/embedded-software-firmware-engineer-m-w-d-%E2%80%93-eltra-at-eltra-4441170482,2026-08-06T12:07:29.789750+00:00
0,Firmware Engineer | Germany,linkedin,Embedded Firmware Developer (Agri-Tech / Sensor Systems) (m/f/d),stenon,"Potsdam, Brandenburg, Germany",On-site,Full-time,Firmware,,English,,,Recent,https://de.linkedin.com/jobs/view/embedded-firmware-developer-agri-tech-sensor-systems-m-f-d-at-stenon-4449329333,2026-08-06T12:07:29.789920+00:00
0,Firmware Engineer | Germany,linkedin,Embedded Systems Developer (m/w/d),ACONEXT,"Berlin, Germany",On-site,Full-time,Embedded Systems,,English,,,Recent,https://de.linkedin.com/jobs/view/embedded-systems-developer-m-w-d-at-aconext-4440221857,2026-08-06T12:07:29.790077+00:00
0,Firmware Engineer | Germany,linkedin,Firmware Developer (m/w/d),dormakaba,"Bonn, North Rhine-Westphalia, Germany",On-site,Internship,"C, C++, Embedded Linux, Firmware, Jenkins, Rust","R, Linux, Zephyr, Scrum, Agile, Git",German,,,Recent,https://de.linkedin.com/jobs/view/firmware-developer-m-w-d-at-dormakaba-4416301543,2026-08-06T12:07:29.790422+00:00
0,Firmware Engineer | Germany,linkedin,Firmware Engineer PCIe/NVMe Storage Controllers (m/f/d),Swissbit AG,Greater Dresden Area,Remote,Internship,"Arm, C, Firmware, Rtos","R, Git, Risc-V",German,,,Recent,https://de.linkedin.com/jobs/view/firmware-engineer-pcie-nvme-storage-controllers-m-f-d-at-swissbit-ag-4418371018,2026-08-06T12:07:29.790570+00:00
0,Firmware Engineer | Germany,linkedin,Embedded Software Engineer (m/f/d),Alpitronic,"Nuremberg, Bavaria, Germany",Remote,Contract,"C, Can, Embedded Systems, Firmware, I2C, Microcontroller, Spi, Uart","R, Verilog, Vhdl, Fpga",English,,,Recent,https://de.linkedin.com/jobs/view/embedded-software-engineer-m-f-d-at-alpitronic-4385741400,2026-08-06T12:07:29.790719+00:00
0,Firmware Engineer | Germany,linkedin,Embedded Software Engineer (IoT & Computer Vision) (m/w/d),Vusion,"Ettenheim, Baden-Württemberg, Germany",On-site,Contract,"C, C++, Embedded Linux, Firmware, Microcontroller, Rtos, Spi, Uart","Linux, Computer Vision, Safe",English,,,Recent,https://de.linkedin.com/jobs/view/embedded-software-engineer-iot-computer-vision-m-w-d-at-vusion-4436074468,2026-08-06T12:07:29.790870+00:00
0,Firmware Engineer | Austria,linkedin,Embedded Software Engineer (m/w/d),RegionalMedien Oberösterreich,"Mondsee, Upper Austria, Austria",Remote,Internship,"C, C++, Ci/Cd, Embedded Linux, Microcontroller, Rtos","R, Linux, Azure, Esp32, Devops, Git",German,,,Recent,https://at.linkedin.com/jobs/view/embedded-software-engineer-m-w-d-at-regionalmedien-ober%C3%B6sterreich-4447359057,2026-08-06T12:07:32.306137+00:00
0,Firmware Engineer | Austria,linkedin,Embedded Firmware Developer (C) - Smart Pocket / Mobile Robotics (M/W/D)*,TGW Logistics,"Wels, Upper Austria, Austria",Remote,Full-time,"C, Can, Firmware, Microcontroller, Spi, Uart",R,German,,,Recent,https://at.linkedin.com/jobs/view/embedded-firmware-developer-c-smart-pocket-mobile-robotics-m-w-d-at-tgw-logistics-4416829497,2026-08-06T12:07:32.306357+00:00
0,Firmware Engineer | Austria,linkedin,Embedded Software Engineer,ENPULSION,"Vienna, Vienna, Austria",Remote,Contract,"C, C++, Can, Ci/Cd, Python, Rtos","Devops, Git",English,,,Recent,https://at.linkedin.com/jobs/view/embedded-software-engineer-at-enpulsion-4432741715,2026-08-06T12:07:32.306523+00:00
0,Firmware Engineer | Austria,linkedin,Embedded Firmware Developer (C) - Smart Pocket / Mobile Robotics (M/F/D)*,TGW Logistics,"Wels, Upper Austria, Austria",Remote,Full-time,"C, Can, Firmware, Microcontroller, Spi, Uart",Agile,English,,,Recent,https://at.linkedin.com/jobs/view/embedded-firmware-developer-c-smart-pocket-mobile-robotics-m-f-d-at-tgw-logistics-4416891469,2026-08-06T12:07:32.306681+00:00
0,Firmware Engineer | Austria,linkedin,Embedded Systems & FPGA Engineer (all genders),qtlabs - Quantum Technology Laboratories GmbH,"Vienna, Vienna, Austria",On-site,Internship,"Bash, C, C++, Dsp, Embedded Linux, Embedded Systems, Firmware, Python, Rtos, Rust","Verilog, Vhdl, Linux, Soc, Fpga, Freertos, Zephyr",English,,,Recent,https://at.linkedin.com/jobs/view/embedded-systems-fpga-engineer-all-genders-at-qtlabs-quantum-technology-laboratories-gmbh-4422328664,2026-08-06T12:07:32.306833+00:00
0,Firmware Engineer | Austria,linkedin,Embedded Linux Engineer (m/w/d),MED-EL,"Innsbruck, Tyrol, Austria",On-site,Full-time,Embedded Linux,Linux,English,,,Recent,https://at.linkedin.com/jobs/view/embedded-linux-engineer-m-w-d-at-med-el-4443305635,2026-08-06T12:07:32.306999+00:00
0,Firmware Engineer | Austria,linkedin,Embedded Software Developer (m/w/d),Fronius Österreich,"Thalheim bei Wels, Upper Austria, Austria",On-site,Full-time,,,English,,,Recent,https://at.linkedin.com/jobs/view/embedded-software-developer-m-w-d-at-fronius-%C3%B6sterreich-4435813794,2026-08-06T12:07:32.307161+00:00
0,Firmware Engineer | Austria,linkedin,Embedded Linux Engineer (m/f/d),MED-EL,"Innsbruck, Tyrol, Austria",On-site,Full-time,Embedded Linux,Linux,English,,,Recent,https://at.linkedin.com/jobs/view/embedded-linux-engineer-m-f-d-at-med-el-4443302841,2026-08-06T12:07:32.307350+00:00
0,Firmware Engineer | Austria,linkedin,Software Developer for Embedded Systems (m/w/d),Delta Electronics EMEA,"Vienna, Vienna, Austria",On-site,Full-time,Embedded Systems,,English,,,Recent,https://at.linkedin.com/jobs/view/software-developer-for-embedded-systems-m-w-d-at-delta-electronics-emea-4437995032,2026-08-06T12:07:32.307507+00:00
0,Firmware Engineer | Austria,linkedin,Software Engineer,IONO Robotics,"Linz, Upper Austria, Austria",On-site,Full-time,,,English,,,Recent,https://at.linkedin.com/jobs/view/software-engineer-at-iono-robotics-4442575340,2026-08-06T12:07:32.307657+00:00
0,Firmware Engineer | Switzerland,linkedin,Firmware Developer,Copernicus Technologies GmbH,"Basel, Basel, Switzerland",On-site,Full-time,Firmware,,English,,,Recent,https://ch.linkedin.com/jobs/view/firmware-developer-at-copernicus-technologies-gmbh-4450200231,2026-08-06T12:07:34.768648+00:00
0,Firmware Engineer | Switzerland,linkedin,Embedded Software / Firmware Engineer (m/w/d),Cobble - Van de Wiele Limited,"Wetzikon, Zurich, Switzerland",On-site,Full-time,Firmware,,English,,,Recent,https://ch.linkedin.com/jobs/view/embedded-software-firmware-engineer-m-w-d-at-cobble-van-de-wiele-limited-4442680057,2026-08-06T12:07:34.768837+00:00
0,Firmware Engineer | Switzerland,linkedin,Embedded Firmware Developer,Oxigent Technologies,"Orbe, Vaud, Switzerland",On-site,Full-time,Firmware,,English,,,Recent,https://ch.linkedin.com/jobs/view/embedded-firmware-developer-at-oxigent-technologies-4437276672,2026-08-06T12:07:34.769004+00:00
0,Firmware Engineer | Switzerland,linkedin,Embedded Software Engineer,"Mettler-Toledo International, Inc","Greifensee, Zurich, Switzerland",On-site,Internship,,,English,,,Recent,https://ch.linkedin.com/jobs/view/embedded-software-engineer-at-mettler-toledo-international-inc-4447135200,2026-08-06T12:07:34.769170+00:00
0,Firmware Engineer | Switzerland,linkedin,"Embedded Software Engineer (m/w/d), 80-100%",myStromer AG,"Köniz, Berne, Switzerland",Remote,Full-time,,,English,,,Recent,https://ch.linkedin.com/jobs/view/embedded-software-engineer-m-w-d-80-100%25-at-mystromer-ag-4436805028,2026-08-06T12:07:34.769360+00:00
0,Firmware Engineer | Switzerland,linkedin,Embedded Software Engineer,Harmattan AI,"Lausanne, Vaud, Switzerland",On-site,Full-time,,,English,,,Recent,https://ch.linkedin.com/jobs/view/embedded-software-engineer-at-harmattan-ai-4449996995,2026-08-06T12:07:34.769529+00:00
0,Firmware Engineer | Switzerland,linkedin,Embedded Software Engineer / Consumer Electronics & Applied AI,Helbling Technik,"Liebefeld, Berne, Switzerland",On-site,Full-time,,,English,,,Recent,https://ch.linkedin.com/jobs/view/embedded-software-engineer-consumer-electronics-applied-ai-at-helbling-technik-4441829743,2026-08-06T12:07:34.769683+00:00
0,Firmware Engineer | Switzerland,linkedin,Embedded Software Engineer – e-Bike Systems,Specialized Bicycle Components,"Cham, Zug, Switzerland",On-site,Full-time,,,English,,,Recent,https://ch.linkedin.com/jobs/view/embedded-software-engineer-%E2%80%93-e-bike-systems-at-specialized-bicycle-components-4249261377,2026-08-06T12:07:34.769841+00:00
0,Firmware Engineer | Switzerland,linkedin,IoT Embedded System Engineer,SwissPeak Partners,Greater Bern Area,On-site,Full-time,,,English,,,Recent,https://ch.linkedin.com/jobs/view/iot-embedded-system-engineer-at-swisspeak-partners-4433181550,2026-08-06T12:07:34.770005+00:00
0,Firmware Engineer | Switzerland,linkedin,Embedded Software Engineer (Camera & Driver Platform),Auterion,"Zurich, Zurich, Switzerland",On-site,Full-time,,,English,,,Recent,https://ch.linkedin.com/jobs/view/embedded-software-engineer-camera-driver-platform-at-auterion-4443189207,2026-08-06T12:07:34.770162+00:00
0,Firmware Engineer | Slovakia,linkedin,SW Engineer Embedded Systems C/C++,ComAp Group,"Košice, Kosice, Slovakia",On-site,Full-time,"C, C++, Embedded Systems",,English,,,Recent,https://sk.linkedin.com/jobs/view/sw-engineer-embedded-systems-c-c%2B%2B-at-comap-group-4444382153,2026-08-06T12:07:39.580372+00:00
0,Firmware Engineer | Slovakia,linkedin,Linux programator,SEC s.r.o.,"Nitra, Nitra Region, Slovakia",On-site,Full-time,,"R, Linux",English,,,Recent,https://sk.linkedin.com/jobs/view/linux-programator-at-sec-s-r-o-3730207435,2026-08-06T12:07:39.580955+00:00
0,Firmware Engineer | Czech Republic,linkedin,高低速接口工程师7998,UNISOC,"アト・マジョール州, Hato Mayor, Dominican Republic",On-site,Full-time,,,English,,,Recent,https://do.linkedin.com/jobs/view/%E9%AB%98%E4%BD%8E%E9%80%9F%E6%8E%A5%E5%8F%A3%E5%B7%A5%E7%A8%8B%E5%B8%887998-at-unisoc-4444590139,2026-08-06T12:07:41.952397+00:00
0,Firmware Engineer | Czech Republic,linkedin,车载camera工程师7996,UNISOC,"アト・マジョール州, Hato Mayor, Dominican Republic",On-site,Full-time,,,English,,,Recent,https://do.linkedin.com/jobs/view/%E8%BD%A6%E8%BD%BDcamera%E5%B7%A5%E7%A8%8B%E5%B8%887996-at-unisoc-4444589232,2026-08-06T12:07:41.952752+00:00
0,Firmware Engineer | Czech Republic,linkedin,校招-组合导航算法工程师,GEESPACE,"アト・マジョール州, Hato Mayor, Dominican Republic",On-site,Full-time,,,English,,,Recent,https://do.linkedin.com/jobs/view/%E6%A0%A1%E6%8B%9B-%E7%BB%84%E5%90%88%E5%AF%BC%E8%88%AA%E7%AE%97%E6%B3%95%E5%B7%A5%E7%A8%8B%E5%B8%88-at-geespace-4438401967,2026-08-06T12:07:41.952917+00:00
0,Firmware Engineer | Czech Republic,linkedin,Software Engineer C++ (m/f/d),Bruker,Dominican Republic,On-site,Full-time,"C, C++",,English,,,Recent,https://do.linkedin.com/jobs/view/software-engineer-c%2B%2B-m-f-d-at-bruker-4369277160,2026-08-06T12:07:41.953079+00:00
0,Firmware Engineer | Czech Republic,linkedin,Trainee for MEMS Software Team,STMicroelectronics,"Batey 8, Independencia Province, Dominican Republic",On-site,Full-time,,Trainee,English,,,Recent,https://do.linkedin.com/jobs/view/trainee-for-mems-software-team-at-stmicroelectronics-4444585877,2026-08-06T12:07:41.953416+00:00
0,Firmware Engineer | Czech Republic,linkedin,算法开发工程师,"TBEA Xi'an Electric Technology Co., Ltd.","アト・マジョール州, Hato Mayor, Dominican Republic",On-site,Full-time,,,English,,,Recent,https://do.linkedin.com/jobs/view/%E7%AE%97%E6%B3%95%E5%BC%80%E5%8F%91%E5%B7%A5%E7%A8%8B%E5%B8%88-at-tbea-xi-an-electric-technology-co-ltd-4444302828,2026-08-06T12:07:41.953572+00:00
0,Firmware Engineer | Czech Republic,linkedin,Software Engineer C# (m/f/d),Bruker,Dominican Republic,On-site,Full-time,C,C#,English,,,Recent,https://do.linkedin.com/jobs/view/software-engineer-c%23-m-f-d-at-bruker-4440525432,2026-08-06T12:07:41.953734+00:00
0,Firmware Engineer | Czech Republic,linkedin,软件系统工程师（性能优化方向）7997,UNISOC,"アト・マジョール州, Hato Mayor, Dominican Republic",On-site,Full-time,,,English,,,Recent,https://do.linkedin.com/jobs/view/%E8%BD%AF%E4%BB%B6%E7%B3%BB%E7%BB%9F%E5%B7%A5%E7%A8%8B%E5%B8%88%EF%BC%88%E6%80%A7%E8%83%BD%E4%BC%98%E5%8C%96%E6%96%B9%E5%90%91%EF%BC%897997-at-unisoc-4444592097,2026-08-06T12:07:41.953889+00:00
0,Firmware Engineer | Poland,linkedin,Embedded Software Engineer,Adapt-E,"Zabrze, Śląskie, Poland",On-site,Full-time,,,English,,,Recent,https://pl.linkedin.com/jobs/view/embedded-software-engineer-at-adapt-e-4444244854,2026-08-06T12:07:44.494128+00:00
0,Firmware Engineer | Poland,linkedin,Firmware Engineer - hybrid (m/f/d),Honeywell Technologies,Gdansk Metropolitan Area,Hybrid,Full-time,Firmware,,English,,,Recent,https://pl.linkedin.com/jobs/view/firmware-engineer-hybrid-m-f-d-at-honeywell-technologies-4368383686,2026-08-06T12:07:44.494325+00:00
0,Firmware Engineer | Poland,linkedin,Embedded Developer (f/m) (SSC),Phoenix Contact,"Wielkopolskie, Poland",On-site,Full-time,,,English,,,Recent,https://pl.linkedin.com/jobs/view/embedded-developer-f-m-ssc-at-phoenix-contact-4370458374,2026-08-06T12:07:44.494658+00:00
0,Firmware Engineer | Poland,linkedin,Embedded Software Engineer,ASSA ABLOY Group,"Cracow, Małopolskie, Poland",On-site,Full-time,,,English,,,Recent,https://pl.linkedin.com/jobs/view/embedded-software-engineer-at-assa-abloy-group-3759958711,2026-08-06T12:07:44.494818+00:00
0,Firmware Engineer | Poland,linkedin,Embedded Software Engineer,ALTEN Polska,"Cracow, Małopolskie, Poland",On-site,Full-time,,,English,,,Recent,https://pl.linkedin.com/jobs/view/embedded-software-engineer-at-alten-polska-4442580975,2026-08-06T12:07:44.494980+00:00
0,Firmware Engineer | Poland,linkedin,C/C++ Firmware Engineer (f/m/x),Sii Poland,"Szczecin, Zachodniopomorskie, Poland",On-site,Full-time,"C, C++, Firmware",,English,,,Recent,https://pl.linkedin.com/jobs/view/c-c%2B%2B-firmware-engineer-f-m-x-at-sii-poland-4420123017,2026-08-06T12:07:44.495142+00:00
0,Firmware Engineer | Poland,linkedin,System Firmware Engineer (Device),Luxoft Poland,Poland,On-site,Full-time,Firmware,,English,,,Recent,https://pl.linkedin.com/jobs/view/system-firmware-engineer-device-at-luxoft-poland-4444977745,2026-08-06T12:07:44.495329+00:00
0,Firmware Engineer | Poland,linkedin,Embedded Software Engineer (C/C++),Spline,"Tychy, Śląskie, Poland",On-site,Full-time,"C, C++",,English,,,Recent,https://pl.linkedin.com/jobs/view/embedded-software-engineer-c-c%2B%2B-at-spline-4443357704,2026-08-06T12:07:44.495492+00:00
0,Firmware Engineer | USA,linkedin,Interconnect Firmware Engineer,AMD,"Austin, TX",On-site,Full-time,Firmware,,English,,,Recent,https://www.linkedin.com/jobs/view/interconnect-firmware-engineer-at-amd-4412432292,2026-08-06T12:07:47.018001+00:00
0,Firmware Engineer | USA,linkedin,"Firmware Engineer, Robotics and Surgery Engineering",Neuralink,"Austin, TX",On-site,Full-time,Firmware,,English,,,Recent,https://www.linkedin.com/jobs/view/firmware-engineer-robotics-and-surgery-engineering-at-neuralink-4416597306,2026-08-06T12:07:47.018192+00:00
0,Firmware Engineer | USA,linkedin,Firmware Engineer,"King Technology, Inc.","Minnetonka, MN",On-site,Full-time,Firmware,,English,,,Recent,https://www.linkedin.com/jobs/view/firmware-engineer-at-king-technology-inc-4442930588,2026-08-06T12:07:47.018387+00:00
0,Firmware Engineer | USA,linkedin,Firmware Engineer II,Advanced Energy,"Eden Prairie, MN",On-site,Full-time,Firmware,,English,,,Recent,https://www.linkedin.com/jobs/view/firmware-engineer-ii-at-advanced-energy-4445725955,2026-08-06T12:07:47.018554+00:00
0,Firmware Engineer | USA,linkedin,Firmware Engineer,Neurophos,"Austin, TX",On-site,Full-time,Firmware,,English,,,Recent,https://www.linkedin.com/jobs/view/firmware-engineer-at-neurophos-4442907896,2026-08-06T12:07:47.018712+00:00
0,Firmware Engineer | USA,linkedin,Embedded Systems Engineer II,BioLite,"Midvale, UT",On-site,Full-time,Embedded Systems,,English,,,Recent,https://www.linkedin.com/jobs/view/embedded-systems-engineer-ii-at-biolite-4447186563,2026-08-06T12:07:47.018868+00:00
0,Firmware Engineer | USA,linkedin,Firmware Engineer,Sunrise Systems,"Pembroke, MA",On-site,Full-time,Firmware,,English,,,Recent,https://www.linkedin.com/jobs/view/firmware-engineer-at-sunrise-systems-4441206708,2026-08-06T12:07:47.019029+00:00
0,Firmware Engineer | USA,linkedin,Firmware Engineer,Corvid Technologies,"Batavia, OH",On-site,Full-time,Firmware,,English,,,Recent,https://www.linkedin.com/jobs/view/firmware-engineer-at-corvid-technologies-4440173375,2026-08-06T12:07:47.019190+00:00
0,Firmware Engineer | USA,linkedin,Firmware Engineer,"APCON, Inc.","Wilsonville, OR",On-site,Full-time,Firmware,,English,,,Recent,https://www.linkedin.com/jobs/view/firmware-engineer-at-apcon-inc-4447169165,2026-08-06T12:07:47.019370+00:00
0,Firmware Engineer | USA,linkedin,Embedded Software Engineer,Fab2,"Austin, TX",On-site,Full-time,,,English,,,Recent,https://www.linkedin.com/jobs/view/embedded-software-engineer-at-fab2-4441378742,2026-08-06T12:07:47.019531+00:00
0,Firmware Engineer | United Kingdom,linkedin,Embedded Software Engineer,OmniBuds,"Cambridge, England, United Kingdom",On-site,Full-time,,,English,,,Recent,https://uk.linkedin.com/jobs/view/embedded-software-engineer-at-omnibuds-4447332571,2026-08-06T12:07:49.487754+00:00
0,Firmware Engineer | United Kingdom,linkedin,Firmware Engineer,Set2Recruit,"Southampton, England, United Kingdom",On-site,Full-time,Firmware,,English,,,Recent,https://uk.linkedin.com/jobs/view/firmware-engineer-at-set2recruit-4423119703,2026-08-06T12:07:49.487944+00:00
0,Firmware Engineer | United Kingdom,linkedin,Embedded Software Engineer,Archangel Autonomy,"Oxford, England, United Kingdom",On-site,Full-time,,,English,,,Recent,https://uk.linkedin.com/jobs/view/embedded-software-engineer-at-archangel-autonomy-4432979500,2026-08-06T12:07:49.488294+00:00
0,Firmware Engineer | United Kingdom,linkedin,Software/Firmware Engineer - Media Handling,NCR Atleos,"Dundee, Scotland, United Kingdom",On-site,Full-time,Firmware,,English,,,Recent,https://uk.linkedin.com/jobs/view/software-firmware-engineer-media-handling-at-ncr-atleos-4436079644,2026-08-06T12:07:49.488452+00:00
0,Firmware Engineer | United Kingdom,linkedin,Embedded Software Engineer,Searches @ Wenham Carter,"Aberdeen, Scotland, United Kingdom",On-site,Full-time,,,English,,,Recent,https://uk.linkedin.com/jobs/view/embedded-software-engineer-at-searches-%40-wenham-carter-4445971100,2026-08-06T12:07:49.488609+00:00
0,Firmware Engineer | United Kingdom,linkedin,Embedded Software Engineer,Salience Labs,"Oxford, England, United Kingdom",On-site,Full-time,,,English,,,Recent,https://uk.linkedin.com/jobs/view/embedded-software-engineer-at-salience-labs-4448537147,2026-08-06T12:07:49.488910+00:00
0,Firmware Engineer | United Kingdom,linkedin,Embedded Software Engineer,Archangel Lightworks,"Oxford, England, United Kingdom",On-site,Full-time,,,English,,,Recent,https://uk.linkedin.com/jobs/view/embedded-software-engineer-at-archangel-lightworks-4433182780,2026-08-06T12:07:49.489057+00:00
0,Firmware Engineer | United Kingdom,linkedin,Embedded Software Engineer,Accelero,"Weston-Super-Mare, England, United Kingdom",On-site,Full-time,,,English,,,Recent,https://uk.linkedin.com/jobs/view/embedded-software-engineer-at-accelero-4447017548,2026-08-06T12:07:49.489206+00:00
