relevance_score,search_criteria,provider,title,company,location,work_location_type,employment_type,matching_skills,missing_skills,detected_languages,matched_roles,salary_hint,posted_at_relative,link,scraped_at
44,Python Test | Germany,linkedin,Senior Software Developer Test (m/w/d),Rohde & Schwarz,"Stuttgart, Baden-Württemberg, Germany",On-site,Full-time,,Senior,English,Senior,,Recent,https://de.linkedin.com/jobs/view/senior-software-developer-test-m-w-d-at-rohde-schwarz-4468519132,2026-10-01T16:58:31.520669+00:00
44,Python Test | Switzerland,linkedin,"Senior Software Engineer, Network System Validation",NVIDIA,"Zurich, Zurich, Switzerland",On-site,Full-time,,Senior,English,Senior,,Recent,https://ch.linkedin.com/jobs/view/senior-software-engineer-network-system-validation-at-nvidia-4464143614,2026-10-01T16:58:36.459757+00:00
44,Firmware Engineer | Switzerland,linkedin,Senior Embedded Software and Processing Engineer (m/f/d),Thales,"Zurich, Zurich, Switzerland",On-site,Full-time,,Senior,English,Senior,,Recent,https://ch.linkedin.com/jobs/view/senior-embedded-software-and-processing-engineer-m-f-d-at-thales-4450725792,2026-10-01T16:58:58.524066+00:00
44,Firmware Engineer | Slovakia,linkedin,Senior Software Engineer – Railway Signaling Systems On-Board,Siemens,"Bratislava, Bratislava, Slovakia",On-site,Full-time,,Senior,English,Senior,,Recent,https://sk.linkedin.com/jobs/view/senior-software-engineer-%E2%80%93-railway-signaling-systems-on-board-at-siemens-4456016516,2026-10-01T16:59:03.238701+00:00
44,Firmware Engineer | Slovakia,linkedin,Senior Software Engineer,Siemens,"Bratislava, Bratislava, Slovakia",On-site,Full-time,,Senior,English,Senior,,Recent,https://sk.linkedin.com/jobs/view/senior-software-engineer-at-siemens-4446795747,2026-10-01T16:59:03.239082+00:00
29,Tester | Slovakia,linkedin,Tester s nemeckým jazykom (ž/m),Siemens,"Žilina, Zilina, Slovakia",On-site,Full-time,,,English,,,Recent,https://sk.linkedin.com/jobs/view/tester-s-nemeck%C3%BDm-jazykom-%C5%BE-m-at-siemens-4423952200,2026-10-01T16:56:29.530240+00:00
29,Tester | Slovakia,linkedin,Test Design Professional for product Velocity,Siemens Healthineers,"Košice, Kosice, Slovakia",On-site,Full-time,,,English,,,Recent,https://sk.linkedin.com/jobs/view/test-design-professional-for-product-velocity-at-siemens-healthineers-4455889406,2026-10-01T16:56:29.530399+00:00
29,Tester | Slovakia,linkedin,Test inžinier pre vývoj elektronických systémov (ž/m),Siemens,"Bratislava, Bratislava, Slovakia",On-site,Full-time,,,English,,,Recent,https://sk.linkedin.com/jobs/view/test-in%C5%BEinier-pre-v%C3%BDvoj-elektronick%C3%BDch-syst%C3%A9mov-%C5%BE-m-at-siemens-4445738791,2026-10-01T16:56:29.530716+00:00
29,QA Engineer | USA,linkedin,"Software Quality Assurance Engineer, Fire Tablet Launcher Team",Amazon,"Seattle, WA",On-site,Full-time,,,English,,,Recent,https://www.linkedin.com/jobs/view/software-quality-assurance-engineer-fire-tablet-launcher-team-at-amazon-4455906458,2026-10-01T16:56:58.916615+00:00
29,QA Engineer | USA,linkedin,"Quality Assurance Engineer, Prime Video Ads",Prime Video & Amazon MGM Studios,"Seattle, WA",On-site,Full-time,,,English,,,Recent,https://www.linkedin.com/jobs/view/quality-assurance-engineer-prime-video-ads-at-prime-video-amazon-mgm-studios-4469273265,2026-10-01T16:56:58.916777+00:00
29,Test Engineer | USA,linkedin,Test Engineer-Mid,"Cintel, Inc.","Huntsville, AL",On-site,Full-time,"C, Java, Python, System Testing, Test Automation","Data Science, C#, Mid-Level",English,,,Recent,https://www.linkedin.com/jobs/view/test-engineer-mid-at-cintel-inc-4462082051,2026-10-01T16:57:20.840032+00:00
29,Python Test | Austria,linkedin,Internship - Software Testing Automation (f/m/div),Infineon Technologies,"Villach, Carinthia, Austria",On-site,Internship,,Internship,English,,,Recent,https://at.linkedin.com/jobs/view/internship-software-testing-automation-f-m-div-at-infineon-technologies-4454521849,2026-10-01T16:58:33.968753+00:00
29,Firmware Engineer | Austria,linkedin,Embedded Firmware Design Engineer (m/f/d),NXP Semiconductors,"Gratkorn, Styria, Austria",On-site,Full-time,Firmware,,English,,,Recent,https://at.linkedin.com/jobs/view/embedded-firmware-design-engineer-m-f-d-at-nxp-semiconductors-4467045000,2026-10-01T16:58:56.027817+00:00
29,Firmware Engineer | Poland,linkedin,"Embedded Software Engineer II, Ring, Ring",Amazon,Gdansk Metropolitan Area,On-site,Full-time,,,English,,,Recent,https://pl.linkedin.com/jobs/view/embedded-software-engineer-ii-ring-ring-at-amazon-4455780934,2026-10-01T16:59:08.015083+00:00
29,Firmware Engineer | Poland,linkedin,"Embedded Software Dev Engineer, Ring Devices",Amazon,Gdansk Metropolitan Area,On-site,Full-time,,,English,,,Recent,https://pl.linkedin.com/jobs/view/embedded-software-dev-engineer-ring-devices-at-amazon-4455785779,2026-10-01T16:59:08.015549+00:00
14,Tester | Germany,linkedin,Software Tester (all genders),Expleo Group,"Frankfurt am Main, Hesse, Germany",Remote,Internship,"Javascript, Python","Agile, R, Associate",German,Test Manager,,Recent,https://de.linkedin.com/jobs/view/software-tester-all-genders-at-expleo-group-4457339334,2026-10-01T16:56:19.906768+00:00
14,Tester | Austria,linkedin,MOBILE TESTER:IN (W/M/X),IT-Services der Sozialversicherung GmbH,"Vienna, Vienna, Austria",Remote,Full-time,"Java, Test Automation","R, Associate, Confluence, Jira, Architect, Zephyr",German,Architect,,Recent,https://at.linkedin.com/jobs/view/mobile-tester-in-w-m-x-at-it-services-der-sozialversicherung-gmbh-4427933384,2026-10-01T16:56:22.332081+00:00
14,Tester | Austria,linkedin,Senior Software Tester (m/w/d),IVM Technical Consultants,"Vienna, Vienna, Austria",On-site,Full-time,,Senior,English,Senior,,Recent,https://at.linkedin.com/jobs/view/senior-software-tester-m-w-d-at-ivm-technical-consultants-4459937453,2026-10-01T16:56:22.332234+00:00
14,Tester | Switzerland,linkedin,"ICT Test Engineer, Stufe Senior mit >5 Jahre Erfahrung (auch agil)",ALTEN,"Bern, Berne, Switzerland",On-site,Full-time,,Senior,German,Senior,,Recent,https://ch.linkedin.com/jobs/view/ict-test-engineer-stufe-senior-mit-5-jahre-erfahrung-auch-agil-at-alten-4353253328,2026-10-01T16:56:24.801305+00:00
14,Tester | Czech Republic,linkedin,QA Automation Engineer Lead - Remote - Latin America,FullStack,"Urb. San Francisco, Duarte, Dominican Republic",Remote,Full-time,,Lead,English,Lead,,Recent,https://do.linkedin.com/jobs/view/qa-automation-engineer-lead-remote-latin-america-at-fullstack-4468657787,2026-10-01T16:56:31.970197+00:00
14,Tester | Czech Republic,linkedin,QA Automation Engineer Lead - Remote - Latin America,FullStack,Dominican Republic,Remote,Contract,"Can, Integration Testing, Javascript, Playwright, Test Automation","Agile, Lead, Scrum",English,Lead,,Recent,https://do.linkedin.com/jobs/view/qa-automation-engineer-lead-remote-latin-america-at-fullstack-4468667573,2026-10-01T16:56:31.970349+00:00
14,Tester | Poland,linkedin,Senior Tester Manualny/Testerka Manualna,BlueSoft,"Lublin, Lubelskie, Poland",On-site,Full-time,,Senior,English,Senior,,Recent,https://pl.linkedin.com/jobs/view/senior-tester-manualny-testerka-manualna-at-bluesoft-4469125757,2026-10-01T16:56:34.399963+00:00
14,Tester | Poland,linkedin,Senior Manual Tester (f/m/x),Sii Poland,"Warsaw, Mazowieckie, Poland",On-site,Full-time,,Senior,English,Senior,,Recent,https://pl.linkedin.com/jobs/view/senior-manual-tester-f-m-x-at-sii-poland-4472690884,2026-10-01T16:56:34.400140+00:00
14,Tester | United Kingdom,linkedin,Senior QA Tester,Frontier Developments,"Cambridge, England, United Kingdom",On-site,Full-time,,Senior,English,Senior,,Recent,https://uk.linkedin.com/jobs/view/senior-qa-tester-at-frontier-developments-4464328089,2026-10-01T16:56:39.296660+00:00
14,QA Engineer | Germany,linkedin,Senior Quality Assurance Engineer - Panels (all genders),ABOUT YOU,"Hamburg, Hamburg, Germany",On-site,Full-time,,Senior,English,Senior,,Recent,https://de.linkedin.com/jobs/view/senior-quality-assurance-engineer-panels-all-genders-at-about-you-4454767707,2026-10-01T16:56:41.800528+00:00
14,QA Engineer | Germany,linkedin,Senior QA Engineer (m/w/d) – Integration & Test Automation,Peter Döhle Schiffahrts-KG,"Hamburg, Hamburg, Germany",On-site,Full-time,Test Automation,Senior,English,Senior,,Recent,https://de.linkedin.com/jobs/view/senior-qa-engineer-m-w-d-%E2%80%93-integration-test-automation-at-peter-d%C3%B6hle-schiffahrts-kg-4419173368,2026-10-01T16:56:41.800827+00:00
14,QA Engineer | Austria,linkedin,Senior QA Engineer (m/w/d) & Testautomation - Plattformservices,PKE,"Vienna, Vienna, Austria",On-site,Full-time,,Senior,English,Senior,,Recent,https://at.linkedin.com/jobs/view/senior-qa-engineer-m-w-d-testautomation-plattformservices-at-pke-4434643740,2026-10-01T16:56:44.244075+00:00
14,QA Engineer | Switzerland,linkedin,Senior QA Automation Engineer,TXT GROUP,"Chiasso, Ticino, Switzerland",On-site,Full-time,,Senior,English,Senior,,Recent,https://ch.linkedin.com/jobs/view/senior-qa-automation-engineer-at-txt-group-4463260307,2026-10-01T16:56:46.678534+00:00
14,QA Engineer | Slovakia,linkedin,Senior Quality Engineer,Swiss Re,"Bratislava, Bratislava, Slovakia",On-site,Full-time,,Senior,English,Senior,,Recent,https://sk.linkedin.com/jobs/view/senior-quality-engineer-at-swiss-re-4465789396,2026-10-01T16:56:51.474059+00:00
14,QA Engineer | Slovakia,linkedin,Senior Software Engineer in Test,SentinelOne,Slovakia,On-site,Full-time,,Senior,English,Senior,,Recent,https://sk.linkedin.com/jobs/view/senior-software-engineer-in-test-at-sentinelone-4457700912,2026-10-01T16:56:51.475064+00:00
14,QA Engineer | Czech Republic,linkedin,QA Automation Engineer Lead - Remote - Latin America,FullStack,"Santo Domingo Oeste, Santo Domingo, Dominican Republic",Remote,Full-time,,Lead,English,Lead,,Recent,https://do.linkedin.com/jobs/view/qa-automation-engineer-lead-remote-latin-america-at-fullstack-4468654859,2026-10-01T16:56:53.944847+00:00
14,QA Engineer | Poland,linkedin,Senior Software Quality Engineer,Diebold Nixdorf,"Katowice, Śląskie, Poland",On-site,Full-time,,Senior,English,Senior,,Recent,https://pl.linkedin.com/jobs/view/senior-software-quality-engineer-at-diebold-nixdorf-4433113302,2026-10-01T16:56:56.415193+00:00
14,QA Engineer | Poland,linkedin,Senior Test Engineer (M/K) - Praca zdalna K/M,Astek,"Warsaw, Mazowieckie, Poland",On-site,Full-time,,Senior,English,Senior,,Recent,https://pl.linkedin.com/jobs/view/senior-test-engineer-m-k-praca-zdalna-k-m-at-astek-4472189678,2026-10-01T16:56:56.416211+00:00
14,QA Engineer | Poland,linkedin,Senior QA Engineer - .NET / Test Automation,Billennium,"Wrocław, Dolnośląskie, Poland",On-site,Full-time,Test Automation,Senior,English,Senior,,Recent,https://pl.linkedin.com/jobs/view/senior-qa-engineer-net-test-automation-at-billennium-4467094959,2026-10-01T16:56:56.416367+00:00
14,QA Engineer | Poland,linkedin,Senior QA Engineer - .NET / Test Automation,Billennium,Warsaw Metropolitan Area,On-site,Full-time,Test Automation,Senior,English,Senior,,Recent,https://pl.linkedin.com/jobs/view/senior-qa-engineer-net-test-automation-at-billennium-4467202151,2026-10-01T16:56:56.416529+00:00
14,QA Engineer | United Kingdom,linkedin,Senior QA Engineer,Arcadis,"Glasgow, Scotland, United Kingdom",On-site,Full-time,,Senior,English,Senior,,Recent,https://uk.linkedin.com/jobs/view/senior-qa-engineer-at-arcadis-4432799090,2026-10-01T16:57:01.352096+00:00
14,QA Engineer | United Kingdom,linkedin,Senior QA/Test Engineer,iO Associates,"London, England, United Kingdom",On-site,Full-time,,Senior,English,Senior,,Recent,https://uk.linkedin.com/jobs/view/senior-qa-test-engineer-at-io-associates-4462762886,2026-10-01T16:57:01.352563+00:00
14,Test Engineer | Germany,linkedin,(Senior) Test Engineer (m/w/d),Walbusch-Gruppe,"Solingen, North Rhine-Westphalia, Germany",On-site,Full-time,,Senior,English,Senior,,Recent,https://de.linkedin.com/jobs/view/senior-test-engineer-m-w-d-at-walbusch-gruppe-4470854256,2026-10-01T16:57:03.801487+00:00
14,Test Engineer | Germany,linkedin,(Senior) Test Engineer (m/w/d),HAT.tec,"Neubiberg, Bavaria, Germany",On-site,Full-time,,Senior,English,Senior,,Recent,https://de.linkedin.com/jobs/view/senior-test-engineer-m-w-d-at-hat-tec-4468910045,2026-10-01T16:57:03.801640+00:00
14,Test Engineer | Germany,linkedin,Senior Test Engineer (m/w/d),Bundesdruckerei-Gruppe,"Berlin, Berlin, Germany",On-site,Full-time,,Senior,English,Senior,,Recent,https://de.linkedin.com/jobs/view/senior-test-engineer-m-w-d-at-bundesdruckerei-gruppe-4473978636,2026-10-01T16:57:03.801944+00:00
14,Test Engineer | Germany,linkedin,Senior Test Engineer (m/w/d),infodas,"Cologne, North Rhine-Westphalia, Germany",On-site,Full-time,,Senior,English,Senior,,Recent,https://de.linkedin.com/jobs/view/senior-test-engineer-m-w-d-at-infodas-4469306546,2026-10-01T16:57:03.802120+00:00
14,Test Engineer | Slovakia,linkedin,Senior Test Engineer (m/f/d),Brose Group,"Prievidza, Trenciansky, Slovakia",On-site,Full-time,,Senior,English,Senior,,Recent,https://sk.linkedin.com/jobs/view/senior-test-engineer-m-f-d-at-brose-group-4419248716,2026-10-01T16:57:13.495175+00:00
14,Test Engineer | Czech Republic,linkedin,Senior Test Engineer,Rockwell Automation,"Santo Domingo, Distrito Nacional, Dominican Republic",On-site,Full-time,,Senior,English,Senior,,Recent,https://do.linkedin.com/jobs/view/senior-test-engineer-at-rockwell-automation-4467414012,2026-10-01T16:57:15.953533+00:00
14,Test Engineer | Czech Republic,linkedin,QA Automation Engineer Lead - Remote - Latin America,FullStack,"Santo Domingo Este, Santo Domingo, Dominican Republic",Remote,Full-time,,Lead,English,Lead,,Recent,https://do.linkedin.com/jobs/view/qa-automation-engineer-lead-remote-latin-america-at-fullstack-4468667574,2026-10-01T16:57:15.954324+00:00
14,Test Engineer | Poland,linkedin,Senior Test Automation Engineer (all genders),Lufthansa Systems,"Gdańsk, Pomorskie, Poland",On-site,Full-time,Test Automation,Senior,English,Senior,,Recent,https://pl.linkedin.com/jobs/view/senior-test-automation-engineer-all-genders-at-lufthansa-systems-4461160626,2026-10-01T16:57:18.378913+00:00
14,Test Engineer | Poland,linkedin,Senior Test Automation Engineer,Billennium,"Warsaw, Mazowieckie, Poland",On-site,Full-time,Test Automation,Senior,English,Senior,,Recent,https://pl.linkedin.com/jobs/view/senior-test-automation-engineer-at-billennium-4465689303,2026-10-01T16:57:18.379095+00:00
14,Test Engineer | United Kingdom,linkedin,Senior Test Engineer,CACI Digital Experience (formerly Cyber-Duck),"Bristol, England, United Kingdom",On-site,Full-time,,Senior,English,Senior,,Recent,https://uk.linkedin.com/jobs/view/senior-test-engineer-at-caci-digital-experience-formerly-cyber-duck-4468015969,2026-10-01T16:57:23.268886+00:00
14,Test Engineer | United Kingdom,linkedin,Senior Test Engineer,CACI Ltd,"London Area, United Kingdom",On-site,Full-time,,Senior,English,Senior,,Recent,https://uk.linkedin.com/jobs/view/senior-test-engineer-at-caci-ltd-4466694211,2026-10-01T16:57:23.269097+00:00
14,Test Engineer | United Kingdom,linkedin,Senior Test Engineer,AJ Bell,"Manchester, England, United Kingdom",On-site,Full-time,,Senior,English,Senior,,Recent,https://uk.linkedin.com/jobs/view/senior-test-engineer-at-aj-bell-4459522629,2026-10-01T16:57:23.270038+00:00
14,Test Engineer | United Kingdom,linkedin,Senior Test Engineer,UBDS Digital,"London, England, United Kingdom",On-site,Full-time,,Senior,English,Senior,,Recent,https://uk.linkedin.com/jobs/view/senior-test-engineer-at-ubds-digital-4473538844,2026-10-01T16:57:23.270188+00:00
14,Test Engineer | United Kingdom,linkedin,Mid / Senior QA Engineer,Ocho,"Belfast, Northern Ireland, United Kingdom",On-site,Full-time,,Senior,English,Senior,,Recent,https://uk.linkedin.com/jobs/view/mid-senior-qa-engineer-at-ocho-4472556618,2026-10-01T16:57:23.270340+00:00
14,Testingenieur | Slovakia,linkedin,Testovací inžinier senior (m/ž/d),Brose Slovakia,"Horná Štefanovičová, Nitra Region, Slovakia",On-site,Full-time,,Senior,English,Senior,,Recent,https://sk.linkedin.com/jobs/view/testovac%C3%AD-in%C5%BEinier-senior-m-%C5%BE-d-at-brose-slovakia-4433307490,2026-10-01T16:57:35.249352+00:00
14,Testingenieur | United Kingdom,linkedin,Senior Test Engineer,Scott Logic,"Bristol, England, United Kingdom",On-site,Full-time,,Senior,English,Senior,,Recent,https://uk.linkedin.com/jobs/view/senior-test-engineer-at-scott-logic-4441246213,2026-10-01T16:57:45.046610+00:00
14,Test Automation | Germany,linkedin,Senior Test Automation Engineer (m/w/d),Bundesdruckerei-Gruppe,"Berlin, Germany",On-site,Full-time,Test Automation,Senior,English,Senior,,Recent,https://de.linkedin.com/jobs/view/senior-test-automation-engineer-m-w-d-at-bundesdruckerei-gruppe-4454508053,2026-10-01T16:57:47.479431+00:00
14,Test Automation | Germany,linkedin,Senior Quality Assurance Engineer,Trading 212,"Berlin, Berlin, Germany",On-site,Full-time,,Senior,English,Senior,,Recent,https://de.linkedin.com/jobs/view/senior-quality-assurance-engineer-at-trading-212-4468924202,2026-10-01T16:57:47.479582+00:00
14,Test Automation | Austria,linkedin,Senior Test Automation Engineer (m/w/d) – Gefahrenmanagementsysteme,PKE,"Vienna, Vienna, Austria",On-site,Full-time,Test Automation,Senior,English,Senior,,Recent,https://at.linkedin.com/jobs/view/senior-test-automation-engineer-m-w-d-%E2%80%93-gefahrenmanagementsysteme-at-pke-4434656218,2026-10-01T16:57:49.906239+00:00
14,Test Automation | Austria,linkedin,Test Automation Engineer (m/f/d),Atos,"Vienna, Vienna, Austria",Remote,Internship,"Bash, C, Ci/Cd, Java, Javascript, Playwright, Python, Selenium, Test Automation","R, Azure, Expert, Devops, Powershell, Sql, Gitlab, Associate, Consultant, C#",German,"Consultant, Expert",,Recent,https://at.linkedin.com/jobs/view/test-automation-engineer-m-f-d-at-atos-4425302065,2026-10-01T16:57:49.906768+00:00
14,Test Automation | Austria,linkedin,"Test Automation Engineer mit TOSCA – Senior Consultant (m,w,d)",QESTIT DACH,"Vienna, Austria",On-site,Full-time,Test Automation,"Consultant, Senior",German,"Consultant, Senior",,Recent,https://at.linkedin.com/jobs/view/test-automation-engineer-mit-tosca-%E2%80%93-senior-consultant-m-w-d-at-qestit-dach-4470829883,2026-10-01T16:57:49.906917+00:00
14,Test Automation | Austria,linkedin,"Test Automation Engineer - Senior Consultant (m,w,d)",QESTIT DACH,"Vienna, Vienna, Austria",Remote,Full-time,"C, C++, Java, Playwright, Python, Selenium, Test Automation","R, Postman, Lead, Consultant, C#, Groovy, Senior",German,"Consultant, Lead, Senior",,Recent,https://at.linkedin.com/jobs/view/test-automation-engineer-senior-consultant-m-w-d-at-qestit-dach-4467333526,2026-10-01T16:57:49.907264+00:00
14,Test Automation | Switzerland,linkedin,"Test Automation Engineer - (Senior) Consultant (m,w,d)",QESTIT DACH,"Zurich, Zurich, Switzerland",On-site,Full-time,Test Automation,"Consultant, Senior",English,"Consultant, Senior",,Recent,https://ch.linkedin.com/jobs/view/test-automation-engineer-senior-consultant-m-w-d-at-qestit-dach-4472185551,2026-10-01T16:57:52.344079+00:00
14,Test Automation | Switzerland,linkedin,"Test Automation Engineer - (Senior) Consultant (m,w,d) BFSI",QESTIT DACH,"Zurich, Switzerland",On-site,Full-time,Test Automation,"Consultant, Senior",English,"Consultant, Senior",,Recent,https://ch.linkedin.com/jobs/view/test-automation-engineer-senior-consultant-m-w-d-bfsi-at-qestit-dach-4470853265,2026-10-01T16:57:52.344386+00:00
14,Test Automation | Switzerland,linkedin,Expert en Automatisation des Tests - TOSCA,Sword Group,"Geneva, Geneva, Switzerland",On-site,Full-time,,Expert,English,Expert,,Recent,https://ch.linkedin.com/jobs/view/expert-en-automatisation-des-tests-tosca-at-sword-group-4474154261,2026-10-01T16:57:52.344535+00:00
14,Test Automation | Czech Republic,linkedin,Lead AEM QA Automation Engineer - Work from home,Nortal,"Santo Domingo, Dominican Republic",On-site,Full-time,,Lead,English,Lead,,Recent,https://do.linkedin.com/jobs/view/lead-aem-qa-automation-engineer-work-from-home-at-nortal-4468118389,2026-10-01T16:57:59.473809+00:00
14,Test Automation | Poland,linkedin,Senior Test Automation Engineer,Billennium,Warsaw Metropolitan Area,Remote,Contract,"Ci/Cd, Java, Javascript, Playwright, Selenium, Test Automation","Snowflake, Postman, Cypress, Load Testing, Restassured, Aws, Senior",English,Senior,,Recent,https://pl.linkedin.com/jobs/view/senior-test-automation-engineer-at-billennium-4474172837,2026-10-01T16:58:01.956065+00:00
14,Test Automation | Poland,linkedin,Senior Test Automation Engineer,DCG,"Warsaw, Mazowieckie, Poland",On-site,Full-time,Test Automation,Senior,English,Senior,,Recent,https://pl.linkedin.com/jobs/view/senior-test-automation-engineer-at-dcg-4473741220,2026-10-01T16:58:01.956431+00:00
14,Test Automation | Poland,linkedin,Automation QA Engineer - Senior,FinteqHub,"Warsaw, Mazowieckie, Poland",On-site,Full-time,,Senior,English,Senior,,Recent,https://pl.linkedin.com/jobs/view/automation-qa-engineer-senior-at-finteqhub-4471969973,2026-10-01T16:58:01.957082+00:00
14,Test Automation | Poland,linkedin,Senior QA Automation,Luxoft Poland,"Cracow, Małopolskie, Poland",On-site,Full-time,,Senior,English,Senior,,Recent,https://pl.linkedin.com/jobs/view/senior-qa-automation-at-luxoft-poland-4464465706,2026-10-01T16:58:01.957231+00:00
14,Test Automation | USA,linkedin,Senior QA Automation Engineer,CGI,"Huntsville, AL",On-site,Full-time,,Senior,English,Senior,,Recent,https://www.linkedin.com/jobs/view/senior-qa-automation-engineer-at-cgi-4473592338,2026-10-01T16:58:04.470392+00:00
14,Test Automation | USA,linkedin,Senior Test Automation Engineer – Payments,CGI,"Salt Lake City, UT",On-site,Full-time,Test Automation,Senior,English,Senior,,Recent,https://www.linkedin.com/jobs/view/senior-test-automation-engineer-%E2%80%93-payments-at-cgi-4471669986,2026-10-01T16:58:04.470894+00:00
14,Test Automation | USA,linkedin,Senior SDET – Java & Selenium,Cognizant,"Phoenix, MD",On-site,Full-time,"Java, Selenium",Senior,English,Senior,,Recent,https://www.linkedin.com/jobs/view/senior-sdet-%E2%80%93-java-selenium-at-cognizant-4471334680,2026-10-01T16:58:04.471248+00:00
14,Test Automation | USA,linkedin,Senior Software Engineer in Test,CNN,"Atlanta, GA",On-site,Full-time,,Senior,English,Senior,,Recent,https://www.linkedin.com/jobs/view/senior-software-engineer-in-test-at-cnn-4424742800,2026-10-01T16:58:04.471411+00:00
14,Test Automation | United Kingdom,linkedin,Senior Automation Test Engineer - eSC or eDV Clearance Required,IBM,"Manchester, England, United Kingdom",On-site,Full-time,,Senior,English,Senior,,Recent,https://uk.linkedin.com/jobs/view/senior-automation-test-engineer-esc-or-edv-clearance-required-at-ibm-4401657691,2026-10-01T16:58:06.934615+00:00
14,Test Automation | United Kingdom,linkedin,Senior Automation Test Engineer - eSC or eDV Clearance Required,IBM,"Cheltenham, England, United Kingdom",Hybrid,Full-time,"Ci/Cd, Continuous Testing, Java, Jenkins, Python, Selenium, Test Automation","Postman, Agile, Associate, Devops, Scrum, Senior",English,Senior,,Recent,https://uk.linkedin.com/jobs/view/senior-automation-test-engineer-esc-or-edv-clearance-required-at-ibm-4401661667,2026-10-01T16:58:06.934778+00:00
14,Test Automation | United Kingdom,linkedin,Senior Automation Engineer,Stealth iT Consulting,"Greater London, England, United Kingdom",On-site,Full-time,,Senior,English,Senior,,Recent,https://uk.linkedin.com/jobs/view/senior-automation-engineer-at-stealth-it-consulting-4470148253,2026-10-01T16:58:06.935275+00:00
14,Test Automation | United Kingdom,linkedin,Senior Test Engineer,Murmuration,"Manchester, England, United Kingdom",On-site,Full-time,,Senior,English,Senior,,Recent,https://uk.linkedin.com/jobs/view/senior-test-engineer-at-murmuration-4472140543,2026-10-01T16:58:06.935574+00:00
14,Python Developer | Germany,linkedin,(Senior) Software Developer Backend / Python,Athereon GRC GmbH,"Saarbrücken, Saarland, Germany",On-site,Full-time,Python,Senior,English,Senior,,Recent,https://de.linkedin.com/jobs/view/senior-software-developer-backend-python-at-athereon-grc-gmbh-4467502615,2026-10-01T16:58:09.400455+00:00
14,Python Developer | Germany,linkedin,Senior Python Entwickler*,Haeger Consulting GmbH,"Bonn, North Rhine-Westphalia, Germany",On-site,Full-time,Python,Senior,English,Senior,,Recent,https://de.linkedin.com/jobs/view/senior-python-entwickler-at-haeger-consulting-gmbh-4472183683,2026-10-01T16:58:09.400809+00:00
14,Python Developer | Germany,linkedin,Senior Software Engineer Python (all genders),adesso SE,"Nuremberg, Bavaria, Germany",On-site,Full-time,Python,Senior,English,Senior,,Recent,https://de.linkedin.com/jobs/view/senior-software-engineer-python-all-genders-at-adesso-se-4137442830,2026-10-01T16:58:09.400987+00:00
14,Python Developer | Germany,linkedin,Senior Software Engineer Python (all genders),adesso SE,"Nuremberg, Bavaria, Germany",On-site,Full-time,Python,Senior,English,Senior,,Recent,https://de.linkedin.com/jobs/view/senior-software-engineer-python-all-genders-at-adesso-se-4472612556,2026-10-01T16:58:09.401154+00:00
14,Python Developer | Germany,linkedin,Senior Backend Engineer,Holvi,"Berlin, Germany",On-site,Full-time,,Senior,English,Senior,,Recent,https://de.linkedin.com/jobs/view/senior-backend-engineer-at-holvi-4473069637,2026-10-01T16:58:09.401305+00:00
14,Python Developer | Germany,linkedin,Senior Backend Developer (Python),Hornetsecurity,"Hannover, Lower Saxony, Germany",On-site,Full-time,Python,Senior,English,Senior,,Recent,https://de.linkedin.com/jobs/view/senior-backend-developer-python-at-hornetsecurity-4422901025,2026-10-01T16:58:09.401457+00:00
14,Python Developer | Germany,linkedin,Senior Software Engineer Python (m/w/x) Aviation & Aerospace Systems,SII Germany,"Hamburg, Hamburg, Germany",On-site,Full-time,Python,Senior,English,Senior,,Recent,https://de.linkedin.com/jobs/view/senior-software-engineer-python-m-w-x-aviation-aerospace-systems-at-sii-germany-4432416026,2026-10-01T16:58:09.401770+00:00
14,Python Developer | Austria,linkedin,Senior Python Developer,DL Remote,"Klagenfurt, Carinthia, Austria",Remote,Full-time,Python,Senior,English,Senior,,Recent,https://at.linkedin.com/jobs/view/senior-python-developer-at-dl-remote-4464154720,2026-10-01T16:58:11.826341+00:00
14,Python Developer | Austria,linkedin,Senior Backend Engineer (Python),DL Remote,"Graz, Styria, Austria",Remote,Full-time,Python,Senior,English,Senior,,Recent,https://at.linkedin.com/jobs/view/senior-backend-engineer-python-at-dl-remote-4466891647,2026-10-01T16:58:11.826514+00:00
14,Python Developer | Austria,linkedin,"Senior Backend Engineer – Python & Rust (m/w/d) ML / AI - Healthcare (Graz, Linz oder Wien)",DaphOS GmbH,"Graz, Styria, Austria",On-site,Full-time,"Python, Rust",Senior,English,Senior,,Recent,https://at.linkedin.com/jobs/view/senior-backend-engineer-%E2%80%93-python-rust-m-w-d-ml-ai-healthcare-graz-linz-oder-wien-at-daphos-gmbh-4469393729,2026-10-01T16:58:11.826823+00:00
14,Python Developer | Austria,linkedin,Senior Software Engineer: Engineering Applications (Python) (m/f/*),PIDSO-Propagation Ideas and Solutions,"Vienna, Vienna, Austria",On-site,Full-time,Python,Senior,English,Senior,,Recent,https://at.linkedin.com/jobs/view/senior-software-engineer-engineering-applications-python-m-f-at-pidso-propagation-ideas-and-solutions-4466261273,2026-10-01T16:58:11.827215+00:00
14,Python Developer | Austria,linkedin,"Senior Backend Engineer, AI Platform - 100% Remote - EMEA",Hostaway,"Vienna, Vienna, Austria",Remote,Full-time,,Senior,English,Senior,,Recent,https://at.linkedin.com/jobs/view/senior-backend-engineer-ai-platform-100%25-remote-emea-at-hostaway-4462876967,2026-10-01T16:58:11.827679+00:00
14,Python Developer | Austria,linkedin,Lead Developer (f/m/d) - Agentic AI Platform,UNIQA Insurance Group,"Vienna, Vienna, Austria",On-site,Full-time,,Lead,English,Lead,,Recent,https://at.linkedin.com/jobs/view/lead-developer-f-m-d-agentic-ai-platform-at-uniqa-insurance-group-4466310232,2026-10-01T16:58:11.827825+00:00
14,Python Developer | Switzerland,linkedin,Senior Software Engineer,Tradition,Lausanne Metropolitan Area,On-site,Full-time,,Senior,English,Senior,,Recent,https://ch.linkedin.com/jobs/view/senior-software-engineer-at-tradition-4459965824,2026-10-01T16:58:14.292516+00:00
14,Python Developer | Switzerland,linkedin,"Senior Software Engineer, AI Dev Experience",Thomson Reuters,"Zug, Zug, Switzerland",On-site,Full-time,,Senior,English,Senior,,Recent,https://ch.linkedin.com/jobs/view/senior-software-engineer-ai-dev-experience-at-thomson-reuters-4467539935,2026-10-01T16:58:14.292673+00:00
14,Python Developer | Slovakia,linkedin,Senior Python Engineer,Avenga,"Bratislava, Bratislava, Slovakia",On-site,Full-time,Python,Senior,English,Senior,,Recent,https://sk.linkedin.com/jobs/view/senior-python-engineer-at-avenga-4471680406,2026-10-01T16:58:19.043700+00:00
14,Python Developer | Slovakia,linkedin,Lead Software Engineer - Python,Caterpillar Inc.,"Košice, Kosice, Slovakia",On-site,Full-time,Python,Lead,English,Lead,,Recent,https://sk.linkedin.com/jobs/view/lead-software-engineer-python-at-caterpillar-inc-4414609673,2026-10-01T16:58:19.044228+00:00
14,Python Developer | Slovakia,linkedin,Principal Python Engineer for Agentic AI,Deutsche Telekom Services Europe - Slovakia,"Bratislava, Slovakia",On-site,Full-time,Python,Principal,English,Principal,,Recent,https://sk.linkedin.com/jobs/view/principal-python-engineer-for-agentic-ai-at-deutsche-telekom-services-europe-slovakia-4461891181,2026-10-01T16:58:19.045193+00:00
14,Python Developer | Czech Republic,linkedin,Senior Backend Software Engineer – Python - Remote Work,BairesDev,"Santo Domingo, Distrito Nacional, Dominican Republic",Remote,Full-time,Python,Senior,English,Senior,,Recent,https://do.linkedin.com/jobs/view/senior-backend-software-engineer-%E2%80%93-python-remote-work-at-bairesdev-4471515321,2026-10-01T16:58:21.570697+00:00
14,Python Developer | Czech Republic,linkedin,Principal Python Engineer - Trabajo Remoto,BairesDev,Dominican Republic,On-site,Full-time,Python,Principal,English,Principal,,Recent,https://do.linkedin.com/jobs/view/principal-python-engineer-trabajo-remoto-at-bairesdev-4471514236,2026-10-01T16:58:21.570890+00:00
14,Python Developer | Czech Republic,linkedin,Senior Python Software Engineer - AI REQ_58,3Pillar,Dominican Republic,On-site,Full-time,Python,Senior,English,Senior,,Recent,https://do.linkedin.com/jobs/view/senior-python-software-engineer-ai-req-58-at-3pillar-4468554364,2026-10-01T16:58:21.571243+00:00
14,Python Developer | Czech Republic,linkedin,Senior Full-stack Engineer (Python/React) - Advertising,Truelogic,Dominican Republic,On-site,Full-time,Python,"Senior, React",English,Senior,,Recent,https://do.linkedin.com/jobs/view/senior-full-stack-engineer-python-react-advertising-at-truelogic-4468296063,2026-10-01T16:58:21.571760+00:00
14,Python Developer | Czech Republic,linkedin,Delivery Consulant/Senior Consultant(Data) - EAD (AI&D) - GDC -GZ/CQ(106729),Deloitte,"アト・マジョール州, Hato Mayor, Dominican Republic",On-site,Full-time,,"Consultant, Senior",English,"Consultant, Senior",,Recent,https://do.linkedin.com/jobs/view/delivery-consulant-senior-consultant-data-ead-ai-d-gdc-gz-cq-106729-at-deloitte-4449494815,2026-10-01T16:58:21.572096+00:00
14,Python Developer | Poland,linkedin,Senior Python Developer,Luxoft Poland,"Cracow, Małopolskie, Poland",On-site,Full-time,Python,Senior,English,Senior,,Recent,https://pl.linkedin.com/jobs/view/senior-python-developer-at-luxoft-poland-4466072951,2026-10-01T16:58:24.049121+00:00
14,Python Developer | Poland,linkedin,Senior Python Developer,Luxoft,"Krakowski, Małopolskie, Poland",On-site,Full-time,Python,Senior,English,Senior,,Recent,https://pl.linkedin.com/jobs/view/senior-python-developer-at-luxoft-4466061243,2026-10-01T16:58:24.049284+00:00
14,Python Developer | Poland,linkedin,Senior Python Developer,Luxoft,Cracow Metropolitan Area,On-site,Full-time,Python,Senior,English,Senior,,Recent,https://pl.linkedin.com/jobs/view/senior-python-developer-at-luxoft-4466084608,2026-10-01T16:58:24.049443+00:00
14,Python Developer | Poland,linkedin,Senior Python Developer,Luxoft Poland,Cracow Metropolitan Area,On-site,Full-time,Python,Senior,English,Senior,,Recent,https://pl.linkedin.com/jobs/view/senior-python-developer-at-luxoft-poland-4466344247,2026-10-01T16:58:24.049594+00:00
14,Python Developer | Poland,linkedin,Senior Software Engineer (Python),Capgemini,"Wrocław, Dolnośląskie, Poland",On-site,Full-time,Python,Senior,English,Senior,,Recent,https://pl.linkedin.com/jobs/view/senior-software-engineer-python-at-capgemini-4463810981,2026-10-01T16:58:24.049741+00:00
14,Python Developer | Poland,linkedin,Senior Python Developer,EY,"Katowice, Śląskie, Poland",On-site,Full-time,Python,Senior,English,Senior,,Recent,https://pl.linkedin.com/jobs/view/senior-python-developer-at-ey-4462521555,2026-10-01T16:58:24.049895+00:00
14,Python Developer | USA,linkedin,Senior Software Engineer - Python,Venmo,"San Jose, CA",On-site,Full-time,Python,Senior,English,Senior,,Recent,https://www.linkedin.com/jobs/view/senior-software-engineer-python-at-venmo-4465604021,2026-10-01T16:58:26.592969+00:00
14,Python Developer | USA,linkedin,Senior Software Engineer - Python,Venmo,"Austin, TX",On-site,Full-time,Python,Senior,English,Senior,,Recent,https://www.linkedin.com/jobs/view/senior-software-engineer-python-at-venmo-4465379983,2026-10-01T16:58:26.593442+00:00
14,Python Developer | USA,linkedin,"Python Software Engineer, Senior",Booz Allen Hamilton,"Patterson, OH",On-site,Full-time,Python,Senior,English,Senior,,Recent,https://www.linkedin.com/jobs/view/python-software-engineer-senior-at-booz-allen-hamilton-4456791787,2026-10-01T16:58:26.593594+00:00
14,Python Developer | USA,linkedin,Senior Python Engineer (Backend),Alaffia Health,"New York, NY",On-site,Full-time,Python,Senior,English,Senior,,Recent,https://www.linkedin.com/jobs/view/senior-python-engineer-backend-at-alaffia-health-4470965304,2026-10-01T16:58:26.594061+00:00
14,Python Developer | United Kingdom,linkedin,Senior Python Backend Software Developer,Xelix,"London, England, United Kingdom",On-site,Full-time,Python,Senior,English,Senior,,Recent,https://uk.linkedin.com/jobs/view/senior-python-backend-software-developer-at-xelix-4468683827,2026-10-01T16:58:29.030232+00:00
14,Python Developer | United Kingdom,linkedin,Senior Python Developer (117F85A),Referment,"London, England, United Kingdom",On-site,Full-time,Python,Senior,English,Senior,,Recent,https://uk.linkedin.com/jobs/view/senior-python-developer-117f85a-at-referment-4473242500,2026-10-01T16:58:29.030588+00:00
14,Python Developer | United Kingdom,linkedin,Senior Python Developer,King,"London, England, United Kingdom",On-site,Full-time,Python,Senior,English,Senior,,Recent,https://uk.linkedin.com/jobs/view/senior-python-developer-at-king-4457345523,2026-10-01T16:58:29.030749+00:00
14,Python Developer | United Kingdom,linkedin,"Senior Software Engineer (Backend, Python)",Octopus Energy,"London, England, United Kingdom",On-site,Full-time,Python,Senior,English,Senior,,Recent,https://uk.linkedin.com/jobs/view/senior-software-engineer-backend-python-at-octopus-energy-4469188087,2026-10-01T16:58:29.031102+00:00
14,Python Developer | United Kingdom,linkedin,Senior Python Software Engineer,Citadel Securities,"London Area, United Kingdom",On-site,Full-time,Python,Senior,English,Senior,,Recent,https://uk.linkedin.com/jobs/view/senior-python-software-engineer-at-citadel-securities-4378544344,2026-10-01T16:58:29.031255+00:00
14,Python Developer | United Kingdom,linkedin,Senior Python Developer FastAPI Azure,Client Server,"London, England, United Kingdom",On-site,Full-time,Python,"Fastapi, Senior, Azure",English,Senior,,Recent,https://uk.linkedin.com/jobs/view/senior-python-developer-fastapi-azure-at-client-server-4469171257,2026-10-01T16:58:29.031556+00:00
14,Python Test | Switzerland,linkedin,Senior Test Engineer Automated Testing,Randstad Digital,"Zurich, Switzerland",On-site,Full-time,,Senior,English,Senior,,Recent,https://ch.linkedin.com/jobs/view/senior-test-engineer-automated-testing-at-randstad-digital-4466788637,2026-10-01T16:58:36.458524+00:00
14,Python Test | Switzerland,linkedin,Automated Testing Module Lead,Harmattan AI,"Lausanne, Vaud, Switzerland",On-site,Full-time,,Lead,English,Lead,,Recent,https://ch.linkedin.com/jobs/view/automated-testing-module-lead-at-harmattan-ai-4469178163,2026-10-01T16:58:36.459314+00:00
14,Python Test | Czech Republic,linkedin,QA Automation Engineer Lead - Remote - Latin America,FullStack,"Luperón, Puerto Plata, Dominican Republic",Remote,Full-time,,Lead,English,Lead,,Recent,https://do.linkedin.com/jobs/view/qa-automation-engineer-lead-remote-latin-america-at-fullstack-4468652886,2026-10-01T16:58:43.680293+00:00
14,Python Test | Poland,linkedin,Senior Automation Test Engineer (Python) IRC305035,GlobalLogic,"Cracow, Małopolskie, Poland",On-site,Full-time,Python,Senior,English,Senior,,Recent,https://pl.linkedin.com/jobs/view/senior-automation-test-engineer-python-irc305035-at-globallogic-4469466417,2026-10-01T16:58:46.122578+00:00
14,Python Test | Poland,linkedin,Senior Automation Python Test Engineer IRC304056,GlobalLogic,"Cracow, Małopolskie, Poland",On-site,Full-time,Python,Senior,English,Senior,,Recent,https://pl.linkedin.com/jobs/view/senior-automation-python-test-engineer-irc304056-at-globallogic-4467609440,2026-10-01T16:58:46.122742+00:00
14,Python Test | Poland,linkedin,Senior Automation QA Engineer with Python,Luxoft Poland,"Wrocław, Dolnośląskie, Poland",On-site,Full-time,Python,Senior,English,Senior,,Recent,https://pl.linkedin.com/jobs/view/senior-automation-qa-engineer-with-python-at-luxoft-poland-4459168591,2026-10-01T16:58:46.122900+00:00
14,Python Test | Poland,linkedin,Senior Automation QA Engineer with Python,Luxoft Poland,"Cracow, Małopolskie, Poland",On-site,Full-time,Python,Senior,English,Senior,,Recent,https://pl.linkedin.com/jobs/view/senior-automation-qa-engineer-with-python-at-luxoft-poland-4459181544,2026-10-01T16:58:46.123080+00:00
14,Python Test | Poland,linkedin,Senior Test Engineer (Python/Pytest),Hitachi Energy,Cracow Metropolitan Area,On-site,Full-time,"Pytest, Python",Senior,English,Senior,,Recent,https://pl.linkedin.com/jobs/view/senior-test-engineer-python-pytest-at-hitachi-energy-4447292443,2026-10-01T16:58:46.123239+00:00
14,Python Test | USA,linkedin,"Senior QA Automation Engineer - API Testing, Python & AI",Cognizant,Greater Houston,On-site,Full-time,Python,Senior,English,Senior,,Recent,https://www.linkedin.com/jobs/view/senior-qa-automation-engineer-api-testing-python-ai-at-cognizant-4466821169,2026-10-01T16:58:48.689502+00:00
14,Python Test | USA,linkedin,"Senior Software Engineer (SDET, Python)",Viasat,"Carlsbad, CA",On-site,Full-time,Python,Senior,English,Senior,,Recent,https://www.linkedin.com/jobs/view/senior-software-engineer-sdet-python-at-viasat-4457505725,2026-10-01T16:58:48.689683+00:00
14,Python Test | USA,linkedin,Lead Software Development Engineer in Test (Python),ICE,"Atlanta, GA",On-site,Full-time,Python,Lead,English,Lead,,Recent,https://www.linkedin.com/jobs/view/lead-software-development-engineer-in-test-python-at-ice-4389299975,2026-10-01T16:58:48.689841+00:00
14,Python Test | USA,linkedin,"Senior Software Test Engineer (Python), Intelligence Systems",Anduril Industries,"Reston, VA",On-site,Full-time,Python,Senior,English,Senior,,Recent,https://www.linkedin.com/jobs/view/senior-software-test-engineer-python-intelligence-systems-at-anduril-industries-4473287194,2026-10-01T16:58:48.690020+00:00
14,Python Test | USA,linkedin,"Enterprise - Senior Test Engineer - Linux, Python, GitLab",Erias Ventures,"Columbia, MD",On-site,Full-time,Python,"Gitlab, Senior, Linux",English,Senior,,Recent,https://www.linkedin.com/jobs/view/enterprise-senior-test-engineer-linux-python-gitlab-at-erias-ventures-4467256601,2026-10-01T16:58:48.690327+00:00
14,Python Test | USA,linkedin,"Senior Test Automation Engineer, onsite in Petaluma, California",Ciena,"Petaluma, CA",On-site,Full-time,Test Automation,Senior,English,Senior,,Recent,https://www.linkedin.com/jobs/view/senior-test-automation-engineer-onsite-in-petaluma-california-at-ciena-4437923485,2026-10-01T16:58:48.690479+00:00
14,Python Test | USA,linkedin,Senior Software Development Engineer in Test,Sony Interactive Entertainment,"San Mateo, CA",Hybrid,Internship,"Ci/Cd, Pytest, Python","Amazon Web Services, Regression Testing, Aws, Pandas, Kubernetes, Senior",English,Senior,,Recent,https://www.linkedin.com/jobs/view/senior-software-development-engineer-in-test-at-sony-interactive-entertainment-4471780563,2026-10-01T16:58:48.690629+00:00
14,Python Test | USA,linkedin,Senior QA Automation Engineer - Networking L2/L3,Cisco,"Milpitas, CA",On-site,Full-time,,Senior,English,Senior,,Recent,https://www.linkedin.com/jobs/view/senior-qa-automation-engineer-networking-l2-l3-at-cisco-4458322998,2026-10-01T16:58:48.690927+00:00
14,Python Test | United Kingdom,linkedin,Senior Quality Engineer (Python),2i,"London Area, United Kingdom",On-site,Full-time,Python,Senior,English,Senior,,Recent,https://uk.linkedin.com/jobs/view/senior-quality-engineer-python-at-2i-4463272257,2026-10-01T16:58:51.169529+00:00
14,Python Test | United Kingdom,linkedin,"Staff Software Engineer (SDET, Python)",Viasat,"London, England, United Kingdom",On-site,Full-time,Python,Staff,English,Staff,,Recent,https://uk.linkedin.com/jobs/view/staff-software-engineer-sdet-python-at-viasat-4458511345,2026-10-01T16:58:51.170015+00:00
14,Python Test | United Kingdom,linkedin,Senior Software Test Engineer,Humanoid,"London, England, United Kingdom",On-site,Full-time,,Senior,English,Senior,,Recent,https://uk.linkedin.com/jobs/view/senior-software-test-engineer-at-humanoid-4415009981,2026-10-01T16:58:51.170480+00:00
14,Python Test | United Kingdom,linkedin,Principal Systems Test & Automation Engineer,Albus Health,"Oxford, England, United Kingdom",On-site,Full-time,,Principal,English,Principal,,Recent,https://uk.linkedin.com/jobs/view/principal-systems-test-automation-engineer-at-albus-health-4470193394,2026-10-01T16:58:51.171144+00:00
14,Firmware Engineer | Germany,linkedin,(Senior) Firmwareentwickler (m/w/d) Siemens AG,FERCHAU,"Karlsruhe, Baden-Württemberg, Germany",On-site,Full-time,,Senior,English,Senior,,Recent,https://de.linkedin.com/jobs/view/senior-firmwareentwickler-m-w-d-siemens-ag-at-ferchau-4438578585,2026-10-01T16:58:53.569431+00:00
14,Firmware Engineer | Germany,linkedin,Senior Embedded (ARM) Engineer - Quantum Computing (m/w/d),eleQtron,"Hamburg, Hamburg, Germany",On-site,Full-time,Arm,Senior,English,Senior,,Recent,https://de.linkedin.com/jobs/view/senior-embedded-arm-engineer-quantum-computing-m-w-d-at-eleqtron-4468611075,2026-10-01T16:58:53.570423+00:00
14,Firmware Engineer | Germany,linkedin,Senior Embedded Software Engineer I,CesiumAstro,"Munich, Bavaria, Germany",On-site,Full-time,,Senior,English,Senior,,Recent,https://de.linkedin.com/jobs/view/senior-embedded-software-engineer-i-at-cesiumastro-4422390302,2026-10-01T16:58:53.570716+00:00
14,Firmware Engineer | Germany,linkedin,Senior Firmware Developer,Arm,"Munich, Bavaria, Germany",On-site,Full-time,"Arm, Firmware",Senior,English,Senior,,Recent,https://de.linkedin.com/jobs/view/senior-firmware-developer-at-arm-4471729216,2026-10-01T16:58:53.570863+00:00
14,Firmware Engineer | Austria,linkedin,Senior C Embedded Entwickler (w/m/x),BEKO Solutions GmbH,"Vienna, Vienna, Austria",On-site,Full-time,C,Senior,English,Senior,,Recent,https://at.linkedin.com/jobs/view/senior-c-embedded-entwickler-w-m-x-at-beko-solutions-gmbh-4464198636,2026-10-01T16:58:56.026619+00:00
14,Firmware Engineer | Austria,linkedin,Senior / Professional  Embedded Firmware Developer,SBG Associates,"Vienna, Austria",On-site,Full-time,Firmware,Senior,English,Senior,,Recent,https://at.linkedin.com/jobs/view/senior-professional-embedded-firmware-developer-at-sbg-associates-4465956915,2026-10-01T16:58:56.027279+00:00
14,Firmware Engineer | Austria,linkedin,Senior Embedded Software Developer (m/f/d),Neuron Automation,Greater Sankt Polten,On-site,Full-time,,Senior,English,Senior,,Recent,https://at.linkedin.com/jobs/view/senior-embedded-software-developer-m-f-d-at-neuron-automation-4473258993,2026-10-01T16:58:56.027666+00:00
14,Firmware Engineer | Switzerland,linkedin,Senior Embedded Software Engineer / Architect (Medical),Helbling Technik,"Wil, St Gallen, Switzerland",On-site,Full-time,,"Architect, Senior",English,"Architect, Senior",,Recent,https://ch.linkedin.com/jobs/view/senior-embedded-software-engineer-architect-medical-at-helbling-technik-4462501641,2026-10-01T16:58:58.523741+00:00
14,Firmware Engineer | Slovakia,linkedin,Senior Embedded Engineer,Ciklum,"Bratislava, Slovakia",On-site,Full-time,,Senior,English,Senior,,Recent,https://sk.linkedin.com/jobs/view/senior-embedded-engineer-at-ciklum-4472025511,2026-10-01T16:59:03.238361+00:00
14,Firmware Engineer | Slovakia,linkedin,Senior C/C++ Software Engineer,Frequentis,"Bratislava, Bratislava, Slovakia",On-site,Full-time,"C, C++",Senior,English,Senior,,Recent,https://sk.linkedin.com/jobs/view/senior-c-c%2B%2B-software-engineer-at-frequentis-4439990845,2026-10-01T16:59:03.238545+00:00
14,Firmware Engineer | Slovakia,linkedin,Senior C++ Software Engineer (Medical Devices / AI-Augmented Development) IRC304571,GlobalLogic,"Žilina, Zilina, Slovakia",On-site,Full-time,"C, C++",Senior,English,Senior,,Recent,https://sk.linkedin.com/jobs/view/senior-c%2B%2B-software-engineer-medical-devices-ai-augmented-development-irc304571-at-globallogic-4472352467,2026-10-01T16:59:03.238867+00:00
14,Firmware Engineer | Slovakia,linkedin,Software Team Lead,Mühlbauer Group,"Nitra Region, Slovakia",On-site,Full-time,,"Lead, Team Lead",English,Lead,,Recent,https://sk.linkedin.com/jobs/view/software-team-lead-at-m%C3%BChlbauer-group-4466655690,2026-10-01T16:59:03.239241+00:00
14,Firmware Engineer | Slovakia,linkedin,"Senior Professional, OT & IoT",Danfoss,"Považská Bystrica, Trenciansky, Slovakia",Hybrid,Internship,"Can, Go","Senior, Expert",English,"Expert, Senior",,Recent,https://sk.linkedin.com/jobs/view/senior-professional-ot-iot-at-danfoss-4439093951,2026-10-01T16:59:03.239548+00:00
14,Firmware Engineer | Poland,linkedin,Senior Firmware Engineer,Axos Group,"Gdańsk, Pomorskie, Poland",On-site,Full-time,Firmware,Senior,English,Senior,,Recent,https://pl.linkedin.com/jobs/view/senior-firmware-engineer-at-axos-group-4471438284,2026-10-01T16:59:08.014421+00:00
14,Firmware Engineer | Poland,linkedin,Senior Embedded Developer (f/m/x),Sii Poland,"Gdańsk, Pomorskie, Poland",On-site,Full-time,,Senior,English,Senior,,Recent,https://pl.linkedin.com/jobs/view/senior-embedded-developer-f-m-x-at-sii-poland-4471722920,2026-10-01T16:59:08.014585+00:00
14,Firmware Engineer | Poland,linkedin,Senior Firmware Engineer,Kidde Global Solutions,"Gdańsk, Pomorskie, Poland",On-site,Full-time,Firmware,Senior,English,Senior,,Recent,https://pl.linkedin.com/jobs/view/senior-firmware-engineer-at-kidde-global-solutions-4469771216,2026-10-01T16:59:08.014743+00:00
14,Firmware Engineer | Poland,linkedin,SENIOR EMBEDDED SOFTWARE ENGINEER WITH POWER ELECTRONICS BACKGROUND (CONTROL ALGORITHMS) (m/w/d),Diehl Controls,"Wrocław, Dolnośląskie, Poland",On-site,Full-time,,Senior,English,Senior,,Recent,https://pl.linkedin.com/jobs/view/senior-embedded-software-engineer-with-power-electronics-background-control-algorithms-m-w-d-at-diehl-controls-4469422570,2026-10-01T16:59:08.014900+00:00
14,Firmware Engineer | Poland,linkedin,Senior Embedded C Developer (IoT) IRC304551,GlobalLogic,"Cracow, Małopolskie, Poland",On-site,Full-time,C,Senior,English,Senior,,Recent,https://pl.linkedin.com/jobs/view/senior-embedded-c-developer-iot-irc304551-at-globallogic-4469691404,2026-10-01T16:59:08.015237+00:00
14,Firmware Engineer | USA,linkedin,Senior Embedded Firmware Engineer,SERES AUTO_USA,"Milpitas, CA",On-site,Full-time,Firmware,Senior,English,Senior,,Recent,https://www.linkedin.com/jobs/view/senior-embedded-firmware-engineer-at-seres-auto-usa-4466934449,2026-10-01T16:59:10.478259+00:00
14,Firmware Engineer | USA,linkedin,Senior Embedded Software Engineer,Philips,"Bothell, WA",On-site,Full-time,,Senior,English,Senior,,Recent,https://www.linkedin.com/jobs/view/senior-embedded-software-engineer-at-philips-4460005833,2026-10-01T16:59:10.478874+00:00
14,Firmware Engineer | USA,linkedin,Senior Firmware Engineer,Emerson,"Shakopee, MN",On-site,Full-time,Firmware,Senior,English,Senior,,Recent,https://www.linkedin.com/jobs/view/senior-firmware-engineer-at-emerson-4464909192,2026-10-01T16:59:10.479049+00:00
14,Firmware Engineer | USA,linkedin,"Senior Firmware Engineer, Embedded Systems",Anduril Industries,"Costa Mesa, CA",On-site,Full-time,"Embedded Systems, Firmware",Senior,English,Senior,,Recent,https://www.linkedin.com/jobs/view/senior-firmware-engineer-embedded-systems-at-anduril-industries-4405488561,2026-10-01T16:59:10.479202+00:00
14,Firmware Engineer | USA,linkedin,Senior Embedded Software Engineer,Columbus McKinnon,Greater Milwaukee,On-site,Full-time,,Senior,English,Senior,,Recent,https://www.linkedin.com/jobs/view/senior-embedded-software-engineer-at-columbus-mckinnon-4446640751,2026-10-01T16:59:10.479353+00:00
14,Firmware Engineer | United Kingdom,linkedin,Senior Embedded Software Engineer,ENODA Ltd,"Edinburgh, Scotland, United Kingdom",On-site,Full-time,,Senior,English,Senior,,Recent,https://uk.linkedin.com/jobs/view/senior-embedded-software-engineer-at-enoda-ltd-4470154844,2026-10-01T16:59:12.954852+00:00
14,Firmware Engineer | United Kingdom,linkedin,Senior Firmware Engineer,Arctic Research and Development,"Cirencester, England, United Kingdom",On-site,Full-time,Firmware,Senior,English,Senior,,Recent,https://uk.linkedin.com/jobs/view/senior-firmware-engineer-at-arctic-research-and-development-4455687943,2026-10-01T16:59:12.955056+00:00
14,Firmware Engineer | United Kingdom,linkedin,Senior Firmware Engineer,IC Resources,"Gloucestershire, England, United Kingdom",On-site,Full-time,Firmware,Senior,English,Senior,,Recent,https://uk.linkedin.com/jobs/view/senior-firmware-engineer-at-ic-resources-4473785447,2026-10-01T16:59:12.955371+00:00
14,Firmware Engineer | United Kingdom,linkedin,Senior Firmware Engineer,IC Resources,"Bath, England, United Kingdom",On-site,Full-time,Firmware,Senior,English,Senior,,Recent,https://uk.linkedin.com/jobs/view/senior-firmware-engineer-at-ic-resources-4465645633,2026-10-01T16:59:12.955522+00:00
14,Firmware Engineer | United Kingdom,linkedin,Staff Firmware Engineer,Lunar Energy,"London, England, United Kingdom",On-site,Full-time,Firmware,Staff,English,Staff,,Recent,https://uk.linkedin.com/jobs/view/staff-firmware-engineer-at-lunar-energy-4452894561,2026-10-01T16:59:12.955671+00:00
14,Firmware Engineer | United Kingdom,linkedin,Senior Firmware Engineer,FLUSSO LIMITED,"Cambridge, England, United Kingdom",On-site,Full-time,Firmware,Senior,English,Senior,,Recent,https://uk.linkedin.com/jobs/view/senior-firmware-engineer-at-flusso-limited-4464477742,2026-10-01T16:59:12.955818+00:00
14,Firmware Engineer | United Kingdom,linkedin,Senior Firmware Engineer,Brompton Bicycle,"Greenford, England, United Kingdom",On-site,Contract,"C, C++, Can, Ci/Cd, Firmware, I2C, Jenkins, Python, Rtos, Spi, Uart","Agile, Docker, Staff, Git, Senior, Iso 26262",English,"Senior, Staff",,Recent,https://uk.linkedin.com/jobs/view/senior-firmware-engineer-at-brompton-bicycle-4445028426,2026-10-01T16:59:12.956291+00:00
0,Tester | Germany,linkedin,Softwaretester Qualitätssicherung [m|w|d],Soloplan GmbH,"Dresden, Saxony, Germany",On-site,Full-time,,,English,,,Recent,https://de.linkedin.com/jobs/view/softwaretester-qualit%C3%A4tssicherung-m-w-d-at-soloplan-gmbh-4473262363,2026-10-01T16:56:19.906058+00:00
0,Tester | Germany,linkedin,Softwaretester Qualitätssicherung [m|w|d],Soloplan GmbH,"Kempten, Bavaria, Germany",On-site,Full-time,,,English,,,Recent,https://de.linkedin.com/jobs/view/softwaretester-qualit%C3%A4tssicherung-m-w-d-at-soloplan-gmbh-4465830987,2026-10-01T16:56:19.906263+00:00
0,Tester | Germany,linkedin,Software Tester,Guldberg GmbH,"Bremen, Germany",On-site,Full-time,Python,,German,,,Recent,https://de.linkedin.com/jobs/view/software-tester-at-guldberg-gmbh-4471716136,2026-10-01T16:56:19.906439+00:00
0,Tester | Germany,linkedin,(Junior) QA Engineer/Software-Tester (m/w/d) – Produktqualität & Testautomatisierung,CHECK24,"Dortmund, North Rhine-Westphalia, Germany",On-site,Full-time,"Llm, Test Automation","Junior, R, Dart",German,,,Recent,https://de.linkedin.com/jobs/view/junior-qa-engineer-software-tester-m-w-d-%E2%80%93-produktqualit%C3%A4t-testautomatisierung-at-check24-4433870576,2026-10-01T16:56:19.906596+00:00
0,Tester | Germany,linkedin,Softwaretester (m/w/d),FERCHAU,"Lübeck, Schleswig-Holstein, Germany",On-site,Full-time,,,English,,,Recent,https://de.linkedin.com/jobs/view/softwaretester-m-w-d-at-ferchau-4438589012,2026-10-01T16:56:19.906926+00:00
0,Tester | Germany,linkedin,Fachlicher Softwaretester (m/w/d) Bankanwendungen,CPU Softwarehouse AG,"Munich, Bavaria, Germany",On-site,Full-time,,,English,,,Recent,https://de.linkedin.com/jobs/view/fachlicher-softwaretester-m-w-d-bankanwendungen-at-cpu-softwarehouse-ag-4472509177,2026-10-01T16:56:19.907117+00:00
0,Tester | Germany,linkedin,Softwaretester (m/w/d),CONDOK GmbH,"Kiel, Schleswig-Holstein, Germany",On-site,Full-time,,,English,,,Recent,https://de.linkedin.com/jobs/view/softwaretester-m-w-d-at-condok-gmbh-4463429980,2026-10-01T16:56:19.907275+00:00
0,Tester | Germany,linkedin,Manual Software Tester in Healthcare (all genders),Avelios Medical,"Munich, Bavaria, Germany",On-site,Full-time,,,English,,,Recent,https://de.linkedin.com/jobs/view/manual-software-tester-in-healthcare-all-genders-at-avelios-medical-4361591745,2026-10-01T16:56:19.907424+00:00
0,Tester | Germany,linkedin,Softwaretester (m/w/d),FERCHAU,"Kassel, Hesse, Germany",On-site,Full-time,,,English,,,Recent,https://de.linkedin.com/jobs/view/softwaretester-m-w-d-at-ferchau-4438572800,2026-10-01T16:56:19.907575+00:00
0,Tester | Austria,linkedin,Software Tester (w/m/x),NOVOMATIC,"Gumpoldskirchen, Lower Austria, Austria",On-site,Full-time,,,English,,,Recent,https://at.linkedin.com/jobs/view/software-tester-w-m-x-at-novomatic-4464508668,2026-10-01T16:56:22.331234+00:00
0,Tester | Austria,linkedin,Software Tester / Game Development (w/m/x),NOVOMATIC,"Gumpoldskirchen, Lower Austria, Austria",On-site,Full-time,,,English,,,Recent,https://at.linkedin.com/jobs/view/software-tester-game-development-w-m-x-at-novomatic-4429301050,2026-10-01T16:56:22.331429+00:00
0,Tester | Austria,linkedin,Software Test Engineer (f/m/d),SCIENTIFIC GAMES,"Vienna, Austria",On-site,Full-time,,,English,,,Recent,https://at.linkedin.com/jobs/view/software-test-engineer-f-m-d-at-scientific-games-4452395395,2026-10-01T16:56:22.331589+00:00
0,Tester | Austria,linkedin,Tester (m/w/d),ACTIVE SOLUTION GmbH,"Vienna, Vienna, Austria",Remote,Full-time,"Playwright, Selenium, Test Automation","R, Agile, Cypress, Associate, Scrum, Kanban",German,,,Recent,https://at.linkedin.com/jobs/view/tester-m-w-d-at-active-solution-gmbh-4472910155,2026-10-01T16:56:22.331749+00:00
0,Tester | Austria,linkedin,QA Engineer,ComeOn Group,"Graz, Styria, Austria",On-site,Full-time,,,English,,,Recent,https://at.linkedin.com/jobs/view/qa-engineer-at-comeon-group-4471713894,2026-10-01T16:56:22.331905+00:00
0,Tester | Austria,linkedin,QA Engineer & Testautomation (m/w/d) - PAM Parking - SaaS,PKE,"Klagenfurt, Carinthia, Austria",On-site,Full-time,,,English,,,Recent,https://at.linkedin.com/jobs/view/qa-engineer-testautomation-m-w-d-pam-parking-saas-at-pke-4450351790,2026-10-01T16:56:22.332382+00:00
0,Tester | Austria,linkedin,Software Tester mit Fokus ERP (m/w/d),Fronius Österreich,Linz-Wels-Steyr Area,On-site,Full-time,,,German,,,Recent,https://at.linkedin.com/jobs/view/software-tester-mit-fokus-erp-m-w-d-at-fronius-%C3%B6sterreich-4436250729,2026-10-01T16:56:22.332528+00:00
0,Tester | Austria,linkedin,Junior QA Engineer,Delta Electronics EMEA,"Vienna, Vienna, Austria",On-site,Full-time,,Junior,English,,,Recent,https://at.linkedin.com/jobs/view/junior-qa-engineer-at-delta-electronics-emea-4464858415,2026-10-01T16:56:22.332679+00:00
0,Tester | Switzerland,linkedin,Software Tester – Datenmigration & Testautomatisierung,Swisslinx,"Bern, Berne, Switzerland",On-site,Full-time,Test Automation,,English,,,Recent,https://ch.linkedin.com/jobs/view/software-tester-%E2%80%93-datenmigration-testautomatisierung-at-swisslinx-4471924116,2026-10-01T16:56:24.800605+00:00
0,Tester | Switzerland,linkedin,QA Engineer Ebanking,Talan,"Genève, Geneva, Switzerland",On-site,Full-time,,,English,,,Recent,https://ch.linkedin.com/jobs/view/qa-engineer-ebanking-at-talan-4465344082,2026-10-01T16:56:24.800799+00:00
0,Tester | Switzerland,linkedin,Testeur Junior,Qim info,"Vaud, Switzerland",On-site,Full-time,,Junior,English,,,Recent,https://ch.linkedin.com/jobs/view/testeur-junior-at-qim-info-4465536829,2026-10-01T16:56:24.800985+00:00
0,Tester | Switzerland,linkedin,Quality Assurance Engineer,Exeon Analytics,"Zurich, Zurich, Switzerland",On-site,Full-time,,,English,,,Recent,https://ch.linkedin.com/jobs/view/quality-assurance-engineer-at-exeon-analytics-4469128662,2026-10-01T16:56:24.801151+00:00
0,Tester | Switzerland,linkedin,Feature Tester,IGS GmbH,"St Gallen, Switzerland",Remote,Full-time,,"Confluence, R, Jira",German,,,Recent,https://ch.linkedin.com/jobs/view/feature-tester-at-igs-gmbh-4469887666,2026-10-01T16:56:24.801454+00:00
0,Tester | Switzerland,linkedin,Test Engineer C5I,RUAG,"Dübendorf, Zurich, Switzerland",Remote,Full-time,"Ci/Cd, Test Automation","R, Gitlab, Director, Devops, Jira",German,,,Recent,https://ch.linkedin.com/jobs/view/test-engineer-c5i-at-ruag-4461876239,2026-10-01T16:56:24.801604+00:00
0,Tester | Switzerland,linkedin,QA Engineer (m/w/d) - 100%,Ifolor Group,"Kreuzlingen, Thurgau, Switzerland",Remote,Full-time,,,English,,,Recent,https://ch.linkedin.com/jobs/view/qa-engineer-m-w-d-100%25-at-ifolor-group-4461333243,2026-10-01T16:56:24.801752+00:00
0,Tester | Switzerland,linkedin,QA Engineer – Mobile Testing,Specialized Bicycle Components,"Cham, Zug, Switzerland",Remote,Full-time,,,English,,,Recent,https://ch.linkedin.com/jobs/view/qa-engineer-%E2%80%93-mobile-testing-at-specialized-bicycle-components-4419855030,2026-10-01T16:56:24.801898+00:00
0,Tester | Switzerland,linkedin,Testeur/QA mobile,Qim info,Lausanne Metropolitan Area,Remote,Full-time,,,English,,,Recent,https://ch.linkedin.com/jobs/view/testeur-qa-mobile-at-qim-info-4466274646,2026-10-01T16:56:24.802084+00:00
0,Tester | Slovakia,linkedin,Integration Tester,Avenga,"Bratislava, Bratislava, Slovakia",On-site,Full-time,,,English,,,Recent,https://sk.linkedin.com/jobs/view/integration-tester-at-avenga-4331424497,2026-10-01T16:56:29.529379+00:00
0,Tester | Slovakia,linkedin,Software Test Engineer,localhost.company,"Košice, Kosice, Slovakia",On-site,Full-time,,,English,,,Recent,https://sk.linkedin.com/jobs/view/software-test-engineer-at-localhost-company-4471218893,2026-10-01T16:56:29.529567+00:00
0,Tester | Slovakia,linkedin,Test Analyst – Technology Consulting (German Projects) (m/f),PwC Slovakia,"Bratislava, Bratislava, Slovakia",On-site,Contract,,,English,,,Recent,https://sk.linkedin.com/jobs/view/test-analyst-%E2%80%93-technology-consulting-german-projects-m-f-at-pwc-slovakia-4471386561,2026-10-01T16:56:29.529737+00:00
0,Tester | Slovakia,linkedin,General QA Engineer (gambling),ENJOY Gaming,"Bratislava, Bratislava, Slovakia",On-site,Full-time,,,English,,,Recent,https://sk.linkedin.com/jobs/view/general-qa-engineer-gambling-at-enjoy-gaming-4470286831,2026-10-01T16:56:29.529896+00:00
0,Tester | Slovakia,linkedin,Biznis Test Analytik ČSOB (m/ž),ČSOB Finančná skupina,"Bratislava, Slovakia",On-site,Full-time,,,English,,,Recent,https://sk.linkedin.com/jobs/view/biznis-test-analytik-%C4%8Dsob-m-%C5%BE-at-%C4%8Dsob-finan%C4%8Dn%C3%A1-skupina-4466861724,2026-10-01T16:56:29.530078+00:00
0,Tester | Slovakia,linkedin,QA Automation & Data Analyst (m/f/n),ESET,"Bratislava, Bratislava, Slovakia",On-site,Full-time,,,English,,,Recent,https://sk.linkedin.com/jobs/view/qa-automation-data-analyst-m-f-n-at-eset-4442808030,2026-10-01T16:56:29.530558+00:00
0,Tester | Slovakia,linkedin,Test Engineer,Vertiv,"Nové Mesto nad Váhom, Trenciansky, Slovakia",On-site,Full-time,,,English,,,Recent,https://sk.linkedin.com/jobs/view/test-engineer-at-vertiv-4430484432,2026-10-01T16:56:29.530878+00:00
0,Tester | Czech Republic,linkedin,Ingeniero QA,GBM,Dominican Republic,On-site,Full-time,,,English,,,Recent,https://do.linkedin.com/jobs/view/ingeniero-qa-at-gbm-4467103472,2026-10-01T16:56:31.968818+00:00
0,Tester | Czech Republic,linkedin,Test Automation Engineer (API & UI) - Remote work | REF#301548,BairesDev,"Santo Domingo, Distrito Nacional, Dominican Republic",Remote,Full-time,Test Automation,,English,,,Recent,https://do.linkedin.com/jobs/view/test-automation-engineer-api-ui-remote-work-ref%23301548-at-bairesdev-4474356176,2026-10-01T16:56:31.969069+00:00
0,Tester | Czech Republic,linkedin,Quality Assurance Engineer - Trabajo Remoto,BairesDev,"Santo Domingo, Distrito Nacional, Dominican Republic",On-site,Full-time,,,English,,,Recent,https://do.linkedin.com/jobs/view/quality-assurance-engineer-trabajo-remoto-at-bairesdev-4472327402,2026-10-01T16:56:31.969235+00:00
0,Tester | Czech Republic,linkedin,"Ingeniero QA, Funcional (República Dominicana)",GBM,"Santo Domingo, Distrito Nacional, Dominican Republic",On-site,Full-time,,,English,,,Recent,https://do.linkedin.com/jobs/view/ingeniero-qa-funcional-rep%C3%BAblica-dominicana-at-gbm-4466871396,2026-10-01T16:56:31.969391+00:00
0,Tester | Czech Republic,linkedin,Software Development Engineer in Test,Origami Risk,"Santo Domingo, Distrito Nacional, Dominican Republic",On-site,Full-time,,,English,,,Recent,https://do.linkedin.com/jobs/view/software-development-engineer-in-test-at-origami-risk-4462427581,2026-10-01T16:56:31.969548+00:00
0,Tester | Czech Republic,linkedin,Quality Automation Engineer,Flash,"Santo Domingo, Distrito Nacional, Dominican Republic",Remote,Full-time,"C, Can, Ci/Cd, Continuous Testing, Github Actions, Java, Jenkins, Playwright, Python, Selenium, Test Automation, Typescript","Git, Azure, Devops, Sql, Cypress, Appium, Agile, C#, Github",English,,,Recent,https://do.linkedin.com/jobs/view/quality-automation-engineer-at-flash-4449448358,2026-10-01T16:56:31.969699+00:00
0,Tester | Czech Republic,linkedin,AEM QA Automation Engineer - Work from home,Nortal,"Santo Domingo, Dominican Republic",On-site,Full-time,,,English,,,Recent,https://do.linkedin.com/jobs/view/aem-qa-automation-engineer-work-from-home-at-nortal-4468110533,2026-10-01T16:56:31.969849+00:00
0,Tester | Czech Republic,linkedin,Debug Test Engineering Technician II,Jabil,"Bajos de Haina, San Cristóbal, Dominican Republic",On-site,Full-time,,,English,,,Recent,https://do.linkedin.com/jobs/view/debug-test-engineering-technician-ii-at-jabil-4471529959,2026-10-01T16:56:31.970038+00:00
0,Tester | Poland,linkedin,Manual Tester – Web and Mobile Applications (f/m/x),Sii Poland,"Warsaw, Mazowieckie, Poland",Remote,Full-time,,,English,,,Recent,https://pl.linkedin.com/jobs/view/manual-tester-%E2%80%93-web-and-mobile-applications-f-m-x-at-sii-poland-4468977873,2026-10-01T16:56:34.399737+00:00
0,Tester | Poland,linkedin,Tester oprogramowania / Testerka oprogramowania,Wydawnictwo Currenda,"Sopot, Pomorskie, Poland",On-site,Full-time,,,English,,,Recent,https://pl.linkedin.com/jobs/view/tester-oprogramowania-testerka-oprogramowania-at-wydawnictwo-currenda-4464474158,2026-10-01T16:56:34.400298+00:00
0,Tester | Poland,linkedin,Junior / Mid Software Tester with German,DXC Technology,Wroclaw Metropolitan Area,On-site,Full-time,,Junior,English,,,Recent,https://pl.linkedin.com/jobs/view/junior-mid-software-tester-with-german-at-dxc-technology-4473225054,2026-10-01T16:56:34.400452+00:00
0,Tester | Poland,linkedin,Junior / Mid Software Tester(in) – Deutschsprachiges Team (Polen),DXC Technology,Wroclaw Metropolitan Area,On-site,Full-time,,Junior,English,,,Recent,https://pl.linkedin.com/jobs/view/junior-mid-software-tester-in-%E2%80%93-deutschsprachiges-team-polen-at-dxc-technology-4470011023,2026-10-01T16:56:34.400609+00:00
0,Tester | Poland,linkedin,Tester Automatyzujący / Testerka Automatyzująca,NATEK,"Warsaw, Mazowieckie, Poland",On-site,Full-time,,,English,,,Recent,https://pl.linkedin.com/jobs/view/tester-automatyzuj%C4%85cy-testerka-automatyzuj%C4%85ca-at-natek-4450710719,2026-10-01T16:56:34.400779+00:00
0,Tester | Poland,linkedin,Tester/ka Automatyzujący/a,KRUK S.A.,"Wrocław, Dolnośląskie, Poland",On-site,Full-time,,,English,,,Recent,https://pl.linkedin.com/jobs/view/tester-ka-automatyzuj%C4%85cy-a-at-kruk-s-a-4463952477,2026-10-01T16:56:34.400941+00:00
0,Tester | Poland,linkedin,Manual Tester – Banking Domain - Tieto Tech Consulting (m/f/d),Tieto,"Gdynia, Pomorskie, Poland",On-site,Full-time,,,English,,,Recent,https://pl.linkedin.com/jobs/view/manual-tester-%E2%80%93-banking-domain-tieto-tech-consulting-m-f-d-at-tieto-4430465638,2026-10-01T16:56:34.401120+00:00
0,Tester | Poland,linkedin,Automation Tester (Junior/Regular),Avenga Poland,Wroclaw Metropolitan Area,On-site,Full-time,,Junior,English,,,Recent,https://pl.linkedin.com/jobs/view/automation-tester-junior-regular-at-avenga-poland-4463985595,2026-10-01T16:56:34.401273+00:00
0,Tester | USA,linkedin,Software Tester (Entry Level),Calyx Containers,"West Valley City, UT",On-site,Full-time,,,English,,,Recent,https://www.linkedin.com/jobs/view/software-tester-entry-level-at-calyx-containers-4472619675,2026-10-01T16:56:36.860875+00:00
0,Tester | USA,linkedin,Software Tester,Booz Allen Hamilton,"King George, VA",On-site,Full-time,,,English,,,Recent,https://www.linkedin.com/jobs/view/software-tester-at-booz-allen-hamilton-4460576062,2026-10-01T16:56:36.861088+00:00
0,Tester | USA,linkedin,QA Software Tester I,iFIT,"Logan, UT",On-site,Full-time,,,English,,,Recent,https://www.linkedin.com/jobs/view/qa-software-tester-i-at-ifit-4461307307,2026-10-01T16:56:36.861260+00:00
0,Tester | USA,linkedin,Software Quality Assurance Tester I,iFIT,"Logan, UT",On-site,Full-time,,,English,,,Recent,https://www.linkedin.com/jobs/view/software-quality-assurance-tester-i-at-ifit-4472355331,2026-10-01T16:56:36.861413+00:00
0,Tester | USA,linkedin,Software Tester / QA Engineer Jr - Secret clearance,Dunhill Professional Search & Government Solutions,"Arlington, VA",On-site,Full-time,,,English,,,Recent,https://www.linkedin.com/jobs/view/software-tester-qa-engineer-jr-secret-clearance-at-dunhill-professional-search-government-solutions-4471522073,2026-10-01T16:56:36.861569+00:00
0,Tester | USA,linkedin,Software Test Engineer,Booz Allen Hamilton,"McLean, VA",On-site,Full-time,,,English,,,Recent,https://www.linkedin.com/jobs/view/software-test-engineer-at-booz-allen-hamilton-4474332249,2026-10-01T16:56:36.861733+00:00
0,Tester | USA,linkedin,Software Test Engineer I,Legrand,"Minnetonka, MN",On-site,Full-time,,,English,,,Recent,https://www.linkedin.com/jobs/view/software-test-engineer-i-at-legrand-4460519315,2026-10-01T16:56:36.861886+00:00
0,Tester | USA,linkedin,Test Engineer II,Battelle,"Chantilly, VA",On-site,Full-time,,,English,,,Recent,https://www.linkedin.com/jobs/view/test-engineer-ii-at-battelle-4411681733,2026-10-01T16:56:36.862056+00:00
0,Tester | USA,linkedin,Manual QA Test Engineer *,CGI,"Lafayette, LA",On-site,Full-time,,,English,,,Recent,https://www.linkedin.com/jobs/view/manual-qa-test-engineer-at-cgi-4473073210,2026-10-01T16:56:36.862235+00:00
0,Tester | USA,linkedin,QA Test Analyst,Nasdaq,"New York, United States",On-site,Full-time,,,English,,,Recent,https://www.linkedin.com/jobs/view/qa-test-analyst-at-nasdaq-4474140704,2026-10-01T16:56:36.862387+00:00
0,Tester | United Kingdom,linkedin,Tester Graduate,GMA Consulting,"Crewe-By-Farndon, England, United Kingdom",On-site,Full-time,,Graduate,English,,,Recent,https://uk.linkedin.com/jobs/view/tester-graduate-at-gma-consulting-4472182000,2026-10-01T16:56:39.295192+00:00
0,Tester | United Kingdom,linkedin,"Software Tester, Martech",bet365,"Stoke-On-Trent, England, United Kingdom",On-site,Full-time,,,English,,,Recent,https://uk.linkedin.com/jobs/view/software-tester-martech-at-bet365-4473779681,2026-10-01T16:56:39.295380+00:00
0,Tester | United Kingdom,linkedin,Quality Assurance Engineer,Burns Sheehan,"London Area, United Kingdom",On-site,Full-time,,,English,,,Recent,https://uk.linkedin.com/jobs/view/quality-assurance-engineer-at-burns-sheehan-4472726797,2026-10-01T16:56:39.295545+00:00
0,Tester | United Kingdom,linkedin,"Software Tester, Martech",bet365,"Manchester, England, United Kingdom",On-site,Full-time,,,English,,,Recent,https://uk.linkedin.com/jobs/view/software-tester-martech-at-bet365-4473769943,2026-10-01T16:56:39.295711+00:00
0,Tester | United Kingdom,linkedin,QA Test Engineer,Leo Recruitment Limited,"Glasgow, Scotland, United Kingdom",On-site,Full-time,,,English,,,Recent,https://uk.linkedin.com/jobs/view/qa-test-engineer-at-leo-recruitment-limited-4474318900,2026-10-01T16:56:39.295870+00:00
0,Tester | United Kingdom,linkedin,Software Tester - Visualfiles,Carpenters Group,"Liverpool, England, United Kingdom",On-site,Full-time,,,English,,,Recent,https://uk.linkedin.com/jobs/view/software-tester-visualfiles-at-carpenters-group-4470194827,2026-10-01T16:56:39.296047+00:00
0,Tester | United Kingdom,linkedin,Software Test Analyst,develop,"Fareham, England, United Kingdom",On-site,Full-time,,,English,,,Recent,https://uk.linkedin.com/jobs/view/software-test-analyst-at-develop-4466280630,2026-10-01T16:56:39.296200+00:00
0,Tester | United Kingdom,linkedin,QA Tester,Light & Wonder,"Chadderton, England, United Kingdom",On-site,Full-time,,,English,,,Recent,https://uk.linkedin.com/jobs/view/qa-tester-at-light-wonder-4470961279,2026-10-01T16:56:39.296364+00:00
0,Tester | United Kingdom,linkedin,QA Tester,Spectrum IT Recruitment,"Fareham, England, United Kingdom",On-site,Full-time,,,English,,,Recent,https://uk.linkedin.com/jobs/view/qa-tester-at-spectrum-it-recruitment-4465713391,2026-10-01T16:56:39.296514+00:00
0,QA Engineer | Germany,linkedin,QA Engineer/Softwaretester Automotive-Software (m/w/d),BWSolution GmbH,"Hamburg, Hamburg, Germany",On-site,Full-time,,,English,,,Recent,https://de.linkedin.com/jobs/view/qa-engineer-softwaretester-automotive-software-m-w-d-at-bwsolution-gmbh-4466690243,2026-10-01T16:56:41.799512+00:00
0,QA Engineer | Germany,linkedin,QA Engineer (m/w/d),compeople AG,"Frankfurt, Hesse, Germany",On-site,Full-time,,,English,,,Recent,https://de.linkedin.com/jobs/view/qa-engineer-m-w-d-at-compeople-ag-4471467536,2026-10-01T16:56:41.799672+00:00
0,QA Engineer | Germany,linkedin,Qualitätsingenieur (m/w/d) – Softwaretest & Automatisierung,medatixx,"Eltville, Hesse, Germany",On-site,Full-time,,,English,,,Recent,https://de.linkedin.com/jobs/view/qualit%C3%A4tsingenieur-m-w-d-%E2%80%93-softwaretest-automatisierung-at-medatixx-4471742329,2026-10-01T16:56:41.799830+00:00
0,QA Engineer | Germany,linkedin,Quality Assurance Engineer (m/w/d),Nexburg,"Aachen, North Rhine-Westphalia, Germany",On-site,Full-time,,,English,,,Recent,https://de.linkedin.com/jobs/view/quality-assurance-engineer-m-w-d-at-nexburg-4463475021,2026-10-01T16:56:41.800057+00:00
0,QA Engineer | Germany,linkedin,Test Automation Engineer (m/w/d),IP Dynamics GmbH,"Hamburg, Germany",On-site,Full-time,Test Automation,,English,,,Recent,https://de.linkedin.com/jobs/view/test-automation-engineer-m-w-d-at-ip-dynamics-gmbh-4440015435,2026-10-01T16:56:41.800218+00:00
0,QA Engineer | Germany,linkedin,Quality Engineer - Schwerpunkt Testautomatisierung (all genders),STARFACE GmbH,"Karlsruhe, Baden-Württemberg, Germany",On-site,Full-time,Test Automation,,English,,,Recent,https://de.linkedin.com/jobs/view/quality-engineer-schwerpunkt-testautomatisierung-all-genders-at-starface-gmbh-4402883225,2026-10-01T16:56:41.800366+00:00
0,QA Engineer | Germany,linkedin,Software Test Automation Engineer (m/w/d) - Berlin,Nexus AG,"Berlin, Berlin, Germany",On-site,Full-time,Test Automation,,English,,,Recent,https://de.linkedin.com/jobs/view/software-test-automation-engineer-m-w-d-berlin-at-nexus-ag-4462857910,2026-10-01T16:56:41.800682+00:00
0,QA Engineer | Austria,linkedin,QA / Test Automation Engineer*,KTM AG,"Linz, Upper Austria, Austria",On-site,Full-time,Test Automation,,English,,,Recent,https://at.linkedin.com/jobs/view/qa-test-automation-engineer-at-ktm-ag-4469130902,2026-10-01T16:56:44.244236+00:00
0,QA Engineer | Austria,linkedin,"Software Test (Automation) Engineer - Web Application, 80-100% (f/m/x)",OMICRON electronics,"Klaus, Vorarlberg, Austria",Remote,Full-time,,,English,,,Recent,https://at.linkedin.com/jobs/view/software-test-automation-engineer-web-application-80-100%25-f-m-x-at-omicron-electronics-4460494393,2026-10-01T16:56:44.244702+00:00
0,QA Engineer | Austria,linkedin,QA Engineer (all genders) - Bug Hunter,Viewpointsystem,"Vienna, Vienna, Austria",On-site,Full-time,,,English,,,Recent,https://at.linkedin.com/jobs/view/qa-engineer-all-genders-bug-hunter-at-viewpointsystem-4471737288,2026-10-01T16:56:44.244851+00:00
0,QA Engineer | Austria,linkedin,QA Engineer (m/w/d),XXXLdigital – Part of XXXL Group,"Vienna, Vienna, Austria",On-site,Full-time,,,English,,,Recent,https://at.linkedin.com/jobs/view/qa-engineer-m-w-d-at-xxxldigital-%E2%80%93-part-of-xxxl-group-4445043031,2026-10-01T16:56:44.245027+00:00
0,QA Engineer | Austria,linkedin,QA Engineer (m/w/d),XXXLdigital – Part of XXXL Group,"Linz, Upper Austria, Austria",On-site,Full-time,,,English,,,Recent,https://at.linkedin.com/jobs/view/qa-engineer-m-w-d-at-xxxldigital-%E2%80%93-part-of-xxxl-group-4445040033,2026-10-01T16:56:44.245192+00:00
0,QA Engineer | Switzerland,linkedin,Software Quality Engineer (m/w/d),Rocken®,"Zurich, Zurich, Switzerland",On-site,Full-time,,,English,,,Recent,https://ch.linkedin.com/jobs/view/software-quality-engineer-m-w-d-at-rocken%C2%AE-4472319954,2026-10-01T16:56:46.677871+00:00
0,QA Engineer | Switzerland,linkedin,QA Engineer,Ontinue,"Zurich, Zurich, Switzerland",On-site,Full-time,,,English,,,Recent,https://ch.linkedin.com/jobs/view/qa-engineer-at-ontinue-4467737013,2026-10-01T16:56:46.678236+00:00
0,QA Engineer | Switzerland,linkedin,SOFTWARE QA ENGINEER,DonTouch SA,"Chiasso, Ticino, Switzerland",On-site,Full-time,,,English,,,Recent,https://ch.linkedin.com/jobs/view/software-qa-engineer-at-dontouch-sa-4462159685,2026-10-01T16:56:46.678383+00:00
0,QA Engineer | Switzerland,linkedin,Ingénieur Qualité Logicielle – Tests & Validation H/F,Consort Group,"Lancy, Geneva, Switzerland",On-site,Full-time,,,English,,,Recent,https://ch.linkedin.com/jobs/view/ing%C3%A9nieur-qualit%C3%A9-logicielle-%E2%80%93-tests-validation-h-f-at-consort-group-4465103256,2026-10-01T16:56:46.678828+00:00
0,QA Engineer | Slovakia,linkedin,Test Automation Engineer,HCLTech,"Bratislava, Slovakia",On-site,Full-time,Test Automation,,English,,,Recent,https://sk.linkedin.com/jobs/view/test-automation-engineer-at-hcltech-4468996416,2026-10-01T16:56:51.474225+00:00
0,QA Engineer | Slovakia,linkedin,Experienced Test Automation Engineer,Accenture na Slovensku,"Bratislava, Bratislava, Slovakia",On-site,Full-time,Test Automation,,English,,,Recent,https://sk.linkedin.com/jobs/view/experienced-test-automation-engineer-at-accenture-na-slovensku-4439873951,2026-10-01T16:56:51.474377+00:00
0,QA Engineer | Slovakia,linkedin,Test Automation Engineer,UNIQA Group Services,"Nitra Region, Slovakia",On-site,Full-time,Test Automation,,English,,,Recent,https://sk.linkedin.com/jobs/view/test-automation-engineer-at-uniqa-group-services-4473731040,2026-10-01T16:56:51.474532+00:00
0,QA Engineer | Slovakia,linkedin,Tosca Automation Engineer,Accenture na Slovensku,"Bratislava, Bratislava, Slovakia",On-site,Full-time,,,English,,,Recent,https://sk.linkedin.com/jobs/view/tosca-automation-engineer-at-accenture-na-slovensku-4445794318,2026-10-01T16:56:51.474836+00:00
0,QA Engineer | Slovakia,linkedin,Test Automation Engineer,Avenga,"Bratislava, Bratislava, Slovakia",On-site,Full-time,Test Automation,,English,,,Recent,https://sk.linkedin.com/jobs/view/test-automation-engineer-at-avenga-4331424496,2026-10-01T16:56:51.475235+00:00
0,QA Engineer | Czech Republic,linkedin,Quality Engineer II-2,Integer Holdings Corporation,"Santo Domingo, Distrito Nacional, Dominican Republic",On-site,Full-time,,,English,,,Recent,https://do.linkedin.com/jobs/view/quality-engineer-ii-2-at-integer-holdings-corporation-4414630897,2026-10-01T16:56:53.944251+00:00
0,QA Engineer | Czech Republic,linkedin,Quality Engineer II-1,Integer Holdings Corporation,"Santo Domingo, Distrito Nacional, Dominican Republic",On-site,Full-time,,,English,,,Recent,https://do.linkedin.com/jobs/view/quality-engineer-ii-1-at-integer-holdings-corporation-4414643162,2026-10-01T16:56:53.944404+00:00
0,QA Engineer | Poland,linkedin,QA Engineer (Loyalty Sector),Comarch,"Cracow, Małopolskie, Poland",On-site,Full-time,,,English,,,Recent,https://pl.linkedin.com/jobs/view/qa-engineer-loyalty-sector-at-comarch-4458184941,2026-10-01T16:56:56.415391+00:00
0,QA Engineer | Poland,linkedin,Full-stack QA Engineer (Loyalty),Comarch,"Lublin, Lubelskie, Poland",On-site,Full-time,,,English,,,Recent,https://pl.linkedin.com/jobs/view/full-stack-qa-engineer-loyalty-at-comarch-4459011619,2026-10-01T16:56:56.415559+00:00
0,QA Engineer | Poland,linkedin,Software Quality Assurance Engineer,Adecco,"Warsaw, Mazowieckie, Poland",On-site,Full-time,,,English,,,Recent,https://pl.linkedin.com/jobs/view/software-quality-assurance-engineer-at-adecco-4463490033,2026-10-01T16:56:56.415718+00:00
0,QA Engineer | Poland,linkedin,Quality Assurance Engineer (QA),Tickmill,"Warsaw, Mazowieckie, Poland",On-site,Full-time,,,English,,,Recent,https://pl.linkedin.com/jobs/view/quality-assurance-engineer-qa-at-tickmill-4385011025,2026-10-01T16:56:56.415874+00:00
0,QA Engineer | Poland,linkedin,Quality Assurance Engineer,Brightstar Lottery,"Warsaw, Mazowieckie, Poland",On-site,Full-time,,,English,,,Recent,https://pl.linkedin.com/jobs/view/quality-assurance-engineer-at-brightstar-lottery-4470316267,2026-10-01T16:56:56.416053+00:00
0,QA Engineer | Poland,linkedin,QA Engineer II,Box,"Warsaw, Mazowieckie, Poland",On-site,Full-time,,,English,,,Recent,https://pl.linkedin.com/jobs/view/qa-engineer-ii-at-box-4461776692,2026-10-01T16:56:56.416682+00:00
0,QA Engineer | USA,linkedin,Quality Assurance Automation Engineer,U-Haul,"Phoenix, AZ",On-site,Full-time,,,English,,,Recent,https://www.linkedin.com/jobs/view/quality-assurance-automation-engineer-at-u-haul-4460100625,2026-10-01T16:56:58.915972+00:00
0,QA Engineer | USA,linkedin,Software Quality Engineer I - II (Facets Application Services),Cambia Health Solutions,"Salt Lake City, UT",On-site,Full-time,,,English,,,Recent,https://www.linkedin.com/jobs/view/software-quality-engineer-i-ii-facets-application-services-at-cambia-health-solutions-4461391690,2026-10-01T16:56:58.916155+00:00
0,QA Engineer | USA,linkedin,Software Quality Engineer I - II (Facets Application Services),Cambia Health Solutions,"Portland, OR",On-site,Full-time,,,English,,,Recent,https://www.linkedin.com/jobs/view/software-quality-engineer-i-ii-facets-application-services-at-cambia-health-solutions-4461373979,2026-10-01T16:56:58.916311+00:00
0,QA Engineer | USA,linkedin,Sr. Quality Engineer,CentralReach,"Holmdel, NJ",On-site,Full-time,,,English,,,Recent,https://www.linkedin.com/jobs/view/sr-quality-engineer-at-centralreach-4468262207,2026-10-01T16:56:58.916462+00:00
0,QA Engineer | USA,linkedin,Quality Assurance Engineer II,CarGurus,"Boston, MA",On-site,Full-time,,,English,,,Recent,https://www.linkedin.com/jobs/view/quality-assurance-engineer-ii-at-cargurus-4416868283,2026-10-01T16:56:58.916931+00:00
0,QA Engineer | USA,linkedin,Associate QA Engineer,impact.com,"Santa Barbara, CA",On-site,Full-time,,Associate,English,,,Recent,https://www.linkedin.com/jobs/view/associate-qa-engineer-at-impact-com-4450522809,2026-10-01T16:56:58.917110+00:00
0,QA Engineer | USA,linkedin,Software Engineer in Test II,iHeartMedia,"San Antonio, TX",On-site,Full-time,,,English,,,Recent,https://www.linkedin.com/jobs/view/software-engineer-in-test-ii-at-iheartmedia-4361175894,2026-10-01T16:56:58.917269+00:00
0,QA Engineer | USA,linkedin,Software Quality Engineer,HP,"Fort Collins, CO",On-site,Full-time,,,English,,,Recent,https://www.linkedin.com/jobs/view/software-quality-engineer-at-hp-4472099536,2026-10-01T16:56:58.917421+00:00
0,QA Engineer | United Kingdom,linkedin,QA Engineer,Reassured,"Basingstoke, England, United Kingdom",On-site,Full-time,,,English,,,Recent,https://uk.linkedin.com/jobs/view/qa-engineer-at-reassured-4461885510,2026-10-01T16:57:01.351572+00:00
0,QA Engineer | United Kingdom,linkedin,Associate SQA/SQA Engineer Opportunities,Almac Group,"Craigavon, Northern Ireland, United Kingdom",On-site,Full-time,,Associate,English,,,Recent,https://uk.linkedin.com/jobs/view/associate-sqa-sqa-engineer-opportunities-at-almac-group-4467607170,2026-10-01T16:57:01.351913+00:00
0,QA Engineer | United Kingdom,linkedin,QA Engineer,TP ICAP,"Belfast, Northern Ireland, United Kingdom",On-site,Full-time,,,English,,,Recent,https://uk.linkedin.com/jobs/view/qa-engineer-at-tp-icap-4428284386,2026-10-01T16:57:01.352251+00:00
0,QA Engineer | United Kingdom,linkedin,Systems QA Engineer,Leonardo,"London, England, United Kingdom",On-site,Full-time,,,English,,,Recent,https://uk.linkedin.com/jobs/view/systems-qa-engineer-at-leonardo-4461305227,2026-10-01T16:57:01.352405+00:00
0,QA Engineer | United Kingdom,linkedin,QA Automation Engineer - Java/SQL (AVP),Citi,"Belfast, Northern Ireland, United Kingdom",On-site,Full-time,Java,Sql,English,,,Recent,https://uk.linkedin.com/jobs/view/qa-automation-engineer-java-sql-avp-at-citi-4472572761,2026-10-01T16:57:01.352716+00:00
0,QA Engineer | United Kingdom,linkedin,QA Engineer - PA26Q3QAJH101,SS&C Technologies,"London, England, United Kingdom",On-site,Full-time,C,,English,,,Recent,https://uk.linkedin.com/jobs/view/qa-engineer-pa26q3qajh101-at-ss-c-technologies-4449643791,2026-10-01T16:57:01.352867+00:00
0,QA Engineer | United Kingdom,linkedin,Quality Assurance Engineer,Moorepay,"Manchester, England, United Kingdom",On-site,Full-time,,,English,,,Recent,https://uk.linkedin.com/jobs/view/quality-assurance-engineer-at-moorepay-4451173944,2026-10-01T16:57:01.353043+00:00
0,Test Engineer | Germany,linkedin,Software Test Ingenieur:in (m/w/d),OHB SE,"Bremen, Bremen, Germany",On-site,Full-time,,,English,,,Recent,https://de.linkedin.com/jobs/view/software-test-ingenieur-in-m-w-d-at-ohb-se-4465667301,2026-10-01T16:57:03.800662+00:00
0,Test Engineer | Germany,linkedin,Software Test Engineer (m/w/d) - Defence,Bertrandt Group,"Bremen, Bremen, Germany",On-site,Full-time,,,English,,,Recent,https://de.linkedin.com/jobs/view/software-test-engineer-m-w-d-defence-at-bertrandt-group-4462961391,2026-10-01T16:57:03.800845+00:00
0,Test Engineer | Germany,linkedin,Test Engineer - Mechanical Space Systems (m/w/d),Exolaunch,"Berlin, Berlin, Germany",On-site,Full-time,,,English,,,Recent,https://de.linkedin.com/jobs/view/test-engineer-mechanical-space-systems-m-w-d-at-exolaunch-4461880612,2026-10-01T16:57:03.801185+00:00
0,Test Engineer | Germany,linkedin,Test Engineer (m/w/x) für Applikationssoftware,K-tronik GmbH,"Memmingen, Bavaria, Germany",On-site,Full-time,,R,English,,,Recent,https://de.linkedin.com/jobs/view/test-engineer-m-w-x-f%C3%BCr-applikationssoftware-at-k-tronik-gmbh-4469729409,2026-10-01T16:57:03.801334+00:00
0,Test Engineer | Germany,linkedin,Testingenieur*in Elektromechanik / Hardware Test Engineer,TWK,"Düsseldorf, North Rhine-Westphalia, Germany",On-site,Full-time,,,English,,,Recent,https://de.linkedin.com/jobs/view/testingenieur-in-elektromechanik-hardware-test-engineer-at-twk-4471247852,2026-10-01T16:57:03.801790+00:00
0,Test Engineer | Austria,linkedin,Power Electronics Test & Lab Engineer | Graz,DEIF,"Graz, Styria, Austria",On-site,Full-time,,,English,,,Recent,https://at.linkedin.com/jobs/view/power-electronics-test-lab-engineer-graz-at-deif-4453360585,2026-10-01T16:57:06.229466+00:00
0,Test Engineer | Austria,linkedin,Software Test & Integration Engineer Telekommunikation (m/w/d),Kontron Transportation,"Vienna, Austria",On-site,Full-time,,,English,,,Recent,https://at.linkedin.com/jobs/view/software-test-integration-engineer-telekommunikation-m-w-d-at-kontron-transportation-4467719583,2026-10-01T16:57:06.230090+00:00
0,Test Engineer | Switzerland,linkedin,Test Automation Engineer / Testingenieur (M/W),Expleo Group,"Bern, Berne, Switzerland",On-site,Full-time,Test Automation,,English,,,Recent,https://ch.linkedin.com/jobs/view/test-automation-engineer-testingenieur-m-w-at-expleo-group-4425699516,2026-10-01T16:57:08.705381+00:00
0,Test Engineer | Switzerland,linkedin,Test Engineer (m/f/x),Liebherr Group,"Bulle, Fribourg, Switzerland",On-site,Full-time,,,English,,,Recent,https://ch.linkedin.com/jobs/view/test-engineer-m-f-x-at-liebherr-group-4465734760,2026-10-01T16:57:08.706066+00:00
0,Test Engineer | Switzerland,linkedin,Ingénieur Test et Validation Set-Top-Box (H/F),Davidson consulting,"Geneva, Geneva, Switzerland",On-site,Full-time,,,English,,,Recent,https://ch.linkedin.com/jobs/view/ing%C3%A9nieur-test-et-validation-set-top-box-h-f-at-davidson-consulting-4472489965,2026-10-01T16:57:08.706690+00:00
0,Test Engineer | Slovakia,linkedin,Test Automation Engineer,Frequentis,"Bratislava, Bratislava, Slovakia",On-site,Full-time,Test Automation,,English,,,Recent,https://sk.linkedin.com/jobs/view/test-automation-engineer-at-frequentis-4451413103,2026-10-01T16:57:13.494530+00:00
0,Test Engineer | Slovakia,linkedin,Field Test Engineer,ThunderSoft India Private Limited,"Bratislava, Slovakia",On-site,Full-time,,,English,,,Recent,https://sk.linkedin.com/jobs/view/field-test-engineer-at-thundersoft-india-private-limited-4462915414,2026-10-01T16:57:13.495020+00:00
0,Test Engineer | Poland,linkedin,Test Automation Engineer – banking sector (f/m/x),Sii Poland,"Szczecin, Zachodniopomorskie, Poland",On-site,Full-time,Test Automation,,English,,,Recent,https://pl.linkedin.com/jobs/view/test-automation-engineer-%E2%80%93-banking-sector-f-m-x-at-sii-poland-4450151239,2026-10-01T16:57:18.377894+00:00
0,Test Engineer | Poland,linkedin,Test Automation Engineer – banking sector (f/m/x),Sii Poland,"Lublin, Lubelskie, Poland",On-site,Full-time,Test Automation,,English,,,Recent,https://pl.linkedin.com/jobs/view/test-automation-engineer-%E2%80%93-banking-sector-f-m-x-at-sii-poland-4450138845,2026-10-01T16:57:18.378114+00:00
0,Test Engineer | Poland,linkedin,"Test Automation Engineer (Java, Payments/Swift) - Tieto Tech Consulting (m/f/d)",Tieto,"Gdańsk, Pomorskie, Poland",On-site,Full-time,"Java, Test Automation",Swift,English,,,Recent,https://pl.linkedin.com/jobs/view/test-automation-engineer-java-payments-swift-tieto-tech-consulting-m-f-d-at-tieto-4430475492,2026-10-01T16:57:18.378440+00:00
0,Test Engineer | Poland,linkedin,DELMIA HUB Test Engineer,Dassault Systèmes,"Cracow, Małopolskie, Poland",On-site,Full-time,,,English,,,Recent,https://pl.linkedin.com/jobs/view/delmia-hub-test-engineer-at-dassault-syst%C3%A8mes-4434461592,2026-10-01T16:57:18.378603+00:00
0,Test Engineer | Poland,linkedin,"Test Automation Engineer (Java, Payments/Swift) - Tieto Tech Consulting (m/f/d)",Tieto,"Łódź, Łódzkie, Poland",On-site,Full-time,"Java, Test Automation",Swift,English,,,Recent,https://pl.linkedin.com/jobs/view/test-automation-engineer-java-payments-swift-tieto-tech-consulting-m-f-d-at-tieto-4430479025,2026-10-01T16:57:18.378759+00:00
0,Test Engineer | Poland,linkedin,Software Developer In Test,Grand Parade,"Cracow, Małopolskie, Poland",On-site,Full-time,,,English,,,Recent,https://pl.linkedin.com/jobs/view/software-developer-in-test-at-grand-parade-4467865944,2026-10-01T16:57:18.379402+00:00
0,Test Engineer | USA,linkedin,Test Engineer,Booz Allen Hamilton,"Annapolis Junction, MD",On-site,Full-time,,,English,,,Recent,https://www.linkedin.com/jobs/view/test-engineer-at-booz-allen-hamilton-4430110956,2026-10-01T16:57:20.838730+00:00
0,Test Engineer | USA,linkedin,QA Automation Engineer,Haystack,"Milwaukee, WI",On-site,Full-time,,,English,,,Recent,https://www.linkedin.com/jobs/view/qa-automation-engineer-at-haystack-4472630060,2026-10-01T16:57:20.838897+00:00
0,Test Engineer | USA,linkedin,"Enterprise - Test Engineer - Linux, Automation, Git",Erias Ventures,"Annapolis Junction, MD",On-site,Full-time,,"Git, Linux",English,,,Recent,https://www.linkedin.com/jobs/view/enterprise-test-engineer-linux-automation-git-at-erias-ventures-4467768052,2026-10-01T16:57:20.839089+00:00
0,Test Engineer | USA,linkedin,Automated Test Engineer,CFD Research Corporation,"Huntsville, AL",On-site,Full-time,,,English,,,Recent,https://www.linkedin.com/jobs/view/automated-test-engineer-at-cfd-research-corporation-4470950638,2026-10-01T16:57:20.839247+00:00
0,Test Engineer | USA,linkedin,Quality Engineer (Automation Tester),Sparksoft Corporation,"Columbia, MD",On-site,Full-time,,,English,,,Recent,https://www.linkedin.com/jobs/view/quality-engineer-automation-tester-at-sparksoft-corporation-4472791248,2026-10-01T16:57:20.839399+00:00
0,Test Engineer | USA,linkedin,Automation Test Engineer,The Depository Trust & Clearing Corporation (DTCC),"Tampa, FL",On-site,Full-time,,,English,,,Recent,https://www.linkedin.com/jobs/view/automation-test-engineer-at-the-depository-trust-clearing-corporation-dtcc-4472020670,2026-10-01T16:57:20.839556+00:00
0,Test Engineer | USA,linkedin,Test Engineer II with TS/SCI Poly,BCT LLC,"Annapolis Junction, MD",On-site,Full-time,,,English,,,Recent,https://www.linkedin.com/jobs/view/test-engineer-ii-with-ts-sci-poly-at-bct-llc-4467572553,2026-10-01T16:57:20.839707+00:00
0,Test Engineer | USA,linkedin,Test & Verification Engineer,CFD Research Corporation,"Huntsville, AL",On-site,Full-time,,,English,,,Recent,https://www.linkedin.com/jobs/view/test-verification-engineer-at-cfd-research-corporation-4469246461,2026-10-01T16:57:20.839858+00:00
0,Testingenieur | Germany,linkedin,Testingenieur (m/w/d),FERCHAU,"Lübeck, Schleswig-Holstein, Germany",On-site,Full-time,,,English,,,Recent,https://de.linkedin.com/jobs/view/testingenieur-m-w-d-at-ferchau-4438575734,2026-10-01T16:57:25.682552+00:00
0,Testingenieur | Germany,linkedin,Testingenieur Powertrain / E-Powertrain (m/w/d),FERCHAU,"Stuttgart, Baden-Württemberg, Germany",On-site,Full-time,,,English,,,Recent,https://de.linkedin.com/jobs/view/testingenieur-powertrain-e-powertrain-m-w-d-at-ferchau-4438570794,2026-10-01T16:57:25.682878+00:00
0,Testingenieur | Germany,linkedin,Junior Test Engineer (m/w/d) mit Schwerpunkt Server-Hardware,QCG Computer,"Eschweiler, North Rhine-Westphalia, Germany",On-site,Full-time,,Junior,German,,,Recent,https://de.linkedin.com/jobs/view/junior-test-engineer-m-w-d-mit-schwerpunkt-server-hardware-at-qcg-computer-4470572246,2026-10-01T16:57:25.683213+00:00
0,Testingenieur | Germany,linkedin,Junior Test Engineer,TXT GROUP,"Bayern, Bavaria, Germany",On-site,Full-time,,Junior,English,,,Recent,https://de.linkedin.com/jobs/view/junior-test-engineer-at-txt-group-4430027379,2026-10-01T16:57:25.683512+00:00
0,Testingenieur | Germany,linkedin,Testingenieur WLAN-Performance & Qualität (w/m/d),FRITZ!,"Berlin, Berlin, Germany",On-site,Full-time,,,English,,,Recent,https://de.linkedin.com/jobs/view/testingenieur-wlan-performance-qualit%C3%A4t-w-m-d-at-fritz%21-4446222879,2026-10-01T16:57:25.683665+00:00
0,Testingenieur | Austria,linkedin,Test Engineer,CNH,"Sankt Valentin, Lower Austria, Austria",On-site,Full-time,,,English,,,Recent,https://at.linkedin.com/jobs/view/test-engineer-at-cnh-4437448387,2026-10-01T16:57:28.103693+00:00
0,Testingenieur | Austria,linkedin,Software Tester / Systems Integration (w/m/x),NOVOMATIC,"Gumpoldskirchen, Lower Austria, Austria",On-site,Full-time,,,English,,,Recent,https://at.linkedin.com/jobs/view/software-tester-systems-integration-w-m-x-at-novomatic-4330849942,2026-10-01T16:57:28.104338+00:00
0,Testingenieur | Austria,linkedin,Software Testingenieur (Embedded Systems),Schiebel,"Vienna, Austria",On-site,Full-time,Embedded Systems,,English,,,Recent,https://at.linkedin.com/jobs/view/software-testingenieur-embedded-systems-at-schiebel-4468629746,2026-10-01T16:57:28.104490+00:00
0,Testingenieur | Switzerland,linkedin,Junior Systems Test Engineer (M/F),Enova,"Lausanne, Vaud, Switzerland",On-site,Full-time,,Junior,English,,,Recent,https://ch.linkedin.com/jobs/view/junior-systems-test-engineer-m-f-at-enova-4470598609,2026-10-01T16:57:30.548279+00:00
0,Testingenieur | Slovakia,linkedin,Testovací inžinier (m/ž/d),Brose Slovakia,"Horná Štefanovičová, Nitra Region, Slovakia",On-site,Full-time,,,English,,,Recent,https://sk.linkedin.com/jobs/view/testovac%C3%AD-in%C5%BEinier-m-%C5%BE-d-at-brose-slovakia-4468608444,2026-10-01T16:57:35.249828+00:00
0,Testingenieur | Slovakia,linkedin,Test Engineer (m/f/d),Brose Group,"Prievidza, Trenciansky, Slovakia",On-site,Full-time,,,English,,,Recent,https://sk.linkedin.com/jobs/view/test-engineer-m-f-d-at-brose-group-4468374935,2026-10-01T16:57:35.250030+00:00
0,Testingenieur | Slovakia,linkedin,Testovací inžinier pre HMI a PLC (Alarm & Function Testing) (m/ž),Valicare Slovakia,"Trenčianska Turná, Trenciansky, Slovakia",On-site,Full-time,,,English,,,Recent,https://sk.linkedin.com/jobs/view/testovac%C3%AD-in%C5%BEinier-pre-hmi-a-plc-alarm-function-testing-m-%C5%BE-at-valicare-slovakia-4452729290,2026-10-01T16:57:35.250511+00:00
0,Testingenieur | Poland,linkedin,Test Engineer - Manual 4G/5G - Tieto Tech Consulting (m/f/d),Tieto,"Wrocław, Dolnośląskie, Poland",On-site,Full-time,,,English,,,Recent,https://pl.linkedin.com/jobs/view/test-engineer-manual-4g-5g-tieto-tech-consulting-m-f-d-at-tieto-4430457757,2026-10-01T16:57:40.114267+00:00
0,Testingenieur | Poland,linkedin,Test Engineer- Manual 4G/5G - Tieto Tech Consulting (m/f/d),Tieto,"Szczecin, Zachodniopomorskie, Poland",On-site,Full-time,,,English,,,Recent,https://pl.linkedin.com/jobs/view/test-engineer-manual-4g-5g-tieto-tech-consulting-m-f-d-at-tieto-4430474499,2026-10-01T16:57:40.114427+00:00
0,Testingenieur | Poland,linkedin,Test Engineer - Aviation/Flight Safety (all genders),Lufthansa Systems,"Gdańsk, Pomorskie, Poland",On-site,Full-time,,,English,,,Recent,https://pl.linkedin.com/jobs/view/test-engineer-aviation-flight-safety-all-genders-at-lufthansa-systems-4460733861,2026-10-01T16:57:40.114575+00:00
0,Testingenieur | Poland,linkedin,Java Test Engineer (f/m/x),Sii Poland,"Cracow, Małopolskie, Poland",On-site,Full-time,Java,,English,,,Recent,https://pl.linkedin.com/jobs/view/java-test-engineer-f-m-x-at-sii-poland-4472935522,2026-10-01T16:57:40.114892+00:00
0,Testingenieur | Poland,linkedin,Software Quality Engineer,Luxoft,"Cracow, Małopolskie, Poland",On-site,Full-time,,,English,,,Recent,https://pl.linkedin.com/jobs/view/software-quality-engineer-at-luxoft-4462783578,2026-10-01T16:57:40.115078+00:00
0,Testingenieur | Poland,linkedin,Quality Engineer – Manual Testing (Embedded),Luxoft,"Cracow, Małopolskie, Poland",On-site,Full-time,,Manual Testing,English,,,Recent,https://pl.linkedin.com/jobs/view/quality-engineer-%E2%80%93-manual-testing-embedded-at-luxoft-4462793011,2026-10-01T16:57:40.115243+00:00
0,Testingenieur | USA,linkedin,Test Engineer,Booz Allen Hamilton,"Chantilly, VA",On-site,Full-time,,,English,,,Recent,https://www.linkedin.com/jobs/view/test-engineer-at-booz-allen-hamilton-4474331294,2026-10-01T16:57:42.579272+00:00
0,Testingenieur | USA,linkedin,Software Test Engineer,Visa,"Austin, TX",On-site,Full-time,,,English,,,Recent,https://www.linkedin.com/jobs/view/software-test-engineer-at-visa-4467463430,2026-10-01T16:57:42.579582+00:00
0,Testingenieur | USA,linkedin,Software Test Engineer,Northrop Grumman,"Bellevue, NE",On-site,Full-time,,,English,,,Recent,https://www.linkedin.com/jobs/view/software-test-engineer-at-northrop-grumman-4471841704,2026-10-01T16:57:42.579734+00:00
0,Testingenieur | USA,linkedin,Associate Engineer Test,Harley-Davidson Motor Company,"Wauwatosa, WI",On-site,Full-time,,Associate,English,,,Recent,https://www.linkedin.com/jobs/view/associate-engineer-test-at-harley-davidson-motor-company-4470014993,2026-10-01T16:57:42.580358+00:00
0,Testingenieur | United Kingdom,linkedin,Mechanical Test Engineer,Oho Group,"Cambridge, England, United Kingdom",On-site,Full-time,,,English,,,Recent,https://uk.linkedin.com/jobs/view/mechanical-test-engineer-at-oho-group-4472553008,2026-10-01T16:57:45.046465+00:00
0,Testingenieur | United Kingdom,linkedin,Test Engineer,Leonardo,"Yeovil, England, United Kingdom",On-site,Full-time,,,English,,,Recent,https://uk.linkedin.com/jobs/view/test-engineer-at-leonardo-4456253149,2026-10-01T16:57:45.046757+00:00
0,Test Automation | Germany,linkedin,Testautomatisierer (m/w/d),CPU Softwarehouse AG,"Munich, Bavaria, Germany",On-site,Full-time,,,English,,,Recent,https://de.linkedin.com/jobs/view/testautomatisierer-m-w-d-at-cpu-softwarehouse-ag-4472507315,2026-10-01T16:57:47.478319+00:00
0,Test Automation | Germany,linkedin,Testautomatisierer (m/w/d),CPU Softwarehouse AG,"Karlsruhe, Baden-Württemberg, Germany",On-site,Full-time,,,English,,,Recent,https://de.linkedin.com/jobs/view/testautomatisierer-m-w-d-at-cpu-softwarehouse-ag-4472506421,2026-10-01T16:57:47.478482+00:00
0,Test Automation | Germany,linkedin,Search QA Automation Test Engineer (m/w/d),Schwarz Digits,"Berlin, Germany",On-site,Full-time,,,English,,,Recent,https://de.linkedin.com/jobs/view/search-qa-automation-test-engineer-m-w-d-at-schwarz-digits-4463857479,2026-10-01T16:57:47.478642+00:00
0,Test Automation | Germany,linkedin,Softwaretester (m/w/d) Testautomatisierung,medatixx,"Berlin, Berlin, Germany",On-site,Full-time,Test Automation,,English,,,Recent,https://de.linkedin.com/jobs/view/softwaretester-m-w-d-testautomatisierung-at-medatixx-4466524481,2026-10-01T16:57:47.478962+00:00
0,Test Automation | Germany,linkedin,Quality Engineer - Schwerpunkt Testautomatisierung (all genders),Gamma DE,"Karlsruhe, Baden-Württemberg, Germany",On-site,Full-time,Test Automation,,English,,,Recent,https://de.linkedin.com/jobs/view/quality-engineer-schwerpunkt-testautomatisierung-all-genders-at-gamma-de-4472752951,2026-10-01T16:57:47.479120+00:00
0,Test Automation | Germany,linkedin,Test Automation Engineer (m/w/d),SOA Experts GmbH,"Hamburg, Germany",On-site,Full-time,Test Automation,,English,,,Recent,https://de.linkedin.com/jobs/view/test-automation-engineer-m-w-d-at-soa-experts-gmbh-4471322912,2026-10-01T16:57:47.479278+00:00
0,Test Automation | Austria,linkedin,C# Entwickler für Testautomatisierung Solar & Energy (m/w/d),Fronius Österreich,"Graz, Styria, Austria",On-site,Full-time,"C, Test Automation","C#, R",English,,,Recent,https://at.linkedin.com/jobs/view/c%23-entwickler-f%C3%BCr-testautomatisierung-solar-energy-m-w-d-at-fronius-%C3%B6sterreich-4464886483,2026-10-01T16:57:49.907417+00:00
0,Test Automation | Austria,linkedin,"Software Test Automation Engineer – Frontend, 80-100% (f/m/x)",OMICRON electronics,"Klaus, Vorarlberg, Austria",Remote,Full-time,Test Automation,,English,,,Recent,https://at.linkedin.com/jobs/view/software-test-automation-engineer-%E2%80%93-frontend-80-100%25-f-m-x-at-omicron-electronics-4472108885,2026-10-01T16:57:49.907572+00:00
0,Test Automation | Austria,linkedin,Test Automation Engineer C# (m/w/x),DS AUTOMOTION GmbH,"Linz, Upper Austria, Austria",On-site,Full-time,"C, Test Automation",C#,English,,,Recent,https://at.linkedin.com/jobs/view/test-automation-engineer-c%23-m-w-x-at-ds-automotion-gmbh-4464193552,2026-10-01T16:57:49.907731+00:00
0,Test Automation | Switzerland,linkedin,Software QA Automation Specialist (m/w/d),Rocken®,"Bern, Berne, Switzerland",On-site,Full-time,,,English,,,Recent,https://ch.linkedin.com/jobs/view/software-qa-automation-specialist-m-w-d-at-rocken%C2%AE-4471940387,2026-10-01T16:57:52.343434+00:00
0,Test Automation | Switzerland,linkedin,QA Automation Engineer (H/F),CBTW,"Geneva, Switzerland",On-site,Full-time,,,English,,,Recent,https://ch.linkedin.com/jobs/view/qa-automation-engineer-h-f-at-cbtw-4468374922,2026-10-01T16:57:52.343599+00:00
0,Test Automation | Switzerland,linkedin,Python Automation Test Engineer,Jobgether,Switzerland,On-site,Full-time,Python,,English,,,Recent,https://ch.linkedin.com/jobs/view/python-automation-test-engineer-at-jobgether-4472129631,2026-10-01T16:57:52.343900+00:00
0,Test Automation | Switzerland,linkedin,Test Automation Engineer,Qim info,"Geneva, Switzerland",On-site,Full-time,Test Automation,,English,,,Recent,https://ch.linkedin.com/jobs/view/test-automation-engineer-at-qim-info-4461173328,2026-10-01T16:57:52.344239+00:00
0,Test Automation | Switzerland,linkedin,Ingénieur QA Automation – Tests automatisés H/F,Consort Group,"Lancy, Geneva, Switzerland",On-site,Full-time,,,English,,,Recent,https://ch.linkedin.com/jobs/view/ing%C3%A9nieur-qa-automation-%E2%80%93-tests-automatis%C3%A9s-h-f-at-consort-group-4464890355,2026-10-01T16:57:52.344693+00:00
0,Test Automation | Czech Republic,linkedin,API Test Automation Engineer (Playwright) - Remote Work,BairesDev,Dominican Republic,Remote,Contract,"Can, Playwright, Test Automation",,English,,,Recent,https://do.linkedin.com/jobs/view/api-test-automation-engineer-playwright-remote-work-at-bairesdev-4471525507,2026-10-01T16:57:59.472854+00:00
0,Test Automation | Poland,linkedin,Test Automation Engineer,Sportano.pl,"Zielona Góra, Lubuskie, Poland",On-site,Full-time,Test Automation,,English,,,Recent,https://pl.linkedin.com/jobs/view/test-automation-engineer-at-sportano-pl-4464379384,2026-10-01T16:58:01.955674+00:00
0,Test Automation | Poland,linkedin,Test Automation with Java (f/m/x),Sii Poland,"Łódź, Łódzkie, Poland",On-site,Full-time,"Java, Test Automation",,English,,,Recent,https://pl.linkedin.com/jobs/view/test-automation-with-java-f-m-x-at-sii-poland-4472694654,2026-10-01T16:58:01.955863+00:00
0,Test Automation | Poland,linkedin,Test Automation Engineer (M/F/D),DSV - Global Transport and Logistics,"Warsaw, Mazowieckie, Poland",On-site,Full-time,Test Automation,,English,,,Recent,https://pl.linkedin.com/jobs/view/test-automation-engineer-m-f-d-at-dsv-global-transport-and-logistics-4439162204,2026-10-01T16:58:01.956750+00:00
0,Test Automation | Poland,linkedin,Test Automation Engineer,Euroclear,"Cracow, Małopolskie, Poland",On-site,Full-time,Test Automation,,English,,,Recent,https://pl.linkedin.com/jobs/view/test-automation-engineer-at-euroclear-4455407895,2026-10-01T16:58:01.956902+00:00
0,Test Automation | USA,linkedin,QE Automation Engineer,Tata Consultancy Services,"New York, NY",On-site,Full-time,,,English,,,Recent,https://www.linkedin.com/jobs/view/qe-automation-engineer-at-tata-consultancy-services-4459449143,2026-10-01T16:58:04.470578+00:00
0,Test Automation | USA,linkedin,"Sr Software QA Engineer, Test Automation",TransCore,"Round Rock, TX",On-site,Full-time,Test Automation,,English,,,Recent,https://www.linkedin.com/jobs/view/sr-software-qa-engineer-test-automation-at-transcore-4450826674,2026-10-01T16:58:04.471086+00:00
0,Test Automation | USA,linkedin,Test Automation Engineer,"BAE Systems, Inc.","Sterling, VA",On-site,Full-time,Test Automation,,English,,,Recent,https://www.linkedin.com/jobs/view/test-automation-engineer-at-bae-systems-inc-4448810407,2026-10-01T16:58:04.471564+00:00
0,Test Automation | USA,linkedin,"Sr Eng, Software Dev Test QE",LPL Financial,"Fort Mill, SC",On-site,Full-time,,,English,,,Recent,https://www.linkedin.com/jobs/view/sr-eng-software-dev-test-qe-at-lpl-financial-4462735263,2026-10-01T16:58:04.471712+00:00
0,Test Automation | USA,linkedin,QA Automation Engineer,Flexjet,"Dallas, TX",On-site,Full-time,,,English,,,Recent,https://www.linkedin.com/jobs/view/qa-automation-engineer-at-flexjet-4459318176,2026-10-01T16:58:04.471860+00:00
0,Test Automation | United Kingdom,linkedin,Junior SDET (Software Development Engineer in Test),Cognizant,"London, England, United Kingdom",On-site,Full-time,,Junior,English,,,Recent,https://uk.linkedin.com/jobs/view/junior-sdet-software-development-engineer-in-test-at-cognizant-4404489022,2026-10-01T16:58:06.935114+00:00
0,Test Automation | United Kingdom,linkedin,Quality Assurance Automation Engineer,Ronald James Group,"Newcastle Upon Tyne, England, United Kingdom",On-site,Full-time,,,English,,,Recent,https://uk.linkedin.com/jobs/view/quality-assurance-automation-engineer-at-ronald-james-group-4462948543,2026-10-01T16:58:06.935425+00:00
0,Test Automation | United Kingdom,linkedin,Test Automation Specialist,Infinity Quest,"Manchester Area, United Kingdom",On-site,Full-time,Test Automation,,English,,,Recent,https://uk.linkedin.com/jobs/view/test-automation-specialist-at-infinity-quest-4473763755,2026-10-01T16:58:06.935728+00:00
0,Python Developer | Germany,linkedin,Softwareentwickler Backend / Python (all gender),ALTEN,"Erlangen, Bavaria, Germany",On-site,Full-time,Python,,English,,,Recent,https://de.linkedin.com/jobs/view/softwareentwickler-backend-python-all-gender-at-alten-4465300107,2026-10-01T16:58:09.400647+00:00
0,Python Developer | Germany,linkedin,Junior – Backend Python Developer (m/f/d),hymate,"Munich, Bavaria, Germany",On-site,Full-time,Python,Junior,English,,,Recent,https://de.linkedin.com/jobs/view/junior-%E2%80%93-backend-python-developer-m-f-d-at-hymate-4473239050,2026-10-01T16:58:09.401610+00:00
0,Python Developer | Germany,linkedin,Software Engineer (Python/ Backend),metamorphosis GmbH,"Paderborn, North Rhine-Westphalia, Germany",On-site,Full-time,Python,,English,,,Recent,https://de.linkedin.com/jobs/view/software-engineer-python-backend-at-metamorphosis-gmbh-4467361753,2026-10-01T16:58:09.401917+00:00
0,Python Developer | Austria,linkedin,Backend Developer (Phyton/Odoo),Schrankerl,"Vienna, Vienna, Austria",On-site,Full-time,,,English,,,Recent,https://at.linkedin.com/jobs/view/backend-developer-phyton-odoo-at-schrankerl-4470115987,2026-10-01T16:58:11.826668+00:00
0,Python Developer | Austria,linkedin,Software-Backend-Entwickler mit Leidenschaft für KI (m/w/x) - Standort Linz,EV Group,"Braunau am Inn, Upper Austria, Austria",On-site,Full-time,,R,German,,,Recent,https://at.linkedin.com/jobs/view/software-backend-entwickler-mit-leidenschaft-f%C3%BCr-ki-m-w-x-standort-linz-at-ev-group-4465976584,2026-10-01T16:58:11.827045+00:00
0,Python Developer | Austria,linkedin,"Software Engineer, New Grad (2027)",Sentry,"Innere Stadt, Vienna, Austria",On-site,Full-time,,,English,,,Recent,https://at.linkedin.com/jobs/view/software-engineer-new-grad-2027-at-sentry-4465830359,2026-10-01T16:58:11.827369+00:00
0,Python Developer | Austria,linkedin,Softwareentwickler*in C#/Python (m/w/d),IVM Technical Consultants,"Wels, Upper Austria, Austria",On-site,Full-time,"C, Python",C#,English,,,Recent,https://at.linkedin.com/jobs/view/softwareentwickler-in-c%23-python-m-w-d-at-ivm-technical-consultants-4471447425,2026-10-01T16:58:11.827531+00:00
0,Python Developer | Switzerland,linkedin,Software Engineer (Python) (all genders),AXA Switzerland,"Winterthur, Zurich, Switzerland",On-site,Full-time,Python,,English,,,Recent,https://ch.linkedin.com/jobs/view/software-engineer-python-all-genders-at-axa-switzerland-4461120917,2026-10-01T16:58:14.291523+00:00
0,Python Developer | Switzerland,linkedin,Software Engineer (Python) (all genders),AXA,"Winterthur, Zurich, Switzerland",On-site,Full-time,Python,,English,,,Recent,https://ch.linkedin.com/jobs/view/software-engineer-python-all-genders-at-axa-4463335426,2026-10-01T16:58:14.291711+00:00
0,Python Developer | Switzerland,linkedin,Python Developer,RJC Group,"Lausanne, Vaud, Switzerland",On-site,Full-time,Python,,English,,,Recent,https://ch.linkedin.com/jobs/view/python-developer-at-rjc-group-4471873575,2026-10-01T16:58:14.291871+00:00
0,Python Developer | Switzerland,linkedin,Backend Software Engineer,mygrid AG,"Brugg, Aargau, Switzerland",On-site,Full-time,,,English,,,Recent,https://ch.linkedin.com/jobs/view/backend-software-engineer-at-mygrid-ag-4466925158,2026-10-01T16:58:14.292047+00:00
0,Python Developer | Switzerland,linkedin,Software Engineer – Python/PHP & PostgreSQL,Swissquote,"Gland, Vaud, Switzerland",On-site,Full-time,Python,"Php, Postgresql",English,,,Recent,https://ch.linkedin.com/jobs/view/software-engineer-%E2%80%93-python-php-postgresql-at-swissquote-4472155875,2026-10-01T16:58:14.292204+00:00
0,Python Developer | Switzerland,linkedin,Backend Developer Python,Mynameis,"Chiasso, Ticino, Switzerland",On-site,Full-time,Python,,English,,,Recent,https://ch.linkedin.com/jobs/view/backend-developer-python-at-mynameis-4461088513,2026-10-01T16:58:14.292365+00:00
0,Python Developer | Switzerland,linkedin,AI Software Developer,Chaberton Professionals,Lugano Metropolitan Area,On-site,Full-time,,,English,,,Recent,https://ch.linkedin.com/jobs/view/ai-software-developer-at-chaberton-professionals-4468396672,2026-10-01T16:58:14.292829+00:00
0,Python Developer | Switzerland,linkedin,"Software Engineer - Backend, AI & Frontend",Scait,"Risch-Rotkreuz, Zug, Switzerland",On-site,Full-time,,,English,,,Recent,https://ch.linkedin.com/jobs/view/software-engineer-backend-ai-frontend-at-scait-4472766969,2026-10-01T16:58:14.292995+00:00
0,Python Developer | Slovakia,linkedin,Python Software Engineer - AI Security Platform (m/f/n),ESET,"Bratislava, Bratislava, Slovakia",On-site,Full-time,Python,,English,,,Recent,https://sk.linkedin.com/jobs/view/python-software-engineer-ai-security-platform-m-f-n-at-eset-4385072625,2026-10-01T16:58:19.043885+00:00
0,Python Developer | Slovakia,linkedin,Software Developer,Frequentis,"Bratislava, Bratislava, Slovakia",On-site,Full-time,,,English,,,Recent,https://sk.linkedin.com/jobs/view/software-developer-at-frequentis-4450333957,2026-10-01T16:58:19.044071+00:00
0,Python Developer | Slovakia,linkedin,Software Engineer - GEN AI,Caterpillar Inc.,"Košice, Kosice, Slovakia",On-site,Full-time,,,English,,,Recent,https://sk.linkedin.com/jobs/view/software-engineer-gen-ai-at-caterpillar-inc-4472741494,2026-10-01T16:58:19.044393+00:00
0,Python Developer | Slovakia,linkedin,Full-Stack Developer (Python and JavaScript/Typescript) (m/f),PwC Slovakia,"Bratislava, Bratislava, Slovakia",On-site,Full-time,"Javascript, Python, Typescript",,English,,,Recent,https://sk.linkedin.com/jobs/view/full-stack-developer-python-and-javascript-typescript-m-f-at-pwc-slovakia-4446424409,2026-10-01T16:58:19.044547+00:00
0,Python Developer | Slovakia,linkedin,Python Software Engineer – Malware Automation (m/f/n),ESET,"Bratislava, Bratislava, Slovakia",On-site,Full-time,Python,,English,,,Recent,https://sk.linkedin.com/jobs/view/python-software-engineer-%E2%80%93-malware-automation-m-f-n-at-eset-4426454266,2026-10-01T16:58:19.044698+00:00
0,Python Developer | Slovakia,linkedin,Software Engineer,Cisco,"Bratislava, Bratislava, Slovakia",On-site,Full-time,,,English,,,Recent,https://sk.linkedin.com/jobs/view/software-engineer-at-cisco-4454046689,2026-10-01T16:58:19.044856+00:00
0,Python Developer | Slovakia,linkedin,Software Engineer - AI Integration & Data Platforms,AT&T,"Bratislava, Bratislava, Slovakia",On-site,Full-time,,,English,,,Recent,https://sk.linkedin.com/jobs/view/software-engineer-ai-integration-data-platforms-at-at-t-4471949749,2026-10-01T16:58:19.045034+00:00
0,Python Developer | Czech Republic,linkedin,Full Stack Developer (Python),Perform,"Santo Domingo, Distrito Nacional, Dominican Republic",On-site,Full-time,Python,,English,,,Recent,https://do.linkedin.com/jobs/view/full-stack-developer-python-at-perform-4415707267,2026-10-01T16:58:21.571083+00:00
0,Python Developer | Czech Republic,linkedin,Junior/SemiSenior Back-End (Python) Engineer - Security and Safety Solutions - DR,Truelogic,Dominican Republic,On-site,Full-time,Python,Junior,English,,,Recent,https://do.linkedin.com/jobs/view/junior-semisenior-back-end-python-engineer-security-and-safety-solutions-dr-at-truelogic-4472745303,2026-10-01T16:58:21.571399+00:00
0,Python Developer | Czech Republic,linkedin,Full Stack Developer,Flatiron Software,Dominican Republic,On-site,Full-time,,,English,,,Recent,https://do.linkedin.com/jobs/view/full-stack-developer-at-flatiron-software-4464325183,2026-10-01T16:58:21.571604+00:00
0,Python Developer | Czech Republic,linkedin,Forward Deployed AI Engineer (Python) - Remote -Latin America,FullStack,"Luperón, Puerto Plata, Dominican Republic",Remote,Full-time,Python,,English,,,Recent,https://do.linkedin.com/jobs/view/forward-deployed-ai-engineer-python-remote-latin-america-at-fullstack-4472207354,2026-10-01T16:58:21.571914+00:00
0,Python Developer | Czech Republic,linkedin,Forward Deployed AI Engineer (Python) - Remote -Latin America,FullStack,"San Cristóbal, San Cristóbal, Dominican Republic",Remote,Full-time,Python,,English,,,Recent,https://do.linkedin.com/jobs/view/forward-deployed-ai-engineer-python-remote-latin-america-at-fullstack-4472203482,2026-10-01T16:58:21.572264+00:00
0,Python Developer | Poland,linkedin,Python Developer,ALGOTEQUE Innovation Hub,"Warsaw, Mazowieckie, Poland",On-site,Full-time,Python,,English,,,Recent,https://pl.linkedin.com/jobs/view/python-developer-at-algoteque-innovation-hub-4474128135,2026-10-01T16:58:24.048749+00:00
0,Python Developer | Poland,linkedin,Python Developer – B2B,ALGOTEQUE Innovation Hub,"Warsaw, Mazowieckie, Poland",On-site,Full-time,Python,,English,,,Recent,https://pl.linkedin.com/jobs/view/python-developer-%E2%80%93-b2b-at-algoteque-innovation-hub-4474116355,2026-10-01T16:58:24.048928+00:00
0,Python Developer | Poland,linkedin,Python Developer with Cloud Native - Tieto Tech Consulting (m/f/d),Tieto,"Szczecin, Zachodniopomorskie, Poland",On-site,Full-time,Python,,English,,,Recent,https://pl.linkedin.com/jobs/view/python-developer-with-cloud-native-tieto-tech-consulting-m-f-d-at-tieto-4465694641,2026-10-01T16:58:24.050073+00:00
0,Python Developer | Poland,linkedin,[DLG] Mid/ Sr Back-End Developer (Python) IRC305253,GlobalLogic,"Cracow, Małopolskie, Poland",On-site,Full-time,Python,,English,,,Recent,https://pl.linkedin.com/jobs/view/dlg-mid-sr-back-end-developer-python-irc305253-at-globallogic-4471599977,2026-10-01T16:58:24.050230+00:00
0,Python Developer | USA,linkedin,Python Django Developer,Tata Consultancy Services,"Morrisville, NC",On-site,Full-time,Python,Django,English,,,Recent,https://www.linkedin.com/jobs/view/python-django-developer-at-tata-consultancy-services-4451909310,2026-10-01T16:58:26.592773+00:00
0,Python Developer | USA,linkedin,Python Developer III,Bank of America,"Jersey City, NJ",On-site,Full-time,Python,,English,,,Recent,https://www.linkedin.com/jobs/view/python-developer-iii-at-bank-of-america-4454812137,2026-10-01T16:58:26.593136+00:00
0,Python Developer | USA,linkedin,Python Engineer,Tata Consultancy Services,"Phoenix, AZ",On-site,Full-time,Python,,English,,,Recent,https://www.linkedin.com/jobs/view/python-engineer-at-tata-consultancy-services-4466871951,2026-10-01T16:58:26.593295+00:00
0,Python Developer | USA,linkedin,Python Developer,Synechron,"Jersey City, NJ",On-site,Full-time,Python,,English,,,Recent,https://www.linkedin.com/jobs/view/python-developer-at-synechron-4464227292,2026-10-01T16:58:26.593741+00:00
0,Python Developer | USA,linkedin,Python Engineer and Developer - Associate,iCapital,"Stamford, CT",On-site,Full-time,Python,Associate,English,,,Recent,https://www.linkedin.com/jobs/view/python-engineer-and-developer-associate-at-icapital-4457571716,2026-10-01T16:58:26.593893+00:00
0,Python Developer | USA,linkedin,Sr Software Engineer - Python,Reserv,"Atlanta, GA",On-site,Full-time,Python,,English,,,Recent,https://www.linkedin.com/jobs/view/sr-software-engineer-python-at-reserv-4470337266,2026-10-01T16:58:26.594212+00:00
0,Python Developer | United Kingdom,linkedin,Python Software Developer - Backend,Xelix,"London, England, United Kingdom",On-site,Full-time,Python,,English,,,Recent,https://uk.linkedin.com/jobs/view/python-software-developer-backend-at-xelix-4468686792,2026-10-01T16:58:29.030418+00:00
0,Python Developer | United Kingdom,linkedin,Sr Python Developer – Trading / Risk Platforms,Crisil,"London Area, United Kingdom",On-site,Full-time,Python,,English,,,Recent,https://uk.linkedin.com/jobs/view/sr-python-developer-%E2%80%93-trading-risk-platforms-at-crisil-4473504138,2026-10-01T16:58:29.030903+00:00
0,Python Developer | United Kingdom,linkedin,Software Engineer III - Backend Python,JPMorganChase,"Bournemouth, England, United Kingdom",On-site,Full-time,Python,,English,,,Recent,https://uk.linkedin.com/jobs/view/software-engineer-iii-backend-python-at-jpmorganchase-4444969828,2026-10-01T16:58:29.031406+00:00
0,Python Developer | United Kingdom,linkedin,Python Developer,Burns Sheehan,"London Area, United Kingdom",On-site,Full-time,Python,,English,,,Recent,https://uk.linkedin.com/jobs/view/python-developer-at-burns-sheehan-4474151287,2026-10-01T16:58:29.031708+00:00
0,Python Test | Germany,linkedin,Sr. Python Test Automation Engineer (f/m/d) at an established IT-Security Company,Zertificon Solutions GmbH,"Neukölln, Berlin, Germany",On-site,Full-time,"Python, Test Automation",,English,,,Recent,https://de.linkedin.com/jobs/view/sr-python-test-automation-engineer-f-m-d-at-an-established-it-security-company-at-zertificon-solutions-gmbh-4472521892,2026-10-01T16:58:31.520318+00:00
0,Python Test | Germany,linkedin,Python Automation Test Engineer,Jobgether,Germany,On-site,Full-time,Python,,English,,,Recent,https://de.linkedin.com/jobs/view/python-automation-test-engineer-at-jobgether-4472137227,2026-10-01T16:58:31.520509+00:00
0,Python Test | Germany,linkedin,Embedded Python Tester | Embedded Systems | CI | Python (all gender),ALTEN,"Munich, Bavaria, Germany",On-site,Full-time,"Embedded Systems, Python",,English,,,Recent,https://de.linkedin.com/jobs/view/embedded-python-tester-embedded-systems-ci-python-all-gender-at-alten-4455020927,2026-10-01T16:58:31.520833+00:00
0,Python Test | Germany,linkedin,Softwareentwickler Python (w/m/d),FRITZ!,"Berlin, Berlin, Germany",On-site,Full-time,Python,,English,,,Recent,https://de.linkedin.com/jobs/view/softwareentwickler-python-w-m-d-at-fritz%21-4462227638,2026-10-01T16:58:31.521012+00:00
0,Python Test | Germany,linkedin,Test Automation Engineer (m/w/d) – Python & Squish,ACONEXT,"Stuttgart, Baden-Württemberg, Germany",On-site,Full-time,"Python, Test Automation",,English,,,Recent,https://de.linkedin.com/jobs/view/test-automation-engineer-m-w-d-%E2%80%93-python-squish-at-aconext-4460494276,2026-10-01T16:58:31.521167+00:00
0,Python Test | Germany,linkedin,Software Test Automation Engineer (d/f/m),Leica Microsystems,"Mannheim, Baden-Württemberg, Germany",On-site,Full-time,Test Automation,,English,,,Recent,https://de.linkedin.com/jobs/view/software-test-automation-engineer-d-f-m-at-leica-microsystems-4428288334,2026-10-01T16:58:31.521326+00:00
0,Python Test | Germany,linkedin,Software Test Engineer (m/w/x),K-tronik GmbH,"Nuremberg, Bavaria, Germany",On-site,Full-time,,,English,,,Recent,https://de.linkedin.com/jobs/view/software-test-engineer-m-w-x-at-k-tronik-gmbh-4461458975,2026-10-01T16:58:31.521478+00:00
0,Python Test | Germany,linkedin,Software-Tester (w/m/d) Schwerpunkt Testautomatisierung,seca – precision for health,"Hamburg, Germany",On-site,Full-time,Test Automation,,English,,,Recent,https://de.linkedin.com/jobs/view/software-tester-w-m-d-schwerpunkt-testautomatisierung-at-seca-%E2%80%93-precision-for-health-4469120405,2026-10-01T16:58:31.521627+00:00
0,Python Test | Germany,linkedin,QA Engineer - Quantum Computing (m/w/d),eleQtron,"Siegen, North Rhine-Westphalia, Germany",On-site,Full-time,,,English,,,Recent,https://de.linkedin.com/jobs/view/qa-engineer-quantum-computing-m-w-d-at-eleqtron-4467197524,2026-10-01T16:58:31.521784+00:00
0,Python Test | Switzerland,linkedin,Software Test & Validation Engineer,Harmattan AI,"Lausanne, Vaud, Switzerland",On-site,Full-time,,,English,,,Recent,https://ch.linkedin.com/jobs/view/software-test-validation-engineer-at-harmattan-ai-4398385941,2026-10-01T16:58:36.459164+00:00
0,Python Test | Switzerland,linkedin,Software Engineer in Test,Hexagon Robotics,"Zurich, Switzerland",On-site,Full-time,,,English,,,Recent,https://ch.linkedin.com/jobs/view/software-engineer-in-test-at-hexagon-robotics-4466201111,2026-10-01T16:58:36.459459+00:00
0,Python Test | Slovakia,linkedin,QA Automation Engineer,TECHFRENS | ITXSO®,Bratislava Metropolitan Area,On-site,Full-time,,,English,,,Recent,https://sk.linkedin.com/jobs/view/qa-automation-engineer-at-techfrens%E2%80%AF-%E2%80%AFitxso%C2%AE-4472125432,2026-10-01T16:58:41.227582+00:00
0,Python Test | Slovakia,linkedin,Junior KI-Ingenieur (m/w/d) – KI-Code-Qualitätsvalidierung für T Cloud Public,Deutsche Telekom,"Košice, Kosice, Slovakia",On-site,Full-time,,"Junior, R",English,,,Recent,https://sk.linkedin.com/jobs/view/junior-ki-ingenieur-m-w-d-%E2%80%93-ki-code-qualit%C3%A4tsvalidierung-f%C3%BCr-t-cloud-public-at-deutsche-telekom-4467213584,2026-10-01T16:58:41.227741+00:00
0,Python Test | Poland,linkedin,Python Automation Tester (f/m/x),Sii Poland,"Katowice, Śląskie, Poland",On-site,Full-time,Python,,English,,,Recent,https://pl.linkedin.com/jobs/view/python-automation-tester-f-m-x-at-sii-poland-4453889913,2026-10-01T16:58:46.122218+00:00
0,Python Test | Poland,linkedin,Python Automation Tester (f/m/x),Sii Poland,"Cracow, Małopolskie, Poland",On-site,Full-time,Python,,English,,,Recent,https://pl.linkedin.com/jobs/view/python-automation-tester-f-m-x-at-sii-poland-4453898870,2026-10-01T16:58:46.122412+00:00
0,Python Test | Poland,linkedin,Automation Test Engineer,Hitachi Energy,Cracow Metropolitan Area,On-site,Full-time,,,English,,,Recent,https://pl.linkedin.com/jobs/view/automation-test-engineer-at-hitachi-energy-4427904256,2026-10-01T16:58:46.123392+00:00
0,Python Test | Poland,linkedin,Python Software Engineer - Test Automation Framework (Embedded),Sonova Group,"Warsaw, Mazowieckie, Poland",On-site,Full-time,"Python, Test Automation",,English,,,Recent,https://pl.linkedin.com/jobs/view/python-software-engineer-test-automation-framework-embedded-at-sonova-group-4474360066,2026-10-01T16:58:46.123540+00:00
0,Python Test | Poland,linkedin,Software Developer in Test (Python),Veeam Software,"Warsaw, Mazowieckie, Poland",On-site,Full-time,Python,,English,,,Recent,https://pl.linkedin.com/jobs/view/software-developer-in-test-python-at-veeam-software-4440620589,2026-10-01T16:58:46.123693+00:00
0,Python Test | USA,linkedin,Python Software Developer in Test - Assistant Vice President,iCapital,"Salt Lake City, UT",On-site,Full-time,Python,,English,,,Recent,https://www.linkedin.com/jobs/view/python-software-developer-in-test-assistant-vice-president-at-icapital-4387280012,2026-10-01T16:58:48.690175+00:00
0,Python Test | United Kingdom,linkedin,Python Automation Test Engineer,Jobgether,United Kingdom,Remote,Contract,"Ci/Cd, Pytest, Python, Selenium, Test Automation","Agile, Scrum, Git",English,,,Recent,https://uk.linkedin.com/jobs/view/python-automation-test-engineer-at-jobgether-4472118975,2026-10-01T16:58:51.169785+00:00
0,Python Test | United Kingdom,linkedin,Test Engineer,UBDS Digital,"London, England, United Kingdom",On-site,Full-time,,,English,,,Recent,https://uk.linkedin.com/jobs/view/test-engineer-at-ubds-digital-4403806849,2026-10-01T16:58:51.170182+00:00
0,Python Test | United Kingdom,linkedin,Test Engineer,iO Associates,"London, England, United Kingdom",On-site,Full-time,,,English,,,Recent,https://uk.linkedin.com/jobs/view/test-engineer-at-io-associates-4462771859,2026-10-01T16:58:51.170334+00:00
0,Python Test | United Kingdom,linkedin,Software Engineer III - Python/Test Automation,JPMorganChase,"Glasgow, Scotland, United Kingdom",On-site,Full-time,"Python, Test Automation",,English,,,Recent,https://uk.linkedin.com/jobs/view/software-engineer-iii-python-test-automation-at-jpmorganchase-4449694896,2026-10-01T16:58:51.170629+00:00
0,Python Test | United Kingdom,linkedin,Test Automaton Engineer,Leidos,"Farnborough, England, United Kingdom",On-site,Full-time,,,English,,,Recent,https://uk.linkedin.com/jobs/view/test-automaton-engineer-at-leidos-4454015234,2026-10-01T16:58:51.170779+00:00
0,Python Test | United Kingdom,linkedin,Software Test Automation Engineer,Atlas Copco Group,"Eastbourne, England, United Kingdom",Remote,Full-time,"C, Ci/Cd, Embedded Systems, Python, Test Automation","Azure, Agile, Devops, C#, Scrum, Linux, Git, Kanban",English,,,Recent,https://uk.linkedin.com/jobs/view/software-test-automation-engineer-at-atlas-copco-group-4472535293,2026-10-01T16:58:51.170934+00:00
0,Firmware Engineer | Germany,linkedin,Firmware Engineer (f/m/d) for Embedded / Automotive / ASIP RISC‑-V,Renesas Electronics,"Germering, Bavaria, Germany",On-site,Full-time,Firmware,,English,,,Recent,https://de.linkedin.com/jobs/view/firmware-engineer-f-m-d-for-embedded-automotive-asip-risc%E2%80%91-v-at-renesas-electronics-4464350537,2026-10-01T16:58:53.569617+00:00
0,Firmware Engineer | Germany,linkedin,Softwareentwickler Embedded Systems (m/w/d),FERCHAU,"Erfurt, Thuringia, Germany",On-site,Full-time,Embedded Systems,,English,,,Recent,https://de.linkedin.com/jobs/view/softwareentwickler-embedded-systems-m-w-d-at-ferchau-4438583329,2026-10-01T16:58:53.569788+00:00
0,Firmware Engineer | Germany,linkedin,"Embedded Firmware Engineer (m/f/x) Credentials, Interfaces and Cybersecurity",ELATEC Group | Allegion,"Puchheim, Bavaria, Germany",On-site,Full-time,Firmware,,English,,,Recent,https://de.linkedin.com/jobs/view/embedded-firmware-engineer-m-f-x-credentials-interfaces-and-cybersecurity-at-elatec-group-allegion-4462138020,2026-10-01T16:58:53.569942+00:00
0,Firmware Engineer | Germany,linkedin,Embedded Software Developer (m/w/d),MotionMiners GmbH,"Dortmund, North Rhine-Westphalia, Germany",On-site,Full-time,,,English,,,Recent,https://de.linkedin.com/jobs/view/embedded-software-developer-m-w-d-at-motionminers-gmbh-4465981728,2026-10-01T16:58:53.570120+00:00
0,Firmware Engineer | Germany,linkedin,Firmware Engineer,termios,"Düsseldorf, North Rhine-Westphalia, Germany",On-site,Full-time,Firmware,,English,,,Recent,https://de.linkedin.com/jobs/view/firmware-engineer-at-termios-4465506869,2026-10-01T16:58:53.570268+00:00
0,Firmware Engineer | Germany,linkedin,EMBEDDED RUST SOFTWARE ENTWICKLER (M/W/D),WOLF GmbH,"Mainburg, Bavaria, Germany",On-site,Full-time,Rust,,English,,,Recent,https://de.linkedin.com/jobs/view/embedded-rust-software-entwickler-m-w-d-at-wolf-gmbh-4468624269,2026-10-01T16:58:53.570572+00:00
0,Firmware Engineer | Austria,linkedin,Embedded Firmware Developer (C) - Smart Pocket / Mobile Robotics (M/W/D)*,TGW Logistics,"Wels, Upper Austria, Austria",Remote,Full-time,"C, Firmware",,English,,,Recent,https://at.linkedin.com/jobs/view/embedded-firmware-developer-c-smart-pocket-mobile-robotics-m-w-d-at-tgw-logistics-4416829497,2026-10-01T16:58:56.026287+00:00
0,Firmware Engineer | Austria,linkedin,Embedded Firmware Developer (C) - Smart Pocket / Mobile Robotics (M/F/D)*,TGW Logistics,"Wels, Upper Austria, Austria",Remote,Full-time,"C, Firmware",,English,,,Recent,https://at.linkedin.com/jobs/view/embedded-firmware-developer-c-smart-pocket-mobile-robotics-m-f-d-at-tgw-logistics-4416891469,2026-10-01T16:58:56.026467+00:00
0,Firmware Engineer | Austria,linkedin,Embedded Firmware Developer*in (m/w/d),IVM Technical Consultants,"Vienna, Vienna, Austria",On-site,Full-time,Firmware,,English,,,Recent,https://at.linkedin.com/jobs/view/embedded-firmware-developer-in-m-w-d-at-ivm-technical-consultants-4470890506,2026-10-01T16:58:56.026768+00:00
0,Firmware Engineer | Austria,linkedin,Embedded Soft­ware Engi­neer (m/w/d),BWT Group,"Mondsee, Upper Austria, Austria",On-site,Full-time,,,English,,,Recent,https://at.linkedin.com/jobs/view/embedded-soft%C2%ADware-engi%C2%ADneer-m-w-d-at-bwt-group-4466560175,2026-10-01T16:58:56.026920+00:00
0,Firmware Engineer | Austria,linkedin,Entwickler Embedded Systems (HW/SW) (m/w/d),Liebherr Aerospace and Transportation,"Korneuburg, Lower Austria, Austria",On-site,Full-time,Embedded Systems,,English,,,Recent,https://at.linkedin.com/jobs/view/entwickler-embedded-systems-hw-sw-m-w-d-at-liebherr-aerospace-and-transportation-4454705793,2026-10-01T16:58:56.027117+00:00
0,Firmware Engineer | Austria,linkedin,Embedded Software Engineer,Etac Group,"Arnoldstein, Carinthia, Austria",On-site,Full-time,,,English,,,Recent,https://at.linkedin.com/jobs/view/embedded-software-engineer-at-etac-group-4463025019,2026-10-01T16:58:56.027499+00:00
0,Firmware Engineer | Switzerland,linkedin,Embedded Software Engineer – C/C++,yellowshark® AG,"Lachen, Schwyz, Switzerland",On-site,Full-time,"C, C++",,English,,,Recent,https://ch.linkedin.com/jobs/view/embedded-software-engineer-%E2%80%93-c-c%2B%2B-at-yellowshark%C2%AE-ag-4451218442,2026-10-01T16:58:58.522747+00:00
0,Firmware Engineer | Switzerland,linkedin,Junior Embedded Software Engineer,Helbling Technik,"Wil, St Gallen, Switzerland",On-site,Full-time,,Junior,English,,,Recent,https://ch.linkedin.com/jobs/view/junior-embedded-software-engineer-at-helbling-technik-4470166443,2026-10-01T16:58:58.522931+00:00
0,Firmware Engineer | Switzerland,linkedin,Junior Firmware Engineer Embedded Systems C/C++  (all),Oetiker Group,"Horgen, Zurich, Switzerland",On-site,Full-time,"C, C++, Embedded Systems, Firmware",Junior,English,,,Recent,https://ch.linkedin.com/jobs/view/junior-firmware-engineer-embedded-systems-c-c%2B%2B-all-at-oetiker-group-4461131077,2026-10-01T16:58:58.523118+00:00
0,Firmware Engineer | Switzerland,linkedin,Embedded Software Engineer - SoM,Harmattan AI,"Zurich, Zurich, Switzerland",On-site,Full-time,,,English,,,Recent,https://ch.linkedin.com/jobs/view/embedded-software-engineer-som-at-harmattan-ai-4471275757,2026-10-01T16:58:58.523274+00:00
0,Firmware Engineer | Switzerland,linkedin,Embedded Software Engineer,Searchability®,"Vaud, Switzerland",On-site,Full-time,,,English,,,Recent,https://ch.linkedin.com/jobs/view/embedded-software-engineer-at-searchability%C2%AE-4467700937,2026-10-01T16:58:58.523425+00:00
0,Firmware Engineer | Switzerland,linkedin,"Embedded Softwareentwickler (m/w/d, 80–100%)",Kündig Control Systems,"Rüti, Zurich, Switzerland",Remote,Full-time,,R,English,,,Recent,https://ch.linkedin.com/jobs/view/embedded-softwareentwickler-m-w-d-80%E2%80%93100%25-at-k%C3%BCndig-control-systems-4474138399,2026-10-01T16:58:58.523583+00:00
0,Firmware Engineer | Switzerland,linkedin,Embedded Software Engineer - SoM,Harmattan AI,"Lausanne, Vaud, Switzerland",On-site,Full-time,,,English,,,Recent,https://ch.linkedin.com/jobs/view/embedded-software-engineer-som-at-harmattan-ai-4471275758,2026-10-01T16:58:58.523894+00:00
0,Firmware Engineer | Switzerland,linkedin,Embedded SW Engineer 80 - 100 % (w/m/d),Hamilton,"Bonaduz, Graubünden, Switzerland",On-site,Full-time,,R,German,,,Recent,https://ch.linkedin.com/jobs/view/embedded-sw-engineer-80-100-%25-w-m-d-at-hamilton-4470857241,2026-10-01T16:58:58.524223+00:00
0,Firmware Engineer | Slovakia,linkedin,"Engineer, Automation (m/f/d)",Danfoss,"Považská Bystrica, Trenciansky, Slovakia",On-site,Full-time,,,English,,,Recent,https://sk.linkedin.com/jobs/view/engineer-automation-m-f-d-at-danfoss-4464355868,2026-10-01T16:59:03.239708+00:00
0,Firmware Engineer | Slovakia,linkedin,Simulation Engineer (f/m/x),Sii Poland,Slovakia,On-site,Full-time,,,English,,,Recent,https://sk.linkedin.com/jobs/view/simulation-engineer-f-m-x-at-sii-poland-4473732252,2026-10-01T16:59:03.239863+00:00
0,Firmware Engineer | Czech Republic,linkedin,管培生,海鸿达(北京)餐饮管理有限公司,"アト・マジョール州, Hato Mayor, Dominican Republic",On-site,Full-time,,,English,,,Recent,https://do.linkedin.com/jobs/view/%E7%AE%A1%E5%9F%B9%E7%94%9F-at-%E6%B5%B7%E9%B8%BF%E8%BE%BE-%E5%8C%97%E4%BA%AC-%E9%A4%90%E9%A5%AE%E7%AE%A1%E7%90%86%E6%9C%89%E9%99%90%E5%85%AC%E5%8F%B8-4472672007,2026-10-01T16:59:05.521482+00:00
0,Firmware Engineer | Czech Republic,linkedin,Engineer- Controls,Daikin Applied Americas,"Distrito Nacional, Dominican Republic",On-site,Full-time,,,English,,,Recent,https://do.linkedin.com/jobs/view/engineer-controls-at-daikin-applied-americas-4461905373,2026-10-01T16:59:05.521672+00:00
0,Firmware Engineer | Czech Republic,linkedin,Trainee in Application Lab,STMicroelectronics,"Batey 8, Independencia Province, Dominican Republic",On-site,Full-time,,Trainee,English,,,Recent,https://do.linkedin.com/jobs/view/trainee-in-application-lab-at-stmicroelectronics-4377848452,2026-10-01T16:59:05.521830+00:00
0,Firmware Engineer | Poland,linkedin,Embedded Firmware Engineer — Wireless Connectivity,needCode,"Cracow, Małopolskie, Poland",On-site,Full-time,Firmware,,English,,,Recent,https://pl.linkedin.com/jobs/view/embedded-firmware-engineer-%E2%80%94-wireless-connectivity-at-needcode-4470288763,2026-10-01T16:59:08.014071+00:00
0,Firmware Engineer | Poland,linkedin,Firmware Engineer/ C/C++ Developer (Embedded),Alarm.com,"Warsaw, Mazowieckie, Poland",On-site,Full-time,"C, C++, Firmware",,English,,,Recent,https://pl.linkedin.com/jobs/view/firmware-engineer-c-c%2B%2B-developer-embedded-at-alarm-com-4454666901,2026-10-01T16:59:08.014261+00:00
0,Firmware Engineer | Poland,linkedin,Embedded Engineer,Axos Group,"Gdańsk, Pomorskie, Poland",On-site,Full-time,,,English,,,Recent,https://pl.linkedin.com/jobs/view/embedded-engineer-at-axos-group-4471443378,2026-10-01T16:59:08.015395+00:00
0,Firmware Engineer | USA,linkedin,Embedded Software Engineer Sr - E3,Lockheed Martin,"Owego, NY",On-site,Full-time,,,English,,,Recent,https://www.linkedin.com/jobs/view/embedded-software-engineer-sr-e3-at-lockheed-martin-4471736230,2026-10-01T16:59:10.478086+00:00
0,Firmware Engineer | USA,linkedin,Sr. Firmware Engineer,Vertiv,"Lincoln, NE",On-site,Full-time,Firmware,,English,,,Recent,https://www.linkedin.com/jobs/view/sr-firmware-engineer-at-vertiv-4370110601,2026-10-01T16:59:10.478416+00:00
0,Firmware Engineer | USA,linkedin,Firmware Engineer III,Universal Electronics,"Santa Ana, CA",On-site,Full-time,Firmware,,English,,,Recent,https://www.linkedin.com/jobs/view/firmware-engineer-iii-at-universal-electronics-4465248043,2026-10-01T16:59:10.478569+00:00
0,Firmware Engineer | USA,linkedin,"Embedded Firmware Engineer, Connected Warfare",Anduril Industries,"Costa Mesa, CA",On-site,Full-time,Firmware,,English,,,Recent,https://www.linkedin.com/jobs/view/embedded-firmware-engineer-connected-warfare-at-anduril-industries-4460523169,2026-10-01T16:59:10.478722+00:00
0,Firmware Engineer | USA,linkedin,Firmware Engineer III,Universal Electronics,"Scottsdale, AZ",On-site,Full-time,Firmware,,English,,,Recent,https://www.linkedin.com/jobs/view/firmware-engineer-iii-at-universal-electronics-4465239147,2026-10-01T16:59:10.479508+00:00
0,Firmware Engineer | United Kingdom,linkedin,Embedded Software / Firmware Engineer,Ultra Electronics Group,"Farnborough, England, United Kingdom",On-site,Full-time,Firmware,,English,,,Recent,https://uk.linkedin.com/jobs/view/embedded-software-firmware-engineer-at-ultra-electronics-group-4470866812,2026-10-01T16:59:12.955218+00:00
0,Firmware Engineer | United Kingdom,linkedin,Embedded Software Engineer,Chevalier Tech Limited,"London Area, United Kingdom",On-site,Full-time,,,English,,,Recent,https://uk.linkedin.com/jobs/view/embedded-software-engineer-at-chevalier-tech-limited-4460969571,2026-10-01T16:59:12.955993+00:00
0,Firmware Engineer | United Kingdom,linkedin,Embedded Firmware Engineer,HID,"Tongwynlais, Wales, United Kingdom",On-site,Full-time,Firmware,,English,,,Recent,https://uk.linkedin.com/jobs/view/embedded-firmware-engineer-at-hid-4405533333,2026-10-01T16:59:12.956148+00:00
