relevance_score,search_criteria,provider,title,company,location,work_location_type,employment_type,matching_skills,missing_skills,detected_languages,matched_roles,salary_hint,posted_at_relative,link,scraped_at
29,Tester | Germany,linkedin,Software Tester (w/m/d),Burmester Audiosysteme GmbH,"Berlin, Berlin, Germany",Remote,Full-time,"Pytest, Python, Test Automation",R,German,,,Recent,https://de.linkedin.com/jobs/view/software-tester-w-m-d-at-burmester-audiosysteme-gmbh-4414871671,2026-05-28T13:55:54.142665+00:00
29,Tester | Slovakia,linkedin,Software Tester (ž/m),Siemens,"Žilina, Zilina, Slovakia",On-site,Full-time,,,English,,,Recent,https://sk.linkedin.com/jobs/view/software-tester-%C5%BE-m-at-siemens-4410818186,2026-05-28T13:56:04.007106+00:00
29,QA Engineer | Switzerland,linkedin,Software Verification Engineer,NVIDIA AI,"Zurich, Zurich, Switzerland",On-site,Full-time,,,English,,,Recent,https://ch.linkedin.com/jobs/view/software-verification-engineer-at-nvidia-ai-4412925677,2026-05-28T13:56:21.460018+00:00
29,QA Engineer | Switzerland,linkedin,Software Verification Engineer,NVIDIA,"Zurich, Zurich, Switzerland",On-site,Full-time,,,English,,,Recent,https://ch.linkedin.com/jobs/view/software-verification-engineer-at-nvidia-4413189146,2026-05-28T13:56:21.460432+00:00
29,Test Engineer | Germany,linkedin,"Test Engineer (f/m/d), temporary assignment (18 months) via employee leasing",Rohde & Schwarz,"Berlin, Berlin, Germany",On-site,Full-time,,,English,,,Recent,https://de.linkedin.com/jobs/view/test-engineer-f-m-d-temporary-assignment-18-months-via-employee-leasing-at-rohde-schwarz-4407325582,2026-05-28T13:56:38.996556+00:00
29,Test Engineer | Austria,linkedin,System Validation Engineer (m/f/d),NXP Semiconductors,"Gratkorn, Styria, Austria",On-site,Full-time,,,English,,,Recent,https://at.linkedin.com/jobs/view/system-validation-engineer-m-f-d-at-nxp-semiconductors-4419152337,2026-05-28T13:56:41.536245+00:00
29,Test Engineer | Austria,linkedin,System Validation Engineer,NXP Semiconductors,"Gratkorn, Styria, Austria",On-site,Full-time,,,English,,,Recent,https://at.linkedin.com/jobs/view/system-validation-engineer-at-nxp-semiconductors-4419144214,2026-05-28T13:56:41.536511+00:00
29,Test Engineer | Switzerland,linkedin,System Test Engineer in Building Technologies 80-100%,Siemens,"Zug, Zug, Switzerland",Remote,Full-time,,,English,,,Recent,https://ch.linkedin.com/jobs/view/system-test-engineer-in-building-technologies-80-100%25-at-siemens-4399664156,2026-05-28T13:56:43.990911+00:00
29,Test Engineer | United Kingdom,linkedin,Test Engineer,Thales,"Glasgow, Scotland, United Kingdom",On-site,Full-time,,,English,,,Recent,https://uk.linkedin.com/jobs/view/test-engineer-at-thales-4411208824,2026-05-28T13:56:58.918290+00:00
29,Python Test | USA,linkedin,"Manufacturing Test Engineer, Manufacturing Test Engineer",Amazon Web Services (AWS),"Florence, KY",On-site,Full-time,,"Amazon Web Services, Aws",English,,,Recent,https://www.linkedin.com/jobs/view/manufacturing-test-engineer-manufacturing-test-engineer-at-amazon-web-services-aws-4411600726,2026-05-28T13:58:25.677275+00:00
29,Firmware Engineer | Slovakia,linkedin,IT specialist – software engineering,Continental,"Púchov, Trenciansky, Slovakia",On-site,Full-time,,,English,,,Recent,https://sk.linkedin.com/jobs/view/it-specialist-%E2%80%93-software-engineering-at-continental-4414610478,2026-05-28T13:58:40.803634+00:00
29,Firmware Engineer | Slovakia,linkedin,C++ Developer (ž/m),Siemens,"Žilina, Zilina, Slovakia",On-site,Full-time,"C, C++",,English,,,Recent,https://sk.linkedin.com/jobs/view/c%2B%2B-developer-%C5%BE-m-at-siemens-4404730366,2026-05-28T13:58:40.804207+00:00
29,Firmware Engineer | Slovakia,linkedin,Medior C++ Developer (ž/m),Siemens,"Žilina, Zilina, Slovakia",On-site,Full-time,"C, C++",,English,,,Recent,https://sk.linkedin.com/jobs/view/medior-c%2B%2B-developer-%C5%BE-m-at-siemens-4407645737,2026-05-28T13:58:40.804343+00:00
29,Firmware Engineer | Poland,linkedin,"Embedded Software Engineer II, Ring",Amazon,Gdansk Metropolitan Area,On-site,Full-time,,,English,,,Recent,https://pl.linkedin.com/jobs/view/embedded-software-engineer-ii-ring-at-amazon-4384888307,2026-05-28T13:58:45.601228+00:00
14,Tester | Germany,linkedin,QA Software Tester (m/f/x),Atolls,"Berlin, Germany",Remote,Contract,"Can, Go","Agile, Lead, Jira, Regression Testing",English,Lead,,Recent,https://de.linkedin.com/jobs/view/qa-software-tester-m-f-x-at-atolls-4415334890,2026-05-28T13:55:54.142398+00:00
14,Tester | Austria,linkedin,Junior Game Tester (m/f/d),MERKUR GROUP,"Raaba, Styria, Austria",Remote,Full-time,,"Agile, Jira, Scrum, Staff, Junior",English,Staff,,Recent,https://at.linkedin.com/jobs/view/junior-game-tester-m-f-d-at-merkur-group-4414014817,2026-05-28T13:55:56.580093+00:00
14,Testingenieur | Switzerland,linkedin,Projekt – Test Engineer,NAXCON GROUP,"Zurich, Zurich, Switzerland",Remote,Contract,"Can, Ci/Cd, Go, Test Automation","Agile, Gitlab, Azure, Senior, Jira, Devops",English,Senior,,Recent,https://ch.linkedin.com/jobs/view/projekt-%E2%80%93-test-engineer-at-naxcon-group-4409176207,2026-05-28T13:57:06.704619+00:00
14,Testingenieur | USA,linkedin,System Test Engineer,Cindavi,Mobile Metropolitan Area,Remote,Contract,,"Staff, Associate, Lead",English,"Lead, Staff",,Recent,https://www.linkedin.com/jobs/view/system-test-engineer-at-cindavi-4414787064,2026-05-28T13:57:19.352273+00:00
14,Testingenieur | United Kingdom,linkedin,Senior Test Engineer,Empresaria Group plc,"West Lothian, Scotland, United Kingdom",On-site,Full-time,,Senior,English,Senior,,Recent,https://uk.linkedin.com/jobs/view/senior-test-engineer-at-empresaria-group-plc-4414483406,2026-05-28T13:57:21.926839+00:00
14,Test Automation | Germany,linkedin,Senior Test Automation Engineer/Software Development Engineer in Test (d/f/m),Leapsome,"Berlin, Germany",On-site,Full-time,Test Automation,Senior,English,Senior,,Recent,https://de.linkedin.com/jobs/view/senior-test-automation-engineer-software-development-engineer-in-test-d-f-m-at-leapsome-4319406597,2026-05-28T13:57:24.420387+00:00
14,Test Automation | Austria,linkedin,Senior Test Automation Engineer (all genders) [Graz],adesso Austria GmbH,"Graz, Styria, Austria",On-site,Full-time,Test Automation,Senior,English,Senior,,Recent,https://at.linkedin.com/jobs/view/senior-test-automation-engineer-all-genders-graz-at-adesso-austria-gmbh-4370392579,2026-05-28T13:57:26.930877+00:00
14,Test Automation | Austria,linkedin,Software Test Engineer & Guild Lead (w/m/d),Bachmann electronic GmbH,"Feldkirch, Vorarlberg, Austria",On-site,Full-time,,Lead,English,Lead,,Recent,https://at.linkedin.com/jobs/view/software-test-engineer-guild-lead-w-m-d-at-bachmann-electronic-gmbh-4408251801,2026-05-28T13:57:26.931304+00:00
14,Test Automation | Austria,linkedin,Senior Software Test Engineer (w/m/d),Merkur Versicherung,"Graz, Styria, Austria",On-site,Full-time,,Senior,English,Senior,,Recent,https://at.linkedin.com/jobs/view/senior-software-test-engineer-w-m-d-at-merkur-versicherung-4417315986,2026-05-28T13:57:26.931436+00:00
14,Test Automation | Austria,linkedin,"Test Automation Engineer – Senior Consultant (m,w,d)",QESTIT DACH,"Vienna, Austria",On-site,Full-time,Test Automation,"Senior, Consultant",English,"Consultant, Senior",,Recent,https://at.linkedin.com/jobs/view/test-automation-engineer-%E2%80%93-senior-consultant-m-w-d-at-qestit-dach-4416820707,2026-05-28T13:57:26.931568+00:00
14,Test Automation | Switzerland,linkedin,Senior Software Engineer in Test,ANYbotics,"Zurich, Zurich, Switzerland",On-site,Full-time,,Senior,English,Senior,,Recent,https://ch.linkedin.com/jobs/view/senior-software-engineer-in-test-at-anybotics-4415501872,2026-05-28T13:57:29.393933+00:00
14,Test Automation | Switzerland,linkedin,Senior Test Automation Engineer,Merkle,"Zurich, Zurich, Switzerland",On-site,Full-time,Test Automation,Senior,English,Senior,,Recent,https://ch.linkedin.com/jobs/view/senior-test-automation-engineer-at-merkle-4402358978,2026-05-28T13:57:29.394110+00:00
14,Test Automation | Switzerland,linkedin,Software Test Automation Engineer,Infometis,"Zurich, Zurich, Switzerland",Remote,Internship,Test Automation,"R, Expert, Consultant",German,"Consultant, Expert",,Recent,https://ch.linkedin.com/jobs/view/software-test-automation-engineer-at-infometis-4414098073,2026-05-28T13:57:29.394251+00:00
14,Test Automation | Slovakia,linkedin,Senior Software Test Automation Engineer (Python & AI),Solar Turbines,"Bratislava Old Town, Bratislava, Slovakia",On-site,Full-time,"Python, Test Automation",Senior,English,Senior,,Recent,https://sk.linkedin.com/jobs/view/senior-software-test-automation-engineer-python-ai-at-solar-turbines-4420411344,2026-05-28T13:57:34.327397+00:00
14,Test Automation | Slovakia,linkedin,Senior Software Test Automation Engineer (Python & AI),Solar Turbines,"Košice, Kosice, Slovakia",On-site,Full-time,"Python, Test Automation",Senior,English,Senior,,Recent,https://sk.linkedin.com/jobs/view/senior-software-test-automation-engineer-python-ai-at-solar-turbines-4414914904,2026-05-28T13:57:34.327538+00:00
14,Test Automation | Slovakia,linkedin,Senior Test Developer,Kistler Group,"Bratislava, Slovakia",On-site,Full-time,,Senior,English,Senior,,Recent,https://sk.linkedin.com/jobs/view/senior-test-developer-at-kistler-group-4420290304,2026-05-28T13:57:34.327815+00:00
14,Test Automation | Czech Republic,linkedin,Senior SDET,Perform,Dominican Republic,On-site,Full-time,,Senior,English,Senior,,Recent,https://do.linkedin.com/jobs/view/senior-sdet-at-perform-4344131612,2026-05-28T13:57:36.673099+00:00
14,Test Automation | USA,linkedin,Senior Automation Test Engineer,Motional,"Las Vegas, NV",On-site,Full-time,,Senior,English,Senior,,Recent,https://www.linkedin.com/jobs/view/senior-automation-test-engineer-at-motional-4397062662,2026-05-28T13:57:41.841339+00:00
14,Test Automation | USA,linkedin,Automation Test Lead,PIXIE,"Waukesha, WI",On-site,Full-time,,Lead,English,Lead,,Recent,https://www.linkedin.com/jobs/view/automation-test-lead-at-pixie-4413360839,2026-05-28T13:57:41.841622+00:00
14,Test Automation | USA,linkedin,Test Automation Lead,HTC Global Services,"Grand Rapids, MI",On-site,Full-time,Test Automation,Lead,English,Lead,,Recent,https://www.linkedin.com/jobs/view/test-automation-lead-at-htc-global-services-4413129515,2026-05-28T13:57:41.842167+00:00
14,Test Automation | United Kingdom,linkedin,Test Automation Lead,Motorola Solutions,"Glasgow, Scotland, United Kingdom",On-site,Full-time,Test Automation,Lead,English,Lead,,Recent,https://uk.linkedin.com/jobs/view/test-automation-lead-at-motorola-solutions-4415276510,2026-05-28T13:57:44.454993+00:00
14,Test Automation | United Kingdom,linkedin,Senior Automation Test Engineer,Version 1,"Newcastle Upon Tyne, England, United Kingdom",On-site,Full-time,,Senior,English,Senior,,Recent,https://uk.linkedin.com/jobs/view/senior-automation-test-engineer-at-version-1-4373469439,2026-05-28T13:57:44.455122+00:00
14,Test Automation | United Kingdom,linkedin,Senior Test Engineer,DWP Digital,"Newcastle Upon Tyne, England, United Kingdom",On-site,Full-time,,Senior,English,Senior,,Recent,https://uk.linkedin.com/jobs/view/senior-test-engineer-at-dwp-digital-4415355594,2026-05-28T13:57:44.455254+00:00
14,Python Developer | Austria,linkedin,Senior Software Engineer (Python),AVILOO Battery Diagnostics,"Wiener Neudorf, Lower Austria, Austria",On-site,Full-time,Python,Senior,English,Senior,,Recent,https://at.linkedin.com/jobs/view/senior-software-engineer-python-at-aviloo-battery-diagnostics-4408840563,2026-05-28T13:57:49.404289+00:00
14,Python Developer | Slovakia,linkedin,Senior Application Developer (m/f/d) Python,Deutsche Telekom,"Košice, Kosice, Slovakia",On-site,Full-time,Python,Senior,English,Senior,,Recent,https://sk.linkedin.com/jobs/view/senior-application-developer-m-f-d-python-at-deutsche-telekom-4416631373,2026-05-28T13:57:56.773871+00:00
14,Python Developer | Slovakia,linkedin,Lead Software Engineer - Python,Caterpillar Inc.,"Košice, Kosice, Slovakia",On-site,Contract,"Arm, Can, Ci/Cd, Github Actions, Langchain, Prompt Engineering, Python","Agile, Lead, Git, Golang, Fastapi, Aws, Github",English,Lead,,Recent,https://sk.linkedin.com/jobs/view/lead-software-engineer-python-at-caterpillar-inc-4414609673,2026-05-28T13:57:56.774167+00:00
14,Python Developer | Czech Republic,linkedin,Senior Software Engineer,Fulcrum Digital Inc,Dominican Republic,On-site,Full-time,,Senior,English,Senior,,Recent,https://do.linkedin.com/jobs/view/senior-software-engineer-at-fulcrum-digital-inc-4414122819,2026-05-28T13:57:59.171010+00:00
14,Firmware Engineer | Germany,linkedin,Firmware Engineer (m/w/d) / Senior Firmware Engineer (m/w/d),Eve Systems,"Munich, Bavaria, Germany",On-site,Full-time,Firmware,Senior,English,Senior,,Recent,https://de.linkedin.com/jobs/view/firmware-engineer-m-w-d-senior-firmware-engineer-m-w-d-at-eve-systems-4410138748,2026-05-28T13:58:30.894932+00:00
14,Firmware Engineer | Austria,linkedin,Embedded Software Engineer,Tractive,"Linz, Upper Austria, Austria",On-site,Contract,"C, Embedded Systems, Firmware, Go, Unit Testing","Expert, Scrum, Safe",English,Expert,,Recent,https://at.linkedin.com/jobs/view/embedded-software-engineer-at-tractive-4417021726,2026-05-28T13:58:33.355672+00:00
14,Firmware Engineer | Austria,linkedin,"Embedded Engineer, Operating System",Snap Inc.,"Vienna, Vienna, Austria",On-site,Full-time,"Arm, C, C++, Microcontroller","Linux, Lead, Express",English,Lead,,Recent,https://at.linkedin.com/jobs/view/embedded-engineer-operating-system-at-snap-inc-4417082673,2026-05-28T13:58:33.355813+00:00
14,Firmware Engineer | Austria,linkedin,Embedded Systems Software Engineer,DL Remote,"Vienna, Vienna, Austria",Remote,Full-time,"C, C++, Can, Embedded Systems, Firmware, Rust","Agile, Lead, Vhdl, Verilog, Fpga",English,Lead,,Recent,https://at.linkedin.com/jobs/view/embedded-systems-software-engineer-at-dl-remote-4417190106,2026-05-28T13:58:33.356501+00:00
14,Firmware Engineer | Austria,linkedin,Embedded Software Engineer (m/w/d),HOERBIGER,"Vienna, Vienna, Austria",Remote,Internship,"C, C++, Can, Embedded Systems, Python","Git, Expert, R",German,Expert,,Recent,https://at.linkedin.com/jobs/view/embedded-software-engineer-m-w-d-at-hoerbiger-4409689931,2026-05-28T13:58:33.356634+00:00
14,Firmware Engineer | Switzerland,linkedin,FIRMWARE ENGINEER | EMBEDDED ENGINEER | SVIZZERA,Techyon,"Mendrisio, Ticino, Switzerland",On-site,Full-time,"C, C++, Embedded Systems, Firmware, Python","Linux, Git, Senior, R",English,Senior,,Recent,https://ch.linkedin.com/jobs/view/firmware-engineer-embedded-engineer-svizzera-at-techyon-4402482053,2026-05-28T13:58:35.829483+00:00
14,Firmware Engineer | Slovakia,linkedin,Senior Embedded Test Engineer,Ciklum Czech Republic & Slovakia,"Bratislava, Slovakia",On-site,Full-time,,Senior,English,Senior,,Recent,https://sk.linkedin.com/jobs/view/senior-embedded-test-engineer-at-ciklum-czech-republic-slovakia-4405870734,2026-05-28T13:58:40.804477+00:00
14,Firmware Engineer | Poland,linkedin,Senior Firmware Engineer,Kidde Global Solutions,"Gdańsk, Pomorskie, Poland",On-site,Full-time,Firmware,Senior,English,Senior,,Recent,https://pl.linkedin.com/jobs/view/senior-firmware-engineer-at-kidde-global-solutions-4408414900,2026-05-28T13:58:45.601629+00:00
14,Firmware Engineer | USA,linkedin,Embedded Engineer,Bevi,"Boston, MA",Remote,Contract,"Arm, C, C++, Ci/Cd, Cortex-M, Embedded Linux, Firmware, I2C, Rtos, Spi, Uart, Unit Testing","Linux, Git, Expert, R",English,Expert,,Recent,https://www.linkedin.com/jobs/view/embedded-engineer-at-bevi-4415081744,2026-05-28T13:58:48.211679+00:00
14,Firmware Engineer | United Kingdom,linkedin,Staff Firmware Engineer,Smith+Nephew,"Kingston Upon Hull, England, United Kingdom",On-site,Full-time,Firmware,Staff,English,Staff,,Recent,https://uk.linkedin.com/jobs/view/staff-firmware-engineer-at-smith%2Bnephew-4381322655,2026-05-28T13:58:50.824111+00:00
0,Tester | Germany,linkedin,[DE] QA / Quality Assurance / Software Tester (m/w/d),Technoly,Berlin Metropolitan Area,On-site,Full-time,,,English,,,Recent,https://de.linkedin.com/jobs/view/de-qa-quality-assurance-software-tester-m-w-d-at-technoly-4419533308,2026-05-28T13:55:54.142068+00:00
0,Tester | Germany,linkedin,(Junior) Softwaretester (m/w/d),Stackfield,"Munich, Bavaria, Germany",Remote,Contract,,"Junior, R, Manual Testing",German,,,Recent,https://de.linkedin.com/jobs/view/junior-softwaretester-m-w-d-at-stackfield-4403228099,2026-05-28T13:55:54.142251+00:00
0,Tester | Germany,linkedin,QA Technician (m/f/d),Sandbox Interactive,"Berlin, Berlin, Germany",Remote,Internship,Can,"Agile, Linux, Jira, Regression Testing",English,,,Recent,https://de.linkedin.com/jobs/view/qa-technician-m-f-d-at-sandbox-interactive-4410888071,2026-05-28T13:55:54.142533+00:00
0,Tester | Germany,linkedin,Product QA Engineer,Almedia,"Berlin, Germany",Remote,Full-time,"Can, Playwright, Test Automation","Cypress, Manual Testing",English,,,Recent,https://de.linkedin.com/jobs/view/product-qa-engineer-at-almedia-4339366784,2026-05-28T13:55:54.142798+00:00
0,Tester | Germany,linkedin,Software Tester (m/w/d) Full Remote,Computer Futures,"Berlin, Berlin, Germany",Remote,Full-time,"Bash, Java, Shell","Angular, Linux, Kubernetes, Spring Boot, Sql, Hibernate, Docker",German,,,Recent,https://de.linkedin.com/jobs/view/software-tester-m-w-d-full-remote-at-computer-futures-4413298979,2026-05-28T13:55:54.142949+00:00
0,Tester | Germany,linkedin,Software Tester (m/w/d),Bizerba,"Balingen, Baden-Württemberg, Germany",On-site,Full-time,,,English,,,Recent,https://de.linkedin.com/jobs/view/software-tester-m-w-d-at-bizerba-4369545776,2026-05-28T13:55:54.143081+00:00
0,Tester | Germany,linkedin,Software Tester (all genders),GK Software,"St. Ingbert, Saarland, Germany",Remote,Contract,,R,German,,,Recent,https://de.linkedin.com/jobs/view/software-tester-all-genders-at-gk-software-4375013194,2026-05-28T13:55:54.143214+00:00
0,Tester | Germany,linkedin,Systemtester (m/w/d),Rheinmetall,"Bremen, Bremen, Germany",On-site,Full-time,,,English,,,Recent,https://de.linkedin.com/jobs/view/systemtester-m-w-d-at-rheinmetall-4413035122,2026-05-28T13:55:54.143342+00:00
0,Tester | Austria,linkedin,Software Tester (Analytics & GUI),MXP,"Graz, Styria, Austria",On-site,Contract,"Ci/Cd, Playwright, Test Automation",Cypress,English,,,Recent,https://at.linkedin.com/jobs/view/software-tester-analytics-gui-at-mxp-4406979574,2026-05-28T13:55:56.579767+00:00
0,Tester | Austria,linkedin,Tester:in,ACTIVE SOLUTION GmbH,"Vienna, Austria",On-site,Full-time,"Playwright, Selenium, Test Automation","Agile, Scrum, R, Cypress, Kanban",German,,,Recent,https://at.linkedin.com/jobs/view/tester-in-at-active-solution-gmbh-4419853054,2026-05-28T13:55:56.579958+00:00
0,Tester | Austria,linkedin,Software Tester (f/m/d),GE HealthCare,"Vöcklamarkt, Upper Austria, Austria",Remote,Contract,Integration Testing,"R, Associate, Entry-Level",German,,,Recent,https://at.linkedin.com/jobs/view/software-tester-f-m-d-at-ge-healthcare-4416658855,2026-05-28T13:55:56.580227+00:00
0,Tester | Austria,linkedin,Software Tester,FB Consulting & Trade GmbH,"Vienna, Austria",Remote,Contract,"Selenium, Test Automation","Agile, Azure, Appium, Jira, Scrum, Devops, Kanban",English,,,Recent,https://at.linkedin.com/jobs/view/software-tester-at-fb-consulting-trade-gmbh-4410472405,2026-05-28T13:55:56.580370+00:00
0,Tester | Austria,linkedin,Software Test Engineer (f/m/d),COPA-DATA,"Salzburg, Salzburg, Austria",Remote,Contract,Can,"Performance Testing, Junior, Linux",English,,,Recent,https://at.linkedin.com/jobs/view/software-test-engineer-f-m-d-at-copa-data-4406956596,2026-05-28T13:55:56.580503+00:00
0,Tester | Austria,linkedin,SOFTWARE TEST ENGINEER (m/w/d),eurofunk Kappacher GmbH,"Salzburg, Salzburg, Austria",Remote,Internship,,"Confluence, Git, Jira, R, Cypress",German,,,Recent,https://at.linkedin.com/jobs/view/software-test-engineer-m-w-d-at-eurofunk-kappacher-gmbh-4406716367,2026-05-28T13:55:56.580635+00:00
0,Tester | Austria,linkedin,Quality Engineer,Trayport,"Vienna, Vienna, Austria",On-site,Full-time,"Bash, C, Can, Python, Test Automation","Linux, Azure, Grafana, Postman, Devops, C#, React, Docker",English,,,Recent,https://at.linkedin.com/jobs/view/quality-engineer-at-trayport-4399977766,2026-05-28T13:55:56.580763+00:00
0,Tester | Austria,linkedin,Software Tester / Systems Integration (w/m/x),NOVOMATIC,"Gumpoldskirchen, Lower Austria, Austria",On-site,Internship,"Firmware, Integration Testing","Linux, Intern, R",German,,,Recent,https://at.linkedin.com/jobs/view/software-tester-systems-integration-w-m-x-at-novomatic-4330849942,2026-05-28T13:55:56.580901+00:00
0,Tester | Austria,linkedin,Associate Software Quality Assurance Engineer(P2),International Atomic Energy Agency (IAEA),"Innere Stadt, Vienna, Austria",On-site,Internship,,Associate,English,,,Recent,https://at.linkedin.com/jobs/view/associate-software-quality-assurance-engineer-p2-at-international-atomic-energy-agency-iaea-4415242102,2026-05-28T13:55:56.581035+00:00
0,Tester | Switzerland,linkedin,QA Teste/Test Analys/Automatio Enginer,EUAM RCA,"Zurich, Zurich, Switzerland",On-site,Full-time,,,English,,,Recent,https://ch.linkedin.com/jobs/view/qa-teste-test-analys-automatio-enginer-at-euam-rca-4419062407,2026-05-28T13:55:59.034289+00:00
0,Tester | Switzerland,linkedin,Software Test Engineer,SwissPeak Partners,"Zurich, Switzerland",On-site,Full-time,,,English,,,Recent,https://ch.linkedin.com/jobs/view/software-test-engineer-at-swisspeak-partners-4417067831,2026-05-28T13:55:59.034471+00:00
0,Tester | Switzerland,linkedin,PeopleSoft Tester- Time and Labor,"Bart & Associates, Inc.","Fully, Valais, Switzerland",On-site,Full-time,,,English,,,Recent,https://ch.linkedin.com/jobs/view/peoplesoft-tester-time-and-labor-at-bart-associates-inc-4410843014,2026-05-28T13:55:59.034605+00:00
0,Tester | Switzerland,linkedin,Test Analyst,itecor,"Lausanne, Vaud, Switzerland",On-site,Full-time,,,English,,,Recent,https://ch.linkedin.com/jobs/view/test-analyst-at-itecor-4396587227,2026-05-28T13:55:59.034743+00:00
0,Tester | Switzerland,linkedin,Test Engineer,Transgourmet/Prodega Schweiz,"Berne, Switzerland",On-site,Full-time,,,English,,,Recent,https://ch.linkedin.com/jobs/view/test-engineer-at-transgourmet-prodega-schweiz-4416174543,2026-05-28T13:55:59.034876+00:00
0,Tester | Switzerland,linkedin,System Validation Technician,Specialized Bicycle Components,"Cham, Zug, Switzerland",On-site,Full-time,,,English,,,Recent,https://ch.linkedin.com/jobs/view/system-validation-technician-at-specialized-bicycle-components-4413407950,2026-05-28T13:55:59.035022+00:00
0,Tester | Switzerland,linkedin,Test Engineer,ITech Consult AG,"Bern, Berne, Switzerland",On-site,Full-time,,,English,,,Recent,https://ch.linkedin.com/jobs/view/test-engineer-at-itech-consult-ag-4413046718,2026-05-28T13:55:59.035157+00:00
0,Tester | Switzerland,linkedin,Test Analyst - D365FO (H/F/X),Ekkiden,"Lausanne, Vaud, Switzerland",On-site,Full-time,,,English,,,Recent,https://ch.linkedin.com/jobs/view/test-analyst-d365fo-h-f-x-at-ekkiden-4408517871,2026-05-28T13:55:59.035285+00:00
0,Tester | Switzerland,linkedin,QA Engineer – Mobile Testing,Specialized Bicycle Components,"Cham, Zug, Switzerland",Remote,Full-time,,,English,,,Recent,https://ch.linkedin.com/jobs/view/qa-engineer-%E2%80%93-mobile-testing-at-specialized-bicycle-components-4419855030,2026-05-28T13:55:59.035419+00:00
0,Tester | Switzerland,linkedin,Test Engineer (m/w/d) 80 - 100%,Zurich Insurance,"Zurich, Zurich, Switzerland",Remote,Full-time,,,English,,,Recent,https://ch.linkedin.com/jobs/view/test-engineer-m-w-d-80-100%25-at-zurich-insurance-4402120944,2026-05-28T13:55:59.035562+00:00
0,Tester | Slovakia,linkedin,Manual Tester with Overlap into Automation,Billdu,"Bratislava, Bratislava, Slovakia",On-site,Full-time,,,English,,,Recent,https://sk.linkedin.com/jobs/view/manual-tester-with-overlap-into-automation-at-billdu-4417488379,2026-05-28T13:56:04.006479+00:00
0,Tester | Slovakia,linkedin,Medior Agile Tester,ESET,"Bratislava, Bratislava, Slovakia",On-site,Full-time,,Agile,English,,,Recent,https://sk.linkedin.com/jobs/view/medior-agile-tester-at-eset-4374813990,2026-05-28T13:56:04.006664+00:00
0,Tester | Slovakia,linkedin,Manuálny tester/testerka s presahom do automatizácie,Billdu,"Bratislava, Slovakia",On-site,Full-time,,,English,,,Recent,https://sk.linkedin.com/jobs/view/manu%C3%A1lny-tester-testerka-s-presahom-do-automatiz%C3%A1cie-at-billdu-4413528429,2026-05-28T13:56:04.006803+00:00
0,Tester | Slovakia,linkedin,Manual QA Tester,Descartes Systems Group,"Žilina, Zilina, Slovakia",On-site,Full-time,,,English,,,Recent,https://sk.linkedin.com/jobs/view/manual-qa-tester-at-descartes-systems-group-4382115365,2026-05-28T13:56:04.006960+00:00
0,Tester | Slovakia,linkedin,Integration Tester,Avenga,"Bratislava, Bratislava, Slovakia",On-site,Full-time,,,English,,,Recent,https://sk.linkedin.com/jobs/view/integration-tester-at-avenga-4331424497,2026-05-28T13:56:04.007242+00:00
0,Tester | Slovakia,linkedin,Junior Quality Assurance / Test Engineer - Product Area Research & Sustainability,Swiss Re,"Bratislava, Bratislava, Slovakia",On-site,Full-time,,Junior,English,,,Recent,https://sk.linkedin.com/jobs/view/junior-quality-assurance-test-engineer-product-area-research-sustainability-at-swiss-re-4415627043,2026-05-28T13:56:04.007376+00:00
0,Tester | Slovakia,linkedin,IT Technologický tester do teamu Open Banking,Tatra banka,"Bratislava, Slovakia",On-site,Full-time,,,English,,,Recent,https://sk.linkedin.com/jobs/view/it-technologick%C3%BD-tester-do-teamu-open-banking-at-tatra-banka-4407733571,2026-05-28T13:56:04.007510+00:00
0,Tester | Slovakia,linkedin,Salesforce Test Engineer,Caterpillar Inc.,"Košice, Kosice, Slovakia",On-site,Full-time,,,English,,,Recent,https://sk.linkedin.com/jobs/view/salesforce-test-engineer-at-caterpillar-inc-4410217863,2026-05-28T13:56:04.007650+00:00
0,Tester | Slovakia,linkedin,Agile Test Engineer,ESET,"Košice, Kosice, Slovakia",On-site,Full-time,,Agile,English,,,Recent,https://sk.linkedin.com/jobs/view/agile-test-engineer-at-eset-4405175696,2026-05-28T13:56:04.007793+00:00
0,Tester | Czech Republic,linkedin,Software Quality Assurance Tester / R + D - Remote Work,BairesDev,"Santo Domingo, Dominican Republic",Remote,Full-time,,R,English,,,Recent,https://do.linkedin.com/jobs/view/software-quality-assurance-tester-r-%2B-d-remote-work-at-bairesdev-4418252933,2026-05-28T13:56:06.349068+00:00
0,Tester | Czech Republic,linkedin,QA Funcional,Interfell,"Santo Domingo, Distrito Nacional, Dominican Republic",On-site,Full-time,,,English,,,Recent,https://do.linkedin.com/jobs/view/qa-funcional-at-interfell-4416832781,2026-05-28T13:56:06.349245+00:00
0,Tester | Poland,linkedin,IoT Device Tester,EPAM Systems,Cracow Metropolitan Area,On-site,Full-time,,,English,,,Recent,https://pl.linkedin.com/jobs/view/iot-device-tester-at-epam-systems-4414343319,2026-05-28T13:56:08.892332+00:00
0,Tester | Poland,linkedin,Junior IoT Device Tester,EPAM Systems,Cracow Metropolitan Area,On-site,Full-time,,Junior,English,,,Recent,https://pl.linkedin.com/jobs/view/junior-iot-device-tester-at-epam-systems-4414342291,2026-05-28T13:56:08.892510+00:00
0,Tester | Poland,linkedin,Tester/ka manualny/a,Base.com,"Gdańsk, Pomorskie, Poland",On-site,Full-time,,,English,,,Recent,https://pl.linkedin.com/jobs/view/tester-ka-manualny-a-at-base-com-4419851654,2026-05-28T13:56:08.892649+00:00
0,Tester | Poland,linkedin,Tester/ka manualny/a,Base.com,"Łódź, Łódzkie, Poland",On-site,Full-time,,,English,,,Recent,https://pl.linkedin.com/jobs/view/tester-ka-manualny-a-at-base-com-4419848832,2026-05-28T13:56:08.892797+00:00
0,Tester | Poland,linkedin,"TESTER MANUALNY / TESTERKA MANUALNA - Lublin (Lubelskie), Polska",Astek,"Lublin, Lubelskie, Poland",On-site,Full-time,,,English,,,Recent,https://pl.linkedin.com/jobs/view/tester-manualny-testerka-manualna-lublin-lubelskie-polska-at-astek-4406495171,2026-05-28T13:56:08.892952+00:00
0,Tester | Poland,linkedin,"Tester / Testerka  - Wroclaw (Dolnośląskie), Polska",Astek,Wroclaw Metropolitan Area,On-site,Full-time,,,English,,,Recent,https://pl.linkedin.com/jobs/view/tester-testerka-wroclaw-dolno%C5%9Bl%C4%85skie-polska-at-astek-4358055143,2026-05-28T13:56:08.893093+00:00
0,Tester | Poland,linkedin,Manual Web QA Engineer,Luxoft,Gdansk Metropolitan Area,On-site,Full-time,,,English,,,Recent,https://pl.linkedin.com/jobs/view/manual-web-qa-engineer-at-luxoft-4414223401,2026-05-28T13:56:08.893231+00:00
0,Tester | Poland,linkedin,Manual Tester (f/m/x),Sii Poland,"Białystok, Podlaskie, Poland",On-site,Full-time,,,English,,,Recent,https://pl.linkedin.com/jobs/view/manual-tester-f-m-x-at-sii-poland-4406472764,2026-05-28T13:56:08.893362+00:00
0,Tester | Poland,linkedin,Test Engineer,Demant Polska,"Mierzyn, Zachodniopomorskie, Poland",On-site,Full-time,,,English,,,Recent,https://pl.linkedin.com/jobs/view/test-engineer-at-demant-polska-4417862881,2026-05-28T13:56:08.893501+00:00
0,Tester | Poland,linkedin,Manual Tester (m/f/d) || Daily Banking,Commerzbank Digital Technology Centre Poland,"Łódź, Łódzkie, Poland",On-site,Full-time,,,English,,,Recent,https://pl.linkedin.com/jobs/view/manual-tester-m-f-d-daily-banking-at-commerzbank-digital-technology-centre-poland-4414307081,2026-05-28T13:56:08.893633+00:00
0,Tester | USA,linkedin,Product Tester,Tactacam,"Billings, MT",On-site,Full-time,,,English,,,Recent,https://www.linkedin.com/jobs/view/product-tester-at-tactacam-4344854298,2026-05-28T13:56:11.485321+00:00
0,Tester | USA,linkedin,Mobile Manual QA Tester,Fi,"New York, NY",Remote,Full-time,,,English,,,Recent,https://www.linkedin.com/jobs/view/mobile-manual-qa-tester-at-fi-4413260785,2026-05-28T13:56:11.485496+00:00
0,Tester | USA,linkedin,Tester (1st shift),Vertiv,"Anderson, SC",On-site,Full-time,,,English,,,Recent,https://www.linkedin.com/jobs/view/tester-1st-shift-at-vertiv-4416949867,2026-05-28T13:56:11.485639+00:00
0,Tester | USA,linkedin,QA Analyst,Silencer Central,"Sioux Falls, SD",On-site,Full-time,,,English,,,Recent,https://www.linkedin.com/jobs/view/qa-analyst-at-silencer-central-4408554142,2026-05-28T13:56:11.485770+00:00
0,Tester | USA,linkedin,Game Tester,UST,"Folsom, CA",On-site,Full-time,,,English,,,Recent,https://www.linkedin.com/jobs/view/game-tester-at-ust-4414069510,2026-05-28T13:56:11.485915+00:00
0,Tester | USA,linkedin,Quality Analyst 2,Garmin,"Yarmouth, ME",On-site,Full-time,,,English,,,Recent,https://www.linkedin.com/jobs/view/quality-analyst-2-at-garmin-4398956131,2026-05-28T13:56:11.486049+00:00
0,Tester | USA,linkedin,Test Specialist,"T-Rex Solutions, LLC","Sierra Vista, AZ",On-site,Full-time,,,English,,,Recent,https://www.linkedin.com/jobs/view/test-specialist-at-t-rex-solutions-llc-4417453240,2026-05-28T13:56:11.486181+00:00
0,Tester | USA,linkedin,Software Tester,Radiance Technologies,"Beavercreek, OH",On-site,Full-time,,,English,,,Recent,https://www.linkedin.com/jobs/view/software-tester-at-radiance-technologies-4407872994,2026-05-28T13:56:11.486312+00:00
0,Tester | USA,linkedin,Test Engineer,OCLC,"Dublin, OH",On-site,Full-time,,,English,,,Recent,https://www.linkedin.com/jobs/view/test-engineer-at-oclc-4413768182,2026-05-28T13:56:11.486447+00:00
0,Tester | USA,linkedin,Software Tester,KBR Careers,"Colorado Springs, CO",On-site,Full-time,,,English,,,Recent,https://www.linkedin.com/jobs/view/software-tester-at-kbr-careers-4408701007,2026-05-28T13:56:11.486572+00:00
0,Tester | United Kingdom,linkedin,QA Test Engineer,LUSH,"Poole, England, United Kingdom",On-site,Full-time,,,English,,,Recent,https://uk.linkedin.com/jobs/view/qa-test-engineer-at-lush-4414208228,2026-05-28T13:56:14.059967+00:00
0,Tester | United Kingdom,linkedin,Test Engineer,Noir,"Bournemouth, England, United Kingdom",On-site,Full-time,,,English,,,Recent,https://uk.linkedin.com/jobs/view/test-engineer-at-noir-4418942245,2026-05-28T13:56:14.060146+00:00
0,Tester | United Kingdom,linkedin,Mobile App Tester,PRA Group (Nasdaq: PRAA),"Kilmarnock, Scotland, United Kingdom",Remote,Full-time,,,English,,,Recent,https://uk.linkedin.com/jobs/view/mobile-app-tester-at-pra-group-nasdaq-praa-4406948870,2026-05-28T13:56:14.060291+00:00
0,Tester | United Kingdom,linkedin,Quality Engineer,develop,"Fareham, England, United Kingdom",On-site,Full-time,,,English,,,Recent,https://uk.linkedin.com/jobs/view/quality-engineer-at-develop-4411897008,2026-05-28T13:56:14.060433+00:00
0,Tester | United Kingdom,linkedin,"Software Tester, PAM",bet365,"Stoke-On-Trent, England, United Kingdom",On-site,Full-time,,,English,,,Recent,https://uk.linkedin.com/jobs/view/software-tester-pam-at-bet365-4414551989,2026-05-28T13:56:14.060568+00:00
0,Tester | United Kingdom,linkedin,DTS Tester,South Yorkshire Mayoral Combined Authority,"Sheffield, England, United Kingdom",On-site,Full-time,,,English,,,Recent,https://uk.linkedin.com/jobs/view/dts-tester-at-south-yorkshire-mayoral-combined-authority-4417060924,2026-05-28T13:56:14.060698+00:00
0,Tester | United Kingdom,linkedin,Test Analyst,University Hospital Southampton NHS FT,"Southampton, England, United Kingdom",On-site,Full-time,,,English,,,Recent,https://uk.linkedin.com/jobs/view/test-analyst-at-university-hospital-southampton-nhs-ft-4417631476,2026-05-28T13:56:14.060834+00:00
0,Tester | United Kingdom,linkedin,Test Analyst,International Baccalaureate,"Cardiff, Wales, United Kingdom",On-site,Internship,,,English,,,Recent,https://uk.linkedin.com/jobs/view/test-analyst-at-international-baccalaureate-4417738494,2026-05-28T13:56:14.060981+00:00
0,Tester | United Kingdom,linkedin,Test Analyst,IDGateway® Limited,"Farnborough, England, United Kingdom",On-site,Full-time,,,English,,,Recent,https://uk.linkedin.com/jobs/view/test-analyst-at-idgateway%C2%AE-limited-4394907513,2026-05-28T13:56:14.061112+00:00
0,Tester | United Kingdom,linkedin,Junior Test Engineer,develop,"Fareham, England, United Kingdom",On-site,Full-time,,Junior,English,,,Recent,https://uk.linkedin.com/jobs/view/junior-test-engineer-at-develop-4408407412,2026-05-28T13:56:14.061246+00:00
0,QA Engineer | Germany,linkedin,Software Quality Engineer,Safety io,"Berlin, Germany",Remote,Contract,"Can, Ci/Cd, Integration Testing, Playwright, Test Automation, Typescript, Unit Testing","Performance Testing, Angular, Agile, Postgresql, Amazon Web Services, Appium, Aws, Cypress",English,,,Recent,https://de.linkedin.com/jobs/view/software-quality-engineer-at-safety-io-4378105353,2026-05-28T13:56:16.576692+00:00
0,QA Engineer | Germany,linkedin,QA Engineer (m/w/d),aconium GmbH,"Berlin, Berlin, Germany",On-site,Full-time,,,English,,,Recent,https://de.linkedin.com/jobs/view/qa-engineer-m-w-d-at-aconium-gmbh-4406469108,2026-05-28T13:56:16.576865+00:00
0,QA Engineer | Germany,linkedin,QA Engineer (m/w/d),aconium GmbH,"Berlin, Germany",On-site,Full-time,,,English,,,Recent,https://de.linkedin.com/jobs/view/qa-engineer-m-w-d-at-aconium-gmbh-4408252919,2026-05-28T13:56:16.577018+00:00
0,QA Engineer | Germany,linkedin,Quality Assurance Engineer,Quantum Machines,"Stuttgart, Baden-Württemberg, Germany",On-site,Full-time,,,English,,,Recent,https://de.linkedin.com/jobs/view/quality-assurance-engineer-at-quantum-machines-4418258732,2026-05-28T13:56:16.577276+00:00
0,QA Engineer | Germany,linkedin,QA Automation Engineer (gn),OPTIMAL SYSTEMS Hannover,"Berlin, Berlin, Germany",On-site,Full-time,,,English,,,Recent,https://de.linkedin.com/jobs/view/qa-automation-engineer-gn-at-optimal-systems-hannover-4417751877,2026-05-28T13:56:16.577413+00:00
0,QA Engineer | Germany,linkedin,Software-Tester/Quality Engineer (m/w/d),T2med GmbH & Co. KG,Greater Kiel Area,On-site,Full-time,,,English,,,Recent,https://de.linkedin.com/jobs/view/software-tester-quality-engineer-m-w-d-at-t2med-gmbh-co-kg-4418551420,2026-05-28T13:56:16.577544+00:00
0,QA Engineer | Germany,linkedin,QA Engineer (m/w/d),Yorizon Cloud,Berlin Metropolitan Area,On-site,Full-time,,,English,,,Recent,https://de.linkedin.com/jobs/view/qa-engineer-m-w-d-at-yorizon-cloud-4398292175,2026-05-28T13:56:16.577668+00:00
0,QA Engineer | Germany,linkedin,QA Engineer (w/m/d),Westernacher Solutions,"Berlin, Germany",Remote,Full-time,"Javascript, Playwright, Selenium, Test Automation","Jira, R, Zephyr",German,,,Recent,https://de.linkedin.com/jobs/view/qa-engineer-w-m-d-at-westernacher-solutions-4349803462,2026-05-28T13:56:16.577792+00:00
0,QA Engineer | Germany,linkedin,Software Test Engineer (m/w/d),OPTIMA packaging group,"Schwäbisch Hall, Baden-Württemberg, Germany",On-site,Full-time,,,English,,,Recent,https://de.linkedin.com/jobs/view/software-test-engineer-m-w-d-at-optima-packaging-group-4414335604,2026-05-28T13:56:16.577937+00:00
0,QA Engineer | Austria,linkedin,Quality Assurance Engineer,AAA Global,"Vienna, Austria",On-site,Full-time,,,English,,,Recent,https://at.linkedin.com/jobs/view/quality-assurance-engineer-at-aaa-global-4416095694,2026-05-28T13:56:19.020595+00:00
0,QA Engineer | Austria,linkedin,QA Engineer,Bybit EU,"Vienna, Austria",On-site,Full-time,,,English,,,Recent,https://at.linkedin.com/jobs/view/qa-engineer-at-bybit-eu-4413552498,2026-05-28T13:56:19.020731+00:00
0,QA Engineer | Austria,linkedin,"Software Quality Engineer, 80-100% (f/m/x)",OMICRON electronics,"Klaus, Vorarlberg, Austria",Remote,Full-time,,,English,,,Recent,https://at.linkedin.com/jobs/view/software-quality-engineer-80-100%25-f-m-x-at-omicron-electronics-4420282746,2026-05-28T13:56:19.020863+00:00
0,QA Engineer | Austria,linkedin,QA Engineer (m/w/d),Yorizon Cloud,"Vienna, Austria",On-site,Full-time,,,English,,,Recent,https://at.linkedin.com/jobs/view/qa-engineer-m-w-d-at-yorizon-cloud-4398273672,2026-05-28T13:56:19.021042+00:00
0,QA Engineer | Austria,linkedin,Software Quality Assurance Engineer (f/m/x),OMICRON electronics,"Fraxern, Vorarlberg, Austria",On-site,Full-time,,,English,,,Recent,https://at.linkedin.com/jobs/view/software-quality-assurance-engineer-f-m-x-at-omicron-electronics-4417045573,2026-05-28T13:56:19.021309+00:00
0,QA Engineer | Austria,linkedin,QA Engineer (m/w/d),Axess,"Anif, Salzburg, Austria",On-site,Full-time,,,English,,,Recent,https://at.linkedin.com/jobs/view/qa-engineer-m-w-d-at-axess-4415749739,2026-05-28T13:56:19.021433+00:00
0,QA Engineer | Austria,linkedin,Test Automation Engineer (f/m/d),Greentube GmbH,"Vienna, Vienna, Austria",On-site,Full-time,Test Automation,,English,,,Recent,https://at.linkedin.com/jobs/view/test-automation-engineer-f-m-d-at-greentube-gmbh-4408737474,2026-05-28T13:56:19.021685+00:00
0,QA Engineer | Switzerland,linkedin,Test Automation Engineer,Fincons Group,"Lugano, Ticino, Switzerland",On-site,Full-time,Test Automation,,English,,,Recent,https://ch.linkedin.com/jobs/view/test-automation-engineer-at-fincons-group-4419860435,2026-05-28T13:56:21.460171+00:00
0,QA Engineer | Switzerland,linkedin,Software Development Engineer in Test (SDET),Uster Technologies,"Uster, Zurich, Switzerland",On-site,Full-time,,,English,,,Recent,https://ch.linkedin.com/jobs/view/software-development-engineer-in-test-sdet-at-uster-technologies-4416089123,2026-05-28T13:56:21.460301+00:00
0,QA Engineer | Switzerland,linkedin,Software Engineer - QA (m/w/d),Rocken®,"Bern, Berne, Switzerland",On-site,Full-time,,,English,,,Recent,https://ch.linkedin.com/jobs/view/software-engineer-qa-m-w-d-at-rocken%C2%AE-4418284480,2026-05-28T13:56:21.460697+00:00
0,QA Engineer | Slovakia,linkedin,Quality Assurance Automation Engineer,Billdu,"Bratislava, Bratislava, Slovakia",On-site,Full-time,,,English,,,Recent,https://sk.linkedin.com/jobs/view/quality-assurance-automation-engineer-at-billdu-4387888986,2026-05-28T13:56:26.401070+00:00
0,QA Engineer | Slovakia,linkedin,QA Engineer (Hybrid set up),Swiss Re,"Bratislava, Bratislava, Slovakia",Hybrid,Full-time,,,English,,,Recent,https://sk.linkedin.com/jobs/view/qa-engineer-hybrid-set-up-at-swiss-re-4409358923,2026-05-28T13:56:26.401216+00:00
0,QA Engineer | Slovakia,linkedin,Software Test Engineer,Descartes Systems Group,"Žilina, Zilina, Slovakia",On-site,Full-time,,,English,,,Recent,https://sk.linkedin.com/jobs/view/software-test-engineer-at-descartes-systems-group-4346477958,2026-05-28T13:56:26.401358+00:00
0,QA Engineer | Slovakia,linkedin,Agile Test Engineer,ESET,"Bratislava, Bratislava, Slovakia",On-site,Full-time,,Agile,English,,,Recent,https://sk.linkedin.com/jobs/view/agile-test-engineer-at-eset-4403248690,2026-05-28T13:56:26.401499+00:00
0,QA Engineer | Slovakia,linkedin,"Software Test Engineer (Cypress, MochaJS)",Solar Turbines,"Bratislava Old Town, Bratislava, Slovakia",On-site,Full-time,,Cypress,English,,,Recent,https://sk.linkedin.com/jobs/view/software-test-engineer-cypress-mochajs-at-solar-turbines-4420403522,2026-05-28T13:56:26.401631+00:00
0,QA Engineer | Slovakia,linkedin,Test Automation Engineer,Ohpen,"Bratislava, Slovakia",On-site,Full-time,Test Automation,,English,,,Recent,https://sk.linkedin.com/jobs/view/test-automation-engineer-at-ohpen-4416888228,2026-05-28T13:56:26.401766+00:00
0,QA Engineer | Slovakia,linkedin,Software Quality Engineer for MinebeaMitsumi development centre Košice (m/f/d),MinebeaMitsumi Europe,"Košice, Kosice, Slovakia",On-site,Full-time,,,English,,,Recent,https://sk.linkedin.com/jobs/view/software-quality-engineer-for-minebeamitsumi-development-centre-ko%C5%A1ice-m-f-d-at-minebeamitsumi-europe-4414528946,2026-05-28T13:56:26.401911+00:00
0,QA Engineer | Slovakia,linkedin,"Software Test Engineer (Cypress, MochaJS)",Solar Turbines,"Košice, Kosice, Slovakia",On-site,Full-time,,Cypress,English,,,Recent,https://sk.linkedin.com/jobs/view/software-test-engineer-cypress-mochajs-at-solar-turbines-4414925483,2026-05-28T13:56:26.402058+00:00
0,QA Engineer | Slovakia,linkedin,Manual QA Engineer,Servers.com,"Bratislava, Slovakia",On-site,Full-time,,,English,,,Recent,https://sk.linkedin.com/jobs/view/manual-qa-engineer-at-servers-com-4409910977,2026-05-28T13:56:26.402198+00:00
0,QA Engineer | Czech Republic,linkedin,QA Automation Engineer,CrecerLab,"Distrito Nacional, Dominican Republic",On-site,Full-time,,,English,,,Recent,https://do.linkedin.com/jobs/view/qa-automation-engineer-at-crecerlab-4417364413,2026-05-28T13:56:28.833630+00:00
0,QA Engineer | Czech Republic,linkedin,Ingeniero QA,GBM,Dominican Republic,On-site,Full-time,,,English,,,Recent,https://do.linkedin.com/jobs/view/ingeniero-qa-at-gbm-4415114322,2026-05-28T13:56:28.833806+00:00
0,QA Engineer | Czech Republic,linkedin,Vacante: Software QA Engineer,Tu Empleo RD,"Santo Domingo Este, Santo Domingo, Dominican Republic",On-site,Full-time,,,English,,,Recent,https://do.linkedin.com/jobs/view/vacante-software-qa-engineer-at-tu-empleo-rd-4420233445,2026-05-28T13:56:28.833964+00:00
0,QA Engineer | Czech Republic,linkedin,Quality Automation Engineer,Flash,"Santo Domingo, Distrito Nacional, Dominican Republic",On-site,Full-time,,,English,,,Recent,https://do.linkedin.com/jobs/view/quality-automation-engineer-at-flash-4415552554,2026-05-28T13:56:28.834104+00:00
0,QA Engineer | Czech Republic,linkedin,"Quality Automation Engineer (Santo Domingo, DO)",Parking Network B.V.,"Santo Domingo, Distrito Nacional, Dominican Republic",Remote,Full-time,"C, Can, Ci/Cd, Continuous Testing, Github Actions, Java, Jenkins, Playwright, Python, Selenium, Test Automation, Typescript","Git, Azure, Devops, Sql, Github, Agile, Appium, C#, Cypress",English,,,Recent,https://do.linkedin.com/jobs/view/quality-automation-engineer-santo-domingo-do-at-parking-network-b-v-4419895183,2026-05-28T13:56:28.834241+00:00
0,QA Engineer | Czech Republic,linkedin,Quality Engineer II,Integer Holdings Corporation,"Santo Domingo, Distrito Nacional, Dominican Republic",On-site,Full-time,,,English,,,Recent,https://do.linkedin.com/jobs/view/quality-engineer-ii-at-integer-holdings-corporation-4414640210,2026-05-28T13:56:28.834373+00:00
0,QA Engineer | Czech Republic,linkedin,Quality Engineer II-2,Integer Holdings Corporation,"Santo Domingo, Distrito Nacional, Dominican Republic",On-site,Full-time,,,English,,,Recent,https://do.linkedin.com/jobs/view/quality-engineer-ii-2-at-integer-holdings-corporation-4414630897,2026-05-28T13:56:28.834504+00:00
0,QA Engineer | Czech Republic,linkedin,Data Validation Engineer,Lumenalta,Dominican Republic,On-site,Full-time,,,English,,,Recent,https://do.linkedin.com/jobs/view/data-validation-engineer-at-lumenalta-4418928863,2026-05-28T13:56:28.834763+00:00
0,QA Engineer | Czech Republic,linkedin,"Analyst, Software QA",DP World,"Santo Domingo Este, Santo Domingo, Dominican Republic",On-site,Full-time,,,English,,,Recent,https://do.linkedin.com/jobs/view/analyst-software-qa-at-dp-world-4405542753,2026-05-28T13:56:28.834909+00:00
0,QA Engineer | Poland,linkedin,QA Engineer,Aristocrat,"Warsaw, Mazowieckie, Poland",On-site,Full-time,,,English,,,Recent,https://pl.linkedin.com/jobs/view/qa-engineer-at-aristocrat-4383507311,2026-05-28T13:56:31.345902+00:00
0,QA Engineer | Poland,linkedin,QA Engineer,GamblingCareers.com,"Warsaw, Mazowieckie, Poland",On-site,Full-time,,,English,,,Recent,https://pl.linkedin.com/jobs/view/qa-engineer-at-gamblingcareers-com-4419992389,2026-05-28T13:56:31.346050+00:00
0,QA Engineer | Poland,linkedin,QA Engineer,Develocraft,"Gdańsk, Pomorskie, Poland",On-site,Full-time,,,English,,,Recent,https://pl.linkedin.com/jobs/view/qa-engineer-at-develocraft-4412757974,2026-05-28T13:56:31.346192+00:00
0,QA Engineer | Poland,linkedin,QA Engineer,Luxoft Poland,"Warsaw, Mazowieckie, Poland",On-site,Full-time,,,English,,,Recent,https://pl.linkedin.com/jobs/view/qa-engineer-at-luxoft-poland-4414568356,2026-05-28T13:56:31.346338+00:00
0,QA Engineer | Poland,linkedin,Manual Web QA Engineer,Luxoft,"Wrocław, Dolnośląskie, Poland",On-site,Full-time,,,English,,,Recent,https://pl.linkedin.com/jobs/view/manual-web-qa-engineer-at-luxoft-4414227322,2026-05-28T13:56:31.346479+00:00
0,QA Engineer | Poland,linkedin,QA Engineer (f/m),"DTP, Digital Technology Poland, Member of Friedhelm Loh Group","Cieszyn, Śląskie, Poland",On-site,Full-time,,,English,,,Recent,https://pl.linkedin.com/jobs/view/qa-engineer-f-m-at-dtp-digital-technology-poland-member-of-friedhelm-loh-group-4415282941,2026-05-28T13:56:31.346625+00:00
0,QA Engineer | Poland,linkedin,Quality Assurance Test Engineer,Infinity Quest,"Warsaw, Mazowieckie, Poland",On-site,Full-time,,,English,,,Recent,https://pl.linkedin.com/jobs/view/quality-assurance-test-engineer-at-infinity-quest-4413684289,2026-05-28T13:56:31.346764+00:00
0,QA Engineer | Poland,linkedin,Quality Assurance Engineer (QA),Tickmill,"Warsaw, Mazowieckie, Poland",On-site,Full-time,,,English,,,Recent,https://pl.linkedin.com/jobs/view/quality-assurance-engineer-qa-at-tickmill-4385011025,2026-05-28T13:56:31.346908+00:00
0,QA Engineer | Poland,linkedin,Quality Engineer,hyperexponential,"Warsaw, Mazowieckie, Poland",On-site,Full-time,,,English,,,Recent,https://pl.linkedin.com/jobs/view/quality-engineer-at-hyperexponential-4413589433,2026-05-28T13:56:31.347036+00:00
0,QA Engineer | USA,linkedin,Quality Assurance Engineer II,Hudl,"Lincoln, Nebraska Metropolitan Area",On-site,Full-time,,,English,,,Recent,https://www.linkedin.com/jobs/view/quality-assurance-engineer-ii-at-hudl-4371522784,2026-05-28T13:56:33.939276+00:00
0,QA Engineer | USA,linkedin,QA Engineer,Exacta Systems,"Austin, TX",On-site,Full-time,,,English,,,Recent,https://www.linkedin.com/jobs/view/qa-engineer-at-exacta-systems-4382210948,2026-05-28T13:56:33.939451+00:00
0,QA Engineer | USA,linkedin,QA Engineer,Boom,"Austin, TX",On-site,Full-time,,,English,,,Recent,https://www.linkedin.com/jobs/view/qa-engineer-at-boom-4413360961,2026-05-28T13:56:33.939589+00:00
0,QA Engineer | USA,linkedin,QA Automation Engineer,Integrity,"Omaha, NE",On-site,Full-time,,,English,,,Recent,https://www.linkedin.com/jobs/view/qa-automation-engineer-at-integrity-4414680892,2026-05-28T13:56:33.939723+00:00
0,QA Engineer | USA,linkedin,Quality Engineer,EPAM Systems,"Fort Collins, CO",On-site,Full-time,,,English,,,Recent,https://www.linkedin.com/jobs/view/quality-engineer-at-epam-systems-4409272132,2026-05-28T13:56:33.939856+00:00
0,QA Engineer | USA,linkedin,Quality Assurance Engineer II,Hudl,Omaha Metropolitan Area,On-site,Full-time,,,English,,,Recent,https://www.linkedin.com/jobs/view/quality-assurance-engineer-ii-at-hudl-4371528376,2026-05-28T13:56:33.940005+00:00
0,QA Engineer | USA,linkedin,Test Engineer,Securitas Technology,"Fishers, IN",On-site,Full-time,,,English,,,Recent,https://www.linkedin.com/jobs/view/test-engineer-at-securitas-technology-4399458125,2026-05-28T13:56:33.940131+00:00
0,QA Engineer | USA,linkedin,SQA Engineer,"Arrow International, Inc.","Las Vegas, NV",On-site,Internship,,,English,,,Recent,https://www.linkedin.com/jobs/view/sqa-engineer-at-arrow-international-inc-4404214741,2026-05-28T13:56:33.940261+00:00
0,QA Engineer | USA,linkedin,Quality Assurance Engineer,Aviture,"Omaha, NE",On-site,Full-time,,,English,,,Recent,https://www.linkedin.com/jobs/view/quality-assurance-engineer-at-aviture-4418950090,2026-05-28T13:56:33.940392+00:00
0,QA Engineer | USA,linkedin,QA Engineer,Definity,Cincinnati Metropolitan Area,On-site,Full-time,,,English,,,Recent,https://www.linkedin.com/jobs/view/qa-engineer-at-definity-4394651622,2026-05-28T13:56:33.940523+00:00
0,QA Engineer | United Kingdom,linkedin,SW Quality Engineer-2,NCR Atleos,"Dundee, Scotland, United Kingdom",On-site,Full-time,,,English,,,Recent,https://uk.linkedin.com/jobs/view/sw-quality-engineer-2-at-ncr-atleos-4414751900,2026-05-28T13:56:36.475438+00:00
0,QA Engineer | United Kingdom,linkedin,Quality Assurance Engineer,develop,"Fareham, England, United Kingdom",On-site,Full-time,,,English,,,Recent,https://uk.linkedin.com/jobs/view/quality-assurance-engineer-at-develop-4406797892,2026-05-28T13:56:36.475584+00:00
0,QA Engineer | United Kingdom,linkedin,QA Engineer,Aurum Solutions,"Reading, England, United Kingdom",On-site,Full-time,,,English,,,Recent,https://uk.linkedin.com/jobs/view/qa-engineer-at-aurum-solutions-4410643312,2026-05-28T13:56:36.475859+00:00
0,QA Engineer | United Kingdom,linkedin,Associate Quality Engineer,Legal & General,"Brighton And Hove, England, United Kingdom",On-site,Full-time,,Associate,English,,,Recent,https://uk.linkedin.com/jobs/view/associate-quality-engineer-at-legal-general-4410523818,2026-05-28T13:56:36.476004+00:00
0,QA Engineer | United Kingdom,linkedin,QA Engineer II (AI-Powered),Planet DDS,"Glasgow, Scotland, United Kingdom",On-site,Full-time,,,English,,,Recent,https://uk.linkedin.com/jobs/view/qa-engineer-ii-ai-powered-at-planet-dds-4387899796,2026-05-28T13:56:36.476130+00:00
0,QA Engineer | United Kingdom,linkedin,Quality Engineer,Code and Theory,"London Area, United Kingdom",On-site,Full-time,,,English,,,Recent,https://uk.linkedin.com/jobs/view/quality-engineer-at-code-and-theory-4395341761,2026-05-28T13:56:36.476252+00:00
0,QA Engineer | United Kingdom,linkedin,Quality Assurance Engineer,Nine Twenty Recruitment,Greater Edinburgh Area,On-site,Full-time,,,English,,,Recent,https://uk.linkedin.com/jobs/view/quality-assurance-engineer-at-nine-twenty-recruitment-4415616393,2026-05-28T13:56:36.476381+00:00
0,QA Engineer | United Kingdom,linkedin,System Test Engineer,Riverlane,"Cambridge, England, United Kingdom",On-site,Full-time,,,English,,,Recent,https://uk.linkedin.com/jobs/view/system-test-engineer-at-riverlane-4417097780,2026-05-28T13:56:36.476509+00:00
0,Test Engineer | Germany,linkedin,Junior Test Engineer (m/f/d),Novanta Inc.,"Berlin, Berlin, Germany",On-site,Full-time,,Junior,English,,,Recent,https://de.linkedin.com/jobs/view/junior-test-engineer-m-f-d-at-novanta-inc-4413676065,2026-05-28T13:56:38.996229+00:00
0,Test Engineer | Germany,linkedin,Testingenieur:in (m/w/d),SOA Experts GmbH,"Kiel, Schleswig-Holstein, Germany",On-site,Full-time,,,English,,,Recent,https://de.linkedin.com/jobs/view/testingenieur-in-m-w-d-at-soa-experts-gmbh-4376738910,2026-05-28T13:56:38.996412+00:00
0,Test Engineer | Germany,linkedin,Hardware Test Engineer (all gender),ALTEN Germany,"Karlsruhe, Baden-Württemberg, Germany",On-site,Full-time,,,English,,,Recent,https://de.linkedin.com/jobs/view/hardware-test-engineer-all-gender-at-alten-germany-4414302231,2026-05-28T13:56:38.996698+00:00
0,Test Engineer | Germany,linkedin,System Test Engineer (m/w/d),Maurer Electronics,"Hamburg, Hamburg, Germany",On-site,Full-time,,,English,,,Recent,https://de.linkedin.com/jobs/view/system-test-engineer-m-w-d-at-maurer-electronics-4391737479,2026-05-28T13:56:38.996835+00:00
0,Test Engineer | Germany,linkedin,Robotics Test Engineer (m/f/d) - Quality & Safety,Agile Robots SE,"Munich, Bavaria, Germany",On-site,Full-time,,Agile,English,,,Recent,https://de.linkedin.com/jobs/view/robotics-test-engineer-m-f-d-quality-safety-at-agile-robots-se-4413316055,2026-05-28T13:56:38.997008+00:00
0,Test Engineer | Germany,linkedin,IoT Test Engineer (m/w/d),Technology & Strategy,"Kaufering, Bavaria, Germany",On-site,Full-time,,,English,,,Recent,https://de.linkedin.com/jobs/view/iot-test-engineer-m-w-d-at-technology-strategy-4413428495,2026-05-28T13:56:38.997145+00:00
0,Test Engineer | Germany,linkedin,Verification Engineer (100%),Belimo,"Großröhrsdorf, Saxony, Germany",Remote,Full-time,,R,English,,,Recent,https://de.linkedin.com/jobs/view/verification-engineer-100%25-at-belimo-4406533527,2026-05-28T13:56:38.997279+00:00
0,Test Engineer | Germany,linkedin,IoT Test Engineer (all gender),ALTEN Germany,"Kaufering, Bavaria, Germany",On-site,Full-time,,,English,,,Recent,https://de.linkedin.com/jobs/view/iot-test-engineer-all-gender-at-alten-germany-4408814107,2026-05-28T13:56:38.997421+00:00
0,Test Engineer | Germany,linkedin,Software Test Engineer (w/m/d),TRUMPF,"Freiburg, Baden-Württemberg, Germany",On-site,Full-time,,,English,,,Recent,https://de.linkedin.com/jobs/view/software-test-engineer-w-m-d-at-trumpf-4391624960,2026-05-28T13:56:38.997554+00:00
0,Test Engineer | Austria,linkedin,Test Engineer (all genders),Lam Research,"Villach, Carinthia, Austria",On-site,Full-time,,,English,,,Recent,https://at.linkedin.com/jobs/view/test-engineer-all-genders-at-lam-research-4415913911,2026-05-28T13:56:41.535493+00:00
0,Test Engineer | Austria,linkedin,Test Development Engineer (m/f/d),go-e,"Feldkirchen, Carinthia, Austria",On-site,Full-time,Go,,English,,,Recent,https://at.linkedin.com/jobs/view/test-development-engineer-m-f-d-at-go-e-4418825297,2026-05-28T13:56:41.535670+00:00
0,Test Engineer | Austria,linkedin,Test Development Engineer (m/f/d),go-e,"Feldkirchen in Kärnten, Carinthia, Austria",On-site,Full-time,Go,,English,,,Recent,https://at.linkedin.com/jobs/view/test-development-engineer-m-f-d-at-go-e-4419951636,2026-05-28T13:56:41.535815+00:00
0,Test Engineer | Austria,linkedin,Developer:in Test Engineering (M/F/D)*,TGW Logistics,"Wels, Upper Austria, Austria",On-site,Full-time,,,English,,,Recent,https://at.linkedin.com/jobs/view/developer-in-test-engineering-m-f-d-at-tgw-logistics-4413339447,2026-05-28T13:56:41.535975+00:00
0,Test Engineer | Austria,linkedin,Test Engineer (m/w/d),TE Connectivity,"Waidhofen an der Thaya, Lower Austria, Austria",On-site,Full-time,,,German,,,Recent,https://at.linkedin.com/jobs/view/test-engineer-m-w-d-at-te-connectivity-4405108937,2026-05-28T13:56:41.536112+00:00
0,Test Engineer | Austria,linkedin,Qualification & Test Engineer f/m/d,Besi Austria GmbH,"Radfeld, Tyrol, Austria",On-site,Full-time,,,English,,,Recent,https://at.linkedin.com/jobs/view/qualification-test-engineer-f-m-d-at-besi-austria-gmbh-4419522826,2026-05-28T13:56:41.536377+00:00
0,Test Engineer | Austria,linkedin,Test Engineer (all genders),Lam Research,Greater Salzburg,On-site,Full-time,,,English,,,Recent,https://at.linkedin.com/jobs/view/test-engineer-all-genders-at-lam-research-4390983718,2026-05-28T13:56:41.536647+00:00
0,Test Engineer | Austria,linkedin,Production Test Automation Engineer (m/w/d),Vusion,"Fernitz-Mellach, Styria, Austria",On-site,Full-time,Test Automation,,English,,,Recent,https://at.linkedin.com/jobs/view/production-test-automation-engineer-m-w-d-at-vusion-4404740123,2026-05-28T13:56:41.536778+00:00
0,Test Engineer | Switzerland,linkedin,Test Engineer (w/m) 100% - Hybrid,Franke Group,"Aarburg, Aargau, Switzerland",Remote,Full-time,,,English,,,Recent,https://ch.linkedin.com/jobs/view/test-engineer-w-m-100%25-hybrid-at-franke-group-4418679442,2026-05-28T13:56:43.990618+00:00
0,Test Engineer | Switzerland,linkedin,Test Engineer - F/M/X,Amaris Consulting,Greater Bern Area,On-site,Full-time,,,English,,,Recent,https://ch.linkedin.com/jobs/view/test-engineer-f-m-x-at-amaris-consulting-4419902446,2026-05-28T13:56:43.991338+00:00
0,Test Engineer | Switzerland,linkedin,Test and Commissioning Engineer,LEM Surgical AG,"Bern, Berne, Switzerland",On-site,Full-time,,,English,,,Recent,https://ch.linkedin.com/jobs/view/test-and-commissioning-engineer-at-lem-surgical-ag-4407757749,2026-05-28T13:56:43.992216+00:00
0,Test Engineer | Slovakia,linkedin,Embedded Test Automation Engineer,Ciklum Czech Republic & Slovakia,"Bratislava, Slovakia",On-site,Full-time,Test Automation,,English,,,Recent,https://sk.linkedin.com/jobs/view/embedded-test-automation-engineer-at-ciklum-czech-republic-slovakia-4416687827,2026-05-28T13:56:48.910998+00:00
0,Test Engineer | Slovakia,linkedin,Test Engineer,Magna International,"Kechnec, Kosice, Slovakia",On-site,Internship,,,English,,,Recent,https://sk.linkedin.com/jobs/view/test-engineer-at-magna-international-4394620575,2026-05-28T13:56:48.911178+00:00
0,Test Engineer | Slovakia,linkedin,Software Test Engineer for MinebeaMitsumi development centre Košice (m/f/d),MinebeaMitsumi Europe,"Košice, Kosice, Slovakia",On-site,Full-time,,,English,,,Recent,https://sk.linkedin.com/jobs/view/software-test-engineer-for-minebeamitsumi-development-centre-ko%C5%A1ice-m-f-d-at-minebeamitsumi-europe-4414534793,2026-05-28T13:56:48.911473+00:00
0,Test Engineer | Slovakia,linkedin,Testing Engineer - Commisioning,Schaeffler,"Kysucké Nové Mesto, Zilina, Slovakia",On-site,Full-time,,,English,,,Recent,https://sk.linkedin.com/jobs/view/testing-engineer-commisioning-at-schaeffler-4370529030,2026-05-28T13:56:48.911754+00:00
0,Test Engineer | Slovakia,linkedin,Controller-Tester,Vertiv,"Nové Mesto nad Váhom, Trenciansky, Slovakia",On-site,Full-time,,,English,,,Recent,https://sk.linkedin.com/jobs/view/controller-tester-at-vertiv-4372140512,2026-05-28T13:56:48.912187+00:00
0,Test Engineer | Slovakia,linkedin,Test Process Engineer for MinebeaMitsumi development centre Košice (m/f/d),MinebeaMitsumi Europe,"Košice, Kosice, Slovakia",On-site,Full-time,,,English,,,Recent,https://sk.linkedin.com/jobs/view/test-process-engineer-for-minebeamitsumi-development-centre-ko%C5%A1ice-m-f-d-at-minebeamitsumi-europe-4414545056,2026-05-28T13:56:48.912325+00:00
0,Test Engineer | Czech Republic,linkedin,VTA Engineer,Alstom,"Santiago de los Caballeros, Santiago, Dominican Republic",On-site,Full-time,,,English,,,Recent,https://do.linkedin.com/jobs/view/vta-engineer-at-alstom-4405186689,2026-05-28T13:56:51.263375+00:00
0,Test Engineer | Poland,linkedin,Test Engineer,Demant Polska,"Mierzyn, Zachodniopomorskie, Poland",On-site,Full-time,,,English,,,Recent,https://pl.linkedin.com/jobs/view/test-engineer-at-demant-polska-4383224400,2026-05-28T13:56:53.752621+00:00
0,Test Engineer | Poland,linkedin,Test Engineer - Energy Storage Systems,Lyten,"Gdańsk, Pomorskie, Poland",On-site,Full-time,,,English,,,Recent,https://pl.linkedin.com/jobs/view/test-engineer-energy-storage-systems-at-lyten-4414723301,2026-05-28T13:56:53.752797+00:00
0,Test Engineer | Poland,linkedin,Test Engineer / Inżynier Testu,NES Fircroft,Warsaw Metropolitan Area,On-site,Full-time,,,English,,,Recent,https://pl.linkedin.com/jobs/view/test-engineer-in%C5%BCynier-testu-at-nes-fircroft-4412114229,2026-05-28T13:56:53.752968+00:00
0,Test Engineer | Poland,linkedin,"System Test Engineer (m/f) - Kraków (Małopolskie), Polska",Astek,"Cracow, Małopolskie, Poland",On-site,Full-time,,,English,,,Recent,https://pl.linkedin.com/jobs/view/system-test-engineer-m-f-krak%C3%B3w-ma%C5%82opolskie-polska-at-astek-4402458105,2026-05-28T13:56:53.753111+00:00
0,Test Engineer | Poland,linkedin,Test Engineer,BorgWarner,"Błonie, Mazowieckie, Poland",On-site,Full-time,,,English,,,Recent,https://pl.linkedin.com/jobs/view/test-engineer-at-borgwarner-4403990528,2026-05-28T13:56:53.753253+00:00
0,Test Engineer | Poland,linkedin,Test Engineer,Securitas Security Services Europe,"Warszawa, Wielkopolskie, Poland",On-site,Full-time,,,English,,,Recent,https://pl.linkedin.com/jobs/view/test-engineer-at-securitas-security-services-europe-4420430586,2026-05-28T13:56:53.753389+00:00
0,Test Engineer | Poland,linkedin,Test Engineer- Tieto Tech Consulting (m/f/d),Tieto,"Szczecin, Zachodniopomorskie, Poland",On-site,Full-time,,,English,,,Recent,https://pl.linkedin.com/jobs/view/test-engineer-tieto-tech-consulting-m-f-d-at-tieto-4411897254,2026-05-28T13:56:53.753522+00:00
0,Test Engineer | Poland,linkedin,Inżynier Testu (k/m),Jabil,"Kwidzyń, Pomorskie, Poland",On-site,Full-time,,,English,,,Recent,https://pl.linkedin.com/jobs/view/in%C5%BCynier-testu-k-m-at-jabil-4418272195,2026-05-28T13:56:53.753653+00:00
0,Test Engineer | Poland,linkedin,Test Engineer- Manual 4G/5G - Tieto Tech Consulting (m/f/d),Tieto,"Szczecin, Zachodniopomorskie, Poland",On-site,Full-time,,,English,,,Recent,https://pl.linkedin.com/jobs/view/test-engineer-manual-4g-5g-tieto-tech-consulting-m-f-d-at-tieto-4392107038,2026-05-28T13:56:53.753783+00:00
0,Test Engineer | Poland,linkedin,System Test Engineer (Mid),BorgWarner,"Cracow, Małopolskie, Poland",On-site,Full-time,,,English,,,Recent,https://pl.linkedin.com/jobs/view/system-test-engineer-mid-at-borgwarner-4379675644,2026-05-28T13:56:53.753929+00:00
0,Test Engineer | USA,linkedin,Test Engineer,AV,"West Valley City, UT",On-site,Full-time,,,English,,,Recent,https://www.linkedin.com/jobs/view/test-engineer-at-av-4414941806,2026-05-28T13:56:56.335306+00:00
0,Test Engineer | USA,linkedin,Test Engineer,SRAM,"Colorado Springs, CO",On-site,Full-time,,,English,,,Recent,https://www.linkedin.com/jobs/view/test-engineer-at-sram-4419511205,2026-05-28T13:56:56.335483+00:00
0,Test Engineer | USA,linkedin,Test Engineer,Watkins Wellness,"Vista, CA",On-site,Full-time,,,English,,,Recent,https://www.linkedin.com/jobs/view/test-engineer-at-watkins-wellness-4404558158,2026-05-28T13:56:56.335621+00:00
0,Test Engineer | USA,linkedin,Test Engineer,Teledyne Technologies Incorporated,"Goleta, CA",On-site,Full-time,,,English,,,Recent,https://www.linkedin.com/jobs/view/test-engineer-at-teledyne-technologies-incorporated-4411509581,2026-05-28T13:56:56.335756+00:00
0,Test Engineer | USA,linkedin,Systems Test Engineer,Allen Control Systems,"Austin, TX",On-site,Full-time,,,English,,,Recent,https://www.linkedin.com/jobs/view/systems-test-engineer-at-allen-control-systems-4402186495,2026-05-28T13:56:56.335904+00:00
0,Test Engineer | USA,linkedin,Test Engineer 2,Lam Research,"Tualatin, OR",On-site,Full-time,,,English,,,Recent,https://www.linkedin.com/jobs/view/test-engineer-2-at-lam-research-4393813754,2026-05-28T13:56:56.336042+00:00
0,Test Engineer | USA,linkedin,Systems Test Engineer,Husqvarna Group,"North Salt Lake, UT",On-site,Full-time,,,English,,,Recent,https://www.linkedin.com/jobs/view/systems-test-engineer-at-husqvarna-group-4417216975,2026-05-28T13:56:56.336178+00:00
0,Test Engineer | USA,linkedin,"Reliability Test Engineer, Energy",Tesla,"Buffalo, NY",On-site,Full-time,,,English,,,Recent,https://www.linkedin.com/jobs/view/reliability-test-engineer-energy-at-tesla-4419128254,2026-05-28T13:56:56.336310+00:00
0,Test Engineer | USA,linkedin,New Product Development Product Test Engineer,"BAE Systems, Inc.","Fort Wayne, IN",On-site,Full-time,,,English,,,Recent,https://www.linkedin.com/jobs/view/new-product-development-product-test-engineer-at-bae-systems-inc-4373414270,2026-05-28T13:56:56.336446+00:00
0,Test Engineer | USA,linkedin,Test Engineer,US Modules,"College Station, TX",On-site,Full-time,,,English,,,Recent,https://www.linkedin.com/jobs/view/test-engineer-at-us-modules-4412788609,2026-05-28T13:56:56.336574+00:00
0,Test Engineer | United Kingdom,linkedin,System Test Engineer,Technify Talent,"Reading, England, United Kingdom",On-site,Full-time,,,English,,,Recent,https://uk.linkedin.com/jobs/view/system-test-engineer-at-technify-talent-4417133303,2026-05-28T13:56:58.917597+00:00
0,Test Engineer | United Kingdom,linkedin,Test Engineer,IC Resources,"Bournemouth, England, United Kingdom",On-site,Full-time,,,English,,,Recent,https://uk.linkedin.com/jobs/view/test-engineer-at-ic-resources-4407869478,2026-05-28T13:56:58.917739+00:00
0,Test Engineer | United Kingdom,linkedin,Automation Test Engineer,Ubique Systems,"Stafford, England, United Kingdom",On-site,Full-time,,,English,,,Recent,https://uk.linkedin.com/jobs/view/automation-test-engineer-at-ubique-systems-4417621944,2026-05-28T13:56:58.917878+00:00
0,Test Engineer | United Kingdom,linkedin,Junior Test Engineer,Schneider Electric,"Plymouth, England, United Kingdom",On-site,Full-time,,Junior,English,,,Recent,https://uk.linkedin.com/jobs/view/junior-test-engineer-at-schneider-electric-4415068432,2026-05-28T13:56:58.918158+00:00
0,Test Engineer | United Kingdom,linkedin,Test Engineer,Legrand,"Bedford, England, United Kingdom",On-site,Full-time,,,English,,,Recent,https://uk.linkedin.com/jobs/view/test-engineer-at-legrand-4419419859,2026-05-28T13:56:58.918423+00:00
0,Test Engineer | United Kingdom,linkedin,Test Engineer,Sage,"Newcastle Upon Tyne, England, United Kingdom",On-site,Full-time,,,English,,,Recent,https://uk.linkedin.com/jobs/view/test-engineer-at-sage-4407441948,2026-05-28T13:56:58.918677+00:00
0,Testingenieur | Germany,linkedin,Testingenieur (m/w/d),FERCHAU,"Stuttgart, Baden-Württemberg, Germany",On-site,Full-time,,,English,,,Recent,https://de.linkedin.com/jobs/view/testingenieur-m-w-d-at-ferchau-4374091588,2026-05-28T13:57:01.504988+00:00
0,Testingenieur | Germany,linkedin,Testingenieur (m/w/d),FERCHAU,"Lübeck, Schleswig-Holstein, Germany",On-site,Full-time,,,English,,,Recent,https://de.linkedin.com/jobs/view/testingenieur-m-w-d-at-ferchau-4374074902,2026-05-28T13:57:01.505169+00:00
0,Testingenieur | Germany,linkedin,Mitarbeiter Testing (m/w/d),Schmitz Cargobull AG,"Münster, North Rhine-Westphalia, Germany",Remote,Full-time,"C, C++","Associate, R",German,,,Recent,https://de.linkedin.com/jobs/view/mitarbeiter-testing-m-w-d-at-schmitz-cargobull-ag-4401734391,2026-05-28T13:57:01.505309+00:00
0,Testingenieur | Germany,linkedin,System Test Engineer - SigInt Products (m/w/d),Saab,"Nuremberg, Bavaria, Germany",On-site,Full-time,,,English,,,Recent,https://de.linkedin.com/jobs/view/system-test-engineer-sigint-products-m-w-d-at-saab-4389910282,2026-05-28T13:57:01.505986+00:00
0,Testingenieur | Germany,linkedin,Test-Ingenieur (w/m/d),HENSOLDT,"Ulm, Baden-Württemberg, Germany",On-site,Full-time,,,English,,,Recent,https://de.linkedin.com/jobs/view/test-ingenieur-w-m-d-at-hensoldt-4408832818,2026-05-28T13:57:01.506120+00:00
0,Testingenieur | Austria,linkedin,Testingenieur (w/m/x),BEKO Solutions GmbH,"Kufstein, Tyrol, Austria",On-site,Full-time,,,English,,,Recent,https://at.linkedin.com/jobs/view/testingenieur-w-m-x-at-beko-solutions-gmbh-4409794084,2026-05-28T13:57:04.094670+00:00
0,Testingenieur | Austria,linkedin,System Test Engineer (all genders),Frequentis,"Vienna, Austria",On-site,Full-time,,,English,,,Recent,https://at.linkedin.com/jobs/view/system-test-engineer-all-genders-at-frequentis-4406286811,2026-05-28T13:57:04.094965+00:00
0,Testingenieur | Austria,linkedin,Verification Engineer (m/w/d),Dedalus,"Vienna, Vienna, Austria",On-site,Full-time,,,English,,,Recent,https://at.linkedin.com/jobs/view/verification-engineer-m-w-d-at-dedalus-4377260704,2026-05-28T13:57:04.095234+00:00
0,Testingenieur | Austria,linkedin,Entwickler:in Test Engineering (M/W/D)*,TGW Logistics,"Wels, Upper Austria, Austria",On-site,Full-time,,,English,,,Recent,https://at.linkedin.com/jobs/view/entwickler-in-test-engineering-m-w-d-at-tgw-logistics-4398411522,2026-05-28T13:57:04.095360+00:00
0,Testingenieur | Austria,linkedin,System Test Engineer (all genders) - DE,Frequentis,"Vienna, Austria",On-site,Full-time,,,English,,,Recent,https://at.linkedin.com/jobs/view/system-test-engineer-all-genders-de-at-frequentis-4407830835,2026-05-28T13:57:04.095493+00:00
0,Testingenieur | Switzerland,linkedin,Testingenieur Technisches Labor (w/m/d) 100% - Schaerer AG,Groupe SEB,"Solothurn, Solothurn, Switzerland",Remote,Contract,,R,German,,,Recent,https://ch.linkedin.com/jobs/view/testingenieur-technisches-labor-w-m-d-100%25-schaerer-ag-at-groupe-seb-4418175565,2026-05-28T13:57:06.704353+00:00
0,Testingenieur | Switzerland,linkedin,Manufacturing Test Engineer (f/m//d),Hexagon Robotics,"Zurich, Switzerland",Remote,Internship,Python,"R, Linux, Assembly",English,,,Recent,https://ch.linkedin.com/jobs/view/manufacturing-test-engineer-f-m-d-at-hexagon-robotics-4417610346,2026-05-28T13:57:06.705163+00:00
0,Testingenieur | Poland,linkedin,TEST ENGINEER with German,Atos,"Wrocław, Dolnośląskie, Poland",Remote,Contract,"C, Can, Test Automation","Azure, Jira, Postman, Sql, Safe, Devops, Zephyr",English,,,Recent,https://pl.linkedin.com/jobs/view/test-engineer-with-german-at-atos-4352209839,2026-05-28T13:57:16.740224+00:00
0,Testingenieur | Poland,linkedin,Advanced Test Engineer (MB),Honeywell,Gdansk Metropolitan Area,Hybrid,Full-time,"Can, Embedded Systems, Firmware, System Testing, Test Automation",Safe,English,,,Recent,https://pl.linkedin.com/jobs/view/advanced-test-engineer-mb-at-honeywell-4386702968,2026-05-28T13:57:16.740679+00:00
0,Testingenieur | Poland,linkedin,Service Engineer/QA Manual,Luxoft,Gdansk Metropolitan Area,Remote,Contract,"Ci/Cd, Jenkins","Linux, Nosql, Sql, Regression Testing, Aws, Manual Testing, Devops",English,,,Recent,https://pl.linkedin.com/jobs/view/service-engineer-qa-manual-at-luxoft-4410014301,2026-05-28T13:57:16.741384+00:00
0,Testingenieur | USA,linkedin,"Test Engineer, Vehicle",Tesla,"Fremont, CA",On-site,Contract,"C, C++, Go, Python, Test Automation","Github, Docker",English,,,Recent,https://www.linkedin.com/jobs/view/test-engineer-vehicle-at-tesla-4419127292,2026-05-28T13:57:19.352459+00:00
0,Testingenieur | USA,linkedin,"Test Engineer, Low Voltage Electronics",Tesla,"Palo Alto, CA",On-site,Contract,"Can, Firmware, Go, I2C, Python, Test Automation",,English,,,Recent,https://www.linkedin.com/jobs/view/test-engineer-low-voltage-electronics-at-tesla-4420220617,2026-05-28T13:57:19.352606+00:00
0,Testingenieur | USA,linkedin,Test Engineer,Toyota Material Handling,"Greene, NY",On-site,Full-time,,,English,,,Recent,https://www.linkedin.com/jobs/view/test-engineer-at-toyota-material-handling-4393954813,2026-05-28T13:57:19.352741+00:00
0,Testingenieur | USA,linkedin,Test Engineer,Overland AI,"Seattle, WA",On-site,Full-time,,,English,,,Recent,https://www.linkedin.com/jobs/view/test-engineer-at-overland-ai-4329858556,2026-05-28T13:57:19.352870+00:00
0,Testingenieur | USA,linkedin,System Test Engineer,Zoox,"Foster City, CA",On-site,Full-time,,,English,,,Recent,https://www.linkedin.com/jobs/view/system-test-engineer-at-zoox-4358400752,2026-05-28T13:57:19.353016+00:00
0,Testingenieur | USA,linkedin,System Test Engineer,Luxoft,"Troy, MI",On-site,Full-time,,,English,,,Recent,https://www.linkedin.com/jobs/view/system-test-engineer-at-luxoft-4417741066,2026-05-28T13:57:19.353153+00:00
0,Testingenieur | USA,linkedin,Regular System Test Engineer,Luxoft,"Troy, MI",On-site,Full-time,,,English,,,Recent,https://www.linkedin.com/jobs/view/regular-system-test-engineer-at-luxoft-4412934195,2026-05-28T13:57:19.353282+00:00
0,Testingenieur | USA,linkedin,Firmware Test Engineer,Lyft,"San Francisco County, CA",On-site,Full-time,Firmware,,English,,,Recent,https://www.linkedin.com/jobs/view/firmware-test-engineer-at-lyft-4417776592,2026-05-28T13:57:19.353408+00:00
0,Testingenieur | United Kingdom,linkedin,HIL Test Engineer,Tata Technologies,"Warwick, England, United Kingdom",On-site,Full-time,Hil,,English,,,Recent,https://uk.linkedin.com/jobs/view/hil-test-engineer-at-tata-technologies-4398487982,2026-05-28T13:57:21.925737+00:00
0,Testingenieur | United Kingdom,linkedin,Test Automation Engineer,Motorola Solutions,"Glasgow, Scotland, United Kingdom",On-site,Full-time,Test Automation,,English,,,Recent,https://uk.linkedin.com/jobs/view/test-automation-engineer-at-motorola-solutions-4417300637,2026-05-28T13:57:21.925879+00:00
0,Testingenieur | United Kingdom,linkedin,Test Engineer,Leonardo,"Edinburgh, Scotland, United Kingdom",On-site,Full-time,,,English,,,Recent,https://uk.linkedin.com/jobs/view/test-engineer-at-leonardo-4294611436,2026-05-28T13:57:21.926036+00:00
0,Testingenieur | United Kingdom,linkedin,Validation Engineer,Cirrus Logic,"Edinburgh, Scotland, United Kingdom",On-site,Internship,"C, Can, Dsp, I2C, Python, Spi","Matlab, Git, Sql, Verilog, Fpga",English,,,Recent,https://uk.linkedin.com/jobs/view/validation-engineer-at-cirrus-logic-4361930320,2026-05-28T13:57:21.926447+00:00
0,Testingenieur | United Kingdom,linkedin,"System Test Engineer, HIL",Wayve,"London, England, United Kingdom",On-site,Full-time,Hil,,English,,,Recent,https://uk.linkedin.com/jobs/view/system-test-engineer-hil-at-wayve-4413362327,2026-05-28T13:57:21.926706+00:00
0,Test Automation | Germany,linkedin,Test Automation Engineer (Web) (m/f/d),Quantum Systems,Greater Munich Metropolitan Area,On-site,Full-time,Test Automation,,English,,,Recent,https://de.linkedin.com/jobs/view/test-automation-engineer%C2%A0-web-m-f-d-at-quantum-systems-4411389372,2026-05-28T13:57:24.420172+00:00
0,Test Automation | Germany,linkedin,Software Engineer in Test (Berlin),Cresta,"Berlin, Berlin, Germany",On-site,Full-time,,,English,,,Recent,https://de.linkedin.com/jobs/view/software-engineer-in-test-berlin-at-cresta-4343158227,2026-05-28T13:57:24.420684+00:00
0,Test Automation | Germany,linkedin,Automated Software Tester (all genders),Avelios Medical,"Munich, Bavaria, Germany",On-site,Full-time,,,English,,,Recent,https://de.linkedin.com/jobs/view/automated-software-tester-all-genders-at-avelios-medical-4361333022,2026-05-28T13:57:24.420826+00:00
0,Test Automation | Germany,linkedin,Test Automation Engineer (m/w/d),IP Dynamics GmbH,"Hamburg, Germany",On-site,Full-time,Test Automation,,English,,,Recent,https://de.linkedin.com/jobs/view/test-automation-engineer-m-w-d-at-ip-dynamics-gmbh-4410552579,2026-05-28T13:57:24.420980+00:00
0,Test Automation | Germany,linkedin,Test Automation Engineer (m/w/d),medatixx,"Dorsten, North Rhine-Westphalia, Germany",On-site,Full-time,Test Automation,,English,,,Recent,https://de.linkedin.com/jobs/view/test-automation-engineer-m-w-d-at-medatixx-4407779485,2026-05-28T13:57:24.421112+00:00
0,Test Automation | Germany,linkedin,Test Automation Engineer (m/w/d),Instaffo,"Frankfurt, Hesse, Germany",On-site,Full-time,Test Automation,,English,,,Recent,https://de.linkedin.com/jobs/view/test-automation-engineer-m-w-d-at-instaffo-4407875298,2026-05-28T13:57:24.421243+00:00
0,Test Automation | Germany,linkedin,QA Engineer (m/f/d),Würth Cloud Services GmbH,"Berlin, Berlin, Germany",On-site,Full-time,,,English,,,Recent,https://de.linkedin.com/jobs/view/qa-engineer-m-f-d-at-w%C3%BCrth-cloud-services-gmbh-4416812204,2026-05-28T13:57:24.421372+00:00
0,Test Automation | Germany,linkedin,DevOps Engineer Test Automation (all genders),Philips,"Böblingen, Baden-Württemberg, Germany",On-site,Full-time,Test Automation,Devops,English,,,Recent,https://de.linkedin.com/jobs/view/devops-engineer-test-automation-all-genders-at-philips-4406219247,2026-05-28T13:57:24.421508+00:00
0,Test Automation | Austria,linkedin,Test Automation Engineer C# (m/f/x),ADMIRAL Technologies,"Vienna, Austria",On-site,Full-time,"C, Test Automation",C#,English,,,Recent,https://at.linkedin.com/jobs/view/test-automation-engineer-c%23-m-f-x-at-admiral-technologies-4417180490,2026-05-28T13:57:26.930269+00:00
0,Test Automation | Austria,linkedin,Test Automation Engineer (m/w/d),consourcive,"Vienna, Vienna, Austria",On-site,Full-time,Test Automation,,English,,,Recent,https://at.linkedin.com/jobs/view/test-automation-engineer-m-w-d-at-consourcive-4413950822,2026-05-28T13:57:26.930582+00:00
0,Test Automation | Austria,linkedin,"Software Engineer - Test Automation, 80-100% (f/m/x)",OMICRON electronics,"Fraxern, Vorarlberg, Austria",Remote,Internship,"C, Test Automation","Manual Testing, C#",English,,,Recent,https://at.linkedin.com/jobs/view/software-engineer-test-automation-80-100%25-f-m-x-at-omicron-electronics-4419408563,2026-05-28T13:57:26.931030+00:00
0,Test Automation | Austria,linkedin,Test Automation Engineer (all genders) [Graz],adesso Austria GmbH,"Graz, Styria, Austria",On-site,Full-time,Test Automation,,English,,,Recent,https://at.linkedin.com/jobs/view/test-automation-engineer-all-genders-graz-at-adesso-austria-gmbh-4370389678,2026-05-28T13:57:26.931170+00:00
0,Test Automation | Switzerland,linkedin,QA Automation Engineer – Web & E-Commerce Platforms (m/w/d),Rocken®,"Central Switzerland, Switzerland",On-site,Full-time,,,English,,,Recent,https://ch.linkedin.com/jobs/view/qa-automation-engineer-%E2%80%93-web-e-commerce-platforms-m-w-d-at-rocken%C2%AE-4418841059,2026-05-28T13:57:29.394932+00:00
0,Test Automation | Slovakia,linkedin,Automation Tester,EUROWAG,"Bratislava, Bratislava, Slovakia",On-site,Full-time,,,English,,,Recent,https://sk.linkedin.com/jobs/view/automation-tester-at-eurowag-4407733524,2026-05-28T13:57:34.326628+00:00
0,Test Automation | Slovakia,linkedin,Test Automation Engineer,Avenga,"Bratislava, Bratislava, Slovakia",On-site,Full-time,Test Automation,,English,,,Recent,https://sk.linkedin.com/jobs/view/test-automation-engineer-at-avenga-4331424496,2026-05-28T13:57:34.326809+00:00
0,Test Automation | Slovakia,linkedin,Agile Test Engineer,ESET,"Bratislava, Bratislava, Slovakia",On-site,Full-time,,Agile,English,,,Recent,https://sk.linkedin.com/jobs/view/agile-test-engineer-at-eset-4405185637,2026-05-28T13:57:34.327682+00:00
0,Test Automation | Czech Republic,linkedin,Software Development Engineer in Test (SDET),Flash,"Santo Domingo, Distrito Nacional, Dominican Republic",On-site,Full-time,,,English,,,Recent,https://do.linkedin.com/jobs/view/software-development-engineer-in-test-sdet-at-flash-4391531625,2026-05-28T13:57:36.673229+00:00
0,Test Automation | Poland,linkedin,Mid Software Development Engineer in Test - (US working hours) (She/ He/ They),Capco,"Warsaw, Mazowieckie, Poland",On-site,Full-time,,,English,,,Recent,https://pl.linkedin.com/jobs/view/mid-software-development-engineer-in-test-us-working-hours-she-he-they-at-capco-4417777677,2026-05-28T13:57:39.202599+00:00
0,Test Automation | Poland,linkedin,Software Engineer in Test,Toyota Connected Europe,"Wrocław, Dolnośląskie, Poland",On-site,Full-time,,,English,,,Recent,https://pl.linkedin.com/jobs/view/software-engineer-in-test-at-toyota-connected-europe-4413049015,2026-05-28T13:57:39.202782+00:00
0,Test Automation | Poland,linkedin,Test Automation Engineer,Euroclear,"Cracow, Małopolskie, Poland",On-site,Full-time,Test Automation,,English,,,Recent,https://pl.linkedin.com/jobs/view/test-automation-engineer-at-euroclear-4401464092,2026-05-28T13:57:39.202950+00:00
0,Test Automation | Poland,linkedin,Test Automation Developer,Luxoft Poland,"Gdańsk, Pomorskie, Poland",On-site,Full-time,Test Automation,,English,,,Recent,https://pl.linkedin.com/jobs/view/test-automation-developer-at-luxoft-poland-4411890288,2026-05-28T13:57:39.203094+00:00
0,Test Automation | Poland,linkedin,Quality Assurance Automation Engineer,Younium,"Krakowski, Małopolskie, Poland",On-site,Full-time,,,English,,,Recent,https://pl.linkedin.com/jobs/view/quality-assurance-automation-engineer-at-younium-4419808677,2026-05-28T13:57:39.203232+00:00
0,Test Automation | Poland,linkedin,Automation Developer,Luxoft,Gdansk Metropolitan Area,On-site,Full-time,,,English,,,Recent,https://pl.linkedin.com/jobs/view/automation-developer-at-luxoft-4411347548,2026-05-28T13:57:39.203369+00:00
0,Test Automation | Poland,linkedin,Test Automation Engineer,ALTEN Polska,Gdansk Metropolitan Area,On-site,Full-time,Test Automation,,English,,,Recent,https://pl.linkedin.com/jobs/view/test-automation-engineer-at-alten-polska-4416623224,2026-05-28T13:57:39.203500+00:00
0,Test Automation | Poland,linkedin,QA Automation Engineer,Kramp,"Konin, Wielkopolskie, Poland",On-site,Full-time,,,English,,,Recent,https://pl.linkedin.com/jobs/view/qa-automation-engineer-at-kramp-4414669062,2026-05-28T13:57:39.203635+00:00
0,Test Automation | Poland,linkedin,Automation Tester,SimCorp,"Warsaw, Mazowieckie, Poland",On-site,Full-time,,,English,,,Recent,https://pl.linkedin.com/jobs/view/automation-tester-at-simcorp-4410999224,2026-05-28T13:57:39.203770+00:00
0,Test Automation | Poland,linkedin,Quality Engineer (AI & Automation),Younium,"Cracow, Małopolskie, Poland",On-site,Full-time,,,English,,,Recent,https://pl.linkedin.com/jobs/view/quality-engineer-ai-automation-at-younium-4414565014,2026-05-28T13:57:39.203910+00:00
0,Test Automation | USA,linkedin,"Platform Engineer, Automation",Dorsia,"New York, NY",On-site,Full-time,,,English,,,Recent,https://www.linkedin.com/jobs/view/platform-engineer-automation-at-dorsia-4418546475,2026-05-28T13:57:41.841170+00:00
0,Test Automation | USA,linkedin,Software Developer in Test II,Brain Corp,"San Diego, CA",On-site,Full-time,,,English,,,Recent,https://www.linkedin.com/jobs/view/software-developer-in-test-ii-at-brain-corp-4393061323,2026-05-28T13:57:41.841483+00:00
0,Test Automation | USA,linkedin,QA Automation Engineer,"Core Specialty Insurance Holdings, Inc.","Cincinnati, OH",On-site,Full-time,,,English,,,Recent,https://www.linkedin.com/jobs/view/qa-automation-engineer-at-core-specialty-insurance-holdings-inc-4390042382,2026-05-28T13:57:41.841758+00:00
0,Test Automation | USA,linkedin,Software Development Engineer in Test II,Brain Corp,"San Diego, CA",Remote,Internship,"Ci/Cd, Generative Ai, Playwright, Python, Selenium, Test Automation","Agile, Linux, Machine Learning, Assembly, Cypress, Docker",English,,,Recent,https://www.linkedin.com/jobs/view/software-development-engineer-in-test-ii-at-brain-corp-4406597359,2026-05-28T13:57:41.841901+00:00
0,Test Automation | USA,linkedin,Associate Test Automation Developer,Bath & Body Works,"Columbus, OH",On-site,Full-time,Test Automation,Associate,English,,,Recent,https://www.linkedin.com/jobs/view/associate-test-automation-developer-at-bath-body-works-4419953891,2026-05-28T13:57:41.842035+00:00
0,Test Automation | USA,linkedin,SDET/QA Engineer,Curology,"San Diego, CA",On-site,Full-time,,,English,,,Recent,https://www.linkedin.com/jobs/view/sdet-qa-engineer-at-curology-4409943831,2026-05-28T13:57:41.842292+00:00
0,Test Automation | USA,linkedin,Quality Assurance Engineer II,Komatsu,"Tucson, AZ",On-site,Full-time,,,English,,,Recent,https://www.linkedin.com/jobs/view/quality-assurance-engineer-ii-at-komatsu-4413253441,2026-05-28T13:57:41.842424+00:00
0,Test Automation | United Kingdom,linkedin,Automation Engineer,Artlist,"Norwich, England, United Kingdom",On-site,Full-time,,,English,,,Recent,https://uk.linkedin.com/jobs/view/automation-engineer-at-artlist-4406976216,2026-05-28T13:57:44.454008+00:00
0,Test Automation | United Kingdom,linkedin,Test Engineer,Money and Pensions Service,"Bedford, England, United Kingdom",On-site,Full-time,,,English,,,Recent,https://uk.linkedin.com/jobs/view/test-engineer-at-money-and-pensions-service-4418253935,2026-05-28T13:57:44.454325+00:00
0,Test Automation | United Kingdom,linkedin,Test Automation Specialist,Persistent Systems,"Glasgow, Scotland, United Kingdom",On-site,Full-time,Test Automation,,English,,,Recent,https://uk.linkedin.com/jobs/view/test-automation-specialist-at-persistent-systems-4410160262,2026-05-28T13:57:44.454459+00:00
0,Test Automation | United Kingdom,linkedin,Quality Engineer,Centrica,"Windsor, England, United Kingdom",On-site,Full-time,,,English,,,Recent,https://uk.linkedin.com/jobs/view/quality-engineer-at-centrica-4414753707,2026-05-28T13:57:44.454589+00:00
0,Test Automation | United Kingdom,linkedin,Software Development Engineer in Test,Sony Interactive Entertainment,"Greater Bristol Area, United Kingdom",On-site,Full-time,,,English,,,Recent,https://uk.linkedin.com/jobs/view/software-development-engineer-in-test-at-sony-interactive-entertainment-4412037976,2026-05-28T13:57:44.454720+00:00
0,Test Automation | United Kingdom,linkedin,Test Automation Engineer,Aiimi,"Milton Keynes, England, United Kingdom",On-site,Full-time,Test Automation,,English,,,Recent,https://uk.linkedin.com/jobs/view/test-automation-engineer-at-aiimi-4419063356,2026-05-28T13:57:44.454851+00:00
0,Python Developer | Germany,linkedin,"Software Engineer, Python",Engelhart,"Berlin, Berlin, Germany",On-site,Full-time,Python,,English,,,Recent,https://de.linkedin.com/jobs/view/software-engineer-python-at-engelhart-4417748171,2026-05-28T13:57:46.980599+00:00
0,Python Developer | Germany,linkedin,Python Engineer (m/w/d),SOA Experts GmbH,"Hamburg, Germany",On-site,Full-time,Python,,English,,,Recent,https://de.linkedin.com/jobs/view/python-engineer-m-w-d-at-soa-experts-gmbh-4415771641,2026-05-28T13:57:46.980766+00:00
0,Python Developer | Germany,linkedin,Software Engineer (Internal Tools),microagi,"Munich, Bavaria, Germany",On-site,Internship,,,English,,,Recent,https://de.linkedin.com/jobs/view/software-engineer-internal-tools-at-microagi-4416024798,2026-05-28T13:57:46.980919+00:00
0,Python Developer | Germany,linkedin,Back End Developer,Digital Waffle,"Berlin, Germany",On-site,Full-time,,,English,,,Recent,https://de.linkedin.com/jobs/view/back-end-developer-at-digital-waffle-4417157040,2026-05-28T13:57:46.981058+00:00
0,Python Developer | Germany,linkedin,Software Engineer,Moody's Corporation,"Berlin, Berlin, Germany",On-site,Full-time,,,English,,,Recent,https://de.linkedin.com/jobs/view/software-engineer-at-moody-s-corporation-4409026625,2026-05-28T13:57:46.981192+00:00
0,Python Developer | Germany,linkedin,Software Engineer – Data Processing & Backend (m/w/d),EMPIT,"Berlin, Berlin, Germany",On-site,Full-time,,,English,,,Recent,https://de.linkedin.com/jobs/view/software-engineer-%E2%80%93-data-processing-backend-m-w-d-at-empit-4413048504,2026-05-28T13:57:46.981319+00:00
0,Python Developer | Germany,linkedin,Software Engineer,Vyoma,"Munich, Bavaria, Germany",On-site,Full-time,,,English,,,Recent,https://de.linkedin.com/jobs/view/software-engineer-at-vyoma-4416389839,2026-05-28T13:57:46.981458+00:00
0,Python Developer | Germany,linkedin,Python-Entwickler:in,BRINK Group,"Frankfurt, Hesse, Germany",On-site,Full-time,Python,,English,,,Recent,https://de.linkedin.com/jobs/view/python-entwickler-in-at-brink-group-4413042732,2026-05-28T13:57:46.981586+00:00
0,Python Developer | Germany,linkedin,"Backend Engineer, ClickHouse",Aiven,"Berlin, Berlin, Germany",On-site,Full-time,,,English,,,Recent,https://de.linkedin.com/jobs/view/backend-engineer-clickhouse-at-aiven-4407765351,2026-05-28T13:57:46.981717+00:00
0,Python Developer | Germany,linkedin,Python-Entwickler (m/w/d),Pixida,"Munich, Bavaria, Germany",On-site,Full-time,Python,,English,,,Recent,https://de.linkedin.com/jobs/view/python-entwickler-m-w-d-at-pixida-4412938104,2026-05-28T13:57:46.981846+00:00
0,Python Developer | Austria,linkedin,"Software Engineer, Python (Asset Pricing & Hedging)",Bitpanda,"Vienna, Austria",On-site,Full-time,Python,,English,,,Recent,https://at.linkedin.com/jobs/view/software-engineer-python-asset-pricing-hedging-at-bitpanda-4415376491,2026-05-28T13:57:49.403491+00:00
0,Python Developer | Austria,linkedin,Software Developer,Piper Maddox,"Vienna, Austria",On-site,Full-time,,,English,,,Recent,https://at.linkedin.com/jobs/view/software-developer-at-piper-maddox-4418599878,2026-05-28T13:57:49.403685+00:00
0,Python Developer | Austria,linkedin,Backend Developer (Phyton/Odoo),Schrankerl,"Vienna, Vienna, Austria",On-site,Full-time,,,English,,,Recent,https://at.linkedin.com/jobs/view/backend-developer-phyton-odoo-at-schrankerl-4417298809,2026-05-28T13:57:49.403832+00:00
0,Python Developer | Austria,linkedin,Backend Developer – APIs & Services (m/f/d),UBIMET Group,"Vienna, Austria",On-site,Full-time,,,English,,,Recent,https://at.linkedin.com/jobs/view/backend-developer-%E2%80%93-apis-services-m-f-d-at-ubimet-group-4420422014,2026-05-28T13:57:49.404000+00:00
0,Python Developer | Austria,linkedin,Software Developer (m/w/x),philoro EDELMETALLE,"Korneuburg, Lower Austria, Austria",On-site,Full-time,,,English,,,Recent,https://at.linkedin.com/jobs/view/software-developer-m-w-x-at-philoro-edelmetalle-4375532912,2026-05-28T13:57:49.404153+00:00
0,Python Developer | Austria,linkedin,Python Software Engineer - Scientific Computing (m/f/d),Körber,"Vienna, Vienna, Austria",On-site,Full-time,Python,,English,,,Recent,https://at.linkedin.com/jobs/view/python-software-engineer-scientific-computing-m-f-d-at-k%C3%B6rber-4416633575,2026-05-28T13:57:49.404426+00:00
0,Python Developer | Austria,linkedin,Software Developer - ETL & Integration (m/f/x),woom,"Vienna, Austria",On-site,Full-time,,,English,,,Recent,https://at.linkedin.com/jobs/view/software-developer-etl-integration-m-f-x-at-woom-4416634643,2026-05-28T13:57:49.404567+00:00
0,Python Developer | Austria,linkedin,Python Systems & Visualization Engineer (m/f/d),PIDSO--Propagation Ideas and Solutions,"Vienna, Vienna, Austria",On-site,Full-time,Python,,English,,,Recent,https://at.linkedin.com/jobs/view/python-systems-visualization-engineer-m-f-d-at-pidso-propagation-ideas-and-solutions-4416883350,2026-05-28T13:57:49.404702+00:00
0,Python Developer | Austria,linkedin,Software Engineer (Backend / Full Stack),Vertice,"Linz, Upper Austria, Austria",On-site,Full-time,,,English,,,Recent,https://at.linkedin.com/jobs/view/software-engineer-backend-full-stack-at-vertice-4321012206,2026-05-28T13:57:49.404943+00:00
0,Python Developer | Switzerland,linkedin,Python Software Engineer - Digital Assets,IMC Trading,"Zug, Zug, Switzerland",On-site,Full-time,Python,,English,,,Recent,https://ch.linkedin.com/jobs/view/python-software-engineer-digital-assets-at-imc-trading-4320553182,2026-05-28T13:57:51.845839+00:00
0,Python Developer | Switzerland,linkedin,Backend Engineer,Liom,Zürich Metropolitan Area,On-site,Full-time,,,English,,,Recent,https://ch.linkedin.com/jobs/view/backend-engineer-at-liom-4410610757,2026-05-28T13:57:51.846031+00:00
0,Python Developer | Switzerland,linkedin,Software Engineer Python (all genders),AXA,"Winterthur, Zurich, Switzerland",On-site,Full-time,Python,,English,,,Recent,https://ch.linkedin.com/jobs/view/software-engineer-python-all-genders-at-axa-4418879116,2026-05-28T13:57:51.846226+00:00
0,Python Developer | Switzerland,linkedin,Python Entwickler,RM Group (Switzerland),"Zurich, Zurich, Switzerland",On-site,Full-time,Python,,English,,,Recent,https://ch.linkedin.com/jobs/view/python-entwickler-at-rm-group-switzerland-4415659444,2026-05-28T13:57:51.846368+00:00
0,Python Developer | Switzerland,linkedin,Software Developer Python DevOps,ROSEN,"Stans, Nidwalden, Switzerland",On-site,Full-time,Python,Devops,English,,,Recent,https://ch.linkedin.com/jobs/view/software-developer-python-devops-at-rosen-4415289256,2026-05-28T13:57:51.846504+00:00
0,Python Developer | Switzerland,linkedin,Backend Software Engineer,mygrid AG,"Brugg, Aargau, Switzerland",On-site,Full-time,,,English,,,Recent,https://ch.linkedin.com/jobs/view/backend-software-engineer-at-mygrid-ag-4412124691,2026-05-28T13:57:51.846636+00:00
0,Python Developer | Switzerland,linkedin,Software Engineer,CDDS,"Zurich, Zurich, Switzerland",On-site,Full-time,,,English,,,Recent,https://ch.linkedin.com/jobs/view/software-engineer-at-cdds-4419835055,2026-05-28T13:57:51.846765+00:00
0,Python Developer | Switzerland,linkedin,Quantitative Developer,Millennium,"Zurich, Zurich, Switzerland",On-site,Full-time,,,English,,,Recent,https://ch.linkedin.com/jobs/view/quantitative-developer-at-millennium-4360140295,2026-05-28T13:57:51.846905+00:00
0,Python Developer | Switzerland,linkedin,Application Engineer Python,Klanik,"Lausanne, Vaud, Switzerland",On-site,Full-time,Python,,English,,,Recent,https://ch.linkedin.com/jobs/view/application-engineer-python-at-klanik-4416119095,2026-05-28T13:57:51.847049+00:00
0,Python Developer | Switzerland,linkedin,Backend Engineer,Sartiq,"Lugano, Ticino, Switzerland",On-site,Full-time,,,English,,,Recent,https://ch.linkedin.com/jobs/view/backend-engineer-at-sartiq-4415237484,2026-05-28T13:57:51.847179+00:00
0,Python Developer | Slovakia,linkedin,Python Software Engineer,ESET,"Bratislava, Bratislava, Slovakia",On-site,Full-time,Python,,English,,,Recent,https://sk.linkedin.com/jobs/view/python-software-engineer-at-eset-4414037159,2026-05-28T13:57:56.773404+00:00
0,Python Developer | Slovakia,linkedin,Python Developer,AIApply,Bratislava Metropolitan Area,On-site,Full-time,Python,,English,,,Recent,https://sk.linkedin.com/jobs/view/python-developer-at-aiapply-4420298249,2026-05-28T13:57:56.773584+00:00
0,Python Developer | Slovakia,linkedin,Experienced Python Software Engineer,ESET,"Bratislava, Bratislava, Slovakia",On-site,Full-time,Python,,English,,,Recent,https://sk.linkedin.com/jobs/view/experienced-python-software-engineer-at-eset-4385072625,2026-05-28T13:57:56.773728+00:00
0,Python Developer | Slovakia,linkedin,AI Engineer,GymBeam,"Kosice, Slovakia",On-site,Full-time,,,English,,,Recent,https://sk.linkedin.com/jobs/view/ai-engineer-at-gymbeam-4412924917,2026-05-28T13:57:56.774032+00:00
0,Python Developer | Slovakia,linkedin,Full-Stack Developer - Python & JavaScript (m/f),PwC Slovakia,"Bratislava, Bratislava, Slovakia",On-site,Full-time,"Javascript, Python",,English,,,Recent,https://sk.linkedin.com/jobs/view/full-stack-developer-python-javascript-m-f-at-pwc-slovakia-4323297439,2026-05-28T13:57:56.774303+00:00
0,Python Developer | Slovakia,linkedin,Python Software Developer,Nokia,"Bratislava, Bratislava, Slovakia",On-site,Full-time,Python,,English,,,Recent,https://sk.linkedin.com/jobs/view/python-software-developer-at-nokia-4289894545,2026-05-28T13:57:56.774436+00:00
0,Python Developer | Slovakia,linkedin,GenAI Engineer,Capco,"Košice, Kosice, Slovakia",On-site,Full-time,,,English,,,Recent,https://sk.linkedin.com/jobs/view/genai-engineer-at-capco-4232921932,2026-05-28T13:57:56.774571+00:00
0,Python Developer | Slovakia,linkedin,GenAI Engineer,Capco,"Bratislava, Bratislava, Slovakia",On-site,Full-time,,,English,,,Recent,https://sk.linkedin.com/jobs/view/genai-engineer-at-capco-4232925582,2026-05-28T13:57:56.774729+00:00
0,Python Developer | Czech Republic,linkedin,Python Developer,TACTUK TEAM,"Santiago de los Caballeros, Santiago, Dominican Republic",On-site,Full-time,Python,,English,,,Recent,https://do.linkedin.com/jobs/view/python-developer-at-tactuk-team-4418153559,2026-05-28T13:57:59.170266+00:00
0,Python Developer | Czech Republic,linkedin,Full Stack Developer (Python),Perform,Dominican Republic,On-site,Full-time,Python,,English,,,Recent,https://do.linkedin.com/jobs/view/full-stack-developer-python-at-perform-4398298505,2026-05-28T13:57:59.170440+00:00
0,Python Developer | Czech Republic,linkedin,Python/Django Software Engineer - Remote - Latin America,FullStack,"La Vega, La Vega, Dominican Republic",Remote,Full-time,Python,Django,English,,,Recent,https://do.linkedin.com/jobs/view/python-django-software-engineer-remote-latin-america-at-fullstack-4408675960,2026-05-28T13:57:59.170584+00:00
0,Python Developer | Czech Republic,linkedin,Python/Django Software Engineer - Remote - Latin America,FullStack,"Luperón, Puerto Plata, Dominican Republic",Remote,Full-time,Python,Django,English,,,Recent,https://do.linkedin.com/jobs/view/python-django-software-engineer-remote-latin-america-at-fullstack-4408676964,2026-05-28T13:57:59.170721+00:00
0,Python Developer | Czech Republic,linkedin,Full Stack Developer (Python),Perform,"Santo Domingo, Distrito Nacional, Dominican Republic",On-site,Full-time,Python,,English,,,Recent,https://do.linkedin.com/jobs/view/full-stack-developer-python-at-perform-4415707267,2026-05-28T13:57:59.170861+00:00
0,Python Developer | Czech Republic,linkedin,Python/Django Software Engineer - Remote - Latin America,FullStack,"Santiago de los Caballeros, Santiago, Dominican Republic",Remote,Full-time,Python,Django,English,,,Recent,https://do.linkedin.com/jobs/view/python-django-software-engineer-remote-latin-america-at-fullstack-4408689084,2026-05-28T13:57:59.171142+00:00
0,Python Developer | Czech Republic,linkedin,Python/Django Software Engineer - Remote - Latin America,FullStack,"Higüey, La Altagracia, Dominican Republic",Remote,Full-time,Python,Django,English,,,Recent,https://do.linkedin.com/jobs/view/python-django-software-engineer-remote-latin-america-at-fullstack-4408685949,2026-05-28T13:57:59.171272+00:00
0,Python Developer | Czech Republic,linkedin,Python/Django Software Engineer - Remote - Latin America,FullStack,"Urb. San Francisco, Duarte, Dominican Republic",Remote,Full-time,Python,Django,English,,,Recent,https://do.linkedin.com/jobs/view/python-django-software-engineer-remote-latin-america-at-fullstack-4408683975,2026-05-28T13:57:59.171406+00:00
0,Python Developer | Czech Republic,linkedin,Python/Django Software Engineer - Remote - Latin America,FullStack,"Bonao, Monseñor Nouel, Dominican Republic",Remote,Full-time,Python,Django,English,,,Recent,https://do.linkedin.com/jobs/view/python-django-software-engineer-remote-latin-america-at-fullstack-4408676962,2026-05-28T13:57:59.171543+00:00
0,Python Developer | Poland,linkedin,Python Developer,ITDS,Wroclaw Metropolitan Area,On-site,Full-time,Python,,English,,,Recent,https://pl.linkedin.com/jobs/view/python-developer-at-itds-4410392044,2026-05-28T13:58:01.671970+00:00
0,Python Developer | Poland,linkedin,Python Developer,mthree,"Cracow, Małopolskie, Poland",On-site,Contract,"Ci/Cd, Pytest, Python","Agile, Git, Pandas, Numpy",English,,,Recent,https://pl.linkedin.com/jobs/view/python-developer-at-mthree-4410376101,2026-05-28T13:58:01.672166+00:00
0,Python Developer | Poland,linkedin,python developer,Fundacja Grupy ERGO Hestia Integralia,"Pomorskie, Poland",On-site,Full-time,Python,,English,,,Recent,https://pl.linkedin.com/jobs/view/python-developer-at-fundacja-grupy-ergo-hestia-integralia-4409976197,2026-05-28T13:58:01.672332+00:00
0,Python Developer | Poland,linkedin,Python Backend Engineer – GCP & Big Data,Thrive IT Systems,"Warsaw, Mazowieckie, Poland",On-site,Full-time,Python,Gcp,English,,,Recent,https://pl.linkedin.com/jobs/view/python-backend-engineer-%E2%80%93-gcp-big-data-at-thrive-it-systems-4415767248,2026-05-28T13:58:01.672482+00:00
0,Python Developer | Poland,linkedin,Python Developer,Opera,Wroclaw Metropolitan Area,On-site,Full-time,Python,,English,,,Recent,https://pl.linkedin.com/jobs/view/python-developer-at-opera-4415013137,2026-05-28T13:58:01.672623+00:00
0,Python Developer | Poland,linkedin,Python Developer,Opera,"Wrocław, Dolnośląskie, Poland",On-site,Full-time,Python,,English,,,Recent,https://pl.linkedin.com/jobs/view/python-developer-at-opera-4415056945,2026-05-28T13:58:01.672754+00:00
0,Python Developer | Poland,linkedin,Software Engineer (Python/TS),Paramount,"Warsaw, Mazowieckie, Poland",On-site,Full-time,Python,,English,,,Recent,https://pl.linkedin.com/jobs/view/software-engineer-python-ts-at-paramount-4364622142,2026-05-28T13:58:01.672908+00:00
0,Python Developer | Poland,linkedin,Python Developer,ALGOTEQUE Innovation Hub,"Warsaw, Mazowieckie, Poland",On-site,Full-time,Python,,English,,,Recent,https://pl.linkedin.com/jobs/view/python-developer-at-algoteque-innovation-hub-4419117861,2026-05-28T13:58:01.673051+00:00
0,Python Developer | Poland,linkedin,GCP & Python Engineer,Infinity Quest,"Warsaw, Mazowieckie, Poland",On-site,Full-time,Python,Gcp,English,,,Recent,https://pl.linkedin.com/jobs/view/gcp-python-engineer-at-infinity-quest-4408761520,2026-05-28T13:58:01.673185+00:00
0,Python Developer | Poland,linkedin,Python Software Engineer (Production Data & Model Services),EPAM Systems,"Wrocław, Dolnośląskie, Poland",Remote,Contract,"Ci/Cd, Python","Git, Azure, Databricks, Scikit-Learn, Pandas, Gcp, Numpy, Data Science, Spark, Aws",English,,,Recent,https://pl.linkedin.com/jobs/view/python-software-engineer-production-data-model-services-at-epam-systems-4412886646,2026-05-28T13:58:01.673326+00:00
0,Python Developer | USA,linkedin,Python Backend Engineer,CGI,"Lafayette, LA",On-site,Full-time,Python,,English,,,Recent,https://www.linkedin.com/jobs/view/python-backend-engineer-at-cgi-4417456159,2026-05-28T13:58:04.292193+00:00
0,Python Developer | USA,linkedin,Python Developer,Open Systems Technologies,"New York, NY",On-site,Full-time,Python,,English,,,Recent,https://www.linkedin.com/jobs/view/python-developer-at-open-systems-technologies-3952273769,2026-05-28T13:58:04.292375+00:00
0,Python Developer | USA,linkedin,Python Programmer,TRISTAR,"Crane, IN",On-site,Full-time,Python,,English,,,Recent,https://www.linkedin.com/jobs/view/python-programmer-at-tristar-4404851061,2026-05-28T13:58:04.292518+00:00
0,Python Developer | USA,linkedin,Python Developer,Luxoft,"Irvine, CA",On-site,Full-time,Python,,English,,,Recent,https://www.linkedin.com/jobs/view/python-developer-at-luxoft-4409082700,2026-05-28T13:58:04.292655+00:00
0,Python Developer | USA,linkedin,Python Developer II,RF-SMART,"Jacksonville, FL",On-site,Full-time,Python,,English,,,Recent,https://www.linkedin.com/jobs/view/python-developer-ii-at-rf-smart-4302990319,2026-05-28T13:58:04.292792+00:00
0,Python Developer | USA,linkedin,Python Developer,Mastech Digital,"Pittsburgh, PA",On-site,Full-time,Python,,English,,,Recent,https://www.linkedin.com/jobs/view/python-developer-at-mastech-digital-4412925061,2026-05-28T13:58:04.292943+00:00
0,Python Developer | USA,linkedin,Python Developer,Programmers.io,"Mount Laurel, NJ",On-site,Full-time,Python,,English,,,Recent,https://www.linkedin.com/jobs/view/python-developer-at-programmers-io-4413098328,2026-05-28T13:58:04.293078+00:00
0,Python Developer | USA,linkedin,Python Developer,"Tanisha Systems, Inc","Austin, Texas Metropolitan Area",On-site,Full-time,"Ci/Cd, Python","Microservices, Postgresql, Azure, Git, Scrum, Mysql, Aws, Django, Rest Api, Gcp",English,,,Recent,https://www.linkedin.com/jobs/view/python-developer-at-tanisha-systems-inc-4413339542,2026-05-28T13:58:04.293210+00:00
0,Python Developer | USA,linkedin,Python Developer,"Veridian Tech Solutions, Inc.","Chicago, IL",On-site,Full-time,Python,"Sql Server, Sql, Powershell, Github",English,,,Recent,https://www.linkedin.com/jobs/view/python-developer-at-veridian-tech-solutions-inc-4418832747,2026-05-28T13:58:04.293347+00:00
0,Python Developer | USA,linkedin,Python Developer,Synechron,"Charlotte, NC",On-site,Full-time,Python,,English,,,Recent,https://www.linkedin.com/jobs/view/python-developer-at-synechron-4412864008,2026-05-28T13:58:04.293479+00:00
0,Python Developer | United Kingdom,linkedin,Python Developer,Haystack,"Edinburgh, Scotland, United Kingdom",On-site,Full-time,Python,,English,,,Recent,https://uk.linkedin.com/jobs/view/python-developer-at-haystack-4419568701,2026-05-28T13:58:06.929317+00:00
0,Python Developer | United Kingdom,linkedin,Python Developer,Noir,"Newcastle Upon Tyne, England, United Kingdom",On-site,Full-time,Python,,English,,,Recent,https://uk.linkedin.com/jobs/view/python-developer-at-noir-4418950170,2026-05-28T13:58:06.929496+00:00
0,Python Developer | United Kingdom,linkedin,Python Developer,Accenture,"Manchester, England, United Kingdom",On-site,Full-time,Python,,English,,,Recent,https://uk.linkedin.com/jobs/view/python-developer-at-accenture-4412757285,2026-05-28T13:58:06.929638+00:00
0,Python Developer | United Kingdom,linkedin,Backend Software Engineer Python - Start-up,Client Server,"Cirencester, England, United Kingdom",On-site,Full-time,Python,,English,,,Recent,https://uk.linkedin.com/jobs/view/backend-software-engineer-python-start-up-at-client-server-4416608261,2026-05-28T13:58:06.929776+00:00
0,Python Developer | United Kingdom,linkedin,Python Developer,Brave,"Cirencester, England, United Kingdom",On-site,Full-time,Python,,English,,,Recent,https://uk.linkedin.com/jobs/view/python-developer-at-brave-4415495803,2026-05-28T13:58:06.929935+00:00
0,Python Developer | United Kingdom,linkedin,Software Engineer,Experis UK,"Newcastle Upon Tyne, England, United Kingdom",On-site,Full-time,,,English,,,Recent,https://uk.linkedin.com/jobs/view/software-engineer-at-experis-uk-4415773612,2026-05-28T13:58:06.930074+00:00
0,Python Developer | United Kingdom,linkedin,Software Engineer (Python),Procode,"Eastleigh, England, United Kingdom",On-site,Full-time,Python,,English,,,Recent,https://uk.linkedin.com/jobs/view/software-engineer-python-at-procode-4403975445,2026-05-28T13:58:06.930206+00:00
0,Python Developer | United Kingdom,linkedin,Python Developer,Barclays,"Knutsford, England, United Kingdom",On-site,Full-time,Python,,English,,,Recent,https://uk.linkedin.com/jobs/view/python-developer-at-barclays-4413649446,2026-05-28T13:58:06.930339+00:00
0,Python Developer | United Kingdom,linkedin,Python Developer,Citi,"Belfast, Northern Ireland, United Kingdom",On-site,Full-time,Python,,English,,,Recent,https://uk.linkedin.com/jobs/view/python-developer-at-citi-4397288291,2026-05-28T13:58:06.930475+00:00
0,Python Developer | United Kingdom,linkedin,Back End Developer,ZeroLight,"Newcastle Upon Tyne, England, United Kingdom",On-site,Full-time,,,English,,,Recent,https://uk.linkedin.com/jobs/view/back-end-developer-at-zerolight-4415917167,2026-05-28T13:58:06.930608+00:00
0,Python Test | Germany,linkedin,Embedded Python Tester (all gender),ALTEN Germany,Greater Munich Metropolitan Area,On-site,Full-time,Python,,English,,,Recent,https://de.linkedin.com/jobs/view/embedded-python-tester-all-gender-at-alten-germany-4354062736,2026-05-28T13:58:09.250212+00:00
0,Python Test | Germany,linkedin,Embedded Python Tester | Embedded Systems | CI | Python (all gender),ALTEN Germany,"Munich, Bavaria, Germany",On-site,Full-time,"Embedded Systems, Python",,English,,,Recent,https://de.linkedin.com/jobs/view/embedded-python-tester-embedded-systems-ci-python-all-gender-at-alten-germany-4414856042,2026-05-28T13:58:09.250389+00:00
0,Python Test | Germany,linkedin,Embedded Python Tester (m/w/d),MCA Germany,"Munich, Bavaria, Germany",On-site,Full-time,Python,,English,,,Recent,https://de.linkedin.com/jobs/view/embedded-python-tester-m-w-d-at-mca-germany-4397479176,2026-05-28T13:58:09.250532+00:00
0,Python Test | Germany,linkedin,Automation Test Engineer,Thrive IT Systems,"Böblingen, Baden-Württemberg, Germany",On-site,Full-time,,,English,,,Recent,https://de.linkedin.com/jobs/view/automation-test-engineer-at-thrive-it-systems-4419820807,2026-05-28T13:58:09.250669+00:00
0,Python Test | Switzerland,linkedin,Software Engineer - Validation,Harmattan AI,"Lausanne, Vaud, Switzerland",On-site,Full-time,,,English,,,Recent,https://ch.linkedin.com/jobs/view/software-engineer-validation-at-harmattan-ai-4398385941,2026-05-28T13:58:13.805739+00:00
0,Python Test | Slovakia,linkedin,Gen AI QA Tester,Hexaware Technologies,"Šarišské Michaľany, Presov, Slovakia",On-site,Full-time,,,English,,,Recent,https://sk.linkedin.com/jobs/view/gen-ai-qa-tester-at-hexaware-technologies-4418869427,2026-05-28T13:58:18.498346+00:00
0,Python Test | Slovakia,linkedin,Python Software Engineer,ESET,"Bratislava, Bratislava, Slovakia",On-site,Full-time,Python,,English,,,Recent,https://sk.linkedin.com/jobs/view/python-software-engineer-at-eset-4292497215,2026-05-28T13:58:18.499194+00:00
0,Python Test | Poland,linkedin,Test Python Engineer - Diagnostics & Infotainment Systems,Spline,"Cracow, Małopolskie, Poland",On-site,Full-time,Python,,English,,,Recent,https://pl.linkedin.com/jobs/view/test-python-engineer-diagnostics-infotainment-systems-at-spline-4420418006,2026-05-28T13:58:23.057382+00:00
0,Python Test | USA,linkedin,Software Design Engineer,Molex,"Conway, AR",On-site,Full-time,,,English,,,Recent,https://www.linkedin.com/jobs/view/software-design-engineer-at-molex-4363007208,2026-05-28T13:58:25.676268+00:00
0,Python Test | USA,linkedin,Automation Engineer,Pentangle Tech Services | P5 Group,"Indianapolis, IN",On-site,Full-time,,,English,,,Recent,https://www.linkedin.com/jobs/view/automation-engineer-at-pentangle-tech-services-p5-group-4416940638,2026-05-28T13:58:25.676580+00:00
0,Python Test | USA,linkedin,"Software Testing Engineer - Mason, OH","ICR, Inc.","Mason, OH",On-site,Full-time,,,English,,,Recent,https://www.linkedin.com/jobs/view/software-testing-engineer-mason-oh-at-icr-inc-4408224870,2026-05-28T13:58:25.676712+00:00
0,Python Test | USA,linkedin,Digital Systems Developer,Van Buren County,"Paw Paw, MI",On-site,Full-time,,,English,,,Recent,https://www.linkedin.com/jobs/view/digital-systems-developer-at-van-buren-county-4410806657,2026-05-28T13:58:25.676844+00:00
0,Python Test | USA,linkedin,"Software Automation Test Engineer II (Lehi, UT - Hybrid or Boston, MA – Hybrid, Mishawaka, ID - Hybrid)",Ventus,"Mishawaka, IN",Hybrid,Full-time,,,English,,,Recent,https://www.linkedin.com/jobs/view/software-automation-test-engineer-ii-lehi-ut-hybrid-or-boston-ma-%E2%80%93-hybrid-mishawaka-id-hybrid-at-ventus%C2%A0-4409984347,2026-05-28T13:58:25.676996+00:00
0,Python Test | USA,linkedin,Digital Systems Developer,Van Buren County Sheriff's Office,"Paw Paw, MI",On-site,Full-time,,,English,,,Recent,https://www.linkedin.com/jobs/view/digital-systems-developer-at-van-buren-county-sheriff-s-office-4411267050,2026-05-28T13:58:25.677143+00:00
0,Python Test | USA,linkedin,Python Developer,Tata Consultancy Services,"Cupertino, CA",On-site,Full-time,Python,,English,,,Recent,https://www.linkedin.com/jobs/view/python-developer-at-tata-consultancy-services-4417546177,2026-05-28T13:58:25.677407+00:00
0,Python Test | USA,linkedin,Software Tester,MANTECH,"San Antonio, TX",On-site,Full-time,,,English,,,Recent,https://www.linkedin.com/jobs/view/software-tester-at-mantech-4406750114,2026-05-28T13:58:25.677537+00:00
0,Python Test | United Kingdom,linkedin,System Test Engineer,Dexory,"Oxfordshire, England, United Kingdom",On-site,Full-time,,,English,,,Recent,https://uk.linkedin.com/jobs/view/system-test-engineer-at-dexory-4393589214,2026-05-28T13:58:28.319901+00:00
0,Python Test | United Kingdom,linkedin,Python Developer in Test,AMD,"Cambridge, England, United Kingdom",On-site,Full-time,Python,,English,,,Recent,https://uk.linkedin.com/jobs/view/python-developer-in-test-at-amd-4413314822,2026-05-28T13:58:28.320080+00:00
0,Python Test | United Kingdom,linkedin,"Software Engineer - Python, Automation",Roku,"Cambridge, England, United Kingdom",On-site,Full-time,Python,,English,,,Recent,https://uk.linkedin.com/jobs/view/software-engineer-python-automation-at-roku-4378849265,2026-05-28T13:58:28.320220+00:00
0,Python Test | United Kingdom,linkedin,Site Ops & AI Automation Engineer,Next,"Leicester, England, United Kingdom",On-site,Full-time,,,English,,,Recent,https://uk.linkedin.com/jobs/view/site-ops-ai-automation-engineer-at-next-4419164022,2026-05-28T13:58:28.320355+00:00
0,Python Test | United Kingdom,linkedin,Automation Engineer,Maxwell Bond,"Manchester Area, United Kingdom",On-site,Full-time,,,English,,,Recent,https://uk.linkedin.com/jobs/view/automation-engineer-at-maxwell-bond-4408820793,2026-05-28T13:58:28.320748+00:00
0,Python Test | United Kingdom,linkedin,Software Engineer,Travis Perkins plc,"Northampton, England, United Kingdom",On-site,Full-time,,,English,,,Recent,https://uk.linkedin.com/jobs/view/software-engineer-at-travis-perkins-plc-4414368318,2026-05-28T13:58:28.320877+00:00
0,Firmware Engineer | Germany,linkedin,Hardware / IoT Engineer,microagi,"Munich, Bavaria, Germany",On-site,Full-time,,,English,,,Recent,https://de.linkedin.com/jobs/view/hardware-iot-engineer-at-microagi-4416026764,2026-05-28T13:58:30.894174+00:00
0,Firmware Engineer | Germany,linkedin,Embedded Firmware Engineer (m/w/d) – Elektronenmikroskopie,ZEISS Group,"Oberkochen, Baden-Württemberg, Germany",On-site,Full-time,Firmware,,English,,,Recent,https://de.linkedin.com/jobs/view/embedded-firmware-engineer-m-w-d-%E2%80%93-elektronenmikroskopie-at-zeiss-group-4413942330,2026-05-28T13:58:30.894352+00:00
0,Firmware Engineer | Germany,linkedin,Embedded Firmware Developer (Agri-Tech / Sensor Systems) (m/f/d),stenon,"Potsdam, Brandenburg, Germany",On-site,Full-time,Firmware,,English,,,Recent,https://de.linkedin.com/jobs/view/embedded-firmware-developer-agri-tech-sensor-systems-m-f-d-at-stenon-4406545307,2026-05-28T13:58:30.894504+00:00
0,Firmware Engineer | Germany,linkedin,Embedded IoT Firmware Developer (m/w/d),Instaffo,"Hamburg, Hamburg, Germany",On-site,Full-time,Firmware,,English,,,Recent,https://de.linkedin.com/jobs/view/embedded-iot-firmware-developer-m-w-d-at-instaffo-4398326348,2026-05-28T13:58:30.894647+00:00
0,Firmware Engineer | Germany,linkedin,"Embedded Developer - Ingolstadt Area - Up to €65,000 (d / m / w)",Optimus Search,"Ingolstadt, Bavaria, Germany",On-site,Full-time,,,English,,,Recent,https://de.linkedin.com/jobs/view/embedded-developer-ingolstadt-area-up-to-%E2%82%AC65-000-d-m-w-at-optimus-search-4395804273,2026-05-28T13:58:30.894782+00:00
0,Firmware Engineer | Germany,linkedin,Embedded Developer (m/f/d),R3 Solutions,"Berlin, Berlin, Germany",On-site,Full-time,,,English,,,Recent,https://de.linkedin.com/jobs/view/embedded-developer-m-f-d-at-r3-solutions-4419537207,2026-05-28T13:58:30.895065+00:00
0,Firmware Engineer | Germany,linkedin,Embedded Software / Board Controller Firmware Engineer,ACONEXT,"Dresden, Saxony, Germany",On-site,Full-time,Firmware,,English,,,Recent,https://de.linkedin.com/jobs/view/embedded-software-board-controller-firmware-engineer-at-aconext-4414096955,2026-05-28T13:58:30.895198+00:00
0,Firmware Engineer | Germany,linkedin,Embedded Soft-& Hardware Engineer(m/w/d)*,Tagueri AG,"Berlin, Berlin, Germany",On-site,Full-time,,,English,,,Recent,https://de.linkedin.com/jobs/view/embedded-soft-hardware-engineer-m-w-d-at-tagueri-ag-4379420073,2026-05-28T13:58:30.895330+00:00
0,Firmware Engineer | Germany,linkedin,Firmware Engineer PCIe/NVMe Storage Controllers (m/f/d),Swissbit AG,Greater Dresden Area,On-site,Full-time,Firmware,,English,,,Recent,https://de.linkedin.com/jobs/view/firmware-engineer-pcie-nvme-storage-controllers-m-f-d-at-swissbit-ag-4417143189,2026-05-28T13:58:30.895460+00:00
0,Firmware Engineer | Austria,linkedin,Embedded Systems Developer,3DataX,"Vienna, Austria",On-site,Full-time,Embedded Systems,,English,,,Recent,https://at.linkedin.com/jobs/view/embedded-systems-developer-at-3datax-4417614698,2026-05-28T13:58:33.355343+00:00
0,Firmware Engineer | Austria,linkedin,"Embedded Engineer, Operating System",Snap Inc.,"Vienna, Austria",On-site,Full-time,,,English,,,Recent,https://at.linkedin.com/jobs/view/embedded-engineer-operating-system-at-snap-inc-4417140351,2026-05-28T13:58:33.355526+00:00
0,Firmware Engineer | Austria,linkedin,Firmware Engineer – GNSS/GPS Tracking,Tractive,"Linz, Upper Austria, Austria",On-site,Contract,"C, C++, Can, Embedded Systems, Firmware",Safe,English,,,Recent,https://at.linkedin.com/jobs/view/firmware-engineer-%E2%80%93-gnss-gps-tracking-at-tractive-4417023557,2026-05-28T13:58:33.355972+00:00
0,Firmware Engineer | Austria,linkedin,Embedded Systems & FPGA Engineer (all genders),zerothird,"Vienna, Austria",On-site,Internship,"Bash, C, C++, Dsp, Embedded Linux, Embedded Systems, Firmware, Python, Rtos, Rust","Linux, Fpga, Vhdl, Verilog, Soc, Freertos, Zephyr",English,,,Recent,https://at.linkedin.com/jobs/view/embedded-systems-fpga-engineer-all-genders-at-zerothird-4414807367,2026-05-28T13:58:33.356114+00:00
0,Firmware Engineer | Austria,linkedin,Embedded Systems & FPGA Engineer (all genders),zerothird,"Vienna, Vienna, Austria",On-site,Internship,"Bash, C, C++, Dsp, Embedded Linux, Embedded Systems, Firmware, Python, Rtos, Rust","Linux, Fpga, Vhdl, Verilog, Soc, Freertos, Zephyr",English,,,Recent,https://at.linkedin.com/jobs/view/embedded-systems-fpga-engineer-all-genders-at-zerothird-4414092950,2026-05-28T13:58:33.356241+00:00
0,Firmware Engineer | Austria,linkedin,R&D Engineer for Embedded Software (m/f/d),MED-EL,"Innsbruck, Tyrol, Austria",On-site,Internship,"C, C++, Can, Ci/Cd, Embedded Systems, Hil, Python, Rtos, Sil","Git, C#, R, Devops",English,,,Recent,https://at.linkedin.com/jobs/view/r-d-engineer-for-embedded-software-m-f-d-at-med-el-4401590406,2026-05-28T13:58:33.356370+00:00
0,Firmware Engineer | Switzerland,linkedin,Firmware Applications Engineer,Semtech,"Neuchâtel, Switzerland",On-site,Internship,"Arm, C, C++, Ci/Cd, Cortex-M, Driver Development, Firmware, Python, Rtos, Shell, Spi, Test Automation, Uart","Git, Gitlab Ci, Risc-V, Zephyr, Soc, Freertos, Gitlab",English,,,Recent,https://ch.linkedin.com/jobs/view/firmware-applications-engineer-at-semtech-4414919231,2026-05-28T13:58:35.829241+00:00
0,Firmware Engineer | Switzerland,linkedin,Embedded Engineer,NielsenIQ,"Kriegstetten, Solothurn, Switzerland",On-site,Full-time,,,English,,,Recent,https://ch.linkedin.com/jobs/view/embedded-engineer-at-nielseniq-4404289764,2026-05-28T13:58:35.829649+00:00
0,Firmware Engineer | Switzerland,linkedin,Software Engineer Embedded System 80 - 100 % (w/m/d),Hamilton Bonaduz AG,"Domat/Ems, Graubünden, Switzerland",On-site,Full-time,,,English,,,Recent,https://ch.linkedin.com/jobs/view/software-engineer-embedded-system-80-100-%25-w-m-d-at-hamilton-bonaduz-ag-4396655596,2026-05-28T13:58:35.829787+00:00
0,Firmware Engineer | Switzerland,linkedin,Firmware Developer,SII Group Switzerland,"Berne, Switzerland",On-site,Full-time,Firmware,,English,,,Recent,https://ch.linkedin.com/jobs/view/firmware-developer-at-sii-group-switzerland-4417212340,2026-05-28T13:58:35.829943+00:00
0,Firmware Engineer | Switzerland,linkedin,Embedded Software Engineer – e Bike Systems (80–100%),Specialized Bicycle Components,"Cham, Zug, Switzerland",Remote,Full-time,,,English,,,Recent,https://ch.linkedin.com/jobs/view/embedded-software-engineer-%E2%80%93-e-bike-systems-80%E2%80%93100%25-at-specialized-bicycle-components-4411218478,2026-05-28T13:58:35.830078+00:00
0,Firmware Engineer | Switzerland,linkedin,Embedded Linux Software Engineer,Auterion,"Zurich, Zurich, Switzerland",On-site,Full-time,Embedded Linux,Linux,English,,,Recent,https://ch.linkedin.com/jobs/view/embedded-linux-software-engineer-at-auterion-4411369520,2026-05-28T13:58:35.830228+00:00
0,Firmware Engineer | Switzerland,linkedin,Embedded Electronics Engineer (TE-MPE-IQ-2026-89-GRAP),CERN,"Geneva, Geneva, Switzerland",On-site,Full-time,,,English,,,Recent,https://ch.linkedin.com/jobs/view/embedded-electronics-engineer-te-mpe-iq-2026-89-grap-at-cern-4416390610,2026-05-28T13:58:35.830361+00:00
0,Firmware Engineer | Switzerland,linkedin,Embedded Software Engineer – e-Bike Systems,Specialized Bicycle Components,"Cham, Zug, Switzerland",On-site,Full-time,,,English,,,Recent,https://ch.linkedin.com/jobs/view/embedded-software-engineer-%E2%80%93-e-bike-systems-at-specialized-bicycle-components-4249261377,2026-05-28T13:58:35.830496+00:00
0,Firmware Engineer | Switzerland,linkedin,Embedded Software Engineer,Harmattan AI,"Lausanne, Vaud, Switzerland",On-site,Full-time,,,English,,,Recent,https://ch.linkedin.com/jobs/view/embedded-software-engineer-at-harmattan-ai-4373856424,2026-05-28T13:58:35.830630+00:00
0,Firmware Engineer | Slovakia,linkedin,Software Engineer,Spinbotics,Kosice Metropolitan Area,On-site,Full-time,,,English,,,Recent,https://sk.linkedin.com/jobs/view/software-engineer-at-spinbotics-4417214842,2026-05-28T13:58:40.803172+00:00
0,Firmware Engineer | Slovakia,linkedin,Junior IoT Developer / Industry 4.0 Engineer,Magna International,"Kechnec, Kosice, Slovakia",On-site,Internship,,Junior,English,,,Recent,https://sk.linkedin.com/jobs/view/junior-iot-developer-industry-4-0-engineer-at-magna-international-4413418556,2026-05-28T13:58:40.803494+00:00
0,Firmware Engineer | Slovakia,linkedin,Softvérový inžinier,Vaillant Group,"Trenčín, Trenciansky, Slovakia",On-site,Full-time,,,English,,,Recent,https://sk.linkedin.com/jobs/view/softv%C3%A9rov%C3%BD-in%C5%BEinier-at-vaillant-group-4418112868,2026-05-28T13:58:40.803783+00:00
0,Firmware Engineer | Slovakia,linkedin,C/C++ Software Developer,Nokia,"Bratislava, Bratislava, Slovakia",On-site,Full-time,"C, C++",,English,,,Recent,https://sk.linkedin.com/jobs/view/c-c%2B%2B-software-developer-at-nokia-4290301367,2026-05-28T13:58:40.803938+00:00
0,Firmware Engineer | Slovakia,linkedin,Automatizačný softvérový inžinier,Hoval,"Istebné, Zilina, Slovakia",On-site,Full-time,,,English,,,Recent,https://sk.linkedin.com/jobs/view/automatiza%C4%8Dn%C3%BD-softv%C3%A9rov%C3%BD-in%C5%BEinier-at-hoval-4382438142,2026-05-28T13:58:40.804070+00:00
0,Firmware Engineer | Poland,linkedin,Firmware Engineer,Kidde Global Solutions,"Gdańsk, Pomorskie, Poland",On-site,Full-time,Firmware,,English,,,Recent,https://pl.linkedin.com/jobs/view/firmware-engineer-at-kidde-global-solutions-4408420870,2026-05-28T13:58:45.600339+00:00
0,Firmware Engineer | Poland,linkedin,Embedded Firmware Developer (f/m/x),Sii Poland,"Szczecin, Zachodniopomorskie, Poland",On-site,Full-time,Firmware,,English,,,Recent,https://pl.linkedin.com/jobs/view/embedded-firmware-developer-f-m-x-at-sii-poland-4410607370,2026-05-28T13:58:45.600528+00:00
0,Firmware Engineer | Poland,linkedin,Embedded Firmware Developer (f/m/x),Sii Poland,"Bydgoszcz, Kujawsko-pomorskie, Poland",On-site,Full-time,Firmware,,English,,,Recent,https://pl.linkedin.com/jobs/view/embedded-firmware-developer-f-m-x-at-sii-poland-4410606385,2026-05-28T13:58:45.600669+00:00
0,Firmware Engineer | Poland,linkedin,Embedded Software Developer,ASSA ABLOY Group,"Zabierzów, Małopolskie, Poland",On-site,Full-time,,,English,,,Recent,https://pl.linkedin.com/jobs/view/embedded-software-developer-at-assa-abloy-group-4412230903,2026-05-28T13:58:45.600802+00:00
0,Firmware Engineer | Poland,linkedin,Embedded Developer (f/m) (SSC),Phoenix Contact,"Wielkopolskie, Poland",On-site,Full-time,,,English,,,Recent,https://pl.linkedin.com/jobs/view/embedded-developer-f-m-ssc-at-phoenix-contact-4370458374,2026-05-28T13:58:45.600961+00:00
0,Firmware Engineer | Poland,linkedin,Firmware Engineer,Seargin,Katowice Metropolitan Area,On-site,Full-time,Firmware,,English,,,Recent,https://pl.linkedin.com/jobs/view/firmware-engineer-at-seargin-4413464075,2026-05-28T13:58:45.601096+00:00
0,Firmware Engineer | Poland,linkedin,Embedded Software Engineer,ASSA ABLOY Group,"Cracow, Małopolskie, Poland",On-site,Full-time,,,English,,,Recent,https://pl.linkedin.com/jobs/view/embedded-software-engineer-at-assa-abloy-group-3759958711,2026-05-28T13:58:45.601360+00:00
0,Firmware Engineer | Poland,linkedin,Embedded Software Engineer,ALTEN,Katowice Metropolitan Area,On-site,Full-time,,,English,,,Recent,https://pl.linkedin.com/jobs/view/embedded-software-engineer-at-alten-4416496676,2026-05-28T13:58:45.601495+00:00
0,Firmware Engineer | USA,linkedin,Firmware Engineer,Lumex Talent,"Austin, Texas Metropolitan Area",On-site,Full-time,Firmware,,English,,,Recent,https://www.linkedin.com/jobs/view/firmware-engineer-at-lumex-talent-4410312954,2026-05-28T13:58:48.210666+00:00
0,Firmware Engineer | USA,linkedin,Interconnect Firmware Engineer,AMD,"Austin, TX",On-site,Full-time,Firmware,,English,,,Recent,https://www.linkedin.com/jobs/view/interconnect-firmware-engineer-at-amd-4352153302,2026-05-28T13:58:48.210846+00:00
0,Firmware Engineer | USA,linkedin,Firmware Engineer,AMD,"Austin, TX",On-site,Full-time,Firmware,,English,,,Recent,https://www.linkedin.com/jobs/view/firmware-engineer-at-amd-4404114286,2026-05-28T13:58:48.211008+00:00
0,Firmware Engineer | USA,linkedin,Firmware Engineer III,Peloton Interactive,"Woodinville, WA",On-site,Full-time,Firmware,,English,,,Recent,https://www.linkedin.com/jobs/view/firmware-engineer-iii-at-peloton-interactive-4412808835,2026-05-28T13:58:48.211144+00:00
0,Firmware Engineer | USA,linkedin,"Firmware Engineer, Robotics and Surgery Engineering",Neuralink,"Austin, TX",On-site,Full-time,Firmware,,English,,,Recent,https://www.linkedin.com/jobs/view/firmware-engineer-robotics-and-surgery-engineering-at-neuralink-4416597306,2026-05-28T13:58:48.211284+00:00
0,Firmware Engineer | USA,linkedin,Embedded Software Engineer,Atomic Semi,"Austin, TX",On-site,Full-time,,,English,,,Recent,https://www.linkedin.com/jobs/view/embedded-software-engineer-at-atomic-semi-4420215998,2026-05-28T13:58:48.211418+00:00
0,Firmware Engineer | USA,linkedin,Firmware Engineer II,Advanced Energy,"Eden Prairie, MN",On-site,Full-time,Firmware,,English,,,Recent,https://www.linkedin.com/jobs/view/firmware-engineer-ii-at-advanced-energy-4385618109,2026-05-28T13:58:48.211552+00:00
0,Firmware Engineer | USA,linkedin,Firmware Engineer,Synapse ITS,"Plano, TX",On-site,Full-time,Firmware,,English,,,Recent,https://www.linkedin.com/jobs/view/firmware-engineer-at-synapse-its-4405020374,2026-05-28T13:58:48.211803+00:00
0,Firmware Engineer | USA,linkedin,Electrical Engineer Firmware,"Bray International, Inc.",Greater Houston,On-site,Internship,Firmware,,English,,,Recent,https://www.linkedin.com/jobs/view/electrical-engineer-firmware-at-bray-international-inc-4378947268,2026-05-28T13:58:48.211944+00:00
0,Firmware Engineer | United Kingdom,linkedin,Firmware Engineer,Rotork,"Bath, England, United Kingdom",On-site,Full-time,Firmware,,English,,,Recent,https://uk.linkedin.com/jobs/view/firmware-engineer-at-rotork-4414748289,2026-05-28T13:58:50.823110+00:00
0,Firmware Engineer | United Kingdom,linkedin,Embedded Software Engineer,IC Resources,"Livingston, Scotland, United Kingdom",On-site,Full-time,,,English,,,Recent,https://uk.linkedin.com/jobs/view/embedded-software-engineer-at-ic-resources-4417325885,2026-05-28T13:58:50.823291+00:00
0,Firmware Engineer | United Kingdom,linkedin,Firmware Development Engineer,myenergi,"Grimsby, England, United Kingdom",On-site,Full-time,Firmware,,English,,,Recent,https://uk.linkedin.com/jobs/view/firmware-development-engineer-at-myenergi-4415116235,2026-05-28T13:58:50.823436+00:00
0,Firmware Engineer | United Kingdom,linkedin,Firmware Engineer,Vector Recruitment Ltd,"Cambridge, England, United Kingdom",On-site,Full-time,Firmware,,English,,,Recent,https://uk.linkedin.com/jobs/view/firmware-engineer-at-vector-recruitment-ltd-4408827222,2026-05-28T13:58:50.823570+00:00
0,Firmware Engineer | United Kingdom,linkedin,Firmware Engineer,Platform Recruitment,"Southampton, England, United Kingdom",On-site,Full-time,Firmware,,English,,,Recent,https://uk.linkedin.com/jobs/view/firmware-engineer-at-platform-recruitment-4416891426,2026-05-28T13:58:50.823707+00:00
0,Firmware Engineer | United Kingdom,linkedin,Embedded Software Engineer,Archangel Autonomy,"Oxford, England, United Kingdom",On-site,Full-time,,,English,,,Recent,https://uk.linkedin.com/jobs/view/embedded-software-engineer-at-archangel-autonomy-4404447883,2026-05-28T13:58:50.823837+00:00
0,Firmware Engineer | United Kingdom,linkedin,Firmware Engineer,Brompton Bicycle,"Greenford, England, United Kingdom",On-site,Full-time,Firmware,,English,,,Recent,https://uk.linkedin.com/jobs/view/firmware-engineer-at-brompton-bicycle-4400100553,2026-05-28T13:58:50.823979+00:00
0,Firmware Engineer | United Kingdom,linkedin,Embedded Engineer,HoloMem,"London, England, United Kingdom",On-site,Full-time,,,English,,,Recent,https://uk.linkedin.com/jobs/view/embedded-engineer-at-holomem-4408748882,2026-05-28T13:58:50.824236+00:00
0,Firmware Engineer | United Kingdom,linkedin,Embedded Software Engineer (LDN),Cirrus Logic,"London, England, United Kingdom",Remote,Full-time,"Arm, C, C++, Can, Ci/Cd, Dsp, Embedded Linux, Firmware, Integration Testing, Python, Rtos, Spi, Test Automation, Uart","Git, Zephyr, Linux, Assembly, Soc, Misra C, Fpga, Iso 26262",English,,,Recent,https://uk.linkedin.com/jobs/view/embedded-software-engineer-ldn-at-cirrus-logic-4368768223,2026-05-28T13:58:50.824383+00:00
