relevance_score,search_criteria,provider,title,company,location,work_location_type,employment_type,matching_skills,missing_skills,detected_languages,matched_roles,salary_hint,posted_at_relative,link,scraped_at
44,Firmware Engineer | Austria,linkedin,Senior Embedded Crypto Software Developer (m/f/d),NXP Semiconductors,"Gratkorn, Styria, Austria",On-site,Full-time,,Senior,English,Senior,,Recent,https://at.linkedin.com/jobs/view/senior-embedded-crypto-software-developer-m-f-d-at-nxp-semiconductors-4431898495,2026-09-03T14:18:16.704780+00:00
44,Firmware Engineer | Austria,linkedin,Principal Embedded Crypto Software Developer (m/f/d),NXP Semiconductors,"Gratkorn, Styria, Austria",On-site,Full-time,,Principal,English,Principal,,Recent,https://at.linkedin.com/jobs/view/principal-embedded-crypto-software-developer-m-f-d-at-nxp-semiconductors-4411407549,2026-09-03T14:18:16.704886+00:00
44,Firmware Engineer | Switzerland,linkedin,Senior Embedded Software and Processing Engineer (m/f/d),Thales,"Zurich, Zurich, Switzerland",On-site,Full-time,,Senior,English,Senior,,Recent,https://ch.linkedin.com/jobs/view/senior-embedded-software-and-processing-engineer-m-f-d-at-thales-4450725792,2026-09-03T14:18:19.182774+00:00
44,Firmware Engineer | Slovakia,linkedin,Senior Software Engineer – Railway Signaling Systems On-Board,Siemens,"Bratislava, Bratislava, Slovakia",On-site,Full-time,,Senior,English,Senior,,Recent,https://sk.linkedin.com/jobs/view/senior-software-engineer-%E2%80%93-railway-signaling-systems-on-board-at-siemens-4456016516,2026-09-03T14:18:23.937285+00:00
44,Firmware Engineer | Slovakia,linkedin,Senior Software Engineer,Siemens,"Bratislava, Bratislava, Slovakia",On-site,Full-time,,Senior,English,Senior,,Recent,https://sk.linkedin.com/jobs/view/senior-software-engineer-at-siemens-4446795747,2026-09-03T14:18:23.937398+00:00
29,Tester | Slovakia,linkedin,Tester s nemeckým jazykom (ž/m),Siemens,"Žilina, Zilina, Slovakia",On-site,Full-time,,,English,,,Recent,https://sk.linkedin.com/jobs/view/tester-s-nemeck%C3%BDm-jazykom-%C5%BE-m-at-siemens-4423952200,2026-09-03T14:15:49.558097+00:00
29,Tester | Slovakia,linkedin,Test Design Professional for product Velocity,Siemens Healthineers,"Košice, Kosice, Slovakia",On-site,Full-time,,,English,,,Recent,https://sk.linkedin.com/jobs/view/test-design-professional-for-product-velocity-at-siemens-healthineers-4455889406,2026-09-03T14:15:49.558202+00:00
29,QA Engineer | USA,linkedin,"Software Quality Assurance Engineer, Fire Tablet Launcher Team",Amazon,"Seattle, WA",On-site,Full-time,,,English,,,Recent,https://www.linkedin.com/jobs/view/software-quality-assurance-engineer-fire-tablet-launcher-team-at-amazon-4455906458,2026-09-03T14:16:18.828386+00:00
29,Test Engineer | Slovakia,linkedin,Test inžinier pre vývoj elektronických systémov (ž/m),Siemens,"Bratislava, Bratislava, Slovakia",On-site,Full-time,,,English,,,Recent,https://sk.linkedin.com/jobs/view/test-in%C5%BEinier-pre-v%C3%BDvoj-elektronick%C3%BDch-syst%C3%A9mov-%C5%BE-m-at-siemens-4445738791,2026-09-03T14:16:33.419424+00:00
29,Test Engineer | USA,linkedin,Test Engineer-Mid,"Cintel, Inc.","Huntsville, AL",On-site,Full-time,"C, Java, Python, System Testing, Test Automation","C#, Data Science, Mid-Level",English,,,Recent,https://www.linkedin.com/jobs/view/test-engineer-mid-at-cintel-inc-4462082051,2026-09-03T14:16:40.732691+00:00
29,Firmware Engineer | Poland,linkedin,"Embedded Software Engineer II, Ring, Ring",Amazon,Gdansk Metropolitan Area,On-site,Full-time,,,English,,,Recent,https://pl.linkedin.com/jobs/view/embedded-software-engineer-ii-ring-ring-at-amazon-4455780934,2026-09-03T14:18:28.763791+00:00
29,Firmware Engineer | Poland,linkedin,"Embedded Software Dev Engineer, Ring Devices",Amazon,Gdansk Metropolitan Area,On-site,Full-time,,,English,,,Recent,https://pl.linkedin.com/jobs/view/embedded-software-dev-engineer-ring-devices-at-amazon-4455785779,2026-09-03T14:18:28.763892+00:00
14,Tester | Germany,linkedin,Software Tester (all genders),Expleo Group,"Frankfurt am Main, Hesse, Germany",Remote,Internship,"Javascript, Python","Agile, Associate, R",German,Test Manager,,Recent,https://de.linkedin.com/jobs/view/software-tester-all-genders-at-expleo-group-4457339334,2026-09-03T14:15:39.888320+00:00
14,Tester | Germany,linkedin,Softwaretester (m/w/d),FERCHAU,"Lübeck, Schleswig-Holstein, Germany",Remote,Contract,Test Automation,"Expert, R",German,Expert,,Recent,https://de.linkedin.com/jobs/view/softwaretester-m-w-d-at-ferchau-4438589012,2026-09-03T14:15:39.888512+00:00
14,Tester | Austria,linkedin,Junior Software Test Engineer (m/w/d),TECCON Consulting GmbH,"Gleisdorf, Styria, Austria",Remote,Full-time,"C, Test Automation","Expert, Agile, Junior, Scrum, Sql, C#, Architect, Kanban, Sql Server, R",German,"Architect, Expert",,Recent,https://at.linkedin.com/jobs/view/junior-software-test-engineer-m-w-d-at-teccon-consulting-gmbh-4437026598,2026-09-03T14:15:42.318015+00:00
14,Tester | Austria,linkedin,Senior Software Tester:in Krankenversicherung,UNIQA Insurance Group,"Vienna, Vienna, Austria",Remote,Full-time,Test Automation,"Senior, R",German,Senior,,Recent,https://at.linkedin.com/jobs/view/senior-software-tester-in-krankenversicherung-at-uniqa-insurance-group-4443758441,2026-09-03T14:15:42.318465+00:00
14,Tester | Austria,linkedin,SOFTWARETESTER:IN (W/M/X),IT-Services der Sozialversicherung GmbH,"Vienna, Vienna, Austria",Remote,Full-time,"Java, Playwright, Selenium, Test Automation, Typescript","Expert, Junit, Confluence, Jira, Bdd, Architect, Restassured, Associate, R, Cucumber",German,"Architect, Expert",,Recent,https://at.linkedin.com/jobs/view/softwaretester-in-w-m-x-at-it-services-der-sozialversicherung-gmbh-4427933384,2026-09-03T14:15:42.318564+00:00
14,Tester | Switzerland,linkedin,Senior Test Specialist,HCLTech,"Zurich, Zurich, Switzerland",On-site,Full-time,,Senior,English,Senior,,Recent,https://ch.linkedin.com/jobs/view/senior-test-specialist-at-hcltech-4450267007,2026-09-03T14:15:44.789455+00:00
14,Tester | Czech Republic,linkedin,Lead Software Engineer in Test (SDET),Flash,"Santo Domingo, Distrito Nacional, Dominican Republic",On-site,Full-time,,Lead,English,Lead,,Recent,https://do.linkedin.com/jobs/view/lead-software-engineer-in-test-sdet-at-flash-4414922814,2026-09-03T14:15:51.973443+00:00
14,QA Engineer | Germany,linkedin,Senior Software Test Engineer (m/w/d) (Manuel & Automation),Ingentis,"Nuremberg, Bavaria, Germany",On-site,Full-time,,Senior,English,Senior,,Recent,https://de.linkedin.com/jobs/view/senior-software-test-engineer-m-w-d-manuel-automation-at-ingentis-4443695539,2026-09-03T14:16:01.783103+00:00
14,QA Engineer | Austria,linkedin,Senior QA Engineer (m/w/d) & Testautomation - Plattformservices,PKE,"Vienna, Vienna, Austria",On-site,Full-time,,Senior,English,Senior,,Recent,https://at.linkedin.com/jobs/view/senior-qa-engineer-m-w-d-testautomation-plattformservices-at-pke-4434643740,2026-09-03T14:16:04.195685+00:00
14,QA Engineer | Austria,linkedin,Senior Software Test Engineer (w/m/d),Merkur Versicherung,"Graz, Styria, Austria",On-site,Full-time,,Senior,English,Senior,,Recent,https://at.linkedin.com/jobs/view/senior-software-test-engineer-w-m-d-at-merkur-versicherung-4417315986,2026-09-03T14:16:04.195780+00:00
14,QA Engineer | Slovakia,linkedin,Senior Software Test Automation Engineer (Full Stack),Solar Turbines,"Košice, Kosice, Slovakia",On-site,Full-time,Test Automation,Senior,English,Senior,,Recent,https://sk.linkedin.com/jobs/view/senior-software-test-automation-engineer-full-stack-at-solar-turbines-4462805893,2026-09-03T14:16:11.472384+00:00
14,QA Engineer | Poland,linkedin,Senior Software Quality Engineer,Diebold Nixdorf,"Katowice, Śląskie, Poland",On-site,Full-time,,Senior,English,Senior,,Recent,https://pl.linkedin.com/jobs/view/senior-software-quality-engineer-at-diebold-nixdorf-4433113302,2026-09-03T14:16:16.342265+00:00
14,QA Engineer | Poland,linkedin,Senior QA Engineer / 1,Inetum,"Warsaw, Mazowieckie, Poland",On-site,Full-time,,Senior,English,Senior,,Recent,https://pl.linkedin.com/jobs/view/senior-qa-engineer-1-at-inetum-4281805617,2026-09-03T14:16:16.342581+00:00
14,QA Engineer | Poland,linkedin,Senior Apps QA Engineer (Android),Surfshark,"Warsaw, Mazowieckie, Poland",On-site,Full-time,,Senior,English,Senior,,Recent,https://pl.linkedin.com/jobs/view/senior-apps-qa-engineer-android-at-surfshark-4452639431,2026-09-03T14:16:16.342791+00:00
14,QA Engineer | Poland,linkedin,Senior Software QA Engineer,Autodesk,"Cracow, Małopolskie, Poland",On-site,Contract,"Can, Javascript, Playwright, Python, Selenium","Cypress, Agile, Scrum, Product Owner, Jira, Senior, Consultant, Regression Testing, Contractor",English,"Consultant, Contractor, Senior",,Recent,https://pl.linkedin.com/jobs/view/senior-software-qa-engineer-at-autodesk-4449746997,2026-09-03T14:16:16.342886+00:00
14,QA Engineer | Poland,linkedin,Senior QA Engineer,GFT Technologies Poland,"Łódź, Łódzkie, Poland",On-site,Full-time,,Senior,English,Senior,,Recent,https://pl.linkedin.com/jobs/view/senior-qa-engineer-at-gft-technologies-poland-4453861461,2026-09-03T14:16:16.343091+00:00
14,QA Engineer | United Kingdom,linkedin,Senior QA Engineer,Arcadis,"Glasgow, Scotland, United Kingdom",On-site,Full-time,,Senior,English,Senior,,Recent,https://uk.linkedin.com/jobs/view/senior-qa-engineer-at-arcadis-4432799090,2026-09-03T14:16:21.277856+00:00
14,QA Engineer | United Kingdom,linkedin,Senior QA/Test Engineer,iO Associates,"London, England, United Kingdom",On-site,Full-time,,Senior,English,Senior,,Recent,https://uk.linkedin.com/jobs/view/senior-qa-test-engineer-at-io-associates-4462762886,2026-09-03T14:16:21.278179+00:00
14,QA Engineer | United Kingdom,linkedin,Senior QA / Test Engineer - AI & Platform,UBDS Digital,"London, England, United Kingdom",On-site,Full-time,,Senior,English,Senior,,Recent,https://uk.linkedin.com/jobs/view/senior-qa-test-engineer-ai-platform-at-ubds-digital-4462743612,2026-09-03T14:16:21.278370+00:00
14,Test Engineer | Germany,linkedin,(Senior) Test Automation Engineer (m/w/d),Loopario | vormals Logistikbude,"Dortmund, North Rhine-Westphalia, Germany",On-site,Full-time,Test Automation,Senior,English,Senior,,Recent,https://de.linkedin.com/jobs/view/senior-test-automation-engineer-m-w-d-at-loopario-vormals-logistikbude-4455894376,2026-09-03T14:16:23.750300+00:00
14,Test Engineer | Germany,linkedin,(Senior) Test Engineer (m/w/d),Walbusch-Gruppe,"Solingen, North Rhine-Westphalia, Germany",On-site,Full-time,,Senior,English,Senior,,Recent,https://de.linkedin.com/jobs/view/senior-test-engineer-m-w-d-at-walbusch-gruppe-4392752467,2026-09-03T14:16:23.750849+00:00
14,Test Engineer | Switzerland,linkedin,Senior Test Automation Engineer (m/f/x),Ekkiden,"Genève, Geneva, Switzerland",On-site,Full-time,Test Automation,Senior,English,Senior,,Recent,https://ch.linkedin.com/jobs/view/senior-test-automation-engineer-m-f-x-at-ekkiden-4461074596,2026-09-03T14:16:28.679311+00:00
14,Test Engineer | Switzerland,linkedin,Senior Test Automation Engineer (m/f/x),Ekkiden,"Geneva, Geneva, Switzerland",On-site,Full-time,Test Automation,Senior,English,Senior,,Recent,https://ch.linkedin.com/jobs/view/senior-test-automation-engineer-m-f-x-at-ekkiden-4461088311,2026-09-03T14:16:28.679514+00:00
14,Test Engineer | Slovakia,linkedin,Senior Test Engineer (m/f/d),Brose Group,"Prievidza, Trenciansky, Slovakia",On-site,Full-time,,Senior,English,Senior,,Recent,https://sk.linkedin.com/jobs/view/senior-test-engineer-m-f-d-at-brose-group-4419248716,2026-09-03T14:16:33.419225+00:00
14,Test Engineer | Slovakia,linkedin,Senior Software Engineer in Test,SentinelOne,Slovakia,On-site,Full-time,,Senior,English,Senior,,Recent,https://sk.linkedin.com/jobs/view/senior-software-engineer-in-test-at-sentinelone-4457700912,2026-09-03T14:16:33.419527+00:00
14,Test Engineer | Poland,linkedin,Senior Test Engineer - QA (UI & API),Diebold Nixdorf,"Katowice, Śląskie, Poland",On-site,Full-time,,Senior,English,Senior,,Recent,https://pl.linkedin.com/jobs/view/senior-test-engineer-qa-ui-api-at-diebold-nixdorf-4395052117,2026-09-03T14:16:38.312466+00:00
14,Test Engineer | Poland,linkedin,Senior Automation Test Engineer,Jeppesen ForeFlight,"Gdańsk, Pomorskie, Poland",On-site,Full-time,,Senior,English,Senior,,Recent,https://pl.linkedin.com/jobs/view/senior-automation-test-engineer-at-jeppesen-foreflight-4446791052,2026-09-03T14:16:38.313090+00:00
14,Test Engineer | USA,linkedin,Test Engineer,Major League Baseball (MLB),"Boulder, CO",On-site,Contract,"Github Actions, Javascript, Playwright, Test Automation, Typescript","Expert, Agile, Scrum, Datadog, Github, Kanban, Git, Load Testing, Postman",English,Expert,,Recent,https://www.linkedin.com/jobs/view/test-engineer-at-major-league-baseball-mlb-4430655606,2026-09-03T14:16:40.732977+00:00
14,Test Engineer | United Kingdom,linkedin,Senior Test Engineer,Ordnance Survey,"Southampton, England, United Kingdom",On-site,Full-time,,Senior,English,Senior,,Recent,https://uk.linkedin.com/jobs/view/senior-test-engineer-at-ordnance-survey-4458091278,2026-09-03T14:16:43.181484+00:00
14,Test Engineer | United Kingdom,linkedin,Senior Test Engineer,AJ Bell,"Manchester, England, United Kingdom",On-site,Full-time,,Senior,English,Senior,,Recent,https://uk.linkedin.com/jobs/view/senior-test-engineer-at-aj-bell-4459522629,2026-09-03T14:16:43.181575+00:00
14,Test Engineer | United Kingdom,linkedin,Senior Test Engineer,Entain,"Leeds, England, United Kingdom",On-site,Full-time,,Senior,English,Senior,,Recent,https://uk.linkedin.com/jobs/view/senior-test-engineer-at-entain-4455778791,2026-09-03T14:16:43.181669+00:00
14,Testingenieur | Switzerland,linkedin,Junior Systems Test Engineer (M/F),Enova,"Lausanne, Vaud, Switzerland",Remote,Internship,"Python, Test Automation","Lead, Junior, R",English,Lead,,Recent,https://ch.linkedin.com/jobs/view/junior-systems-test-engineer-m-f-at-enova-4458091071,2026-09-03T14:16:50.644279+00:00
14,Testingenieur | Switzerland,linkedin,Junior Systems Test Engineer (H/F/X),Ekkiden,"Lausanne, Vaud, Switzerland",Remote,Contract,"Can, Python","Lead, Junior, R",English,Lead,,Recent,https://ch.linkedin.com/jobs/view/junior-systems-test-engineer-h-f-x-at-ekkiden-4460328683,2026-09-03T14:16:50.644474+00:00
14,Testingenieur | Poland,linkedin,Quality Assurance Engineer – Senior / Mid / Junior,Kidde Global Solutions,"Gdańsk, Pomorskie, Poland",On-site,Full-time,,"Senior, Junior",English,Senior,,Recent,https://pl.linkedin.com/jobs/view/quality-assurance-engineer-%E2%80%93-senior-mid-junior-at-kidde-global-solutions-4449856648,2026-09-03T14:17:00.445202+00:00
14,Test Automation | Germany,linkedin,Senior QA Test Automation Engineer (all genders),JustPlay,"Munich, Bavaria, Germany",On-site,Full-time,Test Automation,Senior,English,Senior,,Recent,https://de.linkedin.com/jobs/view/senior-qa-test-automation-engineer-all-genders-at-justplay-4431707864,2026-09-03T14:17:07.802075+00:00
14,Test Automation | Germany,linkedin,Senior Test Automation Engineer (m/w/d),Bundesdruckerei-Gruppe,"Berlin, Germany",On-site,Full-time,Test Automation,Senior,English,Senior,,Recent,https://de.linkedin.com/jobs/view/senior-test-automation-engineer-m-w-d-at-bundesdruckerei-gruppe-4454508053,2026-09-03T14:17:07.802386+00:00
14,Test Automation | Germany,linkedin,Senior Quality Assurance Engineer,Trading 212,"Berlin, Berlin, Germany",On-site,Full-time,,Senior,English,Senior,,Recent,https://de.linkedin.com/jobs/view/senior-quality-assurance-engineer-at-trading-212-4457265401,2026-09-03T14:17:07.802485+00:00
14,Test Automation | Germany,linkedin,(Senior-) Testautomatisierungsentwickler (m/w/d),SINC GmbH,"Wiesbaden, Hesse, Germany",On-site,Full-time,,Senior,English,Senior,,Recent,https://de.linkedin.com/jobs/view/senior-testautomatisierungsentwickler-m-w-d-at-sinc-gmbh-4447389243,2026-09-03T14:17:07.802583+00:00
14,Test Automation | Austria,linkedin,Agile Senior Software Testautomation Engineer (m/w/x),ÖBB,"Leopoldstadt, Vienna, Austria",On-site,Full-time,,"Senior, Agile",English,Senior,,Recent,https://at.linkedin.com/jobs/view/agile-senior-software-testautomation-engineer-m-w-x-at-%C3%B6bb-4446756955,2026-09-03T14:17:10.224023+00:00
14,Test Automation | Austria,linkedin,Senior Test Automation Engineer (m/w/d) – Gefahrenmanagementsysteme,PKE,"Vienna, Vienna, Austria",On-site,Full-time,Test Automation,Senior,English,Senior,,Recent,https://at.linkedin.com/jobs/view/senior-test-automation-engineer-m-w-d-%E2%80%93-gefahrenmanagementsysteme-at-pke-4434656218,2026-09-03T14:17:10.224144+00:00
14,Test Automation | Austria,linkedin,Senior Test Automation Engineer (all genders) [Wien],adesso Austria GmbH,"Vienna, Austria",On-site,Full-time,Test Automation,Senior,English,Senior,,Recent,https://at.linkedin.com/jobs/view/senior-test-automation-engineer-all-genders-wien-at-adesso-austria-gmbh-4370386899,2026-09-03T14:17:10.224635+00:00
14,Test Automation | Austria,linkedin,"Test Automation Engineer mit TOSCA – Senior Consultant (m,w,d)",QESTIT DACH,"Vienna, Austria",On-site,Full-time,Test Automation,"Senior, Consultant",German,"Consultant, Senior",,Recent,https://at.linkedin.com/jobs/view/test-automation-engineer-mit-tosca-%E2%80%93-senior-consultant-m-w-d-at-qestit-dach-4459971157,2026-09-03T14:17:10.224733+00:00
14,Test Automation | Austria,linkedin,Senior Test Automation Engineer (all genders) [Graz],adesso Austria GmbH,"Graz, Styria, Austria",On-site,Full-time,Test Automation,Senior,English,Senior,,Recent,https://at.linkedin.com/jobs/view/senior-test-automation-engineer-all-genders-graz-at-adesso-austria-gmbh-4370392579,2026-09-03T14:17:10.224834+00:00
14,Test Automation | Switzerland,linkedin,"Test Automation Engineer - (Senior) Consultant (m,w,d)",QESTIT DACH,"Zurich, Switzerland",On-site,Full-time,Test Automation,"Senior, Consultant",English,"Consultant, Senior",,Recent,https://ch.linkedin.com/jobs/view/test-automation-engineer-senior-consultant-m-w-d-at-qestit-dach-4459941271,2026-09-03T14:17:12.675805+00:00
14,Test Automation | Czech Republic,linkedin,Senior Data QA Engineer - Remote Work | REF#301732,BairesDev,"Santo Domingo, Distrito Nacional, Dominican Republic",Remote,Full-time,,Senior,English,Senior,,Recent,https://do.linkedin.com/jobs/view/senior-data-qa-engineer-remote-work-ref%23301732-at-bairesdev-4455975435,2026-09-03T14:17:19.949218+00:00
14,Test Automation | Poland,linkedin,Senior IT Automation Tester,DCG,Warsaw Metropolitan Area,On-site,Full-time,,Senior,English,Senior,,Recent,https://pl.linkedin.com/jobs/view/senior-it-automation-tester-at-dcg-4461073386,2026-09-03T14:17:22.430898+00:00
14,Test Automation | Poland,linkedin,Senior Test Automation Engineer with C# (f/m/x),Sii Poland,"Wrocław, Dolnośląskie, Poland",On-site,Full-time,"C, Test Automation","Senior, C#",English,Senior,,Recent,https://pl.linkedin.com/jobs/view/senior-test-automation-engineer-with-c%23-f-m-x-at-sii-poland-4459529123,2026-09-03T14:17:22.431004+00:00
14,Test Automation | USA,linkedin,Senior SDET – Playwright & Selenium Test Automation,Cognizant,"Phoenix, AZ",Remote,Contract,"Can, Ci/Cd, Continuous Testing, Github Actions, Java, Jenkins, Playwright, Selenium, Test Automation","Agile, Cypress, Scrum, Senior, Azure, Performance Testing, Github, Devops, Cucumber",English,Senior,,Recent,https://www.linkedin.com/jobs/view/senior-sdet-%E2%80%93-playwright-selenium-test-automation-at-cognizant-4444606426,2026-09-03T14:17:24.924304+00:00
14,Test Automation | USA,linkedin,QA Automation Engineer (Playwright / TypeScript) - Onsite,Cognizant,"Troy, MI",Remote,Full-time,"C, Ci/Cd, Continuous Testing, Java, Javascript, Playwright, Python, Selenium, Test Automation, Typescript","Kubernetes, Aws, Azure, Performance Testing, Git, Jira, Lead, Cypress, Agile, Senior",English,"Lead, Senior",,Recent,https://www.linkedin.com/jobs/view/qa-automation-engineer-playwright-typescript-onsite-at-cognizant-4458641265,2026-09-03T14:17:24.924543+00:00
14,Test Automation | USA,linkedin,Senior Test Automation Engineer,CACI International Inc,"Linthicum, MD",On-site,Contract,"Bash, Can, Ci/Cd, Jenkins, Playwright, Pytest, Python, Robot Framework, Selenium, Shell, Test Automation","Senior, Sql, Gitlab, Docker, Gitlab Ci, Rest Api, Linux",English,Senior,,Recent,https://www.linkedin.com/jobs/view/senior-test-automation-engineer-at-caci-international-inc-4459534475,2026-09-03T14:17:24.924843+00:00
14,Test Automation | USA,linkedin,Senior Software Engineer in Test,CNN,"Atlanta, GA",Remote,Full-time,"Can, Ci/Cd, Github Actions, Java, Javascript, Jenkins, Selenium, Test Automation","Appium, Senior, Github, Regression Testing, Jira",English,Senior,,Recent,https://www.linkedin.com/jobs/view/senior-software-engineer-in-test-at-cnn-4424742800,2026-09-03T14:17:24.924941+00:00
14,Test Automation | USA,linkedin,Test Automation Engineer,"BAE Systems, Inc.","Sterling, VA",Hybrid,Contract,"Bash, Ci/Cd, Jenkins, Selenium, System Testing, Test Automation","Groovy, Azure, Cucumber, Jira, Expert, Agile, Senior, Oracle, Linux, Powershell",English,"Expert, Senior",,Recent,https://www.linkedin.com/jobs/view/test-automation-engineer-at-bae-systems-inc-4448810407,2026-09-03T14:17:24.925147+00:00
14,Test Automation | USA,linkedin,"Sr Eng, Software Dev Test QE",LPL Financial,"Fort Mill, SC",Hybrid,Contract,"C, Can, Ci/Cd, Java, Playwright, Python, Selenium, Typescript","Aws, Cypress, Junior, Agile, Senior, Testng, Postgresql, Sql, C#, Junit",English,Senior,,Recent,https://www.linkedin.com/jobs/view/sr-eng-software-dev-test-qe-at-lpl-financial-4462735263,2026-09-03T14:17:24.925243+00:00
14,Test Automation | United Kingdom,linkedin,Senior Automation Test Engineer - eSC or eDV Clearance Required,IBM,"Manchester, England, United Kingdom",On-site,Full-time,,Senior,English,Senior,,Recent,https://uk.linkedin.com/jobs/view/senior-automation-test-engineer-esc-or-edv-clearance-required-at-ibm-4401657691,2026-09-03T14:17:27.461441+00:00
14,Test Automation | United Kingdom,linkedin,Senior Automation Test Engineer - eSC or eDV Clearance Required,IBM,"Cheltenham, England, United Kingdom",On-site,Full-time,,Senior,English,Senior,,Recent,https://uk.linkedin.com/jobs/view/senior-automation-test-engineer-esc-or-edv-clearance-required-at-ibm-4401661667,2026-09-03T14:17:27.461549+00:00
14,Test Automation | United Kingdom,linkedin,Senior Test Automation Engineer,Version 1,"Edinburgh, Scotland, United Kingdom",On-site,Full-time,Test Automation,Senior,English,Senior,,Recent,https://uk.linkedin.com/jobs/view/senior-test-automation-engineer-at-version-1-4449859259,2026-09-03T14:17:27.461650+00:00
14,Test Automation | United Kingdom,linkedin,Senior Test Automation Engineer,Version 1,"Belfast, Northern Ireland, United Kingdom",On-site,Full-time,Test Automation,Senior,English,Senior,,Recent,https://uk.linkedin.com/jobs/view/senior-test-automation-engineer-at-version-1-4449870153,2026-09-03T14:17:27.461850+00:00
14,Python Developer | Germany,linkedin,Senior Software Engineer Python (all genders),adesso SE,"Nuremberg, Bavaria, Germany",On-site,Full-time,Python,Senior,English,Senior,,Recent,https://de.linkedin.com/jobs/view/senior-software-engineer-python-all-genders-at-adesso-se-4137442830,2026-09-03T14:17:30.048014+00:00
14,Python Developer | Germany,linkedin,Senior Software Engineer Python (m/f/d),casavi GmbH,"Munich, Bavaria, Germany",On-site,Full-time,Python,Senior,English,Senior,,Recent,https://de.linkedin.com/jobs/view/senior-software-engineer-python-m-f-d-at-casavi-gmbh-4461718223,2026-09-03T14:17:30.048126+00:00
14,Python Developer | Germany,linkedin,Senior Python Backend Engineer / Developer (m/w/d),E.ON Deutschland,"Wunstorf, Lower Saxony, Germany",On-site,Full-time,Python,Senior,English,Senior,,Recent,https://de.linkedin.com/jobs/view/senior-python-backend-engineer-developer-m-w-d-at-e-on-deutschland-4431522646,2026-09-03T14:17:30.048225+00:00
14,Python Developer | Germany,linkedin,Senior Software Engineer Python (m/w/x) Aviation & Aerospace Systems,SII Germany,"Hamburg, Hamburg, Germany",On-site,Full-time,Python,Senior,English,Senior,,Recent,https://de.linkedin.com/jobs/view/senior-software-engineer-python-m-w-x-aviation-aerospace-systems-at-sii-germany-4432416026,2026-09-03T14:17:30.048428+00:00
14,Python Developer | Germany,linkedin,Senior Python Backend Engineer (m/w/d),eRecht24,"Berlin, Berlin, Germany",On-site,Full-time,Python,Senior,English,Senior,,Recent,https://de.linkedin.com/jobs/view/senior-python-backend-engineer-m-w-d-at-erecht24-4448412664,2026-09-03T14:17:30.048527+00:00
14,Python Developer | Germany,linkedin,Senior Python Engineer (m/w/d),Rulemapping,"Berlin, Germany",On-site,Full-time,Python,Senior,English,Senior,,Recent,https://de.linkedin.com/jobs/view/senior-python-engineer-m-w-d-at-rulemapping-4460315251,2026-09-03T14:17:30.048618+00:00
14,Python Developer | Austria,linkedin,Senior Backend Engineer (f/m/d),Formunauts,"Vienna, Austria",On-site,Full-time,,Senior,English,Senior,,Recent,https://at.linkedin.com/jobs/view/senior-backend-engineer-f-m-d-at-formunauts-4454752815,2026-09-03T14:17:32.493183+00:00
14,Python Developer | Austria,linkedin,Senior Full Stack Developer,Enery,"Vienna, Austria",On-site,Full-time,,Senior,English,Senior,,Recent,https://at.linkedin.com/jobs/view/senior-full-stack-developer-at-enery-4461058779,2026-09-03T14:17:32.493569+00:00
14,Python Developer | Switzerland,linkedin,Python Developer (Mid/Senior),Sphynx,"Zug, Zug, Switzerland",On-site,Full-time,Python,Senior,English,Senior,,Recent,https://ch.linkedin.com/jobs/view/python-developer-mid-senior-at-sphynx-4457310172,2026-09-03T14:17:34.956080+00:00
14,Python Developer | Switzerland,linkedin,Senior Python Full Stack Developer,SCOR,"Zurich, Zurich, Switzerland",On-site,Full-time,Python,Senior,English,Senior,,Recent,https://ch.linkedin.com/jobs/view/senior-python-full-stack-developer-at-scor-4460319597,2026-09-03T14:17:34.956211+00:00
14,Python Developer | Switzerland,linkedin,Senior Software-Ingenieur:in 100%,Fincons Group,"Bern, Berne, Switzerland",Remote,Full-time,,Senior,English,Senior,,Recent,https://ch.linkedin.com/jobs/view/senior-software-ingenieur-in-100%25-at-fincons-group-4451837100,2026-09-03T14:17:34.956602+00:00
14,Python Developer | Switzerland,linkedin,Senior Software Engineer,Duferco,"Lugano, Ticino, Switzerland",On-site,Full-time,,Senior,English,Senior,,Recent,https://ch.linkedin.com/jobs/view/senior-software-engineer-at-duferco-4450343201,2026-09-03T14:17:34.956700+00:00
14,Python Developer | Slovakia,linkedin,Lead Software Engineer - Python,Caterpillar Inc.,"Košice, Kosice, Slovakia",On-site,Full-time,Python,Lead,English,Lead,,Recent,https://sk.linkedin.com/jobs/view/lead-software-engineer-python-at-caterpillar-inc-4414609673,2026-09-03T14:17:39.700088+00:00
14,Python Developer | Slovakia,linkedin,"Staff Software Engineer - Python, Java / Spring or Go",Bloomreach,Slovakia,On-site,Full-time,"Go, Java, Python",Staff,English,Staff,,Recent,https://sk.linkedin.com/jobs/view/staff-software-engineer-python-java-spring-or-go-at-bloomreach-4382127445,2026-09-03T14:17:39.700586+00:00
14,Python Developer | Slovakia,linkedin,Lead Developer - Agentic AI Platform,UNIQA Group Services,"Nitra Region, Slovakia",On-site,Full-time,,Lead,English,Lead,,Recent,https://sk.linkedin.com/jobs/view/lead-developer-agentic-ai-platform-at-uniqa-group-services-4427381689,2026-09-03T14:17:39.700682+00:00
14,Python Developer | Czech Republic,linkedin,Senior Python Developer,Neural Technology Solutions,Dominican Republic,On-site,Full-time,Python,Senior,English,Senior,,Recent,https://do.linkedin.com/jobs/view/senior-python-developer-at-neural-technology-solutions-4459895914,2026-09-03T14:17:42.162507+00:00
14,Python Developer | Czech Republic,linkedin,Senior AI & Python Engineer - Remote Work,BairesDev,"Santo Domingo, Distrito Nacional, Dominican Republic",Remote,Full-time,Python,Senior,English,Senior,,Recent,https://do.linkedin.com/jobs/view/senior-ai-python-engineer-remote-work-at-bairesdev-4460651505,2026-09-03T14:17:42.162720+00:00
14,Python Developer | Czech Republic,linkedin,Delivery Consulant/Senior Consultant(Data) - EAD (AI&D) - GDC -GZ(106729),Deloitte,"アト・マジョール州, Hato Mayor, Dominican Republic",On-site,Full-time,"Can, Go, Python","Senior, Consultant, Mysql, Linux",English,"Consultant, Senior",,Recent,https://do.linkedin.com/jobs/view/delivery-consulant-senior-consultant-data-ead-ai-d-gdc-gz-106729-at-deloitte-4449494815,2026-09-03T14:17:42.162918+00:00
14,Python Developer | Poland,linkedin,Senior Python Developer,Ness Solution,"Warsaw, Mazowieckie, Poland",On-site,Full-time,Python,Senior,English,Senior,,Recent,https://pl.linkedin.com/jobs/view/senior-python-developer-at-ness-solution-4460058455,2026-09-03T14:17:44.648668+00:00
14,Python Developer | Poland,linkedin,Senior Software Engineer (Python),Capgemini,"Wrocław, Dolnośląskie, Poland",On-site,Full-time,Python,Senior,English,Senior,,Recent,https://pl.linkedin.com/jobs/view/senior-software-engineer-python-at-capgemini-4446058071,2026-09-03T14:17:44.648773+00:00
14,Python Developer | Poland,linkedin,Senior Python Developer (API),Software Mind,"Warsaw, Mazowieckie, Poland",On-site,Full-time,Python,Senior,English,Senior,,Recent,https://pl.linkedin.com/jobs/view/senior-python-developer-api-at-software-mind-4427553562,2026-09-03T14:17:44.649101+00:00
14,Python Developer | Poland,linkedin,Senior Python Software Engineer / RDM,Inetum,"Warsaw, Mazowieckie, Poland",On-site,Full-time,Python,Senior,English,Senior,,Recent,https://pl.linkedin.com/jobs/view/senior-python-software-engineer-rdm-at-inetum-4448858485,2026-09-03T14:17:44.649403+00:00
14,Python Developer | USA,linkedin,Senior Backend Software Engineer (Python),"Shield Consulting Solutions, Inc.","Annapolis Junction, MD",On-site,Full-time,Python,Senior,English,Senior,,Recent,https://www.linkedin.com/jobs/view/senior-backend-software-engineer-python-at-shield-consulting-solutions-inc-4449766035,2026-09-03T14:17:47.145519+00:00
14,Python Developer | USA,linkedin,Python Software Engineer – Mid & Senior Levels (TS/SCI w/ Poly),JTEC Consulting LLC,"Chantilly, VA",On-site,Full-time,Python,Senior,English,Senior,,Recent,https://www.linkedin.com/jobs/view/python-software-engineer-%E2%80%93-mid-senior-levels-ts-sci-w-poly-at-jtec-consulting-llc-4461031287,2026-09-03T14:17:47.145720+00:00
14,Python Developer | United Kingdom,linkedin,Senior Python Backend Software Developer,Xelix,"London, England, United Kingdom",On-site,Full-time,Python,Senior,English,Senior,,Recent,https://uk.linkedin.com/jobs/view/senior-python-backend-software-developer-at-xelix-4459346626,2026-09-03T14:17:49.603479+00:00
14,Python Developer | United Kingdom,linkedin,Senior Python Developer,King,"London, England, United Kingdom",On-site,Full-time,Python,Senior,English,Senior,,Recent,https://uk.linkedin.com/jobs/view/senior-python-developer-at-king-4457345523,2026-09-03T14:17:49.603923+00:00
14,Python Developer | United Kingdom,linkedin,Senior Python Software Engineer,Connected Consulting Limited,"Watford, England, United Kingdom",On-site,Full-time,Python,Senior,English,Senior,,Recent,https://uk.linkedin.com/jobs/view/senior-python-software-engineer-at-connected-consulting-limited-4458238014,2026-09-03T14:17:49.604020+00:00
14,Python Developer | United Kingdom,linkedin,Senior Python Developer,Ascendion,"Bromley, England, United Kingdom",On-site,Full-time,"Bash, Ci/Cd, Pytest, Python","Agile, Scrum, Postgresql, Senior, Bdd, Tdd, Sql, Jira, Mysql, Sql Server",English,Senior,,Recent,https://uk.linkedin.com/jobs/view/senior-python-developer-at-ascendion-4444944198,2026-09-03T14:17:49.604131+00:00
14,Python Developer | United Kingdom,linkedin,Senior Python Developer- London- Up to £100K,Akkodis,"London, England, United Kingdom",On-site,Full-time,Python,Senior,English,Senior,,Recent,https://uk.linkedin.com/jobs/view/senior-python-developer-london-up-to-%C2%A3100k-at-akkodis-4452814274,2026-09-03T14:17:49.604327+00:00
14,Python Test | Austria,linkedin,"Test Automation Engineer - Senior Consultant (m,w,d)",QESTIT DACH,"Vienna, Vienna, Austria",On-site,Full-time,Test Automation,"Senior, Consultant",English,"Consultant, Senior",,Recent,https://at.linkedin.com/jobs/view/test-automation-engineer-senior-consultant-m-w-d-at-qestit-dach-4454613181,2026-09-03T14:17:54.529132+00:00
14,Python Test | Poland,linkedin,Senior Python AQA IRC303374,GlobalLogic,"Cracow, Małopolskie, Poland",On-site,Full-time,Python,Senior,English,Senior,,Recent,https://pl.linkedin.com/jobs/view/senior-python-aqa-irc303374-at-globallogic-4459791036,2026-09-03T14:18:06.792234+00:00
14,Python Test | Poland,linkedin,Senior Python Automation Test Engineer IRC303521,GlobalLogic,"Cracow, Małopolskie, Poland",On-site,Full-time,Python,Senior,English,Senior,,Recent,https://pl.linkedin.com/jobs/view/senior-python-automation-test-engineer-irc303521-at-globallogic-4458987128,2026-09-03T14:18:06.792342+00:00
14,Python Test | Poland,linkedin,🔎 Senior Automation QA Engineer with Python🔎,Luxoft Poland,"Cracow, Małopolskie, Poland",On-site,Full-time,Python,Senior,English,Senior,,Recent,https://pl.linkedin.com/jobs/view/%F0%9F%94%8E-senior-automation-qa-engineer-with-python%F0%9F%94%8E-at-luxoft-poland-4459175447,2026-09-03T14:18:06.792447+00:00
14,Python Test | Poland,linkedin,🔎 Senior Automation QA Engineer with Python🔎,Luxoft Poland,"Wrocław, Dolnośląskie, Poland",On-site,Full-time,Python,Senior,English,Senior,,Recent,https://pl.linkedin.com/jobs/view/%F0%9F%94%8E-senior-automation-qa-engineer-with-python%F0%9F%94%8E-at-luxoft-poland-4459169468,2026-09-03T14:18:06.792556+00:00
14,Python Test | Poland,linkedin,Senior AQA with Python,Luxoft,"Wrocław, Dolnośląskie, Poland",On-site,Full-time,Python,Senior,English,Senior,,Recent,https://pl.linkedin.com/jobs/view/senior-aqa-with-python-at-luxoft-4459694777,2026-09-03T14:18:06.792661+00:00
14,Python Test | Poland,linkedin,Senior AQA with Python,Luxoft,"Cracow, Małopolskie, Poland",On-site,Full-time,Python,Senior,English,Senior,,Recent,https://pl.linkedin.com/jobs/view/senior-aqa-with-python-at-luxoft-4459699786,2026-09-03T14:18:06.792966+00:00
14,Python Test | USA,linkedin,Lead Software Development Engineer in Test (Python),ICE,"Atlanta, GA",On-site,Full-time,Python,Lead,English,Lead,,Recent,https://www.linkedin.com/jobs/view/lead-software-development-engineer-in-test-python-at-ice-4389299975,2026-09-03T14:18:09.371287+00:00
14,Python Test | USA,linkedin,QA Automation Lead - Python,Tata Consultancy Services,"Charlotte, NC",On-site,Full-time,Python,Lead,English,Lead,,Recent,https://www.linkedin.com/jobs/view/qa-automation-lead-python-at-tata-consultancy-services-4445755059,2026-09-03T14:18:09.371424+00:00
14,Python Test | USA,linkedin,QA Automation Lead (Python & API Testing),Centraprise,"Jersey City, NJ",On-site,Full-time,Python,Lead,English,Lead,,Recent,https://www.linkedin.com/jobs/view/qa-automation-lead-python-api-testing-at-centraprise-4461326496,2026-09-03T14:18:09.371633+00:00
14,Python Test | USA,linkedin,"Senior Software Engineer (SDET, Python)",Viasat,"Carlsbad, CA",On-site,Full-time,Python,Senior,English,Senior,,Recent,https://www.linkedin.com/jobs/view/senior-software-engineer-sdet-python-at-viasat-4457505725,2026-09-03T14:18:09.371733+00:00
14,Python Test | USA,linkedin,Senior Software Automation Testing Engineer,Unissant,"Ashburn, VA",On-site,Full-time,,Senior,English,Senior,,Recent,https://www.linkedin.com/jobs/view/senior-software-automation-testing-engineer-at-unissant-4451098561,2026-09-03T14:18:09.371829+00:00
14,Python Test | USA,linkedin,"Senior Test Automation Engineer, onsite in Petaluma, California",Ciena,"Petaluma, CA",On-site,Full-time,Test Automation,Senior,English,Senior,,Recent,https://www.linkedin.com/jobs/view/senior-test-automation-engineer-onsite-in-petaluma-california-at-ciena-4437923485,2026-09-03T14:18:09.372030+00:00
14,Python Test | USA,linkedin,Lead SDET - GenAI & Financial Services,Cognizant,"New York, NY",On-site,Full-time,,Lead,English,Lead,,Recent,https://www.linkedin.com/jobs/view/lead-sdet-genai-financial-services-at-cognizant-4457670479,2026-09-03T14:18:09.372141+00:00
14,Python Test | United Kingdom,linkedin,"Senior Software Engineer (SDET, Python)",Viasat,"London, England, United Kingdom",On-site,Full-time,Python,Senior,English,Senior,,Recent,https://uk.linkedin.com/jobs/view/senior-software-engineer-sdet-python-at-viasat-4458511345,2026-09-03T14:18:11.823606+00:00
14,Python Test | United Kingdom,linkedin,"Senior Software Engineer in Test, Python",Roku,"Cambridge, England, United Kingdom",On-site,Full-time,Python,Senior,English,Senior,,Recent,https://uk.linkedin.com/jobs/view/senior-software-engineer-in-test-python-at-roku-4385517260,2026-09-03T14:18:11.823738+00:00
14,Python Test | United Kingdom,linkedin,Senior QA/Test Engineer,TrueNorth®,"Manchester Area, United Kingdom",On-site,Full-time,,Senior,English,Senior,,Recent,https://uk.linkedin.com/jobs/view/senior-qa-test-engineer-at-truenorth%C2%AE-4462798676,2026-09-03T14:18:11.823845+00:00
14,Python Test | United Kingdom,linkedin,Senior Software Test Engineer,Humanoid,"London, England, United Kingdom",On-site,Full-time,,Senior,English,Senior,,Recent,https://uk.linkedin.com/jobs/view/senior-software-test-engineer-at-humanoid-4415009981,2026-09-03T14:18:11.824359+00:00
14,Firmware Engineer | Germany,linkedin,(Senior) Firmwareentwickler (m/w/d) Siemens AG,FERCHAU,"Karlsruhe, Baden-Württemberg, Germany",On-site,Full-time,,Senior,English,Senior,,Recent,https://de.linkedin.com/jobs/view/senior-firmwareentwickler-m-w-d-siemens-ag-at-ferchau-4438578585,2026-09-03T14:18:14.290205+00:00
14,Firmware Engineer | Germany,linkedin,"Senior Embedded Developer - Munich Area - Up to €90,000 (d / m / w)",Optimus Search,Greater Munich Metropolitan Area,On-site,Full-time,,Senior,English,Senior,,Recent,https://de.linkedin.com/jobs/view/senior-embedded-developer-munich-area-up-to-%E2%82%AC90-000-d-m-w-at-optimus-search-4416816817,2026-09-03T14:18:14.290564+00:00
14,Firmware Engineer | Germany,linkedin,Senior Software Developer (m/w/d) Embedded Software & Sensorik,Bundesdruckerei-Gruppe,"Berlin, Germany",On-site,Full-time,,Senior,English,Senior,,Recent,https://de.linkedin.com/jobs/view/senior-software-developer-m-w-d-embedded-software-sensorik-at-bundesdruckerei-gruppe-4438228689,2026-09-03T14:18:14.290673+00:00
14,Firmware Engineer | Germany,linkedin,Senior Embedded Software Engineer (m/w/d),ACONEXT,Berlin Metropolitan Area,On-site,Full-time,,Senior,English,Senior,,Recent,https://de.linkedin.com/jobs/view/senior-embedded-software-engineer-m-w-d-at-aconext-4460491904,2026-09-03T14:18:14.290775+00:00
14,Firmware Engineer | Germany,linkedin,Senior Embedded Software Engineer – Hardwarenahe Entwicklung / Rust & C++ (all gender),ALTEN,"Berlin, Germany",On-site,Full-time,"C, C++, Rust",Senior,English,Senior,,Recent,https://de.linkedin.com/jobs/view/senior-embedded-software-engineer-%E2%80%93-hardwarenahe-entwicklung-rust-c%2B%2B-all-gender-at-alten-4452239535,2026-09-03T14:18:14.290874+00:00
14,Firmware Engineer | Austria,linkedin,(Senior) Embedded Software Developer - Linux/YOCTO (m/w/d),Arivo,"Graz, Styria, Austria",On-site,Full-time,,"Senior, Linux",English,Senior,,Recent,https://at.linkedin.com/jobs/view/senior-embedded-software-developer-linux-yocto-m-w-d-at-arivo-4461639598,2026-09-03T14:18:16.704582+00:00
14,Firmware Engineer | Austria,linkedin,Senior Firmware Entwickler (m/w/d),ACTIVE SOLUTION GmbH,"Vienna, Austria",On-site,Full-time,Firmware,Senior,English,Senior,,Recent,https://at.linkedin.com/jobs/view/senior-firmware-entwickler-m-w-d-at-active-solution-gmbh-4456714546,2026-09-03T14:18:16.704680+00:00
14,Firmware Engineer | Switzerland,linkedin,Senior Embedded Firmware Engineer (FPGA/ARM),Experis Switzerland,"Zurich, Zurich, Switzerland",On-site,Full-time,"Arm, Firmware","Senior, Fpga",English,Senior,,Recent,https://ch.linkedin.com/jobs/view/senior-embedded-firmware-engineer-fpga-arm-at-experis-switzerland-4459476487,2026-09-03T14:18:19.181806+00:00
14,Firmware Engineer | Switzerland,linkedin,Senior Embedded Software Engineer,Summit Recruitment AG,Zürich Metropolitan Area,On-site,Full-time,,Senior,English,Senior,,Recent,https://ch.linkedin.com/jobs/view/senior-embedded-software-engineer-at-summit-recruitment-ag-4454738414,2026-09-03T14:18:19.182575+00:00
14,Firmware Engineer | Slovakia,linkedin,Embedded Software Engineer (FPGA),DL Remote,"Bratislava, Bratislava, Slovakia",Remote,Full-time,"C, C++, Can, Embedded Systems, Firmware, Rust","Lead, Agile, Vhdl, Senior, Verilog, Fpga",English,"Lead, Senior",,Recent,https://sk.linkedin.com/jobs/view/embedded-software-engineer-fpga-at-dl-remote-4459766095,2026-09-03T14:18:23.937037+00:00
14,Firmware Engineer | Slovakia,linkedin,Senior C/C++ Software Engineer,Frequentis,"Bratislava, Bratislava, Slovakia",On-site,Full-time,"C, C++",Senior,English,Senior,,Recent,https://sk.linkedin.com/jobs/view/senior-c-c%2B%2B-software-engineer-at-frequentis-4439990845,2026-09-03T14:18:23.937179+00:00
14,Firmware Engineer | Slovakia,linkedin,"Chcete pomáhať riadiť letovú prevádzku? Senior C/C++ software engineer - flexibilný pracovný model s možnosťou práce z domu, priestor na rast",Frequentis,"Bratislava, Slovakia",On-site,Full-time,"C, C++",Senior,English,Senior,,Recent,https://sk.linkedin.com/jobs/view/chcete-pom%C3%A1ha%C5%A5-riadi%C5%A5-letov%C3%BA-prev%C3%A1dzku%3F-senior-c-c%2B%2B-software-engineer-flexibiln%C3%BD-pracovn%C3%BD-model-s-mo%C5%BEnos%C5%A5ou-pr%C3%A1ce-z-domu-priestor-na-rast-at-frequentis-4456500093,2026-09-03T14:18:23.937498+00:00
14,Firmware Engineer | Czech Republic,linkedin,Lead Firmware Engineer,Eaton,"Santo Domingo, Distrito Nacional, Dominican Republic",On-site,Full-time,Firmware,Lead,English,Lead,,Recent,https://do.linkedin.com/jobs/view/lead-firmware-engineer-at-eaton-4450819024,2026-09-03T14:18:26.247289+00:00
14,Firmware Engineer | Poland,linkedin,Firmware Engineer – Senior / Mid / Junior,Kidde Global Solutions,"Gdańsk, Pomorskie, Poland",On-site,Full-time,Firmware,"Senior, Junior",English,Senior,,Recent,https://pl.linkedin.com/jobs/view/firmware-engineer-%E2%80%93-senior-mid-junior-at-kidde-global-solutions-4449874215,2026-09-03T14:18:28.763223+00:00
14,Firmware Engineer | Poland,linkedin,Senior Embedded Engineer - nRF / Zephyr (M/F/NB),Etteplan,"Gdańsk, Pomorskie, Poland",On-site,Full-time,,"Senior, Zephyr",English,Senior,,Recent,https://pl.linkedin.com/jobs/view/senior-embedded-engineer-nrf-zephyr-m-f-nb-at-etteplan-4458268215,2026-09-03T14:18:28.763472+00:00
14,Firmware Engineer | Poland,linkedin,Senior Embedded Engineer - nRF / Zephyr (M/F/NB),Etteplan,"Wrocław, Dolnośląskie, Poland",On-site,Full-time,,"Senior, Zephyr",English,Senior,,Recent,https://pl.linkedin.com/jobs/view/senior-embedded-engineer-nrf-zephyr-m-f-nb-at-etteplan-4458269189,2026-09-03T14:18:28.763580+00:00
14,Firmware Engineer | Poland,linkedin,Senior Firmware & OS Engineer,OPENCHIP & SOFTWARE TECHNOLOGIES,"Gdańsk, Pomorskie, Poland",On-site,Full-time,Firmware,Senior,English,Senior,,Recent,https://pl.linkedin.com/jobs/view/senior-firmware-os-engineer-at-openchip-software-technologies-4325930457,2026-09-03T14:18:28.764094+00:00
14,Firmware Engineer | USA,linkedin,Senior Firmware Engineer,Thermo Fisher Scientific,"Oakwood Village, OH",On-site,Full-time,Firmware,Senior,English,Senior,,Recent,https://www.linkedin.com/jobs/view/senior-firmware-engineer-at-thermo-fisher-scientific-4441889886,2026-09-03T14:18:31.229733+00:00
14,Firmware Engineer | USA,linkedin,Senior Edge Engineer - Firmware & MCU,SJE Inc.,"Largo, FL",On-site,Full-time,Firmware,Senior,English,Senior,,Recent,https://www.linkedin.com/jobs/view/senior-edge-engineer-firmware-mcu-at-sje-inc-4447352353,2026-09-03T14:18:31.229865+00:00
14,Firmware Engineer | USA,linkedin,Senior Embedded Software Engineer,Philips,"Bothell, WA",On-site,Full-time,,Senior,English,Senior,,Recent,https://www.linkedin.com/jobs/view/senior-embedded-software-engineer-at-philips-4460005833,2026-09-03T14:18:31.230235+00:00
14,Firmware Engineer | USA,linkedin,"Senior Firmware Engineer, Embedded Systems",Anduril Industries,"Costa Mesa, CA",On-site,Full-time,"Embedded Systems, Firmware",Senior,English,Senior,,Recent,https://www.linkedin.com/jobs/view/senior-firmware-engineer-embedded-systems-at-anduril-industries-4405488561,2026-09-03T14:18:31.230433+00:00
14,Firmware Engineer | USA,linkedin,Senior Firmware Engineer,HP IQ,"San Francisco, CA",On-site,Full-time,Firmware,Senior,English,Senior,,Recent,https://www.linkedin.com/jobs/view/senior-firmware-engineer-at-hp-iq-4446926496,2026-09-03T14:18:31.230529+00:00
14,Firmware Engineer | USA,linkedin,Senior Embedded Software Engineer,Columbus McKinnon,Greater Milwaukee,On-site,Full-time,,Senior,English,Senior,,Recent,https://www.linkedin.com/jobs/view/senior-embedded-software-engineer-at-columbus-mckinnon-4446640751,2026-09-03T14:18:31.230624+00:00
14,Firmware Engineer | USA,linkedin,Sr. Firmware Engineer II,ASSA ABLOY Group,"Lake Forest, CA",Remote,Internship,"C, Can, Driver Development, Embedded Systems, Firmware, Go, Rtos",Architect,English,Architect,,Recent,https://www.linkedin.com/jobs/view/sr-firmware-engineer-ii-at-assa-abloy-group-4451956291,2026-09-03T14:18:31.230724+00:00
14,Firmware Engineer | United Kingdom,linkedin,Senior Firmware Engineer,Arctic Research and Development,"Cirencester, England, United Kingdom",On-site,Full-time,"Arm, C, C++, Can, Firmware, I2C, Integration Testing, Rtos, Spi, Uart, Unit Testing","Expert, Senior, Assembly, Stm32, Freertos, Git, Zephyr",English,"Expert, Senior",,Recent,https://uk.linkedin.com/jobs/view/senior-firmware-engineer-at-arctic-research-and-development-4455687943,2026-09-03T14:18:33.735220+00:00
14,Firmware Engineer | United Kingdom,linkedin,Senior Firmware Engineer,EVera Recruitment,"Cirencester, England, United Kingdom",On-site,Full-time,"Arm, C, Can, Embedded Systems, Firmware, I2C, Rtos, Spi, Uart","Senior, Git",English,Senior,,Recent,https://uk.linkedin.com/jobs/view/senior-firmware-engineer-at-evera-recruitment-4458196407,2026-09-03T14:18:33.735349+00:00
14,Firmware Engineer | United Kingdom,linkedin,Senior Firmware Engineer,IC Resources,"Bath, England, United Kingdom",Hybrid,Contract,"Arm, C, Embedded Systems, Firmware, Python","Senior, Stm32",English,Senior,,Recent,https://uk.linkedin.com/jobs/view/senior-firmware-engineer-at-ic-resources-4450712858,2026-09-03T14:18:33.735452+00:00
14,Firmware Engineer | United Kingdom,linkedin,Staff Firmware Engineer,Lunar Energy,"London, England, United Kingdom",Remote,Full-time,"C, Can, Firmware, Python, Rust","Safe, Staff",English,Staff,,Recent,https://uk.linkedin.com/jobs/view/staff-firmware-engineer-at-lunar-energy-4452894561,2026-09-03T14:18:33.735552+00:00
14,Firmware Engineer | United Kingdom,linkedin,Firmware Engineer,IC Resources,"Gloucestershire, England, United Kingdom",On-site,Full-time,"Arm, C, C++, Embedded Linux, Firmware, I2C, Rtos, Spi, Uart","Senior, Linux",English,Senior,,Recent,https://uk.linkedin.com/jobs/view/firmware-engineer-at-ic-resources-4419499135,2026-09-03T14:18:33.735931+00:00
14,Firmware Engineer | United Kingdom,linkedin,Senior Firmware Engineer,Brompton Bicycle,"Greenford, England, United Kingdom",On-site,Contract,"C, C++, Can, Ci/Cd, Firmware, I2C, Jenkins, Python, Rtos, Spi, Uart","Iso 26262, Agile, Senior, Docker, Git, Staff",English,"Senior, Staff",,Recent,https://uk.linkedin.com/jobs/view/senior-firmware-engineer-at-brompton-bicycle-4445028426,2026-09-03T14:18:33.736022+00:00
14,Firmware Engineer | United Kingdom,linkedin,Senior Firmware Engineer,HID,"Tongwynlais, Wales, United Kingdom",On-site,Full-time,Firmware,Senior,English,Senior,,Recent,https://uk.linkedin.com/jobs/view/senior-firmware-engineer-at-hid-4441501739,2026-09-03T14:18:33.736125+00:00
0,Tester | Germany,linkedin,Softwaretester:in (m/w/d),sovero GmbH,"Frankfurt, Hesse, Germany",Remote,Contract,"Playwright, Test Automation","Scrum, Tdd, Gitlab, R",German,,,Recent,https://de.linkedin.com/jobs/view/softwaretester-in-m-w-d-at-sovero-gmbh-4449549475,2026-09-03T14:15:39.887861+00:00
0,Tester | Germany,linkedin,Softwaretester (m/w/d) - Berlin,Nexus AG,"Berlin, Berlin, Germany",On-site,Full-time,C,"Sql, C#, Oracle, Associate, R",German,,,Recent,https://de.linkedin.com/jobs/view/softwaretester-m-w-d-berlin-at-nexus-ag-4447354524,2026-09-03T14:15:39.887990+00:00
0,Tester | Germany,linkedin,(Junior) QA Engineer/Software-Tester (m/w/d) – Produktqualität & Testautomatisierung,CHECK24 Vergleichsportal GmbH,"Dortmund, North Rhine-Westphalia, Germany",On-site,Full-time,"Llm, Test Automation","Junior, Dart, R",German,,,Recent,https://de.linkedin.com/jobs/view/junior-qa-engineer-software-tester-m-w-d-%E2%80%93-produktqualit%C3%A4t-testautomatisierung-at-check24-vergleichsportal-gmbh-4433870576,2026-09-03T14:15:39.888107+00:00
0,Tester | Germany,linkedin,Software-Tester (M/W/D) in Nürnberg,D.O.M. Datenverarbeitung GmbH,"Nuremberg, Bavaria, Germany",Remote,Contract,"Ci/Cd, Jenkins, Selenium, Test Automation","Sql, R, Git, Postman",German,,,Recent,https://de.linkedin.com/jobs/view/software-tester-m-w-d-in-n%C3%BCrnberg-at-d-o-m-datenverarbeitung-gmbh-4457372222,2026-09-03T14:15:39.888216+00:00
0,Tester | Germany,linkedin,Softwaretester:in (m/w/d),aconium GmbH,"Berlin, Germany",Remote,Contract,"Java, Python, Test Automation","R, Php",German,,,Recent,https://de.linkedin.com/jobs/view/softwaretester-in-m-w-d-at-aconium-gmbh-4457756656,2026-09-03T14:15:39.888416+00:00
0,Tester | Germany,linkedin,Softwaretester:in,aconium GmbH,"Berlin, Germany",Remote,Contract,"Java, Python, Test Automation","R, Php",German,,,Recent,https://de.linkedin.com/jobs/view/softwaretester-in-at-aconium-gmbh-4459167908,2026-09-03T14:15:39.888612+00:00
0,Tester | Germany,linkedin,Fachlicher Softwaretester (m/w/d) Bankanwendungen,CPU Softwarehouse AG,"Munich, Bavaria, Germany",On-site,Full-time,,,English,,,Recent,https://de.linkedin.com/jobs/view/fachlicher-softwaretester-m-w-d-bankanwendungen-at-cpu-softwarehouse-ag-4458859293,2026-09-03T14:15:39.888709+00:00
0,Tester | Germany,linkedin,Fachlicher Softwaretester (m/w/d) Bankanwendungen,CPU Softwarehouse AG,"Karlsruhe, Baden-Württemberg, Germany",On-site,Full-time,,,English,,,Recent,https://de.linkedin.com/jobs/view/fachlicher-softwaretester-m-w-d-bankanwendungen-at-cpu-softwarehouse-ag-4458860270,2026-09-03T14:15:39.888807+00:00
0,Tester | Austria,linkedin,Software Test Engineer (f/m/d),COPA-DATA,"Salzburg, Salzburg, Austria",Remote,Contract,Can,"Linux, Performance Testing, Junior",English,,,Recent,https://at.linkedin.com/jobs/view/software-test-engineer-f-m-d-at-copa-data-4406956596,2026-09-03T14:15:42.318160+00:00
0,Tester | Austria,linkedin,Test Engineer (m/w/d),Deutsche Telekom,"Vienna, Vienna, Austria",Remote,Internship,"C, Java","Sql, C#, R, Linux",German,,,Recent,https://at.linkedin.com/jobs/view/test-engineer-m-w-d-at-deutsche-telekom-4462491225,2026-09-03T14:15:42.318265+00:00
0,Tester | Austria,linkedin,Software Test Engineer (f/m/d),SCIENTIFIC GAMES,"Vienna, Austria",Remote,Contract,Jenkins,"Agile, Scrum, Jira, Gitlab, Docker, Openshift, Kanban, Linux",English,,,Recent,https://at.linkedin.com/jobs/view/software-test-engineer-f-m-d-at-scientific-games-4452395395,2026-09-03T14:15:42.318367+00:00
0,Tester | Austria,linkedin,Software Test Engineer (f/m/x),Anton Paar,"Graz, Styria, Austria",On-site,Internship,"C, Java, Python, Selenium, Test Automation","Agile, Scrum, Testng, C#, Kanban, Junit",English,,,Recent,https://at.linkedin.com/jobs/view/software-test-engineer-f-m-x-at-anton-paar-4447910385,2026-09-03T14:15:42.318659+00:00
0,Tester | Austria,linkedin,Software Test Engineer,Philips Dictation | Speech Processing Solutions,"Vienna, Vienna, Austria",Remote,Internship,"C, Ci/Cd, Github Actions, Playwright, Selenium, Test Automation, Typescript","Graphql, Azure, Github, Jira, Kotlin, Agile, Scrum, Gitlab, Manual Testing, C#",English,,,Recent,https://at.linkedin.com/jobs/view/software-test-engineer-at-philips-dictation-speech-processing-solutions-4460631538,2026-09-03T14:15:42.318752+00:00
0,Tester | Austria,linkedin,Software Tester / Systems Integration (w/m/x),NOVOMATIC,"Gumpoldskirchen, Lower Austria, Austria",On-site,Internship,"Firmware, Integration Testing","Intern, R, Linux",German,,,Recent,https://at.linkedin.com/jobs/view/software-tester-systems-integration-w-m-x-at-novomatic-4330849942,2026-09-03T14:15:42.318843+00:00
0,Tester | Austria,linkedin,Software Test Engineer w/m/d,Besi Austria GmbH,"Radfeld, Tyrol, Austria",On-site,Full-time,Python,R,German,,,Recent,https://at.linkedin.com/jobs/view/software-test-engineer-w-m-d-at-besi-austria-gmbh-4457893918,2026-09-03T14:15:42.318936+00:00
0,Tester | Switzerland,linkedin,Testautomation-Engineer / Testengineer [#594],Paul Wicki Personal AG,"Berne, Switzerland",On-site,Full-time,,,English,,,Recent,https://ch.linkedin.com/jobs/view/testautomation-engineer-testengineer-%23594-at-paul-wicki-personal-ag-4457760584,2026-09-03T14:15:44.788590+00:00
0,Tester | Switzerland,linkedin,QA Engineer (m/w/d) - 100%,Ifolor Group,"Kreuzlingen, Thurgau, Switzerland",Remote,Full-time,,,English,,,Recent,https://ch.linkedin.com/jobs/view/qa-engineer-m-w-d-100%25-at-ifolor-group-4461333243,2026-09-03T14:15:44.788723+00:00
0,Tester | Switzerland,linkedin,QA Engineer – Mobile Testing,Specialized Bicycle Components,"Cham, Zug, Switzerland",Remote,Full-time,,,English,,,Recent,https://ch.linkedin.com/jobs/view/qa-engineer-%E2%80%93-mobile-testing-at-specialized-bicycle-components-4419855030,2026-09-03T14:15:44.788828+00:00
0,Tester | Switzerland,linkedin,Test Specialist,Avaloq,"Bioggio, Ticino, Switzerland",On-site,Full-time,,,English,,,Recent,https://ch.linkedin.com/jobs/view/test-specialist-at-avaloq-4458070419,2026-09-03T14:15:44.788940+00:00
0,Tester | Switzerland,linkedin,Embedded Tester / Test Automation Engineer - Chatbot & Voicebot (w/m/d),PostFinance,"Bern, Berne, Switzerland",On-site,Full-time,Test Automation,,English,,,Recent,https://ch.linkedin.com/jobs/view/embedded-tester-test-automation-engineer-chatbot-voicebot-w-m-d-at-postfinance-4457362872,2026-09-03T14:15:44.789041+00:00
0,Tester | Switzerland,linkedin,Test Engineer (m/w/d),Rocken®,"Bern, Berne, Switzerland",On-site,Full-time,,,English,,,Recent,https://ch.linkedin.com/jobs/view/test-engineer-m-w-d-at-rocken%C2%AE-4461300920,2026-09-03T14:15:44.789160+00:00
0,Tester | Switzerland,linkedin,Test und Quality Engineer,ti&m,"Zurich, Switzerland",On-site,Full-time,,,German,,,Recent,https://ch.linkedin.com/jobs/view/test-und-quality-engineer-at-ti-m-4452251496,2026-09-03T14:15:44.789261+00:00
0,Tester | Switzerland,linkedin,Test Automation Engineer / Testingenieur (M/W),Expleo Group,"Bern, Berne, Switzerland",On-site,Full-time,Test Automation,,English,,,Recent,https://ch.linkedin.com/jobs/view/test-automation-engineer-testingenieur-m-w-at-expleo-group-4425699516,2026-09-03T14:15:44.789356+00:00
0,Tester | Switzerland,linkedin,PeopleSoft Tester- Time and Labor,"Bart & Associates, Inc.","Fully, Valais, Switzerland",On-site,Full-time,,,English,,,Recent,https://ch.linkedin.com/jobs/view/peoplesoft-tester-time-and-labor-at-bart-associates-inc-4410843014,2026-09-03T14:15:44.789548+00:00
0,Tester | Slovakia,linkedin,Integration Tester,Avenga,"Bratislava, Bratislava, Slovakia",On-site,Full-time,,,English,,,Recent,https://sk.linkedin.com/jobs/view/integration-tester-at-avenga-4331424497,2026-09-03T14:15:49.557499+00:00
0,Tester | Slovakia,linkedin,SW (Agile) Test Engineer (m/f/n),ESET,"Bratislava, Bratislava, Slovakia",On-site,Full-time,,Agile,English,,,Recent,https://sk.linkedin.com/jobs/view/sw-agile-test-engineer-m-f-n-at-eset-4441547531,2026-09-03T14:15:49.557631+00:00
0,Tester | Slovakia,linkedin,Agile Test Engineer - Medior (m/f/n),ESET,"Bratislava, Bratislava, Slovakia",On-site,Full-time,,Agile,English,,,Recent,https://sk.linkedin.com/jobs/view/agile-test-engineer-medior-m-f-n-at-eset-4445540260,2026-09-03T14:15:49.557737+00:00
0,Tester | Slovakia,linkedin,Software QA Specialist,Descartes Systems Group,"Žilina, Zilina, Slovakia",On-site,Full-time,,,English,,,Recent,https://sk.linkedin.com/jobs/view/software-qa-specialist-at-descartes-systems-group-4382115365,2026-09-03T14:15:49.557839+00:00
0,Tester | Slovakia,linkedin,Middle QA Engineer,GoReel,Slovakia,On-site,Full-time,,,English,,,Recent,https://sk.linkedin.com/jobs/view/middle-qa-engineer-at-goreel-4452467343,2026-09-03T14:15:49.557945+00:00
0,Tester | Slovakia,linkedin,Software QA Engineer,CoolPeople Technology,"Bratislava, Slovakia",On-site,Full-time,,,English,,,Recent,https://sk.linkedin.com/jobs/view/software-qa-engineer-at-coolpeople-technology-4460366023,2026-09-03T14:15:49.558305+00:00
0,Tester | Slovakia,linkedin,Quality Engineer,Infobip,"Košice, Kosice, Slovakia",On-site,Full-time,,,English,,,Recent,https://sk.linkedin.com/jobs/view/quality-engineer-at-infobip-4458947326,2026-09-03T14:15:49.558402+00:00
0,Tester | Slovakia,linkedin,Tester / QA Engineer (Medior),PredictiveDataScience,"Bratislava, Bratislava, Slovakia",On-site,Full-time,,,English,,,Recent,https://sk.linkedin.com/jobs/view/tester-qa-engineer-medior-at-predictivedatascience-4459901375,2026-09-03T14:15:49.558502+00:00
0,Tester | Czech Republic,linkedin,QA Tester Republica Dominicana,Agilesoft,"Santo Domingo, Distrito Nacional, Dominican Republic",On-site,Full-time,,,English,,,Recent,https://do.linkedin.com/jobs/view/qa-tester-republica-dominicana-at-agilesoft-4454992243,2026-09-03T14:15:51.972984+00:00
0,Tester | Czech Republic,linkedin,Test Automation Engineer (API & UI) - Remote work | REF#301548,BairesDev,"Santo Domingo, Distrito Nacional, Dominican Republic",Remote,Full-time,Test Automation,,English,,,Recent,https://do.linkedin.com/jobs/view/test-automation-engineer-api-ui-remote-work-ref%23301548-at-bairesdev-4455987254,2026-09-03T14:15:51.973132+00:00
0,Tester | Czech Republic,linkedin,Quality Assurance Engineer - Trabajo Remoto,BairesDev,"Santo Domingo, Distrito Nacional, Dominican Republic",On-site,Full-time,,,English,,,Recent,https://do.linkedin.com/jobs/view/quality-assurance-engineer-trabajo-remoto-at-bairesdev-4460281872,2026-09-03T14:15:51.973237+00:00
0,Tester | Czech Republic,linkedin,Desarrollador(a) QA,DEVOCHO,"Santiago de los Caballeros, Santiago, Dominican Republic",On-site,Full-time,,,English,,,Recent,https://do.linkedin.com/jobs/view/desarrollador-a-qa-at-devocho-4459041772,2026-09-03T14:15:51.973343+00:00
0,Tester | Czech Republic,linkedin,Software Development Engineer in Test,Origami Risk,"Santo Domingo, Distrito Nacional, Dominican Republic",On-site,Full-time,,,English,,,Recent,https://do.linkedin.com/jobs/view/software-development-engineer-in-test-at-origami-risk-4462427581,2026-09-03T14:15:51.973555+00:00
0,Tester | Czech Republic,linkedin,Quality Automation Engineer,Flash,"Santo Domingo, Distrito Nacional, Dominican Republic",On-site,Full-time,,,English,,,Recent,https://do.linkedin.com/jobs/view/quality-automation-engineer-at-flash-4449448358,2026-09-03T14:15:51.973650+00:00
0,Tester | Czech Republic,linkedin,AEM QA Automation Engineer - Work from home,Nortal,"Santo Domingo, Dominican Republic",On-site,Full-time,,,English,,,Recent,https://do.linkedin.com/jobs/view/aem-qa-automation-engineer-work-from-home-at-nortal-4460060630,2026-09-03T14:15:51.973750+00:00
0,Tester | Czech Republic,linkedin,Laboratory Technician,B. Braun Medical Inc. (US),"Santo Domingo, Distrito Nacional, Dominican Republic",On-site,Internship,,,English,,,Recent,https://do.linkedin.com/jobs/view/laboratory-technician-at-b-braun-medical-inc-us-4392467896,2026-09-03T14:15:51.973849+00:00
0,Tester | Czech Republic,linkedin,Technician I.RDE.Focus Tech.Product Lifecycle Management,Eaton,"Bajos de Haina, San Cristóbal, Dominican Republic",On-site,Full-time,,,English,,,Recent,https://do.linkedin.com/jobs/view/technician-i-rde-focus-tech-product-lifecycle-management-at-eaton-4459954622,2026-09-03T14:15:51.973948+00:00
0,Tester | Poland,linkedin,Manual Tester – Web and Mobile Applications (f/m/x),Sii Poland,"Warsaw, Mazowieckie, Poland",Remote,Full-time,,,English,,,Recent,https://pl.linkedin.com/jobs/view/manual-tester-%E2%80%93-web-and-mobile-applications-f-m-x-at-sii-poland-4454625500,2026-09-03T14:15:54.413353+00:00
0,Tester | Poland,linkedin,Junior Manual Tester (f/m/x),Sii Poland,"Warsaw, Mazowieckie, Poland",On-site,Full-time,,Junior,English,,,Recent,https://pl.linkedin.com/jobs/view/junior-manual-tester-f-m-x-at-sii-poland-4456921258,2026-09-03T14:15:54.413491+00:00
0,Tester | Poland,linkedin,Software Tester (M/F/D),DSV - Global Transport and Logistics,"Warsaw, Mazowieckie, Poland",On-site,Full-time,,,English,,,Recent,https://pl.linkedin.com/jobs/view/software-tester-m-f-d-at-dsv-global-transport-and-logistics-4451666221,2026-09-03T14:15:54.413607+00:00
0,Tester | Poland,linkedin,Tester Automatyzujący / Testerka Automatyzująca,NATEK,"Warsaw, Mazowieckie, Poland",On-site,Full-time,,,English,,,Recent,https://pl.linkedin.com/jobs/view/tester-automatyzuj%C4%85cy-testerka-automatyzuj%C4%85ca-at-natek-4450710719,2026-09-03T14:15:54.413710+00:00
0,Tester | Poland,linkedin,Manual Tester (ubezpieczenia),Altkom Software,"Warsaw, Mazowieckie, Poland",On-site,Full-time,,,English,,,Recent,https://pl.linkedin.com/jobs/view/manual-tester-ubezpieczenia-at-altkom-software-4461708919,2026-09-03T14:15:54.413814+00:00
0,Tester | Poland,linkedin,Tester Automatyzujący / Testerka Automatyzująca,Finture,"Warsaw, Mazowieckie, Poland",On-site,Full-time,,,English,,,Recent,https://pl.linkedin.com/jobs/view/tester-automatyzuj%C4%85cy-testerka-automatyzuj%C4%85ca-at-finture-4455752397,2026-09-03T14:15:54.413918+00:00
0,Tester | Poland,linkedin,Tester Manualny QA,Aristocrat,"Cracow, Małopolskie, Poland",On-site,Full-time,,,English,,,Recent,https://pl.linkedin.com/jobs/view/tester-manualny-qa-at-aristocrat-4452369898,2026-09-03T14:15:54.414015+00:00
0,Tester | Poland,linkedin,Manual Tester – Banking Domain - Tieto Tech Consulting (m/f/d),Tieto,"Gdynia, Pomorskie, Poland",On-site,Full-time,,,English,,,Recent,https://pl.linkedin.com/jobs/view/manual-tester-%E2%80%93-banking-domain-tieto-tech-consulting-m-f-d-at-tieto-4430465638,2026-09-03T14:15:54.414127+00:00
0,Tester | Poland,linkedin,Manual Tester – Banking Domain - Tieto Tech Consulting (m/f/d),Tieto,"Gdańsk, Pomorskie, Poland",On-site,Full-time,,,English,,,Recent,https://pl.linkedin.com/jobs/view/manual-tester-%E2%80%93-banking-domain-tieto-tech-consulting-m-f-d-at-tieto-4430477450,2026-09-03T14:15:54.414227+00:00
0,Tester | Poland,linkedin,Tester Funkcjonalny (K/M),Mindview sp. z o.o.,"Warsaw, Mazowieckie, Poland",On-site,Full-time,,,English,,,Recent,https://pl.linkedin.com/jobs/view/tester-funkcjonalny-k-m-at-mindview-sp-z-o-o-4456351661,2026-09-03T14:15:54.414325+00:00
0,Tester | USA,linkedin,Software Tester,Booz Allen Hamilton,"King George, VA",On-site,Full-time,,,English,,,Recent,https://www.linkedin.com/jobs/view/software-tester-at-booz-allen-hamilton-4460576062,2026-09-03T14:15:56.870778+00:00
0,Tester | USA,linkedin,QA Software Tester I,iFIT,"Logan, UT",On-site,Full-time,,,English,,,Recent,https://www.linkedin.com/jobs/view/qa-software-tester-i-at-ifit-4461307307,2026-09-03T14:15:56.870906+00:00
0,Tester | USA,linkedin,Software Test Engineer I,Legrand,"Minnetonka, MN",On-site,Full-time,,,English,,,Recent,https://www.linkedin.com/jobs/view/software-test-engineer-i-at-legrand-4460519315,2026-09-03T14:15:56.871011+00:00
0,Tester | USA,linkedin,Test Engineer I,Charles River Laboratories,"Charleston, SC",On-site,Full-time,,,English,,,Recent,https://www.linkedin.com/jobs/view/test-engineer-i-at-charles-river-laboratories-4460193891,2026-09-03T14:15:56.871127+00:00
0,Tester | USA,linkedin,QA Engineer I (Junior Level),Harbor.ai,"New York, NY",On-site,Full-time,,Junior,English,,,Recent,https://www.linkedin.com/jobs/view/qa-engineer-i-junior-level-at-harbor-ai-4462054235,2026-09-03T14:15:56.871222+00:00
0,Tester | USA,linkedin,Test Engineer,Booz Allen Hamilton,"Annapolis Junction, MD",On-site,Full-time,,,English,,,Recent,https://www.linkedin.com/jobs/view/test-engineer-at-booz-allen-hamilton-4430110956,2026-09-03T14:15:56.871323+00:00
0,Tester | USA,linkedin,Test Engineer II,Battelle,"Chantilly, VA",On-site,Full-time,,,English,,,Recent,https://www.linkedin.com/jobs/view/test-engineer-ii-at-battelle-4411681733,2026-09-03T14:15:56.871417+00:00
0,Tester | USA,linkedin,Software Tester / QA Engineer,Avalore.ai,"Arlington, VA",On-site,Full-time,,,English,,,Recent,https://www.linkedin.com/jobs/view/software-tester-qa-engineer-at-avalore-ai-4461265803,2026-09-03T14:15:56.871510+00:00
0,Tester | USA,linkedin,Software Quality Assurance Technician,Lincoln Electric,"Houston, TX",On-site,Full-time,,,English,,,Recent,https://www.linkedin.com/jobs/view/software-quality-assurance-technician-at-lincoln-electric-4450248762,2026-09-03T14:15:56.871603+00:00
0,Tester | USA,linkedin,Test Engineer,Excellus BCBS,"DeWitt, NY",On-site,Full-time,,,English,,,Recent,https://www.linkedin.com/jobs/view/test-engineer-at-excellus-bcbs-4456406619,2026-09-03T14:15:56.871695+00:00
0,Tester | United Kingdom,linkedin,Software Tester (QA),Free-Work UK,"City Of Westminster, England, United Kingdom",On-site,Full-time,,,English,,,Recent,https://uk.linkedin.com/jobs/view/software-tester-qa-at-free-work-uk-4462716813,2026-09-03T14:15:59.304470+00:00
0,Tester | United Kingdom,linkedin,QA Test Engineer,Leo Recruitment Limited,"Glasgow, Scotland, United Kingdom",On-site,Full-time,,,English,,,Recent,https://uk.linkedin.com/jobs/view/qa-test-engineer-at-leo-recruitment-limited-4462815179,2026-09-03T14:15:59.304604+00:00
0,Tester | United Kingdom,linkedin,Junior QA Engineer,Acorn Group,"Liverpool, England, United Kingdom",On-site,Full-time,,Junior,English,,,Recent,https://uk.linkedin.com/jobs/view/junior-qa-engineer-at-acorn-group-4454063285,2026-09-03T14:15:59.304707+00:00
0,Tester | United Kingdom,linkedin,"Software Tester, PAY",bet365,"Stoke-On-Trent, England, United Kingdom",On-site,Full-time,,,English,,,Recent,https://uk.linkedin.com/jobs/view/software-tester-pay-at-bet365-4459304474,2026-09-03T14:15:59.304806+00:00
0,Tester | United Kingdom,linkedin,Software Tester - Visualfiles,Carpenters Group,"Liverpool, England, United Kingdom",On-site,Full-time,,,English,,,Recent,https://uk.linkedin.com/jobs/view/software-tester-visualfiles-at-carpenters-group-4454115243,2026-09-03T14:15:59.304902+00:00
0,Tester | United Kingdom,linkedin,"Software Tester, PAY",bet365,"Manchester, England, United Kingdom",On-site,Full-time,,,English,,,Recent,https://uk.linkedin.com/jobs/view/software-tester-pay-at-bet365-4459192487,2026-09-03T14:15:59.305005+00:00
0,Tester | United Kingdom,linkedin,Software QA Engineer,STATSports,"Newry, Northern Ireland, United Kingdom",On-site,Full-time,,,English,,,Recent,https://uk.linkedin.com/jobs/view/software-qa-engineer-at-statsports-4455757257,2026-09-03T14:15:59.305124+00:00
0,Tester | United Kingdom,linkedin,Junior Test Analyst,CPS Group (UK) Limited,"Greater Bristol Area, United Kingdom",On-site,Full-time,,Junior,English,,,Recent,https://uk.linkedin.com/jobs/view/junior-test-analyst-at-cps-group-uk-limited-4458229690,2026-09-03T14:15:59.305226+00:00
0,Tester | United Kingdom,linkedin,UAT Test Analyst,Acorn Group,"Liverpool, England, United Kingdom",On-site,Full-time,,,English,,,Recent,https://uk.linkedin.com/jobs/view/uat-test-analyst-at-acorn-group-4454072159,2026-09-03T14:15:59.305322+00:00
0,Tester | United Kingdom,linkedin,Quality Assurance Tester,"Halian | Managed Services, Recruitment Agency & Contract Staffing","Bedford, England, United Kingdom",On-site,Contract,,,English,,,Recent,https://uk.linkedin.com/jobs/view/quality-assurance-tester-at-halian-managed-services-recruitment-agency-contract-staffing-4455699108,2026-09-03T14:15:59.305418+00:00
0,QA Engineer | Germany,linkedin,QA Engineer/Softwaretester Automotive-Software (m/w/d),BWSolution GmbH,"Hamburg, Hamburg, Germany",On-site,Full-time,,,English,,,Recent,https://de.linkedin.com/jobs/view/qa-engineer-softwaretester-automotive-software-m-w-d-at-bwsolution-gmbh-4453449038,2026-09-03T14:16:01.782466+00:00
0,QA Engineer | Germany,linkedin,IT-Qualitätssicherung / QA Engineer (m/w/d),WE ARE DEVELOPERS,"Hannover, Lower Saxony, Germany",On-site,Full-time,,,English,,,Recent,https://de.linkedin.com/jobs/view/it-qualit%C3%A4tssicherung-qa-engineer-m-w-d-at-we-are-developers-4447379378,2026-09-03T14:16:01.782574+00:00
0,QA Engineer | Germany,linkedin,Quality Assurance Engineer (m/f/d),Yalwa GmbH,"Wiesbaden, Hesse, Germany",On-site,Full-time,,,English,,,Recent,https://de.linkedin.com/jobs/view/quality-assurance-engineer-m-f-d-at-yalwa-gmbh-4453112992,2026-09-03T14:16:01.782679+00:00
0,QA Engineer | Germany,linkedin,QA - Automation Software Test Engineer (m/w/d) - Warehouse Systeme,flaschenpost SE,"Münster, North Rhine-Westphalia, Germany",On-site,Full-time,,,English,,,Recent,https://de.linkedin.com/jobs/view/qa-automation-software-test-engineer-m-w-d-warehouse-systeme-at-flaschenpost-se-4427537378,2026-09-03T14:16:01.782779+00:00
0,QA Engineer | Germany,linkedin,"Software QA Engineer / Testautomation | Selenium, Katalon, Web-Software | Inhouse (mwd)",Vesterling AG,"Munich, Bavaria, Germany",On-site,Full-time,Selenium,,English,,,Recent,https://de.linkedin.com/jobs/view/software-qa-engineer-testautomation-selenium-katalon-web-software-inhouse-mwd-at-vesterling-ag-4437756410,2026-09-03T14:16:01.782886+00:00
0,QA Engineer | Germany,linkedin,QA Engineer – Salesforce (m/w/d),compeople AG,"Frankfurt am Main, Hesse, Germany",On-site,Full-time,,,English,,,Recent,https://de.linkedin.com/jobs/view/qa-engineer-%E2%80%93-salesforce-m-w-d-at-compeople-ag-4455704475,2026-09-03T14:16:01.782987+00:00
0,QA Engineer | Germany,linkedin,Test Automation Engineer (m/w/d),IP Dynamics GmbH,"Hamburg, Germany",On-site,Full-time,Test Automation,,English,,,Recent,https://de.linkedin.com/jobs/view/test-automation-engineer-m-w-d-at-ip-dynamics-gmbh-4440015435,2026-09-03T14:16:01.783201+00:00
0,QA Engineer | Germany,linkedin,Quality Engineer - Schwerpunkt Testautomatisierung (all genders),STARFACE GmbH,"Karlsruhe, Baden-Württemberg, Germany",On-site,Full-time,Test Automation,,English,,,Recent,https://de.linkedin.com/jobs/view/quality-engineer-schwerpunkt-testautomatisierung-all-genders-at-starface-gmbh-4402883225,2026-09-03T14:16:01.783295+00:00
0,QA Engineer | Austria,linkedin,QA Engineer & Testautomation (m/w/d) - PAM Parking - SaaS,PKE,"Klagenfurt, Carinthia, Austria",On-site,Full-time,,,English,,,Recent,https://at.linkedin.com/jobs/view/qa-engineer-testautomation-m-w-d-pam-parking-saas-at-pke-4450351790,2026-09-03T14:16:04.195248+00:00
0,QA Engineer | Austria,linkedin,Software Test Engineer,Philips Dictation | Speech Processing Solutions,"Vienna, Austria",On-site,Full-time,,,English,,,Recent,https://at.linkedin.com/jobs/view/software-test-engineer-at-philips-dictation-speech-processing-solutions-4462826481,2026-09-03T14:16:04.195969+00:00
0,QA Engineer | Switzerland,linkedin,Backend QA Engineer,Jobgether,Switzerland,On-site,Full-time,,,English,,,Recent,https://ch.linkedin.com/jobs/view/backend-qa-engineer-at-jobgether-4458365703,2026-09-03T14:16:06.684401+00:00
0,QA Engineer | Switzerland,linkedin,Test Engineer,Rezolve Ai,"Zurich, Switzerland",On-site,Full-time,,,English,,,Recent,https://ch.linkedin.com/jobs/view/test-engineer-at-rezolve-ai-4462805771,2026-09-03T14:16:06.684800+00:00
0,QA Engineer | Switzerland,linkedin,Software Test/Analyst Engineer,Inpeco,"Novazzano, Ticino, Switzerland",On-site,Full-time,,,English,,,Recent,https://ch.linkedin.com/jobs/view/software-test-analyst-engineer-at-inpeco-4449667998,2026-09-03T14:16:06.684895+00:00
0,QA Engineer | Switzerland,linkedin,SDET / QA Automation Engineer,DonTouch SA,"Chiasso, Ticino, Switzerland",On-site,Full-time,,,English,,,Recent,https://ch.linkedin.com/jobs/view/sdet-qa-automation-engineer-at-dontouch-sa-4462159685,2026-09-03T14:16:06.684991+00:00
0,QA Engineer | Slovakia,linkedin,Experienced Test Automation Engineer,Accenture na Slovensku,"Bratislava, Bratislava, Slovakia",On-site,Full-time,Test Automation,,English,,,Recent,https://sk.linkedin.com/jobs/view/experienced-test-automation-engineer-at-accenture-na-slovensku-4439873951,2026-09-03T14:16:11.472646+00:00
0,QA Engineer | Slovakia,linkedin,Test Automation Engineer,Avenga,"Bratislava, Bratislava, Slovakia",On-site,Full-time,Test Automation,,English,,,Recent,https://sk.linkedin.com/jobs/view/test-automation-engineer-at-avenga-4331424496,2026-09-03T14:16:11.472769+00:00
0,QA Engineer | Slovakia,linkedin,Tosca Automation Engineer,Accenture na Slovensku,"Bratislava, Bratislava, Slovakia",On-site,Full-time,,,English,,,Recent,https://sk.linkedin.com/jobs/view/tosca-automation-engineer-at-accenture-na-slovensku-4445794318,2026-09-03T14:16:11.472886+00:00
0,QA Engineer | Czech Republic,linkedin,Quality Engineer II-2,Integer Holdings Corporation,"Santo Domingo, Distrito Nacional, Dominican Republic",On-site,Full-time,,,English,,,Recent,https://do.linkedin.com/jobs/view/quality-engineer-ii-2-at-integer-holdings-corporation-4414630897,2026-09-03T14:16:13.912654+00:00
0,QA Engineer | Czech Republic,linkedin,Quality Engineer II-1,Integer Holdings Corporation,"Santo Domingo, Distrito Nacional, Dominican Republic",On-site,Full-time,,,English,,,Recent,https://do.linkedin.com/jobs/view/quality-engineer-ii-1-at-integer-holdings-corporation-4414643162,2026-09-03T14:16:13.912754+00:00
0,QA Engineer | Poland,linkedin,QA Engineer,Webfleet,"Warsaw, Mazowieckie, Poland",Remote,Full-time,Selenium,"Cypress, Performance Testing, Jira, Manual Testing",English,,,Recent,https://pl.linkedin.com/jobs/view/qa-engineer-at-webfleet-4452828032,2026-09-03T14:16:16.342136+00:00
0,QA Engineer | Poland,linkedin,QA Engineer (Loyalty Sector),Comarch,"Cracow, Małopolskie, Poland",On-site,Full-time,,,English,,,Recent,https://pl.linkedin.com/jobs/view/qa-engineer-loyalty-sector-at-comarch-4458184941,2026-09-03T14:16:16.342376+00:00
0,QA Engineer | Poland,linkedin,Full-stack QA Engineer (Loyalty),Comarch,"Lublin, Lubelskie, Poland",On-site,Full-time,,,English,,,Recent,https://pl.linkedin.com/jobs/view/full-stack-qa-engineer-loyalty-at-comarch-4459011619,2026-09-03T14:16:16.342481+00:00
0,QA Engineer | Poland,linkedin,Software Test Engineer,Reply,"Katowice, Śląskie, Poland",On-site,Full-time,,,English,,,Recent,https://pl.linkedin.com/jobs/view/software-test-engineer-at-reply-4454754558,2026-09-03T14:16:16.342692+00:00
0,QA Engineer | Poland,linkedin,Quality Assurance Engineer (QA),Tickmill,"Warsaw, Mazowieckie, Poland",On-site,Full-time,,,English,,,Recent,https://pl.linkedin.com/jobs/view/quality-assurance-engineer-qa-at-tickmill-4385011025,2026-09-03T14:16:16.342984+00:00
0,QA Engineer | USA,linkedin,Software Quality Engineer I - III (DOE),Cambia Health Solutions,"Boise, ID",On-site,Full-time,,,English,,,Recent,https://www.linkedin.com/jobs/view/software-quality-engineer-i-iii-doe-at-cambia-health-solutions-4457174635,2026-09-03T14:16:18.827734+00:00
0,QA Engineer | USA,linkedin,Software Quality Engineer I - III (DOE),Cambia Health Solutions,"Portland, OR",On-site,Full-time,,,English,,,Recent,https://www.linkedin.com/jobs/view/software-quality-engineer-i-iii-doe-at-cambia-health-solutions-4457167808,2026-09-03T14:16:18.827863+00:00
0,QA Engineer | USA,linkedin,Quality Assurance Automation Engineer,U-Haul,"Phoenix, AZ",On-site,Full-time,"C, Can, Test Automation, Unit Testing","Product Owner, Sql, C#, Azure, Devops, Regression Testing, Manual Testing",English,,,Recent,https://www.linkedin.com/jobs/view/quality-assurance-automation-engineer-at-u-haul-4460100625,2026-09-03T14:16:18.827970+00:00
0,QA Engineer | USA,linkedin,Software Quality Engineer II,Airlines Reporting Corporation (ARC),"Arlington, VA",On-site,Full-time,,,English,,,Recent,https://www.linkedin.com/jobs/view/software-quality-engineer-ii-at-airlines-reporting-corporation-arc-4447983952,2026-09-03T14:16:18.828080+00:00
0,QA Engineer | USA,linkedin,Quality Assurance Engineer,"CREAM, LLC","Las Vegas, NV",On-site,Full-time,,,English,,,Recent,https://www.linkedin.com/jobs/view/quality-assurance-engineer-at-cream-llc-4461715953,2026-09-03T14:16:18.828180+00:00
0,QA Engineer | USA,linkedin,Quality Engineer I,Abbott,"Madison, WI",On-site,Full-time,,,English,,,Recent,https://www.linkedin.com/jobs/view/quality-engineer-i-at-abbott-4447582957,2026-09-03T14:16:18.828288+00:00
0,QA Engineer | USA,linkedin,Software Quality Engineer II,Airlines Reporting Corporation (ARC),"Louisville, KY",On-site,Full-time,,,English,,,Recent,https://www.linkedin.com/jobs/view/software-quality-engineer-ii-at-airlines-reporting-corporation-arc-4447996714,2026-09-03T14:16:18.828481+00:00
0,QA Engineer | USA,linkedin,Quality Assurance Specialist (QA),AutoPayPlus,"Orlando, FL",On-site,Full-time,,,English,,,Recent,https://www.linkedin.com/jobs/view/quality-assurance-specialist-qa-at-autopayplus-4455311021,2026-09-03T14:16:18.828576+00:00
0,QA Engineer | USA,linkedin,Quality Assurance Engineer II,CarGurus,"Boston, MA",On-site,Full-time,,,English,,,Recent,https://www.linkedin.com/jobs/view/quality-assurance-engineer-ii-at-cargurus-4416868283,2026-09-03T14:16:18.828673+00:00
0,QA Engineer | United Kingdom,linkedin,Software Test Engineer (AVP),Citi,"Belfast, Northern Ireland, United Kingdom",On-site,Full-time,,,English,,,Recent,https://uk.linkedin.com/jobs/view/software-test-engineer-avp-at-citi-4446936181,2026-09-03T14:16:21.277741+00:00
0,QA Engineer | United Kingdom,linkedin,Systems QA Engineer,Leonardo,"London, England, United Kingdom",On-site,Full-time,,,English,,,Recent,https://uk.linkedin.com/jobs/view/systems-qa-engineer-at-leonardo-4461305227,2026-09-03T14:16:21.278054+00:00
0,QA Engineer | United Kingdom,linkedin,QA Engineer,Waracle,"Glasgow, Scotland, United Kingdom",On-site,Full-time,,,English,,,Recent,https://uk.linkedin.com/jobs/view/qa-engineer-at-waracle-4453082410,2026-09-03T14:16:21.278276+00:00
0,QA Engineer | United Kingdom,linkedin,QA Engineer,Waracle,"Dundee, Scotland, United Kingdom",On-site,Full-time,,,English,,,Recent,https://uk.linkedin.com/jobs/view/qa-engineer-at-waracle-4453078460,2026-09-03T14:16:21.278463+00:00
0,QA Engineer | United Kingdom,linkedin,Software Test Engineer,Searchability®,"Chester, England, United Kingdom",On-site,Full-time,,,English,,,Recent,https://uk.linkedin.com/jobs/view/software-test-engineer-at-searchability%C2%AE-4458180693,2026-09-03T14:16:21.278558+00:00
0,Test Engineer | Germany,linkedin,Testingenieur:in (m/w/d) - Automation & Manual Testing,STRABAG,"Berlin, Berlin, Germany",On-site,Full-time,,Manual Testing,English,,,Recent,https://de.linkedin.com/jobs/view/testingenieur-in-m-w-d-automation-manual-testing-at-strabag-4459350054,2026-09-03T14:16:23.750534+00:00
0,Test Engineer | Germany,linkedin,Test Engineer (m/w/x) für Applikationssoftware,K-tronik GmbH,"Memmingen, Bavaria, Germany",On-site,Full-time,,R,English,,,Recent,https://de.linkedin.com/jobs/view/test-engineer-m-w-x-f%C3%BCr-applikationssoftware-at-k-tronik-gmbh-4456900379,2026-09-03T14:16:23.750640+00:00
0,Test Engineer | Germany,linkedin,Testingenieur*in Elektromechanik / Hardware Test Engineer,TWK,"Düsseldorf, North Rhine-Westphalia, Germany",On-site,Full-time,,,English,,,Recent,https://de.linkedin.com/jobs/view/testingenieur-in-elektromechanik-hardware-test-engineer-at-twk-4458834376,2026-09-03T14:16:23.750944+00:00
0,Test Engineer | Germany,linkedin,Android Test Automation Engineer (m/w/d),EDEKA IT,"Hamburg, Hamburg, Germany",On-site,Full-time,Test Automation,,English,,,Recent,https://de.linkedin.com/jobs/view/android-test-automation-engineer-m-w-d-at-edeka-it-4452253295,2026-09-03T14:16:23.751046+00:00
0,Test Engineer | Germany,linkedin,Testingenieur*in Elektromechanik / Hardware Test Engineer,TWK-SENSORIK GmbH,"Düsseldorf, North Rhine-Westphalia, Germany",On-site,Full-time,,,English,,,Recent,https://de.linkedin.com/jobs/view/testingenieur-in-elektromechanik-hardware-test-engineer-at-twk-sensorik-gmbh-4457717117,2026-09-03T14:16:23.751154+00:00
0,Test Engineer | Austria,linkedin,Testautomatisierungsingenieur (m/w/d),Computer Futures,"Salzburg, Salzburg, Austria",On-site,Full-time,,,English,,,Recent,https://at.linkedin.com/jobs/view/testautomatisierungsingenieur-m-w-d-at-computer-futures-4456184220,2026-09-03T14:16:26.174589+00:00
0,Test Engineer | Austria,linkedin,Software Test Engineer (w/m/d),Bachmann electronic GmbH,"Innsbruck-Stadt, Tyrol, Austria",On-site,Full-time,,,English,,,Recent,https://at.linkedin.com/jobs/view/software-test-engineer-w-m-d-at-bachmann-electronic-gmbh-4456724790,2026-09-03T14:16:26.174984+00:00
0,Test Engineer | Switzerland,linkedin,Ingénieur en automatisation de tests,itecor,"Lausanne, Vaud, Switzerland",On-site,Full-time,,,English,,,Recent,https://ch.linkedin.com/jobs/view/ing%C3%A9nieur-en-automatisation-de-tests-at-itecor-4451669382,2026-09-03T14:16:28.679710+00:00
0,Test Engineer | Switzerland,linkedin,Test Engineer Tosca,OneAPPS Consulting,"Zurich, Switzerland",On-site,Full-time,,,English,,,Recent,https://ch.linkedin.com/jobs/view/test-engineer-tosca-at-oneapps-consulting-4460491767,2026-09-03T14:16:28.680005+00:00
0,Test Engineer | Slovakia,linkedin,Test Engineer,Vertiv,"Nové Mesto nad Váhom, Trenciansky, Slovakia",On-site,Full-time,,,English,,,Recent,https://sk.linkedin.com/jobs/view/test-engineer-at-vertiv-4430484432,2026-09-03T14:16:33.418800+00:00
0,Test Engineer | Slovakia,linkedin,Test Automation Engineer,Frequentis,"Bratislava, Bratislava, Slovakia",On-site,Full-time,Test Automation,,English,,,Recent,https://sk.linkedin.com/jobs/view/test-automation-engineer-at-frequentis-4451413103,2026-09-03T14:16:33.419004+00:00
0,Test Engineer | Czech Republic,linkedin,测试验证资深工程师8296,UNISOC,"アト・マジョール州, Hato Mayor, Dominican Republic",On-site,Full-time,,,English,,,Recent,https://do.linkedin.com/jobs/view/%E6%B5%8B%E8%AF%95%E9%AA%8C%E8%AF%81%E8%B5%84%E6%B7%B1%E5%B7%A5%E7%A8%8B%E5%B8%888296-at-unisoc-4456723032,2026-09-03T14:16:35.878583+00:00
0,Test Engineer | Poland,linkedin,Test Automation Engineer – banking sector (f/m/x),Sii Poland,"Szczecin, Zachodniopomorskie, Poland",On-site,Full-time,Test Automation,,English,,,Recent,https://pl.linkedin.com/jobs/view/test-automation-engineer-%E2%80%93-banking-sector-f-m-x-at-sii-poland-4450151239,2026-09-03T14:16:38.312171+00:00
0,Test Engineer | Poland,linkedin,Test Automation Engineer – banking sector (f/m/x),Sii Poland,"Lublin, Lubelskie, Poland",On-site,Full-time,Test Automation,,English,,,Recent,https://pl.linkedin.com/jobs/view/test-automation-engineer-%E2%80%93-banking-sector-f-m-x-at-sii-poland-4450138845,2026-09-03T14:16:38.312315+00:00
0,Test Engineer | Poland,linkedin,"Test Automation Engineer (Java, Payments/Swift) - Tieto Tech Consulting (m/f/d)",Tieto,"Gdańsk, Pomorskie, Poland",On-site,Full-time,"Java, Test Automation",Swift,English,,,Recent,https://pl.linkedin.com/jobs/view/test-automation-engineer-java-payments-swift-tieto-tech-consulting-m-f-d-at-tieto-4430475492,2026-09-03T14:16:38.312573+00:00
0,Test Engineer | Poland,linkedin,DELMIA HUB Test Engineer,Dassault Systèmes,"Cracow, Małopolskie, Poland",On-site,Full-time,,,English,,,Recent,https://pl.linkedin.com/jobs/view/delmia-hub-test-engineer-at-dassault-syst%C3%A8mes-4434461592,2026-09-03T14:16:38.312678+00:00
0,Test Engineer | Poland,linkedin,Test Engineer- Manual 4G/5G - Tieto Tech Consulting (m/f/d),Tieto,"Szczecin, Zachodniopomorskie, Poland",On-site,Full-time,,,English,,,Recent,https://pl.linkedin.com/jobs/view/test-engineer-manual-4g-5g-tieto-tech-consulting-m-f-d-at-tieto-4430474499,2026-09-03T14:16:38.312784+00:00
0,Test Engineer | Poland,linkedin,Test Engineer - Space Networks,Nokia,"Cracow, Małopolskie, Poland",On-site,Full-time,,,English,,,Recent,https://pl.linkedin.com/jobs/view/test-engineer-space-networks-at-nokia-4377762093,2026-09-03T14:16:38.312883+00:00
0,Test Engineer | Poland,linkedin,QA Engineer,GFT Technologies Poland,"Wrocław, Dolnośląskie, Poland",On-site,Full-time,,,English,,,Recent,https://pl.linkedin.com/jobs/view/qa-engineer-at-gft-technologies-poland-4452577257,2026-09-03T14:16:38.313192+00:00
0,Test Engineer | USA,linkedin,Software Engineer in Test II,iHeartMedia,"San Antonio, TX",On-site,Full-time,,,English,,,Recent,https://www.linkedin.com/jobs/view/software-engineer-in-test-ii-at-iheartmedia-4361175894,2026-09-03T14:16:40.732042+00:00
0,Test Engineer | USA,linkedin,Automated Test Engineer for Missile Defense System,CFD Research Corporation,"Huntsville, AL",On-site,Full-time,,,English,,,Recent,https://www.linkedin.com/jobs/view/automated-test-engineer-for-missile-defense-system-at-cfd-research-corporation-4455386399,2026-09-03T14:16:40.732290+00:00
0,Test Engineer | USA,linkedin,Test Engineer 3,Captivation,"Annapolis Junction, MD",On-site,Full-time,,,English,,,Recent,https://www.linkedin.com/jobs/view/test-engineer-3-at-captivation-4449808948,2026-09-03T14:16:40.732394+00:00
0,Test Engineer | USA,linkedin,Automation Test Engineer II,Berkshire Hathaway GUARD Insurance Companies,Greater Philadelphia,On-site,Full-time,,,English,,,Recent,https://www.linkedin.com/jobs/view/automation-test-engineer-ii-at-berkshire-hathaway-guard-insurance-companies-4444448404,2026-09-03T14:16:40.732492+00:00
0,Test Engineer | USA,linkedin,Test Engineer,Hoplite Solutions LLC,"Chevy Chase, MD",On-site,Full-time,,,English,,,Recent,https://www.linkedin.com/jobs/view/test-engineer-at-hoplite-solutions-llc-4455125185,2026-09-03T14:16:40.732590+00:00
0,Test Engineer | USA,linkedin,Software Development Engineer in Test (SDET),Air,"Pittsburgh, PA",On-site,Full-time,,,English,,,Recent,https://www.linkedin.com/jobs/view/software-development-engineer-in-test-sdet-at-air-4447989612,2026-09-03T14:16:40.732790+00:00
0,Test Engineer | United Kingdom,linkedin,Test Automation Engineer,Admiral Money,"Cardiff, Wales, United Kingdom",On-site,Full-time,Test Automation,,English,,,Recent,https://uk.linkedin.com/jobs/view/test-automation-engineer-at-admiral-money-4460630730,2026-09-03T14:16:43.181089+00:00
0,Test Engineer | United Kingdom,linkedin,Test Engineer,Swift,"London, England, United Kingdom",On-site,Full-time,,Swift,English,,,Recent,https://uk.linkedin.com/jobs/view/test-engineer-at-swift-4429733093,2026-09-03T14:16:43.181293+00:00
0,Test Engineer | United Kingdom,linkedin,Test Automation Engineer,Kainos,"Belfast, Northern Ireland, United Kingdom",On-site,Full-time,Test Automation,,English,,,Recent,https://uk.linkedin.com/jobs/view/test-automation-engineer-at-kainos-4440849762,2026-09-03T14:16:43.181765+00:00
0,Testingenieur | Germany,linkedin,Testingenieur Software WLAN (w/m/d),FRITZ!,"Berlin, Berlin, Germany",On-site,Full-time,,,English,,,Recent,https://de.linkedin.com/jobs/view/testingenieur-software-wlan-w-m-d-at-fritz%21-4438090199,2026-09-03T14:16:45.677394+00:00
0,Testingenieur | Germany,linkedin,Testingenieur (m/w/d),FERCHAU,"Lübeck, Schleswig-Holstein, Germany",On-site,Full-time,,,English,,,Recent,https://de.linkedin.com/jobs/view/testingenieur-m-w-d-at-ferchau-4438575734,2026-09-03T14:16:45.677747+00:00
0,Testingenieur | Germany,linkedin,Testingenieur Powertrain / E-Powertrain (m/w/d),FERCHAU,"Stuttgart, Baden-Württemberg, Germany",On-site,Full-time,,,English,,,Recent,https://de.linkedin.com/jobs/view/testingenieur-powertrain-e-powertrain-m-w-d-at-ferchau-4438570794,2026-09-03T14:16:45.677958+00:00
0,Testingenieur | Germany,linkedin,Junior Test Engineer (m/w/d) mit Schwerpunkt Server-Hardware,QCG Computer,"Eschweiler, North Rhine-Westphalia, Germany",On-site,Full-time,,Junior,German,,,Recent,https://de.linkedin.com/jobs/view/junior-test-engineer-m-w-d-mit-schwerpunkt-server-hardware-at-qcg-computer-4458097370,2026-09-03T14:16:45.678176+00:00
0,Testingenieur | Germany,linkedin,Junior Test Engineer,TXT GROUP,"Bayern, Bavaria, Germany",On-site,Full-time,,Junior,English,,,Recent,https://de.linkedin.com/jobs/view/junior-test-engineer-at-txt-group-4430027379,2026-09-03T14:16:45.678369+00:00
0,Testingenieur | Austria,linkedin,Test Engineer,ENPULSION,"Vienna, Vienna, Austria",On-site,Full-time,,,English,,,Recent,https://at.linkedin.com/jobs/view/test-engineer-at-enpulsion-4440148776,2026-09-03T14:16:48.172863+00:00
0,Testingenieur | Slovakia,linkedin,Testovací inžinier pre HMI a PLC (Alarm & Function Testing) (m/ž),Valicare Slovakia,"Trenčianska Turná, Trenciansky, Slovakia",On-site,Full-time,,,English,,,Recent,https://sk.linkedin.com/jobs/view/testovac%C3%AD-in%C5%BEinier-pre-hmi-a-plc-alarm-function-testing-m-%C5%BE-at-valicare-slovakia-4452729290,2026-09-03T14:16:55.403112+00:00
0,Testingenieur | Poland,linkedin,QA Engineer,GFT Technologies Poland,"Poznań, Wielkopolskie, Poland",On-site,Full-time,,,English,,,Recent,https://pl.linkedin.com/jobs/view/qa-engineer-at-gft-technologies-poland-4452585237,2026-09-03T14:17:00.444593+00:00
0,Testingenieur | Poland,linkedin,QA Engineer,GFT Technologies Poland,"Warsaw, Mazowieckie, Poland",On-site,Full-time,,,English,,,Recent,https://pl.linkedin.com/jobs/view/qa-engineer-at-gft-technologies-poland-4452570307,2026-09-03T14:17:00.444693+00:00
0,Testingenieur | Poland,linkedin,Test Engineer - Manual 4G/5G - Tieto Tech Consulting (m/f/d),Tieto,"Wrocław, Dolnośląskie, Poland",On-site,Full-time,,,English,,,Recent,https://pl.linkedin.com/jobs/view/test-engineer-manual-4g-5g-tieto-tech-consulting-m-f-d-at-tieto-4430457757,2026-09-03T14:17:00.444990+00:00
0,Testingenieur | Poland,linkedin,C# Test Automation Engineer (f/m/x),Sii Poland,"Gdańsk, Pomorskie, Poland",On-site,Full-time,"C, Test Automation",C#,English,,,Recent,https://pl.linkedin.com/jobs/view/c%23-test-automation-engineer-f-m-x-at-sii-poland-4462786098,2026-09-03T14:17:00.445301+00:00
0,Testingenieur | USA,linkedin,Systems Integration/Test Engineer Asc.,Lockheed Martin,"Kennedy, NY",On-site,Full-time,,,English,,,Recent,https://www.linkedin.com/jobs/view/systems-integration-test-engineer-asc-at-lockheed-martin-4458026222,2026-09-03T14:17:02.903560+00:00
0,Testingenieur | USA,linkedin,Test Engineer,Excellus BCBS,"Rochester, NY",On-site,Full-time,,,English,,,Recent,https://www.linkedin.com/jobs/view/test-engineer-at-excellus-bcbs-4456401689,2026-09-03T14:17:02.903936+00:00
0,Testingenieur | United Kingdom,linkedin,Graduate Test Engineer,Unum Aircraft Seating,"Crawley, England, United Kingdom",On-site,Full-time,,Graduate,English,,,Recent,https://uk.linkedin.com/jobs/view/graduate-test-engineer-at-unum-aircraft-seating-4461732370,2026-09-03T14:17:05.353569+00:00
0,Testingenieur | United Kingdom,linkedin,Test Engineer,Leonardo,"Yeovil, England, United Kingdom",On-site,Full-time,,,English,,,Recent,https://uk.linkedin.com/jobs/view/test-engineer-at-leonardo-4456253149,2026-09-03T14:17:05.353860+00:00
0,Testingenieur | United Kingdom,linkedin,Test Engineer,Procentia - Pensions Software Solutions,"Bristol, England, United Kingdom",On-site,Full-time,,,English,,,Recent,https://uk.linkedin.com/jobs/view/test-engineer-at-procentia-pensions-software-solutions-4456707359,2026-09-03T14:17:05.353957+00:00
0,Test Automation | Germany,linkedin,Testautomatisierer (m/w/d),CPU Softwarehouse AG,"Munich, Bavaria, Germany",On-site,Full-time,,,English,,,Recent,https://de.linkedin.com/jobs/view/testautomatisierer-m-w-d-at-cpu-softwarehouse-ag-4453479645,2026-09-03T14:17:07.801848+00:00
0,Test Automation | Germany,linkedin,Testautomatisierer (m/w/d),CPU Softwarehouse AG,"Karlsruhe, Baden-Württemberg, Germany",On-site,Full-time,,,English,,,Recent,https://de.linkedin.com/jobs/view/testautomatisierer-m-w-d-at-cpu-softwarehouse-ag-4457288483,2026-09-03T14:17:07.801956+00:00
0,Test Automation | Austria,linkedin,"Software Test (Automation) Engineer - Web Application, 80-100% (f/m/x)",OMICRON electronics,"Klaus, Vorarlberg, Austria",Remote,Full-time,,,English,,,Recent,https://at.linkedin.com/jobs/view/software-test-automation-engineer-web-application-80-100%25-f-m-x-at-omicron-electronics-4460494393,2026-09-03T14:17:10.224438+00:00
0,Test Automation | Austria,linkedin,Test Automation Engineer (m/f/d),Atos,"Vienna, Vienna, Austria",On-site,Full-time,Test Automation,,English,,,Recent,https://at.linkedin.com/jobs/view/test-automation-engineer-m-f-d-at-atos-4425302065,2026-09-03T14:17:10.224538+00:00
0,Test Automation | Switzerland,linkedin,QA Automation Engineer (H/F),CBTW,"Geneva, Switzerland",On-site,Full-time,,,English,,,Recent,https://ch.linkedin.com/jobs/view/qa-automation-engineer-h-f-at-cbtw-4455270964,2026-09-03T14:17:12.675041+00:00
0,Test Automation | Switzerland,linkedin,QA Automation Engineer,Jobgether,Switzerland,On-site,Full-time,,,English,,,Recent,https://ch.linkedin.com/jobs/view/qa-automation-engineer-at-jobgether-4460948153,2026-09-03T14:17:12.675502+00:00
0,Test Automation | Slovakia,linkedin,QA Automation & Data Analyst (m/f/n),ESET,"Bratislava, Bratislava, Slovakia",On-site,Full-time,,,English,,,Recent,https://sk.linkedin.com/jobs/view/qa-automation-data-analyst-m-f-n-at-eset-4442808030,2026-09-03T14:17:17.541117+00:00
0,Test Automation | Czech Republic,linkedin,Mid-Level QA Automation Engineer (Fluent Mandarin/Short-term Contract) - Remote - Latin America,FullStack,"Luperón, Puerto Plata, Dominican Republic",Remote,Contract,,Mid-Level,English,,,Recent,https://do.linkedin.com/jobs/view/mid-level-qa-automation-engineer-fluent-mandarin-short-term-contract-remote-latin-america-at-fullstack-4461231569,2026-09-03T14:17:19.949416+00:00
0,Test Automation | Czech Republic,linkedin,Mid-Level QA Automation Engineer (Fluent Mandarin/Short-term Contract) - Remote - Latin America,FullStack,"Santo Domingo Este, Santo Domingo, Dominican Republic",Remote,Contract,,Mid-Level,English,,,Recent,https://do.linkedin.com/jobs/view/mid-level-qa-automation-engineer-fluent-mandarin-short-term-contract-remote-latin-america-at-fullstack-4461224644,2026-09-03T14:17:19.949521+00:00
0,Test Automation | Poland,linkedin,QA Test Automation Engineer,Cloudica,"Warsaw, Mazowieckie, Poland",On-site,Full-time,Test Automation,,English,,,Recent,https://pl.linkedin.com/jobs/view/qa-test-automation-engineer-at-cloudica-4451462535,2026-09-03T14:17:22.430654+00:00
0,Test Automation | Poland,linkedin,Test Automation with Java (f/m/x),Sii Poland,"Łódź, Łódzkie, Poland",On-site,Full-time,"Java, Test Automation",,English,,,Recent,https://pl.linkedin.com/jobs/view/test-automation-with-java-f-m-x-at-sii-poland-4462770834,2026-09-03T14:17:22.430786+00:00
0,Test Automation | Poland,linkedin,Test Automation Specialist,Ework Group,"Warsaw, Mazowieckie, Poland",On-site,Full-time,Test Automation,,English,,,Recent,https://pl.linkedin.com/jobs/view/test-automation-specialist-at-ework-group-4457308800,2026-09-03T14:17:22.431226+00:00
0,Test Automation | Poland,linkedin,"Test Automation Engineer (Java, Payments/Swift) - Tieto Tech Consulting (m/f/d)",Tieto,"Łódź, Łódzkie, Poland",On-site,Full-time,"Java, Test Automation",Swift,English,,,Recent,https://pl.linkedin.com/jobs/view/test-automation-engineer-java-payments-swift-tieto-tech-consulting-m-f-d-at-tieto-4430479025,2026-09-03T14:17:22.431325+00:00
0,Test Automation | Poland,linkedin,Test Automation Engineer (M/F/D),DSV - Global Transport and Logistics,"Warsaw, Mazowieckie, Poland",On-site,Full-time,Test Automation,,English,,,Recent,https://pl.linkedin.com/jobs/view/test-automation-engineer-m-f-d-at-dsv-global-transport-and-logistics-4439162204,2026-09-03T14:17:22.431438+00:00
0,Test Automation | Poland,linkedin,Test Automation Engineer,Euroclear,"Cracow, Małopolskie, Poland",On-site,Full-time,Test Automation,,English,,,Recent,https://pl.linkedin.com/jobs/view/test-automation-engineer-at-euroclear-4455407895,2026-09-03T14:17:22.431546+00:00
0,Test Automation | Poland,linkedin,Software Development Engineer in Test,Kodify Media Group,"Cracow, Małopolskie, Poland",Remote,Internship,"Can, Chatgpt, Ci/Cd, Claude, Github Actions, Javascript, Jenkins, Llm, Playwright, Typescript","Kubernetes, Graphql, Aws, Performance Testing, Github, Git, Agile, Cypress, Gitlab, Docker",English,,,Recent,https://pl.linkedin.com/jobs/view/software-development-engineer-in-test-at-kodify-media-group-4456708267,2026-09-03T14:17:22.431645+00:00
0,Test Automation | USA,linkedin,QE Automation Engineer,Tata Consultancy Services,"New York, NY",On-site,Full-time,"Ci/Cd, Continuous Testing, Github Actions, Java, Jenkins, Selenium, Test Automation","Github, Git, Cucumber, Agile, Scrum, Bdd, Gitlab, Testng, Manual Testing, Regression Testing",English,,,Recent,https://www.linkedin.com/jobs/view/qe-automation-engineer-at-tata-consultancy-services-4459449143,2026-09-03T14:17:24.924439+00:00
0,Test Automation | USA,linkedin,"Sr Software QA Engineer, Test Automation",TransCore,"Round Rock, TX",Remote,Full-time,"C, Ci/Cd, Integration Testing, Java, Javascript, Playwright, Python, Selenium, Test Automation, Typescript","Performance Testing, Git, Appium, Cypress, Agile, Scrum, Regression Testing, Sql, C#, Devops",English,,,Recent,https://www.linkedin.com/jobs/view/sr-software-qa-engineer-test-automation-at-transcore-4450826674,2026-09-03T14:17:24.924741+00:00
0,Test Automation | USA,linkedin,Engineer Automation Testing,Tata Consultancy Services,"Pittsburgh, PA",On-site,Contract,"Ci/Cd, Integration Testing, Playwright, Selenium, Test Automation","Manual Testing, Agile, Sql, Oracle, Microservices, Devops, Rest Api, Postman",English,,,Recent,https://www.linkedin.com/jobs/view/engineer-automation-testing-at-tata-consultancy-services-4449324255,2026-09-03T14:17:24.925038+00:00
0,Test Automation | United Kingdom,linkedin,Software Automation Engineer,Eden Scott,"Glasgow, Scotland, United Kingdom",On-site,Full-time,,,English,,,Recent,https://uk.linkedin.com/jobs/view/software-automation-engineer-at-eden-scott-4459280988,2026-09-03T14:17:27.461308+00:00
0,Test Automation | United Kingdom,linkedin,Junior SDET (Software Development Engineer in Test),Cognizant,"London, England, United Kingdom",On-site,Full-time,,Junior,English,,,Recent,https://uk.linkedin.com/jobs/view/junior-sdet-software-development-engineer-in-test-at-cognizant-4404489022,2026-09-03T14:17:27.461751+00:00
0,Test Automation | United Kingdom,linkedin,Automation Test Engineer,Infinity Quest,"Telford, England, United Kingdom",On-site,Full-time,,,English,,,Recent,https://uk.linkedin.com/jobs/view/automation-test-engineer-at-infinity-quest-4458715153,2026-09-03T14:17:27.461947+00:00
0,Test Automation | United Kingdom,linkedin,Automation Tester - C#/Playwright,Cognizant,"London Area, United Kingdom",On-site,Full-time,"C, Playwright",C#,English,,,Recent,https://uk.linkedin.com/jobs/view/automation-tester-c%23-playwright-at-cognizant-4458185107,2026-09-03T14:17:27.462047+00:00
0,Test Automation | United Kingdom,linkedin,Test Automation Engineer,Motorola Solutions,"Glasgow, Scotland, United Kingdom",On-site,Full-time,Test Automation,,English,,,Recent,https://uk.linkedin.com/jobs/view/test-automation-engineer-at-motorola-solutions-4443930025,2026-09-03T14:17:27.462157+00:00
0,Test Automation | United Kingdom,linkedin,Associate SDET,BlueOptima,"Belfast, Northern Ireland, United Kingdom",On-site,Full-time,,Associate,English,,,Recent,https://uk.linkedin.com/jobs/view/associate-sdet-at-blueoptima-4455845410,2026-09-03T14:17:27.462253+00:00
0,Python Developer | Germany,linkedin,Softwareentwickler Backend / Python (all gender),ALTEN,"Erlangen, Bavaria, Germany",On-site,Full-time,Python,,English,,,Recent,https://de.linkedin.com/jobs/view/softwareentwickler-backend-python-all-gender-at-alten-4444886551,2026-09-03T14:17:30.047765+00:00
0,Python Developer | Germany,linkedin,Python Developer (m/w/d) - Django - €50k-€70k,Optimus Search,"Pforzheim, Baden-Württemberg, Germany",On-site,Full-time,Python,Django,English,,,Recent,https://de.linkedin.com/jobs/view/python-developer-m-w-d-django-%E2%82%AC50k-%E2%82%AC70k-at-optimus-search-4448084752,2026-09-03T14:17:30.047900+00:00
0,Python Developer | Germany,linkedin,Python Developer,Optimus Search,"Pforzheim, Baden-Württemberg, Germany",On-site,Full-time,Python,,English,,,Recent,https://de.linkedin.com/jobs/view/python-developer-at-optimus-search-4448015991,2026-09-03T14:17:30.048325+00:00
0,Python Developer | Germany,linkedin,PYTHON BACKEND ENTWICKLER (M/W/D)*,Comanos,"Erlangen, Bavaria, Germany",On-site,Full-time,Python,,English,,,Recent,https://de.linkedin.com/jobs/view/python-backend-entwickler-m-w-d-at-comanos-4458160508,2026-09-03T14:17:30.048710+00:00
0,Python Developer | Austria,linkedin,"Software Engineer, Python (Asset Pricing & Hedging)",Bitpanda,"Vienna, Austria",On-site,Full-time,Python,,English,,,Recent,https://at.linkedin.com/jobs/view/software-engineer-python-asset-pricing-hedging-at-bitpanda-4443374034,2026-09-03T14:17:32.492740+00:00
0,Python Developer | Austria,linkedin,Back-End-Entwickler:in,riskine,"Vienna, Austria",On-site,Full-time,,,English,,,Recent,https://at.linkedin.com/jobs/view/back-end-entwickler-in-at-riskine-4445719809,2026-09-03T14:17:32.492869+00:00
0,Python Developer | Austria,linkedin,Softwareentwickler (m/w/x) - Schwerpunkt: ERP-System (Phython),philoro EDELMETALLE,"Korneuburg, Lower Austria, Austria",On-site,Full-time,,,English,,,Recent,https://at.linkedin.com/jobs/view/softwareentwickler-m-w-x-schwerpunkt-erp-system-phython-at-philoro-edelmetalle-4448024224,2026-09-03T14:17:32.492975+00:00
0,Python Developer | Austria,linkedin,Backend Developer (Phyton/Odoo),Schrankerl,"Vienna, Vienna, Austria",On-site,Full-time,,,English,,,Recent,https://at.linkedin.com/jobs/view/backend-developer-phyton-odoo-at-schrankerl-4457232114,2026-09-03T14:17:32.493086+00:00
0,Python Developer | Austria,linkedin,Software-Engineer (m/w/d),Berger Logistik,"Wörgl, Tyrol, Austria",On-site,Full-time,,,English,,,Recent,https://at.linkedin.com/jobs/view/software-engineer-m-w-d-at-berger-logistik-4448029262,2026-09-03T14:17:32.493277+00:00
0,Python Developer | Austria,linkedin,Full Stack Developer:in (m/w/d),DIS AG,"Vienna, Vienna, Austria",On-site,Full-time,,,English,,,Recent,https://at.linkedin.com/jobs/view/full-stack-developer-in-m-w-d-at-dis-ag-4461594895,2026-09-03T14:17:32.493379+00:00
0,Python Developer | Austria,linkedin,Odoo Developer (m/w/d),Health Routine,Austria,On-site,Full-time,,,English,,,Recent,https://at.linkedin.com/jobs/view/odoo-developer-m-w-d-at-health-routine-4448741961,2026-09-03T14:17:32.493472+00:00
0,Python Developer | Austria,linkedin,Software Developer/Software Entwickler (m/w/x),philoro EDELMETALLE,"Korneuburg, Lower Austria, Austria",On-site,Full-time,,,English,,,Recent,https://at.linkedin.com/jobs/view/software-developer-software-entwickler-m-w-x-at-philoro-edelmetalle-4440112871,2026-09-03T14:17:32.493665+00:00
0,Python Developer | Switzerland,linkedin,"Backend Software Engineer, Python",Cradle,"Zurich, Zurich, Switzerland",On-site,Full-time,Python,,English,,,Recent,https://ch.linkedin.com/jobs/view/backend-software-engineer-python-at-cradle-4443771872,2026-09-03T14:17:34.956315+00:00
0,Python Developer | Switzerland,linkedin,Backend Software Engineer,mygrid AG,"Brugg, Aargau, Switzerland",On-site,Full-time,,,English,,,Recent,https://ch.linkedin.com/jobs/view/backend-software-engineer-at-mygrid-ag-4453468402,2026-09-03T14:17:34.956412+00:00
0,Python Developer | Switzerland,linkedin,Backend Developer Python,Mynameis,"Chiasso, Ticino, Switzerland",On-site,Full-time,Python,,English,,,Recent,https://ch.linkedin.com/jobs/view/backend-developer-python-at-mynameis-4461088513,2026-09-03T14:17:34.956507+00:00
0,Python Developer | Switzerland,linkedin,Python Software Engineer Digital Assets,IMC Trading,"Zug, Switzerland",On-site,Full-time,Python,,English,,,Recent,https://ch.linkedin.com/jobs/view/python-software-engineer-digital-assets-at-imc-trading-4457313437,2026-09-03T14:17:34.956794+00:00
0,Python Developer | Switzerland,linkedin,Software Engineer (Python) — Programmable Networking,Jobgether,Switzerland,On-site,Full-time,Python,,English,,,Recent,https://ch.linkedin.com/jobs/view/software-engineer-python-%E2%80%94-programmable-networking-at-jobgether-4458038419,2026-09-03T14:17:34.956892+00:00
0,Python Developer | Switzerland,linkedin,Python Software Engineer - Digital Assets,IMC Trading,"Zug, Zug, Switzerland",On-site,Full-time,Python,,English,,,Recent,https://ch.linkedin.com/jobs/view/python-software-engineer-digital-assets-at-imc-trading-4320553182,2026-09-03T14:17:34.957050+00:00
0,Python Developer | Slovakia,linkedin,Software Engineer - Python (m/f/n),ESET,"Bratislava, Bratislava, Slovakia",On-site,Full-time,Python,,English,,,Recent,https://sk.linkedin.com/jobs/view/software-engineer-python-m-f-n-at-eset-4441074077,2026-09-03T14:17:39.699737+00:00
0,Python Developer | Slovakia,linkedin,Python Software Engineer (m/f/n),ESET,"Bratislava, Bratislava, Slovakia",On-site,Full-time,Python,,English,,,Recent,https://sk.linkedin.com/jobs/view/python-software-engineer-m-f-n-at-eset-4414037159,2026-09-03T14:17:39.699868+00:00
0,Python Developer | Slovakia,linkedin,Software Developer,Frequentis,"Bratislava, Bratislava, Slovakia",On-site,Full-time,,,English,,,Recent,https://sk.linkedin.com/jobs/view/software-developer-at-frequentis-4450333957,2026-09-03T14:17:39.699974+00:00
0,Python Developer | Slovakia,linkedin,Full-Stack Developer (Python and JavaScript/Typescript) (m/f),PwC Slovakia,"Bratislava, Bratislava, Slovakia",On-site,Full-time,"Javascript, Python, Typescript",,English,,,Recent,https://sk.linkedin.com/jobs/view/full-stack-developer-python-and-javascript-typescript-m-f-at-pwc-slovakia-4446424409,2026-09-03T14:17:39.700194+00:00
0,Python Developer | Slovakia,linkedin,Software Engineer,Cisco,"Bratislava, Bratislava, Slovakia",On-site,Full-time,,,English,,,Recent,https://sk.linkedin.com/jobs/view/software-engineer-at-cisco-4454046689,2026-09-03T14:17:39.700293+00:00
0,Python Developer | Slovakia,linkedin,GenAI Engineer,Capco,"Bratislava, Bratislava, Slovakia",On-site,Full-time,,,English,,,Recent,https://sk.linkedin.com/jobs/view/genai-engineer-at-capco-4232925582,2026-09-03T14:17:39.700390+00:00
0,Python Developer | Slovakia,linkedin,GenAI Engineer,Capco,"Košice, Kosice, Slovakia",On-site,Full-time,,,English,,,Recent,https://sk.linkedin.com/jobs/view/genai-engineer-at-capco-4232921932,2026-09-03T14:17:39.700486+00:00
0,Python Developer | Czech Republic,linkedin,Python Backend Engineer - Latin America - Remote,Azumo,Dominican Republic,Remote,Full-time,Python,,English,,,Recent,https://do.linkedin.com/jobs/view/python-backend-engineer-latin-america-remote-at-azumo-4462148898,2026-09-03T14:17:42.162378+00:00
0,Python Developer | Czech Republic,linkedin,Full Stack Developer (Python),Perform,"Santo Domingo, Distrito Nacional, Dominican Republic",On-site,Full-time,Python,,English,,,Recent,https://do.linkedin.com/jobs/view/full-stack-developer-python-at-perform-4415707267,2026-09-03T14:17:42.162615+00:00
0,Python Developer | Czech Republic,linkedin,Fullstack Python + React Engineer - Remote Work,BairesDev,"Santo Domingo, Distrito Nacional, Dominican Republic",Remote,Full-time,Python,React,English,,,Recent,https://do.linkedin.com/jobs/view/fullstack-python-%2B-react-engineer-remote-work-at-bairesdev-4460628667,2026-09-03T14:17:42.162819+00:00
0,Python Developer | Czech Republic,linkedin,AI/ML Engineer,Perform,"Santo Domingo, Distrito Nacional, Dominican Republic",On-site,Full-time,,,English,,,Recent,https://do.linkedin.com/jobs/view/ai-ml-engineer-at-perform-4415691552,2026-09-03T14:17:42.163027+00:00
0,Python Developer | Czech Republic,linkedin,Desarrollador de Software Junior,DEVOCHO,"Santiago de los Caballeros, Santiago, Dominican Republic",On-site,Full-time,,Junior,English,,,Recent,https://do.linkedin.com/jobs/view/desarrollador-de-software-junior-at-devocho-4459034761,2026-09-03T14:17:42.163135+00:00
0,Python Developer | Czech Republic,linkedin,Data Engineer (Python + AWS + DBT) - Remote - Latin America,FullStack,"Santo Domingo Oeste, Santo Domingo, Dominican Republic",Remote,Full-time,Python,Aws,English,,,Recent,https://do.linkedin.com/jobs/view/data-engineer-python-%2B-aws-%2B-dbt-remote-latin-america-at-fullstack-4459389744,2026-09-03T14:17:42.163231+00:00
0,Python Developer | Czech Republic,linkedin,Data Engineer (Python + AWS + DBT) - Remote - Latin America,FullStack,"Santo Domingo Este, Santo Domingo, Dominican Republic",Remote,Full-time,Python,Aws,English,,,Recent,https://do.linkedin.com/jobs/view/data-engineer-python-%2B-aws-%2B-dbt-remote-latin-america-at-fullstack-4459397697,2026-09-03T14:17:42.163328+00:00
0,Python Developer | Poland,linkedin,Python Developer,ALGOTEQUE Innovation Hub,"Warsaw, Mazowieckie, Poland",On-site,Full-time,Python,,English,,,Recent,https://pl.linkedin.com/jobs/view/python-developer-at-algoteque-innovation-hub-4460808483,2026-09-03T14:17:44.648536+00:00
0,Python Developer | Poland,linkedin,Python/Django Developer,VivaDrive,"Warsaw, Mazowieckie, Poland",On-site,Full-time,Python,Django,English,,,Recent,https://pl.linkedin.com/jobs/view/python-django-developer-at-vivadrive-4461085717,2026-09-03T14:17:44.648884+00:00
0,Python Developer | Poland,linkedin,Python Developer,vee,"Gdańsk, Pomorskie, Poland",On-site,Full-time,Python,,English,,,Recent,https://pl.linkedin.com/jobs/view/python-developer-at-vee-4455851934,2026-09-03T14:17:44.648986+00:00
0,Python Developer | Poland,linkedin,Python Developer,EY,"Katowice, Śląskie, Poland",On-site,Full-time,Python,,English,,,Recent,https://pl.linkedin.com/jobs/view/python-developer-at-ey-4452389453,2026-09-03T14:17:44.649203+00:00
0,Python Developer | Poland,linkedin,Python Developer,Response Informatics,"Cracow, Małopolskie, Poland",On-site,Full-time,Python,,English,,,Recent,https://pl.linkedin.com/jobs/view/python-developer-at-response-informatics-4462758975,2026-09-03T14:17:44.649303+00:00
0,Python Developer | Poland,linkedin,Python Developer (f/m/x),Sii Poland,"Warsaw, Mazowieckie, Poland",On-site,Full-time,Python,,English,,,Recent,https://pl.linkedin.com/jobs/view/python-developer-f-m-x-at-sii-poland-4458065399,2026-09-03T14:17:44.649502+00:00
0,Python Developer | USA,linkedin,Software Developer,CACI International Inc,"Fort Liberty, NC",On-site,Internship,,,English,,,Recent,https://www.linkedin.com/jobs/view/software-developer-at-caci-international-inc-4458097855,2026-09-03T14:17:47.144773+00:00
0,Python Developer | USA,linkedin,Python Django Developer,Tata Consultancy Services,"Morrisville, NC",On-site,Full-time,Python,Django,English,,,Recent,https://www.linkedin.com/jobs/view/python-django-developer-at-tata-consultancy-services-4451909310,2026-09-03T14:17:47.144908+00:00
0,Python Developer | USA,linkedin,Python Developer,LTM,"Irving, TX",On-site,Full-time,Python,,English,,,Recent,https://www.linkedin.com/jobs/view/python-developer-at-ltm-4438331320,2026-09-03T14:17:47.145012+00:00
0,Python Developer | USA,linkedin,Python Django Developer,Tata Consultancy Services,"San Jose, CA",On-site,Full-time,Python,Django,English,,,Recent,https://www.linkedin.com/jobs/view/python-django-developer-at-tata-consultancy-services-4457648341,2026-09-03T14:17:47.145128+00:00
0,Python Developer | USA,linkedin,Python Developer III,Bank of America,"Jersey City, NJ",On-site,Full-time,Python,,English,,,Recent,https://www.linkedin.com/jobs/view/python-developer-iii-at-bank-of-america-4454812137,2026-09-03T14:17:47.145228+00:00
0,Python Developer | USA,linkedin,Python Developer III,Bank of America,"Houston, TX",On-site,Full-time,Python,,English,,,Recent,https://www.linkedin.com/jobs/view/python-developer-iii-at-bank-of-america-4454559022,2026-09-03T14:17:47.145329+00:00
0,Python Developer | USA,linkedin,Python Developer,Virtusa,"Irving, TX",On-site,Full-time,Python,,English,,,Recent,https://www.linkedin.com/jobs/view/python-developer-at-virtusa-4453161118,2026-09-03T14:17:47.145424+00:00
0,Python Developer | USA,linkedin,Python Software Engineer Level 3 or 4 (AHT),Northrop Grumman,"Aurora, CO",On-site,Full-time,Python,,English,,,Recent,https://www.linkedin.com/jobs/view/python-software-engineer-level-3-or-4-aht-at-northrop-grumman-4454323309,2026-09-03T14:17:47.145621+00:00
0,Python Developer | United Kingdom,linkedin,Python Software Developer - Backend,Xelix,"London, England, United Kingdom",On-site,Full-time,Python,,English,,,Recent,https://uk.linkedin.com/jobs/view/python-software-developer-backend-at-xelix-4459354657,2026-09-03T14:17:49.603611+00:00
0,Python Developer | United Kingdom,linkedin,Python Developer Django SQL - FinTech,Client Server,"London, England, United Kingdom",On-site,Full-time,Python,"Sql, Django",English,,,Recent,https://uk.linkedin.com/jobs/view/python-developer-django-sql-fintech-at-client-server-4462185113,2026-09-03T14:17:49.603721+00:00
0,Python Developer | United Kingdom,linkedin,Software Engineer Python Django SQL - FinTech,Client Server,"London, England, United Kingdom",On-site,Full-time,Python,"Sql, Django",English,,,Recent,https://uk.linkedin.com/jobs/view/software-engineer-python-django-sql-fintech-at-client-server-4462161370,2026-09-03T14:17:49.603824+00:00
0,Python Developer | United Kingdom,linkedin,Python Developer,VirtueTech Recruitment Group,"London Area, United Kingdom",On-site,Full-time,Python,,English,,,Recent,https://uk.linkedin.com/jobs/view/python-developer-at-virtuetech-recruitment-group-4459529592,2026-09-03T14:17:49.604230+00:00
0,Python Developer | United Kingdom,linkedin,Sr Python Developer – Trading / Risk Platforms,Crisil,"London Area, United Kingdom",On-site,Full-time,Python,,English,,,Recent,https://uk.linkedin.com/jobs/view/sr-python-developer-%E2%80%93-trading-risk-platforms-at-crisil-4458724672,2026-09-03T14:17:49.604428+00:00
0,Python Test | Germany,linkedin,Sr. Python Test Automation Engineer (f/m/d) at an established IT-Security Company,Zertificon Solutions GmbH,"Neukölln, Berlin, Germany",On-site,Full-time,"Python, Test Automation",,English,,,Recent,https://de.linkedin.com/jobs/view/sr-python-test-automation-engineer-f-m-d-at-an-established-it-security-company-at-zertificon-solutions-gmbh-4460949948,2026-09-03T14:17:52.077751+00:00
0,Python Test | Germany,linkedin,Embedded Python Tester | Embedded Systems | CI | Python (all gender),ALTEN,"Munich, Bavaria, Germany",On-site,Full-time,"Embedded Systems, Python",,English,,,Recent,https://de.linkedin.com/jobs/view/embedded-python-tester-embedded-systems-ci-python-all-gender-at-alten-4455020927,2026-09-03T14:17:52.077889+00:00
0,Python Test | Germany,linkedin,Component Test Engineer – C++ / Python/Pybind,L&T Technology Services,"Böblingen, Baden-Württemberg, Germany",On-site,Full-time,"C, C++, Python",,English,,,Recent,https://de.linkedin.com/jobs/view/component-test-engineer-%E2%80%93-c%2B%2B-python-pybind-at-l-t-technology-services-4454989452,2026-09-03T14:17:52.077996+00:00
0,Python Test | Germany,linkedin,Software Test Engineer C++/Python (m/w/d),SPECTRUM AG,"Kiel, Schleswig-Holstein, Germany",On-site,Full-time,"C, C++, Python",,English,,,Recent,https://de.linkedin.com/jobs/view/software-test-engineer-c%2B%2B-python-m-w-d-at-spectrum-ag-4454603053,2026-09-03T14:17:52.078119+00:00
0,Python Test | Germany,linkedin,Test Automation Engineer (m/w/d) – Python & Squish,ACONEXT,"Stuttgart, Baden-Württemberg, Germany",On-site,Full-time,"Python, Test Automation",,English,,,Recent,https://de.linkedin.com/jobs/view/test-automation-engineer-m-w-d-%E2%80%93-python-squish-at-aconext-4460494276,2026-09-03T14:17:52.078219+00:00
0,Python Test | Germany,linkedin,Testingenieur Software (all gender),ALTEN,"Backnang, Baden-Württemberg, Germany",On-site,Full-time,,,English,,,Recent,https://de.linkedin.com/jobs/view/testingenieur-software-all-gender-at-alten-4457799142,2026-09-03T14:17:52.078323+00:00
0,Python Test | Germany,linkedin,Test Automation Engineer (m/w/d),APRIORI - business solutions AG,"Memmingen, Bavaria, Germany",On-site,Full-time,Test Automation,,English,,,Recent,https://de.linkedin.com/jobs/view/test-automation-engineer-m-w-d-at-apriori-business-solutions-ag-4450139524,2026-09-03T14:17:52.078423+00:00
0,Python Test | Germany,linkedin,"Test Engineer Communication Systems (Python, Pytest, Linux Networks)",T&S (Technology & Strategy),"Berlin, Germany",On-site,Full-time,"Pytest, Python",Linux,English,,,Recent,https://de.linkedin.com/jobs/view/test-engineer-communication-systems-python-pytest-linux-networks-at-t-s-technology-strategy-4451520307,2026-09-03T14:17:52.078521+00:00
0,Python Test | Germany,linkedin,Software Test Automation Engineer (d/f/m),Leica Microsystems,"Mannheim, Baden-Württemberg, Germany",On-site,Full-time,Test Automation,,English,,,Recent,https://de.linkedin.com/jobs/view/software-test-automation-engineer-d-f-m-at-leica-microsystems-4428288334,2026-09-03T14:17:52.078620+00:00
0,Python Test | Germany,linkedin,Software Test Engineer (m/w/x),K-tronik GmbH,"Nuremberg, Bavaria, Germany",On-site,Full-time,"Ci/Cd, Jenkins, Pytest, Python, Test Automation","R, Git, Linux",German,,,Recent,https://de.linkedin.com/jobs/view/software-test-engineer-m-w-x-at-k-tronik-gmbh-4448424039,2026-09-03T14:17:52.078717+00:00
0,Python Test | Austria,linkedin,QA Engineer (all genders) - Bug Hunter,Viewpointsystem,"Vienna, Vienna, Austria",On-site,Full-time,,,English,,,Recent,https://at.linkedin.com/jobs/view/qa-engineer-all-genders-bug-hunter-at-viewpointsystem-4458831961,2026-09-03T14:17:54.528405+00:00
0,Python Test | Austria,linkedin,Software Testing Engineer (m/w/d) Embedded Systeme,BORA,"Tyrol, Austria",On-site,Full-time,,,English,,,Recent,https://at.linkedin.com/jobs/view/software-testing-engineer-m-w-d-embedded-systeme-at-bora-4449732726,2026-09-03T14:17:54.528512+00:00
0,Python Test | Austria,linkedin,Test Automation Engineer (all genders) [Wien],adesso Austria GmbH,"Vienna, Austria",On-site,Full-time,Test Automation,,English,,,Recent,https://at.linkedin.com/jobs/view/test-automation-engineer-all-genders-wien-at-adesso-austria-gmbh-4370503347,2026-09-03T14:17:54.528921+00:00
0,Python Test | Austria,linkedin,AI Quality Automation Engineer (m/f/d),MED-EL,"Innsbruck, Tyrol, Austria",On-site,Full-time,,,English,,,Recent,https://at.linkedin.com/jobs/view/ai-quality-automation-engineer-m-f-d-at-med-el-4460189745,2026-09-03T14:17:54.529234+00:00
0,Python Test | Switzerland,linkedin,Test Automation Specialist,Infinity Quest,"Zurich, Switzerland",On-site,Full-time,Test Automation,,English,,,Recent,https://ch.linkedin.com/jobs/view/test-automation-specialist-at-infinity-quest-4462838121,2026-09-03T14:17:57.040479+00:00
0,Python Test | Switzerland,linkedin,Test Automation Specialist - Data Testing,Infinity Quest,Zürich Metropolitan Area,On-site,Full-time,Test Automation,,English,,,Recent,https://ch.linkedin.com/jobs/view/test-automation-specialist-data-testing-at-infinity-quest-4462425329,2026-09-03T14:17:57.040582+00:00
0,Python Test | Switzerland,linkedin,Software Test & Validation Engineer,Harmattan AI,"Lausanne, Vaud, Switzerland",On-site,Full-time,,,English,,,Recent,https://ch.linkedin.com/jobs/view/software-test-validation-engineer-at-harmattan-ai-4398385941,2026-09-03T14:17:57.040684+00:00
0,Python Test | Slovakia,linkedin,AI SWE / Code Quality Validation Engineer für T Cloud Public (m/w/d),Deutsche Telekom,"Košice, Kosice, Slovakia",On-site,Full-time,,R,English,,,Recent,https://sk.linkedin.com/jobs/view/ai-swe-code-quality-validation-engineer-f%C3%BCr-t-cloud-public-m-w-d-at-deutsche-telekom-4452433357,2026-09-03T14:18:01.776305+00:00
0,Python Test | Czech Republic,linkedin,Data Quality Assurance Engineer (Temporary),Applaudo,Dominican Republic,On-site,Full-time,,,English,,,Recent,https://do.linkedin.com/jobs/view/data-quality-assurance-engineer-temporary-at-applaudo-4460146082,2026-09-03T14:18:04.220335+00:00
0,Python Test | Poland,linkedin,Python Automation Tester (f/m/x),Sii Poland,"Łódź, Łódzkie, Poland",On-site,Full-time,Python,,English,,,Recent,https://pl.linkedin.com/jobs/view/python-automation-tester-f-m-x-at-sii-poland-4450144805,2026-09-03T14:18:06.791972+00:00
0,Python Test | Poland,linkedin,Python Automation Tester (f/m/x),Sii Poland,"Warsaw, Mazowieckie, Poland",On-site,Full-time,Python,,English,,,Recent,https://pl.linkedin.com/jobs/view/python-automation-tester-f-m-x-at-sii-poland-4450139764,2026-09-03T14:18:06.792124+00:00
0,Python Test | Poland,linkedin,Automation Test Engineer,Hitachi Energy,Cracow Metropolitan Area,On-site,Full-time,,,English,,,Recent,https://pl.linkedin.com/jobs/view/automation-test-engineer-at-hitachi-energy-4427904256,2026-09-03T14:18:06.792766+00:00
0,Python Test | Poland,linkedin,Python Software Engineer - Test Automation Framework (Embedded),Sonova Group,"Warsaw, Mazowieckie, Poland",On-site,Full-time,"Python, Test Automation",,English,,,Recent,https://pl.linkedin.com/jobs/view/python-software-engineer-test-automation-framework-embedded-at-sonova-group-4436777037,2026-09-03T14:18:06.792866+00:00
0,Python Test | USA,linkedin,Python Software Developer in Test - Assistant Vice President,iCapital,"Salt Lake City, UT",On-site,Full-time,Python,,English,,,Recent,https://www.linkedin.com/jobs/view/python-software-developer-in-test-assistant-vice-president-at-icapital-4387280012,2026-09-03T14:18:09.371529+00:00
0,Python Test | United Kingdom,linkedin,Test Engineer,UBDS Digital,"London, England, United Kingdom",On-site,Full-time,,,English,,,Recent,https://uk.linkedin.com/jobs/view/test-engineer-at-ubds-digital-4403806849,2026-09-03T14:18:11.823949+00:00
0,Python Test | United Kingdom,linkedin,Test Engineer,TrueNorth®,"Manchester Area, United Kingdom",On-site,Full-time,,,English,,,Recent,https://uk.linkedin.com/jobs/view/test-engineer-at-truenorth%C2%AE-4462805361,2026-09-03T14:18:11.824047+00:00
0,Python Test | United Kingdom,linkedin,Test Engineer,iO Associates,"London, England, United Kingdom",On-site,Full-time,,,English,,,Recent,https://uk.linkedin.com/jobs/view/test-engineer-at-io-associates-4462771859,2026-09-03T14:18:11.824163+00:00
0,Python Test | United Kingdom,linkedin,Software Engineer III - Python/Test Automation,JPMorganChase,"Glasgow, Scotland, United Kingdom",On-site,Full-time,"Python, Test Automation",,English,,,Recent,https://uk.linkedin.com/jobs/view/software-engineer-iii-python-test-automation-at-jpmorganchase-4449694896,2026-09-03T14:18:11.824262+00:00
0,Python Test | United Kingdom,linkedin,Test Automaton Engineer,Leidos,"Farnborough, England, United Kingdom",On-site,Full-time,,,English,,,Recent,https://uk.linkedin.com/jobs/view/test-automaton-engineer-at-leidos-4454015234,2026-09-03T14:18:11.824456+00:00
0,Python Test | United Kingdom,linkedin,Software Test Engineer,CHEP,"London Area, United Kingdom",On-site,Full-time,,,English,,,Recent,https://uk.linkedin.com/jobs/view/software-test-engineer-at-chep-4452262369,2026-09-03T14:18:11.824553+00:00
0,Firmware Engineer | Germany,linkedin,Softwareentwickler Embedded Systems (m/w/d),FERCHAU,"Erfurt, Thuringia, Germany",On-site,Full-time,Embedded Systems,,English,,,Recent,https://de.linkedin.com/jobs/view/softwareentwickler-embedded-systems-m-w-d-at-ferchau-4438583329,2026-09-03T14:18:14.290344+00:00
0,Firmware Engineer | Germany,linkedin,Firmware Engineer (f/m/d) for Embedded / Automotive / ASIP RISC‑-V,Renesas Electronics,"Germering, Bavaria, Germany",On-site,Full-time,Firmware,,English,,,Recent,https://de.linkedin.com/jobs/view/firmware-engineer-f-m-d-for-embedded-automotive-asip-risc%E2%80%91-v-at-renesas-electronics-4436354185,2026-09-03T14:18:14.290455+00:00
0,Firmware Engineer | Germany,linkedin,"Embedded Firmware Engineer (m/f/x) Credentials, Interfaces and Cybersecurity",ELATEC Group | Allegion,"Puchheim, Bavaria, Germany",On-site,Full-time,Firmware,,English,,,Recent,https://de.linkedin.com/jobs/view/embedded-firmware-engineer-m-f-x-credentials-interfaces-and-cybersecurity-at-elatec-group-allegion-4462138020,2026-09-03T14:18:14.290975+00:00
0,Firmware Engineer | Germany,linkedin,Embedded Software Developer (m/w/d),MotionMiners GmbH,"Dortmund, North Rhine-Westphalia, Germany",On-site,Full-time,,,English,,,Recent,https://de.linkedin.com/jobs/view/embedded-software-developer-m-w-d-at-motionminers-gmbh-4452270168,2026-09-03T14:18:14.291080+00:00
0,Firmware Engineer | Germany,linkedin,EMBEDDED RUST SOFTWARE ENTWICKLER (M/W/D),WOLF GmbH,"Mainburg, Bavaria, Germany",On-site,Full-time,Rust,,English,,,Recent,https://de.linkedin.com/jobs/view/embedded-rust-software-entwickler-m-w-d-at-wolf-gmbh-4455256081,2026-09-03T14:18:14.291177+00:00
0,Firmware Engineer | Austria,linkedin,Embedded Firmware Developer (C) - Smart Pocket / Mobile Robotics (M/W/D)*,TGW Logistics,"Wels, Upper Austria, Austria",Remote,Full-time,"C, Firmware",,English,,,Recent,https://at.linkedin.com/jobs/view/embedded-firmware-developer-c-smart-pocket-mobile-robotics-m-w-d-at-tgw-logistics-4416829497,2026-09-03T14:18:16.704240+00:00
0,Firmware Engineer | Austria,linkedin,Embedded Firmware Developer (C) - Smart Pocket / Mobile Robotics (M/F/D)*,TGW Logistics,"Wels, Upper Austria, Austria",Remote,Full-time,"C, Firmware",,English,,,Recent,https://at.linkedin.com/jobs/view/embedded-firmware-developer-c-smart-pocket-mobile-robotics-m-f-d-at-tgw-logistics-4416891469,2026-09-03T14:18:16.704367+00:00
0,Firmware Engineer | Austria,linkedin,Entwickler Embedded Systems (HW/SW) (m/w/d),Liebherr Aerospace and Transportation,"Korneuburg, Lower Austria, Austria",On-site,Full-time,Embedded Systems,,English,,,Recent,https://at.linkedin.com/jobs/view/entwickler-embedded-systems-hw-sw-m-w-d-at-liebherr-aerospace-and-transportation-4454705793,2026-09-03T14:18:16.704474+00:00
0,Firmware Engineer | Austria,linkedin,Embedded Linux Software Entwickler (m/w/d),Liebherr Group,"Nenzing, Vorarlberg, Austria",On-site,Full-time,Embedded Linux,Linux,English,,,Recent,https://at.linkedin.com/jobs/view/embedded-linux-software-entwickler-m-w-d-at-liebherr-group-4437018975,2026-09-03T14:18:16.704992+00:00
0,Firmware Engineer | Austria,linkedin,Embedded Software-Developer Linux (m/d/w),ABATEC,"Regau, Upper Austria, Austria",On-site,Full-time,,Linux,English,,,Recent,https://at.linkedin.com/jobs/view/embedded-software-developer-linux-m-d-w-at-abatec-4458065838,2026-09-03T14:18:16.705102+00:00
0,Firmware Engineer | Austria,linkedin,Software Engineer (m/w/d) Embedded Linux,BORA,"Tyrol, Austria",On-site,Full-time,Embedded Linux,Linux,English,,,Recent,https://at.linkedin.com/jobs/view/software-engineer-m-w-d-embedded-linux-at-bora-4449745522,2026-09-03T14:18:16.705202+00:00
0,Firmware Engineer | Switzerland,linkedin,Embedded Firmware Engineer (m/w/d),Rocken®,"Emmen, Lucerne, Switzerland",On-site,Full-time,Firmware,,English,,,Recent,https://ch.linkedin.com/jobs/view/embedded-firmware-engineer-m-w-d-at-rocken%C2%AE-4461663028,2026-09-03T14:18:19.181939+00:00
0,Firmware Engineer | Switzerland,linkedin,Embedded SW Developer,Hyperscale Power,"Zurich, Zurich, Switzerland",On-site,Full-time,,,English,,,Recent,https://ch.linkedin.com/jobs/view/embedded-sw-developer-at-hyperscale-power-4452238577,2026-09-03T14:18:19.182048+00:00
0,Firmware Engineer | Switzerland,linkedin,Embedded Rust Engineer,ELAN Personal AG,"Risch-Rotkreuz, Zug, Switzerland",On-site,Full-time,Rust,,English,,,Recent,https://ch.linkedin.com/jobs/view/embedded-rust-engineer-at-elan-personal-ag-4459512554,2026-09-03T14:18:19.182181+00:00
0,Firmware Engineer | Switzerland,linkedin,Embedded Software Engineer (m/w/d) 80-100%,Novasina AG,"Lachen, Schwyz, Switzerland",Remote,Full-time,,,English,,,Recent,https://ch.linkedin.com/jobs/view/embedded-software-engineer-m-w-d-80-100%25-at-novasina-ag-4451220461,2026-09-03T14:18:19.182278+00:00
0,Firmware Engineer | Switzerland,linkedin,Embedded Software Engineer – C/C++,yellowshark® AG,"Lachen, Schwyz, Switzerland",On-site,Full-time,"C, C++",,English,,,Recent,https://ch.linkedin.com/jobs/view/embedded-software-engineer-%E2%80%93-c-c%2B%2B-at-yellowshark%C2%AE-ag-4451218442,2026-09-03T14:18:19.182376+00:00
0,Firmware Engineer | Switzerland,linkedin,Embedded Rust Engineer,Swisslinx,"Rotkreuz, Zug, Switzerland",On-site,Full-time,Rust,,English,,,Recent,https://ch.linkedin.com/jobs/view/embedded-rust-engineer-at-swisslinx-4460605653,2026-09-03T14:18:19.182480+00:00
0,Firmware Engineer | Switzerland,linkedin,Embedded Software Engineer - SoM,Harmattan AI,"Zurich, Zurich, Switzerland",On-site,Full-time,,,English,,,Recent,https://ch.linkedin.com/jobs/view/embedded-software-engineer-som-at-harmattan-ai-4462835791,2026-09-03T14:18:19.182676+00:00
0,Firmware Engineer | Slovakia,linkedin,Softvérový inžinier (ž/m),"Faculty of Electrical Engineering and Information Technology, University of Zilina","Žilina, Zilina, Slovakia",On-site,Full-time,,,English,,,Recent,https://sk.linkedin.com/jobs/view/softv%C3%A9rov%C3%BD-in%C5%BEinier-%C5%BE-m-at-faculty-of-electrical-engineering-and-information-technology-university-of-zilina-4448563689,2026-09-03T14:18:23.937608+00:00
0,Firmware Engineer | Slovakia,linkedin,Production Sofware Engineer for for MinebeaMitsumi development centre Košice (m/f/d),MinebeaMitsumi Europe,"Košice, Kosice, Slovakia",On-site,Full-time,,,English,,,Recent,https://sk.linkedin.com/jobs/view/production-sofware-engineer-for-for-minebeamitsumi-development-centre-ko%C5%A1ice-m-f-d-at-minebeamitsumi-europe-4456456117,2026-09-03T14:18:23.937714+00:00
0,Firmware Engineer | Slovakia,linkedin,Náplň práce:,Rossum Integration s.r.o.,"Trenčín, Trenciansky, Slovakia",On-site,Full-time,,R,English,,,Recent,https://sk.linkedin.com/jobs/view/n%C3%A1pl%C5%88-pr%C3%A1ce-at-rossum-integration-s-r-o-4450591132,2026-09-03T14:18:23.937820+00:00
0,Firmware Engineer | Slovakia,linkedin,C++ Software Engineer,DevelGuru,Slovakia,On-site,Full-time,"C, C++",,English,,,Recent,https://sk.linkedin.com/jobs/view/c%2B%2B-software-engineer-at-develguru-4461628588,2026-09-03T14:18:23.937925+00:00
0,Firmware Engineer | Slovakia,linkedin,Robotics and Digital Engineer (VCK),Volvo Cars,"Košice, Kosice, Slovakia",On-site,Full-time,,,English,,,Recent,https://sk.linkedin.com/jobs/view/robotics-and-digital-engineer-vck-at-volvo-cars-4455265038,2026-09-03T14:18:23.938025+00:00
0,Firmware Engineer | Czech Republic,linkedin,IOT Engineer,ACI INFOTECH,"Santiago, Santiago, Dominican Republic",On-site,Full-time,,,English,,,Recent,https://do.linkedin.com/jobs/view/iot-engineer-at-aci-infotech-4458359552,2026-09-03T14:18:26.247422+00:00
0,Firmware Engineer | Czech Republic,linkedin,Trainee in Application Lab,STMicroelectronics,"Batey 8, Independencia Province, Dominican Republic",On-site,Full-time,,Trainee,English,,,Recent,https://do.linkedin.com/jobs/view/trainee-in-application-lab-at-stmicroelectronics-4377848452,2026-09-03T14:18:26.247528+00:00
0,Firmware Engineer | Czech Republic,linkedin,Product Security & Compliance Engineer,Nabu Casa,Dominican Republic,On-site,Full-time,,,English,,,Recent,https://do.linkedin.com/jobs/view/product-security-compliance-engineer-at-nabu-casa-4461099578,2026-09-03T14:18:26.247629+00:00
0,Firmware Engineer | Poland,linkedin,Firmware Engineer/ C/C++ Developer (Embedded),Alarm.com,"Warsaw, Mazowieckie, Poland",On-site,Full-time,"C, C++, Firmware",,English,,,Recent,https://pl.linkedin.com/jobs/view/firmware-engineer-c-c%2B%2B-developer-embedded-at-alarm-com-4454666901,2026-09-03T14:18:28.763362+00:00
0,Firmware Engineer | Poland,linkedin,Embedded C++ Low Level Software Engineer,Accenture Poland,"Wrocław, Dolnośląskie, Poland",On-site,Full-time,"C, C++",,English,,,Recent,https://pl.linkedin.com/jobs/view/embedded-c%2B%2B-low-level-software-engineer-at-accenture-poland-4382435408,2026-09-03T14:18:28.763687+00:00
0,Firmware Engineer | Poland,linkedin,Firmware Linux Engineer (m/f/d),ZF Group,"Warsaw, Mazowieckie, Poland",On-site,Full-time,Firmware,Linux,English,,,Recent,https://pl.linkedin.com/jobs/view/firmware-linux-engineer-m-f-d-at-zf-group-4448785696,2026-09-03T14:18:28.763990+00:00
0,Firmware Engineer | Poland,linkedin,Embedded C Software Engineer,Ericsson,"Cracow, Małopolskie, Poland",On-site,Full-time,C,,English,,,Recent,https://pl.linkedin.com/jobs/view/embedded-c-software-engineer-at-ericsson-4448987564,2026-09-03T14:18:28.764194+00:00
0,Firmware Engineer | USA,linkedin,Sr Firmware Engineer,Resideo,"Golden Valley, MN",On-site,Full-time,Firmware,,English,,,Recent,https://www.linkedin.com/jobs/view/sr-firmware-engineer-at-resideo-4455945574,2026-09-03T14:18:31.230014+00:00
0,Firmware Engineer | USA,linkedin,"Embedded Firmware Engineer, Connected Warfare",Anduril Industries,"Costa Mesa, CA",On-site,Full-time,Firmware,,English,,,Recent,https://www.linkedin.com/jobs/view/embedded-firmware-engineer-connected-warfare-at-anduril-industries-4460523169,2026-09-03T14:18:31.230131+00:00
0,Firmware Engineer | USA,linkedin,Sr. Firmware Engineer,Vertiv,"Lincoln, NE",On-site,Full-time,Firmware,,English,,,Recent,https://www.linkedin.com/jobs/view/sr-firmware-engineer-at-vertiv-4370110601,2026-09-03T14:18:31.230335+00:00
0,Firmware Engineer | United Kingdom,linkedin,Embedded Software Engineer,Chevalier Tech Limited,"London Area, United Kingdom",On-site,Full-time,"Arm, C, C++, Can, Cortex-M, Embedded Systems, Firmware, I2C, Python, Rtos, Spi, Test Automation, Uart","Iso 26262, Freertos, Git, Zephyr",English,,,Recent,https://uk.linkedin.com/jobs/view/embedded-software-engineer-at-chevalier-tech-limited-4460969571,2026-09-03T14:18:33.735647+00:00
0,Firmware Engineer | United Kingdom,linkedin,Embedded Firmware Engineer,HID,"Tongwynlais, Wales, United Kingdom",Remote,Internship,"C, Can, Embedded Systems, Firmware, Go, I2C, Jenkins, Python, Rtos, Spi, Uart, Unit Testing","Agile, C#, R, Nunit",English,,,Recent,https://uk.linkedin.com/jobs/view/embedded-firmware-engineer-at-hid-4405533333,2026-09-03T14:18:33.735743+00:00
0,Firmware Engineer | United Kingdom,linkedin,Embedded Software Engineer (Firmware),Nusku,"City Of Bristol, England, United Kingdom",Remote,Full-time,"C, Can, Embedded Systems, Firmware, Microcontroller, Rtos, System Testing, Test Automation","Stm32, Esp32, Safe",English,,,Recent,https://uk.linkedin.com/jobs/view/embedded-software-engineer-firmware-at-nusku-4455705326,2026-09-03T14:18:33.735835+00:00
